group,prop_budget,method,seed,width,coverage
all,0.0100,cross-ppi,666,0.0907634955249774,1.0
all,0.0100,cross-ppi,667,0.0855734449553793,1.0
all,0.0100,cross-ppi,668,0.08326628545575443,1.0
all,0.0100,cross-ppi,669,0.10068080895037054,1.0
all,0.0100,cross-ppi,670,0.10227396980560854,1.0
all,0.0100,cross-ppi,671,0.08966084430303176,1.0
all,0.0100,cross-ppi,672,0.09807619012661839,1.0
all,0.0100,cross-ppi,673,0.0940382033857792,1.0
all,0.0100,cross-ppi,674,0.09028592577506878,1.0
all,0.0100,cross-ppi,675,0.07616653898071915,1.0
all,0.0100,cross-ppi,676,0.10466261471928115,1.0
all,0.0100,cross-ppi,677,0.08953725219140085,1.0
all,0.0100,cross-ppi,678,0.07919905778269576,1.0
all,0.0100,cross-ppi,679,0.09173270617144327,1.0
all,0.0100,cross-ppi,680,0.0763594052548553,1.0
all,0.0100,cross-ppi,681,0.10052801653599694,1.0
all,0.0100,cross-ppi,682,0.09301278475540473,1.0
all,0.0100,cross-ppi,683,0.09256856810626046,1.0
all,0.0100,cross-ppi,684,0.08533392122307967,1.0
all,0.0100,cross-ppi,685,0.10001993255722852,1.0
all,0.0100,cross-ppi,686,0.10124455290889334,1.0
all,0.0100,cross-ppi,687,0.08726973561081464,1.0
all,0.0100,cross-ppi,688,0.06810714754972902,1.0
all,0.0100,cross-ppi,689,0.0861986420502654,1.0
all,0.0100,cross-ppi,690,0.0779178929807891,1.0
all,0.0100,cross-ppi,691,0.08851701692152458,1.0
all,0.0100,cross-ppi,692,0.08220519109892441,1.0
all,0.0100,cross-ppi,693,0.0745523984581705,1.0
all,0.0100,cross-ppi,694,0.09816826630990405,1.0
all,0.0100,cross-ppi,695,0.09324234299358736,1.0
all,0.0100,cross-ppi,696,0.07459765155296055,0.0
all,0.0100,cross-ppi,697,0.07760439754510684,1.0
all,0.0100,cross-ppi,698,0.09380265588053313,1.0
all,0.0100,cross-ppi,699,0.09279876036398463,1.0
all,0.0100,cross-ppi,700,0.09134231521165426,1.0
all,0.0100,cross-ppi,701,0.07724673131998516,1.0
all,0.0100,cross-ppi,702,0.0851573024729797,1.0
all,0.0100,cross-ppi,703,0.09428014549014271,1.0
all,0.0100,cross-ppi,704,0.08429863953815978,1.0
all,0.0100,cross-ppi,705,0.08886098439646647,1.0
all,0.0100,cross-ppi,706,0.08428950919554357,1.0
all,0.0100,cross-ppi,707,0.09848722304296476,1.0
all,0.0100,cross-ppi,708,0.08009770890409684,1.0
all,0.0100,cross-ppi,709,0.08953075419409373,1.0
all,0.0100,cross-ppi,710,0.09207267131963379,1.0
all,0.0100,cross-ppi,711,0.07978963707374939,1.0
all,0.0100,cross-ppi,712,0.08806343909921108,1.0
all,0.0100,cross-ppi,713,0.09168212725363145,1.0
all,0.0100,cross-ppi,714,0.08969487872975171,1.0
all,0.0100,cross-ppi,715,0.09763607370310404,1.0
all,0.0100,cross-ppi,716,0.08522956451278962,1.0
all,0.0100,cross-ppi,717,0.078882541160016,1.0
all,0.0100,cross-ppi,718,0.0838856649307913,1.0
all,0.0100,cross-ppi,719,0.10446644454534351,1.0
all,0.0100,cross-ppi,720,0.09932994570270615,1.0
all,0.0100,cross-ppi,721,0.07884410227740135,1.0
all,0.0100,cross-ppi,722,0.09277896184616519,1.0
all,0.0100,cross-ppi,723,0.08396630421931747,1.0
all,0.0100,cross-ppi,724,0.09636773241134541,1.0
all,0.0100,cross-ppi,725,0.08223613956002751,1.0
all,0.0100,cross-ppi,726,0.09972589401528598,1.0
all,0.0100,cross-ppi,727,0.08516572118096832,1.0
all,0.0100,cross-ppi,728,0.07646960207722242,1.0
all,0.0100,cross-ppi,729,0.08198767124214035,1.0
all,0.0100,cross-ppi,730,0.08271981553279562,1.0
all,0.0100,cross-ppi,731,0.08897026552253273,1.0
all,0.0100,cross-ppi,732,0.0915716301670837,1.0
all,0.0100,cross-ppi,733,0.09754781265610768,1.0
all,0.0100,cross-ppi,734,0.08801769303964782,1.0
all,0.0100,cross-ppi,735,0.09186952769332801,1.0
all,0.0100,cross-ppi,736,0.09616107714601785,1.0
all,0.0100,cross-ppi,737,0.07081073465333534,1.0
all,0.0100,cross-ppi,738,0.08571466926503243,1.0
all,0.0100,cross-ppi,739,0.0944183351928446,1.0
all,0.0100,cross-ppi,740,0.07736859169175836,1.0
all,0.0100,cross-ppi,741,0.09926385987868172,1.0
all,0.0100,cross-ppi,742,0.0811030029293357,1.0
all,0.0100,cross-ppi,743,0.10612832853715884,1.0
all,0.0100,cross-ppi,744,0.08292141763881533,1.0
all,0.0100,cross-ppi,745,0.09359494627979895,1.0
all,0.0100,cross-ppi,746,0.08753857493055694,1.0
all,0.0100,cross-ppi,747,0.08667443631313002,1.0
all,0.0100,cross-ppi,748,0.08750617931731564,1.0
all,0.0100,cross-ppi,749,0.09566969970035799,1.0
all,0.0100,cross-ppi,750,0.09359924196308267,1.0
all,0.0100,cross-ppi,751,0.07492941578121992,1.0
all,0.0100,cross-ppi,752,0.08230188398371907,1.0
all,0.0100,cross-ppi,753,0.06295679975595533,1.0
all,0.0100,cross-ppi,754,0.08585839175831078,1.0
all,0.0100,cross-ppi,755,0.09867782705698946,1.0
all,0.0100,cross-ppi,756,0.07533752176860764,1.0
all,0.0100,cross-ppi,757,0.09971482418172126,1.0
all,0.0100,cross-ppi,758,0.09019129565325856,1.0
all,0.0100,cross-ppi,759,0.09802309224866301,1.0
all,0.0100,cross-ppi,760,0.08356784994570549,0.0
all,0.0100,cross-ppi,761,0.0698540617969701,1.0
all,0.0100,cross-ppi,762,0.09929268555135984,1.0
all,0.0100,cross-ppi,763,0.09120770633410935,1.0
all,0.0100,cross-ppi,764,0.10254455151683606,1.0
all,0.0100,cross-ppi,765,0.08882219772381794,1.0
all,0.0100,cross-ppi,766,0.08959250460276813,1.0
all,0.0100,cross-ppi,767,0.08705025963887192,1.0
all,0.0100,cross-ppi,768,0.10174665267019137,1.0
all,0.0100,cross-ppi,769,0.09240083823759015,0.0
all,0.0100,cross-ppi,770,0.07834657769807907,1.0
all,0.0100,cross-ppi,771,0.08673201497455482,1.0
all,0.0100,cross-ppi,772,0.08174828694058389,1.0
all,0.0100,cross-ppi,773,0.07756099777342215,1.0
all,0.0100,cross-ppi,774,0.08571382921470425,1.0
all,0.0100,cross-ppi,775,0.10111016293094477,1.0
all,0.0100,cross-ppi,776,0.054524185721969265,1.0
all,0.0100,cross-ppi,777,0.08589721482972423,1.0
all,0.0100,cross-ppi,778,0.085690957199544,1.0
all,0.0100,cross-ppi,779,0.095287963228492,1.0
all,0.0100,cross-ppi,780,0.09178605609430246,1.0
all,0.0100,cross-ppi,781,0.09585264702650453,1.0
all,0.0100,cross-ppi,782,0.08170918469625296,1.0
all,0.0100,cross-ppi,783,0.09731511196347983,1.0
all,0.0100,cross-ppi,784,0.08836406990361578,1.0
all,0.0100,cross-ppi,785,0.08596431657945358,1.0
all,0.0100,cross-ppi,786,0.0890825171619071,1.0
all,0.0100,cross-ppi,787,0.08980023517191646,1.0
all,0.0100,cross-ppi,788,0.09311314154976247,1.0
all,0.0100,cross-ppi,789,0.083344664739506,1.0
all,0.0100,cross-ppi,790,0.0950099067493895,1.0
all,0.0100,cross-ppi,791,0.08826366553459722,1.0
all,0.0100,cross-ppi,792,0.10216446905143539,1.0
all,0.0100,cross-ppi,793,0.07977495687870129,1.0
all,0.0100,cross-ppi,794,0.0872202981724757,1.0
all,0.0100,cross-ppi,795,0.08308465791116793,1.0
all,0.0100,cross-ppi,796,0.09753623523262786,1.0
all,0.0100,cross-ppi,797,0.08969081627154551,1.0
all,0.0100,cross-ppi,798,0.09211029151982664,1.0
all,0.0100,cross-ppi,799,0.08121872426409846,1.0
all,0.0100,cross-ppi,800,0.08991115846039699,1.0
all,0.0100,cross-ppi,801,0.09707105406425864,1.0
all,0.0100,cross-ppi,802,0.08420163827679539,1.0
all,0.0100,cross-ppi,803,0.08165082328472617,1.0
all,0.0100,cross-ppi,804,0.07918079089911387,1.0
all,0.0100,cross-ppi,805,0.07171825972201543,1.0
all,0.0100,cross-ppi,806,0.09386327201841294,1.0
all,0.0100,cross-ppi,807,0.09436053836689376,1.0
all,0.0100,cross-ppi,808,0.09879955501293303,1.0
all,0.0100,cross-ppi,809,0.08488228176693291,1.0
all,0.0100,cross-ppi,810,0.09535437161152238,1.0
all,0.0100,cross-ppi,811,0.08339445506541907,1.0
all,0.0100,cross-ppi,812,0.08023167734891398,1.0
all,0.0100,cross-ppi,813,0.08865761831710672,1.0
all,0.0100,cross-ppi,814,0.08076623052702891,1.0
all,0.0100,cross-ppi,815,0.09330602343295957,1.0
all,0.0100,cross-ppi,816,0.07823333512929243,1.0
all,0.0100,cross-ppi,817,0.08277338695940961,1.0
all,0.0100,cross-ppi,818,0.08784655548605269,0.0
all,0.0100,cross-ppi,819,0.09055646652839155,1.0
all,0.0100,cross-ppi,820,0.10127252004154152,1.0
all,0.0100,cross-ppi,821,0.0810114981837925,1.0
all,0.0100,cross-ppi,822,0.07879074754178572,1.0
all,0.0100,cross-ppi,823,0.0879296253330735,1.0
all,0.0100,cross-ppi,824,0.07919707022962341,1.0
all,0.0100,cross-ppi,825,0.09110325728331345,1.0
all,0.0100,cross-ppi,826,0.09349796491227336,1.0
all,0.0100,cross-ppi,827,0.0872150416749965,1.0
all,0.0100,cross-ppi,828,0.08665387583266415,1.0
all,0.0100,cross-ppi,829,0.10185950839953217,1.0
all,0.0100,cross-ppi,830,0.08449665560533506,1.0
all,0.0100,cross-ppi,831,0.11015393260283612,1.0
all,0.0100,cross-ppi,832,0.07827055609435407,1.0
all,0.0100,cross-ppi,833,0.0787460113999823,1.0
all,0.0100,cross-ppi,834,0.09573563392126483,1.0
all,0.0100,cross-ppi,835,0.0951137870412403,1.0
all,0.0100,cross-ppi,836,0.07774616818048052,1.0
all,0.0100,cross-ppi,837,0.08872577145676194,1.0
all,0.0100,cross-ppi,838,0.08781348348057491,1.0
all,0.0100,cross-ppi,839,0.09232500999859683,1.0
all,0.0100,cross-ppi,840,0.08641475985751337,1.0
all,0.0100,cross-ppi,841,0.08083446007420517,1.0
all,0.0100,cross-ppi,842,0.10637113761703998,0.0
all,0.0100,cross-ppi,843,0.08516039650788065,1.0
all,0.0100,cross-ppi,844,0.10305024411076014,1.0
all,0.0100,cross-ppi,845,0.0983292970459606,1.0
all,0.0100,cross-ppi,846,0.08226959767605749,1.0
all,0.0100,cross-ppi,847,0.10426796474013711,0.0
all,0.0100,cross-ppi,848,0.08224572745523415,0.0
all,0.0100,cross-ppi,849,0.1029427523365154,1.0
all,0.0100,cross-ppi,850,0.0911986567984232,1.0
all,0.0100,cross-ppi,851,0.09220812995173822,1.0
all,0.0100,cross-ppi,852,0.08780307650705832,1.0
all,0.0100,cross-ppi,853,0.09237131091500492,1.0
all,0.0100,cross-ppi,854,0.10674837456737762,1.0
all,0.0100,cross-ppi,855,0.0990412376883055,1.0
all,0.0100,cross-ppi,856,0.09898814645536222,1.0
all,0.0100,cross-ppi,857,0.09434561536504585,1.0
all,0.0100,cross-ppi,858,0.09609856993310459,1.0
all,0.0100,cross-ppi,859,0.09765043427471098,1.0
all,0.0100,cross-ppi,860,0.08035415965643267,1.0
all,0.0100,cross-ppi,861,0.07975818042829186,1.0
all,0.0100,cross-ppi,862,0.08619410159584195,1.0
all,0.0100,cross-ppi,863,0.09108855678313288,1.0
all,0.0100,cross-ppi,864,0.0881049366229881,1.0
all,0.0100,cross-ppi,865,0.0788052684505487,1.0
all,0.0100,cross-ppi,866,0.08974686508792137,1.0
all,0.0100,cross-ppi,867,0.10094307273401701,1.0
all,0.0100,cross-ppi,868,0.0865929833534701,1.0
all,0.0100,cross-ppi,869,0.08401489164720821,1.0
all,0.0100,cross-ppi,870,0.08968303604474259,1.0
all,0.0100,cross-ppi,871,0.07897164205276,1.0
all,0.0100,cross-ppi,872,0.09213334985678936,1.0
all,0.0100,cross-ppi,873,0.09133496360544394,1.0
all,0.0100,cross-ppi,874,0.09310965121563763,1.0
all,0.0100,cross-ppi,875,0.09017466967039567,1.0
all,0.0100,cross-ppi,876,0.0862320893180426,1.0
all,0.0100,cross-ppi,877,0.1008021050848538,1.0
all,0.0100,cross-ppi,878,0.09167117823416837,0.0
all,0.0100,cross-ppi,879,0.07598317992929748,1.0
all,0.0100,cross-ppi,880,0.09382470404071996,1.0
all,0.0100,cross-ppi,881,0.08746997172464088,1.0
all,0.0100,cross-ppi,882,0.10551155346290184,1.0
all,0.0100,cross-ppi,883,0.08101608024301268,1.0
all,0.0100,cross-ppi,884,0.10392495063454932,1.0
all,0.0100,cross-ppi,885,0.0921982379801908,1.0
all,0.0100,cross-ppi,886,0.09022378466455702,1.0
all,0.0100,cross-ppi,887,0.08599781745947957,1.0
all,0.0100,cross-ppi,888,0.08416675104232574,1.0
all,0.0100,cross-ppi,889,0.08973042132281661,1.0
all,0.0100,cross-ppi,890,0.07150987864258707,1.0
all,0.0100,cross-ppi,891,0.07511112394318886,1.0
all,0.0100,cross-ppi,892,0.10670364669521648,1.0
all,0.0100,cross-ppi,893,0.10204935345647206,1.0
all,0.0100,cross-ppi,894,0.07486453782756175,1.0
all,0.0100,cross-ppi,895,0.08960443399674456,1.0
all,0.0100,cross-ppi,896,0.09260625962966906,1.0
all,0.0100,cross-ppi,897,0.09067548549514237,1.0
all,0.0100,cross-ppi,898,0.08647272300377351,1.0
all,0.0100,cross-ppi,899,0.07609456250555216,1.0
all,0.0100,cross-ppi,900,0.08757440384878004,1.0
all,0.0100,cross-ppi,901,0.09342278182114735,1.0
all,0.0100,cross-ppi,902,0.09433283448823146,1.0
all,0.0100,cross-ppi,903,0.08355844540309984,1.0
all,0.0100,cross-ppi,904,0.09174624635601214,1.0
all,0.0100,cross-ppi,905,0.10273349571547685,1.0
all,0.0100,cross-ppi,906,0.0933052604215382,1.0
all,0.0100,cross-ppi,907,0.08732975370301155,1.0
all,0.0100,cross-ppi,908,0.09026811024436765,0.0
all,0.0100,cross-ppi,909,0.09503008947109648,1.0
all,0.0100,cross-ppi,910,0.08820274544317708,1.0
all,0.0100,cross-ppi,911,0.08302117630376371,1.0
all,0.0100,cross-ppi,912,0.0892678819591659,1.0
all,0.0100,cross-ppi,913,0.08990768025198068,1.0
all,0.0100,cross-ppi,914,0.09062194144595823,1.0
all,0.0100,cross-ppi,915,0.08914550393282694,1.0
all,0.0100,cross-ppi,916,0.09658655854446516,1.0
all,0.0100,cross-ppi,917,0.09308413589928596,1.0
all,0.0100,cross-ppi,918,0.08539251532998418,1.0
all,0.0100,cross-ppi,919,0.0912071265064196,1.0
all,0.0100,cross-ppi,920,0.09214714736356092,1.0
all,0.0100,cross-ppi,921,0.09117539684221265,1.0
all,0.0100,cross-ppi,922,0.0963011187311262,1.0
all,0.0100,cross-ppi,923,0.09719339226941281,1.0
all,0.0100,cross-ppi,924,0.09087626604449237,1.0
all,0.0100,cross-ppi,925,0.09939324764406174,1.0
all,0.0100,cross-ppi,926,0.09002108129502631,1.0
all,0.0100,cross-ppi,927,0.10740572570467999,1.0
all,0.0100,cross-ppi,928,0.09153557491047626,0.0
all,0.0100,cross-ppi,929,0.08511210908639052,1.0
all,0.0100,cross-ppi,930,0.09508783690698508,1.0
all,0.0100,cross-ppi,931,0.09196523989567582,1.0
all,0.0100,cross-ppi,932,0.09655026791833013,1.0
all,0.0100,cross-ppi,933,0.08950888338307939,1.0
all,0.0100,cross-ppi,934,0.08343840237001698,1.0
all,0.0100,cross-ppi,935,0.09840712571972154,1.0
all,0.0100,cross-ppi,936,0.09131524079840078,1.0
all,0.0100,cross-ppi,937,0.07708270462939004,0.0
all,0.0100,cross-ppi,938,0.0815080939290449,1.0
all,0.0100,cross-ppi,939,0.08084870211995818,1.0
all,0.0100,cross-ppi,940,0.09451695254700787,1.0
all,0.0100,cross-ppi,941,0.08959179987098123,1.0
all,0.0100,cross-ppi,942,0.09442205923908256,1.0
all,0.0100,cross-ppi,943,0.08121228173957354,1.0
all,0.0100,cross-ppi,944,0.08772948875314335,1.0
all,0.0100,cross-ppi,945,0.08618728328653413,1.0
all,0.0100,cross-ppi,946,0.07958299253333007,0.0
all,0.0100,cross-ppi,947,0.09099420354392693,1.0
all,0.0100,cross-ppi,948,0.09357643497388968,1.0
all,0.0100,cross-ppi,949,0.0850059666141216,1.0
all,0.0100,cross-ppi,950,0.10393135501115694,1.0
all,0.0100,cross-ppi,951,0.08263310208266461,1.0
all,0.0100,cross-ppi,952,0.08784516323239355,1.0
all,0.0100,cross-ppi,953,0.08725990641238898,1.0
all,0.0100,cross-ppi,954,0.07748934113688433,1.0
all,0.0100,cross-ppi,955,0.09527515505057729,1.0
all,0.0100,cross-ppi,956,0.09037467388921108,1.0
all,0.0100,cross-ppi,957,0.08978516112349255,1.0
all,0.0100,cross-ppi,958,0.09130335414820104,1.0
all,0.0100,cross-ppi,959,0.10239373048375619,1.0
all,0.0100,cross-ppi,960,0.08441318539298279,1.0
all,0.0100,cross-ppi,961,0.09163136217923418,1.0
all,0.0100,cross-ppi,962,0.0894609048104974,1.0
all,0.0100,cross-ppi,963,0.08092681914159194,1.0
all,0.0100,cross-ppi,964,0.099526430156099,1.0
all,0.0100,cross-ppi,965,0.09687380147509936,1.0
all,0.0100,cross-ppi,966,0.09058650808090332,1.0
all,0.0100,cross-ppi,967,0.08301658161881845,1.0
all,0.0100,cross-ppi,968,0.08905176126592074,1.0
all,0.0100,cross-ppi,969,0.08896144299533645,1.0
all,0.0100,cross-ppi,970,0.09402769518098597,1.0
all,0.0100,cross-ppi,971,0.094417935357888,1.0
all,0.0100,cross-ppi,972,0.07926196478091008,1.0
all,0.0100,cross-ppi,973,0.0869598056678289,1.0
all,0.0100,cross-ppi,974,0.08835796918365069,1.0
all,0.0100,cross-ppi,975,0.08520035940357151,1.0
all,0.0100,cross-ppi,976,0.08743166947706427,1.0
all,0.0100,cross-ppi,977,0.08868362127200877,1.0
all,0.0100,cross-ppi,978,0.08671030193591386,1.0
all,0.0100,cross-ppi,979,0.08963222420960737,1.0
all,0.0100,cross-ppi,980,0.08116174957399058,1.0
all,0.0100,cross-ppi,981,0.09457832820213288,1.0
all,0.0100,cross-ppi,982,0.09781409583127887,1.0
all,0.0100,cross-ppi,983,0.09625195461018443,0.0
all,0.0100,cross-ppi,984,0.08688678773858083,1.0
all,0.0100,cross-ppi,985,0.09618255291115219,1.0
all,0.0100,cross-ppi,986,0.08237739294172264,1.0
all,0.0100,cross-ppi,987,0.08781663636992051,1.0
all,0.0100,cross-ppi,988,0.09335491816917851,1.0
all,0.0100,cross-ppi,989,0.09679661854435617,0.0
all,0.0100,cross-ppi,990,0.09436817495088246,1.0
all,0.0100,cross-ppi,991,0.07935190060638153,1.0
all,0.0100,cross-ppi,992,0.08131659242421829,1.0
all,0.0100,cross-ppi,993,0.09164519990763442,1.0
all,0.0100,cross-ppi,994,0.07702032198596498,1.0
all,0.0100,cross-ppi,995,0.08103060597928965,1.0
all,0.0100,cross-ppi,996,0.08979920388864093,1.0
all,0.0100,cross-ppi,997,0.10290039205099799,1.0
all,0.0100,cross-ppi,998,0.0953571017066194,1.0
all,0.0100,cross-ppi,999,0.09179725680316889,1.0
all,0.0200,cross-ppi,666,0.06387485281364025,1.0
all,0.0200,cross-ppi,667,0.05980097959170372,1.0
all,0.0200,cross-ppi,668,0.06926851144339793,1.0
all,0.0200,cross-ppi,669,0.06705825622315109,1.0
all,0.0200,cross-ppi,670,0.06366169982945469,1.0
all,0.0200,cross-ppi,671,0.06399599028575279,1.0
all,0.0200,cross-ppi,672,0.05789731046126542,1.0
all,0.0200,cross-ppi,673,0.058756654883691056,1.0
all,0.0200,cross-ppi,674,0.0613054604949147,1.0
all,0.0200,cross-ppi,675,0.06744111705347924,1.0
all,0.0200,cross-ppi,676,0.055303256906760634,1.0
all,0.0200,cross-ppi,677,0.05764994156585404,1.0
all,0.0200,cross-ppi,678,0.06565019277669418,1.0
all,0.0200,cross-ppi,679,0.06313562595130917,1.0
all,0.0200,cross-ppi,680,0.06640308753938082,1.0
all,0.0200,cross-ppi,681,0.06359681369249859,1.0
all,0.0200,cross-ppi,682,0.056581071381112485,1.0
all,0.0200,cross-ppi,683,0.06711449409095646,1.0
all,0.0200,cross-ppi,684,0.06554146640340441,1.0
all,0.0200,cross-ppi,685,0.058980288263153935,1.0
all,0.0200,cross-ppi,686,0.06254844264011628,1.0
all,0.0200,cross-ppi,687,0.06502400961238264,1.0
all,0.0200,cross-ppi,688,0.06524990116238752,1.0
all,0.0200,cross-ppi,689,0.0614811212210771,1.0
all,0.0200,cross-ppi,690,0.06868485719973971,1.0
all,0.0200,cross-ppi,691,0.06396156882252882,1.0
all,0.0200,cross-ppi,692,0.06856295805638957,1.0
all,0.0200,cross-ppi,693,0.06513088404346692,1.0
all,0.0200,cross-ppi,694,0.06580575359632113,1.0
all,0.0200,cross-ppi,695,0.061636314456168795,1.0
all,0.0200,cross-ppi,696,0.06854120125401164,1.0
all,0.0200,cross-ppi,697,0.0593550625020339,1.0
all,0.0200,cross-ppi,698,0.06414610883747585,1.0
all,0.0200,cross-ppi,699,0.06602983098380197,1.0
all,0.0200,cross-ppi,700,0.06617096369676553,1.0
all,0.0200,cross-ppi,701,0.06626086037708923,1.0
all,0.0200,cross-ppi,702,0.06477246765339137,1.0
all,0.0200,cross-ppi,703,0.05861706084577542,1.0
all,0.0200,cross-ppi,704,0.058912658204172685,1.0
all,0.0200,cross-ppi,705,0.05858773079170024,1.0
all,0.0200,cross-ppi,706,0.0678551832455474,1.0
all,0.0200,cross-ppi,707,0.06433353855562982,1.0
all,0.0200,cross-ppi,708,0.06587935635454223,1.0
all,0.0200,cross-ppi,709,0.06667817999423298,1.0
all,0.0200,cross-ppi,710,0.06719190167367436,1.0
all,0.0200,cross-ppi,711,0.0671961284805627,1.0
all,0.0200,cross-ppi,712,0.059863580481091416,1.0
all,0.0200,cross-ppi,713,0.06527451490127922,1.0
all,0.0200,cross-ppi,714,0.06241767864856976,1.0
all,0.0200,cross-ppi,715,0.06636080522142229,1.0
all,0.0200,cross-ppi,716,0.06379241697001292,0.0
all,0.0200,cross-ppi,717,0.06536818936166722,1.0
all,0.0200,cross-ppi,718,0.06059796011220897,1.0
all,0.0200,cross-ppi,719,0.06184356462979468,1.0
all,0.0200,cross-ppi,720,0.06913085510460135,1.0
all,0.0200,cross-ppi,721,0.05928795127889641,1.0
all,0.0200,cross-ppi,722,0.05510175038701301,1.0
all,0.0200,cross-ppi,723,0.06994680284957289,1.0
all,0.0200,cross-ppi,724,0.060511723545459084,1.0
all,0.0200,cross-ppi,725,0.06465126667028542,1.0
all,0.0200,cross-ppi,726,0.06666774068841877,1.0
all,0.0200,cross-ppi,727,0.06406547701292034,1.0
all,0.0200,cross-ppi,728,0.061422165827580866,1.0
all,0.0200,cross-ppi,729,0.06463772640077037,1.0
all,0.0200,cross-ppi,730,0.05763262378481904,1.0
all,0.0200,cross-ppi,731,0.07363505933686165,1.0
all,0.0200,cross-ppi,732,0.06324646342652473,1.0
all,0.0200,cross-ppi,733,0.06729427035840152,1.0
all,0.0200,cross-ppi,734,0.06456442632866743,1.0
all,0.0200,cross-ppi,735,0.06859590025987103,1.0
all,0.0200,cross-ppi,736,0.06109982064151501,1.0
all,0.0200,cross-ppi,737,0.06425396894088409,1.0
all,0.0200,cross-ppi,738,0.06328621602797022,1.0
all,0.0200,cross-ppi,739,0.06547678299221171,1.0
all,0.0200,cross-ppi,740,0.06098733023780334,1.0
all,0.0200,cross-ppi,741,0.061465467322195266,1.0
all,0.0200,cross-ppi,742,0.07023864567140503,1.0
all,0.0200,cross-ppi,743,0.060499005674237466,1.0
all,0.0200,cross-ppi,744,0.06731968964484722,1.0
all,0.0200,cross-ppi,745,0.06846689851856633,1.0
all,0.0200,cross-ppi,746,0.06288159250036338,0.0
all,0.0200,cross-ppi,747,0.06818270689601494,1.0
all,0.0200,cross-ppi,748,0.06253712958802907,1.0
all,0.0200,cross-ppi,749,0.06842545279352119,1.0
all,0.0200,cross-ppi,750,0.06269971176451516,1.0
all,0.0200,cross-ppi,751,0.06562632197807106,1.0
all,0.0200,cross-ppi,752,0.06513741610096357,1.0
all,0.0200,cross-ppi,753,0.060671569131214825,1.0
all,0.0200,cross-ppi,754,0.07580728818622642,1.0
all,0.0200,cross-ppi,755,0.06356904677622421,1.0
all,0.0200,cross-ppi,756,0.06730564984916965,1.0
all,0.0200,cross-ppi,757,0.0659423516832536,1.0
all,0.0200,cross-ppi,758,0.0677991112279788,1.0
all,0.0200,cross-ppi,759,0.06420912567511272,1.0
all,0.0200,cross-ppi,760,0.05967808188851853,1.0
all,0.0200,cross-ppi,761,0.06232389128049645,1.0
all,0.0200,cross-ppi,762,0.06352940705863055,1.0
all,0.0200,cross-ppi,763,0.06751642698841076,1.0
all,0.0200,cross-ppi,764,0.06463441499877953,1.0
all,0.0200,cross-ppi,765,0.06200230845748497,1.0
all,0.0200,cross-ppi,766,0.06071589343905215,1.0
all,0.0200,cross-ppi,767,0.06842035777235958,1.0
all,0.0200,cross-ppi,768,0.06206726766355697,1.0
all,0.0200,cross-ppi,769,0.06176898729134775,1.0
all,0.0200,cross-ppi,770,0.06224571148315661,1.0
all,0.0200,cross-ppi,771,0.06199873615391871,1.0
all,0.0200,cross-ppi,772,0.06332942969802846,0.0
all,0.0200,cross-ppi,773,0.06199662330972247,1.0
all,0.0200,cross-ppi,774,0.06537462435994312,1.0
all,0.0200,cross-ppi,775,0.06543646064564324,1.0
all,0.0200,cross-ppi,776,0.06262112252781873,1.0
all,0.0200,cross-ppi,777,0.07059768742618933,0.0
all,0.0200,cross-ppi,778,0.06259116962513167,0.0
all,0.0200,cross-ppi,779,0.06339114910683108,1.0
all,0.0200,cross-ppi,780,0.06975134389555404,1.0
all,0.0200,cross-ppi,781,0.05569424066193138,1.0
all,0.0200,cross-ppi,782,0.06850049405985284,1.0
all,0.0200,cross-ppi,783,0.054249817810508416,0.0
all,0.0200,cross-ppi,784,0.06602747175289592,1.0
all,0.0200,cross-ppi,785,0.06215427529068207,1.0
all,0.0200,cross-ppi,786,0.06598481143409496,1.0
all,0.0200,cross-ppi,787,0.06202931863153793,1.0
all,0.0200,cross-ppi,788,0.06259001217571156,1.0
all,0.0200,cross-ppi,789,0.06213224007490448,1.0
all,0.0200,cross-ppi,790,0.05759995337455426,1.0
all,0.0200,cross-ppi,791,0.05920978749534744,1.0
all,0.0200,cross-ppi,792,0.0733569061033599,1.0
all,0.0200,cross-ppi,793,0.06938144285018799,1.0
all,0.0200,cross-ppi,794,0.06024176775751322,1.0
all,0.0200,cross-ppi,795,0.06687586857278713,1.0
all,0.0200,cross-ppi,796,0.061136655186266514,1.0
all,0.0200,cross-ppi,797,0.0654280799305701,1.0
all,0.0200,cross-ppi,798,0.06262948998833931,1.0
all,0.0200,cross-ppi,799,0.055552229986516655,1.0
all,0.0200,cross-ppi,800,0.06341123375469693,1.0
all,0.0200,cross-ppi,801,0.06978574679167115,1.0
all,0.0200,cross-ppi,802,0.06343940196517359,1.0
all,0.0200,cross-ppi,803,0.06221302179283339,1.0
all,0.0200,cross-ppi,804,0.062262629899986766,1.0
all,0.0200,cross-ppi,805,0.06678874903688417,1.0
all,0.0200,cross-ppi,806,0.0694048060361813,1.0
all,0.0200,cross-ppi,807,0.06515933549090769,1.0
all,0.0200,cross-ppi,808,0.06490520743519046,1.0
all,0.0200,cross-ppi,809,0.06928873866732158,1.0
all,0.0200,cross-ppi,810,0.0629688398194378,1.0
all,0.0200,cross-ppi,811,0.06040631876692948,1.0
all,0.0200,cross-ppi,812,0.058964074499768926,1.0
all,0.0200,cross-ppi,813,0.06713196700368951,1.0
all,0.0200,cross-ppi,814,0.06314197738523708,1.0
all,0.0200,cross-ppi,815,0.06032222077646146,1.0
all,0.0200,cross-ppi,816,0.06029326190461562,1.0
all,0.0200,cross-ppi,817,0.06430116757387705,1.0
all,0.0200,cross-ppi,818,0.06138249487170955,1.0
all,0.0200,cross-ppi,819,0.06442649398503819,1.0
all,0.0200,cross-ppi,820,0.062411027005359804,1.0
all,0.0200,cross-ppi,821,0.06815791826413542,1.0
all,0.0200,cross-ppi,822,0.07019177955404685,1.0
all,0.0200,cross-ppi,823,0.06518302045978874,1.0
all,0.0200,cross-ppi,824,0.0662764564789062,1.0
all,0.0200,cross-ppi,825,0.06685539778973149,1.0
all,0.0200,cross-ppi,826,0.06887625297906563,1.0
all,0.0200,cross-ppi,827,0.0704141297389067,1.0
all,0.0200,cross-ppi,828,0.06725580173882761,0.0
all,0.0200,cross-ppi,829,0.06679548139932379,1.0
all,0.0200,cross-ppi,830,0.06424698487882655,1.0
all,0.0200,cross-ppi,831,0.062000986667002156,1.0
all,0.0200,cross-ppi,832,0.0628201341892789,1.0
all,0.0200,cross-ppi,833,0.06380777767791823,1.0
all,0.0200,cross-ppi,834,0.06773440963363853,1.0
all,0.0200,cross-ppi,835,0.0661252935698764,1.0
all,0.0200,cross-ppi,836,0.06692425918790512,1.0
all,0.0200,cross-ppi,837,0.05946612261278739,0.0
all,0.0200,cross-ppi,838,0.0596853606152572,1.0
all,0.0200,cross-ppi,839,0.056479393159049734,0.0
all,0.0200,cross-ppi,840,0.06564449415563067,1.0
all,0.0200,cross-ppi,841,0.0652871171389896,1.0
all,0.0200,cross-ppi,842,0.06452901138274558,0.0
all,0.0200,cross-ppi,843,0.05699441519639545,1.0
all,0.0200,cross-ppi,844,0.06576514391160304,1.0
all,0.0200,cross-ppi,845,0.05905719926103181,1.0
all,0.0200,cross-ppi,846,0.06305932596094199,0.0
all,0.0200,cross-ppi,847,0.05584716235173115,1.0
all,0.0200,cross-ppi,848,0.06360220796441263,1.0
all,0.0200,cross-ppi,849,0.05711317741515379,1.0
all,0.0200,cross-ppi,850,0.06815991903773366,1.0
all,0.0200,cross-ppi,851,0.06697815268888652,1.0
all,0.0200,cross-ppi,852,0.06179237093570478,1.0
all,0.0200,cross-ppi,853,0.06255961799792073,1.0
all,0.0200,cross-ppi,854,0.0614467213376744,1.0
all,0.0200,cross-ppi,855,0.0704756227586738,1.0
all,0.0200,cross-ppi,856,0.06588337551431922,1.0
all,0.0200,cross-ppi,857,0.06132273808724506,1.0
all,0.0200,cross-ppi,858,0.062355725835564035,1.0
all,0.0200,cross-ppi,859,0.07055909096593926,1.0
all,0.0200,cross-ppi,860,0.06286222687447604,1.0
all,0.0200,cross-ppi,861,0.06988270440870026,1.0
all,0.0200,cross-ppi,862,0.0634824676974336,1.0
all,0.0200,cross-ppi,863,0.057339202759541935,1.0
all,0.0200,cross-ppi,864,0.06798795987033204,1.0
all,0.0200,cross-ppi,865,0.06908889006470575,1.0
all,0.0200,cross-ppi,866,0.06544867161339574,1.0
all,0.0200,cross-ppi,867,0.05857074125083714,1.0
all,0.0200,cross-ppi,868,0.06315250978942744,1.0
all,0.0200,cross-ppi,869,0.0603738869552094,1.0
all,0.0200,cross-ppi,870,0.06538796558709015,0.0
all,0.0200,cross-ppi,871,0.06241948675463227,1.0
all,0.0200,cross-ppi,872,0.06145607427213917,1.0
all,0.0200,cross-ppi,873,0.05971077294246749,1.0
all,0.0200,cross-ppi,874,0.06073045394742435,1.0
all,0.0200,cross-ppi,875,0.06003013563328416,1.0
all,0.0200,cross-ppi,876,0.0637973280912989,1.0
all,0.0200,cross-ppi,877,0.06511245676745972,1.0
all,0.0200,cross-ppi,878,0.06535732197240285,1.0
all,0.0200,cross-ppi,879,0.06399409311785287,1.0
all,0.0200,cross-ppi,880,0.0626614459170454,1.0
all,0.0200,cross-ppi,881,0.07060557077658092,1.0
all,0.0200,cross-ppi,882,0.06371377249567234,1.0
all,0.0200,cross-ppi,883,0.06522712542266262,1.0
all,0.0200,cross-ppi,884,0.06243336928891474,1.0
all,0.0200,cross-ppi,885,0.06858439576841557,1.0
all,0.0200,cross-ppi,886,0.05600762261360748,1.0
all,0.0200,cross-ppi,887,0.061518731310312935,1.0
all,0.0200,cross-ppi,888,0.06566694637740719,1.0
all,0.0200,cross-ppi,889,0.06885207778182889,0.0
all,0.0200,cross-ppi,890,0.0671857396878891,1.0
all,0.0200,cross-ppi,891,0.05830394624505175,1.0
all,0.0200,cross-ppi,892,0.060567929168964696,1.0
all,0.0200,cross-ppi,893,0.06242959390639921,1.0
all,0.0200,cross-ppi,894,0.061076871829708335,1.0
all,0.0200,cross-ppi,895,0.05616559839155297,1.0
all,0.0200,cross-ppi,896,0.06647401850473322,1.0
all,0.0200,cross-ppi,897,0.07013438056687094,1.0
all,0.0200,cross-ppi,898,0.06678039763214025,1.0
all,0.0200,cross-ppi,899,0.0678440778161091,1.0
all,0.0200,cross-ppi,900,0.06214085853633433,1.0
all,0.0200,cross-ppi,901,0.05981691350217566,1.0
all,0.0200,cross-ppi,902,0.0633139681976882,1.0
all,0.0200,cross-ppi,903,0.06442057593921888,1.0
all,0.0200,cross-ppi,904,0.05912334254714932,1.0
all,0.0200,cross-ppi,905,0.062444045584365476,1.0
all,0.0200,cross-ppi,906,0.06444603679290961,1.0
all,0.0200,cross-ppi,907,0.06341805372023179,1.0
all,0.0200,cross-ppi,908,0.06068439688543781,1.0
all,0.0200,cross-ppi,909,0.06415767261002794,1.0
all,0.0200,cross-ppi,910,0.060575841640208544,1.0
all,0.0200,cross-ppi,911,0.06227895300005337,1.0
all,0.0200,cross-ppi,912,0.06414960141968462,1.0
all,0.0200,cross-ppi,913,0.06645146719857142,1.0
all,0.0200,cross-ppi,914,0.06401315375496228,1.0
all,0.0200,cross-ppi,915,0.06969643033815223,1.0
all,0.0200,cross-ppi,916,0.06004495391446382,1.0
all,0.0200,cross-ppi,917,0.07036547930125214,1.0
all,0.0200,cross-ppi,918,0.056223387312513196,1.0
all,0.0200,cross-ppi,919,0.06738994434610832,1.0
all,0.0200,cross-ppi,920,0.05957673669606478,1.0
all,0.0200,cross-ppi,921,0.06730457479077515,1.0
all,0.0200,cross-ppi,922,0.06040523704382286,1.0
all,0.0200,cross-ppi,923,0.06599727296000957,1.0
all,0.0200,cross-ppi,924,0.06443875397308019,1.0
all,0.0200,cross-ppi,925,0.06646837319599552,1.0
all,0.0200,cross-ppi,926,0.05386819566331044,1.0
all,0.0200,cross-ppi,927,0.06993783786489935,1.0
all,0.0200,cross-ppi,928,0.0607679984687064,1.0
all,0.0200,cross-ppi,929,0.0656314859995909,1.0
all,0.0200,cross-ppi,930,0.061296292126068574,1.0
all,0.0200,cross-ppi,931,0.06428464609164497,1.0
all,0.0200,cross-ppi,932,0.07626258379647874,1.0
all,0.0200,cross-ppi,933,0.061613270336186604,1.0
all,0.0200,cross-ppi,934,0.06526269089987738,1.0
all,0.0200,cross-ppi,935,0.06701347690253848,1.0
all,0.0200,cross-ppi,936,0.06833475185943294,1.0
all,0.0200,cross-ppi,937,0.06414135823159375,1.0
all,0.0200,cross-ppi,938,0.06377583401865417,1.0
all,0.0200,cross-ppi,939,0.058026828892491555,1.0
all,0.0200,cross-ppi,940,0.0650471482722278,1.0
all,0.0200,cross-ppi,941,0.06488053322802301,1.0
all,0.0200,cross-ppi,942,0.06697064020687848,1.0
all,0.0200,cross-ppi,943,0.06492318393153274,1.0
all,0.0200,cross-ppi,944,0.05901474258195602,1.0
all,0.0200,cross-ppi,945,0.06703646837161267,1.0
all,0.0200,cross-ppi,946,0.06474149396245985,1.0
all,0.0200,cross-ppi,947,0.06244113071325774,1.0
all,0.0200,cross-ppi,948,0.06597395956491911,1.0
all,0.0200,cross-ppi,949,0.06501638987018588,1.0
all,0.0200,cross-ppi,950,0.06717110056286921,1.0
all,0.0200,cross-ppi,951,0.06437365112926399,1.0
all,0.0200,cross-ppi,952,0.0622181409182212,1.0
all,0.0200,cross-ppi,953,0.0682523283297023,0.0
all,0.0200,cross-ppi,954,0.07465505225801383,1.0
all,0.0200,cross-ppi,955,0.07092236258149653,1.0
all,0.0200,cross-ppi,956,0.06113173265372887,1.0
all,0.0200,cross-ppi,957,0.0662446561643828,1.0
all,0.0200,cross-ppi,958,0.06491407416890504,1.0
all,0.0200,cross-ppi,959,0.06451893284065857,1.0
all,0.0200,cross-ppi,960,0.060682239136901295,1.0
all,0.0200,cross-ppi,961,0.06809360626188835,1.0
all,0.0200,cross-ppi,962,0.058315362574227286,1.0
all,0.0200,cross-ppi,963,0.06515447575259414,0.0
all,0.0200,cross-ppi,964,0.06820466844252593,1.0
all,0.0200,cross-ppi,965,0.06332615971257505,1.0
all,0.0200,cross-ppi,966,0.06801667249829901,1.0
all,0.0200,cross-ppi,967,0.05598294359153558,1.0
all,0.0200,cross-ppi,968,0.06432862523631674,1.0
all,0.0200,cross-ppi,969,0.060330874406053114,1.0
all,0.0200,cross-ppi,970,0.06372252957646096,1.0
all,0.0200,cross-ppi,971,0.06443808003528215,1.0
all,0.0200,cross-ppi,972,0.06642450146974277,1.0
all,0.0200,cross-ppi,973,0.06676776567272313,1.0
all,0.0200,cross-ppi,974,0.067006641954243,1.0
all,0.0200,cross-ppi,975,0.06945791130576395,1.0
all,0.0200,cross-ppi,976,0.06182750143470184,1.0
all,0.0200,cross-ppi,977,0.06022403606982321,1.0
all,0.0200,cross-ppi,978,0.06584760158630076,1.0
all,0.0200,cross-ppi,979,0.07108048183324203,1.0
all,0.0200,cross-ppi,980,0.06971338763968049,1.0
all,0.0200,cross-ppi,981,0.06472814401076324,1.0
all,0.0200,cross-ppi,982,0.062365494047562975,1.0
all,0.0200,cross-ppi,983,0.06389574100330353,1.0
all,0.0200,cross-ppi,984,0.06320235041412481,1.0
all,0.0200,cross-ppi,985,0.06494137348621587,1.0
all,0.0200,cross-ppi,986,0.05686398748115695,0.0
all,0.0200,cross-ppi,987,0.06517227480465537,1.0
all,0.0200,cross-ppi,988,0.07156131366990873,1.0
all,0.0200,cross-ppi,989,0.06548837077654146,1.0
all,0.0200,cross-ppi,990,0.06455327206999639,1.0
all,0.0200,cross-ppi,991,0.06738907081085077,1.0
all,0.0200,cross-ppi,992,0.058972067988269705,1.0
all,0.0200,cross-ppi,993,0.06480714524688391,1.0
all,0.0200,cross-ppi,994,0.059480763185865926,1.0
all,0.0200,cross-ppi,995,0.06052056928462349,0.0
all,0.0200,cross-ppi,996,0.06367158529081254,1.0
all,0.0200,cross-ppi,997,0.061919827130847954,1.0
all,0.0200,cross-ppi,998,0.06761648065385151,1.0
all,0.0200,cross-ppi,999,0.059646989946920304,1.0
all,0.0300,cross-ppi,666,0.048861247853430184,1.0
all,0.0300,cross-ppi,667,0.0578154450434335,1.0
all,0.0300,cross-ppi,668,0.04999964485087968,1.0
all,0.0300,cross-ppi,669,0.052421167909881716,1.0
all,0.0300,cross-ppi,670,0.051112537926048224,1.0
all,0.0300,cross-ppi,671,0.049838433670733234,1.0
all,0.0300,cross-ppi,672,0.05316373513733341,0.0
all,0.0300,cross-ppi,673,0.04945658218523938,1.0
all,0.0300,cross-ppi,674,0.05525413961083658,1.0
all,0.0300,cross-ppi,675,0.05403158669024655,0.0
all,0.0300,cross-ppi,676,0.053612647981884726,1.0
all,0.0300,cross-ppi,677,0.05672866291202472,1.0
all,0.0300,cross-ppi,678,0.05249269633702547,0.0
all,0.0300,cross-ppi,679,0.052818965422716385,1.0
all,0.0300,cross-ppi,680,0.05708788367924145,1.0
all,0.0300,cross-ppi,681,0.04935625913588007,1.0
all,0.0300,cross-ppi,682,0.05447544656923298,1.0
all,0.0300,cross-ppi,683,0.04972097761413519,1.0
all,0.0300,cross-ppi,684,0.05559485179020296,1.0
all,0.0300,cross-ppi,685,0.05058150845928955,1.0
all,0.0300,cross-ppi,686,0.05337381155241239,1.0
all,0.0300,cross-ppi,687,0.053093350911885606,1.0
all,0.0300,cross-ppi,688,0.05050247001640962,1.0
all,0.0300,cross-ppi,689,0.05228075340082072,1.0
all,0.0300,cross-ppi,690,0.0495246605906301,1.0
all,0.0300,cross-ppi,691,0.048882905833033896,0.0
all,0.0300,cross-ppi,692,0.06195021879527607,1.0
all,0.0300,cross-ppi,693,0.055995771986395715,1.0
all,0.0300,cross-ppi,694,0.05162485946762807,1.0
all,0.0300,cross-ppi,695,0.054604543882269235,1.0
all,0.0300,cross-ppi,696,0.05243266554017742,1.0
all,0.0300,cross-ppi,697,0.05448056950247607,1.0
all,0.0300,cross-ppi,698,0.04975393977495532,1.0
all,0.0300,cross-ppi,699,0.048964641325353914,1.0
all,0.0300,cross-ppi,700,0.05540320202520485,1.0
all,0.0300,cross-ppi,701,0.05482336762569032,1.0
all,0.0300,cross-ppi,702,0.0522010350685049,1.0
all,0.0300,cross-ppi,703,0.05257373009567745,1.0
all,0.0300,cross-ppi,704,0.05082999292740423,1.0
all,0.0300,cross-ppi,705,0.055761690246730056,1.0
all,0.0300,cross-ppi,706,0.05455548433713164,0.0
all,0.0300,cross-ppi,707,0.0554513226906036,1.0
all,0.0300,cross-ppi,708,0.05254572885524722,1.0
all,0.0300,cross-ppi,709,0.05654114944075039,1.0
all,0.0300,cross-ppi,710,0.0504510028450873,1.0
all,0.0300,cross-ppi,711,0.049892364209458084,1.0
all,0.0300,cross-ppi,712,0.050308750645257944,1.0
all,0.0300,cross-ppi,713,0.056342841519698816,1.0
all,0.0300,cross-ppi,714,0.053809621409250386,1.0
all,0.0300,cross-ppi,715,0.05036654200371393,1.0
all,0.0300,cross-ppi,716,0.04781547342719583,1.0
all,0.0300,cross-ppi,717,0.05390553877307758,1.0
all,0.0300,cross-ppi,718,0.05160561548907214,1.0
all,0.0300,cross-ppi,719,0.0510337065464215,1.0
all,0.0300,cross-ppi,720,0.052173109065423356,1.0
all,0.0300,cross-ppi,721,0.056948972331513636,1.0
all,0.0300,cross-ppi,722,0.05553700490871169,1.0
all,0.0300,cross-ppi,723,0.054158810734465934,1.0
all,0.0300,cross-ppi,724,0.054196596804365255,1.0
all,0.0300,cross-ppi,725,0.05392557328185002,1.0
all,0.0300,cross-ppi,726,0.05473967843496255,1.0
all,0.0300,cross-ppi,727,0.055841087040837345,1.0
all,0.0300,cross-ppi,728,0.05625396130937255,0.0
all,0.0300,cross-ppi,729,0.055684776443022166,1.0
all,0.0300,cross-ppi,730,0.05116506473236604,1.0
all,0.0300,cross-ppi,731,0.048102014204877475,0.0
all,0.0300,cross-ppi,732,0.05004687989114595,0.0
all,0.0300,cross-ppi,733,0.05068393049472619,1.0
all,0.0300,cross-ppi,734,0.057225106256215685,1.0
all,0.0300,cross-ppi,735,0.05317528656964754,1.0
all,0.0300,cross-ppi,736,0.0531437232874907,1.0
all,0.0300,cross-ppi,737,0.050171152149549036,0.0
all,0.0300,cross-ppi,738,0.04954694261034864,1.0
all,0.0300,cross-ppi,739,0.049094410833309926,1.0
all,0.0300,cross-ppi,740,0.05269523592227787,1.0
all,0.0300,cross-ppi,741,0.0528187624533705,1.0
all,0.0300,cross-ppi,742,0.053557684324020194,1.0
all,0.0300,cross-ppi,743,0.05087659598134578,1.0
all,0.0300,cross-ppi,744,0.0540672197519626,1.0
all,0.0300,cross-ppi,745,0.050814227175179666,1.0
all,0.0300,cross-ppi,746,0.052161549943442936,0.0
all,0.0300,cross-ppi,747,0.04780612142982846,0.0
all,0.0300,cross-ppi,748,0.05312371070818997,1.0
all,0.0300,cross-ppi,749,0.04847471668075809,1.0
all,0.0300,cross-ppi,750,0.053637816665142224,1.0
all,0.0300,cross-ppi,751,0.0539961990521117,1.0
all,0.0300,cross-ppi,752,0.05156364059757235,1.0
all,0.0300,cross-ppi,753,0.055634235910362095,1.0
all,0.0300,cross-ppi,754,0.049904958853071335,1.0
all,0.0300,cross-ppi,755,0.056522968542647045,0.0
all,0.0300,cross-ppi,756,0.05378669797767646,1.0
all,0.0300,cross-ppi,757,0.04725142713285735,1.0
all,0.0300,cross-ppi,758,0.05064779357464788,1.0
all,0.0300,cross-ppi,759,0.05636763646196774,1.0
all,0.0300,cross-ppi,760,0.052453135918610894,1.0
all,0.0300,cross-ppi,761,0.05609595820159863,1.0
all,0.0300,cross-ppi,762,0.053595298256536056,1.0
all,0.0300,cross-ppi,763,0.04925053031456969,1.0
all,0.0300,cross-ppi,764,0.05328095773209943,1.0
all,0.0300,cross-ppi,765,0.05700566089110201,1.0
all,0.0300,cross-ppi,766,0.05272971247099403,0.0
all,0.0300,cross-ppi,767,0.04987588376805585,1.0
all,0.0300,cross-ppi,768,0.0486610741315987,1.0
all,0.0300,cross-ppi,769,0.050370069676668766,1.0
all,0.0300,cross-ppi,770,0.05117760371896882,1.0
all,0.0300,cross-ppi,771,0.05141033785688276,1.0
all,0.0300,cross-ppi,772,0.052206264472269365,1.0
all,0.0300,cross-ppi,773,0.05128331464980129,1.0
all,0.0300,cross-ppi,774,0.0499547659953368,1.0
all,0.0300,cross-ppi,775,0.051385576842815556,1.0
all,0.0300,cross-ppi,776,0.05113794170023467,1.0
all,0.0300,cross-ppi,777,0.04980472650027912,1.0
all,0.0300,cross-ppi,778,0.052589309897414616,1.0
all,0.0300,cross-ppi,779,0.050951390390892914,1.0
all,0.0300,cross-ppi,780,0.05157388133796481,1.0
all,0.0300,cross-ppi,781,0.057531594710836464,1.0
all,0.0300,cross-ppi,782,0.05256576650451372,1.0
all,0.0300,cross-ppi,783,0.05317280778316705,1.0
all,0.0300,cross-ppi,784,0.04895965527121904,1.0
all,0.0300,cross-ppi,785,0.05645222783593584,1.0
all,0.0300,cross-ppi,786,0.047973968478431384,1.0
all,0.0300,cross-ppi,787,0.05143264320507865,1.0
all,0.0300,cross-ppi,788,0.053390990896478446,1.0
all,0.0300,cross-ppi,789,0.05393538577511722,1.0
all,0.0300,cross-ppi,790,0.05282621166158577,1.0
all,0.0300,cross-ppi,791,0.04934643099005817,1.0
all,0.0300,cross-ppi,792,0.04632555530114138,1.0
all,0.0300,cross-ppi,793,0.05231306399981753,1.0
all,0.0300,cross-ppi,794,0.054188678057080164,1.0
all,0.0300,cross-ppi,795,0.04914095899546578,1.0
all,0.0300,cross-ppi,796,0.05416611014896411,1.0
all,0.0300,cross-ppi,797,0.05483214553626123,1.0
all,0.0300,cross-ppi,798,0.05430069974099705,1.0
all,0.0300,cross-ppi,799,0.056123272238051775,1.0
all,0.0300,cross-ppi,800,0.05017529794548839,1.0
all,0.0300,cross-ppi,801,0.04904185195020261,1.0
all,0.0300,cross-ppi,802,0.05193330493362047,1.0
all,0.0300,cross-ppi,803,0.04987335523522318,1.0
all,0.0300,cross-ppi,804,0.05042333971340873,1.0
all,0.0300,cross-ppi,805,0.05134717376620493,1.0
all,0.0300,cross-ppi,806,0.05325448782902997,1.0
all,0.0300,cross-ppi,807,0.04919882840999831,1.0
all,0.0300,cross-ppi,808,0.052887409603756125,1.0
all,0.0300,cross-ppi,809,0.050958684613437305,1.0
all,0.0300,cross-ppi,810,0.050959925244004584,1.0
all,0.0300,cross-ppi,811,0.05072427032615212,1.0
all,0.0300,cross-ppi,812,0.05299151149346773,1.0
all,0.0300,cross-ppi,813,0.0569593452265921,1.0
all,0.0300,cross-ppi,814,0.051588023795540394,1.0
all,0.0300,cross-ppi,815,0.05476883650955586,1.0
all,0.0300,cross-ppi,816,0.05167631997797481,1.0
all,0.0300,cross-ppi,817,0.05718228510315093,1.0
all,0.0300,cross-ppi,818,0.04973908008730532,1.0
all,0.0300,cross-ppi,819,0.0569605238476856,1.0
all,0.0300,cross-ppi,820,0.04844484257442572,1.0
all,0.0300,cross-ppi,821,0.052245486460356205,1.0
all,0.0300,cross-ppi,822,0.052000230479147674,1.0
all,0.0300,cross-ppi,823,0.053441959454279764,1.0
all,0.0300,cross-ppi,824,0.052674606304536575,1.0
all,0.0300,cross-ppi,825,0.05514194684039084,1.0
all,0.0300,cross-ppi,826,0.046326328074488554,1.0
all,0.0300,cross-ppi,827,0.05583428308468974,1.0
all,0.0300,cross-ppi,828,0.05227453126453965,1.0
all,0.0300,cross-ppi,829,0.05559026223491703,1.0
all,0.0300,cross-ppi,830,0.05010380297840655,1.0
all,0.0300,cross-ppi,831,0.05157812028367825,1.0
all,0.0300,cross-ppi,832,0.05842065775125296,1.0
all,0.0300,cross-ppi,833,0.052496406800312645,1.0
all,0.0300,cross-ppi,834,0.05427690693735532,1.0
all,0.0300,cross-ppi,835,0.0535507726503498,1.0
all,0.0300,cross-ppi,836,0.055853857744483704,1.0
all,0.0300,cross-ppi,837,0.051462174417885476,1.0
all,0.0300,cross-ppi,838,0.05015996583067617,1.0
all,0.0300,cross-ppi,839,0.050567095070837675,1.0
all,0.0300,cross-ppi,840,0.051013939966027544,1.0
all,0.0300,cross-ppi,841,0.05029057681792215,1.0
all,0.0300,cross-ppi,842,0.05398132081568538,1.0
all,0.0300,cross-ppi,843,0.05435676117730537,1.0
all,0.0300,cross-ppi,844,0.05029816431596934,1.0
all,0.0300,cross-ppi,845,0.05336798354733119,1.0
all,0.0300,cross-ppi,846,0.05414954702659103,1.0
all,0.0300,cross-ppi,847,0.051147002961046545,1.0
all,0.0300,cross-ppi,848,0.055590335806129626,1.0
all,0.0300,cross-ppi,849,0.052829354479804164,1.0
all,0.0300,cross-ppi,850,0.053176599756598275,1.0
all,0.0300,cross-ppi,851,0.05040526185572958,1.0
all,0.0300,cross-ppi,852,0.04886617724273387,1.0
all,0.0300,cross-ppi,853,0.05488491250435834,1.0
all,0.0300,cross-ppi,854,0.05978451964310916,1.0
all,0.0300,cross-ppi,855,0.05717727831798794,1.0
all,0.0300,cross-ppi,856,0.0486749234109648,1.0
all,0.0300,cross-ppi,857,0.055069247882457484,1.0
all,0.0300,cross-ppi,858,0.05365297281210321,1.0
all,0.0300,cross-ppi,859,0.05405703653113536,1.0
all,0.0300,cross-ppi,860,0.050366682686158515,1.0
all,0.0300,cross-ppi,861,0.05477478589675136,1.0
all,0.0300,cross-ppi,862,0.04986009009572567,1.0
all,0.0300,cross-ppi,863,0.050783941146672174,0.0
all,0.0300,cross-ppi,864,0.055464261112629226,1.0
all,0.0300,cross-ppi,865,0.04904841815663907,0.0
all,0.0300,cross-ppi,866,0.05547278629505839,1.0
all,0.0300,cross-ppi,867,0.05003933105717717,1.0
all,0.0300,cross-ppi,868,0.05272709626710814,1.0
all,0.0300,cross-ppi,869,0.050053083838422135,1.0
all,0.0300,cross-ppi,870,0.051017133898893396,1.0
all,0.0300,cross-ppi,871,0.052419282866390055,1.0
all,0.0300,cross-ppi,872,0.05206316229043784,1.0
all,0.0300,cross-ppi,873,0.05167247933147048,1.0
all,0.0300,cross-ppi,874,0.05532858982667577,1.0
all,0.0300,cross-ppi,875,0.05649260433929526,1.0
all,0.0300,cross-ppi,876,0.04881269103819594,1.0
all,0.0300,cross-ppi,877,0.04941109034801805,1.0
all,0.0300,cross-ppi,878,0.056346032874689284,1.0
all,0.0300,cross-ppi,879,0.05715396752268198,1.0
all,0.0300,cross-ppi,880,0.05501287602605062,1.0
all,0.0300,cross-ppi,881,0.05303758328255462,1.0
all,0.0300,cross-ppi,882,0.05234144915331518,1.0
all,0.0300,cross-ppi,883,0.05186391015289282,1.0
all,0.0300,cross-ppi,884,0.05176192554927453,1.0
all,0.0300,cross-ppi,885,0.05232652699528262,1.0
all,0.0300,cross-ppi,886,0.045467362766390296,0.0
all,0.0300,cross-ppi,887,0.05630091432110598,1.0
all,0.0300,cross-ppi,888,0.05421100998130701,1.0
all,0.0300,cross-ppi,889,0.05507455625787874,1.0
all,0.0300,cross-ppi,890,0.05144829636420159,1.0
all,0.0300,cross-ppi,891,0.054494440446233305,1.0
all,0.0300,cross-ppi,892,0.050527084676219775,1.0
all,0.0300,cross-ppi,893,0.053599935149100775,1.0
all,0.0300,cross-ppi,894,0.051382047562452904,1.0
all,0.0300,cross-ppi,895,0.05115145325255352,1.0
all,0.0300,cross-ppi,896,0.05424259844247001,1.0
all,0.0300,cross-ppi,897,0.051633811074897284,1.0
all,0.0300,cross-ppi,898,0.0544233490457231,1.0
all,0.0300,cross-ppi,899,0.05057030338224966,1.0
all,0.0300,cross-ppi,900,0.04933918224887243,1.0
all,0.0300,cross-ppi,901,0.05178796771983371,1.0
all,0.0300,cross-ppi,902,0.05194034552769233,1.0
all,0.0300,cross-ppi,903,0.05329617071011583,1.0
all,0.0300,cross-ppi,904,0.053741770807206324,1.0
all,0.0300,cross-ppi,905,0.04798228612225108,1.0
all,0.0300,cross-ppi,906,0.05069551144400322,1.0
all,0.0300,cross-ppi,907,0.052288761208568735,1.0
all,0.0300,cross-ppi,908,0.053394221934504243,1.0
all,0.0300,cross-ppi,909,0.05358851741504567,1.0
all,0.0300,cross-ppi,910,0.05434751065442234,1.0
all,0.0300,cross-ppi,911,0.05355940626125333,1.0
all,0.0300,cross-ppi,912,0.05299380283732191,1.0
all,0.0300,cross-ppi,913,0.05710880916008443,1.0
all,0.0300,cross-ppi,914,0.05331845038974306,1.0
all,0.0300,cross-ppi,915,0.05343389729565015,1.0
all,0.0300,cross-ppi,916,0.05092806888244261,1.0
all,0.0300,cross-ppi,917,0.05089704023468267,1.0
all,0.0300,cross-ppi,918,0.047668027520291506,1.0
all,0.0300,cross-ppi,919,0.05457621569104368,1.0
all,0.0300,cross-ppi,920,0.05216249015575414,1.0
all,0.0300,cross-ppi,921,0.05050792750765698,1.0
all,0.0300,cross-ppi,922,0.051992379875003186,1.0
all,0.0300,cross-ppi,923,0.05244708646485696,1.0
all,0.0300,cross-ppi,924,0.052680011889859935,1.0
all,0.0300,cross-ppi,925,0.052360723860439246,1.0
all,0.0300,cross-ppi,926,0.05149103382268458,1.0
all,0.0300,cross-ppi,927,0.053451647147144565,1.0
all,0.0300,cross-ppi,928,0.05105030984270975,1.0
all,0.0300,cross-ppi,929,0.05212553325563096,1.0
all,0.0300,cross-ppi,930,0.055358908561136594,1.0
all,0.0300,cross-ppi,931,0.05266977109543958,1.0
all,0.0300,cross-ppi,932,0.04992297027039061,1.0
all,0.0300,cross-ppi,933,0.05400010324377205,1.0
all,0.0300,cross-ppi,934,0.05410242941869625,1.0
all,0.0300,cross-ppi,935,0.05271766190504765,1.0
all,0.0300,cross-ppi,936,0.05314392439916127,1.0
all,0.0300,cross-ppi,937,0.05186599028728575,1.0
all,0.0300,cross-ppi,938,0.052290020532853254,1.0
all,0.0300,cross-ppi,939,0.05210893114016024,1.0
all,0.0300,cross-ppi,940,0.05003495320562232,1.0
all,0.0300,cross-ppi,941,0.05703412249914708,1.0
all,0.0300,cross-ppi,942,0.05343473114733255,1.0
all,0.0300,cross-ppi,943,0.051962525903035184,1.0
all,0.0300,cross-ppi,944,0.05141617689106537,1.0
all,0.0300,cross-ppi,945,0.049489217397972934,1.0
all,0.0300,cross-ppi,946,0.05200519797958478,1.0
all,0.0300,cross-ppi,947,0.054500946374574366,1.0
all,0.0300,cross-ppi,948,0.0514759531068304,1.0
all,0.0300,cross-ppi,949,0.056895296804872375,1.0
all,0.0300,cross-ppi,950,0.05278479927816307,1.0
all,0.0300,cross-ppi,951,0.05352973850438958,1.0
all,0.0300,cross-ppi,952,0.04708442703888968,1.0
all,0.0300,cross-ppi,953,0.0535104585025343,1.0
all,0.0300,cross-ppi,954,0.052644856269328355,1.0
all,0.0300,cross-ppi,955,0.052684915776364916,1.0
all,0.0300,cross-ppi,956,0.05096918374505188,1.0
all,0.0300,cross-ppi,957,0.05278759924170609,1.0
all,0.0300,cross-ppi,958,0.05132366886032058,1.0
all,0.0300,cross-ppi,959,0.05503024253154176,1.0
all,0.0300,cross-ppi,960,0.0520642058516827,1.0
all,0.0300,cross-ppi,961,0.05622479689743967,1.0
all,0.0300,cross-ppi,962,0.04885167393095735,1.0
all,0.0300,cross-ppi,963,0.053508501440083234,1.0
all,0.0300,cross-ppi,964,0.05183101351109953,1.0
all,0.0300,cross-ppi,965,0.05131958096616951,1.0
all,0.0300,cross-ppi,966,0.0482853067105985,1.0
all,0.0300,cross-ppi,967,0.04978402956265693,1.0
all,0.0300,cross-ppi,968,0.05286852054762947,1.0
all,0.0300,cross-ppi,969,0.05348866271373076,1.0
all,0.0300,cross-ppi,970,0.048905608985504,1.0
all,0.0300,cross-ppi,971,0.05014183951919404,1.0
all,0.0300,cross-ppi,972,0.05511195443378472,1.0
all,0.0300,cross-ppi,973,0.049953485636050954,1.0
all,0.0300,cross-ppi,974,0.04868510327293263,1.0
all,0.0300,cross-ppi,975,0.05535269025712988,1.0
all,0.0300,cross-ppi,976,0.049957047784441516,1.0
all,0.0300,cross-ppi,977,0.05616031800965049,1.0
all,0.0300,cross-ppi,978,0.05220173154979102,1.0
all,0.0300,cross-ppi,979,0.05306291588075693,1.0
all,0.0300,cross-ppi,980,0.05036679049852763,1.0
all,0.0300,cross-ppi,981,0.05550438518569112,1.0
all,0.0300,cross-ppi,982,0.05822812559537405,1.0
all,0.0300,cross-ppi,983,0.0542631317158723,1.0
all,0.0300,cross-ppi,984,0.051004405315993706,1.0
all,0.0300,cross-ppi,985,0.05591652051895635,1.0
all,0.0300,cross-ppi,986,0.051458294072803196,1.0
all,0.0300,cross-ppi,987,0.0542321187650803,1.0
all,0.0300,cross-ppi,988,0.05306485484493148,1.0
all,0.0300,cross-ppi,989,0.052595301284938833,1.0
all,0.0300,cross-ppi,990,0.05046709138431371,1.0
all,0.0300,cross-ppi,991,0.049180860032909474,1.0
all,0.0300,cross-ppi,992,0.0496712668412663,1.0
all,0.0300,cross-ppi,993,0.04919409629847371,1.0
all,0.0300,cross-ppi,994,0.04779262834296846,1.0
all,0.0300,cross-ppi,995,0.05373207632288002,1.0
all,0.0300,cross-ppi,996,0.05640613478819567,1.0
all,0.0300,cross-ppi,997,0.05484250701975538,1.0
all,0.0300,cross-ppi,998,0.047317278077187,1.0
all,0.0300,cross-ppi,999,0.05222131148502407,1.0
all,0.0400,cross-ppi,666,0.046184623499962996,1.0
all,0.0400,cross-ppi,667,0.044123390564451054,1.0
all,0.0400,cross-ppi,668,0.043842325926016446,1.0
all,0.0400,cross-ppi,669,0.04476003438749143,1.0
all,0.0400,cross-ppi,670,0.04493303441518337,1.0
all,0.0400,cross-ppi,671,0.04439225929619506,1.0
all,0.0400,cross-ppi,672,0.046139168243644724,1.0
all,0.0400,cross-ppi,673,0.04484776001326937,1.0
all,0.0400,cross-ppi,674,0.04477214587931602,1.0
all,0.0400,cross-ppi,675,0.04619710946678293,1.0
all,0.0400,cross-ppi,676,0.04620852938510575,1.0
all,0.0400,cross-ppi,677,0.04515822768384617,1.0
all,0.0400,cross-ppi,678,0.0459235260973824,1.0
all,0.0400,cross-ppi,679,0.0457588508834533,1.0
all,0.0400,cross-ppi,680,0.04514510348146139,1.0
all,0.0400,cross-ppi,681,0.0471917689029141,1.0
all,0.0400,cross-ppi,682,0.04535208577453309,1.0
all,0.0400,cross-ppi,683,0.04686253602885626,1.0
all,0.0400,cross-ppi,684,0.04448210609347092,1.0
all,0.0400,cross-ppi,685,0.04854053200408459,1.0
all,0.0400,cross-ppi,686,0.04254418811249916,1.0
all,0.0400,cross-ppi,687,0.04441180780095297,1.0
all,0.0400,cross-ppi,688,0.04726755512119496,1.0
all,0.0400,cross-ppi,689,0.0469557631855477,1.0
all,0.0400,cross-ppi,690,0.04585926373938046,1.0
all,0.0400,cross-ppi,691,0.04345739254852232,1.0
all,0.0400,cross-ppi,692,0.04135824659061116,1.0
all,0.0400,cross-ppi,693,0.045308052853913816,1.0
all,0.0400,cross-ppi,694,0.04761435251913124,1.0
all,0.0400,cross-ppi,695,0.04388769026243858,1.0
all,0.0400,cross-ppi,696,0.045650356694630245,1.0
all,0.0400,cross-ppi,697,0.04570663897942506,1.0
all,0.0400,cross-ppi,698,0.04555241584776337,1.0
all,0.0400,cross-ppi,699,0.0471204661164992,1.0
all,0.0400,cross-ppi,700,0.04286212090497865,1.0
all,0.0400,cross-ppi,701,0.04451154988741657,1.0
all,0.0400,cross-ppi,702,0.04440718440995761,1.0
all,0.0400,cross-ppi,703,0.042126195196268174,1.0
all,0.0400,cross-ppi,704,0.04588234076072806,1.0
all,0.0400,cross-ppi,705,0.04435917358625319,1.0
all,0.0400,cross-ppi,706,0.045522263395521456,1.0
all,0.0400,cross-ppi,707,0.043125760751268616,1.0
all,0.0400,cross-ppi,708,0.045892425710710366,1.0
all,0.0400,cross-ppi,709,0.04418718249421286,1.0
all,0.0400,cross-ppi,710,0.044051351834089925,1.0
all,0.0400,cross-ppi,711,0.04362203370291132,1.0
all,0.0400,cross-ppi,712,0.046903098458462855,1.0
all,0.0400,cross-ppi,713,0.04610307818355808,1.0
all,0.0400,cross-ppi,714,0.04518314186052377,1.0
all,0.0400,cross-ppi,715,0.046784416670108714,1.0
all,0.0400,cross-ppi,716,0.04490964743869075,1.0
all,0.0400,cross-ppi,717,0.0499564334117667,1.0
all,0.0400,cross-ppi,718,0.04564965991089595,1.0
all,0.0400,cross-ppi,719,0.04955880190205589,1.0
all,0.0400,cross-ppi,720,0.04113459732200342,1.0
all,0.0400,cross-ppi,721,0.044702307702829236,1.0
all,0.0400,cross-ppi,722,0.04791389854803588,1.0
all,0.0400,cross-ppi,723,0.04620262365480843,1.0
all,0.0400,cross-ppi,724,0.047069957981442645,1.0
all,0.0400,cross-ppi,725,0.048442006091247825,1.0
all,0.0400,cross-ppi,726,0.04358013569680966,1.0
all,0.0400,cross-ppi,727,0.048107650381334716,1.0
all,0.0400,cross-ppi,728,0.047550678586176676,1.0
all,0.0400,cross-ppi,729,0.04735758178521418,1.0
all,0.0400,cross-ppi,730,0.045284325068793346,1.0
all,0.0400,cross-ppi,731,0.044320253392174075,1.0
all,0.0400,cross-ppi,732,0.04952648805204152,1.0
all,0.0400,cross-ppi,733,0.0451092136177598,1.0
all,0.0400,cross-ppi,734,0.0469634998841795,1.0
all,0.0400,cross-ppi,735,0.046351070050946075,1.0
all,0.0400,cross-ppi,736,0.04791437477811511,1.0
all,0.0400,cross-ppi,737,0.04300949979952165,1.0
all,0.0400,cross-ppi,738,0.044874334665335525,1.0
all,0.0400,cross-ppi,739,0.0438139373708997,1.0
all,0.0400,cross-ppi,740,0.04577116494762212,1.0
all,0.0400,cross-ppi,741,0.044121271956611335,1.0
all,0.0400,cross-ppi,742,0.04703938928025653,1.0
all,0.0400,cross-ppi,743,0.04649499184896266,1.0
all,0.0400,cross-ppi,744,0.04529816584413526,1.0
all,0.0400,cross-ppi,745,0.04515531587091526,1.0
all,0.0400,cross-ppi,746,0.04637489779995563,1.0
all,0.0400,cross-ppi,747,0.04428702806266968,1.0
all,0.0400,cross-ppi,748,0.0478357076295427,1.0
all,0.0400,cross-ppi,749,0.04670636080387147,1.0
all,0.0400,cross-ppi,750,0.04724405251375993,1.0
all,0.0400,cross-ppi,751,0.04621533076317644,1.0
all,0.0400,cross-ppi,752,0.043205079665715934,1.0
all,0.0400,cross-ppi,753,0.0477625972263197,1.0
all,0.0400,cross-ppi,754,0.05082728671904535,1.0
all,0.0400,cross-ppi,755,0.04996673541839414,1.0
all,0.0400,cross-ppi,756,0.04188894179349978,1.0
all,0.0400,cross-ppi,757,0.04712539539596483,1.0
all,0.0400,cross-ppi,758,0.04615401211505363,1.0
all,0.0400,cross-ppi,759,0.04765719110283129,1.0
all,0.0400,cross-ppi,760,0.04371463346063109,1.0
all,0.0400,cross-ppi,761,0.047861925790654514,1.0
all,0.0400,cross-ppi,762,0.043696221891715625,1.0
all,0.0400,cross-ppi,763,0.04520695360416438,0.0
all,0.0400,cross-ppi,764,0.046422227213528844,1.0
all,0.0400,cross-ppi,765,0.04315811850781581,1.0
all,0.0400,cross-ppi,766,0.046470679306497065,1.0
all,0.0400,cross-ppi,767,0.043232008472252725,1.0
all,0.0400,cross-ppi,768,0.04532437914176768,1.0
all,0.0400,cross-ppi,769,0.04374865619683832,1.0
all,0.0400,cross-ppi,770,0.04247266224749116,1.0
all,0.0400,cross-ppi,771,0.04571174345802473,1.0
all,0.0400,cross-ppi,772,0.04473313736794893,1.0
all,0.0400,cross-ppi,773,0.04605929183899715,1.0
all,0.0400,cross-ppi,774,0.04819417201626375,1.0
all,0.0400,cross-ppi,775,0.048033404011819325,1.0
all,0.0400,cross-ppi,776,0.04480395689281111,1.0
all,0.0400,cross-ppi,777,0.04384544520688993,1.0
all,0.0400,cross-ppi,778,0.04928478659512356,1.0
all,0.0400,cross-ppi,779,0.0465808572164271,1.0
all,0.0400,cross-ppi,780,0.04753771001337473,1.0
all,0.0400,cross-ppi,781,0.0471315401213267,1.0
all,0.0400,cross-ppi,782,0.043289498483437244,1.0
all,0.0400,cross-ppi,783,0.04590734868799862,1.0
all,0.0400,cross-ppi,784,0.04384553135487346,1.0
all,0.0400,cross-ppi,785,0.04436645215699189,1.0
all,0.0400,cross-ppi,786,0.04269485578859655,0.0
all,0.0400,cross-ppi,787,0.047735857861255976,1.0
all,0.0400,cross-ppi,788,0.045879638989447385,1.0
all,0.0400,cross-ppi,789,0.04811017021296593,1.0
all,0.0400,cross-ppi,790,0.044678609838114,1.0
all,0.0400,cross-ppi,791,0.04628431141837974,1.0
all,0.0400,cross-ppi,792,0.046459725084704306,1.0
all,0.0400,cross-ppi,793,0.046872105822228005,1.0
all,0.0400,cross-ppi,794,0.04451377888124308,1.0
all,0.0400,cross-ppi,795,0.04481354580498664,1.0
all,0.0400,cross-ppi,796,0.04817168934523694,1.0
all,0.0400,cross-ppi,797,0.04443420348292182,1.0
all,0.0400,cross-ppi,798,0.048081775170860624,1.0
all,0.0400,cross-ppi,799,0.04413047775471249,1.0
all,0.0400,cross-ppi,800,0.04249767461590226,1.0
all,0.0400,cross-ppi,801,0.04653791499371704,1.0
all,0.0400,cross-ppi,802,0.04691787405407319,1.0
all,0.0400,cross-ppi,803,0.04553925706111647,1.0
all,0.0400,cross-ppi,804,0.045746936531883636,1.0
all,0.0400,cross-ppi,805,0.04281775788445155,1.0
all,0.0400,cross-ppi,806,0.04599469833584979,1.0
all,0.0400,cross-ppi,807,0.04544063687237368,1.0
all,0.0400,cross-ppi,808,0.04613437435327372,1.0
all,0.0400,cross-ppi,809,0.046276995807481125,1.0
all,0.0400,cross-ppi,810,0.04775373001414718,1.0
all,0.0400,cross-ppi,811,0.04721981817622256,1.0
all,0.0400,cross-ppi,812,0.04576883992639544,0.0
all,0.0400,cross-ppi,813,0.04909650021065726,1.0
all,0.0400,cross-ppi,814,0.048364261392837254,1.0
all,0.0400,cross-ppi,815,0.04640495920853949,1.0
all,0.0400,cross-ppi,816,0.04499550668466343,1.0
all,0.0400,cross-ppi,817,0.04444246131839877,1.0
all,0.0400,cross-ppi,818,0.04213028752901901,1.0
all,0.0400,cross-ppi,819,0.047004082511972384,1.0
all,0.0400,cross-ppi,820,0.045962999381019526,1.0
all,0.0400,cross-ppi,821,0.044085046732227795,1.0
all,0.0400,cross-ppi,822,0.04553815807717357,1.0
all,0.0400,cross-ppi,823,0.04638477358125248,1.0
all,0.0400,cross-ppi,824,0.04696818130221536,1.0
all,0.0400,cross-ppi,825,0.04551998317615902,1.0
all,0.0400,cross-ppi,826,0.04500759174312796,1.0
all,0.0400,cross-ppi,827,0.04744042924163258,1.0
all,0.0400,cross-ppi,828,0.04311763801614665,0.0
all,0.0400,cross-ppi,829,0.0448422054381096,1.0
all,0.0400,cross-ppi,830,0.04955561265049113,1.0
all,0.0400,cross-ppi,831,0.0476445816866837,1.0
all,0.0400,cross-ppi,832,0.04179890025330482,1.0
all,0.0400,cross-ppi,833,0.04698689422332278,1.0
all,0.0400,cross-ppi,834,0.048560652625223216,1.0
all,0.0400,cross-ppi,835,0.04598654723429893,1.0
all,0.0400,cross-ppi,836,0.046724818186821615,1.0
all,0.0400,cross-ppi,837,0.04520266035321141,1.0
all,0.0400,cross-ppi,838,0.04519371465557709,1.0
all,0.0400,cross-ppi,839,0.045140776440741076,1.0
all,0.0400,cross-ppi,840,0.04500392098352887,1.0
all,0.0400,cross-ppi,841,0.04851341233225781,1.0
all,0.0400,cross-ppi,842,0.04618692576601313,1.0
all,0.0400,cross-ppi,843,0.04511044924112828,1.0
all,0.0400,cross-ppi,844,0.04446860303733069,1.0
all,0.0400,cross-ppi,845,0.04320643147921899,1.0
all,0.0400,cross-ppi,846,0.04406770359069534,1.0
all,0.0400,cross-ppi,847,0.04774532336458234,1.0
all,0.0400,cross-ppi,848,0.04566588264945673,1.0
all,0.0400,cross-ppi,849,0.049205771424070344,1.0
all,0.0400,cross-ppi,850,0.04555933749317587,1.0
all,0.0400,cross-ppi,851,0.04584563101829908,1.0
all,0.0400,cross-ppi,852,0.04184107050541186,1.0
all,0.0400,cross-ppi,853,0.04616447910109331,1.0
all,0.0400,cross-ppi,854,0.04549522716499799,1.0
all,0.0400,cross-ppi,855,0.046116323713167096,1.0
all,0.0400,cross-ppi,856,0.045557199470601106,1.0
all,0.0400,cross-ppi,857,0.0457775805504006,1.0
all,0.0400,cross-ppi,858,0.04546887749203096,1.0
all,0.0400,cross-ppi,859,0.04822948814595476,1.0
all,0.0400,cross-ppi,860,0.045367512525753884,1.0
all,0.0400,cross-ppi,861,0.046233394056730576,1.0
all,0.0400,cross-ppi,862,0.04279547114121951,1.0
all,0.0400,cross-ppi,863,0.04581364330600157,1.0
all,0.0400,cross-ppi,864,0.0471894654970835,1.0
all,0.0400,cross-ppi,865,0.0447111217040117,1.0
all,0.0400,cross-ppi,866,0.04180972094850077,1.0
all,0.0400,cross-ppi,867,0.041561008980657066,1.0
all,0.0400,cross-ppi,868,0.046348524577490086,1.0
all,0.0400,cross-ppi,869,0.04670225346362267,1.0
all,0.0400,cross-ppi,870,0.04384347277320541,1.0
all,0.0400,cross-ppi,871,0.04457939605576253,1.0
all,0.0400,cross-ppi,872,0.04767839997915349,1.0
all,0.0400,cross-ppi,873,0.044182824026718914,1.0
all,0.0400,cross-ppi,874,0.043447362465854344,1.0
all,0.0400,cross-ppi,875,0.047799191468831936,1.0
all,0.0400,cross-ppi,876,0.044419736874683036,1.0
all,0.0400,cross-ppi,877,0.04934150878994614,1.0
all,0.0400,cross-ppi,878,0.045162536487579175,1.0
all,0.0400,cross-ppi,879,0.04667194786728604,1.0
all,0.0400,cross-ppi,880,0.04527732489088809,1.0
all,0.0400,cross-ppi,881,0.0459835483700608,1.0
all,0.0400,cross-ppi,882,0.04944920528465668,1.0
all,0.0400,cross-ppi,883,0.0470073857961415,1.0
all,0.0400,cross-ppi,884,0.044343433263287685,1.0
all,0.0400,cross-ppi,885,0.046985412930654724,1.0
all,0.0400,cross-ppi,886,0.04680503517536416,1.0
all,0.0400,cross-ppi,887,0.0469229572089811,1.0
all,0.0400,cross-ppi,888,0.04707365828942575,1.0
all,0.0400,cross-ppi,889,0.04687175598298943,1.0
all,0.0400,cross-ppi,890,0.04278387231316849,1.0
all,0.0400,cross-ppi,891,0.04189490041102781,1.0
all,0.0400,cross-ppi,892,0.04474082747856267,1.0
all,0.0400,cross-ppi,893,0.04436024630971783,1.0
all,0.0400,cross-ppi,894,0.04158234974349029,1.0
all,0.0400,cross-ppi,895,0.046370524356274395,1.0
all,0.0400,cross-ppi,896,0.048589436265894625,1.0
all,0.0400,cross-ppi,897,0.046173787656757614,1.0
all,0.0400,cross-ppi,898,0.04238935085301271,0.0
all,0.0400,cross-ppi,899,0.046542274978919496,1.0
all,0.0400,cross-ppi,900,0.0453045526643647,1.0
all,0.0400,cross-ppi,901,0.04932463927682648,1.0
all,0.0400,cross-ppi,902,0.04214296308280899,1.0
all,0.0400,cross-ppi,903,0.04629743355231833,1.0
all,0.0400,cross-ppi,904,0.04584071585697658,1.0
all,0.0400,cross-ppi,905,0.04461646533333752,1.0
all,0.0400,cross-ppi,906,0.04460872887588427,1.0
all,0.0400,cross-ppi,907,0.046220775940467695,1.0
all,0.0400,cross-ppi,908,0.05011647479812631,1.0
all,0.0400,cross-ppi,909,0.04958112550866367,1.0
all,0.0400,cross-ppi,910,0.04518995969859485,1.0
all,0.0400,cross-ppi,911,0.044637336819313256,1.0
all,0.0400,cross-ppi,912,0.045772074947986185,1.0
all,0.0400,cross-ppi,913,0.04399852176974503,0.0
all,0.0400,cross-ppi,914,0.043022736852862176,1.0
all,0.0400,cross-ppi,915,0.04630603214365092,1.0
all,0.0400,cross-ppi,916,0.046264515095522984,1.0
all,0.0400,cross-ppi,917,0.05044375884545482,1.0
all,0.0400,cross-ppi,918,0.047446940509710434,1.0
all,0.0400,cross-ppi,919,0.045979069462765865,1.0
all,0.0400,cross-ppi,920,0.042383349844841156,0.0
all,0.0400,cross-ppi,921,0.04735510771473184,1.0
all,0.0400,cross-ppi,922,0.046535334275925155,1.0
all,0.0400,cross-ppi,923,0.04248832805660041,1.0
all,0.0400,cross-ppi,924,0.04383488110218639,1.0
all,0.0400,cross-ppi,925,0.04621929337564501,1.0
all,0.0400,cross-ppi,926,0.0465186420213671,1.0
all,0.0400,cross-ppi,927,0.045193607534915525,1.0
all,0.0400,cross-ppi,928,0.04513986247738486,1.0
all,0.0400,cross-ppi,929,0.04488738483903909,1.0
all,0.0400,cross-ppi,930,0.04429527524157384,1.0
all,0.0400,cross-ppi,931,0.04838553606982701,1.0
all,0.0400,cross-ppi,932,0.047689745633027386,1.0
all,0.0400,cross-ppi,933,0.0455745945991356,1.0
all,0.0400,cross-ppi,934,0.04548221090743876,1.0
all,0.0400,cross-ppi,935,0.04551690226859206,0.0
all,0.0400,cross-ppi,936,0.04719084471009649,1.0
all,0.0400,cross-ppi,937,0.042039016537035234,1.0
all,0.0400,cross-ppi,938,0.046703052347117024,1.0
all,0.0400,cross-ppi,939,0.0482807894118491,1.0
all,0.0400,cross-ppi,940,0.04268774054778324,1.0
all,0.0400,cross-ppi,941,0.045791261339144684,1.0
all,0.0400,cross-ppi,942,0.04579565852597378,1.0
all,0.0400,cross-ppi,943,0.048390028968412685,1.0
all,0.0400,cross-ppi,944,0.048507343926586066,1.0
all,0.0400,cross-ppi,945,0.04623845435598542,1.0
all,0.0400,cross-ppi,946,0.0468622614190225,1.0
all,0.0400,cross-ppi,947,0.04568766884234332,1.0
all,0.0400,cross-ppi,948,0.046612906893033546,1.0
all,0.0400,cross-ppi,949,0.04673300602468611,1.0
all,0.0400,cross-ppi,950,0.04669740381533105,1.0
all,0.0400,cross-ppi,951,0.0462027542202188,1.0
all,0.0400,cross-ppi,952,0.043250230605039186,1.0
all,0.0400,cross-ppi,953,0.04847397697017586,1.0
all,0.0400,cross-ppi,954,0.04627509166827537,1.0
all,0.0400,cross-ppi,955,0.047088134641144946,1.0
all,0.0400,cross-ppi,956,0.04299274072614634,1.0
all,0.0400,cross-ppi,957,0.04885049890959592,1.0
all,0.0400,cross-ppi,958,0.04572357634531177,1.0
all,0.0400,cross-ppi,959,0.04293095989733253,1.0
all,0.0400,cross-ppi,960,0.04419732278802313,1.0
all,0.0400,cross-ppi,961,0.04354253374099837,1.0
all,0.0400,cross-ppi,962,0.04491028297413227,1.0
all,0.0400,cross-ppi,963,0.044077853786223836,1.0
all,0.0400,cross-ppi,964,0.046231329346275385,1.0
all,0.0400,cross-ppi,965,0.046147096759005635,1.0
all,0.0400,cross-ppi,966,0.04634135273000295,1.0
all,0.0400,cross-ppi,967,0.045242805970507005,1.0
all,0.0400,cross-ppi,968,0.047627847759218356,1.0
all,0.0400,cross-ppi,969,0.04844113302849329,1.0
all,0.0400,cross-ppi,970,0.045499338754130814,1.0
all,0.0400,cross-ppi,971,0.045197769145691846,1.0
all,0.0400,cross-ppi,972,0.04963296515150395,1.0
all,0.0400,cross-ppi,973,0.043893231594529736,1.0
all,0.0400,cross-ppi,974,0.04496150282135944,1.0
all,0.0400,cross-ppi,975,0.04344916837541546,1.0
all,0.0400,cross-ppi,976,0.04656933214447301,1.0
all,0.0400,cross-ppi,977,0.048013476818575596,1.0
all,0.0400,cross-ppi,978,0.04233044431774044,1.0
all,0.0400,cross-ppi,979,0.048886567793807845,1.0
all,0.0400,cross-ppi,980,0.04511664319433861,1.0
all,0.0400,cross-ppi,981,0.04409419098867873,1.0
all,0.0400,cross-ppi,982,0.045473971878742275,1.0
all,0.0400,cross-ppi,983,0.04740145474310428,1.0
all,0.0400,cross-ppi,984,0.042939316953833934,1.0
all,0.0400,cross-ppi,985,0.04810694019589079,1.0
all,0.0400,cross-ppi,986,0.045926696678620677,1.0
all,0.0400,cross-ppi,987,0.04621408371891253,1.0
all,0.0400,cross-ppi,988,0.04511192595194202,1.0
all,0.0400,cross-ppi,989,0.04422985841840113,1.0
all,0.0400,cross-ppi,990,0.044181113856220144,1.0
all,0.0400,cross-ppi,991,0.04636786628465875,1.0
all,0.0400,cross-ppi,992,0.046803434267155386,1.0
all,0.0400,cross-ppi,993,0.04402530202047936,1.0
all,0.0400,cross-ppi,994,0.04785705559803277,1.0
all,0.0400,cross-ppi,995,0.04384836570425188,1.0
all,0.0400,cross-ppi,996,0.04457826710322399,1.0
all,0.0400,cross-ppi,997,0.04473362969855088,1.0
all,0.0400,cross-ppi,998,0.04836609188372229,1.0
all,0.0400,cross-ppi,999,0.044612470793121556,1.0
all,0.0500,cross-ppi,666,0.04313155892623455,1.0
all,0.0500,cross-ppi,667,0.039399444480420626,1.0
all,0.0500,cross-ppi,668,0.04049885777210005,1.0
all,0.0500,cross-ppi,669,0.03896993485504374,1.0
all,0.0500,cross-ppi,670,0.03807408170067103,1.0
all,0.0500,cross-ppi,671,0.04102308578437566,1.0
all,0.0500,cross-ppi,672,0.03958093138340413,1.0
all,0.0500,cross-ppi,673,0.0405936278604426,1.0
all,0.0500,cross-ppi,674,0.04189955392430553,1.0
all,0.0500,cross-ppi,675,0.04182179089614668,1.0
all,0.0500,cross-ppi,676,0.04089071200291028,1.0
all,0.0500,cross-ppi,677,0.04118603843931623,1.0
all,0.0500,cross-ppi,678,0.044931464197823345,1.0
all,0.0500,cross-ppi,679,0.04078320063431526,1.0
all,0.0500,cross-ppi,680,0.04263684570026227,1.0
all,0.0500,cross-ppi,681,0.04250561443321191,1.0
all,0.0500,cross-ppi,682,0.03909950496307457,1.0
all,0.0500,cross-ppi,683,0.04133523708791864,1.0
all,0.0500,cross-ppi,684,0.040438555498165746,1.0
all,0.0500,cross-ppi,685,0.0410610987395765,1.0
all,0.0500,cross-ppi,686,0.03797901693954539,0.0
all,0.0500,cross-ppi,687,0.04206466338069148,1.0
all,0.0500,cross-ppi,688,0.04054145264003561,1.0
all,0.0500,cross-ppi,689,0.04282513291321863,1.0
all,0.0500,cross-ppi,690,0.04009133672806528,1.0
all,0.0500,cross-ppi,691,0.04162959351489559,1.0
all,0.0500,cross-ppi,692,0.04151141467735353,1.0
all,0.0500,cross-ppi,693,0.04184536328803501,1.0
all,0.0500,cross-ppi,694,0.04100435162875604,1.0
all,0.0500,cross-ppi,695,0.04308534480147408,1.0
all,0.0500,cross-ppi,696,0.04341126876021295,1.0
all,0.0500,cross-ppi,697,0.03904916490721003,0.0
all,0.0500,cross-ppi,698,0.04334439527943609,1.0
all,0.0500,cross-ppi,699,0.03889685531261455,1.0
all,0.0500,cross-ppi,700,0.038888508968106,1.0
all,0.0500,cross-ppi,701,0.04095374573829391,1.0
all,0.0500,cross-ppi,702,0.042835993810178774,1.0
all,0.0500,cross-ppi,703,0.040849781426609694,1.0
all,0.0500,cross-ppi,704,0.041901905771950854,1.0
all,0.0500,cross-ppi,705,0.03994044683260223,1.0
all,0.0500,cross-ppi,706,0.04189188405121569,1.0
all,0.0500,cross-ppi,707,0.04131496503606011,1.0
all,0.0500,cross-ppi,708,0.04032227850615902,1.0
all,0.0500,cross-ppi,709,0.04119743839150658,1.0
all,0.0500,cross-ppi,710,0.04170324939419723,1.0
all,0.0500,cross-ppi,711,0.04250037764353229,1.0
all,0.0500,cross-ppi,712,0.041180610523091216,1.0
all,0.0500,cross-ppi,713,0.042414990751834386,1.0
all,0.0500,cross-ppi,714,0.04264428855228186,1.0
all,0.0500,cross-ppi,715,0.041977240241340974,1.0
all,0.0500,cross-ppi,716,0.04106533422417913,1.0
all,0.0500,cross-ppi,717,0.04053599221523349,1.0
all,0.0500,cross-ppi,718,0.04014334534172914,1.0
all,0.0500,cross-ppi,719,0.042208862508867906,1.0
all,0.0500,cross-ppi,720,0.0412871252875574,1.0
all,0.0500,cross-ppi,721,0.04094157637088658,1.0
all,0.0500,cross-ppi,722,0.04085341514094698,1.0
all,0.0500,cross-ppi,723,0.04185379340070716,1.0
all,0.0500,cross-ppi,724,0.04165966505667085,1.0
all,0.0500,cross-ppi,725,0.04090816944947506,1.0
all,0.0500,cross-ppi,726,0.040625262077876395,1.0
all,0.0500,cross-ppi,727,0.042015008030153816,1.0
all,0.0500,cross-ppi,728,0.03903883064073432,1.0
all,0.0500,cross-ppi,729,0.04143135491736674,1.0
all,0.0500,cross-ppi,730,0.044451174227445406,1.0
all,0.0500,cross-ppi,731,0.04341151297365439,1.0
all,0.0500,cross-ppi,732,0.0384178528967819,1.0
all,0.0500,cross-ppi,733,0.042617806545835024,1.0
all,0.0500,cross-ppi,734,0.043453495771427625,1.0
all,0.0500,cross-ppi,735,0.04296925865433965,1.0
all,0.0500,cross-ppi,736,0.04208169823966032,1.0
all,0.0500,cross-ppi,737,0.041145212299383255,1.0
all,0.0500,cross-ppi,738,0.040615062691536474,1.0
all,0.0500,cross-ppi,739,0.040865964352533646,1.0
all,0.0500,cross-ppi,740,0.04053339383597729,1.0
all,0.0500,cross-ppi,741,0.044337453451765985,1.0
all,0.0500,cross-ppi,742,0.040549447816177864,1.0
all,0.0500,cross-ppi,743,0.03977916035367324,1.0
all,0.0500,cross-ppi,744,0.04027422790699886,1.0
all,0.0500,cross-ppi,745,0.03949270631764676,1.0
all,0.0500,cross-ppi,746,0.04049931686761435,1.0
all,0.0500,cross-ppi,747,0.042735839221245575,1.0
all,0.0500,cross-ppi,748,0.04019927294726036,1.0
all,0.0500,cross-ppi,749,0.043683613669880855,1.0
all,0.0500,cross-ppi,750,0.041081782825690305,1.0
all,0.0500,cross-ppi,751,0.04086102870877806,1.0
all,0.0500,cross-ppi,752,0.03801814878681542,1.0
all,0.0500,cross-ppi,753,0.042906274297165314,1.0
all,0.0500,cross-ppi,754,0.04238585630306754,1.0
all,0.0500,cross-ppi,755,0.041806622883375305,1.0
all,0.0500,cross-ppi,756,0.042905264300615475,1.0
all,0.0500,cross-ppi,757,0.04064865362574477,1.0
all,0.0500,cross-ppi,758,0.04174366422854134,1.0
all,0.0500,cross-ppi,759,0.04336852502888944,1.0
all,0.0500,cross-ppi,760,0.04112731283322901,1.0
all,0.0500,cross-ppi,761,0.04245530965388056,1.0
all,0.0500,cross-ppi,762,0.038759773801109204,1.0
all,0.0500,cross-ppi,763,0.04246103595689854,1.0
all,0.0500,cross-ppi,764,0.04370084445431033,1.0
all,0.0500,cross-ppi,765,0.040908110419480476,1.0
all,0.0500,cross-ppi,766,0.03765487376637222,1.0
all,0.0500,cross-ppi,767,0.037466529199097987,1.0
all,0.0500,cross-ppi,768,0.041027981276929165,1.0
all,0.0500,cross-ppi,769,0.04186146403406166,1.0
all,0.0500,cross-ppi,770,0.039957813812250526,1.0
all,0.0500,cross-ppi,771,0.04052835999685048,1.0
all,0.0500,cross-ppi,772,0.04173990199948188,1.0
all,0.0500,cross-ppi,773,0.03878292346567802,1.0
all,0.0500,cross-ppi,774,0.03967286654793811,1.0
all,0.0500,cross-ppi,775,0.044188633468398186,1.0
all,0.0500,cross-ppi,776,0.04053364423976569,1.0
all,0.0500,cross-ppi,777,0.04448284011078041,1.0
all,0.0500,cross-ppi,778,0.04069233894111712,1.0
all,0.0500,cross-ppi,779,0.041198991383399663,1.0
all,0.0500,cross-ppi,780,0.04138557703197884,1.0
all,0.0500,cross-ppi,781,0.041276978976270584,1.0
all,0.0500,cross-ppi,782,0.04407806595549757,0.0
all,0.0500,cross-ppi,783,0.04207370400877328,1.0
all,0.0500,cross-ppi,784,0.03993802659776735,1.0
all,0.0500,cross-ppi,785,0.04243285865505533,1.0
all,0.0500,cross-ppi,786,0.04210827611082593,1.0
all,0.0500,cross-ppi,787,0.04211577956276591,1.0
all,0.0500,cross-ppi,788,0.042361474319598136,1.0
all,0.0500,cross-ppi,789,0.04170501063245846,1.0
all,0.0500,cross-ppi,790,0.03876246675531278,1.0
all,0.0500,cross-ppi,791,0.039152765099170456,1.0
all,0.0500,cross-ppi,792,0.040375221052651566,1.0
all,0.0500,cross-ppi,793,0.03997877903410227,1.0
all,0.0500,cross-ppi,794,0.037766241786648336,1.0
all,0.0500,cross-ppi,795,0.04185624039499211,1.0
all,0.0500,cross-ppi,796,0.04348100832058832,0.0
all,0.0500,cross-ppi,797,0.040694493214975175,1.0
all,0.0500,cross-ppi,798,0.039476601705459996,1.0
all,0.0500,cross-ppi,799,0.04189422935169859,1.0
all,0.0500,cross-ppi,800,0.039978701819222334,1.0
all,0.0500,cross-ppi,801,0.043277387615176965,1.0
all,0.0500,cross-ppi,802,0.03873375081704955,1.0
all,0.0500,cross-ppi,803,0.041981794695767044,1.0
all,0.0500,cross-ppi,804,0.041071936584355956,1.0
all,0.0500,cross-ppi,805,0.041091545164916865,1.0
all,0.0500,cross-ppi,806,0.04031644810891355,1.0
all,0.0500,cross-ppi,807,0.041864640400296804,1.0
all,0.0500,cross-ppi,808,0.044567375668673276,1.0
all,0.0500,cross-ppi,809,0.044173502683917426,1.0
all,0.0500,cross-ppi,810,0.0408215871195905,1.0
all,0.0500,cross-ppi,811,0.040022222509537714,1.0
all,0.0500,cross-ppi,812,0.040763283669877914,1.0
all,0.0500,cross-ppi,813,0.039349445109054915,0.0
all,0.0500,cross-ppi,814,0.04058064727706623,1.0
all,0.0500,cross-ppi,815,0.04191457521745168,1.0
all,0.0500,cross-ppi,816,0.041655345371332864,1.0
all,0.0500,cross-ppi,817,0.044067238015104815,1.0
all,0.0500,cross-ppi,818,0.04293677125166609,1.0
all,0.0500,cross-ppi,819,0.04087597707437521,1.0
all,0.0500,cross-ppi,820,0.039468111514385784,1.0
all,0.0500,cross-ppi,821,0.04201529626468506,1.0
all,0.0500,cross-ppi,822,0.04048214074285306,1.0
all,0.0500,cross-ppi,823,0.03843800600220526,1.0
all,0.0500,cross-ppi,824,0.03999926882029356,1.0
all,0.0500,cross-ppi,825,0.04086012215090662,1.0
all,0.0500,cross-ppi,826,0.041159227939689735,1.0
all,0.0500,cross-ppi,827,0.04024703661415138,1.0
all,0.0500,cross-ppi,828,0.03987501761485601,0.0
all,0.0500,cross-ppi,829,0.040912368139355754,1.0
all,0.0500,cross-ppi,830,0.0388864858283513,1.0
all,0.0500,cross-ppi,831,0.043526998817278506,1.0
all,0.0500,cross-ppi,832,0.04348481399505741,1.0
all,0.0500,cross-ppi,833,0.04100179480798463,1.0
all,0.0500,cross-ppi,834,0.04149884678163976,1.0
all,0.0500,cross-ppi,835,0.03999585109150594,1.0
all,0.0500,cross-ppi,836,0.042550290455120265,1.0
all,0.0500,cross-ppi,837,0.03821387871859813,1.0
all,0.0500,cross-ppi,838,0.04211056322426132,1.0
all,0.0500,cross-ppi,839,0.04292651193698574,1.0
all,0.0500,cross-ppi,840,0.040259473444448995,1.0
all,0.0500,cross-ppi,841,0.04073251397017949,1.0
all,0.0500,cross-ppi,842,0.04046336762303479,1.0
all,0.0500,cross-ppi,843,0.041870590712302064,1.0
all,0.0500,cross-ppi,844,0.04345275934650383,1.0
all,0.0500,cross-ppi,845,0.041484470869651346,1.0
all,0.0500,cross-ppi,846,0.042156729795188586,1.0
all,0.0500,cross-ppi,847,0.04207379626307228,1.0
all,0.0500,cross-ppi,848,0.04196900689626193,1.0
all,0.0500,cross-ppi,849,0.04126217592529666,1.0
all,0.0500,cross-ppi,850,0.04107311194943575,1.0
all,0.0500,cross-ppi,851,0.04070425016811283,1.0
all,0.0500,cross-ppi,852,0.039482760603627876,1.0
all,0.0500,cross-ppi,853,0.04322696072083779,1.0
all,0.0500,cross-ppi,854,0.04152773359294126,1.0
all,0.0500,cross-ppi,855,0.04187241472280023,1.0
all,0.0500,cross-ppi,856,0.03849372070508464,1.0
all,0.0500,cross-ppi,857,0.04458186088843921,1.0
all,0.0500,cross-ppi,858,0.041272726934584836,1.0
all,0.0500,cross-ppi,859,0.04043844526501725,1.0
all,0.0500,cross-ppi,860,0.04068099060570721,1.0
all,0.0500,cross-ppi,861,0.03937811499512123,1.0
all,0.0500,cross-ppi,862,0.040399322527905596,1.0
all,0.0500,cross-ppi,863,0.040777357435419326,1.0
all,0.0500,cross-ppi,864,0.042641242924230105,1.0
all,0.0500,cross-ppi,865,0.04171765176794581,1.0
all,0.0500,cross-ppi,866,0.04336928201265555,1.0
all,0.0500,cross-ppi,867,0.04110268731611311,1.0
all,0.0500,cross-ppi,868,0.042172603971176253,1.0
all,0.0500,cross-ppi,869,0.0425532407558398,1.0
all,0.0500,cross-ppi,870,0.04061207317335269,1.0
all,0.0500,cross-ppi,871,0.04051635068885551,1.0
all,0.0500,cross-ppi,872,0.043096051791211676,1.0
all,0.0500,cross-ppi,873,0.039742228065930196,1.0
all,0.0500,cross-ppi,874,0.04141155700190313,1.0
all,0.0500,cross-ppi,875,0.04045313518018037,1.0
all,0.0500,cross-ppi,876,0.04180465604424358,1.0
all,0.0500,cross-ppi,877,0.042461265769294876,1.0
all,0.0500,cross-ppi,878,0.03774550514964539,1.0
all,0.0500,cross-ppi,879,0.044537840797089084,1.0
all,0.0500,cross-ppi,880,0.04052292579779149,1.0
all,0.0500,cross-ppi,881,0.04021357856601193,1.0
all,0.0500,cross-ppi,882,0.041385738765167296,1.0
all,0.0500,cross-ppi,883,0.04253394994933582,1.0
all,0.0500,cross-ppi,884,0.0399290989768325,1.0
all,0.0500,cross-ppi,885,0.0426095431349485,1.0
all,0.0500,cross-ppi,886,0.04220679099056268,1.0
all,0.0500,cross-ppi,887,0.04119656309454822,1.0
all,0.0500,cross-ppi,888,0.04083659763499947,1.0
all,0.0500,cross-ppi,889,0.040209537796303624,1.0
all,0.0500,cross-ppi,890,0.04023995889466203,0.0
all,0.0500,cross-ppi,891,0.0418892988282874,1.0
all,0.0500,cross-ppi,892,0.04089221778365715,1.0
all,0.0500,cross-ppi,893,0.03887550280241159,1.0
all,0.0500,cross-ppi,894,0.04209590486108725,1.0
all,0.0500,cross-ppi,895,0.03950447683348138,1.0
all,0.0500,cross-ppi,896,0.040366403312370625,1.0
all,0.0500,cross-ppi,897,0.04117405116839126,1.0
all,0.0500,cross-ppi,898,0.042610736714231545,1.0
all,0.0500,cross-ppi,899,0.040340810512032754,1.0
all,0.0500,cross-ppi,900,0.04057817199650526,1.0
all,0.0500,cross-ppi,901,0.03916192542766472,1.0
all,0.0500,cross-ppi,902,0.04006094965580356,1.0
all,0.0500,cross-ppi,903,0.04109879143811446,1.0
all,0.0500,cross-ppi,904,0.0388235533077885,1.0
all,0.0500,cross-ppi,905,0.04157589856656663,1.0
all,0.0500,cross-ppi,906,0.04036299550094699,1.0
all,0.0500,cross-ppi,907,0.04265489942476419,1.0
all,0.0500,cross-ppi,908,0.03702118583706418,1.0
all,0.0500,cross-ppi,909,0.04062437038601607,1.0
all,0.0500,cross-ppi,910,0.038894723173556134,1.0
all,0.0500,cross-ppi,911,0.04103907173888274,1.0
all,0.0500,cross-ppi,912,0.040249439953948835,1.0
all,0.0500,cross-ppi,913,0.04022492337963837,1.0
all,0.0500,cross-ppi,914,0.04131987453205577,1.0
all,0.0500,cross-ppi,915,0.04025889287019946,1.0
all,0.0500,cross-ppi,916,0.040615590724401684,1.0
all,0.0500,cross-ppi,917,0.03961924856633428,1.0
all,0.0500,cross-ppi,918,0.04165828609227529,1.0
all,0.0500,cross-ppi,919,0.04021593522470546,1.0
all,0.0500,cross-ppi,920,0.04053314641500075,1.0
all,0.0500,cross-ppi,921,0.038425603368905575,1.0
all,0.0500,cross-ppi,922,0.04070954777373467,1.0
all,0.0500,cross-ppi,923,0.042667287999454045,1.0
all,0.0500,cross-ppi,924,0.03906928452229863,1.0
all,0.0500,cross-ppi,925,0.04300713480875937,1.0
all,0.0500,cross-ppi,926,0.03919857073992308,1.0
all,0.0500,cross-ppi,927,0.040030159913595376,1.0
all,0.0500,cross-ppi,928,0.041353700274688654,1.0
all,0.0500,cross-ppi,929,0.039190727625377786,1.0
all,0.0500,cross-ppi,930,0.04148033782053773,1.0
all,0.0500,cross-ppi,931,0.04200569770201598,1.0
all,0.0500,cross-ppi,932,0.039855396176682545,1.0
all,0.0500,cross-ppi,933,0.040801329166293004,1.0
all,0.0500,cross-ppi,934,0.042673557973600174,1.0
all,0.0500,cross-ppi,935,0.04134578590165183,1.0
all,0.0500,cross-ppi,936,0.03919506455181107,1.0
all,0.0500,cross-ppi,937,0.04150430285431561,1.0
all,0.0500,cross-ppi,938,0.039598128005344346,1.0
all,0.0500,cross-ppi,939,0.04058952168925245,1.0
all,0.0500,cross-ppi,940,0.04164250474837139,1.0
all,0.0500,cross-ppi,941,0.040314507304137104,1.0
all,0.0500,cross-ppi,942,0.04012701072508473,1.0
all,0.0500,cross-ppi,943,0.04275247529501555,1.0
all,0.0500,cross-ppi,944,0.039660458129516796,1.0
all,0.0500,cross-ppi,945,0.04462357782833912,1.0
all,0.0500,cross-ppi,946,0.04268830189125494,1.0
all,0.0500,cross-ppi,947,0.037442405019708386,1.0
all,0.0500,cross-ppi,948,0.04049679069620063,1.0
all,0.0500,cross-ppi,949,0.04044246095816992,1.0
all,0.0500,cross-ppi,950,0.040312831494974194,1.0
all,0.0500,cross-ppi,951,0.04164585508381413,1.0
all,0.0500,cross-ppi,952,0.040860256120949345,1.0
all,0.0500,cross-ppi,953,0.04077788607316224,1.0
all,0.0500,cross-ppi,954,0.04095840514546911,1.0
all,0.0500,cross-ppi,955,0.04152942519180572,1.0
all,0.0500,cross-ppi,956,0.04163415341013543,1.0
all,0.0500,cross-ppi,957,0.041570550444617105,1.0
all,0.0500,cross-ppi,958,0.03890355259406775,1.0
all,0.0500,cross-ppi,959,0.039291868839250205,1.0
all,0.0500,cross-ppi,960,0.04024729312744557,1.0
all,0.0500,cross-ppi,961,0.0438946091904423,1.0
all,0.0500,cross-ppi,962,0.0415945894081787,1.0
all,0.0500,cross-ppi,963,0.04212625049504501,1.0
all,0.0500,cross-ppi,964,0.04121925392652062,1.0
all,0.0500,cross-ppi,965,0.03910895783384025,1.0
all,0.0500,cross-ppi,966,0.03941921225937883,1.0
all,0.0500,cross-ppi,967,0.042250526171678265,1.0
all,0.0500,cross-ppi,968,0.04159771674102719,1.0
all,0.0500,cross-ppi,969,0.04046539425472037,1.0
all,0.0500,cross-ppi,970,0.04104406422920115,1.0
all,0.0500,cross-ppi,971,0.041986376041016404,1.0
all,0.0500,cross-ppi,972,0.03995159421951666,1.0
all,0.0500,cross-ppi,973,0.04088607999934893,1.0
all,0.0500,cross-ppi,974,0.03747202931065974,1.0
all,0.0500,cross-ppi,975,0.04045491737020254,1.0
all,0.0500,cross-ppi,976,0.03915803988971711,1.0
all,0.0500,cross-ppi,977,0.040912241150658946,1.0
all,0.0500,cross-ppi,978,0.04122600658153297,1.0
all,0.0500,cross-ppi,979,0.03872778190689685,1.0
all,0.0500,cross-ppi,980,0.040512590285615685,1.0
all,0.0500,cross-ppi,981,0.04139550973655634,1.0
all,0.0500,cross-ppi,982,0.04127536708320714,1.0
all,0.0500,cross-ppi,983,0.03913361703247484,1.0
all,0.0500,cross-ppi,984,0.04045934296548015,1.0
all,0.0500,cross-ppi,985,0.04059614658983371,1.0
all,0.0500,cross-ppi,986,0.0417754500383396,1.0
all,0.0500,cross-ppi,987,0.041421103410127696,1.0
all,0.0500,cross-ppi,988,0.03655631662263381,1.0
all,0.0500,cross-ppi,989,0.042011145766216895,1.0
all,0.0500,cross-ppi,990,0.0419675188838374,1.0
all,0.0500,cross-ppi,991,0.03990606753019221,1.0
all,0.0500,cross-ppi,992,0.04021233830946855,1.0
all,0.0500,cross-ppi,993,0.04009187530264216,1.0
all,0.0500,cross-ppi,994,0.04161164323362407,1.0
all,0.0500,cross-ppi,995,0.03925993146717677,1.0
all,0.0500,cross-ppi,996,0.03969961574397782,1.0
all,0.0500,cross-ppi,997,0.04150728599609177,1.0
all,0.0500,cross-ppi,998,0.04139840309950227,1.0
all,0.0500,cross-ppi,999,0.03882207934722359,1.0
all,0.0600,cross-ppi,666,0.03516800736383996,1.0
all,0.0600,cross-ppi,667,0.035266112578648534,1.0
all,0.0600,cross-ppi,668,0.037239172040686275,1.0
all,0.0600,cross-ppi,669,0.0382886545361415,1.0
all,0.0600,cross-ppi,670,0.037050019900162184,1.0
all,0.0600,cross-ppi,671,0.03716260236101132,1.0
all,0.0600,cross-ppi,672,0.03827215677192175,1.0
all,0.0600,cross-ppi,673,0.03635393438063786,1.0
all,0.0600,cross-ppi,674,0.036577378732787214,1.0
all,0.0600,cross-ppi,675,0.03988999458155451,1.0
all,0.0600,cross-ppi,676,0.03822551936882357,1.0
all,0.0600,cross-ppi,677,0.03988916228746453,1.0
all,0.0600,cross-ppi,678,0.03776139656260058,1.0
all,0.0600,cross-ppi,679,0.03725981710334192,1.0
all,0.0600,cross-ppi,680,0.03737814572518913,1.0
all,0.0600,cross-ppi,681,0.03863042486527457,1.0
all,0.0600,cross-ppi,682,0.040374060017345004,0.0
all,0.0600,cross-ppi,683,0.03771366959174771,1.0
all,0.0600,cross-ppi,684,0.0376145466135136,1.0
all,0.0600,cross-ppi,685,0.03854369128759627,1.0
all,0.0600,cross-ppi,686,0.0382021678086821,1.0
all,0.0600,cross-ppi,687,0.038721239815249664,1.0
all,0.0600,cross-ppi,688,0.038388221019223984,1.0
all,0.0600,cross-ppi,689,0.03743281876786331,1.0
all,0.0600,cross-ppi,690,0.0355797895150487,1.0
all,0.0600,cross-ppi,691,0.03647724149615583,1.0
all,0.0600,cross-ppi,692,0.03713862640959442,1.0
all,0.0600,cross-ppi,693,0.03690227594663442,1.0
all,0.0600,cross-ppi,694,0.03548898511639423,1.0
all,0.0600,cross-ppi,695,0.03779816344654485,1.0
all,0.0600,cross-ppi,696,0.03928292442642689,0.0
all,0.0600,cross-ppi,697,0.03757175472577989,1.0
all,0.0600,cross-ppi,698,0.03684097954047785,1.0
all,0.0600,cross-ppi,699,0.038714478893255855,1.0
all,0.0600,cross-ppi,700,0.03623162575608166,1.0
all,0.0600,cross-ppi,701,0.039627104938147584,1.0
all,0.0600,cross-ppi,702,0.03698205572814117,1.0
all,0.0600,cross-ppi,703,0.038095313209845244,1.0
all,0.0600,cross-ppi,704,0.03713789876625542,1.0
all,0.0600,cross-ppi,705,0.038478973090927154,1.0
all,0.0600,cross-ppi,706,0.03634918042087806,1.0
all,0.0600,cross-ppi,707,0.037678797868209046,1.0
all,0.0600,cross-ppi,708,0.0405783139770752,1.0
all,0.0600,cross-ppi,709,0.040521446031619,1.0
all,0.0600,cross-ppi,710,0.03725301905486089,1.0
all,0.0600,cross-ppi,711,0.03720760152270566,1.0
all,0.0600,cross-ppi,712,0.03750233576555184,1.0
all,0.0600,cross-ppi,713,0.03672902439560077,1.0
all,0.0600,cross-ppi,714,0.037122364097384564,1.0
all,0.0600,cross-ppi,715,0.038177824990716425,1.0
all,0.0600,cross-ppi,716,0.03829506809069483,1.0
all,0.0600,cross-ppi,717,0.03986427785099067,1.0
all,0.0600,cross-ppi,718,0.03861270199689337,1.0
all,0.0600,cross-ppi,719,0.03899707579458431,1.0
all,0.0600,cross-ppi,720,0.03692759043059424,1.0
all,0.0600,cross-ppi,721,0.038209754441204585,1.0
all,0.0600,cross-ppi,722,0.03753124095426874,1.0
all,0.0600,cross-ppi,723,0.034769781933050276,1.0
all,0.0600,cross-ppi,724,0.03772342612646798,1.0
all,0.0600,cross-ppi,725,0.037734168166760895,1.0
all,0.0600,cross-ppi,726,0.03773478679966605,1.0
all,0.0600,cross-ppi,727,0.03773397801030606,1.0
all,0.0600,cross-ppi,728,0.03825942805527316,1.0
all,0.0600,cross-ppi,729,0.03918728305082694,1.0
all,0.0600,cross-ppi,730,0.03657306557392703,1.0
all,0.0600,cross-ppi,731,0.03948917368247573,1.0
all,0.0600,cross-ppi,732,0.039398937466914474,1.0
all,0.0600,cross-ppi,733,0.03731382522905871,1.0
all,0.0600,cross-ppi,734,0.03872290509098686,1.0
all,0.0600,cross-ppi,735,0.03693189798979135,1.0
all,0.0600,cross-ppi,736,0.03873092986327756,1.0
all,0.0600,cross-ppi,737,0.03488663099222633,1.0
all,0.0600,cross-ppi,738,0.03855493137379873,1.0
all,0.0600,cross-ppi,739,0.03993651158694769,1.0
all,0.0600,cross-ppi,740,0.037017562473894094,1.0
all,0.0600,cross-ppi,741,0.03789913352617247,1.0
all,0.0600,cross-ppi,742,0.03642992185966576,1.0
all,0.0600,cross-ppi,743,0.03948420244461012,1.0
all,0.0600,cross-ppi,744,0.040049677622834595,1.0
all,0.0600,cross-ppi,745,0.037971280747315594,1.0
all,0.0600,cross-ppi,746,0.03750432169072293,1.0
all,0.0600,cross-ppi,747,0.03852831677578042,1.0
all,0.0600,cross-ppi,748,0.03777547256214295,1.0
all,0.0600,cross-ppi,749,0.03789930383544271,1.0
all,0.0600,cross-ppi,750,0.03786831939662105,1.0
all,0.0600,cross-ppi,751,0.03828034330107333,1.0
all,0.0600,cross-ppi,752,0.036323112293558224,1.0
all,0.0600,cross-ppi,753,0.03984452750972434,1.0
all,0.0600,cross-ppi,754,0.038343206538787505,1.0
all,0.0600,cross-ppi,755,0.03914586603033832,1.0
all,0.0600,cross-ppi,756,0.03608876279146578,1.0
all,0.0600,cross-ppi,757,0.03993725587932884,1.0
all,0.0600,cross-ppi,758,0.03807501449828751,1.0
all,0.0600,cross-ppi,759,0.03767888119174756,1.0
all,0.0600,cross-ppi,760,0.037515872117951043,1.0
all,0.0600,cross-ppi,761,0.03708216762115624,1.0
all,0.0600,cross-ppi,762,0.036617199630638836,1.0
all,0.0600,cross-ppi,763,0.03806449544061194,1.0
all,0.0600,cross-ppi,764,0.039370883985394456,1.0
all,0.0600,cross-ppi,765,0.037998930768348704,1.0
all,0.0600,cross-ppi,766,0.04045002051505567,1.0
all,0.0600,cross-ppi,767,0.03794490336718859,1.0
all,0.0600,cross-ppi,768,0.03891321123593247,1.0
all,0.0600,cross-ppi,769,0.03937007890030883,1.0
all,0.0600,cross-ppi,770,0.03670298421045859,1.0
all,0.0600,cross-ppi,771,0.03698255478852783,1.0
all,0.0600,cross-ppi,772,0.03880267385331326,1.0
all,0.0600,cross-ppi,773,0.036419547870735175,1.0
all,0.0600,cross-ppi,774,0.037529614952183904,1.0
all,0.0600,cross-ppi,775,0.03842569112776206,1.0
all,0.0600,cross-ppi,776,0.03826116324318796,1.0
all,0.0600,cross-ppi,777,0.038858977549671575,1.0
all,0.0600,cross-ppi,778,0.03573380155776587,1.0
all,0.0600,cross-ppi,779,0.039936833786630904,1.0
all,0.0600,cross-ppi,780,0.03688345752999925,0.0
all,0.0600,cross-ppi,781,0.03752211278774972,1.0
all,0.0600,cross-ppi,782,0.0373022861381577,1.0
all,0.0600,cross-ppi,783,0.03794164358937768,1.0
all,0.0600,cross-ppi,784,0.037121179984948044,1.0
all,0.0600,cross-ppi,785,0.03825958333640167,1.0
all,0.0600,cross-ppi,786,0.03805284767934322,1.0
all,0.0600,cross-ppi,787,0.03830918315207055,1.0
all,0.0600,cross-ppi,788,0.03736442924879313,1.0
all,0.0600,cross-ppi,789,0.03689011014810528,1.0
all,0.0600,cross-ppi,790,0.036815427507732146,0.0
all,0.0600,cross-ppi,791,0.037295282205209196,1.0
all,0.0600,cross-ppi,792,0.03698464985037661,1.0
all,0.0600,cross-ppi,793,0.03613005611188125,1.0
all,0.0600,cross-ppi,794,0.0378761059841225,1.0
all,0.0600,cross-ppi,795,0.03676004638727745,1.0
all,0.0600,cross-ppi,796,0.03745193071178107,1.0
all,0.0600,cross-ppi,797,0.03835651977654331,1.0
all,0.0600,cross-ppi,798,0.03832553246827722,1.0
all,0.0600,cross-ppi,799,0.036606415468205755,1.0
all,0.0600,cross-ppi,800,0.03670015755398101,1.0
all,0.0600,cross-ppi,801,0.03648764853354747,1.0
all,0.0600,cross-ppi,802,0.03713208325696238,1.0
all,0.0600,cross-ppi,803,0.037121089398409496,1.0
all,0.0600,cross-ppi,804,0.03645570771989426,1.0
all,0.0600,cross-ppi,805,0.03774461935090759,1.0
all,0.0600,cross-ppi,806,0.03712428658033681,1.0
all,0.0600,cross-ppi,807,0.038781355349424285,1.0
all,0.0600,cross-ppi,808,0.03401070387382568,0.0
all,0.0600,cross-ppi,809,0.03698449464012821,1.0
all,0.0600,cross-ppi,810,0.0360214823080498,1.0
all,0.0600,cross-ppi,811,0.037929319309707554,1.0
all,0.0600,cross-ppi,812,0.03728883309369857,1.0
all,0.0600,cross-ppi,813,0.03655337314838569,1.0
all,0.0600,cross-ppi,814,0.037730655746785,1.0
all,0.0600,cross-ppi,815,0.036655124918179904,1.0
all,0.0600,cross-ppi,816,0.03669626912650645,1.0
all,0.0600,cross-ppi,817,0.03622046387967551,1.0
all,0.0600,cross-ppi,818,0.037959630449534654,1.0
all,0.0600,cross-ppi,819,0.03783204306147914,1.0
all,0.0600,cross-ppi,820,0.0386354305632195,1.0
all,0.0600,cross-ppi,821,0.035715036140344214,1.0
all,0.0600,cross-ppi,822,0.03729658773622202,1.0
all,0.0600,cross-ppi,823,0.0383638503639262,1.0
all,0.0600,cross-ppi,824,0.036820272480012406,1.0
all,0.0600,cross-ppi,825,0.039961337312909045,1.0
all,0.0600,cross-ppi,826,0.03680768369513979,1.0
all,0.0600,cross-ppi,827,0.036527950933182174,1.0
all,0.0600,cross-ppi,828,0.038086498743177405,1.0
all,0.0600,cross-ppi,829,0.03576497169523299,1.0
all,0.0600,cross-ppi,830,0.03942561919578913,1.0
all,0.0600,cross-ppi,831,0.03854631423158772,1.0
all,0.0600,cross-ppi,832,0.03652187885929559,1.0
all,0.0600,cross-ppi,833,0.03762798091555156,1.0
all,0.0600,cross-ppi,834,0.03917058528600659,1.0
all,0.0600,cross-ppi,835,0.03894540648861289,1.0
all,0.0600,cross-ppi,836,0.035666015907751286,1.0
all,0.0600,cross-ppi,837,0.03859819112436713,1.0
all,0.0600,cross-ppi,838,0.035498892206560106,1.0
all,0.0600,cross-ppi,839,0.03766483780954552,1.0
all,0.0600,cross-ppi,840,0.038094228193050195,1.0
all,0.0600,cross-ppi,841,0.03737791278841751,1.0
all,0.0600,cross-ppi,842,0.03789114740384214,1.0
all,0.0600,cross-ppi,843,0.038956707585832695,1.0
all,0.0600,cross-ppi,844,0.03659683349300066,1.0
all,0.0600,cross-ppi,845,0.04050213658071902,1.0
all,0.0600,cross-ppi,846,0.03809195806677648,1.0
all,0.0600,cross-ppi,847,0.03489045053742765,1.0
all,0.0600,cross-ppi,848,0.036612291021215465,1.0
all,0.0600,cross-ppi,849,0.03768336773140793,1.0
all,0.0600,cross-ppi,850,0.03759917787444597,1.0
all,0.0600,cross-ppi,851,0.039134231148070464,1.0
all,0.0600,cross-ppi,852,0.03746207680028646,1.0
all,0.0600,cross-ppi,853,0.03663265905394408,1.0
all,0.0600,cross-ppi,854,0.038496965115606324,1.0
all,0.0600,cross-ppi,855,0.038915624545418415,1.0
all,0.0600,cross-ppi,856,0.03870062615082803,1.0
all,0.0600,cross-ppi,857,0.03802795597000855,1.0
all,0.0600,cross-ppi,858,0.037300999531569984,1.0
all,0.0600,cross-ppi,859,0.03763289586171803,1.0
all,0.0600,cross-ppi,860,0.03738544828272017,1.0
all,0.0600,cross-ppi,861,0.0411420377963696,1.0
all,0.0600,cross-ppi,862,0.03830227313850257,1.0
all,0.0600,cross-ppi,863,0.038296113370381524,1.0
all,0.0600,cross-ppi,864,0.03761177399855872,1.0
all,0.0600,cross-ppi,865,0.035937369980244244,1.0
all,0.0600,cross-ppi,866,0.03634331678048294,1.0
all,0.0600,cross-ppi,867,0.03821541998825864,1.0
all,0.0600,cross-ppi,868,0.03756979584643072,1.0
all,0.0600,cross-ppi,869,0.03799010421818491,1.0
all,0.0600,cross-ppi,870,0.03771590271119496,1.0
all,0.0600,cross-ppi,871,0.03815944796783244,1.0
all,0.0600,cross-ppi,872,0.03754928874440533,1.0
all,0.0600,cross-ppi,873,0.0374771095753913,1.0
all,0.0600,cross-ppi,874,0.0353209652003349,0.0
all,0.0600,cross-ppi,875,0.03719270961445767,1.0
all,0.0600,cross-ppi,876,0.03703106534638523,1.0
all,0.0600,cross-ppi,877,0.03729849330967516,1.0
all,0.0600,cross-ppi,878,0.03768149421426159,1.0
all,0.0600,cross-ppi,879,0.038055918832549995,1.0
all,0.0600,cross-ppi,880,0.037695781355677194,1.0
all,0.0600,cross-ppi,881,0.03806677966568836,1.0
all,0.0600,cross-ppi,882,0.03753929360321895,1.0
all,0.0600,cross-ppi,883,0.03587941316915044,1.0
all,0.0600,cross-ppi,884,0.03693584316014431,1.0
all,0.0600,cross-ppi,885,0.0365242738982966,1.0
all,0.0600,cross-ppi,886,0.03772030623929168,1.0
all,0.0600,cross-ppi,887,0.03889430179108069,1.0
all,0.0600,cross-ppi,888,0.034104921130608284,1.0
all,0.0600,cross-ppi,889,0.03807699556738109,1.0
all,0.0600,cross-ppi,890,0.038761431371989535,1.0
all,0.0600,cross-ppi,891,0.03689060798676258,1.0
all,0.0600,cross-ppi,892,0.03656934128706854,1.0
all,0.0600,cross-ppi,893,0.037017412287240314,1.0
all,0.0600,cross-ppi,894,0.03815285636692886,1.0
all,0.0600,cross-ppi,895,0.036029759961977964,1.0
all,0.0600,cross-ppi,896,0.03572620898627346,1.0
all,0.0600,cross-ppi,897,0.03879833507812694,1.0
all,0.0600,cross-ppi,898,0.038483433155962365,1.0
all,0.0600,cross-ppi,899,0.03531077461971821,1.0
all,0.0600,cross-ppi,900,0.03792722583328903,1.0
all,0.0600,cross-ppi,901,0.036420500854856264,1.0
all,0.0600,cross-ppi,902,0.037244324477381324,1.0
all,0.0600,cross-ppi,903,0.038951362888669044,1.0
all,0.0600,cross-ppi,904,0.03814684570588267,1.0
all,0.0600,cross-ppi,905,0.038216119715647534,1.0
all,0.0600,cross-ppi,906,0.037857140393239286,1.0
all,0.0600,cross-ppi,907,0.038135407317782116,1.0
all,0.0600,cross-ppi,908,0.03809550010076601,0.0
all,0.0600,cross-ppi,909,0.03878680207639387,1.0
all,0.0600,cross-ppi,910,0.03898596221488759,1.0
all,0.0600,cross-ppi,911,0.03743979849974155,1.0
all,0.0600,cross-ppi,912,0.03731175527033284,1.0
all,0.0600,cross-ppi,913,0.037480713358611695,1.0
all,0.0600,cross-ppi,914,0.0404522592705521,1.0
all,0.0600,cross-ppi,915,0.03704970531677765,1.0
all,0.0600,cross-ppi,916,0.0380024808170685,1.0
all,0.0600,cross-ppi,917,0.03883140324726431,1.0
all,0.0600,cross-ppi,918,0.03683728203289782,1.0
all,0.0600,cross-ppi,919,0.03650838064145667,1.0
all,0.0600,cross-ppi,920,0.0389446696543011,1.0
all,0.0600,cross-ppi,921,0.03972634432060318,1.0
all,0.0600,cross-ppi,922,0.03791465268970329,1.0
all,0.0600,cross-ppi,923,0.03705111817257112,1.0
all,0.0600,cross-ppi,924,0.038292258161346515,0.0
all,0.0600,cross-ppi,925,0.039781859524488455,1.0
all,0.0600,cross-ppi,926,0.038221678184613195,1.0
all,0.0600,cross-ppi,927,0.036898647262395,1.0
all,0.0600,cross-ppi,928,0.03958592901343419,1.0
all,0.0600,cross-ppi,929,0.040400471447788244,1.0
all,0.0600,cross-ppi,930,0.03903538899225034,1.0
all,0.0600,cross-ppi,931,0.03851207510364918,1.0
all,0.0600,cross-ppi,932,0.0380027316417029,1.0
all,0.0600,cross-ppi,933,0.03836764802831061,1.0
all,0.0600,cross-ppi,934,0.038565235238317896,1.0
all,0.0600,cross-ppi,935,0.03666074885404727,1.0
all,0.0600,cross-ppi,936,0.037814126197860176,1.0
all,0.0600,cross-ppi,937,0.03771149633893067,1.0
all,0.0600,cross-ppi,938,0.0403678617096844,1.0
all,0.0600,cross-ppi,939,0.038259803735214204,1.0
all,0.0600,cross-ppi,940,0.036199970031985496,1.0
all,0.0600,cross-ppi,941,0.03707612245531067,0.0
all,0.0600,cross-ppi,942,0.03707687534585913,1.0
all,0.0600,cross-ppi,943,0.03807294835067562,1.0
all,0.0600,cross-ppi,944,0.03834333977413362,1.0
all,0.0600,cross-ppi,945,0.03639676998933036,1.0
all,0.0600,cross-ppi,946,0.037889977671219044,1.0
all,0.0600,cross-ppi,947,0.03869582055014639,1.0
all,0.0600,cross-ppi,948,0.036014295930030915,1.0
all,0.0600,cross-ppi,949,0.03740529875993526,1.0
all,0.0600,cross-ppi,950,0.03600961223073115,1.0
all,0.0600,cross-ppi,951,0.03854949420558715,1.0
all,0.0600,cross-ppi,952,0.037583652695683756,1.0
all,0.0600,cross-ppi,953,0.037781195719381655,1.0
all,0.0600,cross-ppi,954,0.03970513881836146,1.0
all,0.0600,cross-ppi,955,0.03756793198163333,0.0
all,0.0600,cross-ppi,956,0.03818532520934215,1.0
all,0.0600,cross-ppi,957,0.039814030221886454,1.0
all,0.0600,cross-ppi,958,0.038222429034137084,1.0
all,0.0600,cross-ppi,959,0.03545850206945156,0.0
all,0.0600,cross-ppi,960,0.03876468828196633,1.0
all,0.0600,cross-ppi,961,0.038124404664661826,1.0
all,0.0600,cross-ppi,962,0.038430662846037356,1.0
all,0.0600,cross-ppi,963,0.04007359966147983,1.0
all,0.0600,cross-ppi,964,0.03723635042913889,1.0
all,0.0600,cross-ppi,965,0.038221434925961084,1.0
all,0.0600,cross-ppi,966,0.03916461323078513,1.0
all,0.0600,cross-ppi,967,0.037810627429612054,1.0
all,0.0600,cross-ppi,968,0.03757989401577555,1.0
all,0.0600,cross-ppi,969,0.03925361350160006,1.0
all,0.0600,cross-ppi,970,0.04009131985998973,1.0
all,0.0600,cross-ppi,971,0.03812138125027875,1.0
all,0.0600,cross-ppi,972,0.039700175597063486,1.0
all,0.0600,cross-ppi,973,0.036327612125543474,1.0
all,0.0600,cross-ppi,974,0.03628276702886077,0.0
all,0.0600,cross-ppi,975,0.0372524701588971,1.0
all,0.0600,cross-ppi,976,0.03731815985802811,1.0
all,0.0600,cross-ppi,977,0.03758042878252035,1.0
all,0.0600,cross-ppi,978,0.03786007093585497,1.0
all,0.0600,cross-ppi,979,0.03767877839956554,1.0
all,0.0600,cross-ppi,980,0.03641786802095093,1.0
all,0.0600,cross-ppi,981,0.03753246108231953,1.0
all,0.0600,cross-ppi,982,0.039334545394774545,1.0
all,0.0600,cross-ppi,983,0.03672174162553912,1.0
all,0.0600,cross-ppi,984,0.03629998995376127,0.0
all,0.0600,cross-ppi,985,0.03791275240955205,1.0
all,0.0600,cross-ppi,986,0.03731177883550196,1.0
all,0.0600,cross-ppi,987,0.03921716310442147,1.0
all,0.0600,cross-ppi,988,0.03873451755717017,1.0
all,0.0600,cross-ppi,989,0.03755488408372509,1.0
all,0.0600,cross-ppi,990,0.037873178751406084,1.0
all,0.0600,cross-ppi,991,0.03913595518854651,1.0
all,0.0600,cross-ppi,992,0.03816231703718764,1.0
all,0.0600,cross-ppi,993,0.035627366907594604,1.0
all,0.0600,cross-ppi,994,0.03785804151330274,1.0
all,0.0600,cross-ppi,995,0.03729748324786955,1.0
all,0.0600,cross-ppi,996,0.0371365404428681,1.0
all,0.0600,cross-ppi,997,0.036532275014865084,1.0
all,0.0600,cross-ppi,998,0.03846183721651675,1.0
all,0.0600,cross-ppi,999,0.03899988347555694,1.0
all,0.0700,cross-ppi,666,0.03790117068246035,1.0
all,0.0700,cross-ppi,667,0.0354676630783185,1.0
all,0.0700,cross-ppi,668,0.036167774473296,1.0
all,0.0700,cross-ppi,669,0.03599374432549174,1.0
all,0.0700,cross-ppi,670,0.03359282741159933,1.0
all,0.0700,cross-ppi,671,0.03472776504041186,1.0
all,0.0700,cross-ppi,672,0.036360787551631746,1.0
all,0.0700,cross-ppi,673,0.03445203837567026,1.0
all,0.0700,cross-ppi,674,0.03494247262913519,1.0
all,0.0700,cross-ppi,675,0.035886617008720645,1.0
all,0.0700,cross-ppi,676,0.035741172363020435,1.0
all,0.0700,cross-ppi,677,0.036277284558862366,1.0
all,0.0700,cross-ppi,678,0.03322699197357534,1.0
all,0.0700,cross-ppi,679,0.037578269886447746,1.0
all,0.0700,cross-ppi,680,0.03478452787070599,1.0
all,0.0700,cross-ppi,681,0.035015516262803636,1.0
all,0.0700,cross-ppi,682,0.03537250383880616,1.0
all,0.0700,cross-ppi,683,0.034930485747849155,1.0
all,0.0700,cross-ppi,684,0.034229989787322584,1.0
all,0.0700,cross-ppi,685,0.0362198601312006,1.0
all,0.0700,cross-ppi,686,0.03532663449798093,1.0
all,0.0700,cross-ppi,687,0.035456445763318856,1.0
all,0.0700,cross-ppi,688,0.03458875609425835,1.0
all,0.0700,cross-ppi,689,0.03451696771801463,1.0
all,0.0700,cross-ppi,690,0.034935815760135824,1.0
all,0.0700,cross-ppi,691,0.03512553917517361,1.0
all,0.0700,cross-ppi,692,0.034407486084658406,1.0
all,0.0700,cross-ppi,693,0.03402820557192962,1.0
all,0.0700,cross-ppi,694,0.03529633331537815,1.0
all,0.0700,cross-ppi,695,0.03506287029606303,1.0
all,0.0700,cross-ppi,696,0.03420540972964445,1.0
all,0.0700,cross-ppi,697,0.035395587965209474,1.0
all,0.0700,cross-ppi,698,0.035872050551951085,1.0
all,0.0700,cross-ppi,699,0.03437815632070462,1.0
all,0.0700,cross-ppi,700,0.034549492837469026,1.0
all,0.0700,cross-ppi,701,0.03356043104598472,1.0
all,0.0700,cross-ppi,702,0.03485904365613712,1.0
all,0.0700,cross-ppi,703,0.035147771025190205,1.0
all,0.0700,cross-ppi,704,0.033607207200959915,1.0
all,0.0700,cross-ppi,705,0.03493149961264086,1.0
all,0.0700,cross-ppi,706,0.034599269645748554,1.0
all,0.0700,cross-ppi,707,0.03598674650427258,1.0
all,0.0700,cross-ppi,708,0.03220054860334065,1.0
all,0.0700,cross-ppi,709,0.03437542389492823,1.0
all,0.0700,cross-ppi,710,0.033695260347442635,1.0
all,0.0700,cross-ppi,711,0.03513151029357561,1.0
all,0.0700,cross-ppi,712,0.035570310431644825,1.0
all,0.0700,cross-ppi,713,0.03337622461609924,1.0
all,0.0700,cross-ppi,714,0.0350427784716876,1.0
all,0.0700,cross-ppi,715,0.034567001630394306,1.0
all,0.0700,cross-ppi,716,0.03399987521094436,1.0
all,0.0700,cross-ppi,717,0.03368297329610756,1.0
all,0.0700,cross-ppi,718,0.03548738337088633,1.0
all,0.0700,cross-ppi,719,0.03589740811087638,1.0
all,0.0700,cross-ppi,720,0.036283353688565945,0.0
all,0.0700,cross-ppi,721,0.0338473690916411,1.0
all,0.0700,cross-ppi,722,0.034684073293187595,1.0
all,0.0700,cross-ppi,723,0.03625984848093333,1.0
all,0.0700,cross-ppi,724,0.03504016735309501,1.0
all,0.0700,cross-ppi,725,0.03707160542579491,1.0
all,0.0700,cross-ppi,726,0.03473689700111071,1.0
all,0.0700,cross-ppi,727,0.0342226166806118,1.0
all,0.0700,cross-ppi,728,0.03586022380389042,1.0
all,0.0700,cross-ppi,729,0.033876460391541935,1.0
all,0.0700,cross-ppi,730,0.036481526057137725,1.0
all,0.0700,cross-ppi,731,0.03570799551699,1.0
all,0.0700,cross-ppi,732,0.034473062642491725,1.0
all,0.0700,cross-ppi,733,0.03572806350327051,1.0
all,0.0700,cross-ppi,734,0.035758844142652624,1.0
all,0.0700,cross-ppi,735,0.03620234910996756,1.0
all,0.0700,cross-ppi,736,0.03375674661248651,1.0
all,0.0700,cross-ppi,737,0.035991456585968806,1.0
all,0.0700,cross-ppi,738,0.03350551126948573,1.0
all,0.0700,cross-ppi,739,0.03480380811902117,1.0
all,0.0700,cross-ppi,740,0.03574162426205307,1.0
all,0.0700,cross-ppi,741,0.034786649684912935,1.0
all,0.0700,cross-ppi,742,0.03584831929469953,1.0
all,0.0700,cross-ppi,743,0.036030586795927105,1.0
all,0.0700,cross-ppi,744,0.0344164602920195,1.0
all,0.0700,cross-ppi,745,0.03736458726632216,1.0
all,0.0700,cross-ppi,746,0.03517441812985933,1.0
all,0.0700,cross-ppi,747,0.03316703107454744,1.0
all,0.0700,cross-ppi,748,0.034647563158924394,1.0
all,0.0700,cross-ppi,749,0.035010901778804254,1.0
all,0.0700,cross-ppi,750,0.03551690485382497,1.0
all,0.0700,cross-ppi,751,0.03632469678249772,1.0
all,0.0700,cross-ppi,752,0.034964489598014764,1.0
all,0.0700,cross-ppi,753,0.03409509838126759,1.0
all,0.0700,cross-ppi,754,0.036331850874379845,1.0
all,0.0700,cross-ppi,755,0.03616567871504783,1.0
all,0.0700,cross-ppi,756,0.03593756635396461,1.0
all,0.0700,cross-ppi,757,0.03545843297082693,1.0
all,0.0700,cross-ppi,758,0.03465662105150932,1.0
all,0.0700,cross-ppi,759,0.034638235992505706,1.0
all,0.0700,cross-ppi,760,0.03519181648320868,1.0
all,0.0700,cross-ppi,761,0.03746381942583821,1.0
all,0.0700,cross-ppi,762,0.035744683244450765,1.0
all,0.0700,cross-ppi,763,0.03582884634635167,1.0
all,0.0700,cross-ppi,764,0.034853393916122966,1.0
all,0.0700,cross-ppi,765,0.03305554791398024,1.0
all,0.0700,cross-ppi,766,0.03419790272062284,1.0
all,0.0700,cross-ppi,767,0.03584108540415912,1.0
all,0.0700,cross-ppi,768,0.03490401807526944,1.0
all,0.0700,cross-ppi,769,0.035203556942800224,1.0
all,0.0700,cross-ppi,770,0.035093114589914154,1.0
all,0.0700,cross-ppi,771,0.03570147678596214,1.0
all,0.0700,cross-ppi,772,0.03469729353900772,1.0
all,0.0700,cross-ppi,773,0.035767873815719914,1.0
all,0.0700,cross-ppi,774,0.03284412005559867,1.0
all,0.0700,cross-ppi,775,0.035276335945241044,1.0
all,0.0700,cross-ppi,776,0.03454192208265716,1.0
all,0.0700,cross-ppi,777,0.035458872612557174,1.0
all,0.0700,cross-ppi,778,0.0356651645353436,1.0
all,0.0700,cross-ppi,779,0.03502621237076839,1.0
all,0.0700,cross-ppi,780,0.035030961714680675,1.0
all,0.0700,cross-ppi,781,0.035432121464496036,1.0
all,0.0700,cross-ppi,782,0.03473316514424152,1.0
all,0.0700,cross-ppi,783,0.0331307853831444,1.0
all,0.0700,cross-ppi,784,0.03453723178951296,1.0
all,0.0700,cross-ppi,785,0.033942757207749724,1.0
all,0.0700,cross-ppi,786,0.035172993497508576,1.0
all,0.0700,cross-ppi,787,0.036479513844135864,1.0
all,0.0700,cross-ppi,788,0.03235660817721778,1.0
all,0.0700,cross-ppi,789,0.0348132601899411,1.0
all,0.0700,cross-ppi,790,0.03596907811257366,1.0
all,0.0700,cross-ppi,791,0.03452672272910076,1.0
all,0.0700,cross-ppi,792,0.03436204780876437,1.0
all,0.0700,cross-ppi,793,0.033961763727483135,1.0
all,0.0700,cross-ppi,794,0.03539977883799139,1.0
all,0.0700,cross-ppi,795,0.03392043006959422,1.0
all,0.0700,cross-ppi,796,0.03329625229401559,1.0
all,0.0700,cross-ppi,797,0.036174940987757226,1.0
all,0.0700,cross-ppi,798,0.03533378857157021,1.0
all,0.0700,cross-ppi,799,0.03381003232755442,1.0
all,0.0700,cross-ppi,800,0.03545790105986657,1.0
all,0.0700,cross-ppi,801,0.03425397557735552,1.0
all,0.0700,cross-ppi,802,0.034942710678845884,1.0
all,0.0700,cross-ppi,803,0.03572100893291408,1.0
all,0.0700,cross-ppi,804,0.035251445323476904,1.0
all,0.0700,cross-ppi,805,0.03536091204223846,1.0
all,0.0700,cross-ppi,806,0.03526232010178376,1.0
all,0.0700,cross-ppi,807,0.03488035058071984,1.0
all,0.0700,cross-ppi,808,0.035435362914776,0.0
all,0.0700,cross-ppi,809,0.03644548345167631,1.0
all,0.0700,cross-ppi,810,0.035117374739826096,1.0
all,0.0700,cross-ppi,811,0.0352259461066351,1.0
all,0.0700,cross-ppi,812,0.03493677235519277,1.0
all,0.0700,cross-ppi,813,0.035522268060881435,1.0
all,0.0700,cross-ppi,814,0.03698553706052354,1.0
all,0.0700,cross-ppi,815,0.034655623432412325,1.0
all,0.0700,cross-ppi,816,0.03564861239705766,1.0
all,0.0700,cross-ppi,817,0.03571518777048499,1.0
all,0.0700,cross-ppi,818,0.03436669180220342,1.0
all,0.0700,cross-ppi,819,0.03374776141619229,1.0
all,0.0700,cross-ppi,820,0.03612681234385018,1.0
all,0.0700,cross-ppi,821,0.037287074872958015,1.0
all,0.0700,cross-ppi,822,0.034838139804260065,1.0
all,0.0700,cross-ppi,823,0.03433921571178655,1.0
all,0.0700,cross-ppi,824,0.035637440015677924,0.0
all,0.0700,cross-ppi,825,0.03698248146249114,1.0
all,0.0700,cross-ppi,826,0.035820685093475246,1.0
all,0.0700,cross-ppi,827,0.03384861604026104,1.0
all,0.0700,cross-ppi,828,0.03650860622835214,1.0
all,0.0700,cross-ppi,829,0.03727675746340228,1.0
all,0.0700,cross-ppi,830,0.03692013297268559,1.0
all,0.0700,cross-ppi,831,0.03511498013736436,1.0
all,0.0700,cross-ppi,832,0.03520771232675424,1.0
all,0.0700,cross-ppi,833,0.03593753548789014,1.0
all,0.0700,cross-ppi,834,0.03642513061939931,1.0
all,0.0700,cross-ppi,835,0.034114139935249504,1.0
all,0.0700,cross-ppi,836,0.03540551571521708,1.0
all,0.0700,cross-ppi,837,0.035023128115464125,1.0
all,0.0700,cross-ppi,838,0.03720143127765341,1.0
all,0.0700,cross-ppi,839,0.035399473044115254,1.0
all,0.0700,cross-ppi,840,0.03408409523087752,1.0
all,0.0700,cross-ppi,841,0.03401107722736077,0.0
all,0.0700,cross-ppi,842,0.03490483443830872,1.0
all,0.0700,cross-ppi,843,0.03562043517633115,1.0
all,0.0700,cross-ppi,844,0.03524310580903148,1.0
all,0.0700,cross-ppi,845,0.03369711065710593,1.0
all,0.0700,cross-ppi,846,0.03524081977442797,1.0
all,0.0700,cross-ppi,847,0.03517413432930627,1.0
all,0.0700,cross-ppi,848,0.033936791747386924,1.0
all,0.0700,cross-ppi,849,0.034815617936656745,1.0
all,0.0700,cross-ppi,850,0.03354001132953044,1.0
all,0.0700,cross-ppi,851,0.035412864354160356,1.0
all,0.0700,cross-ppi,852,0.03516094737242678,1.0
all,0.0700,cross-ppi,853,0.03525536320559741,1.0
all,0.0700,cross-ppi,854,0.03658045833529411,1.0
all,0.0700,cross-ppi,855,0.03510539206514518,0.0
all,0.0700,cross-ppi,856,0.03550185508524886,1.0
all,0.0700,cross-ppi,857,0.03703875225166264,1.0
all,0.0700,cross-ppi,858,0.0353865170076684,1.0
all,0.0700,cross-ppi,859,0.03360170549195629,0.0
all,0.0700,cross-ppi,860,0.03536067186599423,1.0
all,0.0700,cross-ppi,861,0.03603414082946221,1.0
all,0.0700,cross-ppi,862,0.03538623053618242,1.0
all,0.0700,cross-ppi,863,0.03640155129087164,1.0
all,0.0700,cross-ppi,864,0.03481888154196611,1.0
all,0.0700,cross-ppi,865,0.036260074390802144,1.0
all,0.0700,cross-ppi,866,0.03647181474708883,1.0
all,0.0700,cross-ppi,867,0.03501156885020132,1.0
all,0.0700,cross-ppi,868,0.034860491836458674,1.0
all,0.0700,cross-ppi,869,0.03612867468233369,1.0
all,0.0700,cross-ppi,870,0.03728695673336327,1.0
all,0.0700,cross-ppi,871,0.035691394232325035,1.0
all,0.0700,cross-ppi,872,0.03684361853575305,1.0
all,0.0700,cross-ppi,873,0.03315730998128122,1.0
all,0.0700,cross-ppi,874,0.03412574804009008,0.0
all,0.0700,cross-ppi,875,0.03491282801811091,1.0
all,0.0700,cross-ppi,876,0.034906953948243585,1.0
all,0.0700,cross-ppi,877,0.03463151939075723,1.0
all,0.0700,cross-ppi,878,0.035033402072647046,1.0
all,0.0700,cross-ppi,879,0.03471974408443554,1.0
all,0.0700,cross-ppi,880,0.03396727571904848,1.0
all,0.0700,cross-ppi,881,0.03447624913023373,1.0
all,0.0700,cross-ppi,882,0.035934771428475454,1.0
all,0.0700,cross-ppi,883,0.03488464909152009,1.0
all,0.0700,cross-ppi,884,0.0340499117592209,1.0
all,0.0700,cross-ppi,885,0.03473510572169611,1.0
all,0.0700,cross-ppi,886,0.03493985567622471,1.0
all,0.0700,cross-ppi,887,0.03660829764665707,1.0
all,0.0700,cross-ppi,888,0.03603369463669928,1.0
all,0.0700,cross-ppi,889,0.03584880063306295,1.0
all,0.0700,cross-ppi,890,0.03597451320957004,1.0
all,0.0700,cross-ppi,891,0.036461771648128916,1.0
all,0.0700,cross-ppi,892,0.03544814414928665,1.0
all,0.0700,cross-ppi,893,0.033007878245302935,1.0
all,0.0700,cross-ppi,894,0.035463535771956156,1.0
all,0.0700,cross-ppi,895,0.0346187133610345,1.0
all,0.0700,cross-ppi,896,0.03422917275435633,1.0
all,0.0700,cross-ppi,897,0.034295639294491836,1.0
all,0.0700,cross-ppi,898,0.03601251205874853,1.0
all,0.0700,cross-ppi,899,0.03551400250569833,1.0
all,0.0700,cross-ppi,900,0.03549726510448159,1.0
all,0.0700,cross-ppi,901,0.03510593121925107,1.0
all,0.0700,cross-ppi,902,0.03644920140274546,1.0
all,0.0700,cross-ppi,903,0.03523115685293046,1.0
all,0.0700,cross-ppi,904,0.03525261788832812,1.0
all,0.0700,cross-ppi,905,0.03520946602091546,1.0
all,0.0700,cross-ppi,906,0.03478714050811493,1.0
all,0.0700,cross-ppi,907,0.033365061322686906,1.0
all,0.0700,cross-ppi,908,0.03536332043179191,1.0
all,0.0700,cross-ppi,909,0.0358975938920314,1.0
all,0.0700,cross-ppi,910,0.033532859371013135,1.0
all,0.0700,cross-ppi,911,0.035667202344382365,1.0
all,0.0700,cross-ppi,912,0.03562548229015228,1.0
all,0.0700,cross-ppi,913,0.036150602460238906,1.0
all,0.0700,cross-ppi,914,0.03861148104633616,1.0
all,0.0700,cross-ppi,915,0.03629662709564074,1.0
all,0.0700,cross-ppi,916,0.0350776153897524,1.0
all,0.0700,cross-ppi,917,0.03402917902085026,0.0
all,0.0700,cross-ppi,918,0.03475937717977795,1.0
all,0.0700,cross-ppi,919,0.03647444264580538,1.0
all,0.0700,cross-ppi,920,0.034740959374026104,1.0
all,0.0700,cross-ppi,921,0.03479670557471673,1.0
all,0.0700,cross-ppi,922,0.03679323003777599,1.0
all,0.0700,cross-ppi,923,0.036379475683100626,0.0
all,0.0700,cross-ppi,924,0.03598089240651625,1.0
all,0.0700,cross-ppi,925,0.03609497528567751,1.0
all,0.0700,cross-ppi,926,0.03612849366480575,1.0
all,0.0700,cross-ppi,927,0.03478413443846029,1.0
all,0.0700,cross-ppi,928,0.033448782415131384,1.0
all,0.0700,cross-ppi,929,0.03586537442146856,1.0
all,0.0700,cross-ppi,930,0.03660375217723291,1.0
all,0.0700,cross-ppi,931,0.03704800097025143,1.0
all,0.0700,cross-ppi,932,0.03547257480021393,1.0
all,0.0700,cross-ppi,933,0.03584358818237732,1.0
all,0.0700,cross-ppi,934,0.03477795146190951,1.0
all,0.0700,cross-ppi,935,0.03547814405063243,1.0
all,0.0700,cross-ppi,936,0.03484980439508947,1.0
all,0.0700,cross-ppi,937,0.035717286075083066,1.0
all,0.0700,cross-ppi,938,0.0342336932197185,1.0
all,0.0700,cross-ppi,939,0.03469024136583709,1.0
all,0.0700,cross-ppi,940,0.0337329571825814,1.0
all,0.0700,cross-ppi,941,0.03446615547411447,1.0
all,0.0700,cross-ppi,942,0.035191174398889524,1.0
all,0.0700,cross-ppi,943,0.034112576995893096,1.0
all,0.0700,cross-ppi,944,0.034158258491157056,1.0
all,0.0700,cross-ppi,945,0.033725599040611925,1.0
all,0.0700,cross-ppi,946,0.03735179905083419,1.0
all,0.0700,cross-ppi,947,0.035801916096471625,1.0
all,0.0700,cross-ppi,948,0.035558361244582254,1.0
all,0.0700,cross-ppi,949,0.03478146139893512,1.0
all,0.0700,cross-ppi,950,0.035434981696353396,1.0
all,0.0700,cross-ppi,951,0.03418936068494158,1.0
all,0.0700,cross-ppi,952,0.03614489571856894,1.0
all,0.0700,cross-ppi,953,0.03556070681901516,1.0
all,0.0700,cross-ppi,954,0.03350905076154834,1.0
all,0.0700,cross-ppi,955,0.036218394969524975,1.0
all,0.0700,cross-ppi,956,0.033638008868285496,1.0
all,0.0700,cross-ppi,957,0.036330672640090045,1.0
all,0.0700,cross-ppi,958,0.0355190888068847,1.0
all,0.0700,cross-ppi,959,0.034428603489772475,1.0
all,0.0700,cross-ppi,960,0.034038337793348,1.0
all,0.0700,cross-ppi,961,0.03273011637119386,1.0
all,0.0700,cross-ppi,962,0.03541228578068542,1.0
all,0.0700,cross-ppi,963,0.03466608663268411,0.0
all,0.0700,cross-ppi,964,0.03628332789387945,1.0
all,0.0700,cross-ppi,965,0.03353530898598736,1.0
all,0.0700,cross-ppi,966,0.03444597984804412,1.0
all,0.0700,cross-ppi,967,0.03731676548967067,1.0
all,0.0700,cross-ppi,968,0.03460270083456127,1.0
all,0.0700,cross-ppi,969,0.03489953988051156,1.0
all,0.0700,cross-ppi,970,0.034987576954845334,1.0
all,0.0700,cross-ppi,971,0.03452405562242389,1.0
all,0.0700,cross-ppi,972,0.03350957475102023,1.0
all,0.0700,cross-ppi,973,0.03547454159907351,1.0
all,0.0700,cross-ppi,974,0.03749085654761464,1.0
all,0.0700,cross-ppi,975,0.03442293472009683,1.0
all,0.0700,cross-ppi,976,0.03610278381399068,1.0
all,0.0700,cross-ppi,977,0.03428530266048094,1.0
all,0.0700,cross-ppi,978,0.03467820109370201,1.0
all,0.0700,cross-ppi,979,0.03522265788597245,1.0
all,0.0700,cross-ppi,980,0.035251455035083396,1.0
all,0.0700,cross-ppi,981,0.03524498743643825,1.0
all,0.0700,cross-ppi,982,0.037788586365067545,1.0
all,0.0700,cross-ppi,983,0.03526960833818435,1.0
all,0.0700,cross-ppi,984,0.033607838971567494,1.0
all,0.0700,cross-ppi,985,0.03449851151769953,1.0
all,0.0700,cross-ppi,986,0.03504736848918777,1.0
all,0.0700,cross-ppi,987,0.03415220345379799,1.0
all,0.0700,cross-ppi,988,0.03425621616645125,1.0
all,0.0700,cross-ppi,989,0.036711921983986984,1.0
all,0.0700,cross-ppi,990,0.03522359474057832,1.0
all,0.0700,cross-ppi,991,0.035650474230596,1.0
all,0.0700,cross-ppi,992,0.037452236161511526,1.0
all,0.0700,cross-ppi,993,0.034489667719000194,1.0
all,0.0700,cross-ppi,994,0.035778475677768706,0.0
all,0.0700,cross-ppi,995,0.03440605600496641,1.0
all,0.0700,cross-ppi,996,0.03378697376138573,1.0
all,0.0700,cross-ppi,997,0.034727053530634766,1.0
all,0.0700,cross-ppi,998,0.03545566274290324,1.0
all,0.0700,cross-ppi,999,0.03585520787252064,1.0
all,0.0800,cross-ppi,666,0.03274911001511574,1.0
all,0.0800,cross-ppi,667,0.0338061214294155,1.0
all,0.0800,cross-ppi,668,0.03318838853999828,1.0
all,0.0800,cross-ppi,669,0.03340870399154583,1.0
all,0.0800,cross-ppi,670,0.03298265587560911,1.0
all,0.0800,cross-ppi,671,0.03396810712055445,1.0
all,0.0800,cross-ppi,672,0.032730146267288845,1.0
all,0.0800,cross-ppi,673,0.033758967945577284,1.0
all,0.0800,cross-ppi,674,0.0314497046278516,1.0
all,0.0800,cross-ppi,675,0.03328265968358901,1.0
all,0.0800,cross-ppi,676,0.03252544823136558,1.0
all,0.0800,cross-ppi,677,0.03343418452980451,1.0
all,0.0800,cross-ppi,678,0.0338183607021586,1.0
all,0.0800,cross-ppi,679,0.03285964077361281,1.0
all,0.0800,cross-ppi,680,0.033558411532201626,1.0
all,0.0800,cross-ppi,681,0.034087557868168195,1.0
all,0.0800,cross-ppi,682,0.03226971052729177,1.0
all,0.0800,cross-ppi,683,0.031534369886178304,1.0
all,0.0800,cross-ppi,684,0.03278406136450607,1.0
all,0.0800,cross-ppi,685,0.03241822203812261,1.0
all,0.0800,cross-ppi,686,0.03374041507621314,1.0
all,0.0800,cross-ppi,687,0.03431233258850033,1.0
all,0.0800,cross-ppi,688,0.030889174201825464,1.0
all,0.0800,cross-ppi,689,0.033058331470651736,1.0
all,0.0800,cross-ppi,690,0.03402821597449068,1.0
all,0.0800,cross-ppi,691,0.03255623672120447,1.0
all,0.0800,cross-ppi,692,0.032211574266365006,1.0
all,0.0800,cross-ppi,693,0.032161427365402395,1.0
all,0.0800,cross-ppi,694,0.03350066901969706,1.0
all,0.0800,cross-ppi,695,0.03240777031215189,1.0
all,0.0800,cross-ppi,696,0.031583734584882756,1.0
all,0.0800,cross-ppi,697,0.03373518938373854,1.0
all,0.0800,cross-ppi,698,0.033211094138833386,1.0
all,0.0800,cross-ppi,699,0.03251439985920776,1.0
all,0.0800,cross-ppi,700,0.0332425025578964,1.0
all,0.0800,cross-ppi,701,0.03268689069870356,1.0
all,0.0800,cross-ppi,702,0.03270045278857167,1.0
all,0.0800,cross-ppi,703,0.033910249244037294,1.0
all,0.0800,cross-ppi,704,0.0326124480718617,1.0
all,0.0800,cross-ppi,705,0.03324943089769039,1.0
all,0.0800,cross-ppi,706,0.033220092086044595,1.0
all,0.0800,cross-ppi,707,0.03312989719136969,1.0
all,0.0800,cross-ppi,708,0.0331928950326591,1.0
all,0.0800,cross-ppi,709,0.03468329010204074,1.0
all,0.0800,cross-ppi,710,0.03300643175777418,1.0
all,0.0800,cross-ppi,711,0.03335757263404593,1.0
all,0.0800,cross-ppi,712,0.03276283083444187,1.0
all,0.0800,cross-ppi,713,0.03325826615023786,1.0
all,0.0800,cross-ppi,714,0.03468369761462117,1.0
all,0.0800,cross-ppi,715,0.03264253723856114,1.0
all,0.0800,cross-ppi,716,0.03310859941791869,1.0
all,0.0800,cross-ppi,717,0.034117000725018026,1.0
all,0.0800,cross-ppi,718,0.03207135123825977,1.0
all,0.0800,cross-ppi,719,0.03202974920090729,0.0
all,0.0800,cross-ppi,720,0.03424000347402245,1.0
all,0.0800,cross-ppi,721,0.03505031308532314,1.0
all,0.0800,cross-ppi,722,0.0327469243468258,1.0
all,0.0800,cross-ppi,723,0.03279604715103457,1.0
all,0.0800,cross-ppi,724,0.03331347159653339,0.0
all,0.0800,cross-ppi,725,0.03472400076339588,1.0
all,0.0800,cross-ppi,726,0.03406691475887727,1.0
all,0.0800,cross-ppi,727,0.03214163250119395,1.0
all,0.0800,cross-ppi,728,0.03406090054343272,1.0
all,0.0800,cross-ppi,729,0.034779024599153524,1.0
all,0.0800,cross-ppi,730,0.03516103614276378,1.0
all,0.0800,cross-ppi,731,0.03283477197574869,1.0
all,0.0800,cross-ppi,732,0.03349264388436357,1.0
all,0.0800,cross-ppi,733,0.034054298348853346,1.0
all,0.0800,cross-ppi,734,0.033725010709850595,1.0
all,0.0800,cross-ppi,735,0.03224590406814096,1.0
all,0.0800,cross-ppi,736,0.03313975281676454,1.0
all,0.0800,cross-ppi,737,0.03287724315669749,1.0
all,0.0800,cross-ppi,738,0.03499539173706845,1.0
all,0.0800,cross-ppi,739,0.03359681394464242,1.0
all,0.0800,cross-ppi,740,0.03208801423743893,1.0
all,0.0800,cross-ppi,741,0.032642853610221234,1.0
all,0.0800,cross-ppi,742,0.032781099610012854,1.0
all,0.0800,cross-ppi,743,0.03343232227920165,1.0
all,0.0800,cross-ppi,744,0.03347346260847936,1.0
all,0.0800,cross-ppi,745,0.031695526512386635,1.0
all,0.0800,cross-ppi,746,0.03291279493950394,1.0
all,0.0800,cross-ppi,747,0.03344236416762236,1.0
all,0.0800,cross-ppi,748,0.03257733728624013,1.0
all,0.0800,cross-ppi,749,0.032923856397049006,1.0
all,0.0800,cross-ppi,750,0.03158297766518681,1.0
all,0.0800,cross-ppi,751,0.033310340762862545,1.0
all,0.0800,cross-ppi,752,0.033098748476695916,1.0
all,0.0800,cross-ppi,753,0.033077778290684284,1.0
all,0.0800,cross-ppi,754,0.03407682524629008,1.0
all,0.0800,cross-ppi,755,0.03305875842632533,0.0
all,0.0800,cross-ppi,756,0.03282550026622286,1.0
all,0.0800,cross-ppi,757,0.034607397924563243,1.0
all,0.0800,cross-ppi,758,0.03374891909004077,1.0
all,0.0800,cross-ppi,759,0.03199071089439556,0.0
all,0.0800,cross-ppi,760,0.033447137982312664,0.0
all,0.0800,cross-ppi,761,0.03354013100170805,1.0
all,0.0800,cross-ppi,762,0.033634331509673016,1.0
all,0.0800,cross-ppi,763,0.03456418865733146,1.0
all,0.0800,cross-ppi,764,0.03294299379684451,1.0
all,0.0800,cross-ppi,765,0.03376255885387802,1.0
all,0.0800,cross-ppi,766,0.03418845160695205,1.0
all,0.0800,cross-ppi,767,0.03326512204107701,1.0
all,0.0800,cross-ppi,768,0.03273440963133267,1.0
all,0.0800,cross-ppi,769,0.03353477361057869,1.0
all,0.0800,cross-ppi,770,0.034898814597533745,1.0
all,0.0800,cross-ppi,771,0.03385222099230223,1.0
all,0.0800,cross-ppi,772,0.03471276571567483,1.0
all,0.0800,cross-ppi,773,0.03155360057114598,1.0
all,0.0800,cross-ppi,774,0.03144679383953042,0.0
all,0.0800,cross-ppi,775,0.032742514043621496,1.0
all,0.0800,cross-ppi,776,0.032238270837426586,1.0
all,0.0800,cross-ppi,777,0.03285265188408337,1.0
all,0.0800,cross-ppi,778,0.033065026765041416,1.0
all,0.0800,cross-ppi,779,0.03293645374597054,1.0
all,0.0800,cross-ppi,780,0.03149998816059371,1.0
all,0.0800,cross-ppi,781,0.03285902565833429,1.0
all,0.0800,cross-ppi,782,0.03403663856338113,1.0
all,0.0800,cross-ppi,783,0.03247736403216972,1.0
all,0.0800,cross-ppi,784,0.033193547081446284,0.0
all,0.0800,cross-ppi,785,0.033029320769241116,1.0
all,0.0800,cross-ppi,786,0.033138804705200114,1.0
all,0.0800,cross-ppi,787,0.03443087424524838,1.0
all,0.0800,cross-ppi,788,0.03374281231417964,1.0
all,0.0800,cross-ppi,789,0.033152922881156704,1.0
all,0.0800,cross-ppi,790,0.03402077420542604,1.0
all,0.0800,cross-ppi,791,0.03411010504906087,1.0
all,0.0800,cross-ppi,792,0.03340811541735289,1.0
all,0.0800,cross-ppi,793,0.03141685025914065,1.0
all,0.0800,cross-ppi,794,0.03314289370341758,1.0
all,0.0800,cross-ppi,795,0.03241985207614351,1.0
all,0.0800,cross-ppi,796,0.032445593601620026,1.0
all,0.0800,cross-ppi,797,0.03219939055455656,1.0
all,0.0800,cross-ppi,798,0.03417440679066805,1.0
all,0.0800,cross-ppi,799,0.033870772432743945,1.0
all,0.0800,cross-ppi,800,0.033256631223731986,1.0
all,0.0800,cross-ppi,801,0.033563411889808076,1.0
all,0.0800,cross-ppi,802,0.034800780077476334,1.0
all,0.0800,cross-ppi,803,0.03292725827530149,1.0
all,0.0800,cross-ppi,804,0.033315830432988164,1.0
all,0.0800,cross-ppi,805,0.03343726887547216,1.0
all,0.0800,cross-ppi,806,0.03280393689160957,1.0
all,0.0800,cross-ppi,807,0.03167260438576516,1.0
all,0.0800,cross-ppi,808,0.0335097813641794,1.0
all,0.0800,cross-ppi,809,0.03348264025134484,1.0
all,0.0800,cross-ppi,810,0.032302497624956406,1.0
all,0.0800,cross-ppi,811,0.033750898251764694,1.0
all,0.0800,cross-ppi,812,0.03347796601025721,1.0
all,0.0800,cross-ppi,813,0.03364770849974652,1.0
all,0.0800,cross-ppi,814,0.035426306838370586,1.0
all,0.0800,cross-ppi,815,0.03443965027771581,1.0
all,0.0800,cross-ppi,816,0.03304842565856014,1.0
all,0.0800,cross-ppi,817,0.032483934185796204,0.0
all,0.0800,cross-ppi,818,0.03297125737883799,1.0
all,0.0800,cross-ppi,819,0.034133858527657795,1.0
all,0.0800,cross-ppi,820,0.03293910251235879,1.0
all,0.0800,cross-ppi,821,0.03261323127733928,1.0
all,0.0800,cross-ppi,822,0.03405550887764475,1.0
all,0.0800,cross-ppi,823,0.034297500972745976,0.0
all,0.0800,cross-ppi,824,0.03335875409549305,1.0
all,0.0800,cross-ppi,825,0.03340810835688579,1.0
all,0.0800,cross-ppi,826,0.0336338217358958,1.0
all,0.0800,cross-ppi,827,0.03266529785716446,1.0
all,0.0800,cross-ppi,828,0.03136786829419039,1.0
all,0.0800,cross-ppi,829,0.03381966320208804,1.0
all,0.0800,cross-ppi,830,0.033838408929016905,1.0
all,0.0800,cross-ppi,831,0.03479242166296881,1.0
all,0.0800,cross-ppi,832,0.03332942021518856,1.0
all,0.0800,cross-ppi,833,0.03403168299502912,1.0
all,0.0800,cross-ppi,834,0.0325435787992453,1.0
all,0.0800,cross-ppi,835,0.03296182049358523,1.0
all,0.0800,cross-ppi,836,0.03271991624949491,1.0
all,0.0800,cross-ppi,837,0.03325775303393377,1.0
all,0.0800,cross-ppi,838,0.032697868995771734,1.0
all,0.0800,cross-ppi,839,0.0330908036660813,1.0
all,0.0800,cross-ppi,840,0.031932414958426136,1.0
all,0.0800,cross-ppi,841,0.032854417948016024,1.0
all,0.0800,cross-ppi,842,0.033412390256120056,1.0
all,0.0800,cross-ppi,843,0.032400510987684594,1.0
all,0.0800,cross-ppi,844,0.032043623958639134,1.0
all,0.0800,cross-ppi,845,0.032225043075217924,1.0
all,0.0800,cross-ppi,846,0.03465194872123334,1.0
all,0.0800,cross-ppi,847,0.0334290968148325,1.0
all,0.0800,cross-ppi,848,0.03273946218482693,1.0
all,0.0800,cross-ppi,849,0.032757448646229065,1.0
all,0.0800,cross-ppi,850,0.03279079074330293,1.0
all,0.0800,cross-ppi,851,0.03181677104408598,1.0
all,0.0800,cross-ppi,852,0.03335711865918245,1.0
all,0.0800,cross-ppi,853,0.033435393907979005,1.0
all,0.0800,cross-ppi,854,0.03142554852459853,1.0
all,0.0800,cross-ppi,855,0.03397881692680724,1.0
all,0.0800,cross-ppi,856,0.032532465353732,1.0
all,0.0800,cross-ppi,857,0.03401001331584097,1.0
all,0.0800,cross-ppi,858,0.03381247916510541,1.0
all,0.0800,cross-ppi,859,0.03262355177507159,1.0
all,0.0800,cross-ppi,860,0.03179661749413576,1.0
all,0.0800,cross-ppi,861,0.030963842312426743,1.0
all,0.0800,cross-ppi,862,0.033828897697446236,1.0
all,0.0800,cross-ppi,863,0.032927159350764845,0.0
all,0.0800,cross-ppi,864,0.03404776861756634,1.0
all,0.0800,cross-ppi,865,0.03258786440644057,1.0
all,0.0800,cross-ppi,866,0.03263758592974006,1.0
all,0.0800,cross-ppi,867,0.03446236225029428,1.0
all,0.0800,cross-ppi,868,0.03245337043605101,1.0
all,0.0800,cross-ppi,869,0.032378953031561214,1.0
all,0.0800,cross-ppi,870,0.03337569763911585,1.0
all,0.0800,cross-ppi,871,0.032509440867637074,1.0
all,0.0800,cross-ppi,872,0.03212705601518759,1.0
all,0.0800,cross-ppi,873,0.033881064577065745,1.0
all,0.0800,cross-ppi,874,0.03519518968995561,1.0
all,0.0800,cross-ppi,875,0.032728187118988644,1.0
all,0.0800,cross-ppi,876,0.03408484114282884,1.0
all,0.0800,cross-ppi,877,0.03267132739222403,1.0
all,0.0800,cross-ppi,878,0.033350538530035556,1.0
all,0.0800,cross-ppi,879,0.03362114718419981,1.0
all,0.0800,cross-ppi,880,0.0330478462662428,1.0
all,0.0800,cross-ppi,881,0.033040321337400536,1.0
all,0.0800,cross-ppi,882,0.03552199293186256,1.0
all,0.0800,cross-ppi,883,0.033278235243993426,1.0
all,0.0800,cross-ppi,884,0.03208347469861364,1.0
all,0.0800,cross-ppi,885,0.032507749753866694,1.0
all,0.0800,cross-ppi,886,0.03319057158649896,1.0
all,0.0800,cross-ppi,887,0.03257995538824898,1.0
all,0.0800,cross-ppi,888,0.032367102459002095,1.0
all,0.0800,cross-ppi,889,0.03484416958598047,1.0
all,0.0800,cross-ppi,890,0.03271210635611696,1.0
all,0.0800,cross-ppi,891,0.032948540265228976,1.0
all,0.0800,cross-ppi,892,0.035146129093919204,1.0
all,0.0800,cross-ppi,893,0.032210504949857804,1.0
all,0.0800,cross-ppi,894,0.03400960187620372,1.0
all,0.0800,cross-ppi,895,0.032733593152788565,1.0
all,0.0800,cross-ppi,896,0.03205451295698389,1.0
all,0.0800,cross-ppi,897,0.03283464949445436,1.0
all,0.0800,cross-ppi,898,0.033134796652626836,1.0
all,0.0800,cross-ppi,899,0.03418564168248464,1.0
all,0.0800,cross-ppi,900,0.03381883142233888,0.0
all,0.0800,cross-ppi,901,0.03254777587685276,1.0
all,0.0800,cross-ppi,902,0.03282732734278371,1.0
all,0.0800,cross-ppi,903,0.03458396195631461,1.0
all,0.0800,cross-ppi,904,0.0312873757661275,1.0
all,0.0800,cross-ppi,905,0.03428030391579273,1.0
all,0.0800,cross-ppi,906,0.0340601592835702,1.0
all,0.0800,cross-ppi,907,0.03095024173521954,0.0
all,0.0800,cross-ppi,908,0.03481283238728816,1.0
all,0.0800,cross-ppi,909,0.03294147042464593,1.0
all,0.0800,cross-ppi,910,0.032782655236754304,1.0
all,0.0800,cross-ppi,911,0.03369281713545602,1.0
all,0.0800,cross-ppi,912,0.03406674616150218,1.0
all,0.0800,cross-ppi,913,0.03280899060280795,1.0
all,0.0800,cross-ppi,914,0.033983082114470764,0.0
all,0.0800,cross-ppi,915,0.03363195630947016,1.0
all,0.0800,cross-ppi,916,0.03373709462006483,1.0
all,0.0800,cross-ppi,917,0.03439514710917402,1.0
all,0.0800,cross-ppi,918,0.03239572057908158,1.0
all,0.0800,cross-ppi,919,0.03455992012753528,1.0
all,0.0800,cross-ppi,920,0.03302412746745398,1.0
all,0.0800,cross-ppi,921,0.034433004440037385,1.0
all,0.0800,cross-ppi,922,0.03388676958347703,1.0
all,0.0800,cross-ppi,923,0.030022828382119227,1.0
all,0.0800,cross-ppi,924,0.032325946137155476,1.0
all,0.0800,cross-ppi,925,0.03361484552179661,1.0
all,0.0800,cross-ppi,926,0.03358341026761624,1.0
all,0.0800,cross-ppi,927,0.03311498476245911,1.0
all,0.0800,cross-ppi,928,0.03403352371709001,1.0
all,0.0800,cross-ppi,929,0.03435735203982915,1.0
all,0.0800,cross-ppi,930,0.033508853987145204,1.0
all,0.0800,cross-ppi,931,0.03164014661485537,1.0
all,0.0800,cross-ppi,932,0.033085222619262056,1.0
all,0.0800,cross-ppi,933,0.034145564306025555,1.0
all,0.0800,cross-ppi,934,0.03375273997079839,1.0
all,0.0800,cross-ppi,935,0.03509378297217383,1.0
all,0.0800,cross-ppi,936,0.03166573190323671,1.0
all,0.0800,cross-ppi,937,0.03388930061498674,1.0
all,0.0800,cross-ppi,938,0.03271286668398363,1.0
all,0.0800,cross-ppi,939,0.031124816012442102,1.0
all,0.0800,cross-ppi,940,0.03395613287404517,1.0
all,0.0800,cross-ppi,941,0.03429597717175836,1.0
all,0.0800,cross-ppi,942,0.03381647593072168,1.0
all,0.0800,cross-ppi,943,0.03335083141057241,1.0
all,0.0800,cross-ppi,944,0.03325856590735035,1.0
all,0.0800,cross-ppi,945,0.032660734204255526,1.0
all,0.0800,cross-ppi,946,0.035245701881619906,1.0
all,0.0800,cross-ppi,947,0.03230034164478113,1.0
all,0.0800,cross-ppi,948,0.03298800991146045,1.0
all,0.0800,cross-ppi,949,0.031842101094503916,1.0
all,0.0800,cross-ppi,950,0.03218012184858998,1.0
all,0.0800,cross-ppi,951,0.03306864795187969,1.0
all,0.0800,cross-ppi,952,0.03399024785288218,1.0
all,0.0800,cross-ppi,953,0.03361130114701549,1.0
all,0.0800,cross-ppi,954,0.033573150754064,1.0
all,0.0800,cross-ppi,955,0.03336348096769748,1.0
all,0.0800,cross-ppi,956,0.033694837171456576,1.0
all,0.0800,cross-ppi,957,0.031915521300809324,1.0
all,0.0800,cross-ppi,958,0.03323554749252533,1.0
all,0.0800,cross-ppi,959,0.033048296421703593,1.0
all,0.0800,cross-ppi,960,0.03300651096185506,1.0
all,0.0800,cross-ppi,961,0.033822878253439465,1.0
all,0.0800,cross-ppi,962,0.03470630411126896,1.0
all,0.0800,cross-ppi,963,0.03335493875994003,1.0
all,0.0800,cross-ppi,964,0.03204142263422205,1.0
all,0.0800,cross-ppi,965,0.033182458935630293,1.0
all,0.0800,cross-ppi,966,0.03240510186494816,1.0
all,0.0800,cross-ppi,967,0.03326685887994041,1.0
all,0.0800,cross-ppi,968,0.03278307797890767,1.0
all,0.0800,cross-ppi,969,0.03348680358876166,1.0
all,0.0800,cross-ppi,970,0.03358077766234713,1.0
all,0.0800,cross-ppi,971,0.03343268148207057,1.0
all,0.0800,cross-ppi,972,0.03333407606190866,1.0
all,0.0800,cross-ppi,973,0.03181072727348022,1.0
all,0.0800,cross-ppi,974,0.03395857634754773,1.0
all,0.0800,cross-ppi,975,0.03216211904536459,1.0
all,0.0800,cross-ppi,976,0.03256914658812704,1.0
all,0.0800,cross-ppi,977,0.03274020450346882,1.0
all,0.0800,cross-ppi,978,0.03308170770862462,1.0
all,0.0800,cross-ppi,979,0.032579500340710665,0.0
all,0.0800,cross-ppi,980,0.03410626389531865,1.0
all,0.0800,cross-ppi,981,0.0322772923760265,1.0
all,0.0800,cross-ppi,982,0.033377766916731,1.0
all,0.0800,cross-ppi,983,0.03284663509977981,1.0
all,0.0800,cross-ppi,984,0.0327302457419181,1.0
all,0.0800,cross-ppi,985,0.031615388806691125,1.0
all,0.0800,cross-ppi,986,0.033590207922170934,1.0
all,0.0800,cross-ppi,987,0.03290376941368278,1.0
all,0.0800,cross-ppi,988,0.03410060269019602,1.0
all,0.0800,cross-ppi,989,0.03431770771613285,1.0
all,0.0800,cross-ppi,990,0.0326630347290402,0.0
all,0.0800,cross-ppi,991,0.03336074829348418,0.0
all,0.0800,cross-ppi,992,0.03357888566435038,1.0
all,0.0800,cross-ppi,993,0.03192380840136286,1.0
all,0.0800,cross-ppi,994,0.03391369523230636,1.0
all,0.0800,cross-ppi,995,0.03240601202907875,1.0
all,0.0800,cross-ppi,996,0.03370264146715249,1.0
all,0.0800,cross-ppi,997,0.03178013867112284,1.0
all,0.0800,cross-ppi,998,0.0343165851206049,1.0
all,0.0800,cross-ppi,999,0.032187636306782424,0.0
all,0.0900,cross-ppi,666,0.03247328995037335,1.0
all,0.0900,cross-ppi,667,0.03166885930895488,1.0
all,0.0900,cross-ppi,668,0.03126992445323798,1.0
all,0.0900,cross-ppi,669,0.03153998871511288,1.0
all,0.0900,cross-ppi,670,0.03302725926172012,1.0
all,0.0900,cross-ppi,671,0.032004629425612025,1.0
all,0.0900,cross-ppi,672,0.03348005401631671,0.0
all,0.0900,cross-ppi,673,0.030245853518417687,1.0
all,0.0900,cross-ppi,674,0.030084690472216624,0.0
all,0.0900,cross-ppi,675,0.03139442345316901,1.0
all,0.0900,cross-ppi,676,0.03094255685556313,1.0
all,0.0900,cross-ppi,677,0.03151166344146228,1.0
all,0.0900,cross-ppi,678,0.03150901932750472,1.0
all,0.0900,cross-ppi,679,0.031007851027242045,1.0
all,0.0900,cross-ppi,680,0.03066759657073506,1.0
all,0.0900,cross-ppi,681,0.031339395411514315,1.0
all,0.0900,cross-ppi,682,0.032418149819117836,1.0
all,0.0900,cross-ppi,683,0.030595990385727134,0.0
all,0.0900,cross-ppi,684,0.03176427036503782,0.0
all,0.0900,cross-ppi,685,0.03160981157180209,1.0
all,0.0900,cross-ppi,686,0.03134513737575917,1.0
all,0.0900,cross-ppi,687,0.03275071384294592,1.0
all,0.0900,cross-ppi,688,0.03159591141739537,1.0
all,0.0900,cross-ppi,689,0.031500101583828766,1.0
all,0.0900,cross-ppi,690,0.03195319031984012,1.0
all,0.0900,cross-ppi,691,0.032520863750442164,1.0
all,0.0900,cross-ppi,692,0.03159866394886912,1.0
all,0.0900,cross-ppi,693,0.029994555166266146,1.0
all,0.0900,cross-ppi,694,0.0314809944558985,1.0
all,0.0900,cross-ppi,695,0.031230504079794358,1.0
all,0.0900,cross-ppi,696,0.03112084750416419,1.0
all,0.0900,cross-ppi,697,0.03078890395441458,1.0
all,0.0900,cross-ppi,698,0.032643981679448236,1.0
all,0.0900,cross-ppi,699,0.03190472055420035,1.0
all,0.0900,cross-ppi,700,0.03197897662739149,1.0
all,0.0900,cross-ppi,701,0.03143075512670693,1.0
all,0.0900,cross-ppi,702,0.03238245651008728,1.0
all,0.0900,cross-ppi,703,0.031232186265052225,1.0
all,0.0900,cross-ppi,704,0.03181607570166067,1.0
all,0.0900,cross-ppi,705,0.032316396244854495,1.0
all,0.0900,cross-ppi,706,0.03144675543173214,1.0
all,0.0900,cross-ppi,707,0.03025273409146101,1.0
all,0.0900,cross-ppi,708,0.031748663708922126,1.0
all,0.0900,cross-ppi,709,0.031920215107015926,1.0
all,0.0900,cross-ppi,710,0.03107109392871199,1.0
all,0.0900,cross-ppi,711,0.0326359136278177,1.0
all,0.0900,cross-ppi,712,0.03165451266453678,1.0
all,0.0900,cross-ppi,713,0.03176561002532677,1.0
all,0.0900,cross-ppi,714,0.03321236967072372,1.0
all,0.0900,cross-ppi,715,0.03257221368512886,1.0
all,0.0900,cross-ppi,716,0.03152085351935929,1.0
all,0.0900,cross-ppi,717,0.030822967691358366,0.0
all,0.0900,cross-ppi,718,0.03133832024731886,1.0
all,0.0900,cross-ppi,719,0.032498521662243096,1.0
all,0.0900,cross-ppi,720,0.031532841059801725,1.0
all,0.0900,cross-ppi,721,0.030845158734202682,1.0
all,0.0900,cross-ppi,722,0.03165243588010769,1.0
all,0.0900,cross-ppi,723,0.032478691241456525,0.0
all,0.0900,cross-ppi,724,0.03153714471366065,1.0
all,0.0900,cross-ppi,725,0.0316360094835717,1.0
all,0.0900,cross-ppi,726,0.03170027166453393,1.0
all,0.0900,cross-ppi,727,0.031296771763222736,1.0
all,0.0900,cross-ppi,728,0.030348094285489235,1.0
all,0.0900,cross-ppi,729,0.03189655016256818,1.0
all,0.0900,cross-ppi,730,0.03202146595926547,1.0
all,0.0900,cross-ppi,731,0.03285879250642876,1.0
all,0.0900,cross-ppi,732,0.03147773770583376,1.0
all,0.0900,cross-ppi,733,0.0321097602072693,1.0
all,0.0900,cross-ppi,734,0.03133811205883652,1.0
all,0.0900,cross-ppi,735,0.031163136084209397,0.0
all,0.0900,cross-ppi,736,0.030473575154878363,1.0
all,0.0900,cross-ppi,737,0.031597714773064584,1.0
all,0.0900,cross-ppi,738,0.031244609996399775,1.0
all,0.0900,cross-ppi,739,0.03176120433158977,1.0
all,0.0900,cross-ppi,740,0.030557301598874737,1.0
all,0.0900,cross-ppi,741,0.031031800443026086,1.0
all,0.0900,cross-ppi,742,0.03160628935457033,1.0
all,0.0900,cross-ppi,743,0.031184963423906864,1.0
all,0.0900,cross-ppi,744,0.030278562092415195,1.0
all,0.0900,cross-ppi,745,0.030781422291572297,1.0
all,0.0900,cross-ppi,746,0.03271009329725294,1.0
all,0.0900,cross-ppi,747,0.03130087093095135,1.0
all,0.0900,cross-ppi,748,0.031143888849399004,1.0
all,0.0900,cross-ppi,749,0.031051039960166976,1.0
all,0.0900,cross-ppi,750,0.0311827632380961,1.0
all,0.0900,cross-ppi,751,0.030095830348699226,1.0
all,0.0900,cross-ppi,752,0.0315718139569775,1.0
all,0.0900,cross-ppi,753,0.0320563764393981,1.0
all,0.0900,cross-ppi,754,0.030046201713699427,1.0
all,0.0900,cross-ppi,755,0.03210794375522516,1.0
all,0.0900,cross-ppi,756,0.031009519991589185,1.0
all,0.0900,cross-ppi,757,0.0326376002232992,1.0
all,0.0900,cross-ppi,758,0.031814119963973986,1.0
all,0.0900,cross-ppi,759,0.030953148791811075,1.0
all,0.0900,cross-ppi,760,0.030094126677997962,1.0
all,0.0900,cross-ppi,761,0.0299671144406094,0.0
all,0.0900,cross-ppi,762,0.03248972588960211,1.0
all,0.0900,cross-ppi,763,0.03167489490364894,0.0
all,0.0900,cross-ppi,764,0.032245798829558914,1.0
all,0.0900,cross-ppi,765,0.030850667500505996,1.0
all,0.0900,cross-ppi,766,0.031114957343343796,1.0
all,0.0900,cross-ppi,767,0.03248854132802667,1.0
all,0.0900,cross-ppi,768,0.030894771171200236,1.0
all,0.0900,cross-ppi,769,0.03128227686033913,1.0
all,0.0900,cross-ppi,770,0.031769188599600456,1.0
all,0.0900,cross-ppi,771,0.031016299167355266,1.0
all,0.0900,cross-ppi,772,0.030706216798294772,1.0
all,0.0900,cross-ppi,773,0.03241405475147521,1.0
all,0.0900,cross-ppi,774,0.03320550102891917,1.0
all,0.0900,cross-ppi,775,0.031090405146285582,1.0
all,0.0900,cross-ppi,776,0.03224864731486676,1.0
all,0.0900,cross-ppi,777,0.031064274534208264,1.0
all,0.0900,cross-ppi,778,0.03136745778608763,1.0
all,0.0900,cross-ppi,779,0.031668247402971694,1.0
all,0.0900,cross-ppi,780,0.03160750537191537,1.0
all,0.0900,cross-ppi,781,0.03130921417844945,1.0
all,0.0900,cross-ppi,782,0.03343736855216728,1.0
all,0.0900,cross-ppi,783,0.03154414791377155,1.0
all,0.0900,cross-ppi,784,0.030778068267274555,1.0
all,0.0900,cross-ppi,785,0.03084731735066215,1.0
all,0.0900,cross-ppi,786,0.03170743968744413,1.0
all,0.0900,cross-ppi,787,0.030710649576948468,1.0
all,0.0900,cross-ppi,788,0.03053350171769642,1.0
all,0.0900,cross-ppi,789,0.03245849656072608,1.0
all,0.0900,cross-ppi,790,0.031336464062512115,1.0
all,0.0900,cross-ppi,791,0.03151177274040276,1.0
all,0.0900,cross-ppi,792,0.03281724760060992,1.0
all,0.0900,cross-ppi,793,0.03035458150106951,1.0
all,0.0900,cross-ppi,794,0.032059071457958166,1.0
all,0.0900,cross-ppi,795,0.0313544814885269,1.0
all,0.0900,cross-ppi,796,0.03073517364675271,1.0
all,0.0900,cross-ppi,797,0.031375630262920895,1.0
all,0.0900,cross-ppi,798,0.03220668207284308,1.0
all,0.0900,cross-ppi,799,0.03231783626554521,1.0
all,0.0900,cross-ppi,800,0.03157942213828291,0.0
all,0.0900,cross-ppi,801,0.03076250633112379,1.0
all,0.0900,cross-ppi,802,0.03126317919903787,1.0
all,0.0900,cross-ppi,803,0.032849792293688784,1.0
all,0.0900,cross-ppi,804,0.02971337613592162,1.0
all,0.0900,cross-ppi,805,0.0325768106665657,1.0
all,0.0900,cross-ppi,806,0.032374017881016987,1.0
all,0.0900,cross-ppi,807,0.029449191691932386,1.0
all,0.0900,cross-ppi,808,0.0328044629636538,1.0
all,0.0900,cross-ppi,809,0.0315597443572142,1.0
all,0.0900,cross-ppi,810,0.03136137305388953,1.0
all,0.0900,cross-ppi,811,0.0322092639502527,1.0
all,0.0900,cross-ppi,812,0.03220622559047914,1.0
all,0.0900,cross-ppi,813,0.03148214349621281,1.0
all,0.0900,cross-ppi,814,0.0321675381847526,0.0
all,0.0900,cross-ppi,815,0.03214037495754418,1.0
all,0.0900,cross-ppi,816,0.032299528914419784,1.0
all,0.0900,cross-ppi,817,0.032543701138828235,1.0
all,0.0900,cross-ppi,818,0.030888960781643715,1.0
all,0.0900,cross-ppi,819,0.032699391102232744,1.0
all,0.0900,cross-ppi,820,0.03146838379873884,1.0
all,0.0900,cross-ppi,821,0.03235515272517239,1.0
all,0.0900,cross-ppi,822,0.03245530408545971,1.0
all,0.0900,cross-ppi,823,0.02884256806559385,1.0
all,0.0900,cross-ppi,824,0.031128794141448757,1.0
all,0.0900,cross-ppi,825,0.0318943999704443,1.0
all,0.0900,cross-ppi,826,0.03216848254176008,1.0
all,0.0900,cross-ppi,827,0.03117840902922775,1.0
all,0.0900,cross-ppi,828,0.032534866109276916,1.0
all,0.0900,cross-ppi,829,0.03218585385100617,1.0
all,0.0900,cross-ppi,830,0.032274783174190746,1.0
all,0.0900,cross-ppi,831,0.03008963039029036,1.0
all,0.0900,cross-ppi,832,0.03193023219380964,1.0
all,0.0900,cross-ppi,833,0.032661198341985,1.0
all,0.0900,cross-ppi,834,0.03179697985778798,1.0
all,0.0900,cross-ppi,835,0.032955087727193466,1.0
all,0.0900,cross-ppi,836,0.030302630867788533,1.0
all,0.0900,cross-ppi,837,0.031859410150412715,1.0
all,0.0900,cross-ppi,838,0.03075316672147499,1.0
all,0.0900,cross-ppi,839,0.030556155671563417,1.0
all,0.0900,cross-ppi,840,0.03223853870619478,1.0
all,0.0900,cross-ppi,841,0.032415693721084105,1.0
all,0.0900,cross-ppi,842,0.031893711429485855,1.0
all,0.0900,cross-ppi,843,0.031494017039778416,1.0
all,0.0900,cross-ppi,844,0.031212255777582104,1.0
all,0.0900,cross-ppi,845,0.030827564961231707,1.0
all,0.0900,cross-ppi,846,0.03330760786069098,1.0
all,0.0900,cross-ppi,847,0.030378146132742923,1.0
all,0.0900,cross-ppi,848,0.031537702949159835,1.0
all,0.0900,cross-ppi,849,0.029984279980127204,1.0
all,0.0900,cross-ppi,850,0.03023981956034974,1.0
all,0.0900,cross-ppi,851,0.03151525463434948,1.0
all,0.0900,cross-ppi,852,0.032163316822187316,1.0
all,0.0900,cross-ppi,853,0.031585704682639104,1.0
all,0.0900,cross-ppi,854,0.03146816467932867,1.0
all,0.0900,cross-ppi,855,0.03142831148689307,1.0
all,0.0900,cross-ppi,856,0.03195502805539996,1.0
all,0.0900,cross-ppi,857,0.030678463131841305,1.0
all,0.0900,cross-ppi,858,0.031157096910207294,1.0
all,0.0900,cross-ppi,859,0.031066453970258978,1.0
all,0.0900,cross-ppi,860,0.031008535950389104,1.0
all,0.0900,cross-ppi,861,0.03230310089709906,1.0
all,0.0900,cross-ppi,862,0.032491459355052266,1.0
all,0.0900,cross-ppi,863,0.031839844381070015,1.0
all,0.0900,cross-ppi,864,0.030527223079516913,1.0
all,0.0900,cross-ppi,865,0.031849315562401004,1.0
all,0.0900,cross-ppi,866,0.030615307340591147,1.0
all,0.0900,cross-ppi,867,0.0316803464951623,1.0
all,0.0900,cross-ppi,868,0.031351281460731184,1.0
all,0.0900,cross-ppi,869,0.0317069451383494,1.0
all,0.0900,cross-ppi,870,0.031496849388334525,1.0
all,0.0900,cross-ppi,871,0.031608258955734464,1.0
all,0.0900,cross-ppi,872,0.031389262529728734,1.0
all,0.0900,cross-ppi,873,0.03073711495391751,1.0
all,0.0900,cross-ppi,874,0.03193426583278755,1.0
all,0.0900,cross-ppi,875,0.030668449865320024,1.0
all,0.0900,cross-ppi,876,0.03076098543325667,1.0
all,0.0900,cross-ppi,877,0.030544954688708215,1.0
all,0.0900,cross-ppi,878,0.03145836174354599,1.0
all,0.0900,cross-ppi,879,0.03121446790679297,0.0
all,0.0900,cross-ppi,880,0.03212337760315795,1.0
all,0.0900,cross-ppi,881,0.030609917988620006,1.0
all,0.0900,cross-ppi,882,0.03223641662120602,1.0
all,0.0900,cross-ppi,883,0.03146681762305989,1.0
all,0.0900,cross-ppi,884,0.031059210507623364,1.0
all,0.0900,cross-ppi,885,0.030052308794109667,1.0
all,0.0900,cross-ppi,886,0.03175547871565887,1.0
all,0.0900,cross-ppi,887,0.030942487169266064,1.0
all,0.0900,cross-ppi,888,0.032114711630196,1.0
all,0.0900,cross-ppi,889,0.032162928513926325,1.0
all,0.0900,cross-ppi,890,0.03118093366764607,1.0
all,0.0900,cross-ppi,891,0.03177797859881726,0.0
all,0.0900,cross-ppi,892,0.03195450291825119,1.0
all,0.0900,cross-ppi,893,0.030747271194596304,1.0
all,0.0900,cross-ppi,894,0.03231476750142381,1.0
all,0.0900,cross-ppi,895,0.03088978847244972,1.0
all,0.0900,cross-ppi,896,0.03180460363648263,1.0
all,0.0900,cross-ppi,897,0.0302372983636848,1.0
all,0.0900,cross-ppi,898,0.03292895128310125,1.0
all,0.0900,cross-ppi,899,0.030534586092060167,0.0
all,0.0900,cross-ppi,900,0.03177651299937537,1.0
all,0.0900,cross-ppi,901,0.031269370722689094,1.0
all,0.0900,cross-ppi,902,0.03156431350691957,1.0
all,0.0900,cross-ppi,903,0.03155058508381037,1.0
all,0.0900,cross-ppi,904,0.03194794383287658,1.0
all,0.0900,cross-ppi,905,0.03144662985749813,1.0
all,0.0900,cross-ppi,906,0.031436401982608914,1.0
all,0.0900,cross-ppi,907,0.03086505007578444,0.0
all,0.0900,cross-ppi,908,0.031513751091137965,1.0
all,0.0900,cross-ppi,909,0.03179082134879943,1.0
all,0.0900,cross-ppi,910,0.031911426930788855,1.0
all,0.0900,cross-ppi,911,0.03159874733191806,1.0
all,0.0900,cross-ppi,912,0.030946948974330563,1.0
all,0.0900,cross-ppi,913,0.03099464722594114,1.0
all,0.0900,cross-ppi,914,0.03227175604409949,1.0
all,0.0900,cross-ppi,915,0.03222628312331044,1.0
all,0.0900,cross-ppi,916,0.031832693528548645,1.0
all,0.0900,cross-ppi,917,0.029736338198219525,1.0
all,0.0900,cross-ppi,918,0.03262065000152259,1.0
all,0.0900,cross-ppi,919,0.03134294092641124,1.0
all,0.0900,cross-ppi,920,0.031172476495704565,1.0
all,0.0900,cross-ppi,921,0.0322640159361266,1.0
all,0.0900,cross-ppi,922,0.03201406416375607,1.0
all,0.0900,cross-ppi,923,0.03368205647601341,1.0
all,0.0900,cross-ppi,924,0.031006693714709238,1.0
all,0.0900,cross-ppi,925,0.0319223056150757,1.0
all,0.0900,cross-ppi,926,0.031057866414953117,1.0
all,0.0900,cross-ppi,927,0.032423454310926414,1.0
all,0.0900,cross-ppi,928,0.030631298235457516,1.0
all,0.0900,cross-ppi,929,0.032591918962144945,1.0
all,0.0900,cross-ppi,930,0.033145296125219964,1.0
all,0.0900,cross-ppi,931,0.03206005339545903,1.0
all,0.0900,cross-ppi,932,0.03193927536423022,1.0
all,0.0900,cross-ppi,933,0.03145533614084642,1.0
all,0.0900,cross-ppi,934,0.031506929715650056,1.0
all,0.0900,cross-ppi,935,0.0309777526020312,1.0
all,0.0900,cross-ppi,936,0.032520366005948986,1.0
all,0.0900,cross-ppi,937,0.03197258650491416,1.0
all,0.0900,cross-ppi,938,0.03210380351122685,1.0
all,0.0900,cross-ppi,939,0.030316895494729712,1.0
all,0.0900,cross-ppi,940,0.031873404437649744,1.0
all,0.0900,cross-ppi,941,0.03213931285497884,1.0
all,0.0900,cross-ppi,942,0.0317554281129975,1.0
all,0.0900,cross-ppi,943,0.030364897743270114,1.0
all,0.0900,cross-ppi,944,0.03179630361255936,1.0
all,0.0900,cross-ppi,945,0.0314833998796461,1.0
all,0.0900,cross-ppi,946,0.03092352898337905,1.0
all,0.0900,cross-ppi,947,0.030912817940873416,1.0
all,0.0900,cross-ppi,948,0.03092436253290634,1.0
all,0.0900,cross-ppi,949,0.032457970921419776,1.0
all,0.0900,cross-ppi,950,0.032050243140188894,1.0
all,0.0900,cross-ppi,951,0.03159021964443123,1.0
all,0.0900,cross-ppi,952,0.029324974916982494,1.0
all,0.0900,cross-ppi,953,0.032968364108043824,1.0
all,0.0900,cross-ppi,954,0.030432262925254444,1.0
all,0.0900,cross-ppi,955,0.030483424074957632,1.0
all,0.0900,cross-ppi,956,0.03125471897989185,1.0
all,0.0900,cross-ppi,957,0.031950741064063815,1.0
all,0.0900,cross-ppi,958,0.031420496958809524,1.0
all,0.0900,cross-ppi,959,0.031331116547634014,1.0
all,0.0900,cross-ppi,960,0.03199598358618175,1.0
all,0.0900,cross-ppi,961,0.03212862318713472,1.0
all,0.0900,cross-ppi,962,0.03091236144488696,1.0
all,0.0900,cross-ppi,963,0.03294993056837381,1.0
all,0.0900,cross-ppi,964,0.03160433826616882,1.0
all,0.0900,cross-ppi,965,0.03240908470785753,1.0
all,0.0900,cross-ppi,966,0.03176867305623998,1.0
all,0.0900,cross-ppi,967,0.030826275137900816,1.0
all,0.0900,cross-ppi,968,0.031465185094982084,1.0
all,0.0900,cross-ppi,969,0.02991935319465336,1.0
all,0.0900,cross-ppi,970,0.03039039899996776,0.0
all,0.0900,cross-ppi,971,0.03214687880169287,1.0
all,0.0900,cross-ppi,972,0.031225571431053423,1.0
all,0.0900,cross-ppi,973,0.032517910139640005,1.0
all,0.0900,cross-ppi,974,0.031248266638476935,1.0
all,0.0900,cross-ppi,975,0.03144580534537866,1.0
all,0.0900,cross-ppi,976,0.031155442170435532,1.0
all,0.0900,cross-ppi,977,0.030166919376310358,0.0
all,0.0900,cross-ppi,978,0.03154871188388009,1.0
all,0.0900,cross-ppi,979,0.030287184899849162,1.0
all,0.0900,cross-ppi,980,0.03085442135148797,1.0
all,0.0900,cross-ppi,981,0.030567612430319996,1.0
all,0.0900,cross-ppi,982,0.03146749008963279,1.0
all,0.0900,cross-ppi,983,0.02971749796230813,1.0
all,0.0900,cross-ppi,984,0.03210001862794121,1.0
all,0.0900,cross-ppi,985,0.03121822548279707,1.0
all,0.0900,cross-ppi,986,0.03208830222805917,1.0
all,0.0900,cross-ppi,987,0.030399400095040052,1.0
all,0.0900,cross-ppi,988,0.03043050851022408,1.0
all,0.0900,cross-ppi,989,0.03175136241301721,1.0
all,0.0900,cross-ppi,990,0.031304894303865044,1.0
all,0.0900,cross-ppi,991,0.03305883584955405,1.0
all,0.0900,cross-ppi,992,0.033143128428871765,1.0
all,0.0900,cross-ppi,993,0.03222473765051223,1.0
all,0.0900,cross-ppi,994,0.032764281519862326,1.0
all,0.0900,cross-ppi,995,0.031589875222974295,1.0
all,0.0900,cross-ppi,996,0.031076386114066268,1.0
all,0.0900,cross-ppi,997,0.03238314287976707,1.0
all,0.0900,cross-ppi,998,0.030392937635677297,1.0
all,0.0900,cross-ppi,999,0.031207851347587745,1.0
all,0.1000,cross-ppi,666,0.029390898015516198,1.0
all,0.1000,cross-ppi,667,0.030667412546902417,1.0
all,0.1000,cross-ppi,668,0.02984724715000575,1.0
all,0.1000,cross-ppi,669,0.029523677885722188,1.0
all,0.1000,cross-ppi,670,0.030670565231936453,1.0
all,0.1000,cross-ppi,671,0.0297232638395514,1.0
all,0.1000,cross-ppi,672,0.029813824734594624,1.0
all,0.1000,cross-ppi,673,0.03103953511560087,1.0
all,0.1000,cross-ppi,674,0.03158508779652447,1.0
all,0.1000,cross-ppi,675,0.02933631447288479,1.0
all,0.1000,cross-ppi,676,0.030855031247548154,1.0
all,0.1000,cross-ppi,677,0.029995362611144216,1.0
all,0.1000,cross-ppi,678,0.03008031931765298,1.0
all,0.1000,cross-ppi,679,0.030232172242310895,1.0
all,0.1000,cross-ppi,680,0.02990968429338048,1.0
all,0.1000,cross-ppi,681,0.029681161375589737,1.0
all,0.1000,cross-ppi,682,0.03162074320097971,1.0
all,0.1000,cross-ppi,683,0.03003518017177173,1.0
all,0.1000,cross-ppi,684,0.029121537641539214,1.0
all,0.1000,cross-ppi,685,0.02926572883103451,1.0
all,0.1000,cross-ppi,686,0.03053557457166947,1.0
all,0.1000,cross-ppi,687,0.029711238594447437,1.0
all,0.1000,cross-ppi,688,0.029235401461438992,1.0
all,0.1000,cross-ppi,689,0.030898728263168307,1.0
all,0.1000,cross-ppi,690,0.0298308291701207,1.0
all,0.1000,cross-ppi,691,0.030259426719606103,1.0
all,0.1000,cross-ppi,692,0.03128890030461018,1.0
all,0.1000,cross-ppi,693,0.029247886227779435,1.0
all,0.1000,cross-ppi,694,0.030626106285273846,1.0
all,0.1000,cross-ppi,695,0.0298821533484549,1.0
all,0.1000,cross-ppi,696,0.02962166606616326,1.0
all,0.1000,cross-ppi,697,0.03009262806500257,1.0
all,0.1000,cross-ppi,698,0.03100815375504551,1.0
all,0.1000,cross-ppi,699,0.030749124685007234,1.0
all,0.1000,cross-ppi,700,0.030024274359758074,1.0
all,0.1000,cross-ppi,701,0.029441390338784013,1.0
all,0.1000,cross-ppi,702,0.029616536156183954,1.0
all,0.1000,cross-ppi,703,0.031120802250382162,1.0
all,0.1000,cross-ppi,704,0.028290561513400675,1.0
all,0.1000,cross-ppi,705,0.031063205074903344,1.0
all,0.1000,cross-ppi,706,0.03090102137133721,1.0
all,0.1000,cross-ppi,707,0.02873071433728558,1.0
all,0.1000,cross-ppi,708,0.03138794372673415,1.0
all,0.1000,cross-ppi,709,0.030283306961035095,1.0
all,0.1000,cross-ppi,710,0.030086129898798303,1.0
all,0.1000,cross-ppi,711,0.030543556821227003,1.0
all,0.1000,cross-ppi,712,0.03069731618261895,1.0
all,0.1000,cross-ppi,713,0.03046926904222269,1.0
all,0.1000,cross-ppi,714,0.030840165140232134,0.0
all,0.1000,cross-ppi,715,0.030536814124947798,1.0
all,0.1000,cross-ppi,716,0.03088372058050179,1.0
all,0.1000,cross-ppi,717,0.030555962263672742,1.0
all,0.1000,cross-ppi,718,0.029605276726849428,1.0
all,0.1000,cross-ppi,719,0.03115209509769898,1.0
all,0.1000,cross-ppi,720,0.03025762576523472,1.0
all,0.1000,cross-ppi,721,0.03103476460958121,1.0
all,0.1000,cross-ppi,722,0.030878198088422404,1.0
all,0.1000,cross-ppi,723,0.02776761813924744,1.0
all,0.1000,cross-ppi,724,0.029500454473289084,1.0
all,0.1000,cross-ppi,725,0.030516951939313447,1.0
all,0.1000,cross-ppi,726,0.030391278804272975,1.0
all,0.1000,cross-ppi,727,0.029806529357944145,1.0
all,0.1000,cross-ppi,728,0.031045998852708173,1.0
all,0.1000,cross-ppi,729,0.030730030998849273,1.0
all,0.1000,cross-ppi,730,0.030519622391954493,1.0
all,0.1000,cross-ppi,731,0.029012143322599132,1.0
all,0.1000,cross-ppi,732,0.030352397901245137,1.0
all,0.1000,cross-ppi,733,0.030741818656903536,1.0
all,0.1000,cross-ppi,734,0.030584345242298028,1.0
all,0.1000,cross-ppi,735,0.031714476346480946,1.0
all,0.1000,cross-ppi,736,0.029472458409596336,1.0
all,0.1000,cross-ppi,737,0.030137985470733014,1.0
all,0.1000,cross-ppi,738,0.029470523780154884,1.0
all,0.1000,cross-ppi,739,0.029448726109524564,1.0
all,0.1000,cross-ppi,740,0.03074164064270432,1.0
all,0.1000,cross-ppi,741,0.030909027905916764,1.0
all,0.1000,cross-ppi,742,0.030587645159150828,1.0
all,0.1000,cross-ppi,743,0.0300783382957448,1.0
all,0.1000,cross-ppi,744,0.03012607590272931,1.0
all,0.1000,cross-ppi,745,0.02937562199415089,1.0
all,0.1000,cross-ppi,746,0.03190369358550227,1.0
all,0.1000,cross-ppi,747,0.028667649957754615,1.0
all,0.1000,cross-ppi,748,0.030615096553965743,1.0
all,0.1000,cross-ppi,749,0.028785546406616208,1.0
all,0.1000,cross-ppi,750,0.028805479695406255,1.0
all,0.1000,cross-ppi,751,0.03025909781986691,1.0
all,0.1000,cross-ppi,752,0.030797650259092202,1.0
all,0.1000,cross-ppi,753,0.030151203449493846,1.0
all,0.1000,cross-ppi,754,0.030220185258133414,1.0
all,0.1000,cross-ppi,755,0.029965851684373157,1.0
all,0.1000,cross-ppi,756,0.03018006460808284,1.0
all,0.1000,cross-ppi,757,0.029429909046606556,1.0
all,0.1000,cross-ppi,758,0.029750481665377637,1.0
all,0.1000,cross-ppi,759,0.029684894714253618,1.0
all,0.1000,cross-ppi,760,0.029993078560530267,1.0
all,0.1000,cross-ppi,761,0.030710423107066537,1.0
all,0.1000,cross-ppi,762,0.031266228304410365,1.0
all,0.1000,cross-ppi,763,0.03065821931880522,1.0
all,0.1000,cross-ppi,764,0.029366849096489234,1.0
all,0.1000,cross-ppi,765,0.030137906490205618,1.0
all,0.1000,cross-ppi,766,0.02924870378915423,1.0
all,0.1000,cross-ppi,767,0.030331039111302083,1.0
all,0.1000,cross-ppi,768,0.029803887000513618,1.0
all,0.1000,cross-ppi,769,0.0300893303322054,1.0
all,0.1000,cross-ppi,770,0.030288881552478192,1.0
all,0.1000,cross-ppi,771,0.030354772027255117,1.0
all,0.1000,cross-ppi,772,0.03011327712790901,1.0
all,0.1000,cross-ppi,773,0.02947516141953277,1.0
all,0.1000,cross-ppi,774,0.03018084728552603,1.0
all,0.1000,cross-ppi,775,0.029446457187577768,1.0
all,0.1000,cross-ppi,776,0.02987454653254973,1.0
all,0.1000,cross-ppi,777,0.02942837534366008,1.0
all,0.1000,cross-ppi,778,0.03032316769718721,1.0
all,0.1000,cross-ppi,779,0.02962378993261172,0.0
all,0.1000,cross-ppi,780,0.03138847682486212,1.0
all,0.1000,cross-ppi,781,0.029307506004955547,1.0
all,0.1000,cross-ppi,782,0.030768584075558825,1.0
all,0.1000,cross-ppi,783,0.029757338105221853,1.0
all,0.1000,cross-ppi,784,0.029695967210317836,1.0
all,0.1000,cross-ppi,785,0.028926103150812343,0.0
all,0.1000,cross-ppi,786,0.03020594347928149,1.0
all,0.1000,cross-ppi,787,0.02968877568386652,1.0
all,0.1000,cross-ppi,788,0.030585973335338273,1.0
all,0.1000,cross-ppi,789,0.030804833686215144,1.0
all,0.1000,cross-ppi,790,0.030213069026278072,1.0
all,0.1000,cross-ppi,791,0.030807326334957502,0.0
all,0.1000,cross-ppi,792,0.030538655553290717,1.0
all,0.1000,cross-ppi,793,0.029952142834655637,1.0
all,0.1000,cross-ppi,794,0.03098560143388651,1.0
all,0.1000,cross-ppi,795,0.029621877892054838,1.0
all,0.1000,cross-ppi,796,0.03002983191003117,1.0
all,0.1000,cross-ppi,797,0.028955584666492173,1.0
all,0.1000,cross-ppi,798,0.031330553398160904,1.0
all,0.1000,cross-ppi,799,0.029321058656076843,0.0
all,0.1000,cross-ppi,800,0.030856386112036976,1.0
all,0.1000,cross-ppi,801,0.02977826402432815,1.0
all,0.1000,cross-ppi,802,0.030093166917329106,1.0
all,0.1000,cross-ppi,803,0.030217419076274732,1.0
all,0.1000,cross-ppi,804,0.03070579435101828,1.0
all,0.1000,cross-ppi,805,0.029865658356890562,1.0
all,0.1000,cross-ppi,806,0.02981714724743209,1.0
all,0.1000,cross-ppi,807,0.029315845842720067,1.0
all,0.1000,cross-ppi,808,0.029832649503337194,1.0
all,0.1000,cross-ppi,809,0.03010722466825433,1.0
all,0.1000,cross-ppi,810,0.030389938906589337,1.0
all,0.1000,cross-ppi,811,0.030302505168700034,1.0
all,0.1000,cross-ppi,812,0.029410473629649964,1.0
all,0.1000,cross-ppi,813,0.029794079147896335,1.0
all,0.1000,cross-ppi,814,0.0304282784471632,1.0
all,0.1000,cross-ppi,815,0.03073782327114627,1.0
all,0.1000,cross-ppi,816,0.03013167960731067,1.0
all,0.1000,cross-ppi,817,0.027984816797644835,1.0
all,0.1000,cross-ppi,818,0.031147838704994713,1.0
all,0.1000,cross-ppi,819,0.030031135540603576,1.0
all,0.1000,cross-ppi,820,0.029770248036497443,1.0
all,0.1000,cross-ppi,821,0.030578660923777173,1.0
all,0.1000,cross-ppi,822,0.030709635188135548,1.0
all,0.1000,cross-ppi,823,0.0320625271086461,1.0
all,0.1000,cross-ppi,824,0.029984711568091488,1.0
all,0.1000,cross-ppi,825,0.030424323255257985,1.0
all,0.1000,cross-ppi,826,0.029518800715362364,1.0
all,0.1000,cross-ppi,827,0.030522759624630053,1.0
all,0.1000,cross-ppi,828,0.029338653883255045,1.0
all,0.1000,cross-ppi,829,0.030705962487464156,1.0
all,0.1000,cross-ppi,830,0.031269257437952946,1.0
all,0.1000,cross-ppi,831,0.030731442923106922,1.0
all,0.1000,cross-ppi,832,0.030440478226978263,1.0
all,0.1000,cross-ppi,833,0.03005085227742188,1.0
all,0.1000,cross-ppi,834,0.030240263850885435,1.0
all,0.1000,cross-ppi,835,0.029741875473963342,1.0
all,0.1000,cross-ppi,836,0.03100881031314273,1.0
all,0.1000,cross-ppi,837,0.030238343294589826,1.0
all,0.1000,cross-ppi,838,0.030419731207651263,1.0
all,0.1000,cross-ppi,839,0.029374082987816186,1.0
all,0.1000,cross-ppi,840,0.03100823491424276,1.0
all,0.1000,cross-ppi,841,0.03028093862091044,1.0
all,0.1000,cross-ppi,842,0.030603186698747842,1.0
all,0.1000,cross-ppi,843,0.02916133240847074,1.0
all,0.1000,cross-ppi,844,0.030259739953079512,1.0
all,0.1000,cross-ppi,845,0.029836662143499976,1.0
all,0.1000,cross-ppi,846,0.029581452725153667,1.0
all,0.1000,cross-ppi,847,0.02969215215076848,1.0
all,0.1000,cross-ppi,848,0.02958052096843486,1.0
all,0.1000,cross-ppi,849,0.030988360181949393,0.0
all,0.1000,cross-ppi,850,0.03087554419219532,1.0
all,0.1000,cross-ppi,851,0.03054848475072225,1.0
all,0.1000,cross-ppi,852,0.02852397078055624,1.0
all,0.1000,cross-ppi,853,0.031339153991394864,1.0
all,0.1000,cross-ppi,854,0.029267438785165134,1.0
all,0.1000,cross-ppi,855,0.02949704497133865,1.0
all,0.1000,cross-ppi,856,0.02988213768536141,1.0
all,0.1000,cross-ppi,857,0.030453467094725073,1.0
all,0.1000,cross-ppi,858,0.030032341102557453,1.0
all,0.1000,cross-ppi,859,0.030067398126440742,1.0
all,0.1000,cross-ppi,860,0.030396225450452757,1.0
all,0.1000,cross-ppi,861,0.03027440433881856,1.0
all,0.1000,cross-ppi,862,0.02976158429914022,1.0
all,0.1000,cross-ppi,863,0.03132626045435494,1.0
all,0.1000,cross-ppi,864,0.03033291263017035,1.0
all,0.1000,cross-ppi,865,0.03115086315167992,1.0
all,0.1000,cross-ppi,866,0.030083331963424303,1.0
all,0.1000,cross-ppi,867,0.029506813909282337,1.0
all,0.1000,cross-ppi,868,0.03005380388550538,1.0
all,0.1000,cross-ppi,869,0.02866043390989048,1.0
all,0.1000,cross-ppi,870,0.0290473098969527,0.0
all,0.1000,cross-ppi,871,0.030847338842574318,1.0
all,0.1000,cross-ppi,872,0.02974767847800744,1.0
all,0.1000,cross-ppi,873,0.030876665631027173,1.0
all,0.1000,cross-ppi,874,0.030490968512280697,1.0
all,0.1000,cross-ppi,875,0.03010305932898072,1.0
all,0.1000,cross-ppi,876,0.02958909022097797,1.0
all,0.1000,cross-ppi,877,0.02915953025526216,0.0
all,0.1000,cross-ppi,878,0.029866201072667353,1.0
all,0.1000,cross-ppi,879,0.029304001609240293,1.0
all,0.1000,cross-ppi,880,0.02953897606488065,1.0
all,0.1000,cross-ppi,881,0.02938411912887043,1.0
all,0.1000,cross-ppi,882,0.029749159980224454,1.0
all,0.1000,cross-ppi,883,0.028181881088647137,1.0
all,0.1000,cross-ppi,884,0.030484439539908176,1.0
all,0.1000,cross-ppi,885,0.02962567373898875,1.0
all,0.1000,cross-ppi,886,0.030762128814925127,1.0
all,0.1000,cross-ppi,887,0.028840199417417,1.0
all,0.1000,cross-ppi,888,0.02914838214614132,1.0
all,0.1000,cross-ppi,889,0.030444952696649707,1.0
all,0.1000,cross-ppi,890,0.03024733026985371,1.0
all,0.1000,cross-ppi,891,0.03122607336922134,1.0
all,0.1000,cross-ppi,892,0.03137000832606185,1.0
all,0.1000,cross-ppi,893,0.03041751737811449,1.0
all,0.1000,cross-ppi,894,0.031398330640079686,1.0
all,0.1000,cross-ppi,895,0.030170934683502848,1.0
all,0.1000,cross-ppi,896,0.030019842522711282,1.0
all,0.1000,cross-ppi,897,0.03102843908050268,1.0
all,0.1000,cross-ppi,898,0.029523545740178347,1.0
all,0.1000,cross-ppi,899,0.03007741085329671,1.0
all,0.1000,cross-ppi,900,0.031074387682376386,1.0
all,0.1000,cross-ppi,901,0.029093235747531532,1.0
all,0.1000,cross-ppi,902,0.0307601868367835,1.0
all,0.1000,cross-ppi,903,0.029558655899421832,1.0
all,0.1000,cross-ppi,904,0.02972419424522263,1.0
all,0.1000,cross-ppi,905,0.029337389148076515,1.0
all,0.1000,cross-ppi,906,0.03106435937071597,1.0
all,0.1000,cross-ppi,907,0.030206522490086735,1.0
all,0.1000,cross-ppi,908,0.030026671530299698,1.0
all,0.1000,cross-ppi,909,0.029716327340754717,1.0
all,0.1000,cross-ppi,910,0.029549411668363446,1.0
all,0.1000,cross-ppi,911,0.02914519624825221,1.0
all,0.1000,cross-ppi,912,0.030444476147248767,1.0
all,0.1000,cross-ppi,913,0.031045631079380964,1.0
all,0.1000,cross-ppi,914,0.029308443134752116,1.0
all,0.1000,cross-ppi,915,0.029794023925861612,1.0
all,0.1000,cross-ppi,916,0.030163206478672433,1.0
all,0.1000,cross-ppi,917,0.029689481563224374,1.0
all,0.1000,cross-ppi,918,0.03041662940883927,1.0
all,0.1000,cross-ppi,919,0.031554316019545614,1.0
all,0.1000,cross-ppi,920,0.029708881837880452,1.0
all,0.1000,cross-ppi,921,0.030542785895568775,1.0
all,0.1000,cross-ppi,922,0.030165895001576654,1.0
all,0.1000,cross-ppi,923,0.030746531578009023,1.0
all,0.1000,cross-ppi,924,0.030066404720365564,1.0
all,0.1000,cross-ppi,925,0.03024599636161751,1.0
all,0.1000,cross-ppi,926,0.029350917391164605,1.0
all,0.1000,cross-ppi,927,0.028147717532323896,1.0
all,0.1000,cross-ppi,928,0.030688454576801805,1.0
all,0.1000,cross-ppi,929,0.029318772740692944,1.0
all,0.1000,cross-ppi,930,0.029637669024448976,1.0
all,0.1000,cross-ppi,931,0.03004087159176927,1.0
all,0.1000,cross-ppi,932,0.02936666559191045,1.0
all,0.1000,cross-ppi,933,0.02862804762496074,1.0
all,0.1000,cross-ppi,934,0.03032130983371295,1.0
all,0.1000,cross-ppi,935,0.02987391555281127,1.0
all,0.1000,cross-ppi,936,0.02917531677151583,1.0
all,0.1000,cross-ppi,937,0.03060306102487731,1.0
all,0.1000,cross-ppi,938,0.030339568827219915,1.0
all,0.1000,cross-ppi,939,0.030550093269699374,1.0
all,0.1000,cross-ppi,940,0.03115033721644256,1.0
all,0.1000,cross-ppi,941,0.029721149391694485,1.0
all,0.1000,cross-ppi,942,0.029201535585688165,1.0
all,0.1000,cross-ppi,943,0.03111678996163203,1.0
all,0.1000,cross-ppi,944,0.02975676176208608,0.0
all,0.1000,cross-ppi,945,0.030476660704043895,1.0
all,0.1000,cross-ppi,946,0.03096771642793994,1.0
all,0.1000,cross-ppi,947,0.030042103956406857,1.0
all,0.1000,cross-ppi,948,0.030089527365917634,1.0
all,0.1000,cross-ppi,949,0.02917501784813825,1.0
all,0.1000,cross-ppi,950,0.031014991177476303,1.0
all,0.1000,cross-ppi,951,0.029955509005811454,1.0
all,0.1000,cross-ppi,952,0.029242159284596947,1.0
all,0.1000,cross-ppi,953,0.030385380406053097,1.0
all,0.1000,cross-ppi,954,0.03019708586071687,1.0
all,0.1000,cross-ppi,955,0.029697755646101442,1.0
all,0.1000,cross-ppi,956,0.029619111864747305,1.0
all,0.1000,cross-ppi,957,0.030126523043117276,1.0
all,0.1000,cross-ppi,958,0.030183472132691902,1.0
all,0.1000,cross-ppi,959,0.029574944527286928,1.0
all,0.1000,cross-ppi,960,0.02972206950092668,1.0
all,0.1000,cross-ppi,961,0.028829304813488887,1.0
all,0.1000,cross-ppi,962,0.03027200427533827,0.0
all,0.1000,cross-ppi,963,0.03047202638785776,1.0
all,0.1000,cross-ppi,964,0.03024064622699041,1.0
all,0.1000,cross-ppi,965,0.029858398461348717,1.0
all,0.1000,cross-ppi,966,0.030751388700203663,1.0
all,0.1000,cross-ppi,967,0.030446189137831814,1.0
all,0.1000,cross-ppi,968,0.031210055878557713,1.0
all,0.1000,cross-ppi,969,0.02945080267810507,1.0
all,0.1000,cross-ppi,970,0.03083359989646617,1.0
all,0.1000,cross-ppi,971,0.029926036682245166,1.0
all,0.1000,cross-ppi,972,0.03017153779418036,1.0
all,0.1000,cross-ppi,973,0.029934171923366476,1.0
all,0.1000,cross-ppi,974,0.02959526800275225,1.0
all,0.1000,cross-ppi,975,0.030161212086688788,1.0
all,0.1000,cross-ppi,976,0.02913438963701065,1.0
all,0.1000,cross-ppi,977,0.029479118392176096,1.0
all,0.1000,cross-ppi,978,0.030115586774720815,1.0
all,0.1000,cross-ppi,979,0.030007491421545462,1.0
all,0.1000,cross-ppi,980,0.02892535317700992,1.0
all,0.1000,cross-ppi,981,0.03095629949743381,1.0
all,0.1000,cross-ppi,982,0.029823958990702865,1.0
all,0.1000,cross-ppi,983,0.02928170884832193,1.0
all,0.1000,cross-ppi,984,0.03133697215607012,1.0
all,0.1000,cross-ppi,985,0.029197723266198627,1.0
all,0.1000,cross-ppi,986,0.03101933480588215,1.0
all,0.1000,cross-ppi,987,0.029597427308392127,1.0
all,0.1000,cross-ppi,988,0.029039645611326298,1.0
all,0.1000,cross-ppi,989,0.031049496055746223,1.0
all,0.1000,cross-ppi,990,0.030071465253783125,1.0
all,0.1000,cross-ppi,991,0.030338330222026005,1.0
all,0.1000,cross-ppi,992,0.030523623907934283,1.0
all,0.1000,cross-ppi,993,0.030021752307982985,1.0
all,0.1000,cross-ppi,994,0.03073063942550025,1.0
all,0.1000,cross-ppi,995,0.029467876039308227,1.0
all,0.1000,cross-ppi,996,0.03064692965787233,1.0
all,0.1000,cross-ppi,997,0.028993943860127436,1.0
all,0.1000,cross-ppi,998,0.02912065319792856,1.0
all,0.1000,cross-ppi,999,0.03028538865968225,1.0
all,0.1100,cross-ppi,666,0.028366969573554696,1.0
all,0.1100,cross-ppi,667,0.02909455357359969,1.0
all,0.1100,cross-ppi,668,0.02889727662405006,1.0
all,0.1100,cross-ppi,669,0.02883223564374024,1.0
all,0.1100,cross-ppi,670,0.029020821431265498,1.0
all,0.1100,cross-ppi,671,0.029135460997001705,1.0
all,0.1100,cross-ppi,672,0.02912718803805467,1.0
all,0.1100,cross-ppi,673,0.028345420696634926,1.0
all,0.1100,cross-ppi,674,0.028845604307848133,1.0
all,0.1100,cross-ppi,675,0.028361108742328472,1.0
all,0.1100,cross-ppi,676,0.02859501280506102,1.0
all,0.1100,cross-ppi,677,0.02813560521009706,1.0
all,0.1100,cross-ppi,678,0.029438301540591155,1.0
all,0.1100,cross-ppi,679,0.028659656397124533,1.0
all,0.1100,cross-ppi,680,0.02974944838405691,1.0
all,0.1100,cross-ppi,681,0.028301648722115852,1.0
all,0.1100,cross-ppi,682,0.02942333337619929,1.0
all,0.1100,cross-ppi,683,0.028251724839669062,1.0
all,0.1100,cross-ppi,684,0.028210050750016813,1.0
all,0.1100,cross-ppi,685,0.02760388512201553,0.0
all,0.1100,cross-ppi,686,0.028988095149098947,1.0
all,0.1100,cross-ppi,687,0.028436324680017888,1.0
all,0.1100,cross-ppi,688,0.02903336174373053,1.0
all,0.1100,cross-ppi,689,0.029760144771621894,1.0
all,0.1100,cross-ppi,690,0.02896567293609728,1.0
all,0.1100,cross-ppi,691,0.029730806543643795,0.0
all,0.1100,cross-ppi,692,0.029181250845845885,1.0
all,0.1100,cross-ppi,693,0.028920092894873767,1.0
all,0.1100,cross-ppi,694,0.029705171952952525,1.0
all,0.1100,cross-ppi,695,0.028308559111666604,1.0
all,0.1100,cross-ppi,696,0.029371805236304005,1.0
all,0.1100,cross-ppi,697,0.027994451254631292,1.0
all,0.1100,cross-ppi,698,0.02945190357135888,1.0
all,0.1100,cross-ppi,699,0.028483643748591136,0.0
all,0.1100,cross-ppi,700,0.029240899695672368,1.0
all,0.1100,cross-ppi,701,0.02866548846916664,1.0
all,0.1100,cross-ppi,702,0.0290703537049527,1.0
all,0.1100,cross-ppi,703,0.029000484703360918,1.0
all,0.1100,cross-ppi,704,0.029376399176929663,1.0
all,0.1100,cross-ppi,705,0.028539781164493627,1.0
all,0.1100,cross-ppi,706,0.02879797909790771,1.0
all,0.1100,cross-ppi,707,0.028224258997253115,1.0
all,0.1100,cross-ppi,708,0.028669818520473317,1.0
all,0.1100,cross-ppi,709,0.028548548443893346,1.0
all,0.1100,cross-ppi,710,0.029228759636187762,1.0
all,0.1100,cross-ppi,711,0.029051903307834692,1.0
all,0.1100,cross-ppi,712,0.02902890977453998,1.0
all,0.1100,cross-ppi,713,0.028763699006276733,1.0
all,0.1100,cross-ppi,714,0.028934133725772693,1.0
all,0.1100,cross-ppi,715,0.029239188484491363,1.0
all,0.1100,cross-ppi,716,0.02916857979738885,1.0
all,0.1100,cross-ppi,717,0.02700593903468962,1.0
all,0.1100,cross-ppi,718,0.029955195527966327,0.0
all,0.1100,cross-ppi,719,0.028979859676025427,1.0
all,0.1100,cross-ppi,720,0.02855500508949016,1.0
all,0.1100,cross-ppi,721,0.029126890975086278,1.0
all,0.1100,cross-ppi,722,0.02965148950012783,1.0
all,0.1100,cross-ppi,723,0.030489159469140104,1.0
all,0.1100,cross-ppi,724,0.029107902348082804,1.0
all,0.1100,cross-ppi,725,0.029241400356050606,1.0
all,0.1100,cross-ppi,726,0.028373064894932992,1.0
all,0.1100,cross-ppi,727,0.029214541146606487,1.0
all,0.1100,cross-ppi,728,0.028069554304557015,1.0
all,0.1100,cross-ppi,729,0.029084297242197632,1.0
all,0.1100,cross-ppi,730,0.02976981568869652,1.0
all,0.1100,cross-ppi,731,0.029333915021783508,1.0
all,0.1100,cross-ppi,732,0.028909014029802838,1.0
all,0.1100,cross-ppi,733,0.02877752766280295,0.0
all,0.1100,cross-ppi,734,0.029049980398286768,1.0
all,0.1100,cross-ppi,735,0.028836715581886746,1.0
all,0.1100,cross-ppi,736,0.029583721383198425,1.0
all,0.1100,cross-ppi,737,0.028975682992881224,1.0
all,0.1100,cross-ppi,738,0.029271327787524143,1.0
all,0.1100,cross-ppi,739,0.028159044351234203,1.0
all,0.1100,cross-ppi,740,0.0297637818317954,1.0
all,0.1100,cross-ppi,741,0.028934573836449234,1.0
all,0.1100,cross-ppi,742,0.029486811015774245,1.0
all,0.1100,cross-ppi,743,0.028101751638041822,1.0
all,0.1100,cross-ppi,744,0.028999549373102784,1.0
all,0.1100,cross-ppi,745,0.02840677335787825,1.0
all,0.1100,cross-ppi,746,0.028326032322796735,1.0
all,0.1100,cross-ppi,747,0.02882839044888197,1.0
all,0.1100,cross-ppi,748,0.028473434450723034,1.0
all,0.1100,cross-ppi,749,0.029645642589930743,1.0
all,0.1100,cross-ppi,750,0.029631814680830065,1.0
all,0.1100,cross-ppi,751,0.029254941531778322,1.0
all,0.1100,cross-ppi,752,0.02750785221303878,1.0
all,0.1100,cross-ppi,753,0.030127963349188103,1.0
all,0.1100,cross-ppi,754,0.027987479774647467,1.0
all,0.1100,cross-ppi,755,0.02822016910924638,1.0
all,0.1100,cross-ppi,756,0.028500794102100047,1.0
all,0.1100,cross-ppi,757,0.02934220123362455,1.0
all,0.1100,cross-ppi,758,0.028902987486750464,1.0
all,0.1100,cross-ppi,759,0.0287556879938915,1.0
all,0.1100,cross-ppi,760,0.02899536128198546,1.0
all,0.1100,cross-ppi,761,0.0289483207673977,1.0
all,0.1100,cross-ppi,762,0.02863481687137226,1.0
all,0.1100,cross-ppi,763,0.030295419788461064,1.0
all,0.1100,cross-ppi,764,0.029047067497304152,1.0
all,0.1100,cross-ppi,765,0.02964365245473921,1.0
all,0.1100,cross-ppi,766,0.028803049544007392,1.0
all,0.1100,cross-ppi,767,0.02822442301489614,1.0
all,0.1100,cross-ppi,768,0.028958766557692472,1.0
all,0.1100,cross-ppi,769,0.027941379855433573,1.0
all,0.1100,cross-ppi,770,0.028175733772852013,0.0
all,0.1100,cross-ppi,771,0.029687330015009783,1.0
all,0.1100,cross-ppi,772,0.02856206631770622,1.0
all,0.1100,cross-ppi,773,0.029595646930923536,1.0
all,0.1100,cross-ppi,774,0.029200704866040234,1.0
all,0.1100,cross-ppi,775,0.0285213125478031,1.0
all,0.1100,cross-ppi,776,0.028429163942255586,1.0
all,0.1100,cross-ppi,777,0.028830310539594173,1.0
all,0.1100,cross-ppi,778,0.029109447858301385,1.0
all,0.1100,cross-ppi,779,0.028331077966791712,1.0
all,0.1100,cross-ppi,780,0.028537847187261378,1.0
all,0.1100,cross-ppi,781,0.02818677773267042,1.0
all,0.1100,cross-ppi,782,0.02859266645900102,1.0
all,0.1100,cross-ppi,783,0.027684777735791283,1.0
all,0.1100,cross-ppi,784,0.029149391200029018,1.0
all,0.1100,cross-ppi,785,0.02826408159556973,1.0
all,0.1100,cross-ppi,786,0.029691520204976785,1.0
all,0.1100,cross-ppi,787,0.02777338308679811,1.0
all,0.1100,cross-ppi,788,0.028077725758130168,1.0
all,0.1100,cross-ppi,789,0.029157387325445594,1.0
all,0.1100,cross-ppi,790,0.02910502153308034,1.0
all,0.1100,cross-ppi,791,0.02992610269024487,1.0
all,0.1100,cross-ppi,792,0.03012763598638124,1.0
all,0.1100,cross-ppi,793,0.02949101154224973,1.0
all,0.1100,cross-ppi,794,0.029763278111679448,1.0
all,0.1100,cross-ppi,795,0.028811465954823673,1.0
all,0.1100,cross-ppi,796,0.028896788012311436,1.0
all,0.1100,cross-ppi,797,0.029622423869105657,1.0
all,0.1100,cross-ppi,798,0.02836580326743468,1.0
all,0.1100,cross-ppi,799,0.028826073977335165,1.0
all,0.1100,cross-ppi,800,0.030209016613809286,1.0
all,0.1100,cross-ppi,801,0.028292937793399475,1.0
all,0.1100,cross-ppi,802,0.02937968884797748,1.0
all,0.1100,cross-ppi,803,0.027970446440145874,1.0
all,0.1100,cross-ppi,804,0.028852632274404738,1.0
all,0.1100,cross-ppi,805,0.028207528028693085,1.0
all,0.1100,cross-ppi,806,0.029488329178234823,1.0
all,0.1100,cross-ppi,807,0.029053858843872155,1.0
all,0.1100,cross-ppi,808,0.02871047935887161,1.0
all,0.1100,cross-ppi,809,0.028823913922661593,1.0
all,0.1100,cross-ppi,810,0.028453054680957268,1.0
all,0.1100,cross-ppi,811,0.028006095542655873,1.0
all,0.1100,cross-ppi,812,0.02900606721268595,1.0
all,0.1100,cross-ppi,813,0.029589591722323783,1.0
all,0.1100,cross-ppi,814,0.02815497853659399,1.0
all,0.1100,cross-ppi,815,0.02881413970714619,1.0
all,0.1100,cross-ppi,816,0.02895243118741031,1.0
all,0.1100,cross-ppi,817,0.02852395819238976,1.0
all,0.1100,cross-ppi,818,0.028935967039029342,1.0
all,0.1100,cross-ppi,819,0.029740448152521748,1.0
all,0.1100,cross-ppi,820,0.02824164905058235,1.0
all,0.1100,cross-ppi,821,0.02890453557800876,1.0
all,0.1100,cross-ppi,822,0.029199458246205512,1.0
all,0.1100,cross-ppi,823,0.02945976381902929,1.0
all,0.1100,cross-ppi,824,0.02870552978324803,1.0
all,0.1100,cross-ppi,825,0.028916635648166572,1.0
all,0.1100,cross-ppi,826,0.02833631673039616,1.0
all,0.1100,cross-ppi,827,0.027016087604961686,1.0
all,0.1100,cross-ppi,828,0.029575567571521688,1.0
all,0.1100,cross-ppi,829,0.028527025886032814,1.0
all,0.1100,cross-ppi,830,0.02817124723813047,1.0
all,0.1100,cross-ppi,831,0.02880434901047313,1.0
all,0.1100,cross-ppi,832,0.02816439406599594,1.0
all,0.1100,cross-ppi,833,0.027518220824218287,1.0
all,0.1100,cross-ppi,834,0.02913453676835487,1.0
all,0.1100,cross-ppi,835,0.028545057072427604,1.0
all,0.1100,cross-ppi,836,0.02856268540011428,1.0
all,0.1100,cross-ppi,837,0.02915836038731115,1.0
all,0.1100,cross-ppi,838,0.029412741685458793,1.0
all,0.1100,cross-ppi,839,0.02908150938414822,1.0
all,0.1100,cross-ppi,840,0.029627717587810548,1.0
all,0.1100,cross-ppi,841,0.028796825082167216,1.0
all,0.1100,cross-ppi,842,0.027764089180771334,1.0
all,0.1100,cross-ppi,843,0.029606428327187545,1.0
all,0.1100,cross-ppi,844,0.02868285171513449,0.0
all,0.1100,cross-ppi,845,0.028859060191402913,1.0
all,0.1100,cross-ppi,846,0.029494447500645365,1.0
all,0.1100,cross-ppi,847,0.028592593082474194,1.0
all,0.1100,cross-ppi,848,0.029020598848946144,1.0
all,0.1100,cross-ppi,849,0.028073008313949127,1.0
all,0.1100,cross-ppi,850,0.02965809677774553,1.0
all,0.1100,cross-ppi,851,0.02855861898919332,1.0
all,0.1100,cross-ppi,852,0.02826472442234418,1.0
all,0.1100,cross-ppi,853,0.0290533336203026,1.0
all,0.1100,cross-ppi,854,0.02925669820692134,1.0
all,0.1100,cross-ppi,855,0.02841124939375217,1.0
all,0.1100,cross-ppi,856,0.02863508706962084,1.0
all,0.1100,cross-ppi,857,0.028925462433293775,1.0
all,0.1100,cross-ppi,858,0.028973201424252748,1.0
all,0.1100,cross-ppi,859,0.028682708145622432,1.0
all,0.1100,cross-ppi,860,0.02869668604036399,1.0
all,0.1100,cross-ppi,861,0.02770371850406228,1.0
all,0.1100,cross-ppi,862,0.02919239898509396,1.0
all,0.1100,cross-ppi,863,0.029033044983188566,1.0
all,0.1100,cross-ppi,864,0.028892025711439923,1.0
all,0.1100,cross-ppi,865,0.028707687429179507,1.0
all,0.1100,cross-ppi,866,0.029364188111181466,1.0
all,0.1100,cross-ppi,867,0.029176068569744973,1.0
all,0.1100,cross-ppi,868,0.029794054641670203,1.0
all,0.1100,cross-ppi,869,0.028509578755767234,1.0
all,0.1100,cross-ppi,870,0.02978459166963232,1.0
all,0.1100,cross-ppi,871,0.028548143643362223,1.0
all,0.1100,cross-ppi,872,0.02898215522130687,1.0
all,0.1100,cross-ppi,873,0.02905698512552346,1.0
all,0.1100,cross-ppi,874,0.028227671925983633,1.0
all,0.1100,cross-ppi,875,0.029070048745912014,1.0
all,0.1100,cross-ppi,876,0.028140085267575388,1.0
all,0.1100,cross-ppi,877,0.02839383933540493,1.0
all,0.1100,cross-ppi,878,0.02902862976989609,1.0
all,0.1100,cross-ppi,879,0.028931537661352147,1.0
all,0.1100,cross-ppi,880,0.02757443535051629,1.0
all,0.1100,cross-ppi,881,0.029692274370528793,1.0
all,0.1100,cross-ppi,882,0.028779301367809595,1.0
all,0.1100,cross-ppi,883,0.02846140659430138,1.0
all,0.1100,cross-ppi,884,0.029777268394413886,1.0
all,0.1100,cross-ppi,885,0.027806623500393562,1.0
all,0.1100,cross-ppi,886,0.029639926219962365,1.0
all,0.1100,cross-ppi,887,0.02848666127752522,1.0
all,0.1100,cross-ppi,888,0.027810257881320855,1.0
all,0.1100,cross-ppi,889,0.029939165313707772,1.0
all,0.1100,cross-ppi,890,0.028950738704847656,1.0
all,0.1100,cross-ppi,891,0.02908189712644904,1.0
all,0.1100,cross-ppi,892,0.029515112113658648,1.0
all,0.1100,cross-ppi,893,0.028778794856379658,1.0
all,0.1100,cross-ppi,894,0.029414093938697428,1.0
all,0.1100,cross-ppi,895,0.02858042984138834,1.0
all,0.1100,cross-ppi,896,0.029472153279366253,1.0
all,0.1100,cross-ppi,897,0.02806407096416841,1.0
all,0.1100,cross-ppi,898,0.028089110271569767,1.0
all,0.1100,cross-ppi,899,0.029203687704627862,1.0
all,0.1100,cross-ppi,900,0.028542569427230463,1.0
all,0.1100,cross-ppi,901,0.02895578752088357,1.0
all,0.1100,cross-ppi,902,0.029641603451998066,1.0
all,0.1100,cross-ppi,903,0.02925674667671896,1.0
all,0.1100,cross-ppi,904,0.02909316702764217,1.0
all,0.1100,cross-ppi,905,0.028702513226986,1.0
all,0.1100,cross-ppi,906,0.028586935318891754,1.0
all,0.1100,cross-ppi,907,0.029273673178888876,1.0
all,0.1100,cross-ppi,908,0.028725316987216837,1.0
all,0.1100,cross-ppi,909,0.028095654222046296,1.0
all,0.1100,cross-ppi,910,0.02957922046876979,1.0
all,0.1100,cross-ppi,911,0.029389263065153326,1.0
all,0.1100,cross-ppi,912,0.028564894109875616,1.0
all,0.1100,cross-ppi,913,0.028818857655177443,1.0
all,0.1100,cross-ppi,914,0.028139614104253252,1.0
all,0.1100,cross-ppi,915,0.027769396978933436,1.0
all,0.1100,cross-ppi,916,0.028287244697720593,1.0
all,0.1100,cross-ppi,917,0.02857891097453391,1.0
all,0.1100,cross-ppi,918,0.029554738642084466,1.0
all,0.1100,cross-ppi,919,0.028982322654145798,1.0
all,0.1100,cross-ppi,920,0.02810351075873249,1.0
all,0.1100,cross-ppi,921,0.029988834277707488,1.0
all,0.1100,cross-ppi,922,0.028568121878423586,1.0
all,0.1100,cross-ppi,923,0.02891299097488187,1.0
all,0.1100,cross-ppi,924,0.028969996429626943,1.0
all,0.1100,cross-ppi,925,0.02939312342069844,0.0
all,0.1100,cross-ppi,926,0.028392221255786304,1.0
all,0.1100,cross-ppi,927,0.02901180949404511,1.0
all,0.1100,cross-ppi,928,0.029072170640000672,1.0
all,0.1100,cross-ppi,929,0.028731006579885005,1.0
all,0.1100,cross-ppi,930,0.02921533172083679,1.0
all,0.1100,cross-ppi,931,0.029206219969186376,1.0
all,0.1100,cross-ppi,932,0.029715207775268954,1.0
all,0.1100,cross-ppi,933,0.02855176498612752,1.0
all,0.1100,cross-ppi,934,0.02859917597213646,1.0
all,0.1100,cross-ppi,935,0.029443444210974334,1.0
all,0.1100,cross-ppi,936,0.029423318370642715,1.0
all,0.1100,cross-ppi,937,0.029480272126130358,1.0
all,0.1100,cross-ppi,938,0.02820997463622088,1.0
all,0.1100,cross-ppi,939,0.029274450999115048,1.0
all,0.1100,cross-ppi,940,0.0297865925479055,0.0
all,0.1100,cross-ppi,941,0.029740749623364593,1.0
all,0.1100,cross-ppi,942,0.02777940113215502,1.0
all,0.1100,cross-ppi,943,0.028620783330407518,1.0
all,0.1100,cross-ppi,944,0.028708951241292385,1.0
all,0.1100,cross-ppi,945,0.028327562684874436,1.0
all,0.1100,cross-ppi,946,0.02786017353753112,1.0
all,0.1100,cross-ppi,947,0.028831122845783957,1.0
all,0.1100,cross-ppi,948,0.02973195207559487,1.0
all,0.1100,cross-ppi,949,0.02874178058203014,1.0
all,0.1100,cross-ppi,950,0.029033501301938935,1.0
all,0.1100,cross-ppi,951,0.028969590428959968,1.0
all,0.1100,cross-ppi,952,0.028600759032631262,1.0
all,0.1100,cross-ppi,953,0.028583195871378586,1.0
all,0.1100,cross-ppi,954,0.029607180679089184,1.0
all,0.1100,cross-ppi,955,0.028727848357521374,1.0
all,0.1100,cross-ppi,956,0.02876287614908346,1.0
all,0.1100,cross-ppi,957,0.02820890759197467,1.0
all,0.1100,cross-ppi,958,0.028189089219290947,1.0
all,0.1100,cross-ppi,959,0.02921794785157672,1.0
all,0.1100,cross-ppi,960,0.028930600060701583,1.0
all,0.1100,cross-ppi,961,0.027712680044382237,1.0
all,0.1100,cross-ppi,962,0.030152988817386484,1.0
all,0.1100,cross-ppi,963,0.02777522941557789,1.0
all,0.1100,cross-ppi,964,0.0300212681772013,1.0
all,0.1100,cross-ppi,965,0.02808475294402568,0.0
all,0.1100,cross-ppi,966,0.029003975180230263,1.0
all,0.1100,cross-ppi,967,0.03014341101268192,1.0
all,0.1100,cross-ppi,968,0.029685702484300386,1.0
all,0.1100,cross-ppi,969,0.02873525104020458,1.0
all,0.1100,cross-ppi,970,0.02936832438809822,1.0
all,0.1100,cross-ppi,971,0.028871756938585208,1.0
all,0.1100,cross-ppi,972,0.029668166327295298,1.0
all,0.1100,cross-ppi,973,0.02844579360703317,1.0
all,0.1100,cross-ppi,974,0.029305032190459324,1.0
all,0.1100,cross-ppi,975,0.027990218887507856,1.0
all,0.1100,cross-ppi,976,0.02837851720322962,1.0
all,0.1100,cross-ppi,977,0.02801559190148628,1.0
all,0.1100,cross-ppi,978,0.028831415242165592,1.0
all,0.1100,cross-ppi,979,0.028252647235223582,1.0
all,0.1100,cross-ppi,980,0.029218510087722804,1.0
all,0.1100,cross-ppi,981,0.029334765982105715,1.0
all,0.1100,cross-ppi,982,0.028935340728271752,1.0
all,0.1100,cross-ppi,983,0.030065131885540636,1.0
all,0.1100,cross-ppi,984,0.029854695002441534,0.0
all,0.1100,cross-ppi,985,0.028449163012088774,1.0
all,0.1100,cross-ppi,986,0.028320225329398263,1.0
all,0.1100,cross-ppi,987,0.02931724164125446,1.0
all,0.1100,cross-ppi,988,0.02770749176724016,1.0
all,0.1100,cross-ppi,989,0.02813164117184075,1.0
all,0.1100,cross-ppi,990,0.029173974654068374,1.0
all,0.1100,cross-ppi,991,0.028930719947427685,1.0
all,0.1100,cross-ppi,992,0.0295321855290136,1.0
all,0.1100,cross-ppi,993,0.028575363973608076,1.0
all,0.1100,cross-ppi,994,0.028767730548566184,1.0
all,0.1100,cross-ppi,995,0.028653566074969133,1.0
all,0.1100,cross-ppi,996,0.0289163239664465,1.0
all,0.1100,cross-ppi,997,0.029933439619013513,1.0
all,0.1100,cross-ppi,998,0.02820861523053475,0.0
all,0.1100,cross-ppi,999,0.0288345680156199,1.0
all,0.1200,cross-ppi,666,0.027492963458351255,1.0
all,0.1200,cross-ppi,667,0.027078137469369712,1.0
all,0.1200,cross-ppi,668,0.02811094454396046,1.0
all,0.1200,cross-ppi,669,0.027130816861189927,1.0
all,0.1200,cross-ppi,670,0.027652617187123057,1.0
all,0.1200,cross-ppi,671,0.02819845051729486,1.0
all,0.1200,cross-ppi,672,0.027680256132480485,1.0
all,0.1200,cross-ppi,673,0.028119190132397748,1.0
all,0.1200,cross-ppi,674,0.028251695221796408,1.0
all,0.1200,cross-ppi,675,0.027556255619576614,1.0
all,0.1200,cross-ppi,676,0.02732089407084845,1.0
all,0.1200,cross-ppi,677,0.02776439466704969,1.0
all,0.1200,cross-ppi,678,0.028205999968430207,1.0
all,0.1200,cross-ppi,679,0.027715034561223956,1.0
all,0.1200,cross-ppi,680,0.027370609127285533,1.0
all,0.1200,cross-ppi,681,0.027587128732023652,1.0
all,0.1200,cross-ppi,682,0.027634424544977138,1.0
all,0.1200,cross-ppi,683,0.026926212135735095,1.0
all,0.1200,cross-ppi,684,0.027560166080594084,1.0
all,0.1200,cross-ppi,685,0.027581043955799744,1.0
all,0.1200,cross-ppi,686,0.028448157608622182,1.0
all,0.1200,cross-ppi,687,0.026434179515537948,1.0
all,0.1200,cross-ppi,688,0.027158053963342366,1.0
all,0.1200,cross-ppi,689,0.02768412464940373,1.0
all,0.1200,cross-ppi,690,0.02803735598743551,1.0
all,0.1200,cross-ppi,691,0.028457771067284088,1.0
all,0.1200,cross-ppi,692,0.02910027998425646,1.0
all,0.1200,cross-ppi,693,0.028151844356661432,1.0
all,0.1200,cross-ppi,694,0.028813786179583856,1.0
all,0.1200,cross-ppi,695,0.02763738241217062,1.0
all,0.1200,cross-ppi,696,0.028156770458916763,1.0
all,0.1200,cross-ppi,697,0.028506097491203614,1.0
all,0.1200,cross-ppi,698,0.027204180697225966,1.0
all,0.1200,cross-ppi,699,0.027582070017126897,1.0
all,0.1200,cross-ppi,700,0.029075153926768654,1.0
all,0.1200,cross-ppi,701,0.02763711962222981,1.0
all,0.1200,cross-ppi,702,0.02826872168897543,1.0
all,0.1200,cross-ppi,703,0.027563961276142135,1.0
all,0.1200,cross-ppi,704,0.027820081962357524,1.0
all,0.1200,cross-ppi,705,0.027330549200743043,1.0
all,0.1200,cross-ppi,706,0.028165648759069656,1.0
all,0.1200,cross-ppi,707,0.028009761498786395,1.0
all,0.1200,cross-ppi,708,0.027959861593469526,1.0
all,0.1200,cross-ppi,709,0.027781452495325598,1.0
all,0.1200,cross-ppi,710,0.02763019633657815,1.0
all,0.1200,cross-ppi,711,0.027288055575609316,1.0
all,0.1200,cross-ppi,712,0.02800789152255856,1.0
all,0.1200,cross-ppi,713,0.02837074243620552,1.0
all,0.1200,cross-ppi,714,0.02729297116275542,1.0
all,0.1200,cross-ppi,715,0.027724284035902103,1.0
all,0.1200,cross-ppi,716,0.027757147725925524,1.0
all,0.1200,cross-ppi,717,0.027351830409398176,1.0
all,0.1200,cross-ppi,718,0.027965998284399468,1.0
all,0.1200,cross-ppi,719,0.0285696551711474,1.0
all,0.1200,cross-ppi,720,0.027225399285542462,1.0
all,0.1200,cross-ppi,721,0.027866251610136922,1.0
all,0.1200,cross-ppi,722,0.027967908730280905,1.0
all,0.1200,cross-ppi,723,0.02821776043357041,1.0
all,0.1200,cross-ppi,724,0.02736620069948681,1.0
all,0.1200,cross-ppi,725,0.027930528094747054,1.0
all,0.1200,cross-ppi,726,0.027114593577850482,1.0
all,0.1200,cross-ppi,727,0.02630340464674316,1.0
all,0.1200,cross-ppi,728,0.02807474655224207,1.0
all,0.1200,cross-ppi,729,0.027533757343944143,1.0
all,0.1200,cross-ppi,730,0.026913645941695097,1.0
all,0.1200,cross-ppi,731,0.027627540258929356,1.0
all,0.1200,cross-ppi,732,0.026842100250677542,1.0
all,0.1200,cross-ppi,733,0.02697081050367814,1.0
all,0.1200,cross-ppi,734,0.028202870578660916,1.0
all,0.1200,cross-ppi,735,0.027514266079097793,1.0
all,0.1200,cross-ppi,736,0.027361175695559403,1.0
all,0.1200,cross-ppi,737,0.02815866570970424,1.0
all,0.1200,cross-ppi,738,0.02817945908680486,1.0
all,0.1200,cross-ppi,739,0.027989887221029908,1.0
all,0.1200,cross-ppi,740,0.028671339984811445,1.0
all,0.1200,cross-ppi,741,0.02796130436670463,1.0
all,0.1200,cross-ppi,742,0.026701204066300388,1.0
all,0.1200,cross-ppi,743,0.028321908579592575,1.0
all,0.1200,cross-ppi,744,0.02788498202310305,0.0
all,0.1200,cross-ppi,745,0.027743569147961944,1.0
all,0.1200,cross-ppi,746,0.02851477539361258,1.0
all,0.1200,cross-ppi,747,0.027686068001907538,1.0
all,0.1200,cross-ppi,748,0.02790030883832406,1.0
all,0.1200,cross-ppi,749,0.027186699315956964,1.0
all,0.1200,cross-ppi,750,0.02826078277137853,1.0
all,0.1200,cross-ppi,751,0.02764160428684051,1.0
all,0.1200,cross-ppi,752,0.02703447921078947,1.0
all,0.1200,cross-ppi,753,0.028187471474281023,1.0
all,0.1200,cross-ppi,754,0.028253180842237158,1.0
all,0.1200,cross-ppi,755,0.02773057702557713,1.0
all,0.1200,cross-ppi,756,0.027663224371579753,1.0
all,0.1200,cross-ppi,757,0.02787448646207391,1.0
all,0.1200,cross-ppi,758,0.02787890236573007,1.0
all,0.1200,cross-ppi,759,0.027669399721851784,1.0
all,0.1200,cross-ppi,760,0.02765211063490794,1.0
all,0.1200,cross-ppi,761,0.026806610110150703,1.0
all,0.1200,cross-ppi,762,0.027907013859925306,1.0
all,0.1200,cross-ppi,763,0.027703093335416568,1.0
all,0.1200,cross-ppi,764,0.0279649355603889,1.0
all,0.1200,cross-ppi,765,0.02757440488999552,1.0
all,0.1200,cross-ppi,766,0.028432443021843,1.0
all,0.1200,cross-ppi,767,0.028037217543123577,1.0
all,0.1200,cross-ppi,768,0.02849580573756383,1.0
all,0.1200,cross-ppi,769,0.027727064575893356,1.0
all,0.1200,cross-ppi,770,0.028587824573531817,1.0
all,0.1200,cross-ppi,771,0.02762776009202847,1.0
all,0.1200,cross-ppi,772,0.027756644517346274,1.0
all,0.1200,cross-ppi,773,0.02827325508552081,1.0
all,0.1200,cross-ppi,774,0.027367585226675706,1.0
all,0.1200,cross-ppi,775,0.027964929269810673,1.0
all,0.1200,cross-ppi,776,0.027224652904089264,1.0
all,0.1200,cross-ppi,777,0.027399085476715573,1.0
all,0.1200,cross-ppi,778,0.0277523496807609,1.0
all,0.1200,cross-ppi,779,0.02767435220955472,1.0
all,0.1200,cross-ppi,780,0.02637261007058489,1.0
all,0.1200,cross-ppi,781,0.02835564847123717,1.0
all,0.1200,cross-ppi,782,0.027850363406003914,1.0
all,0.1200,cross-ppi,783,0.02711416749154061,1.0
all,0.1200,cross-ppi,784,0.028512121968597315,1.0
all,0.1200,cross-ppi,785,0.026748331903554745,1.0
all,0.1200,cross-ppi,786,0.02852819950159391,1.0
all,0.1200,cross-ppi,787,0.027466451376903733,1.0
all,0.1200,cross-ppi,788,0.027253566459021883,1.0
all,0.1200,cross-ppi,789,0.028829188801554828,1.0
all,0.1200,cross-ppi,790,0.028152732969673577,1.0
all,0.1200,cross-ppi,791,0.02809351490432599,1.0
all,0.1200,cross-ppi,792,0.02832763036194752,1.0
all,0.1200,cross-ppi,793,0.027442590972530684,1.0
all,0.1200,cross-ppi,794,0.028179451173368064,1.0
all,0.1200,cross-ppi,795,0.027513882745931556,1.0
all,0.1200,cross-ppi,796,0.028427233021010467,1.0
all,0.1200,cross-ppi,797,0.027061634015298125,1.0
all,0.1200,cross-ppi,798,0.02708446207400217,1.0
all,0.1200,cross-ppi,799,0.028356396739977474,1.0
all,0.1200,cross-ppi,800,0.027910985794380755,1.0
all,0.1200,cross-ppi,801,0.028084690900760934,1.0
all,0.1200,cross-ppi,802,0.02829666460966332,1.0
all,0.1200,cross-ppi,803,0.028265307842503806,1.0
all,0.1200,cross-ppi,804,0.028005281789491576,1.0
all,0.1200,cross-ppi,805,0.027727520434723624,1.0
all,0.1200,cross-ppi,806,0.027623578923306275,1.0
all,0.1200,cross-ppi,807,0.02827375847714031,1.0
all,0.1200,cross-ppi,808,0.02818939539397483,1.0
all,0.1200,cross-ppi,809,0.026901007573328223,1.0
all,0.1200,cross-ppi,810,0.028377413587271055,1.0
all,0.1200,cross-ppi,811,0.028262640202678213,1.0
all,0.1200,cross-ppi,812,0.027626540484667256,1.0
all,0.1200,cross-ppi,813,0.027713132979975907,1.0
all,0.1200,cross-ppi,814,0.027135571954261167,1.0
all,0.1200,cross-ppi,815,0.02687404601775889,1.0
all,0.1200,cross-ppi,816,0.02748333205678266,1.0
all,0.1200,cross-ppi,817,0.027364871748128072,1.0
all,0.1200,cross-ppi,818,0.02848388894356113,1.0
all,0.1200,cross-ppi,819,0.02796182225637242,1.0
all,0.1200,cross-ppi,820,0.026935360310193057,1.0
all,0.1200,cross-ppi,821,0.028754604341223233,1.0
all,0.1200,cross-ppi,822,0.027402561265699205,1.0
all,0.1200,cross-ppi,823,0.028069844236910307,1.0
all,0.1200,cross-ppi,824,0.028202904105239485,1.0
all,0.1200,cross-ppi,825,0.02843448775409163,0.0
all,0.1200,cross-ppi,826,0.027487522266243153,1.0
all,0.1200,cross-ppi,827,0.02769232917222908,1.0
all,0.1200,cross-ppi,828,0.027858362519790347,1.0
all,0.1200,cross-ppi,829,0.02770865367212902,1.0
all,0.1200,cross-ppi,830,0.028167612887362803,1.0
all,0.1200,cross-ppi,831,0.028215347713907768,1.0
all,0.1200,cross-ppi,832,0.02852332111444178,1.0
all,0.1200,cross-ppi,833,0.027408157791775273,1.0
all,0.1200,cross-ppi,834,0.027364360651089825,1.0
all,0.1200,cross-ppi,835,0.028451232328861015,1.0
all,0.1200,cross-ppi,836,0.028538986470138417,1.0
all,0.1200,cross-ppi,837,0.028144027812709083,1.0
all,0.1200,cross-ppi,838,0.02683655882719016,1.0
all,0.1200,cross-ppi,839,0.0280277299258134,1.0
all,0.1200,cross-ppi,840,0.028673536507338504,0.0
all,0.1200,cross-ppi,841,0.028408869554863325,1.0
all,0.1200,cross-ppi,842,0.02721164954106281,1.0
all,0.1200,cross-ppi,843,0.027860062114156037,1.0
all,0.1200,cross-ppi,844,0.027654650980880158,1.0
all,0.1200,cross-ppi,845,0.027643090192784436,1.0
all,0.1200,cross-ppi,846,0.027131328589113574,1.0
all,0.1200,cross-ppi,847,0.027604922448936725,1.0
all,0.1200,cross-ppi,848,0.028745168834188206,1.0
all,0.1200,cross-ppi,849,0.02819873920873306,1.0
all,0.1200,cross-ppi,850,0.028033076220696618,1.0
all,0.1200,cross-ppi,851,0.028097017870123114,1.0
all,0.1200,cross-ppi,852,0.02748152555348768,1.0
all,0.1200,cross-ppi,853,0.027400032578964395,1.0
all,0.1200,cross-ppi,854,0.02870802934477626,1.0
all,0.1200,cross-ppi,855,0.027785133233801385,1.0
all,0.1200,cross-ppi,856,0.027628886502598538,1.0
all,0.1200,cross-ppi,857,0.027266434774112475,1.0
all,0.1200,cross-ppi,858,0.027554089060659703,1.0
all,0.1200,cross-ppi,859,0.028199239115490826,1.0
all,0.1200,cross-ppi,860,0.027996015167719768,1.0
all,0.1200,cross-ppi,861,0.02668817525545278,1.0
all,0.1200,cross-ppi,862,0.028936421380027028,1.0
all,0.1200,cross-ppi,863,0.026993837489652478,1.0
all,0.1200,cross-ppi,864,0.028734733801583756,1.0
all,0.1200,cross-ppi,865,0.027271876008744783,1.0
all,0.1200,cross-ppi,866,0.028295347008330557,1.0
all,0.1200,cross-ppi,867,0.028963391445759434,1.0
all,0.1200,cross-ppi,868,0.028620822444748367,1.0
all,0.1200,cross-ppi,869,0.027719206716081857,1.0
all,0.1200,cross-ppi,870,0.02832269734429338,1.0
all,0.1200,cross-ppi,871,0.028159327664706718,1.0
all,0.1200,cross-ppi,872,0.028440157577291875,1.0
all,0.1200,cross-ppi,873,0.02779400902037843,1.0
all,0.1200,cross-ppi,874,0.02833680733796709,1.0
all,0.1200,cross-ppi,875,0.026928902357802403,1.0
all,0.1200,cross-ppi,876,0.02743988138333686,1.0
all,0.1200,cross-ppi,877,0.02723717408535306,1.0
all,0.1200,cross-ppi,878,0.027855110605960576,1.0
all,0.1200,cross-ppi,879,0.027447362534818387,1.0
all,0.1200,cross-ppi,880,0.027919505353047436,1.0
all,0.1200,cross-ppi,881,0.02801643193453121,1.0
all,0.1200,cross-ppi,882,0.027918274700347218,1.0
all,0.1200,cross-ppi,883,0.029176409967345024,1.0
all,0.1200,cross-ppi,884,0.028761882062403266,0.0
all,0.1200,cross-ppi,885,0.027643043797414807,1.0
all,0.1200,cross-ppi,886,0.027696604009301184,1.0
all,0.1200,cross-ppi,887,0.028102961823726264,1.0
all,0.1200,cross-ppi,888,0.026727691898666306,1.0
all,0.1200,cross-ppi,889,0.02715787892137078,1.0
all,0.1200,cross-ppi,890,0.02804164446704613,1.0
all,0.1200,cross-ppi,891,0.027858427977136557,1.0
all,0.1200,cross-ppi,892,0.028365916476055797,1.0
all,0.1200,cross-ppi,893,0.027545916680855043,1.0
all,0.1200,cross-ppi,894,0.02789175794606369,1.0
all,0.1200,cross-ppi,895,0.027457892806379974,1.0
all,0.1200,cross-ppi,896,0.027733049483118277,1.0
all,0.1200,cross-ppi,897,0.02884883510631342,1.0
all,0.1200,cross-ppi,898,0.027664369489961427,1.0
all,0.1200,cross-ppi,899,0.027868059259357758,1.0
all,0.1200,cross-ppi,900,0.028111536585544578,1.0
all,0.1200,cross-ppi,901,0.027525000557185653,1.0
all,0.1200,cross-ppi,902,0.027421667850385023,1.0
all,0.1200,cross-ppi,903,0.028363991940471345,1.0
all,0.1200,cross-ppi,904,0.02797842034638054,1.0
all,0.1200,cross-ppi,905,0.027171636711982,1.0
all,0.1200,cross-ppi,906,0.0282874587315054,1.0
all,0.1200,cross-ppi,907,0.027827965737065696,1.0
all,0.1200,cross-ppi,908,0.027823984956716646,1.0
all,0.1200,cross-ppi,909,0.027768322263539064,1.0
all,0.1200,cross-ppi,910,0.028856386504694576,1.0
all,0.1200,cross-ppi,911,0.02716614416927443,1.0
all,0.1200,cross-ppi,912,0.02736335313773161,1.0
all,0.1200,cross-ppi,913,0.028195958992543124,1.0
all,0.1200,cross-ppi,914,0.02864135668317025,1.0
all,0.1200,cross-ppi,915,0.028879160412587757,1.0
all,0.1200,cross-ppi,916,0.028410434619129954,0.0
all,0.1200,cross-ppi,917,0.026534521777724973,1.0
all,0.1200,cross-ppi,918,0.027166975136908827,1.0
all,0.1200,cross-ppi,919,0.027745522802059774,1.0
all,0.1200,cross-ppi,920,0.028107948647950853,0.0
all,0.1200,cross-ppi,921,0.02756494011034613,1.0
all,0.1200,cross-ppi,922,0.02730415724220356,1.0
all,0.1200,cross-ppi,923,0.02848557609333327,1.0
all,0.1200,cross-ppi,924,0.028344968556347716,1.0
all,0.1200,cross-ppi,925,0.027174716721974662,1.0
all,0.1200,cross-ppi,926,0.027917471931052318,1.0
all,0.1200,cross-ppi,927,0.027335131030819748,1.0
all,0.1200,cross-ppi,928,0.02816754731327198,1.0
all,0.1200,cross-ppi,929,0.028330102594467776,1.0
all,0.1200,cross-ppi,930,0.028261755177388714,1.0
all,0.1200,cross-ppi,931,0.027379256181275236,1.0
all,0.1200,cross-ppi,932,0.027996229117932758,1.0
all,0.1200,cross-ppi,933,0.02749047926720924,1.0
all,0.1200,cross-ppi,934,0.028581892834494305,1.0
all,0.1200,cross-ppi,935,0.027730527150791856,1.0
all,0.1200,cross-ppi,936,0.028549186721752634,1.0
all,0.1200,cross-ppi,937,0.02826463976204674,1.0
all,0.1200,cross-ppi,938,0.02771877109175727,1.0
all,0.1200,cross-ppi,939,0.02838549258772627,1.0
all,0.1200,cross-ppi,940,0.026753232648836528,1.0
all,0.1200,cross-ppi,941,0.027498702028665112,1.0
all,0.1200,cross-ppi,942,0.02861405854898591,1.0
all,0.1200,cross-ppi,943,0.027989216383739857,1.0
all,0.1200,cross-ppi,944,0.026642871033117688,1.0
all,0.1200,cross-ppi,945,0.02829808070539197,1.0
all,0.1200,cross-ppi,946,0.027327051108933742,1.0
all,0.1200,cross-ppi,947,0.02811536294964123,1.0
all,0.1200,cross-ppi,948,0.028737108844580916,1.0
all,0.1200,cross-ppi,949,0.02819122963395637,1.0
all,0.1200,cross-ppi,950,0.027772321785887844,1.0
all,0.1200,cross-ppi,951,0.027425739632755963,1.0
all,0.1200,cross-ppi,952,0.02833922671702982,1.0
all,0.1200,cross-ppi,953,0.028164155384042128,1.0
all,0.1200,cross-ppi,954,0.02797935366342011,1.0
all,0.1200,cross-ppi,955,0.028137304115494782,1.0
all,0.1200,cross-ppi,956,0.028313079867557267,1.0
all,0.1200,cross-ppi,957,0.027142816263289515,1.0
all,0.1200,cross-ppi,958,0.028104371062871447,1.0
all,0.1200,cross-ppi,959,0.02739387132858548,1.0
all,0.1200,cross-ppi,960,0.026878728690348463,1.0
all,0.1200,cross-ppi,961,0.027921958462217122,1.0
all,0.1200,cross-ppi,962,0.027111217136222027,1.0
all,0.1200,cross-ppi,963,0.028224103514024268,1.0
all,0.1200,cross-ppi,964,0.028027073500638933,1.0
all,0.1200,cross-ppi,965,0.02744877889900832,1.0
all,0.1200,cross-ppi,966,0.02777328590886119,1.0
all,0.1200,cross-ppi,967,0.027734470625895652,1.0
all,0.1200,cross-ppi,968,0.02704281368086589,1.0
all,0.1200,cross-ppi,969,0.0279543461214512,1.0
all,0.1200,cross-ppi,970,0.02955828363091917,1.0
all,0.1200,cross-ppi,971,0.0277837689112809,1.0
all,0.1200,cross-ppi,972,0.028363142314500017,1.0
all,0.1200,cross-ppi,973,0.02711759393182625,1.0
all,0.1200,cross-ppi,974,0.027396328470039366,1.0
all,0.1200,cross-ppi,975,0.02899285135385174,1.0
all,0.1200,cross-ppi,976,0.028594342467863854,1.0
all,0.1200,cross-ppi,977,0.02741131034422517,1.0
all,0.1200,cross-ppi,978,0.028504768422651344,1.0
all,0.1200,cross-ppi,979,0.027598732963894257,1.0
all,0.1200,cross-ppi,980,0.026866025799206605,1.0
all,0.1200,cross-ppi,981,0.026616034623599627,1.0
all,0.1200,cross-ppi,982,0.027588338408181312,1.0
all,0.1200,cross-ppi,983,0.028078759963951455,1.0
all,0.1200,cross-ppi,984,0.027464922825998106,1.0
all,0.1200,cross-ppi,985,0.027251712367613895,1.0
all,0.1200,cross-ppi,986,0.028570447230751833,1.0
all,0.1200,cross-ppi,987,0.027303461388580863,1.0
all,0.1200,cross-ppi,988,0.027281553243415302,0.0
all,0.1200,cross-ppi,989,0.028830200112643145,1.0
all,0.1200,cross-ppi,990,0.02821843332866039,1.0
all,0.1200,cross-ppi,991,0.028532575676275346,1.0
all,0.1200,cross-ppi,992,0.027037547864434797,0.0
all,0.1200,cross-ppi,993,0.027051850954580736,1.0
all,0.1200,cross-ppi,994,0.027317707270710923,1.0
all,0.1200,cross-ppi,995,0.028729677509568646,1.0
all,0.1200,cross-ppi,996,0.028494691702354996,1.0
all,0.1200,cross-ppi,997,0.028321279972265495,1.0
all,0.1200,cross-ppi,998,0.027359265312943554,1.0
all,0.1200,cross-ppi,999,0.028028329096133925,1.0
all,0.1300,cross-ppi,666,0.027619056293405136,1.0
all,0.1300,cross-ppi,667,0.027352585623435344,1.0
all,0.1300,cross-ppi,668,0.027342152108246975,1.0
all,0.1300,cross-ppi,669,0.026951523284216933,1.0
all,0.1300,cross-ppi,670,0.02747160342222979,1.0
all,0.1300,cross-ppi,671,0.026603653982444464,1.0
all,0.1300,cross-ppi,672,0.026816477127136418,1.0
all,0.1300,cross-ppi,673,0.027366017366441175,1.0
all,0.1300,cross-ppi,674,0.026261834164182263,1.0
all,0.1300,cross-ppi,675,0.027033834514115035,1.0
all,0.1300,cross-ppi,676,0.02622419969308057,1.0
all,0.1300,cross-ppi,677,0.026524444355725207,1.0
all,0.1300,cross-ppi,678,0.026918119213417607,1.0
all,0.1300,cross-ppi,679,0.02681774065191611,1.0
all,0.1300,cross-ppi,680,0.025751194609353628,1.0
all,0.1300,cross-ppi,681,0.02737737453296918,1.0
all,0.1300,cross-ppi,682,0.026990287280330816,1.0
all,0.1300,cross-ppi,683,0.026197779884848393,1.0
all,0.1300,cross-ppi,684,0.027315945456696356,1.0
all,0.1300,cross-ppi,685,0.026064412789711944,1.0
all,0.1300,cross-ppi,686,0.027645510226412817,1.0
all,0.1300,cross-ppi,687,0.026519384117385858,1.0
all,0.1300,cross-ppi,688,0.02623474019357583,1.0
all,0.1300,cross-ppi,689,0.027463037895208292,1.0
all,0.1300,cross-ppi,690,0.02727370403529275,1.0
all,0.1300,cross-ppi,691,0.027178126123129975,1.0
all,0.1300,cross-ppi,692,0.027394313762590605,1.0
all,0.1300,cross-ppi,693,0.026292185046467687,1.0
all,0.1300,cross-ppi,694,0.02722808386555231,1.0
all,0.1300,cross-ppi,695,0.026671331667902892,1.0
all,0.1300,cross-ppi,696,0.027660769675619257,1.0
all,0.1300,cross-ppi,697,0.026211240517091033,1.0
all,0.1300,cross-ppi,698,0.026325644064854825,1.0
all,0.1300,cross-ppi,699,0.02746619281364035,1.0
all,0.1300,cross-ppi,700,0.0271482094790243,1.0
all,0.1300,cross-ppi,701,0.02733835714273658,1.0
all,0.1300,cross-ppi,702,0.027562533673245487,1.0
all,0.1300,cross-ppi,703,0.02731385676553233,1.0
all,0.1300,cross-ppi,704,0.026876065400507437,1.0
all,0.1300,cross-ppi,705,0.02703273850264365,1.0
all,0.1300,cross-ppi,706,0.026697100629704873,1.0
all,0.1300,cross-ppi,707,0.027492749298315328,1.0
all,0.1300,cross-ppi,708,0.02724942184012305,1.0
all,0.1300,cross-ppi,709,0.02605413924421443,1.0
all,0.1300,cross-ppi,710,0.027679865420077054,1.0
all,0.1300,cross-ppi,711,0.027260825723215643,1.0
all,0.1300,cross-ppi,712,0.027106119279221685,1.0
all,0.1300,cross-ppi,713,0.026819519276982562,1.0
all,0.1300,cross-ppi,714,0.02648217192989155,1.0
all,0.1300,cross-ppi,715,0.02611661587502845,1.0
all,0.1300,cross-ppi,716,0.026684690949921985,1.0
all,0.1300,cross-ppi,717,0.02653702143863637,1.0
all,0.1300,cross-ppi,718,0.027495300335637962,1.0
all,0.1300,cross-ppi,719,0.027121145811682124,1.0
all,0.1300,cross-ppi,720,0.026220405293625265,1.0
all,0.1300,cross-ppi,721,0.02767613428284843,1.0
all,0.1300,cross-ppi,722,0.02659503136035693,1.0
all,0.1300,cross-ppi,723,0.02703339926081172,1.0
all,0.1300,cross-ppi,724,0.027429729155441396,1.0
all,0.1300,cross-ppi,725,0.02724001529850295,0.0
all,0.1300,cross-ppi,726,0.026889702146160044,1.0
all,0.1300,cross-ppi,727,0.026677773143426453,1.0
all,0.1300,cross-ppi,728,0.026780004427281234,1.0
all,0.1300,cross-ppi,729,0.02703560185369272,1.0
all,0.1300,cross-ppi,730,0.027439752168307407,1.0
all,0.1300,cross-ppi,731,0.027541884686682283,1.0
all,0.1300,cross-ppi,732,0.027561056260329342,1.0
all,0.1300,cross-ppi,733,0.02657460077832355,1.0
all,0.1300,cross-ppi,734,0.026283075506348813,1.0
all,0.1300,cross-ppi,735,0.027370053745094686,1.0
all,0.1300,cross-ppi,736,0.02753660779665576,1.0
all,0.1300,cross-ppi,737,0.0267310899378497,1.0
all,0.1300,cross-ppi,738,0.02592665469943345,1.0
all,0.1300,cross-ppi,739,0.02709603243683134,1.0
all,0.1300,cross-ppi,740,0.027605425445318188,0.0
all,0.1300,cross-ppi,741,0.027544662942035836,1.0
all,0.1300,cross-ppi,742,0.0268342958196629,1.0
all,0.1300,cross-ppi,743,0.026917987643147345,1.0
all,0.1300,cross-ppi,744,0.026861993486394953,1.0
all,0.1300,cross-ppi,745,0.02674928460173409,1.0
all,0.1300,cross-ppi,746,0.02640261497941243,1.0
all,0.1300,cross-ppi,747,0.02690089530239137,1.0
all,0.1300,cross-ppi,748,0.027856126386142432,1.0
all,0.1300,cross-ppi,749,0.027078957912580526,1.0
all,0.1300,cross-ppi,750,0.027409391635680014,1.0
all,0.1300,cross-ppi,751,0.02706556644699465,1.0
all,0.1300,cross-ppi,752,0.026707357094583273,1.0
all,0.1300,cross-ppi,753,0.02669733645777128,1.0
all,0.1300,cross-ppi,754,0.027736013566521528,1.0
all,0.1300,cross-ppi,755,0.027096889631446186,1.0
all,0.1300,cross-ppi,756,0.02678573151862873,1.0
all,0.1300,cross-ppi,757,0.02660178291115592,1.0
all,0.1300,cross-ppi,758,0.02676850026277633,1.0
all,0.1300,cross-ppi,759,0.027383491785589742,1.0
all,0.1300,cross-ppi,760,0.027104771251938997,1.0
all,0.1300,cross-ppi,761,0.02582469322860015,1.0
all,0.1300,cross-ppi,762,0.02790806049291597,1.0
all,0.1300,cross-ppi,763,0.02645357294347192,1.0
all,0.1300,cross-ppi,764,0.027756208895663215,1.0
all,0.1300,cross-ppi,765,0.026395904539458864,1.0
all,0.1300,cross-ppi,766,0.027567398636121787,1.0
all,0.1300,cross-ppi,767,0.027936708881823202,1.0
all,0.1300,cross-ppi,768,0.027496515965864138,1.0
all,0.1300,cross-ppi,769,0.02676158360368086,1.0
all,0.1300,cross-ppi,770,0.02756220259383657,1.0
all,0.1300,cross-ppi,771,0.027268856537113778,1.0
all,0.1300,cross-ppi,772,0.0275872780578251,1.0
all,0.1300,cross-ppi,773,0.026795512245917058,1.0
all,0.1300,cross-ppi,774,0.027327210345797215,1.0
all,0.1300,cross-ppi,775,0.026099451625564263,1.0
all,0.1300,cross-ppi,776,0.026464728578881297,1.0
all,0.1300,cross-ppi,777,0.026156952024498442,1.0
all,0.1300,cross-ppi,778,0.026930722217769043,1.0
all,0.1300,cross-ppi,779,0.026725307431946232,1.0
all,0.1300,cross-ppi,780,0.02694380212670855,1.0
all,0.1300,cross-ppi,781,0.026917155544283644,1.0
all,0.1300,cross-ppi,782,0.027150944401591492,1.0
all,0.1300,cross-ppi,783,0.028060786496277662,1.0
all,0.1300,cross-ppi,784,0.027913031307573277,0.0
all,0.1300,cross-ppi,785,0.02659464995606331,1.0
all,0.1300,cross-ppi,786,0.026931218021910647,1.0
all,0.1300,cross-ppi,787,0.02711772460317552,1.0
all,0.1300,cross-ppi,788,0.025736642554207823,1.0
all,0.1300,cross-ppi,789,0.026300458448196062,1.0
all,0.1300,cross-ppi,790,0.027077904727399127,1.0
all,0.1300,cross-ppi,791,0.02700778340360363,1.0
all,0.1300,cross-ppi,792,0.027615217619553656,1.0
all,0.1300,cross-ppi,793,0.02665363659261244,1.0
all,0.1300,cross-ppi,794,0.027040744490612195,1.0
all,0.1300,cross-ppi,795,0.02672518492668252,1.0
all,0.1300,cross-ppi,796,0.026796033801189667,1.0
all,0.1300,cross-ppi,797,0.02779505777947866,1.0
all,0.1300,cross-ppi,798,0.02678789489836475,0.0
all,0.1300,cross-ppi,799,0.027258441036342673,1.0
all,0.1300,cross-ppi,800,0.027101664073442056,1.0
all,0.1300,cross-ppi,801,0.02640300112086269,1.0
all,0.1300,cross-ppi,802,0.026434814946500768,1.0
all,0.1300,cross-ppi,803,0.027283615431302977,1.0
all,0.1300,cross-ppi,804,0.02685465936903686,1.0
all,0.1300,cross-ppi,805,0.026238583732986154,1.0
all,0.1300,cross-ppi,806,0.027475918188949233,1.0
all,0.1300,cross-ppi,807,0.026654124770923104,1.0
all,0.1300,cross-ppi,808,0.02685425983753062,1.0
all,0.1300,cross-ppi,809,0.02701295180517138,1.0
all,0.1300,cross-ppi,810,0.027896955418354796,1.0
all,0.1300,cross-ppi,811,0.026824659370265014,1.0
all,0.1300,cross-ppi,812,0.026333672103605515,1.0
all,0.1300,cross-ppi,813,0.027344335461292335,1.0
all,0.1300,cross-ppi,814,0.02784480931582725,1.0
all,0.1300,cross-ppi,815,0.0278836623084886,1.0
all,0.1300,cross-ppi,816,0.027557084181985214,0.0
all,0.1300,cross-ppi,817,0.025455471125450546,1.0
all,0.1300,cross-ppi,818,0.026325473051902,1.0
all,0.1300,cross-ppi,819,0.02685140933685437,1.0
all,0.1300,cross-ppi,820,0.027096398039833658,0.0
all,0.1300,cross-ppi,821,0.02642675910402703,1.0
all,0.1300,cross-ppi,822,0.02652945026232556,1.0
all,0.1300,cross-ppi,823,0.02750212484219705,1.0
all,0.1300,cross-ppi,824,0.027282315223094877,1.0
all,0.1300,cross-ppi,825,0.026163325801025566,1.0
all,0.1300,cross-ppi,826,0.02663454102670415,1.0
all,0.1300,cross-ppi,827,0.02664327230054242,1.0
all,0.1300,cross-ppi,828,0.027492389856700217,1.0
all,0.1300,cross-ppi,829,0.02734641834332327,1.0
all,0.1300,cross-ppi,830,0.027230871512973875,1.0
all,0.1300,cross-ppi,831,0.02661014763216596,1.0
all,0.1300,cross-ppi,832,0.026927096046763355,1.0
all,0.1300,cross-ppi,833,0.026786099721220064,1.0
all,0.1300,cross-ppi,834,0.02755808582302588,1.0
all,0.1300,cross-ppi,835,0.027151051203932464,1.0
all,0.1300,cross-ppi,836,0.027409264594878663,1.0
all,0.1300,cross-ppi,837,0.027507716435683838,0.0
all,0.1300,cross-ppi,838,0.02681871076424938,1.0
all,0.1300,cross-ppi,839,0.02766349208630617,1.0
all,0.1300,cross-ppi,840,0.02619252348047696,1.0
all,0.1300,cross-ppi,841,0.026858813794914504,1.0
all,0.1300,cross-ppi,842,0.027513552003979314,1.0
all,0.1300,cross-ppi,843,0.027097135864294408,1.0
all,0.1300,cross-ppi,844,0.025705960022642915,1.0
all,0.1300,cross-ppi,845,0.027323598614340194,1.0
all,0.1300,cross-ppi,846,0.026440991752581744,1.0
all,0.1300,cross-ppi,847,0.027271053181688876,1.0
all,0.1300,cross-ppi,848,0.027453512401168334,1.0
all,0.1300,cross-ppi,849,0.027363855875320975,1.0
all,0.1300,cross-ppi,850,0.027105073119273015,1.0
all,0.1300,cross-ppi,851,0.026536587245289844,1.0
all,0.1300,cross-ppi,852,0.027196887936041914,1.0
all,0.1300,cross-ppi,853,0.027395991999132896,1.0
all,0.1300,cross-ppi,854,0.027139290247014336,1.0
all,0.1300,cross-ppi,855,0.027174165901347025,1.0
all,0.1300,cross-ppi,856,0.027240855596844527,1.0
all,0.1300,cross-ppi,857,0.02646078026167742,1.0
all,0.1300,cross-ppi,858,0.027416090448353275,1.0
all,0.1300,cross-ppi,859,0.026513709274868485,1.0
all,0.1300,cross-ppi,860,0.026409197718102156,1.0
all,0.1300,cross-ppi,861,0.027061141658540455,1.0
all,0.1300,cross-ppi,862,0.026259098076372972,1.0
all,0.1300,cross-ppi,863,0.027415546954679404,1.0
all,0.1300,cross-ppi,864,0.027204818476768478,1.0
all,0.1300,cross-ppi,865,0.026703356392454802,1.0
all,0.1300,cross-ppi,866,0.02688668018531562,1.0
all,0.1300,cross-ppi,867,0.02687191614418427,1.0
all,0.1300,cross-ppi,868,0.026108429702672104,1.0
all,0.1300,cross-ppi,869,0.02682570386302452,1.0
all,0.1300,cross-ppi,870,0.02836231129606437,0.0
all,0.1300,cross-ppi,871,0.026875568746417056,1.0
all,0.1300,cross-ppi,872,0.02730550040323118,1.0
all,0.1300,cross-ppi,873,0.026279028458020243,1.0
all,0.1300,cross-ppi,874,0.0265079392287689,1.0
all,0.1300,cross-ppi,875,0.027788088578294734,1.0
all,0.1300,cross-ppi,876,0.027644598610613608,1.0
all,0.1300,cross-ppi,877,0.026540876522616164,1.0
all,0.1300,cross-ppi,878,0.027822663731867148,1.0
all,0.1300,cross-ppi,879,0.026541342711302623,1.0
all,0.1300,cross-ppi,880,0.026116747327157935,1.0
all,0.1300,cross-ppi,881,0.025931076607843884,1.0
all,0.1300,cross-ppi,882,0.026597848741825247,0.0
all,0.1300,cross-ppi,883,0.027214497285470318,1.0
all,0.1300,cross-ppi,884,0.02647533582088124,1.0
all,0.1300,cross-ppi,885,0.0263606654310021,1.0
all,0.1300,cross-ppi,886,0.027300156958329103,1.0
all,0.1300,cross-ppi,887,0.02640171711991615,1.0
all,0.1300,cross-ppi,888,0.02636592775853122,0.0
all,0.1300,cross-ppi,889,0.02767860275008474,1.0
all,0.1300,cross-ppi,890,0.02717729104806324,1.0
all,0.1300,cross-ppi,891,0.027495077424487535,1.0
all,0.1300,cross-ppi,892,0.026332837469850823,0.0
all,0.1300,cross-ppi,893,0.026375867398845454,1.0
all,0.1300,cross-ppi,894,0.026322623147863683,1.0
all,0.1300,cross-ppi,895,0.027542751271828703,1.0
all,0.1300,cross-ppi,896,0.027493248292672773,1.0
all,0.1300,cross-ppi,897,0.027462288980767524,1.0
all,0.1300,cross-ppi,898,0.0265117726801809,1.0
all,0.1300,cross-ppi,899,0.027119123125323857,1.0
all,0.1300,cross-ppi,900,0.026473159151862102,1.0
all,0.1300,cross-ppi,901,0.02743244584748028,1.0
all,0.1300,cross-ppi,902,0.026973964812962214,1.0
all,0.1300,cross-ppi,903,0.027828153697729396,1.0
all,0.1300,cross-ppi,904,0.0264629474455704,1.0
all,0.1300,cross-ppi,905,0.027441057120119794,1.0
all,0.1300,cross-ppi,906,0.02652444470771617,1.0
all,0.1300,cross-ppi,907,0.027012180723720775,1.0
all,0.1300,cross-ppi,908,0.027046572019186338,1.0
all,0.1300,cross-ppi,909,0.02756224915310465,1.0
all,0.1300,cross-ppi,910,0.027364192298521384,1.0
all,0.1300,cross-ppi,911,0.027405891801623228,1.0
all,0.1300,cross-ppi,912,0.027579236166985432,1.0
all,0.1300,cross-ppi,913,0.0278466941398616,1.0
all,0.1300,cross-ppi,914,0.027229165764851154,1.0
all,0.1300,cross-ppi,915,0.02750804956729136,1.0
all,0.1300,cross-ppi,916,0.02772853699605246,1.0
all,0.1300,cross-ppi,917,0.02629691228711717,1.0
all,0.1300,cross-ppi,918,0.02794387876618787,1.0
all,0.1300,cross-ppi,919,0.027613863124788085,1.0
all,0.1300,cross-ppi,920,0.026533214066203098,0.0
all,0.1300,cross-ppi,921,0.026102392049811574,1.0
all,0.1300,cross-ppi,922,0.027390313964675866,1.0
all,0.1300,cross-ppi,923,0.027489258824935914,1.0
all,0.1300,cross-ppi,924,0.026904917543487672,1.0
all,0.1300,cross-ppi,925,0.026373980535680852,1.0
all,0.1300,cross-ppi,926,0.02738986290789655,1.0
all,0.1300,cross-ppi,927,0.026602730374548272,1.0
all,0.1300,cross-ppi,928,0.02658314174138432,1.0
all,0.1300,cross-ppi,929,0.027354236849290697,1.0
all,0.1300,cross-ppi,930,0.02848335961441717,1.0
all,0.1300,cross-ppi,931,0.027650725405026777,1.0
all,0.1300,cross-ppi,932,0.027315825139318767,1.0
all,0.1300,cross-ppi,933,0.02675145023421832,1.0
all,0.1300,cross-ppi,934,0.02671205936593324,1.0
all,0.1300,cross-ppi,935,0.028071996524492132,1.0
all,0.1300,cross-ppi,936,0.026792595137713926,1.0
all,0.1300,cross-ppi,937,0.027180612281259453,0.0
all,0.1300,cross-ppi,938,0.02648413226255833,1.0
all,0.1300,cross-ppi,939,0.02702705981577247,1.0
all,0.1300,cross-ppi,940,0.0275825475743543,1.0
all,0.1300,cross-ppi,941,0.026741155973150993,1.0
all,0.1300,cross-ppi,942,0.026264282266249994,1.0
all,0.1300,cross-ppi,943,0.026837934896977306,1.0
all,0.1300,cross-ppi,944,0.02731820616147626,1.0
all,0.1300,cross-ppi,945,0.026728970177949396,1.0
all,0.1300,cross-ppi,946,0.02630680858183232,1.0
all,0.1300,cross-ppi,947,0.02617069895334967,1.0
all,0.1300,cross-ppi,948,0.026915686950445744,1.0
all,0.1300,cross-ppi,949,0.026249493324110196,1.0
all,0.1300,cross-ppi,950,0.02724170613618182,1.0
all,0.1300,cross-ppi,951,0.027961616017062402,1.0
all,0.1300,cross-ppi,952,0.02711664066892505,1.0
all,0.1300,cross-ppi,953,0.027262053430517796,1.0
all,0.1300,cross-ppi,954,0.026625927487346157,1.0
all,0.1300,cross-ppi,955,0.027119279733246016,1.0
all,0.1300,cross-ppi,956,0.027247207698981618,1.0
all,0.1300,cross-ppi,957,0.026795199136777192,1.0
all,0.1300,cross-ppi,958,0.0263863944536864,1.0
all,0.1300,cross-ppi,959,0.02723983928816498,1.0
all,0.1300,cross-ppi,960,0.02659905366873805,1.0
all,0.1300,cross-ppi,961,0.026402822488047817,1.0
all,0.1300,cross-ppi,962,0.02661072648330773,1.0
all,0.1300,cross-ppi,963,0.027104947777854438,1.0
all,0.1300,cross-ppi,964,0.026991942924177503,1.0
all,0.1300,cross-ppi,965,0.027501701036753756,1.0
all,0.1300,cross-ppi,966,0.027097650123401484,1.0
all,0.1300,cross-ppi,967,0.027430520093422478,1.0
all,0.1300,cross-ppi,968,0.026908942857791246,1.0
all,0.1300,cross-ppi,969,0.0267559089353355,1.0
all,0.1300,cross-ppi,970,0.0277754458957008,1.0
all,0.1300,cross-ppi,971,0.02714472998369022,1.0
all,0.1300,cross-ppi,972,0.02704186581931009,1.0
all,0.1300,cross-ppi,973,0.02689985210723045,1.0
all,0.1300,cross-ppi,974,0.02628712312482781,1.0
all,0.1300,cross-ppi,975,0.026496750512761874,1.0
all,0.1300,cross-ppi,976,0.02806105512212509,1.0
all,0.1300,cross-ppi,977,0.0265019655648574,1.0
all,0.1300,cross-ppi,978,0.026984031737168568,1.0
all,0.1300,cross-ppi,979,0.026978735771272078,1.0
all,0.1300,cross-ppi,980,0.02691986587203929,1.0
all,0.1300,cross-ppi,981,0.026602361212384157,1.0
all,0.1300,cross-ppi,982,0.028007339613042692,1.0
all,0.1300,cross-ppi,983,0.027041165927823713,1.0
all,0.1300,cross-ppi,984,0.026882821705104365,1.0
all,0.1300,cross-ppi,985,0.02716288819113788,1.0
all,0.1300,cross-ppi,986,0.026965951326333948,1.0
all,0.1300,cross-ppi,987,0.02627375214160299,1.0
all,0.1300,cross-ppi,988,0.02745377342673347,1.0
all,0.1300,cross-ppi,989,0.02604770853151181,1.0
all,0.1300,cross-ppi,990,0.027467408973440022,1.0
all,0.1300,cross-ppi,991,0.02704945331483599,1.0
all,0.1300,cross-ppi,992,0.02646746097580477,1.0
all,0.1300,cross-ppi,993,0.027622712237523134,1.0
all,0.1300,cross-ppi,994,0.027212065620660697,1.0
all,0.1300,cross-ppi,995,0.027204289796612963,1.0
all,0.1300,cross-ppi,996,0.026719639704745668,1.0
all,0.1300,cross-ppi,997,0.027575511447850087,1.0
all,0.1300,cross-ppi,998,0.027620164007743697,1.0
all,0.1300,cross-ppi,999,0.02607451673130992,1.0
all,0.1400,cross-ppi,666,0.026576409940766266,1.0
all,0.1400,cross-ppi,667,0.02717932784134336,0.0
all,0.1400,cross-ppi,668,0.026494322308217022,1.0
all,0.1400,cross-ppi,669,0.02604413202396086,1.0
all,0.1400,cross-ppi,670,0.026587779397101663,1.0
all,0.1400,cross-ppi,671,0.026295264192997242,1.0
all,0.1400,cross-ppi,672,0.02671875811007507,1.0
all,0.1400,cross-ppi,673,0.026151418489367195,1.0
all,0.1400,cross-ppi,674,0.02643772160467095,1.0
all,0.1400,cross-ppi,675,0.025516151585043945,1.0
all,0.1400,cross-ppi,676,0.02579580368305881,1.0
all,0.1400,cross-ppi,677,0.025666262861721134,1.0
all,0.1400,cross-ppi,678,0.026242235618537224,1.0
all,0.1400,cross-ppi,679,0.02574970216234676,1.0
all,0.1400,cross-ppi,680,0.026002964708996212,1.0
all,0.1400,cross-ppi,681,0.02602735948235191,1.0
all,0.1400,cross-ppi,682,0.026305875426857472,1.0
all,0.1400,cross-ppi,683,0.027051145032176732,1.0
all,0.1400,cross-ppi,684,0.026963926612490252,0.0
all,0.1400,cross-ppi,685,0.02602574922206824,1.0
all,0.1400,cross-ppi,686,0.02596365410033341,1.0
all,0.1400,cross-ppi,687,0.026291120277275537,1.0
all,0.1400,cross-ppi,688,0.025039430522999617,1.0
all,0.1400,cross-ppi,689,0.02558736154882213,1.0
all,0.1400,cross-ppi,690,0.02647627894880955,1.0
all,0.1400,cross-ppi,691,0.025947249027634567,1.0
all,0.1400,cross-ppi,692,0.026663038730321942,1.0
all,0.1400,cross-ppi,693,0.025808746765090235,1.0
all,0.1400,cross-ppi,694,0.02629171441899203,1.0
all,0.1400,cross-ppi,695,0.025982973774053453,1.0
all,0.1400,cross-ppi,696,0.026039666145969198,1.0
all,0.1400,cross-ppi,697,0.02684478007498023,1.0
all,0.1400,cross-ppi,698,0.026244861125971353,1.0
all,0.1400,cross-ppi,699,0.02638639272058818,1.0
all,0.1400,cross-ppi,700,0.02642413270421698,1.0
all,0.1400,cross-ppi,701,0.02562267701542978,1.0
all,0.1400,cross-ppi,702,0.025927958567596304,1.0
all,0.1400,cross-ppi,703,0.026445656801250328,1.0
all,0.1400,cross-ppi,704,0.025797440305431407,1.0
all,0.1400,cross-ppi,705,0.02553364341270159,1.0
all,0.1400,cross-ppi,706,0.02642055464680837,1.0
all,0.1400,cross-ppi,707,0.025994887871934824,1.0
all,0.1400,cross-ppi,708,0.026124361902871734,1.0
all,0.1400,cross-ppi,709,0.026165981340724898,1.0
all,0.1400,cross-ppi,710,0.026840848392312933,1.0
all,0.1400,cross-ppi,711,0.02594712595376414,1.0
all,0.1400,cross-ppi,712,0.02578565282385767,1.0
all,0.1400,cross-ppi,713,0.026475548681903605,1.0
all,0.1400,cross-ppi,714,0.027038858085549483,1.0
all,0.1400,cross-ppi,715,0.027175766581910565,1.0
all,0.1400,cross-ppi,716,0.02677932972530561,0.0
all,0.1400,cross-ppi,717,0.02489701123090582,1.0
all,0.1400,cross-ppi,718,0.025782873082526025,1.0
all,0.1400,cross-ppi,719,0.026033147541418167,1.0
all,0.1400,cross-ppi,720,0.026242389557094237,0.0
all,0.1400,cross-ppi,721,0.02576749937530476,1.0
all,0.1400,cross-ppi,722,0.025684857808669692,1.0
all,0.1400,cross-ppi,723,0.02648287467187771,1.0
all,0.1400,cross-ppi,724,0.02647885815718845,1.0
all,0.1400,cross-ppi,725,0.025350304876256113,1.0
all,0.1400,cross-ppi,726,0.025857158429175825,1.0
all,0.1400,cross-ppi,727,0.025931600175878033,1.0
all,0.1400,cross-ppi,728,0.026597401362908113,1.0
all,0.1400,cross-ppi,729,0.026686463366764807,1.0
all,0.1400,cross-ppi,730,0.026695676248410627,1.0
all,0.1400,cross-ppi,731,0.02596014846155259,1.0
all,0.1400,cross-ppi,732,0.026081815012458653,1.0
all,0.1400,cross-ppi,733,0.02582648819385383,1.0
all,0.1400,cross-ppi,734,0.02684360195909874,1.0
all,0.1400,cross-ppi,735,0.02643127852423785,1.0
all,0.1400,cross-ppi,736,0.02659570380394538,1.0
all,0.1400,cross-ppi,737,0.026535403900114107,0.0
all,0.1400,cross-ppi,738,0.026286333127174655,1.0
all,0.1400,cross-ppi,739,0.027214246526011787,1.0
all,0.1400,cross-ppi,740,0.02565169940585177,1.0
all,0.1400,cross-ppi,741,0.02617824455518783,1.0
all,0.1400,cross-ppi,742,0.026570521492786603,1.0
all,0.1400,cross-ppi,743,0.026223826866423883,1.0
all,0.1400,cross-ppi,744,0.025020475292738292,1.0
all,0.1400,cross-ppi,745,0.026345522129151783,1.0
all,0.1400,cross-ppi,746,0.025758342048429528,1.0
all,0.1400,cross-ppi,747,0.02641444051964925,1.0
all,0.1400,cross-ppi,748,0.026673295708043665,1.0
all,0.1400,cross-ppi,749,0.02643668083672912,1.0
all,0.1400,cross-ppi,750,0.026189236610405314,1.0
all,0.1400,cross-ppi,751,0.025957237812687106,1.0
all,0.1400,cross-ppi,752,0.026243489998579367,1.0
all,0.1400,cross-ppi,753,0.02634025377412194,1.0
all,0.1400,cross-ppi,754,0.026291499301288046,1.0
all,0.1400,cross-ppi,755,0.02649951599566691,1.0
all,0.1400,cross-ppi,756,0.026271751639047908,1.0
all,0.1400,cross-ppi,757,0.025874928501647743,1.0
all,0.1400,cross-ppi,758,0.02662143427294572,1.0
all,0.1400,cross-ppi,759,0.02584452868830847,1.0
all,0.1400,cross-ppi,760,0.025629711792910043,1.0
all,0.1400,cross-ppi,761,0.02638089869214355,1.0
all,0.1400,cross-ppi,762,0.02553247962622493,1.0
all,0.1400,cross-ppi,763,0.026649080753660126,1.0
all,0.1400,cross-ppi,764,0.026324446234734705,1.0
all,0.1400,cross-ppi,765,0.025879168129890773,1.0
all,0.1400,cross-ppi,766,0.02596846002817446,1.0
all,0.1400,cross-ppi,767,0.026061230216022913,1.0
all,0.1400,cross-ppi,768,0.025572923007909837,1.0
all,0.1400,cross-ppi,769,0.026043961406493454,1.0
all,0.1400,cross-ppi,770,0.02725169060196042,0.0
all,0.1400,cross-ppi,771,0.025926534707114618,1.0
all,0.1400,cross-ppi,772,0.02647633911319469,1.0
all,0.1400,cross-ppi,773,0.025554440094304215,1.0
all,0.1400,cross-ppi,774,0.02570128047004616,1.0
all,0.1400,cross-ppi,775,0.02690524624745841,1.0
all,0.1400,cross-ppi,776,0.026640813874397012,1.0
all,0.1400,cross-ppi,777,0.025866643794274474,1.0
all,0.1400,cross-ppi,778,0.027113281397114997,1.0
all,0.1400,cross-ppi,779,0.025716741966325257,1.0
all,0.1400,cross-ppi,780,0.025455321755517568,1.0
all,0.1400,cross-ppi,781,0.025283870392608376,1.0
all,0.1400,cross-ppi,782,0.025949214464084935,0.0
all,0.1400,cross-ppi,783,0.0261382964158402,1.0
all,0.1400,cross-ppi,784,0.025785867101094873,1.0
all,0.1400,cross-ppi,785,0.025722747769448967,1.0
all,0.1400,cross-ppi,786,0.026616905964803733,1.0
all,0.1400,cross-ppi,787,0.025748211728672032,1.0
all,0.1400,cross-ppi,788,0.02574969906182148,0.0
all,0.1400,cross-ppi,789,0.026925284823726914,1.0
all,0.1400,cross-ppi,790,0.02653279504222636,1.0
all,0.1400,cross-ppi,791,0.026825870541224983,1.0
all,0.1400,cross-ppi,792,0.025647381317078,1.0
all,0.1400,cross-ppi,793,0.02555737564673599,1.0
all,0.1400,cross-ppi,794,0.025452152392200444,1.0
all,0.1400,cross-ppi,795,0.02675206141907141,1.0
all,0.1400,cross-ppi,796,0.026621536458881295,1.0
all,0.1400,cross-ppi,797,0.026360069868711755,1.0
all,0.1400,cross-ppi,798,0.025893792088946932,1.0
all,0.1400,cross-ppi,799,0.0260201469352076,1.0
all,0.1400,cross-ppi,800,0.02586691348286238,1.0
all,0.1400,cross-ppi,801,0.026707511241590653,1.0
all,0.1400,cross-ppi,802,0.026151967587479064,1.0
all,0.1400,cross-ppi,803,0.026879286658770263,1.0
all,0.1400,cross-ppi,804,0.025625542881788116,1.0
all,0.1400,cross-ppi,805,0.026706780500199367,1.0
all,0.1400,cross-ppi,806,0.025866778847881272,1.0
all,0.1400,cross-ppi,807,0.026150753217311418,1.0
all,0.1400,cross-ppi,808,0.026144825408661504,1.0
all,0.1400,cross-ppi,809,0.026626166017611586,1.0
all,0.1400,cross-ppi,810,0.026734403370574505,1.0
all,0.1400,cross-ppi,811,0.026586099710542488,1.0
all,0.1400,cross-ppi,812,0.026710640144040565,1.0
all,0.1400,cross-ppi,813,0.026805965178040347,1.0
all,0.1400,cross-ppi,814,0.026132640686514025,1.0
all,0.1400,cross-ppi,815,0.026601533772690367,1.0
all,0.1400,cross-ppi,816,0.026597450069530154,1.0
all,0.1400,cross-ppi,817,0.02558473013599774,1.0
all,0.1400,cross-ppi,818,0.026913579963674245,1.0
all,0.1400,cross-ppi,819,0.026817190724031548,1.0
all,0.1400,cross-ppi,820,0.025803060789457932,1.0
all,0.1400,cross-ppi,821,0.025554630886812535,1.0
all,0.1400,cross-ppi,822,0.026410235305839413,1.0
all,0.1400,cross-ppi,823,0.026795406791329635,1.0
all,0.1400,cross-ppi,824,0.025723723585311636,1.0
all,0.1400,cross-ppi,825,0.02544941651451904,1.0
all,0.1400,cross-ppi,826,0.026588600178699906,1.0
all,0.1400,cross-ppi,827,0.02591539810028995,1.0
all,0.1400,cross-ppi,828,0.025864805516999434,1.0
all,0.1400,cross-ppi,829,0.026233329925461707,1.0
all,0.1400,cross-ppi,830,0.027258616549474368,1.0
all,0.1400,cross-ppi,831,0.02681478682969929,1.0
all,0.1400,cross-ppi,832,0.026390074641059608,1.0
all,0.1400,cross-ppi,833,0.02599081579213458,1.0
all,0.1400,cross-ppi,834,0.025849730121477288,1.0
all,0.1400,cross-ppi,835,0.027411359372226385,1.0
all,0.1400,cross-ppi,836,0.02596007397262834,1.0
all,0.1400,cross-ppi,837,0.026325801484182954,0.0
all,0.1400,cross-ppi,838,0.025735672661808984,1.0
all,0.1400,cross-ppi,839,0.026221957593369316,1.0
all,0.1400,cross-ppi,840,0.02668192802186975,1.0
all,0.1400,cross-ppi,841,0.026123954797150684,1.0
all,0.1400,cross-ppi,842,0.025866433088281737,1.0
all,0.1400,cross-ppi,843,0.025946286700492843,1.0
all,0.1400,cross-ppi,844,0.026623237231869545,1.0
all,0.1400,cross-ppi,845,0.025909705757195867,1.0
all,0.1400,cross-ppi,846,0.025525447284543645,1.0
all,0.1400,cross-ppi,847,0.025481894424942975,1.0
all,0.1400,cross-ppi,848,0.025865546503059278,0.0
all,0.1400,cross-ppi,849,0.025462334089622063,1.0
all,0.1400,cross-ppi,850,0.026409934327910833,1.0
all,0.1400,cross-ppi,851,0.027173318579810646,1.0
all,0.1400,cross-ppi,852,0.026587508573891028,1.0
all,0.1400,cross-ppi,853,0.02635450275753759,1.0
all,0.1400,cross-ppi,854,0.026017230605326125,1.0
all,0.1400,cross-ppi,855,0.02622342957517257,1.0
all,0.1400,cross-ppi,856,0.026029891097020696,1.0
all,0.1400,cross-ppi,857,0.026070890704129934,1.0
all,0.1400,cross-ppi,858,0.0255586799283761,1.0
all,0.1400,cross-ppi,859,0.0263327937275232,1.0
all,0.1400,cross-ppi,860,0.025854166849266086,1.0
all,0.1400,cross-ppi,861,0.02542869449295604,1.0
all,0.1400,cross-ppi,862,0.02572387143052332,1.0
all,0.1400,cross-ppi,863,0.026289123493727612,1.0
all,0.1400,cross-ppi,864,0.025865698254832453,1.0
all,0.1400,cross-ppi,865,0.02658111287517964,1.0
all,0.1400,cross-ppi,866,0.026179712540919664,1.0
all,0.1400,cross-ppi,867,0.026670021360257284,1.0
all,0.1400,cross-ppi,868,0.026159119922875923,1.0
all,0.1400,cross-ppi,869,0.026109092863946887,1.0
all,0.1400,cross-ppi,870,0.026777069345438997,1.0
all,0.1400,cross-ppi,871,0.02640037811743179,1.0
all,0.1400,cross-ppi,872,0.02652715659973595,1.0
all,0.1400,cross-ppi,873,0.026059380148458572,1.0
all,0.1400,cross-ppi,874,0.025630249264022797,1.0
all,0.1400,cross-ppi,875,0.025634404525129995,1.0
all,0.1400,cross-ppi,876,0.027109092251851763,1.0
all,0.1400,cross-ppi,877,0.025811108892749374,1.0
all,0.1400,cross-ppi,878,0.026314476279602372,1.0
all,0.1400,cross-ppi,879,0.026183828707137646,1.0
all,0.1400,cross-ppi,880,0.02620853531718817,1.0
all,0.1400,cross-ppi,881,0.02567577068345539,1.0
all,0.1400,cross-ppi,882,0.02697935616505498,1.0
all,0.1400,cross-ppi,883,0.026407353761473185,1.0
all,0.1400,cross-ppi,884,0.026257635596929202,1.0
all,0.1400,cross-ppi,885,0.02614349071740285,1.0
all,0.1400,cross-ppi,886,0.02623416254028635,1.0
all,0.1400,cross-ppi,887,0.025560318254273323,1.0
all,0.1400,cross-ppi,888,0.026655921058635124,1.0
all,0.1400,cross-ppi,889,0.02508010051173795,1.0
all,0.1400,cross-ppi,890,0.026679343526901267,1.0
all,0.1400,cross-ppi,891,0.02611135446010024,1.0
all,0.1400,cross-ppi,892,0.02602799981073836,1.0
all,0.1400,cross-ppi,893,0.026655194038864044,1.0
all,0.1400,cross-ppi,894,0.026507453166509376,1.0
all,0.1400,cross-ppi,895,0.026492305957589002,1.0
all,0.1400,cross-ppi,896,0.026074759619511084,1.0
all,0.1400,cross-ppi,897,0.02675628970126087,1.0
all,0.1400,cross-ppi,898,0.02670364694076177,1.0
all,0.1400,cross-ppi,899,0.02543063611772045,1.0
all,0.1400,cross-ppi,900,0.02658844412770267,1.0
all,0.1400,cross-ppi,901,0.025669271800221605,1.0
all,0.1400,cross-ppi,902,0.02645646175849181,1.0
all,0.1400,cross-ppi,903,0.025868110754273005,1.0
all,0.1400,cross-ppi,904,0.026483602655164223,1.0
all,0.1400,cross-ppi,905,0.026994816395035287,1.0
all,0.1400,cross-ppi,906,0.026233149730470418,1.0
all,0.1400,cross-ppi,907,0.026430854707044982,1.0
all,0.1400,cross-ppi,908,0.02665852498891652,1.0
all,0.1400,cross-ppi,909,0.02603389319219307,1.0
all,0.1400,cross-ppi,910,0.02617851280099212,1.0
all,0.1400,cross-ppi,911,0.026491525113533032,1.0
all,0.1400,cross-ppi,912,0.025787145877783857,1.0
all,0.1400,cross-ppi,913,0.026037042595315363,1.0
all,0.1400,cross-ppi,914,0.025551096294279763,1.0
all,0.1400,cross-ppi,915,0.026513468797443318,1.0
all,0.1400,cross-ppi,916,0.026327418853875878,1.0
all,0.1400,cross-ppi,917,0.025840577167779794,1.0
all,0.1400,cross-ppi,918,0.02613207686556082,1.0
all,0.1400,cross-ppi,919,0.026508953502348498,1.0
all,0.1400,cross-ppi,920,0.026058501368620673,1.0
all,0.1400,cross-ppi,921,0.026963424911220057,0.0
all,0.1400,cross-ppi,922,0.025865878952646137,1.0
all,0.1400,cross-ppi,923,0.02619513136021523,1.0
all,0.1400,cross-ppi,924,0.026450234555154578,1.0
all,0.1400,cross-ppi,925,0.025546225984839993,1.0
all,0.1400,cross-ppi,926,0.02580839927272416,1.0
all,0.1400,cross-ppi,927,0.025926271853464855,1.0
all,0.1400,cross-ppi,928,0.026198551298199257,1.0
all,0.1400,cross-ppi,929,0.02647547341674228,1.0
all,0.1400,cross-ppi,930,0.026331931670580677,1.0
all,0.1400,cross-ppi,931,0.02646008780249587,1.0
all,0.1400,cross-ppi,932,0.026587397727854095,1.0
all,0.1400,cross-ppi,933,0.02620821785144334,1.0
all,0.1400,cross-ppi,934,0.026130922685561164,1.0
all,0.1400,cross-ppi,935,0.025678265016943952,1.0
all,0.1400,cross-ppi,936,0.026229050367780116,1.0
all,0.1400,cross-ppi,937,0.025533641249461753,1.0
all,0.1400,cross-ppi,938,0.02564718011678599,1.0
all,0.1400,cross-ppi,939,0.02659812084455393,1.0
all,0.1400,cross-ppi,940,0.025455880472137538,1.0
all,0.1400,cross-ppi,941,0.026781457581395274,1.0
all,0.1400,cross-ppi,942,0.02612971780074047,1.0
all,0.1400,cross-ppi,943,0.025995168891294745,1.0
all,0.1400,cross-ppi,944,0.025656060604249964,1.0
all,0.1400,cross-ppi,945,0.02612863926398465,1.0
all,0.1400,cross-ppi,946,0.02565620859941209,1.0
all,0.1400,cross-ppi,947,0.02557827809101898,1.0
all,0.1400,cross-ppi,948,0.026166972458221333,1.0
all,0.1400,cross-ppi,949,0.026360474360816122,1.0
all,0.1400,cross-ppi,950,0.025756375685416888,1.0
all,0.1400,cross-ppi,951,0.027515524996584384,1.0
all,0.1400,cross-ppi,952,0.026686972678993337,1.0
all,0.1400,cross-ppi,953,0.02547300223925572,0.0
all,0.1400,cross-ppi,954,0.026023574229775942,1.0
all,0.1400,cross-ppi,955,0.02651578605151239,1.0
all,0.1400,cross-ppi,956,0.026376087089982625,1.0
all,0.1400,cross-ppi,957,0.02600680169198477,1.0
all,0.1400,cross-ppi,958,0.025759642577955072,1.0
all,0.1400,cross-ppi,959,0.025743296221193174,1.0
all,0.1400,cross-ppi,960,0.026401872349311795,1.0
all,0.1400,cross-ppi,961,0.02604745951256726,1.0
all,0.1400,cross-ppi,962,0.026323313911028573,1.0
all,0.1400,cross-ppi,963,0.027312625007702596,1.0
all,0.1400,cross-ppi,964,0.026427730119174098,1.0
all,0.1400,cross-ppi,965,0.02608581480384084,1.0
all,0.1400,cross-ppi,966,0.026416377362580845,1.0
all,0.1400,cross-ppi,967,0.026197417124447675,0.0
all,0.1400,cross-ppi,968,0.025847960083968058,1.0
all,0.1400,cross-ppi,969,0.026674854970374584,1.0
all,0.1400,cross-ppi,970,0.02565075407489481,1.0
all,0.1400,cross-ppi,971,0.025960453285173046,1.0
all,0.1400,cross-ppi,972,0.02660038474530313,1.0
all,0.1400,cross-ppi,973,0.02631216993517449,1.0
all,0.1400,cross-ppi,974,0.025413381673393326,1.0
all,0.1400,cross-ppi,975,0.026898107797403426,1.0
all,0.1400,cross-ppi,976,0.02575870738429517,0.0
all,0.1400,cross-ppi,977,0.026902453704482077,1.0
all,0.1400,cross-ppi,978,0.02591602122216885,1.0
all,0.1400,cross-ppi,979,0.02607548750446928,1.0
all,0.1400,cross-ppi,980,0.02648744167325845,1.0
all,0.1400,cross-ppi,981,0.02563206348965319,1.0
all,0.1400,cross-ppi,982,0.026149754076822823,1.0
all,0.1400,cross-ppi,983,0.026317514898128835,1.0
all,0.1400,cross-ppi,984,0.02720327642803222,1.0
all,0.1400,cross-ppi,985,0.02615009020355996,1.0
all,0.1400,cross-ppi,986,0.026117839741434473,1.0
all,0.1400,cross-ppi,987,0.026456376069309978,1.0
all,0.1400,cross-ppi,988,0.02706941360116699,1.0
all,0.1400,cross-ppi,989,0.025494256545787658,1.0
all,0.1400,cross-ppi,990,0.026311423903638165,1.0
all,0.1400,cross-ppi,991,0.02614421821288826,1.0
all,0.1400,cross-ppi,992,0.02653071307118482,1.0
all,0.1400,cross-ppi,993,0.026841435294232913,1.0
all,0.1400,cross-ppi,994,0.025911471138128417,1.0
all,0.1400,cross-ppi,995,0.025809956943427137,1.0
all,0.1400,cross-ppi,996,0.026777724436304107,1.0
all,0.1400,cross-ppi,997,0.025761590021734615,1.0
all,0.1400,cross-ppi,998,0.027084160622345976,1.0
all,0.1400,cross-ppi,999,0.026439817451666014,1.0
all,0.1500,cross-ppi,666,0.025318445443181486,1.0
all,0.1500,cross-ppi,667,0.02549911183477105,1.0
all,0.1500,cross-ppi,668,0.02486443182166001,1.0
all,0.1500,cross-ppi,669,0.0252797698695445,1.0
all,0.1500,cross-ppi,670,0.026334722126598153,0.0
all,0.1500,cross-ppi,671,0.02500926319382979,1.0
all,0.1500,cross-ppi,672,0.025685954580401266,1.0
all,0.1500,cross-ppi,673,0.024808204803282274,1.0
all,0.1500,cross-ppi,674,0.025032744029026083,1.0
all,0.1500,cross-ppi,675,0.026116307701218755,1.0
all,0.1500,cross-ppi,676,0.02588306990545941,1.0
all,0.1500,cross-ppi,677,0.02529348401389986,1.0
all,0.1500,cross-ppi,678,0.026511768448040374,1.0
all,0.1500,cross-ppi,679,0.025199260420683073,1.0
all,0.1500,cross-ppi,680,0.024951600452553208,1.0
all,0.1500,cross-ppi,681,0.02461457863457983,1.0
all,0.1500,cross-ppi,682,0.025195510592580544,1.0
all,0.1500,cross-ppi,683,0.025580174452404375,1.0
all,0.1500,cross-ppi,684,0.02527758106986877,1.0
all,0.1500,cross-ppi,685,0.025083644081024703,1.0
all,0.1500,cross-ppi,686,0.02591746104034623,1.0
all,0.1500,cross-ppi,687,0.025130204125099115,1.0
all,0.1500,cross-ppi,688,0.02514899122429251,0.0
all,0.1500,cross-ppi,689,0.026189541550950657,1.0
all,0.1500,cross-ppi,690,0.025784740203315643,1.0
all,0.1500,cross-ppi,691,0.026132159947557798,1.0
all,0.1500,cross-ppi,692,0.025116191369779384,0.0
all,0.1500,cross-ppi,693,0.024655980156251922,1.0
all,0.1500,cross-ppi,694,0.0248660712168719,1.0
all,0.1500,cross-ppi,695,0.025875026015572566,1.0
all,0.1500,cross-ppi,696,0.025697889375179278,1.0
all,0.1500,cross-ppi,697,0.025677091914685923,1.0
all,0.1500,cross-ppi,698,0.025278995066845944,1.0
all,0.1500,cross-ppi,699,0.02526301664800043,1.0
all,0.1500,cross-ppi,700,0.025245187807553693,1.0
all,0.1500,cross-ppi,701,0.0258334437237753,1.0
all,0.1500,cross-ppi,702,0.0254318028322309,1.0
all,0.1500,cross-ppi,703,0.026484092685663985,1.0
all,0.1500,cross-ppi,704,0.02503718949644332,1.0
all,0.1500,cross-ppi,705,0.025884520629668506,1.0
all,0.1500,cross-ppi,706,0.025295300756113165,1.0
all,0.1500,cross-ppi,707,0.025461834461642185,1.0
all,0.1500,cross-ppi,708,0.025562617493893547,1.0
all,0.1500,cross-ppi,709,0.025880942979256694,1.0
all,0.1500,cross-ppi,710,0.025935498680406205,1.0
all,0.1500,cross-ppi,711,0.026058964264708218,0.0
all,0.1500,cross-ppi,712,0.0259216046142072,1.0
all,0.1500,cross-ppi,713,0.025930756088465984,1.0
all,0.1500,cross-ppi,714,0.025412501781558322,1.0
all,0.1500,cross-ppi,715,0.02592898384810005,1.0
all,0.1500,cross-ppi,716,0.025994471020175075,1.0
all,0.1500,cross-ppi,717,0.025031195876564882,1.0
all,0.1500,cross-ppi,718,0.0261078502767699,1.0
all,0.1500,cross-ppi,719,0.025923788793152713,1.0
all,0.1500,cross-ppi,720,0.02515647643017782,1.0
all,0.1500,cross-ppi,721,0.024978744825225302,1.0
all,0.1500,cross-ppi,722,0.025645019085434956,1.0
all,0.1500,cross-ppi,723,0.02605735655115224,1.0
all,0.1500,cross-ppi,724,0.0250465810441812,1.0
all,0.1500,cross-ppi,725,0.024837670906867948,1.0
all,0.1500,cross-ppi,726,0.025676111238921523,1.0
all,0.1500,cross-ppi,727,0.0252087188837595,1.0
all,0.1500,cross-ppi,728,0.02550981567291999,1.0
all,0.1500,cross-ppi,729,0.025535205934052674,1.0
all,0.1500,cross-ppi,730,0.02629941464655694,1.0
all,0.1500,cross-ppi,731,0.02625129518054614,1.0
all,0.1500,cross-ppi,732,0.02563237963782458,1.0
all,0.1500,cross-ppi,733,0.025234032856946254,1.0
all,0.1500,cross-ppi,734,0.025119244154180653,1.0
all,0.1500,cross-ppi,735,0.026504634229994606,1.0
all,0.1500,cross-ppi,736,0.025115725946240564,1.0
all,0.1500,cross-ppi,737,0.025794605317763897,0.0
all,0.1500,cross-ppi,738,0.025149899465723213,1.0
all,0.1500,cross-ppi,739,0.02558945939938631,1.0
all,0.1500,cross-ppi,740,0.025994597165656663,1.0
all,0.1500,cross-ppi,741,0.025338340057226794,1.0
all,0.1500,cross-ppi,742,0.025369964768070852,1.0
all,0.1500,cross-ppi,743,0.025052665172854316,1.0
all,0.1500,cross-ppi,744,0.0259238126708623,1.0
all,0.1500,cross-ppi,745,0.02527632941320701,1.0
all,0.1500,cross-ppi,746,0.02511219966314615,1.0
all,0.1500,cross-ppi,747,0.024997348247817186,1.0
all,0.1500,cross-ppi,748,0.025225255919565148,0.0
all,0.1500,cross-ppi,749,0.024888347827554252,1.0
all,0.1500,cross-ppi,750,0.025810564123639246,1.0
all,0.1500,cross-ppi,751,0.026398106345643213,1.0
all,0.1500,cross-ppi,752,0.025870336565673696,1.0
all,0.1500,cross-ppi,753,0.02568762601167096,1.0
all,0.1500,cross-ppi,754,0.02532294171434002,1.0
all,0.1500,cross-ppi,755,0.025584450441595713,1.0
all,0.1500,cross-ppi,756,0.0252776040061877,1.0
all,0.1500,cross-ppi,757,0.02526566394992691,1.0
all,0.1500,cross-ppi,758,0.02503145813044938,1.0
all,0.1500,cross-ppi,759,0.025516876730194732,1.0
all,0.1500,cross-ppi,760,0.02520072143139873,1.0
all,0.1500,cross-ppi,761,0.02460968467421676,1.0
all,0.1500,cross-ppi,762,0.025204266364208777,1.0
all,0.1500,cross-ppi,763,0.025666705948308444,1.0
all,0.1500,cross-ppi,764,0.025166986800357144,1.0
all,0.1500,cross-ppi,765,0.025913158959135485,1.0
all,0.1500,cross-ppi,766,0.025374462119886892,1.0
all,0.1500,cross-ppi,767,0.02587437646756577,1.0
all,0.1500,cross-ppi,768,0.02562345729280091,1.0
all,0.1500,cross-ppi,769,0.025331987384899196,1.0
all,0.1500,cross-ppi,770,0.026014768702430136,1.0
all,0.1500,cross-ppi,771,0.025707151815085094,1.0
all,0.1500,cross-ppi,772,0.025718825422122893,1.0
all,0.1500,cross-ppi,773,0.025266549826064688,1.0
all,0.1500,cross-ppi,774,0.025207233914883442,1.0
all,0.1500,cross-ppi,775,0.02500639978319094,1.0
all,0.1500,cross-ppi,776,0.02650177469502457,1.0
all,0.1500,cross-ppi,777,0.025419972423615628,1.0
all,0.1500,cross-ppi,778,0.025526742122094825,1.0
all,0.1500,cross-ppi,779,0.02547124128994005,1.0
all,0.1500,cross-ppi,780,0.02554727342109564,1.0
all,0.1500,cross-ppi,781,0.025023570327426414,1.0
all,0.1500,cross-ppi,782,0.026240883693658068,1.0
all,0.1500,cross-ppi,783,0.02577115076086023,1.0
all,0.1500,cross-ppi,784,0.02572198405456047,1.0
all,0.1500,cross-ppi,785,0.02533763126240232,1.0
all,0.1500,cross-ppi,786,0.0256379005305295,1.0
all,0.1500,cross-ppi,787,0.02493404080655673,1.0
all,0.1500,cross-ppi,788,0.02603967447572883,1.0
all,0.1500,cross-ppi,789,0.024515574680728625,1.0
all,0.1500,cross-ppi,790,0.02590425563142118,1.0
all,0.1500,cross-ppi,791,0.02545490637753456,1.0
all,0.1500,cross-ppi,792,0.02530620362935762,1.0
all,0.1500,cross-ppi,793,0.025773656676236545,1.0
all,0.1500,cross-ppi,794,0.025578131590482278,1.0
all,0.1500,cross-ppi,795,0.025821286354820172,1.0
all,0.1500,cross-ppi,796,0.02516813527828185,1.0
all,0.1500,cross-ppi,797,0.0259866417014184,1.0
all,0.1500,cross-ppi,798,0.026018048298236618,1.0
all,0.1500,cross-ppi,799,0.02464210816738241,1.0
all,0.1500,cross-ppi,800,0.025752792289990056,1.0
all,0.1500,cross-ppi,801,0.024827437466488633,1.0
all,0.1500,cross-ppi,802,0.025688972601402654,1.0
all,0.1500,cross-ppi,803,0.025148045598448854,1.0
all,0.1500,cross-ppi,804,0.025714285547847937,1.0
all,0.1500,cross-ppi,805,0.02643324511775136,1.0
all,0.1500,cross-ppi,806,0.025459663657926734,1.0
all,0.1500,cross-ppi,807,0.025669404663391543,1.0
all,0.1500,cross-ppi,808,0.02580773694196148,1.0
all,0.1500,cross-ppi,809,0.02556856163322241,1.0
all,0.1500,cross-ppi,810,0.025403777405851646,1.0
all,0.1500,cross-ppi,811,0.025684648286822154,1.0
all,0.1500,cross-ppi,812,0.024995271734511687,1.0
all,0.1500,cross-ppi,813,0.025253063588781544,1.0
all,0.1500,cross-ppi,814,0.024864610560493633,1.0
all,0.1500,cross-ppi,815,0.025980496707452283,1.0
all,0.1500,cross-ppi,816,0.025606376924561608,1.0
all,0.1500,cross-ppi,817,0.025069042053506657,1.0
all,0.1500,cross-ppi,818,0.025484512441265816,1.0
all,0.1500,cross-ppi,819,0.025719867549360842,1.0
all,0.1500,cross-ppi,820,0.025366754141885967,1.0
all,0.1500,cross-ppi,821,0.025986075737133074,0.0
all,0.1500,cross-ppi,822,0.025501440922248292,1.0
all,0.1500,cross-ppi,823,0.025377503277057012,1.0
all,0.1500,cross-ppi,824,0.025522219806808133,1.0
all,0.1500,cross-ppi,825,0.024927098662616998,1.0
all,0.1500,cross-ppi,826,0.025185615343374518,1.0
all,0.1500,cross-ppi,827,0.02528164953629139,1.0
all,0.1500,cross-ppi,828,0.025867634058470035,1.0
all,0.1500,cross-ppi,829,0.025585323069911875,1.0
all,0.1500,cross-ppi,830,0.025564575905677178,1.0
all,0.1500,cross-ppi,831,0.025721733681109304,1.0
all,0.1500,cross-ppi,832,0.025806139087735436,1.0
all,0.1500,cross-ppi,833,0.025531333186517235,1.0
all,0.1500,cross-ppi,834,0.025200863794718004,1.0
all,0.1500,cross-ppi,835,0.025028957184559747,1.0
all,0.1500,cross-ppi,836,0.025532030008589057,1.0
all,0.1500,cross-ppi,837,0.024882429608016565,1.0
all,0.1500,cross-ppi,838,0.02499602494140507,1.0
all,0.1500,cross-ppi,839,0.025810814703682378,1.0
all,0.1500,cross-ppi,840,0.024809898716423112,1.0
all,0.1500,cross-ppi,841,0.025958541163918297,1.0
all,0.1500,cross-ppi,842,0.025408003497443793,1.0
all,0.1500,cross-ppi,843,0.02537263197017059,1.0
all,0.1500,cross-ppi,844,0.025102998856242342,1.0
all,0.1500,cross-ppi,845,0.02556711147167512,1.0
all,0.1500,cross-ppi,846,0.024987538358347577,1.0
all,0.1500,cross-ppi,847,0.02509521726010644,1.0
all,0.1500,cross-ppi,848,0.02568562314462866,1.0
all,0.1500,cross-ppi,849,0.025501252095774335,1.0
all,0.1500,cross-ppi,850,0.025170654962965444,1.0
all,0.1500,cross-ppi,851,0.026638197963287702,1.0
all,0.1500,cross-ppi,852,0.025880603953846476,1.0
all,0.1500,cross-ppi,853,0.024726586437057302,0.0
all,0.1500,cross-ppi,854,0.025276828876270224,1.0
all,0.1500,cross-ppi,855,0.02589859509845982,1.0
all,0.1500,cross-ppi,856,0.02577304347971887,1.0
all,0.1500,cross-ppi,857,0.025448391710432533,1.0
all,0.1500,cross-ppi,858,0.025069764858585558,1.0
all,0.1500,cross-ppi,859,0.02522089947131742,1.0
all,0.1500,cross-ppi,860,0.02586065283861172,1.0
all,0.1500,cross-ppi,861,0.025454171079041715,1.0
all,0.1500,cross-ppi,862,0.025560282147962576,1.0
all,0.1500,cross-ppi,863,0.02642141589184699,1.0
all,0.1500,cross-ppi,864,0.025501990212397324,1.0
all,0.1500,cross-ppi,865,0.025351382638613473,1.0
all,0.1500,cross-ppi,866,0.025656818244747415,1.0
all,0.1500,cross-ppi,867,0.025614745284755408,0.0
all,0.1500,cross-ppi,868,0.025384062213775066,1.0
all,0.1500,cross-ppi,869,0.026059880270577707,1.0
all,0.1500,cross-ppi,870,0.025164681431088298,1.0
all,0.1500,cross-ppi,871,0.025579841947746068,1.0
all,0.1500,cross-ppi,872,0.02576621589565098,1.0
all,0.1500,cross-ppi,873,0.025528873577555816,1.0
all,0.1500,cross-ppi,874,0.02472507913984756,1.0
all,0.1500,cross-ppi,875,0.026103618674757856,1.0
all,0.1500,cross-ppi,876,0.02519553977309319,1.0
all,0.1500,cross-ppi,877,0.026129579043540185,1.0
all,0.1500,cross-ppi,878,0.025336574963184227,1.0
all,0.1500,cross-ppi,879,0.025528494433509685,1.0
all,0.1500,cross-ppi,880,0.025839708439819503,1.0
all,0.1500,cross-ppi,881,0.02520845101790503,1.0
all,0.1500,cross-ppi,882,0.02525610029573125,1.0
all,0.1500,cross-ppi,883,0.025791182975893334,1.0
all,0.1500,cross-ppi,884,0.026400391158263536,1.0
all,0.1500,cross-ppi,885,0.02545795341395507,1.0
all,0.1500,cross-ppi,886,0.025224362245209075,1.0
all,0.1500,cross-ppi,887,0.025501352190597765,1.0
all,0.1500,cross-ppi,888,0.026283831693057258,1.0
all,0.1500,cross-ppi,889,0.025026564459032286,1.0
all,0.1500,cross-ppi,890,0.025522129139751493,1.0
all,0.1500,cross-ppi,891,0.025499817975595307,1.0
all,0.1500,cross-ppi,892,0.025751765701410356,1.0
all,0.1500,cross-ppi,893,0.026019334676267603,1.0
all,0.1500,cross-ppi,894,0.02540039462250135,1.0
all,0.1500,cross-ppi,895,0.025309769508482516,1.0
all,0.1500,cross-ppi,896,0.026064695081621125,1.0
all,0.1500,cross-ppi,897,0.0250665868052454,1.0
all,0.1500,cross-ppi,898,0.02637704108473371,1.0
all,0.1500,cross-ppi,899,0.025854373071297232,1.0
all,0.1500,cross-ppi,900,0.025899989211985552,1.0
all,0.1500,cross-ppi,901,0.024807474872155844,1.0
all,0.1500,cross-ppi,902,0.025985756811000904,1.0
all,0.1500,cross-ppi,903,0.0256908616396134,1.0
all,0.1500,cross-ppi,904,0.025932424250877606,1.0
all,0.1500,cross-ppi,905,0.02529399476860028,1.0
all,0.1500,cross-ppi,906,0.02597207153870673,1.0
all,0.1500,cross-ppi,907,0.02634194751498864,1.0
all,0.1500,cross-ppi,908,0.026420355281462693,1.0
all,0.1500,cross-ppi,909,0.025682630501693837,1.0
all,0.1500,cross-ppi,910,0.025353089499348114,1.0
all,0.1500,cross-ppi,911,0.02547305636753594,1.0
all,0.1500,cross-ppi,912,0.02566847157771801,1.0
all,0.1500,cross-ppi,913,0.025897159633940542,1.0
all,0.1500,cross-ppi,914,0.024942229608638122,1.0
all,0.1500,cross-ppi,915,0.024942038766501945,1.0
all,0.1500,cross-ppi,916,0.02561069739836333,1.0
all,0.1500,cross-ppi,917,0.02503047902009456,1.0
all,0.1500,cross-ppi,918,0.025670379616005157,1.0
all,0.1500,cross-ppi,919,0.025827781840260133,1.0
all,0.1500,cross-ppi,920,0.025438502137645314,1.0
all,0.1500,cross-ppi,921,0.025392934590418442,1.0
all,0.1500,cross-ppi,922,0.025512971305603815,1.0
all,0.1500,cross-ppi,923,0.024635451859709834,1.0
all,0.1500,cross-ppi,924,0.025426117381188967,1.0
all,0.1500,cross-ppi,925,0.02602057232353705,1.0
all,0.1500,cross-ppi,926,0.025715644788566694,1.0
all,0.1500,cross-ppi,927,0.02566788406201917,1.0
all,0.1500,cross-ppi,928,0.025307733029981794,1.0
all,0.1500,cross-ppi,929,0.026117054228801173,1.0
all,0.1500,cross-ppi,930,0.025881210059376464,1.0
all,0.1500,cross-ppi,931,0.025647054932358387,1.0
all,0.1500,cross-ppi,932,0.025296660602997623,1.0
all,0.1500,cross-ppi,933,0.026205616732314807,1.0
all,0.1500,cross-ppi,934,0.025868468808359024,1.0
all,0.1500,cross-ppi,935,0.026151962746298274,1.0
all,0.1500,cross-ppi,936,0.02606261523195763,1.0
all,0.1500,cross-ppi,937,0.02537833530050282,1.0
all,0.1500,cross-ppi,938,0.025201135667888314,1.0
all,0.1500,cross-ppi,939,0.024691622476141983,1.0
all,0.1500,cross-ppi,940,0.024836666189329892,1.0
all,0.1500,cross-ppi,941,0.024793758682947198,1.0
all,0.1500,cross-ppi,942,0.025556340768685737,1.0
all,0.1500,cross-ppi,943,0.025900795117789754,1.0
all,0.1500,cross-ppi,944,0.02557190992492464,1.0
all,0.1500,cross-ppi,945,0.02535281953997659,1.0
all,0.1500,cross-ppi,946,0.025401770272001967,1.0
all,0.1500,cross-ppi,947,0.024598914077234774,1.0
all,0.1500,cross-ppi,948,0.02597955981142397,1.0
all,0.1500,cross-ppi,949,0.025699413741850696,1.0
all,0.1500,cross-ppi,950,0.024820977951349188,1.0
all,0.1500,cross-ppi,951,0.02535693156075966,1.0
all,0.1500,cross-ppi,952,0.026316541881640454,1.0
all,0.1500,cross-ppi,953,0.025348174428093423,1.0
all,0.1500,cross-ppi,954,0.02499592394247041,1.0
all,0.1500,cross-ppi,955,0.026797950950863264,1.0
all,0.1500,cross-ppi,956,0.026015476861921405,1.0
all,0.1500,cross-ppi,957,0.024984270774570327,1.0
all,0.1500,cross-ppi,958,0.02548353466723774,1.0
all,0.1500,cross-ppi,959,0.026811980422319137,1.0
all,0.1500,cross-ppi,960,0.02448406996309127,1.0
all,0.1500,cross-ppi,961,0.025456051591665724,1.0
all,0.1500,cross-ppi,962,0.025071576710607307,1.0
all,0.1500,cross-ppi,963,0.02569459450341549,1.0
all,0.1500,cross-ppi,964,0.026034520178795928,1.0
all,0.1500,cross-ppi,965,0.026379263498645167,1.0
all,0.1500,cross-ppi,966,0.024810286060556658,1.0
all,0.1500,cross-ppi,967,0.025359338910285856,1.0
all,0.1500,cross-ppi,968,0.025258783592975065,1.0
all,0.1500,cross-ppi,969,0.026011989700632787,1.0
all,0.1500,cross-ppi,970,0.02592607309441619,1.0
all,0.1500,cross-ppi,971,0.02568963692132567,1.0
all,0.1500,cross-ppi,972,0.025280051981569907,1.0
all,0.1500,cross-ppi,973,0.024730231189821095,1.0
all,0.1500,cross-ppi,974,0.025811706649371824,1.0
all,0.1500,cross-ppi,975,0.024939352941338616,1.0
all,0.1500,cross-ppi,976,0.02590502825237906,1.0
all,0.1500,cross-ppi,977,0.02559081507692218,1.0
all,0.1500,cross-ppi,978,0.02539012404561669,1.0
all,0.1500,cross-ppi,979,0.02481561861554285,1.0
all,0.1500,cross-ppi,980,0.02528240311593588,1.0
all,0.1500,cross-ppi,981,0.02608034938464432,1.0
all,0.1500,cross-ppi,982,0.02500212830904247,1.0
all,0.1500,cross-ppi,983,0.025331697850412005,1.0
all,0.1500,cross-ppi,984,0.024696104521043538,1.0
all,0.1500,cross-ppi,985,0.02468202673639286,1.0
all,0.1500,cross-ppi,986,0.025534664400278934,1.0
all,0.1500,cross-ppi,987,0.02554592546458867,1.0
all,0.1500,cross-ppi,988,0.025744387805400115,1.0
all,0.1500,cross-ppi,989,0.02560541748085321,1.0
all,0.1500,cross-ppi,990,0.025307496127319307,1.0
all,0.1500,cross-ppi,991,0.025478943991135455,1.0
all,0.1500,cross-ppi,992,0.024818434417294144,1.0
all,0.1500,cross-ppi,993,0.025066608899238285,1.0
all,0.1500,cross-ppi,994,0.025705583593689796,1.0
all,0.1500,cross-ppi,995,0.025192352791526318,1.0
all,0.1500,cross-ppi,996,0.025934031472353736,1.0
all,0.1500,cross-ppi,997,0.025606964007903965,1.0
all,0.1500,cross-ppi,998,0.026099549871264727,1.0
all,0.1500,cross-ppi,999,0.0258008048622638,1.0
all,0.1600,cross-ppi,666,0.024995638847769452,1.0
all,0.1600,cross-ppi,667,0.025059590233407758,1.0
all,0.1600,cross-ppi,668,0.02497249547857272,1.0
all,0.1600,cross-ppi,669,0.024957942752558582,1.0
all,0.1600,cross-ppi,670,0.025364502715299886,1.0
all,0.1600,cross-ppi,671,0.024925680039051074,1.0
all,0.1600,cross-ppi,672,0.025252496012861392,1.0
all,0.1600,cross-ppi,673,0.02455997614570246,1.0
all,0.1600,cross-ppi,674,0.024551887898489944,1.0
all,0.1600,cross-ppi,675,0.024522440666104983,1.0
all,0.1600,cross-ppi,676,0.025791523962436225,1.0
all,0.1600,cross-ppi,677,0.024910806028030502,1.0
all,0.1600,cross-ppi,678,0.024915915589467375,1.0
all,0.1600,cross-ppi,679,0.024776248087198,1.0
all,0.1600,cross-ppi,680,0.024919357336031678,1.0
all,0.1600,cross-ppi,681,0.024380248369356816,1.0
all,0.1600,cross-ppi,682,0.02545303659337772,1.0
all,0.1600,cross-ppi,683,0.02516400236144578,1.0
all,0.1600,cross-ppi,684,0.025057557429349037,1.0
all,0.1600,cross-ppi,685,0.024576152190878525,1.0
all,0.1600,cross-ppi,686,0.024893232830699552,1.0
all,0.1600,cross-ppi,687,0.02421616080491565,1.0
all,0.1600,cross-ppi,688,0.025569044229341725,1.0
all,0.1600,cross-ppi,689,0.024054129336620544,1.0
all,0.1600,cross-ppi,690,0.025267382131587635,1.0
all,0.1600,cross-ppi,691,0.024691592310131183,1.0
all,0.1600,cross-ppi,692,0.024569310803738892,1.0
all,0.1600,cross-ppi,693,0.025045953600813048,1.0
all,0.1600,cross-ppi,694,0.024838517034602936,1.0
all,0.1600,cross-ppi,695,0.02512821219176234,1.0
all,0.1600,cross-ppi,696,0.024524303460680574,1.0
all,0.1600,cross-ppi,697,0.025292999754282897,1.0
all,0.1600,cross-ppi,698,0.02524419743687878,1.0
all,0.1600,cross-ppi,699,0.024103007229508866,1.0
all,0.1600,cross-ppi,700,0.02511650878261318,1.0
all,0.1600,cross-ppi,701,0.02411774413698997,1.0
all,0.1600,cross-ppi,702,0.025190353914641944,1.0
all,0.1600,cross-ppi,703,0.024606688425280382,1.0
all,0.1600,cross-ppi,704,0.025232575755481546,1.0
all,0.1600,cross-ppi,705,0.025699071841436133,1.0
all,0.1600,cross-ppi,706,0.024823535458289414,1.0
all,0.1600,cross-ppi,707,0.025233280154537185,1.0
all,0.1600,cross-ppi,708,0.025435285676782993,0.0
all,0.1600,cross-ppi,709,0.024991013168247284,1.0
all,0.1600,cross-ppi,710,0.024755545347029145,1.0
all,0.1600,cross-ppi,711,0.025122554325404334,1.0
all,0.1600,cross-ppi,712,0.02458400124946783,1.0
all,0.1600,cross-ppi,713,0.02464191868055543,1.0
all,0.1600,cross-ppi,714,0.024279124541868674,1.0
all,0.1600,cross-ppi,715,0.02541953279516762,1.0
all,0.1600,cross-ppi,716,0.025222455994356796,1.0
all,0.1600,cross-ppi,717,0.024409442291669747,1.0
all,0.1600,cross-ppi,718,0.024809160617280862,1.0
all,0.1600,cross-ppi,719,0.02507875450713623,1.0
all,0.1600,cross-ppi,720,0.024738495258816218,1.0
all,0.1600,cross-ppi,721,0.02533132945638683,0.0
all,0.1600,cross-ppi,722,0.024832616238113808,1.0
all,0.1600,cross-ppi,723,0.024726468690407843,1.0
all,0.1600,cross-ppi,724,0.02481215764326608,1.0
all,0.1600,cross-ppi,725,0.024212696697284097,0.0
all,0.1600,cross-ppi,726,0.02452161515957707,1.0
all,0.1600,cross-ppi,727,0.02464553993839036,1.0
all,0.1600,cross-ppi,728,0.02509664701154088,1.0
all,0.1600,cross-ppi,729,0.024925331097581965,1.0
all,0.1600,cross-ppi,730,0.024948100257002337,1.0
all,0.1600,cross-ppi,731,0.02500637021297858,1.0
all,0.1600,cross-ppi,732,0.025129894109066214,1.0
all,0.1600,cross-ppi,733,0.024877565565259552,1.0
all,0.1600,cross-ppi,734,0.024599110170613336,1.0
all,0.1600,cross-ppi,735,0.024449082322022447,1.0
all,0.1600,cross-ppi,736,0.024872877155174944,1.0
all,0.1600,cross-ppi,737,0.02419449148999675,1.0
all,0.1600,cross-ppi,738,0.02437157830073003,1.0
all,0.1600,cross-ppi,739,0.02514885239236797,1.0
all,0.1600,cross-ppi,740,0.024161756863425143,1.0
all,0.1600,cross-ppi,741,0.02530038544865343,1.0
all,0.1600,cross-ppi,742,0.02484800129139564,1.0
all,0.1600,cross-ppi,743,0.02463566245725357,1.0
all,0.1600,cross-ppi,744,0.024406564484569127,1.0
all,0.1600,cross-ppi,745,0.024745934171766182,1.0
all,0.1600,cross-ppi,746,0.024385801897237075,1.0
all,0.1600,cross-ppi,747,0.024476323647495635,1.0
all,0.1600,cross-ppi,748,0.02514654858372986,1.0
all,0.1600,cross-ppi,749,0.024880561588660283,1.0
all,0.1600,cross-ppi,750,0.024738289522194368,1.0
all,0.1600,cross-ppi,751,0.025855935011609543,1.0
all,0.1600,cross-ppi,752,0.02514788300847562,1.0
all,0.1600,cross-ppi,753,0.024390877040915554,0.0
all,0.1600,cross-ppi,754,0.0248061384778,1.0
all,0.1600,cross-ppi,755,0.025411540292658352,1.0
all,0.1600,cross-ppi,756,0.02517608537152083,1.0
all,0.1600,cross-ppi,757,0.02506627493811267,1.0
all,0.1600,cross-ppi,758,0.024245112221184972,1.0
all,0.1600,cross-ppi,759,0.02465996182977359,1.0
all,0.1600,cross-ppi,760,0.02522754627823595,1.0
all,0.1600,cross-ppi,761,0.024919594516289223,1.0
all,0.1600,cross-ppi,762,0.025018110467826538,1.0
all,0.1600,cross-ppi,763,0.02587529910628039,1.0
all,0.1600,cross-ppi,764,0.024874581303540366,1.0
all,0.1600,cross-ppi,765,0.02456964411293938,1.0
all,0.1600,cross-ppi,766,0.02514458000350131,1.0
all,0.1600,cross-ppi,767,0.024847044757935116,0.0
all,0.1600,cross-ppi,768,0.024613747964104427,1.0
all,0.1600,cross-ppi,769,0.025299363527014895,1.0
all,0.1600,cross-ppi,770,0.02452404204680081,1.0
all,0.1600,cross-ppi,771,0.02501111615384058,1.0
all,0.1600,cross-ppi,772,0.025059312737780615,1.0
all,0.1600,cross-ppi,773,0.024825216518892024,1.0
all,0.1600,cross-ppi,774,0.024049278107677097,1.0
all,0.1600,cross-ppi,775,0.025334638751177363,1.0
all,0.1600,cross-ppi,776,0.024842923544578843,1.0
all,0.1600,cross-ppi,777,0.025504277654237795,1.0
all,0.1600,cross-ppi,778,0.024646085687457103,1.0
all,0.1600,cross-ppi,779,0.025097750449712852,1.0
all,0.1600,cross-ppi,780,0.02513500608943553,1.0
all,0.1600,cross-ppi,781,0.02458399709277803,1.0
all,0.1600,cross-ppi,782,0.024675336290266164,1.0
all,0.1600,cross-ppi,783,0.025257499159446528,1.0
all,0.1600,cross-ppi,784,0.025524280694289803,1.0
all,0.1600,cross-ppi,785,0.024762801763489467,1.0
all,0.1600,cross-ppi,786,0.02458673447564988,1.0
all,0.1600,cross-ppi,787,0.02481896557457472,1.0
all,0.1600,cross-ppi,788,0.025494988366992155,1.0
all,0.1600,cross-ppi,789,0.02433888004233531,1.0
all,0.1600,cross-ppi,790,0.0250173371875978,1.0
all,0.1600,cross-ppi,791,0.024673835554976042,1.0
all,0.1600,cross-ppi,792,0.025054946248345894,1.0
all,0.1600,cross-ppi,793,0.025200036319384084,1.0
all,0.1600,cross-ppi,794,0.02480693052418262,1.0
all,0.1600,cross-ppi,795,0.024698049053156118,1.0
all,0.1600,cross-ppi,796,0.02528731386536287,1.0
all,0.1600,cross-ppi,797,0.024327918008910987,1.0
all,0.1600,cross-ppi,798,0.02560832294619142,1.0
all,0.1600,cross-ppi,799,0.025252559913000128,1.0
all,0.1600,cross-ppi,800,0.025099058918176764,1.0
all,0.1600,cross-ppi,801,0.02436041335319647,1.0
all,0.1600,cross-ppi,802,0.025370451521755433,1.0
all,0.1600,cross-ppi,803,0.024964244479266567,1.0
all,0.1600,cross-ppi,804,0.02522022792524492,1.0
all,0.1600,cross-ppi,805,0.0248011117581729,1.0
all,0.1600,cross-ppi,806,0.025443454277706334,1.0
all,0.1600,cross-ppi,807,0.025795443213463692,1.0
all,0.1600,cross-ppi,808,0.025674471108946162,1.0
all,0.1600,cross-ppi,809,0.02493465544765605,1.0
all,0.1600,cross-ppi,810,0.02474056228640334,1.0
all,0.1600,cross-ppi,811,0.02480983309304252,1.0
all,0.1600,cross-ppi,812,0.02499010112603184,1.0
all,0.1600,cross-ppi,813,0.025219338343238168,1.0
all,0.1600,cross-ppi,814,0.024214056303029946,1.0
all,0.1600,cross-ppi,815,0.024258590659818058,1.0
all,0.1600,cross-ppi,816,0.024824550341386975,1.0
all,0.1600,cross-ppi,817,0.024400526007159917,1.0
all,0.1600,cross-ppi,818,0.02515322496353342,1.0
all,0.1600,cross-ppi,819,0.02516330543988121,1.0
all,0.1600,cross-ppi,820,0.024857493689219412,1.0
all,0.1600,cross-ppi,821,0.024750988750741998,1.0
all,0.1600,cross-ppi,822,0.024935018205151094,1.0
all,0.1600,cross-ppi,823,0.02411348945254066,1.0
all,0.1600,cross-ppi,824,0.02482512041626528,1.0
all,0.1600,cross-ppi,825,0.025265375879870433,1.0
all,0.1600,cross-ppi,826,0.025057263242170613,1.0
all,0.1600,cross-ppi,827,0.0249143074493281,1.0
all,0.1600,cross-ppi,828,0.024592414983513028,1.0
all,0.1600,cross-ppi,829,0.025335242108833533,1.0
all,0.1600,cross-ppi,830,0.025391141618500868,1.0
all,0.1600,cross-ppi,831,0.024708325649675816,1.0
all,0.1600,cross-ppi,832,0.024612023518783582,1.0
all,0.1600,cross-ppi,833,0.025507084990033152,1.0
all,0.1600,cross-ppi,834,0.02500402751570094,1.0
all,0.1600,cross-ppi,835,0.02542477161272183,1.0
all,0.1600,cross-ppi,836,0.025348443745346644,1.0
all,0.1600,cross-ppi,837,0.024856193440662255,1.0
all,0.1600,cross-ppi,838,0.024724363921344555,1.0
all,0.1600,cross-ppi,839,0.024089898004482135,1.0
all,0.1600,cross-ppi,840,0.024067840772476146,1.0
all,0.1600,cross-ppi,841,0.024226428569811276,1.0
all,0.1600,cross-ppi,842,0.024967937882773295,1.0
all,0.1600,cross-ppi,843,0.025260995100044425,1.0
all,0.1600,cross-ppi,844,0.024893675434416007,1.0
all,0.1600,cross-ppi,845,0.02503866146664155,1.0
all,0.1600,cross-ppi,846,0.02464491512062919,1.0
all,0.1600,cross-ppi,847,0.024151374993547692,1.0
all,0.1600,cross-ppi,848,0.025419930901733,1.0
all,0.1600,cross-ppi,849,0.025095081132204794,1.0
all,0.1600,cross-ppi,850,0.024251601186212612,1.0
all,0.1600,cross-ppi,851,0.024641364953393974,1.0
all,0.1600,cross-ppi,852,0.025587722201673713,1.0
all,0.1600,cross-ppi,853,0.02454757441864161,1.0
all,0.1600,cross-ppi,854,0.024410957276984585,1.0
all,0.1600,cross-ppi,855,0.025994805110637342,1.0
all,0.1600,cross-ppi,856,0.025265471515110022,1.0
all,0.1600,cross-ppi,857,0.024405321451727163,1.0
all,0.1600,cross-ppi,858,0.024915515320659276,1.0
all,0.1600,cross-ppi,859,0.026112438730977794,1.0
all,0.1600,cross-ppi,860,0.023973118747756955,1.0
all,0.1600,cross-ppi,861,0.024838053046490227,1.0
all,0.1600,cross-ppi,862,0.024499614825649663,1.0
all,0.1600,cross-ppi,863,0.025243031829707357,1.0
all,0.1600,cross-ppi,864,0.02537841279709896,1.0
all,0.1600,cross-ppi,865,0.025673420988132967,1.0
all,0.1600,cross-ppi,866,0.02417474784906773,1.0
all,0.1600,cross-ppi,867,0.024909340844242123,1.0
all,0.1600,cross-ppi,868,0.024548675000336112,1.0
all,0.1600,cross-ppi,869,0.02557645286877877,1.0
all,0.1600,cross-ppi,870,0.025253120337481616,1.0
all,0.1600,cross-ppi,871,0.025008957397922554,1.0
all,0.1600,cross-ppi,872,0.024667901775767137,1.0
all,0.1600,cross-ppi,873,0.02399374060099982,1.0
all,0.1600,cross-ppi,874,0.02524330993499524,1.0
all,0.1600,cross-ppi,875,0.024234306970680047,0.0
all,0.1600,cross-ppi,876,0.025361728791214122,1.0
all,0.1600,cross-ppi,877,0.025105251501612802,1.0
all,0.1600,cross-ppi,878,0.024834914171092737,1.0
all,0.1600,cross-ppi,879,0.024177967811178758,1.0
all,0.1600,cross-ppi,880,0.02462340904475177,1.0
all,0.1600,cross-ppi,881,0.025512746168889322,1.0
all,0.1600,cross-ppi,882,0.024408133300949597,1.0
all,0.1600,cross-ppi,883,0.024677548461797677,1.0
all,0.1600,cross-ppi,884,0.024081238870885646,1.0
all,0.1600,cross-ppi,885,0.024037852436436496,1.0
all,0.1600,cross-ppi,886,0.0249383014228457,1.0
all,0.1600,cross-ppi,887,0.024986982364565896,1.0
all,0.1600,cross-ppi,888,0.02491875556964329,1.0
all,0.1600,cross-ppi,889,0.025169122863189286,1.0
all,0.1600,cross-ppi,890,0.024766633409135652,1.0
all,0.1600,cross-ppi,891,0.024730065131303824,1.0
all,0.1600,cross-ppi,892,0.024320830554455636,1.0
all,0.1600,cross-ppi,893,0.02465328160578306,1.0
all,0.1600,cross-ppi,894,0.02511029699419165,1.0
all,0.1600,cross-ppi,895,0.02457313203781908,1.0
all,0.1600,cross-ppi,896,0.025326653097184404,1.0
all,0.1600,cross-ppi,897,0.02495811090023803,1.0
all,0.1600,cross-ppi,898,0.02545036642352813,1.0
all,0.1600,cross-ppi,899,0.025186316656700097,1.0
all,0.1600,cross-ppi,900,0.025666536891934655,1.0
all,0.1600,cross-ppi,901,0.0245121242982278,1.0
all,0.1600,cross-ppi,902,0.024842005769170283,1.0
all,0.1600,cross-ppi,903,0.024729943673130528,1.0
all,0.1600,cross-ppi,904,0.02434743753343127,1.0
all,0.1600,cross-ppi,905,0.024444359278385952,1.0
all,0.1600,cross-ppi,906,0.02535523396075179,1.0
all,0.1600,cross-ppi,907,0.02487212430852978,1.0
all,0.1600,cross-ppi,908,0.025124406269598804,1.0
all,0.1600,cross-ppi,909,0.02476728254566174,1.0
all,0.1600,cross-ppi,910,0.025714855259699188,1.0
all,0.1600,cross-ppi,911,0.024353993028368742,1.0
all,0.1600,cross-ppi,912,0.024778356339743346,1.0
all,0.1600,cross-ppi,913,0.0240933020716817,1.0
all,0.1600,cross-ppi,914,0.025777552611183308,1.0
all,0.1600,cross-ppi,915,0.024766420670952,1.0
all,0.1600,cross-ppi,916,0.024391112598870918,1.0
all,0.1600,cross-ppi,917,0.0253308279424663,1.0
all,0.1600,cross-ppi,918,0.024511498011720617,1.0
all,0.1600,cross-ppi,919,0.024401801254787747,1.0
all,0.1600,cross-ppi,920,0.025070468627422793,1.0
all,0.1600,cross-ppi,921,0.024226346503656487,1.0
all,0.1600,cross-ppi,922,0.025262802985752897,1.0
all,0.1600,cross-ppi,923,0.025506935632016003,1.0
all,0.1600,cross-ppi,924,0.02496366217515436,1.0
all,0.1600,cross-ppi,925,0.024457712471625842,1.0
all,0.1600,cross-ppi,926,0.02565573708961047,1.0
all,0.1600,cross-ppi,927,0.024646198532468855,1.0
all,0.1600,cross-ppi,928,0.025043589698284213,1.0
all,0.1600,cross-ppi,929,0.025825668712995853,1.0
all,0.1600,cross-ppi,930,0.0248925545866171,1.0
all,0.1600,cross-ppi,931,0.02467968112888963,1.0
all,0.1600,cross-ppi,932,0.025377691151002746,1.0
all,0.1600,cross-ppi,933,0.024583030365035646,1.0
all,0.1600,cross-ppi,934,0.024291934604334625,1.0
all,0.1600,cross-ppi,935,0.02423179221147642,1.0
all,0.1600,cross-ppi,936,0.02517280276997405,1.0
all,0.1600,cross-ppi,937,0.025102848087058094,1.0
all,0.1600,cross-ppi,938,0.025228933386684305,1.0
all,0.1600,cross-ppi,939,0.024542654040822537,1.0
all,0.1600,cross-ppi,940,0.025105743810615117,1.0
all,0.1600,cross-ppi,941,0.025315099476373698,1.0
all,0.1600,cross-ppi,942,0.025238995982467233,1.0
all,0.1600,cross-ppi,943,0.023555906625224637,1.0
all,0.1600,cross-ppi,944,0.02443714095315727,1.0
all,0.1600,cross-ppi,945,0.02561203479112692,1.0
all,0.1600,cross-ppi,946,0.02491014690501525,1.0
all,0.1600,cross-ppi,947,0.025438124283747005,1.0
all,0.1600,cross-ppi,948,0.025087439815030477,1.0
all,0.1600,cross-ppi,949,0.024547749727931528,1.0
all,0.1600,cross-ppi,950,0.02520015140020926,1.0
all,0.1600,cross-ppi,951,0.025590435994759075,1.0
all,0.1600,cross-ppi,952,0.024138844903806245,1.0
all,0.1600,cross-ppi,953,0.024732755242698606,1.0
all,0.1600,cross-ppi,954,0.025156265474957334,1.0
all,0.1600,cross-ppi,955,0.02490204590558423,1.0
all,0.1600,cross-ppi,956,0.025114483253906528,1.0
all,0.1600,cross-ppi,957,0.02506960597653929,1.0
all,0.1600,cross-ppi,958,0.02485021845239943,1.0
all,0.1600,cross-ppi,959,0.02560448498745127,0.0
all,0.1600,cross-ppi,960,0.024923394410490324,1.0
all,0.1600,cross-ppi,961,0.024154976708834375,1.0
all,0.1600,cross-ppi,962,0.025323084481760127,1.0
all,0.1600,cross-ppi,963,0.025020658190185396,1.0
all,0.1600,cross-ppi,964,0.024950540417153416,1.0
all,0.1600,cross-ppi,965,0.024257196489316873,1.0
all,0.1600,cross-ppi,966,0.024717209385648697,1.0
all,0.1600,cross-ppi,967,0.025014129188935336,1.0
all,0.1600,cross-ppi,968,0.024643658124728823,1.0
all,0.1600,cross-ppi,969,0.02483647272047293,1.0
all,0.1600,cross-ppi,970,0.02474715612220016,1.0
all,0.1600,cross-ppi,971,0.024745827704163254,1.0
all,0.1600,cross-ppi,972,0.024865152299824195,1.0
all,0.1600,cross-ppi,973,0.025360145202520057,1.0
all,0.1600,cross-ppi,974,0.024355263353961903,1.0
all,0.1600,cross-ppi,975,0.024956808944205378,1.0
all,0.1600,cross-ppi,976,0.02538697944687507,1.0
all,0.1600,cross-ppi,977,0.024839763436511175,1.0
all,0.1600,cross-ppi,978,0.025276546655071286,1.0
all,0.1600,cross-ppi,979,0.025139727622664337,1.0
all,0.1600,cross-ppi,980,0.02508465493970602,1.0
all,0.1600,cross-ppi,981,0.025712785304082275,1.0
all,0.1600,cross-ppi,982,0.024866174712147138,1.0
all,0.1600,cross-ppi,983,0.02523425039163585,1.0
all,0.1600,cross-ppi,984,0.024940847545491307,1.0
all,0.1600,cross-ppi,985,0.02471958708745081,1.0
all,0.1600,cross-ppi,986,0.025333845757943285,1.0
all,0.1600,cross-ppi,987,0.025469758187553676,1.0
all,0.1600,cross-ppi,988,0.02503791553282575,1.0
all,0.1600,cross-ppi,989,0.02488104410989178,1.0
all,0.1600,cross-ppi,990,0.024629498182354048,1.0
all,0.1600,cross-ppi,991,0.02432017216812324,1.0
all,0.1600,cross-ppi,992,0.024608045326750982,1.0
all,0.1600,cross-ppi,993,0.025135600442699135,1.0
all,0.1600,cross-ppi,994,0.02490791698447503,1.0
all,0.1600,cross-ppi,995,0.024753995590415134,1.0
all,0.1600,cross-ppi,996,0.024624603098793524,1.0
all,0.1600,cross-ppi,997,0.024782220397412957,1.0
all,0.1600,cross-ppi,998,0.025552558108231427,1.0
all,0.1600,cross-ppi,999,0.025305479975420986,1.0
all,0.1700,cross-ppi,666,0.024504659347869495,1.0
all,0.1700,cross-ppi,667,0.024515709086809195,1.0
all,0.1700,cross-ppi,668,0.02420088100062401,1.0
all,0.1700,cross-ppi,669,0.024664014550725116,1.0
all,0.1700,cross-ppi,670,0.0238944757744185,1.0
all,0.1700,cross-ppi,671,0.02436279665312105,1.0
all,0.1700,cross-ppi,672,0.024538024377732587,1.0
all,0.1700,cross-ppi,673,0.024272218547342628,1.0
all,0.1700,cross-ppi,674,0.023507910875387922,1.0
all,0.1700,cross-ppi,675,0.024641890965815483,1.0
all,0.1700,cross-ppi,676,0.024336708751745234,1.0
all,0.1700,cross-ppi,677,0.02489424455464706,1.0
all,0.1700,cross-ppi,678,0.024298651103162455,1.0
all,0.1700,cross-ppi,679,0.024587701241568394,1.0
all,0.1700,cross-ppi,680,0.0245688140168987,1.0
all,0.1700,cross-ppi,681,0.024088886938364945,1.0
all,0.1700,cross-ppi,682,0.024061733746524067,1.0
all,0.1700,cross-ppi,683,0.024652172244013393,1.0
all,0.1700,cross-ppi,684,0.024964368631471973,1.0
all,0.1700,cross-ppi,685,0.02447516936987923,1.0
all,0.1700,cross-ppi,686,0.023985270156120203,1.0
all,0.1700,cross-ppi,687,0.024277982224501615,1.0
all,0.1700,cross-ppi,688,0.02473993956737186,1.0
all,0.1700,cross-ppi,689,0.02369905581526277,1.0
all,0.1700,cross-ppi,690,0.024633634687600714,1.0
all,0.1700,cross-ppi,691,0.02394918544958624,1.0
all,0.1700,cross-ppi,692,0.024398035103163407,1.0
all,0.1700,cross-ppi,693,0.02471041141909469,1.0
all,0.1700,cross-ppi,694,0.0244946446453104,1.0
all,0.1700,cross-ppi,695,0.02424034411086118,1.0
all,0.1700,cross-ppi,696,0.024676821309216973,1.0
all,0.1700,cross-ppi,697,0.02383052053716958,1.0
all,0.1700,cross-ppi,698,0.02483839160345791,1.0
all,0.1700,cross-ppi,699,0.024588860972716065,1.0
all,0.1700,cross-ppi,700,0.024445196705975697,1.0
all,0.1700,cross-ppi,701,0.023944993457816643,1.0
all,0.1700,cross-ppi,702,0.024732521324891454,1.0
all,0.1700,cross-ppi,703,0.024331948453389957,1.0
all,0.1700,cross-ppi,704,0.024568551991529963,1.0
all,0.1700,cross-ppi,705,0.024170074166496858,1.0
all,0.1700,cross-ppi,706,0.02485841672447442,1.0
all,0.1700,cross-ppi,707,0.02497828216064335,1.0
all,0.1700,cross-ppi,708,0.0249883567698157,1.0
all,0.1700,cross-ppi,709,0.02438845333685591,1.0
all,0.1700,cross-ppi,710,0.024271540667849284,1.0
all,0.1700,cross-ppi,711,0.02432503359319349,1.0
all,0.1700,cross-ppi,712,0.024410979653801568,1.0
all,0.1700,cross-ppi,713,0.024793202150235477,1.0
all,0.1700,cross-ppi,714,0.0236399578066174,1.0
all,0.1700,cross-ppi,715,0.023683643867717374,1.0
all,0.1700,cross-ppi,716,0.024145029624859204,1.0
all,0.1700,cross-ppi,717,0.023874292416983495,1.0
all,0.1700,cross-ppi,718,0.024707442616847097,1.0
all,0.1700,cross-ppi,719,0.024672205718430873,1.0
all,0.1700,cross-ppi,720,0.024157266146602407,1.0
all,0.1700,cross-ppi,721,0.02423485728404781,1.0
all,0.1700,cross-ppi,722,0.02426199072902091,1.0
all,0.1700,cross-ppi,723,0.0237158343254813,1.0
all,0.1700,cross-ppi,724,0.024268222175511694,1.0
all,0.1700,cross-ppi,725,0.02452567292871466,1.0
all,0.1700,cross-ppi,726,0.02444858652361226,1.0
all,0.1700,cross-ppi,727,0.024446585000513443,1.0
all,0.1700,cross-ppi,728,0.024048594542730645,1.0
all,0.1700,cross-ppi,729,0.024912061739144398,0.0
all,0.1700,cross-ppi,730,0.024733846912431634,1.0
all,0.1700,cross-ppi,731,0.02421064602357481,1.0
all,0.1700,cross-ppi,732,0.02399656028987407,1.0
all,0.1700,cross-ppi,733,0.024796061763978194,1.0
all,0.1700,cross-ppi,734,0.02452675298109422,1.0
all,0.1700,cross-ppi,735,0.024823506809992013,1.0
all,0.1700,cross-ppi,736,0.024891395145578032,1.0
all,0.1700,cross-ppi,737,0.02437780955871305,1.0
all,0.1700,cross-ppi,738,0.024140370168630826,1.0
all,0.1700,cross-ppi,739,0.023508110710270813,1.0
all,0.1700,cross-ppi,740,0.023586393483012946,1.0
all,0.1700,cross-ppi,741,0.023752335218891085,1.0
all,0.1700,cross-ppi,742,0.024174591584501304,1.0
all,0.1700,cross-ppi,743,0.024729789809305625,1.0
all,0.1700,cross-ppi,744,0.024243664865880366,1.0
all,0.1700,cross-ppi,745,0.02448385402182099,1.0
all,0.1700,cross-ppi,746,0.024219188916489026,1.0
all,0.1700,cross-ppi,747,0.023471650575286634,1.0
all,0.1700,cross-ppi,748,0.024880067853906146,1.0
all,0.1700,cross-ppi,749,0.024539143962185594,1.0
all,0.1700,cross-ppi,750,0.023683943514658856,1.0
all,0.1700,cross-ppi,751,0.02404385707833348,1.0
all,0.1700,cross-ppi,752,0.02499743158817591,1.0
all,0.1700,cross-ppi,753,0.02408787306993021,1.0
all,0.1700,cross-ppi,754,0.023844990560696333,1.0
all,0.1700,cross-ppi,755,0.02533968384781804,1.0
all,0.1700,cross-ppi,756,0.024656345404763885,1.0
all,0.1700,cross-ppi,757,0.023904300351215824,1.0
all,0.1700,cross-ppi,758,0.0243585468634544,1.0
all,0.1700,cross-ppi,759,0.025327227554515108,1.0
all,0.1700,cross-ppi,760,0.023473872388685257,1.0
all,0.1700,cross-ppi,761,0.024139703384653183,1.0
all,0.1700,cross-ppi,762,0.024001192311715186,1.0
all,0.1700,cross-ppi,763,0.0246240688245207,1.0
all,0.1700,cross-ppi,764,0.024668333012047322,1.0
all,0.1700,cross-ppi,765,0.024976917839667045,1.0
all,0.1700,cross-ppi,766,0.023627006532684902,1.0
all,0.1700,cross-ppi,767,0.024453477506855337,1.0
all,0.1700,cross-ppi,768,0.02399975361949591,1.0
all,0.1700,cross-ppi,769,0.024935680237821445,1.0
all,0.1700,cross-ppi,770,0.024747681855785242,1.0
all,0.1700,cross-ppi,771,0.024306500782956153,1.0
all,0.1700,cross-ppi,772,0.02414393977220211,1.0
all,0.1700,cross-ppi,773,0.023511307016712335,1.0
all,0.1700,cross-ppi,774,0.024495406237047934,1.0
all,0.1700,cross-ppi,775,0.023707079019540056,1.0
all,0.1700,cross-ppi,776,0.024675695228424388,1.0
all,0.1700,cross-ppi,777,0.024542159380344875,1.0
all,0.1700,cross-ppi,778,0.02433956253584932,1.0
all,0.1700,cross-ppi,779,0.023647783583344517,1.0
all,0.1700,cross-ppi,780,0.02408273312474163,1.0
all,0.1700,cross-ppi,781,0.024887626655542894,1.0
all,0.1700,cross-ppi,782,0.02366826212338327,1.0
all,0.1700,cross-ppi,783,0.024150184441108807,1.0
all,0.1700,cross-ppi,784,0.023657640781424072,1.0
all,0.1700,cross-ppi,785,0.02345351176313662,1.0
all,0.1700,cross-ppi,786,0.0243293284556515,1.0
all,0.1700,cross-ppi,787,0.024464952621943814,1.0
all,0.1700,cross-ppi,788,0.024480108610126727,1.0
all,0.1700,cross-ppi,789,0.0246639250642251,1.0
all,0.1700,cross-ppi,790,0.02416783871782724,1.0
all,0.1700,cross-ppi,791,0.024100144089374137,1.0
all,0.1700,cross-ppi,792,0.023935631607930996,1.0
all,0.1700,cross-ppi,793,0.024335985366787938,1.0
all,0.1700,cross-ppi,794,0.02445321421453961,1.0
all,0.1700,cross-ppi,795,0.023891835950811346,1.0
all,0.1700,cross-ppi,796,0.024881615366640242,1.0
all,0.1700,cross-ppi,797,0.024339110960228894,1.0
all,0.1700,cross-ppi,798,0.02476424889610193,1.0
all,0.1700,cross-ppi,799,0.024632280576431187,1.0
all,0.1700,cross-ppi,800,0.02495481361662344,1.0
all,0.1700,cross-ppi,801,0.023896891396341657,1.0
all,0.1700,cross-ppi,802,0.024156021917338483,1.0
all,0.1700,cross-ppi,803,0.02409784352018554,1.0
all,0.1700,cross-ppi,804,0.023734906564653352,1.0
all,0.1700,cross-ppi,805,0.02395682799223553,1.0
all,0.1700,cross-ppi,806,0.024584872629989873,1.0
all,0.1700,cross-ppi,807,0.024228482692300907,1.0
all,0.1700,cross-ppi,808,0.024534184837993966,1.0
all,0.1700,cross-ppi,809,0.024196178391689416,1.0
all,0.1700,cross-ppi,810,0.025060140601936953,1.0
all,0.1700,cross-ppi,811,0.023849560506095685,1.0
all,0.1700,cross-ppi,812,0.024419506295035504,1.0
all,0.1700,cross-ppi,813,0.023492167138161907,1.0
all,0.1700,cross-ppi,814,0.02511431138090836,1.0
all,0.1700,cross-ppi,815,0.024139853372969672,1.0
all,0.1700,cross-ppi,816,0.02383231877209846,1.0
all,0.1700,cross-ppi,817,0.024712319419309403,1.0
all,0.1700,cross-ppi,818,0.024006240796838635,1.0
all,0.1700,cross-ppi,819,0.023915354538258216,1.0
all,0.1700,cross-ppi,820,0.024380139562866637,1.0
all,0.1700,cross-ppi,821,0.02368079908195997,1.0
all,0.1700,cross-ppi,822,0.024629208305697814,1.0
all,0.1700,cross-ppi,823,0.02490620455106962,1.0
all,0.1700,cross-ppi,824,0.024380616413392037,1.0
all,0.1700,cross-ppi,825,0.023922251365860903,1.0
all,0.1700,cross-ppi,826,0.025077078514185502,1.0
all,0.1700,cross-ppi,827,0.02418286088632926,1.0
all,0.1700,cross-ppi,828,0.024279628366770695,1.0
all,0.1700,cross-ppi,829,0.025234403469010513,1.0
all,0.1700,cross-ppi,830,0.024281986666614186,1.0
all,0.1700,cross-ppi,831,0.024091786193306514,1.0
all,0.1700,cross-ppi,832,0.024900973740163757,1.0
all,0.1700,cross-ppi,833,0.024337143991620763,1.0
all,0.1700,cross-ppi,834,0.023672358034963592,1.0
all,0.1700,cross-ppi,835,0.02374921621115611,1.0
all,0.1700,cross-ppi,836,0.024420863023552064,1.0
all,0.1700,cross-ppi,837,0.024323811231697245,1.0
all,0.1700,cross-ppi,838,0.024679420601038893,1.0
all,0.1700,cross-ppi,839,0.024016681452446592,1.0
all,0.1700,cross-ppi,840,0.024475332711298897,1.0
all,0.1700,cross-ppi,841,0.024635014957851142,1.0
all,0.1700,cross-ppi,842,0.024634016395181507,1.0
all,0.1700,cross-ppi,843,0.023037032448331468,1.0
all,0.1700,cross-ppi,844,0.023775452607293635,1.0
all,0.1700,cross-ppi,845,0.024914650711268527,1.0
all,0.1700,cross-ppi,846,0.024289143756121567,1.0
all,0.1700,cross-ppi,847,0.02477672681753007,1.0
all,0.1700,cross-ppi,848,0.024536076977566545,1.0
all,0.1700,cross-ppi,849,0.023902149070426537,1.0
all,0.1700,cross-ppi,850,0.024459585372246573,1.0
all,0.1700,cross-ppi,851,0.024864811979410373,1.0
all,0.1700,cross-ppi,852,0.02351786453429361,1.0
all,0.1700,cross-ppi,853,0.02426920891057152,1.0
all,0.1700,cross-ppi,854,0.024493696908441137,1.0
all,0.1700,cross-ppi,855,0.024444654463002674,1.0
all,0.1700,cross-ppi,856,0.024522717649617,1.0
all,0.1700,cross-ppi,857,0.02459622699207273,1.0
all,0.1700,cross-ppi,858,0.024398019277788174,1.0
all,0.1700,cross-ppi,859,0.024963506957558224,0.0
all,0.1700,cross-ppi,860,0.024399155715757015,1.0
all,0.1700,cross-ppi,861,0.023679829601794627,1.0
all,0.1700,cross-ppi,862,0.02457884109465655,1.0
all,0.1700,cross-ppi,863,0.02447303352910002,1.0
all,0.1700,cross-ppi,864,0.024585106268124185,1.0
all,0.1700,cross-ppi,865,0.02391087394853153,1.0
all,0.1700,cross-ppi,866,0.02425630735075665,1.0
all,0.1700,cross-ppi,867,0.024293020441236074,1.0
all,0.1700,cross-ppi,868,0.02412142292031627,1.0
all,0.1700,cross-ppi,869,0.024323915132651197,1.0
all,0.1700,cross-ppi,870,0.024438642624547202,1.0
all,0.1700,cross-ppi,871,0.024371982536793957,1.0
all,0.1700,cross-ppi,872,0.024390332074674337,1.0
all,0.1700,cross-ppi,873,0.02489787682447564,1.0
all,0.1700,cross-ppi,874,0.023850811727868654,1.0
all,0.1700,cross-ppi,875,0.02438594043191089,1.0
all,0.1700,cross-ppi,876,0.02477583851350762,1.0
all,0.1700,cross-ppi,877,0.024267453859907695,1.0
all,0.1700,cross-ppi,878,0.024692625156976317,1.0
all,0.1700,cross-ppi,879,0.02454594111376951,1.0
all,0.1700,cross-ppi,880,0.02446385385526073,1.0
all,0.1700,cross-ppi,881,0.02490693253468046,1.0
all,0.1700,cross-ppi,882,0.02454017991428023,1.0
all,0.1700,cross-ppi,883,0.024647559965383592,1.0
all,0.1700,cross-ppi,884,0.02439855024523596,1.0
all,0.1700,cross-ppi,885,0.02416700738373201,1.0
all,0.1700,cross-ppi,886,0.024807393552913837,1.0
all,0.1700,cross-ppi,887,0.024725579800395914,1.0
all,0.1700,cross-ppi,888,0.02443256629393442,1.0
all,0.1700,cross-ppi,889,0.024577462291940577,1.0
all,0.1700,cross-ppi,890,0.023967902755296144,1.0
all,0.1700,cross-ppi,891,0.02375261829368444,1.0
all,0.1700,cross-ppi,892,0.02416545330981365,1.0
all,0.1700,cross-ppi,893,0.02464172986812585,1.0
all,0.1700,cross-ppi,894,0.024292895446107937,1.0
all,0.1700,cross-ppi,895,0.02428300632280067,1.0
all,0.1700,cross-ppi,896,0.024193160383260998,1.0
all,0.1700,cross-ppi,897,0.024332401431014783,1.0
all,0.1700,cross-ppi,898,0.024825495497157096,1.0
all,0.1700,cross-ppi,899,0.02468347941966642,1.0
all,0.1700,cross-ppi,900,0.024248679787546717,1.0
all,0.1700,cross-ppi,901,0.024279524177225426,1.0
all,0.1700,cross-ppi,902,0.024175913607754618,1.0
all,0.1700,cross-ppi,903,0.024134488892814665,1.0
all,0.1700,cross-ppi,904,0.024380365419979122,1.0
all,0.1700,cross-ppi,905,0.02430944130175694,1.0
all,0.1700,cross-ppi,906,0.0236885747282779,1.0
all,0.1700,cross-ppi,907,0.024088443271015225,1.0
all,0.1700,cross-ppi,908,0.02411226700904645,1.0
all,0.1700,cross-ppi,909,0.024142977891106865,1.0
all,0.1700,cross-ppi,910,0.023718898608505512,1.0
all,0.1700,cross-ppi,911,0.024021363819732966,0.0
all,0.1700,cross-ppi,912,0.024017453513778514,1.0
all,0.1700,cross-ppi,913,0.024537956637855296,1.0
all,0.1700,cross-ppi,914,0.024424113234295608,1.0
all,0.1700,cross-ppi,915,0.023878831788376992,1.0
all,0.1700,cross-ppi,916,0.024460100281207348,1.0
all,0.1700,cross-ppi,917,0.023798687341436503,1.0
all,0.1700,cross-ppi,918,0.02355446030605368,1.0
all,0.1700,cross-ppi,919,0.024402341956525436,1.0
all,0.1700,cross-ppi,920,0.02384901771687789,1.0
all,0.1700,cross-ppi,921,0.024443625097532506,1.0
all,0.1700,cross-ppi,922,0.024660890482000458,1.0
all,0.1700,cross-ppi,923,0.024484301225403682,1.0
all,0.1700,cross-ppi,924,0.02407684685524522,1.0
all,0.1700,cross-ppi,925,0.0238110657677153,1.0
all,0.1700,cross-ppi,926,0.024283015711659472,1.0
all,0.1700,cross-ppi,927,0.024277499104830125,1.0
all,0.1700,cross-ppi,928,0.02416702460155276,1.0
all,0.1700,cross-ppi,929,0.02371883462665525,1.0
all,0.1700,cross-ppi,930,0.024421718607397613,1.0
all,0.1700,cross-ppi,931,0.0247756797821215,1.0
all,0.1700,cross-ppi,932,0.024599498651256574,1.0
all,0.1700,cross-ppi,933,0.023574785542149423,1.0
all,0.1700,cross-ppi,934,0.023997777953020716,1.0
all,0.1700,cross-ppi,935,0.024116064233931783,1.0
all,0.1700,cross-ppi,936,0.02496704412557285,1.0
all,0.1700,cross-ppi,937,0.024118630666689622,0.0
all,0.1700,cross-ppi,938,0.023876884112264407,1.0
all,0.1700,cross-ppi,939,0.024478657284034533,1.0
all,0.1700,cross-ppi,940,0.02416880737318039,1.0
all,0.1700,cross-ppi,941,0.024357039019475613,1.0
all,0.1700,cross-ppi,942,0.024055720394136282,1.0
all,0.1700,cross-ppi,943,0.023948120231001013,1.0
all,0.1700,cross-ppi,944,0.02450618212203748,1.0
all,0.1700,cross-ppi,945,0.02458355960537173,1.0
all,0.1700,cross-ppi,946,0.024501366409946046,1.0
all,0.1700,cross-ppi,947,0.02372389118081164,1.0
all,0.1700,cross-ppi,948,0.024319496597502654,1.0
all,0.1700,cross-ppi,949,0.023942587575236512,1.0
all,0.1700,cross-ppi,950,0.02442353666973729,1.0
all,0.1700,cross-ppi,951,0.023995525347713875,1.0
all,0.1700,cross-ppi,952,0.024019720594710997,1.0
all,0.1700,cross-ppi,953,0.024971365939133405,1.0
all,0.1700,cross-ppi,954,0.02420775021624244,1.0
all,0.1700,cross-ppi,955,0.024239240566042097,1.0
all,0.1700,cross-ppi,956,0.023979184324456893,1.0
all,0.1700,cross-ppi,957,0.024209407945718908,1.0
all,0.1700,cross-ppi,958,0.02389427863839924,1.0
all,0.1700,cross-ppi,959,0.02447186501193732,1.0
all,0.1700,cross-ppi,960,0.02460806046343267,1.0
all,0.1700,cross-ppi,961,0.024870413704930622,1.0
all,0.1700,cross-ppi,962,0.02514059622769016,1.0
all,0.1700,cross-ppi,963,0.023900780590594,1.0
all,0.1700,cross-ppi,964,0.024575747220847627,1.0
all,0.1700,cross-ppi,965,0.02410956019180366,1.0
all,0.1700,cross-ppi,966,0.02387511078326876,1.0
all,0.1700,cross-ppi,967,0.024245953804566484,1.0
all,0.1700,cross-ppi,968,0.024298983089373394,1.0
all,0.1700,cross-ppi,969,0.02499787126556119,1.0
all,0.1700,cross-ppi,970,0.024406352296381217,1.0
all,0.1700,cross-ppi,971,0.023710957144640554,1.0
all,0.1700,cross-ppi,972,0.023949750722971896,1.0
all,0.1700,cross-ppi,973,0.02459826538236165,1.0
all,0.1700,cross-ppi,974,0.02436445287077127,1.0
all,0.1700,cross-ppi,975,0.024600568320666566,1.0
all,0.1700,cross-ppi,976,0.024722079313033385,1.0
all,0.1700,cross-ppi,977,0.02472231205164868,1.0
all,0.1700,cross-ppi,978,0.023821160930726754,1.0
all,0.1700,cross-ppi,979,0.024482406593128614,1.0
all,0.1700,cross-ppi,980,0.024543956689284552,1.0
all,0.1700,cross-ppi,981,0.024237334736168487,1.0
all,0.1700,cross-ppi,982,0.023705779493852802,1.0
all,0.1700,cross-ppi,983,0.024278977878386482,1.0
all,0.1700,cross-ppi,984,0.024739495643155696,0.0
all,0.1700,cross-ppi,985,0.0241122956626324,1.0
all,0.1700,cross-ppi,986,0.024369276382692817,1.0
all,0.1700,cross-ppi,987,0.024616961413879368,1.0
all,0.1700,cross-ppi,988,0.0243972902964098,1.0
all,0.1700,cross-ppi,989,0.024616060092004094,1.0
all,0.1700,cross-ppi,990,0.024229760022778768,1.0
all,0.1700,cross-ppi,991,0.024838916567432423,1.0
all,0.1700,cross-ppi,992,0.024111409971063286,1.0
all,0.1700,cross-ppi,993,0.024399317040787127,1.0
all,0.1700,cross-ppi,994,0.024255498352668048,1.0
all,0.1700,cross-ppi,995,0.02401818259234234,1.0
all,0.1700,cross-ppi,996,0.024418002518085208,1.0
all,0.1700,cross-ppi,997,0.02403908852531253,1.0
all,0.1700,cross-ppi,998,0.024689828487082677,1.0
all,0.1700,cross-ppi,999,0.024564916847004126,1.0
all,0.1800,cross-ppi,666,0.023326758604061665,1.0
all,0.1800,cross-ppi,667,0.023877415876834895,1.0
all,0.1800,cross-ppi,668,0.023617701706565408,1.0
all,0.1800,cross-ppi,669,0.024173085441507203,1.0
all,0.1800,cross-ppi,670,0.024368888795491817,1.0
all,0.1800,cross-ppi,671,0.023812143077299508,1.0
all,0.1800,cross-ppi,672,0.023612592441537905,1.0
all,0.1800,cross-ppi,673,0.0230631351039767,1.0
all,0.1800,cross-ppi,674,0.023888050069565847,1.0
all,0.1800,cross-ppi,675,0.023341783173263186,0.0
all,0.1800,cross-ppi,676,0.02412090515804588,1.0
all,0.1800,cross-ppi,677,0.024073433631587537,1.0
all,0.1800,cross-ppi,678,0.023858052764334392,1.0
all,0.1800,cross-ppi,679,0.02320853419420177,1.0
all,0.1800,cross-ppi,680,0.023699635792885587,1.0
all,0.1800,cross-ppi,681,0.024409667292063397,1.0
all,0.1800,cross-ppi,682,0.023090929321249815,1.0
all,0.1800,cross-ppi,683,0.023661256407385478,1.0
all,0.1800,cross-ppi,684,0.02345156333274112,1.0
all,0.1800,cross-ppi,685,0.023051163066136054,1.0
all,0.1800,cross-ppi,686,0.023917630962715153,1.0
all,0.1800,cross-ppi,687,0.024101372528695264,1.0
all,0.1800,cross-ppi,688,0.02389805848752999,1.0
all,0.1800,cross-ppi,689,0.024082994854136786,1.0
all,0.1800,cross-ppi,690,0.023772123317421623,1.0
all,0.1800,cross-ppi,691,0.0235587362229851,1.0
all,0.1800,cross-ppi,692,0.023371129937035745,1.0
all,0.1800,cross-ppi,693,0.023862901123969826,1.0
all,0.1800,cross-ppi,694,0.023948881813767642,1.0
all,0.1800,cross-ppi,695,0.023415579092182948,1.0
all,0.1800,cross-ppi,696,0.024354905414398775,1.0
all,0.1800,cross-ppi,697,0.023814623865169526,1.0
all,0.1800,cross-ppi,698,0.024187826055843464,1.0
all,0.1800,cross-ppi,699,0.024083990574343295,1.0
all,0.1800,cross-ppi,700,0.024309899759259873,1.0
all,0.1800,cross-ppi,701,0.023317486119711406,1.0
all,0.1800,cross-ppi,702,0.023759694333255615,1.0
all,0.1800,cross-ppi,703,0.023607579938214385,1.0
all,0.1800,cross-ppi,704,0.02308910310402157,1.0
all,0.1800,cross-ppi,705,0.023622795661767504,1.0
all,0.1800,cross-ppi,706,0.023979367489175285,1.0
all,0.1800,cross-ppi,707,0.023649946214813006,1.0
all,0.1800,cross-ppi,708,0.02404313371009384,1.0
all,0.1800,cross-ppi,709,0.023636197703655965,1.0
all,0.1800,cross-ppi,710,0.024498404255306805,1.0
all,0.1800,cross-ppi,711,0.023326162790590188,1.0
all,0.1800,cross-ppi,712,0.024041876500675657,1.0
all,0.1800,cross-ppi,713,0.02280145328860897,1.0
all,0.1800,cross-ppi,714,0.024697081418995404,1.0
all,0.1800,cross-ppi,715,0.02344812413871225,1.0
all,0.1800,cross-ppi,716,0.02333104700182198,1.0
all,0.1800,cross-ppi,717,0.02406873825884681,1.0
all,0.1800,cross-ppi,718,0.023503871047749536,1.0
all,0.1800,cross-ppi,719,0.02333695732782126,1.0
all,0.1800,cross-ppi,720,0.02391984659097532,1.0
all,0.1800,cross-ppi,721,0.023147088327323928,1.0
all,0.1800,cross-ppi,722,0.023968811841386328,1.0
all,0.1800,cross-ppi,723,0.02418159382730467,1.0
all,0.1800,cross-ppi,724,0.023874932083464584,1.0
all,0.1800,cross-ppi,725,0.02345385233024158,1.0
all,0.1800,cross-ppi,726,0.024561208075301155,1.0
all,0.1800,cross-ppi,727,0.02369786494235704,1.0
all,0.1800,cross-ppi,728,0.023852958631882054,1.0
all,0.1800,cross-ppi,729,0.02480974276863057,1.0
all,0.1800,cross-ppi,730,0.023602146139650587,1.0
all,0.1800,cross-ppi,731,0.02348492426843818,1.0
all,0.1800,cross-ppi,732,0.024330629152589295,1.0
all,0.1800,cross-ppi,733,0.02373310122938263,1.0
all,0.1800,cross-ppi,734,0.023190103751050323,1.0
all,0.1800,cross-ppi,735,0.023203438881709726,1.0
all,0.1800,cross-ppi,736,0.023956567278875296,1.0
all,0.1800,cross-ppi,737,0.023648035556177227,1.0
all,0.1800,cross-ppi,738,0.024227217742836316,1.0
all,0.1800,cross-ppi,739,0.023657140599209536,1.0
all,0.1800,cross-ppi,740,0.023868671816944548,1.0
all,0.1800,cross-ppi,741,0.024101720023762346,1.0
all,0.1800,cross-ppi,742,0.024113799731913327,1.0
all,0.1800,cross-ppi,743,0.022502425677001697,1.0
all,0.1800,cross-ppi,744,0.023382355628102647,1.0
all,0.1800,cross-ppi,745,0.0242144190468134,1.0
all,0.1800,cross-ppi,746,0.023756447886597143,1.0
all,0.1800,cross-ppi,747,0.024120852827934747,1.0
all,0.1800,cross-ppi,748,0.02385858403417862,1.0
all,0.1800,cross-ppi,749,0.023371993248188616,1.0
all,0.1800,cross-ppi,750,0.02388266835915498,1.0
all,0.1800,cross-ppi,751,0.024414370513578115,1.0
all,0.1800,cross-ppi,752,0.02314891663746732,1.0
all,0.1800,cross-ppi,753,0.023939737044541665,1.0
all,0.1800,cross-ppi,754,0.02415498763773405,1.0
all,0.1800,cross-ppi,755,0.02391757778820147,1.0
all,0.1800,cross-ppi,756,0.024016238366277948,1.0
all,0.1800,cross-ppi,757,0.02417665980393957,1.0
all,0.1800,cross-ppi,758,0.02382557919737438,1.0
all,0.1800,cross-ppi,759,0.024345138366752672,1.0
all,0.1800,cross-ppi,760,0.023882268691582803,1.0
all,0.1800,cross-ppi,761,0.023199843377880197,1.0
all,0.1800,cross-ppi,762,0.023885106409378826,1.0
all,0.1800,cross-ppi,763,0.02388566371019185,1.0
all,0.1800,cross-ppi,764,0.02409132491729038,1.0
all,0.1800,cross-ppi,765,0.023720180782704908,1.0
all,0.1800,cross-ppi,766,0.023724577445328382,1.0
all,0.1800,cross-ppi,767,0.023735369138819795,1.0
all,0.1800,cross-ppi,768,0.023652454028732534,1.0
all,0.1800,cross-ppi,769,0.02384288074433935,1.0
all,0.1800,cross-ppi,770,0.02401038211424744,1.0
all,0.1800,cross-ppi,771,0.02376382354662332,1.0
all,0.1800,cross-ppi,772,0.023863559883274932,1.0
all,0.1800,cross-ppi,773,0.024472897588435183,1.0
all,0.1800,cross-ppi,774,0.023316941804771285,1.0
all,0.1800,cross-ppi,775,0.023835887832254543,1.0
all,0.1800,cross-ppi,776,0.024134462240497423,1.0
all,0.1800,cross-ppi,777,0.02375339419672093,1.0
all,0.1800,cross-ppi,778,0.024230855639574056,1.0
all,0.1800,cross-ppi,779,0.024039898359755174,1.0
all,0.1800,cross-ppi,780,0.023981644987509654,1.0
all,0.1800,cross-ppi,781,0.02424360884567367,1.0
all,0.1800,cross-ppi,782,0.024038760659023217,1.0
all,0.1800,cross-ppi,783,0.024178426480560566,1.0
all,0.1800,cross-ppi,784,0.02393847551148079,1.0
all,0.1800,cross-ppi,785,0.0238037644242598,1.0
all,0.1800,cross-ppi,786,0.024261961869524007,1.0
all,0.1800,cross-ppi,787,0.024191910136286493,1.0
all,0.1800,cross-ppi,788,0.023833087407695408,1.0
all,0.1800,cross-ppi,789,0.02401956743434852,1.0
all,0.1800,cross-ppi,790,0.023534286866762177,1.0
all,0.1800,cross-ppi,791,0.023182534363315632,1.0
all,0.1800,cross-ppi,792,0.023591220810296326,1.0
all,0.1800,cross-ppi,793,0.02404046723724329,1.0
all,0.1800,cross-ppi,794,0.023909793057797085,1.0
all,0.1800,cross-ppi,795,0.023792141124350907,1.0
all,0.1800,cross-ppi,796,0.023720310012058515,1.0
all,0.1800,cross-ppi,797,0.023945063013822487,1.0
all,0.1800,cross-ppi,798,0.024239532985619094,1.0
all,0.1800,cross-ppi,799,0.02408178134714145,1.0
all,0.1800,cross-ppi,800,0.02371132136224463,1.0
all,0.1800,cross-ppi,801,0.023669298545985984,1.0
all,0.1800,cross-ppi,802,0.02366736917075507,1.0
all,0.1800,cross-ppi,803,0.023697125716473866,1.0
all,0.1800,cross-ppi,804,0.0238669560524829,1.0
all,0.1800,cross-ppi,805,0.023828898077994015,1.0
all,0.1800,cross-ppi,806,0.023261309329603713,1.0
all,0.1800,cross-ppi,807,0.02368715478081207,1.0
all,0.1800,cross-ppi,808,0.023559973505096976,1.0
all,0.1800,cross-ppi,809,0.02363020611827102,1.0
all,0.1800,cross-ppi,810,0.02342941296618206,1.0
all,0.1800,cross-ppi,811,0.02354406417819699,0.0
all,0.1800,cross-ppi,812,0.02357169965901651,1.0
all,0.1800,cross-ppi,813,0.02393288398668711,1.0
all,0.1800,cross-ppi,814,0.023927652540173594,1.0
all,0.1800,cross-ppi,815,0.0234495666304656,1.0
all,0.1800,cross-ppi,816,0.023939737506883246,1.0
all,0.1800,cross-ppi,817,0.023263665522082033,1.0
all,0.1800,cross-ppi,818,0.02335959851327818,1.0
all,0.1800,cross-ppi,819,0.023983332524848966,1.0
all,0.1800,cross-ppi,820,0.023413706080187113,1.0
all,0.1800,cross-ppi,821,0.023980658451976583,1.0
all,0.1800,cross-ppi,822,0.024069990840899447,1.0
all,0.1800,cross-ppi,823,0.024019133413626936,1.0
all,0.1800,cross-ppi,824,0.023506951737774617,1.0
all,0.1800,cross-ppi,825,0.023386553667566673,1.0
all,0.1800,cross-ppi,826,0.023700551307321516,1.0
all,0.1800,cross-ppi,827,0.023754031140277965,1.0
all,0.1800,cross-ppi,828,0.02356644208043912,1.0
all,0.1800,cross-ppi,829,0.023206454320109482,1.0
all,0.1800,cross-ppi,830,0.023827782337297765,1.0
all,0.1800,cross-ppi,831,0.024247297720122907,1.0
all,0.1800,cross-ppi,832,0.024083240984233534,1.0
all,0.1800,cross-ppi,833,0.023101296925425202,1.0
all,0.1800,cross-ppi,834,0.023369442756145276,1.0
all,0.1800,cross-ppi,835,0.023676101842141195,1.0
all,0.1800,cross-ppi,836,0.02440407280559878,1.0
all,0.1800,cross-ppi,837,0.023689222169808843,0.0
all,0.1800,cross-ppi,838,0.023262946976404075,1.0
all,0.1800,cross-ppi,839,0.023965655243298634,1.0
all,0.1800,cross-ppi,840,0.023687536101837187,1.0
all,0.1800,cross-ppi,841,0.023799200359035377,1.0
all,0.1800,cross-ppi,842,0.023476590497155336,1.0
all,0.1800,cross-ppi,843,0.023388492121923427,1.0
all,0.1800,cross-ppi,844,0.024000940155475353,1.0
all,0.1800,cross-ppi,845,0.024083495841227154,1.0
all,0.1800,cross-ppi,846,0.02411173979907999,1.0
all,0.1800,cross-ppi,847,0.02312694282001629,0.0
all,0.1800,cross-ppi,848,0.024028367205701118,1.0
all,0.1800,cross-ppi,849,0.023414769009613784,1.0
all,0.1800,cross-ppi,850,0.023784364734323576,1.0
all,0.1800,cross-ppi,851,0.023637341668467315,1.0
all,0.1800,cross-ppi,852,0.023741625155871304,1.0
all,0.1800,cross-ppi,853,0.024334247606624504,1.0
all,0.1800,cross-ppi,854,0.023634348851047537,1.0
all,0.1800,cross-ppi,855,0.023821605129927564,1.0
all,0.1800,cross-ppi,856,0.023525800364139565,1.0
all,0.1800,cross-ppi,857,0.023578325125185762,1.0
all,0.1800,cross-ppi,858,0.023504383032515674,1.0
all,0.1800,cross-ppi,859,0.023977190308484303,1.0
all,0.1800,cross-ppi,860,0.023992052158575167,1.0
all,0.1800,cross-ppi,861,0.02436548219852444,1.0
all,0.1800,cross-ppi,862,0.024417772663487214,1.0
all,0.1800,cross-ppi,863,0.023408847531405153,1.0
all,0.1800,cross-ppi,864,0.023950232557989254,1.0
all,0.1800,cross-ppi,865,0.02374791130273332,1.0
all,0.1800,cross-ppi,866,0.023374754606153486,1.0
all,0.1800,cross-ppi,867,0.02388278389166698,1.0
all,0.1800,cross-ppi,868,0.02391851900662678,1.0
all,0.1800,cross-ppi,869,0.024502565011694455,1.0
all,0.1800,cross-ppi,870,0.023894166601947542,1.0
all,0.1800,cross-ppi,871,0.023213311632355516,1.0
all,0.1800,cross-ppi,872,0.023376773852245458,1.0
all,0.1800,cross-ppi,873,0.02411635191431738,1.0
all,0.1800,cross-ppi,874,0.023936299811389783,1.0
all,0.1800,cross-ppi,875,0.024128690225360905,1.0
all,0.1800,cross-ppi,876,0.02421025147877784,1.0
all,0.1800,cross-ppi,877,0.024147028985924246,1.0
all,0.1800,cross-ppi,878,0.023272681691735575,1.0
all,0.1800,cross-ppi,879,0.0240258645362299,1.0
all,0.1800,cross-ppi,880,0.024218271763623678,1.0
all,0.1800,cross-ppi,881,0.02368382663854729,1.0
all,0.1800,cross-ppi,882,0.023345583568574524,1.0
all,0.1800,cross-ppi,883,0.02375686781544062,1.0
all,0.1800,cross-ppi,884,0.02410228590522767,1.0
all,0.1800,cross-ppi,885,0.02358715687132784,1.0
all,0.1800,cross-ppi,886,0.0238914207419334,1.0
all,0.1800,cross-ppi,887,0.023992820332185527,1.0
all,0.1800,cross-ppi,888,0.02416383980000869,1.0
all,0.1800,cross-ppi,889,0.024117684696943198,1.0
all,0.1800,cross-ppi,890,0.023628890417850212,1.0
all,0.1800,cross-ppi,891,0.024151122203671438,1.0
all,0.1800,cross-ppi,892,0.023590926383295824,1.0
all,0.1800,cross-ppi,893,0.023871171395158486,1.0
all,0.1800,cross-ppi,894,0.023640832103027892,1.0
all,0.1800,cross-ppi,895,0.023578987138473645,1.0
all,0.1800,cross-ppi,896,0.024038242997772685,1.0
all,0.1800,cross-ppi,897,0.023417097693587213,1.0
all,0.1800,cross-ppi,898,0.024042850574060748,1.0
all,0.1800,cross-ppi,899,0.024076812859199964,1.0
all,0.1800,cross-ppi,900,0.023508093774533667,1.0
all,0.1800,cross-ppi,901,0.024144768178615106,1.0
all,0.1800,cross-ppi,902,0.023950856817613914,1.0
all,0.1800,cross-ppi,903,0.023975174067458194,1.0
all,0.1800,cross-ppi,904,0.022998440803469272,1.0
all,0.1800,cross-ppi,905,0.023970630241934354,1.0
all,0.1800,cross-ppi,906,0.02317612138295133,1.0
all,0.1800,cross-ppi,907,0.024145687458847376,1.0
all,0.1800,cross-ppi,908,0.02294893073526061,1.0
all,0.1800,cross-ppi,909,0.02381574385624327,1.0
all,0.1800,cross-ppi,910,0.024209464411336673,1.0
all,0.1800,cross-ppi,911,0.02390281452518117,1.0
all,0.1800,cross-ppi,912,0.023674440076752012,1.0
all,0.1800,cross-ppi,913,0.023480348219824698,1.0
all,0.1800,cross-ppi,914,0.0237552479973564,1.0
all,0.1800,cross-ppi,915,0.02436618400019086,1.0
all,0.1800,cross-ppi,916,0.023846589696754572,1.0
all,0.1800,cross-ppi,917,0.023689832028081864,1.0
all,0.1800,cross-ppi,918,0.02419878674826237,1.0
all,0.1800,cross-ppi,919,0.023780379350094583,1.0
all,0.1800,cross-ppi,920,0.024061795155646326,1.0
all,0.1800,cross-ppi,921,0.024144272029901326,1.0
all,0.1800,cross-ppi,922,0.023796398003217978,1.0
all,0.1800,cross-ppi,923,0.02355697058834494,1.0
all,0.1800,cross-ppi,924,0.023152362846836416,1.0
all,0.1800,cross-ppi,925,0.023214142007642713,1.0
all,0.1800,cross-ppi,926,0.0236419514365159,1.0
all,0.1800,cross-ppi,927,0.023780348179919697,1.0
all,0.1800,cross-ppi,928,0.023716860950941027,1.0
all,0.1800,cross-ppi,929,0.023901368623880925,1.0
all,0.1800,cross-ppi,930,0.023136625371304675,1.0
all,0.1800,cross-ppi,931,0.023700620460356037,1.0
all,0.1800,cross-ppi,932,0.024311973413142507,1.0
all,0.1800,cross-ppi,933,0.0239354171882058,1.0
all,0.1800,cross-ppi,934,0.023882164974278086,1.0
all,0.1800,cross-ppi,935,0.023690480017689586,1.0
all,0.1800,cross-ppi,936,0.0238099077449678,1.0
all,0.1800,cross-ppi,937,0.023872692801235385,1.0
all,0.1800,cross-ppi,938,0.023980648446224606,1.0
all,0.1800,cross-ppi,939,0.023483141016023862,1.0
all,0.1800,cross-ppi,940,0.023306643813481548,1.0
all,0.1800,cross-ppi,941,0.02402160279791421,1.0
all,0.1800,cross-ppi,942,0.02425855653128428,0.0
all,0.1800,cross-ppi,943,0.02335871627078387,1.0
all,0.1800,cross-ppi,944,0.02339771720177189,1.0
all,0.1800,cross-ppi,945,0.02354962022487328,1.0
all,0.1800,cross-ppi,946,0.024009129070746676,1.0
all,0.1800,cross-ppi,947,0.02382219662387719,1.0
all,0.1800,cross-ppi,948,0.023493815602414925,1.0
all,0.1800,cross-ppi,949,0.023835717321821548,1.0
all,0.1800,cross-ppi,950,0.024340621635388526,1.0
all,0.1800,cross-ppi,951,0.024010360949960674,1.0
all,0.1800,cross-ppi,952,0.023536818659494335,1.0
all,0.1800,cross-ppi,953,0.02339825278081134,1.0
all,0.1800,cross-ppi,954,0.023718120690748523,1.0
all,0.1800,cross-ppi,955,0.02336926781967441,1.0
all,0.1800,cross-ppi,956,0.02324613775020057,1.0
all,0.1800,cross-ppi,957,0.02357528649715826,0.0
all,0.1800,cross-ppi,958,0.023563830697129556,1.0
all,0.1800,cross-ppi,959,0.023173886177690672,0.0
all,0.1800,cross-ppi,960,0.024482387138679673,1.0
all,0.1800,cross-ppi,961,0.024119027602512166,1.0
all,0.1800,cross-ppi,962,0.023781285441537237,1.0
all,0.1800,cross-ppi,963,0.023664962140473644,1.0
all,0.1800,cross-ppi,964,0.023396897624533675,1.0
all,0.1800,cross-ppi,965,0.02416020229438587,1.0
all,0.1800,cross-ppi,966,0.023569155223952393,1.0
all,0.1800,cross-ppi,967,0.023651198615421754,1.0
all,0.1800,cross-ppi,968,0.023726318995926116,1.0
all,0.1800,cross-ppi,969,0.02404687719014298,1.0
all,0.1800,cross-ppi,970,0.02389754251047116,1.0
all,0.1800,cross-ppi,971,0.023799186273270267,1.0
all,0.1800,cross-ppi,972,0.02365951182202075,1.0
all,0.1800,cross-ppi,973,0.02359341722463723,1.0
all,0.1800,cross-ppi,974,0.02368323865063493,1.0
all,0.1800,cross-ppi,975,0.023106691703949078,1.0
all,0.1800,cross-ppi,976,0.023645719238266194,1.0
all,0.1800,cross-ppi,977,0.023789691831163307,1.0
all,0.1800,cross-ppi,978,0.02330628987762115,1.0
all,0.1800,cross-ppi,979,0.02351580553088592,1.0
all,0.1800,cross-ppi,980,0.0236326291264074,1.0
all,0.1800,cross-ppi,981,0.023568615455380387,1.0
all,0.1800,cross-ppi,982,0.02412659621357449,1.0
all,0.1800,cross-ppi,983,0.02390868621929565,1.0
all,0.1800,cross-ppi,984,0.023705373378430844,1.0
all,0.1800,cross-ppi,985,0.024114411672595343,1.0
all,0.1800,cross-ppi,986,0.02347479681700762,1.0
all,0.1800,cross-ppi,987,0.023444521311615563,1.0
all,0.1800,cross-ppi,988,0.02349051872179253,1.0
all,0.1800,cross-ppi,989,0.023439254633865203,1.0
all,0.1800,cross-ppi,990,0.024061229897394787,1.0
all,0.1800,cross-ppi,991,0.024075935429636347,1.0
all,0.1800,cross-ppi,992,0.023897459362568235,1.0
all,0.1800,cross-ppi,993,0.02461192547024793,1.0
all,0.1800,cross-ppi,994,0.024071763791379874,1.0
all,0.1800,cross-ppi,995,0.023575209072738912,1.0
all,0.1800,cross-ppi,996,0.02378409352793806,1.0
all,0.1800,cross-ppi,997,0.023189010166706242,1.0
all,0.1800,cross-ppi,998,0.02374685220016104,1.0
all,0.1800,cross-ppi,999,0.0236827020695268,1.0
all,0.1900,cross-ppi,666,0.023351352667625364,1.0
all,0.1900,cross-ppi,667,0.023232534604904848,1.0
all,0.1900,cross-ppi,668,0.023235806709300727,1.0
all,0.1900,cross-ppi,669,0.023322961584857554,1.0
all,0.1900,cross-ppi,670,0.023493558249731983,1.0
all,0.1900,cross-ppi,671,0.02338496223950981,1.0
all,0.1900,cross-ppi,672,0.023323929144926397,1.0
all,0.1900,cross-ppi,673,0.023970181283644282,1.0
all,0.1900,cross-ppi,674,0.022887107663443707,1.0
all,0.1900,cross-ppi,675,0.023387013177095906,1.0
all,0.1900,cross-ppi,676,0.023723680613014664,1.0
all,0.1900,cross-ppi,677,0.02326092185267034,1.0
all,0.1900,cross-ppi,678,0.02374540948143533,1.0
all,0.1900,cross-ppi,679,0.0234972713092928,1.0
all,0.1900,cross-ppi,680,0.02344248646569458,1.0
all,0.1900,cross-ppi,681,0.0237552522861513,1.0
all,0.1900,cross-ppi,682,0.023487336604341436,1.0
all,0.1900,cross-ppi,683,0.023580719290255403,1.0
all,0.1900,cross-ppi,684,0.023574507453648752,1.0
all,0.1900,cross-ppi,685,0.023272832912898722,1.0
all,0.1900,cross-ppi,686,0.023672742138270392,1.0
all,0.1900,cross-ppi,687,0.02385120119020334,1.0
all,0.1900,cross-ppi,688,0.023451208555553937,1.0
all,0.1900,cross-ppi,689,0.02354089656109659,1.0
all,0.1900,cross-ppi,690,0.023026469309004316,1.0
all,0.1900,cross-ppi,691,0.022773538184903436,1.0
all,0.1900,cross-ppi,692,0.023176575698227064,1.0
all,0.1900,cross-ppi,693,0.023546579546686375,1.0
all,0.1900,cross-ppi,694,0.023476697252487466,1.0
all,0.1900,cross-ppi,695,0.023154268785523735,1.0
all,0.1900,cross-ppi,696,0.023298574560410096,1.0
all,0.1900,cross-ppi,697,0.023488503644836345,1.0
all,0.1900,cross-ppi,698,0.023771721643645938,1.0
all,0.1900,cross-ppi,699,0.02360528695451458,1.0
all,0.1900,cross-ppi,700,0.023253593265282896,1.0
all,0.1900,cross-ppi,701,0.02331194304266307,1.0
all,0.1900,cross-ppi,702,0.02325101426827636,1.0
all,0.1900,cross-ppi,703,0.023210918623700033,1.0
all,0.1900,cross-ppi,704,0.023383310181236044,1.0
all,0.1900,cross-ppi,705,0.023440748538981898,1.0
all,0.1900,cross-ppi,706,0.022805360823984655,1.0
all,0.1900,cross-ppi,707,0.023284065329826187,1.0
all,0.1900,cross-ppi,708,0.02299680296242143,1.0
all,0.1900,cross-ppi,709,0.023169205827930722,1.0
all,0.1900,cross-ppi,710,0.0228958719125546,1.0
all,0.1900,cross-ppi,711,0.02308580415056727,0.0
all,0.1900,cross-ppi,712,0.02314628054940271,1.0
all,0.1900,cross-ppi,713,0.02340472764783308,1.0
all,0.1900,cross-ppi,714,0.02347096318740116,1.0
all,0.1900,cross-ppi,715,0.02297466694401229,1.0
all,0.1900,cross-ppi,716,0.023525732520783715,1.0
all,0.1900,cross-ppi,717,0.022917941167783895,1.0
all,0.1900,cross-ppi,718,0.022862276914625834,1.0
all,0.1900,cross-ppi,719,0.02351528374203468,1.0
all,0.1900,cross-ppi,720,0.02296393232861063,1.0
all,0.1900,cross-ppi,721,0.02345699215439004,1.0
all,0.1900,cross-ppi,722,0.023522350641495104,1.0
all,0.1900,cross-ppi,723,0.023527910314399048,1.0
all,0.1900,cross-ppi,724,0.023009172598778216,1.0
all,0.1900,cross-ppi,725,0.023014044021356234,1.0
all,0.1900,cross-ppi,726,0.02310447064035237,1.0
all,0.1900,cross-ppi,727,0.023407956976673194,1.0
all,0.1900,cross-ppi,728,0.023185915797283907,1.0
all,0.1900,cross-ppi,729,0.02274178982477204,1.0
all,0.1900,cross-ppi,730,0.02332492956599208,1.0
all,0.1900,cross-ppi,731,0.02355790293884899,1.0
all,0.1900,cross-ppi,732,0.02360218065188749,1.0
all,0.1900,cross-ppi,733,0.022671364100824015,1.0
all,0.1900,cross-ppi,734,0.02281298939853227,1.0
all,0.1900,cross-ppi,735,0.023093089584651394,1.0
all,0.1900,cross-ppi,736,0.023885134003641867,1.0
all,0.1900,cross-ppi,737,0.023198056125991906,0.0
all,0.1900,cross-ppi,738,0.022872907384927865,1.0
all,0.1900,cross-ppi,739,0.023497178631445848,1.0
all,0.1900,cross-ppi,740,0.023182684243074708,1.0
all,0.1900,cross-ppi,741,0.023225717969532073,1.0
all,0.1900,cross-ppi,742,0.022930282991335788,1.0
all,0.1900,cross-ppi,743,0.023008997640490886,1.0
all,0.1900,cross-ppi,744,0.02345888007348662,1.0
all,0.1900,cross-ppi,745,0.023617071554691837,1.0
all,0.1900,cross-ppi,746,0.023594600950191835,1.0
all,0.1900,cross-ppi,747,0.02270678059760367,0.0
all,0.1900,cross-ppi,748,0.023588359667545133,1.0
all,0.1900,cross-ppi,749,0.023053426081702133,1.0
all,0.1900,cross-ppi,750,0.023314469705490254,1.0
all,0.1900,cross-ppi,751,0.023020268416611644,1.0
all,0.1900,cross-ppi,752,0.02327421907648397,1.0
all,0.1900,cross-ppi,753,0.023662059072525832,1.0
all,0.1900,cross-ppi,754,0.023126235835354447,1.0
all,0.1900,cross-ppi,755,0.023277008945793903,1.0
all,0.1900,cross-ppi,756,0.02311998919872571,1.0
all,0.1900,cross-ppi,757,0.023301290958670617,1.0
all,0.1900,cross-ppi,758,0.023256670631333076,1.0
all,0.1900,cross-ppi,759,0.023363318877366646,1.0
all,0.1900,cross-ppi,760,0.023571165494178287,1.0
all,0.1900,cross-ppi,761,0.023804225663698303,1.0
all,0.1900,cross-ppi,762,0.02385011423859551,1.0
all,0.1900,cross-ppi,763,0.022868220462066713,1.0
all,0.1900,cross-ppi,764,0.02339615083536392,1.0
all,0.1900,cross-ppi,765,0.023159568727700613,1.0
all,0.1900,cross-ppi,766,0.022889802052866698,1.0
all,0.1900,cross-ppi,767,0.023237946346142485,1.0
all,0.1900,cross-ppi,768,0.02335012118823987,1.0
all,0.1900,cross-ppi,769,0.02396644230798639,1.0
all,0.1900,cross-ppi,770,0.023425261886183685,1.0
all,0.1900,cross-ppi,771,0.022798526126026286,1.0
all,0.1900,cross-ppi,772,0.022956472077168222,1.0
all,0.1900,cross-ppi,773,0.023710127772202716,1.0
all,0.1900,cross-ppi,774,0.023600119275031667,1.0
all,0.1900,cross-ppi,775,0.02366082569161529,1.0
all,0.1900,cross-ppi,776,0.023702179808658297,1.0
all,0.1900,cross-ppi,777,0.023410600211554417,1.0
all,0.1900,cross-ppi,778,0.022895299046249762,1.0
all,0.1900,cross-ppi,779,0.023687237658548077,1.0
all,0.1900,cross-ppi,780,0.023704848243552123,1.0
all,0.1900,cross-ppi,781,0.023084601400775173,1.0
all,0.1900,cross-ppi,782,0.02302136081044681,1.0
all,0.1900,cross-ppi,783,0.023281191687589825,1.0
all,0.1900,cross-ppi,784,0.023591840060256497,1.0
all,0.1900,cross-ppi,785,0.02314476621249406,1.0
all,0.1900,cross-ppi,786,0.023328296869521536,1.0
all,0.1900,cross-ppi,787,0.023450197637160164,1.0
all,0.1900,cross-ppi,788,0.023623688308096913,1.0
all,0.1900,cross-ppi,789,0.0236044952743657,1.0
all,0.1900,cross-ppi,790,0.02326959861691169,1.0
all,0.1900,cross-ppi,791,0.023635987894496502,1.0
all,0.1900,cross-ppi,792,0.02314439491241893,1.0
all,0.1900,cross-ppi,793,0.0233839128462221,1.0
all,0.1900,cross-ppi,794,0.023128777669520068,1.0
all,0.1900,cross-ppi,795,0.0231928993715437,1.0
all,0.1900,cross-ppi,796,0.023575907959841547,1.0
all,0.1900,cross-ppi,797,0.022855277060537582,1.0
all,0.1900,cross-ppi,798,0.023499177798722015,1.0
all,0.1900,cross-ppi,799,0.023654246901561177,1.0
all,0.1900,cross-ppi,800,0.023006473836167496,1.0
all,0.1900,cross-ppi,801,0.02364771815350375,1.0
all,0.1900,cross-ppi,802,0.02352794662239166,1.0
all,0.1900,cross-ppi,803,0.023481384876537836,1.0
all,0.1900,cross-ppi,804,0.02256791321384985,1.0
all,0.1900,cross-ppi,805,0.0234276360961978,1.0
all,0.1900,cross-ppi,806,0.02278849773277261,1.0
all,0.1900,cross-ppi,807,0.023651004604738568,1.0
all,0.1900,cross-ppi,808,0.02258159977571972,1.0
all,0.1900,cross-ppi,809,0.023355161679667696,1.0
all,0.1900,cross-ppi,810,0.023743815586686173,1.0
all,0.1900,cross-ppi,811,0.023434704836550413,1.0
all,0.1900,cross-ppi,812,0.02320715793453565,1.0
all,0.1900,cross-ppi,813,0.023130194276537064,1.0
all,0.1900,cross-ppi,814,0.023370813144991565,1.0
all,0.1900,cross-ppi,815,0.023852819362499833,1.0
all,0.1900,cross-ppi,816,0.023207222911200698,1.0
all,0.1900,cross-ppi,817,0.022930941443517677,1.0
all,0.1900,cross-ppi,818,0.02374549579908536,1.0
all,0.1900,cross-ppi,819,0.02330651228139613,1.0
all,0.1900,cross-ppi,820,0.023574154636397227,1.0
all,0.1900,cross-ppi,821,0.02358613595576864,1.0
all,0.1900,cross-ppi,822,0.02326821649697819,1.0
all,0.1900,cross-ppi,823,0.02305851069651818,1.0
all,0.1900,cross-ppi,824,0.022621183616601176,1.0
all,0.1900,cross-ppi,825,0.022719671833709904,1.0
all,0.1900,cross-ppi,826,0.023066631270054594,1.0
all,0.1900,cross-ppi,827,0.023268885497098712,1.0
all,0.1900,cross-ppi,828,0.02341915186690824,1.0
all,0.1900,cross-ppi,829,0.02331604334925283,1.0
all,0.1900,cross-ppi,830,0.022786612914827115,1.0
all,0.1900,cross-ppi,831,0.023180971363600755,1.0
all,0.1900,cross-ppi,832,0.023676870501464164,1.0
all,0.1900,cross-ppi,833,0.02342485698746899,1.0
all,0.1900,cross-ppi,834,0.023421870914490994,1.0
all,0.1900,cross-ppi,835,0.02328264210147235,1.0
all,0.1900,cross-ppi,836,0.023352606566037548,1.0
all,0.1900,cross-ppi,837,0.023408404568917685,1.0
all,0.1900,cross-ppi,838,0.02361444628655296,1.0
all,0.1900,cross-ppi,839,0.02289811190572877,1.0
all,0.1900,cross-ppi,840,0.023021422301001432,1.0
all,0.1900,cross-ppi,841,0.023328419341617695,1.0
all,0.1900,cross-ppi,842,0.023945238147221493,0.0
all,0.1900,cross-ppi,843,0.022989742294155402,1.0
all,0.1900,cross-ppi,844,0.022950981817415173,1.0
all,0.1900,cross-ppi,845,0.023185733230313033,1.0
all,0.1900,cross-ppi,846,0.023432037018319307,1.0
all,0.1900,cross-ppi,847,0.023382229713275082,1.0
all,0.1900,cross-ppi,848,0.022984469394291773,1.0
all,0.1900,cross-ppi,849,0.02344066293547431,1.0
all,0.1900,cross-ppi,850,0.02387390402381273,1.0
all,0.1900,cross-ppi,851,0.023383336858855852,1.0
all,0.1900,cross-ppi,852,0.023089282898250546,1.0
all,0.1900,cross-ppi,853,0.022897675545145768,1.0
all,0.1900,cross-ppi,854,0.023239909614945348,1.0
all,0.1900,cross-ppi,855,0.022910945161255247,1.0
all,0.1900,cross-ppi,856,0.022833930780332246,1.0
all,0.1900,cross-ppi,857,0.02304811243109825,0.0
all,0.1900,cross-ppi,858,0.023138577754528017,1.0
all,0.1900,cross-ppi,859,0.02273901436167103,0.0
all,0.1900,cross-ppi,860,0.02399163579844099,1.0
all,0.1900,cross-ppi,861,0.023568835920036335,1.0
all,0.1900,cross-ppi,862,0.02328468459846042,1.0
all,0.1900,cross-ppi,863,0.02310232603523621,1.0
all,0.1900,cross-ppi,864,0.02303553920554302,1.0
all,0.1900,cross-ppi,865,0.0235457071066717,1.0
all,0.1900,cross-ppi,866,0.023204923086998702,1.0
all,0.1900,cross-ppi,867,0.023286560174475612,1.0
all,0.1900,cross-ppi,868,0.023149479588363775,1.0
all,0.1900,cross-ppi,869,0.02362998132112304,1.0
all,0.1900,cross-ppi,870,0.023530610575506872,1.0
all,0.1900,cross-ppi,871,0.023308007647086543,1.0
all,0.1900,cross-ppi,872,0.02332918632536285,1.0
all,0.1900,cross-ppi,873,0.023194963749568337,1.0
all,0.1900,cross-ppi,874,0.02332318178062967,1.0
all,0.1900,cross-ppi,875,0.02271684746609104,1.0
all,0.1900,cross-ppi,876,0.02304512322103111,1.0
all,0.1900,cross-ppi,877,0.023467158447196268,1.0
all,0.1900,cross-ppi,878,0.02293395603798476,1.0
all,0.1900,cross-ppi,879,0.023049076485271408,1.0
all,0.1900,cross-ppi,880,0.023171339395631874,1.0
all,0.1900,cross-ppi,881,0.023134271951975705,1.0
all,0.1900,cross-ppi,882,0.023586768833910532,1.0
all,0.1900,cross-ppi,883,0.023407612727826987,1.0
all,0.1900,cross-ppi,884,0.02318849422801747,1.0
all,0.1900,cross-ppi,885,0.023629536763350445,1.0
all,0.1900,cross-ppi,886,0.02295709041832747,1.0
all,0.1900,cross-ppi,887,0.02307904682380746,1.0
all,0.1900,cross-ppi,888,0.023286060766132377,1.0
all,0.1900,cross-ppi,889,0.023029563262855074,1.0
all,0.1900,cross-ppi,890,0.023677033534952097,1.0
all,0.1900,cross-ppi,891,0.02352823099085019,1.0
all,0.1900,cross-ppi,892,0.023493801377889006,1.0
all,0.1900,cross-ppi,893,0.024042276129187634,1.0
all,0.1900,cross-ppi,894,0.023559673312156026,1.0
all,0.1900,cross-ppi,895,0.02304471734570976,1.0
all,0.1900,cross-ppi,896,0.023230176854045048,1.0
all,0.1900,cross-ppi,897,0.02290643831252015,1.0
all,0.1900,cross-ppi,898,0.023363772257536386,1.0
all,0.1900,cross-ppi,899,0.023200677277488646,1.0
all,0.1900,cross-ppi,900,0.023160858676667395,1.0
all,0.1900,cross-ppi,901,0.023374167070726592,1.0
all,0.1900,cross-ppi,902,0.022857862935196982,1.0
all,0.1900,cross-ppi,903,0.023230029877827435,1.0
all,0.1900,cross-ppi,904,0.023603160409691987,1.0
all,0.1900,cross-ppi,905,0.023852958518448042,1.0
all,0.1900,cross-ppi,906,0.023463259455558466,1.0
all,0.1900,cross-ppi,907,0.023935469021399536,1.0
all,0.1900,cross-ppi,908,0.023648331421191604,1.0
all,0.1900,cross-ppi,909,0.023488745684447282,1.0
all,0.1900,cross-ppi,910,0.023229264647041337,1.0
all,0.1900,cross-ppi,911,0.02339801701592903,1.0
all,0.1900,cross-ppi,912,0.02352296427130207,1.0
all,0.1900,cross-ppi,913,0.023318239666748175,1.0
all,0.1900,cross-ppi,914,0.023766280425356334,1.0
all,0.1900,cross-ppi,915,0.0237098450099468,1.0
all,0.1900,cross-ppi,916,0.02322745415435512,1.0
all,0.1900,cross-ppi,917,0.023264965399825394,1.0
all,0.1900,cross-ppi,918,0.023201699636560574,1.0
all,0.1900,cross-ppi,919,0.022867188154945678,1.0
all,0.1900,cross-ppi,920,0.023031968670032293,1.0
all,0.1900,cross-ppi,921,0.023788747856665488,1.0
all,0.1900,cross-ppi,922,0.02325421873854014,1.0
all,0.1900,cross-ppi,923,0.023325323467110054,1.0
all,0.1900,cross-ppi,924,0.02348940561227786,1.0
all,0.1900,cross-ppi,925,0.02347261343473883,1.0
all,0.1900,cross-ppi,926,0.023727633738053283,1.0
all,0.1900,cross-ppi,927,0.02330915980687784,1.0
all,0.1900,cross-ppi,928,0.023549602440468664,1.0
all,0.1900,cross-ppi,929,0.023654148897428562,1.0
all,0.1900,cross-ppi,930,0.023331241829834815,1.0
all,0.1900,cross-ppi,931,0.023329877334353766,1.0
all,0.1900,cross-ppi,932,0.023807876070068956,1.0
all,0.1900,cross-ppi,933,0.02277711025179152,1.0
all,0.1900,cross-ppi,934,0.023275784332961375,1.0
all,0.1900,cross-ppi,935,0.023160178788756897,1.0
all,0.1900,cross-ppi,936,0.023222618283229246,0.0
all,0.1900,cross-ppi,937,0.023523905657280242,1.0
all,0.1900,cross-ppi,938,0.023775967437377643,0.0
all,0.1900,cross-ppi,939,0.023217895709155223,1.0
all,0.1900,cross-ppi,940,0.023552972575283215,1.0
all,0.1900,cross-ppi,941,0.023846639025466493,1.0
all,0.1900,cross-ppi,942,0.023081248375314917,1.0
all,0.1900,cross-ppi,943,0.023464570344439162,1.0
all,0.1900,cross-ppi,944,0.023346789941292356,1.0
all,0.1900,cross-ppi,945,0.023175671585330404,1.0
all,0.1900,cross-ppi,946,0.023401926811661533,1.0
all,0.1900,cross-ppi,947,0.023429204276375848,1.0
all,0.1900,cross-ppi,948,0.02286181206654947,1.0
all,0.1900,cross-ppi,949,0.023141840955681503,1.0
all,0.1900,cross-ppi,950,0.0232135921273543,1.0
all,0.1900,cross-ppi,951,0.02286727314564596,1.0
all,0.1900,cross-ppi,952,0.02328307059244783,1.0
all,0.1900,cross-ppi,953,0.023609512499277452,1.0
all,0.1900,cross-ppi,954,0.02276078578038343,1.0
all,0.1900,cross-ppi,955,0.02349916328279944,1.0
all,0.1900,cross-ppi,956,0.023649591671025205,1.0
all,0.1900,cross-ppi,957,0.023801020611587176,1.0
all,0.1900,cross-ppi,958,0.023650764083729764,1.0
all,0.1900,cross-ppi,959,0.023903300378229936,1.0
all,0.1900,cross-ppi,960,0.02342107827030901,1.0
all,0.1900,cross-ppi,961,0.023273115151958845,1.0
all,0.1900,cross-ppi,962,0.02327038130970205,1.0
all,0.1900,cross-ppi,963,0.02313783793554336,1.0
all,0.1900,cross-ppi,964,0.02321392931504887,1.0
all,0.1900,cross-ppi,965,0.023230718356859165,1.0
all,0.1900,cross-ppi,966,0.023147072359709697,1.0
all,0.1900,cross-ppi,967,0.023494084100490392,1.0
all,0.1900,cross-ppi,968,0.023479435059375026,1.0
all,0.1900,cross-ppi,969,0.022991951123706916,1.0
all,0.1900,cross-ppi,970,0.023455579535470283,1.0
all,0.1900,cross-ppi,971,0.023369724160011485,1.0
all,0.1900,cross-ppi,972,0.022875302304722817,1.0
all,0.1900,cross-ppi,973,0.023486587399539904,1.0
all,0.1900,cross-ppi,974,0.0230997395701468,1.0
all,0.1900,cross-ppi,975,0.02302277866460667,1.0
all,0.1900,cross-ppi,976,0.023736806835355617,1.0
all,0.1900,cross-ppi,977,0.023581531267077627,1.0
all,0.1900,cross-ppi,978,0.02330730984497642,1.0
all,0.1900,cross-ppi,979,0.023225160396481287,1.0
all,0.1900,cross-ppi,980,0.023718302431142035,1.0
all,0.1900,cross-ppi,981,0.024070508607225483,1.0
all,0.1900,cross-ppi,982,0.024103082254902986,1.0
all,0.1900,cross-ppi,983,0.023466083078587663,1.0
all,0.1900,cross-ppi,984,0.02331883669993251,1.0
all,0.1900,cross-ppi,985,0.02308560491456846,1.0
all,0.1900,cross-ppi,986,0.02330084594436288,1.0
all,0.1900,cross-ppi,987,0.023702374653621905,1.0
all,0.1900,cross-ppi,988,0.023321288888870223,1.0
all,0.1900,cross-ppi,989,0.02419201852222752,1.0
all,0.1900,cross-ppi,990,0.02338378077130579,1.0
all,0.1900,cross-ppi,991,0.023229868008451726,1.0
all,0.1900,cross-ppi,992,0.0234615781131996,1.0
all,0.1900,cross-ppi,993,0.023215635591614325,1.0
all,0.1900,cross-ppi,994,0.02338000837775614,1.0
all,0.1900,cross-ppi,995,0.023310934946859763,1.0
all,0.1900,cross-ppi,996,0.0236432572007447,1.0
all,0.1900,cross-ppi,997,0.023743350084369563,1.0
all,0.1900,cross-ppi,998,0.023595194930990465,1.0
all,0.1900,cross-ppi,999,0.02329092507544603,1.0
all,0.2000,cross-ppi,666,0.02250518765378795,1.0
all,0.2000,cross-ppi,667,0.022738580882392112,1.0
all,0.2000,cross-ppi,668,0.023089732567720955,1.0
all,0.2000,cross-ppi,669,0.023434550129457388,1.0
all,0.2000,cross-ppi,670,0.0231259546224577,1.0
all,0.2000,cross-ppi,671,0.02248832465208625,1.0
all,0.2000,cross-ppi,672,0.022448613807115797,1.0
all,0.2000,cross-ppi,673,0.023180510712063507,1.0
all,0.2000,cross-ppi,674,0.02309613449939299,1.0
all,0.2000,cross-ppi,675,0.023161936773088282,1.0
all,0.2000,cross-ppi,676,0.023245892443925387,1.0
all,0.2000,cross-ppi,677,0.023032158013504334,1.0
all,0.2000,cross-ppi,678,0.022444589046289654,1.0
all,0.2000,cross-ppi,679,0.023259549322995232,1.0
all,0.2000,cross-ppi,680,0.023312353411416797,1.0
all,0.2000,cross-ppi,681,0.02265286449587034,1.0
all,0.2000,cross-ppi,682,0.02260197203149117,1.0
all,0.2000,cross-ppi,683,0.02290330077493019,1.0
all,0.2000,cross-ppi,684,0.023198401423793036,1.0
all,0.2000,cross-ppi,685,0.022741691800230224,1.0
all,0.2000,cross-ppi,686,0.022829886285413603,1.0
all,0.2000,cross-ppi,687,0.023160455022198656,1.0
all,0.2000,cross-ppi,688,0.023214111040010144,1.0
all,0.2000,cross-ppi,689,0.023070515550054904,1.0
all,0.2000,cross-ppi,690,0.022816986532114503,1.0
all,0.2000,cross-ppi,691,0.02324545950634771,1.0
all,0.2000,cross-ppi,692,0.02262709185804168,1.0
all,0.2000,cross-ppi,693,0.022877919185514295,1.0
all,0.2000,cross-ppi,694,0.022826156984438017,1.0
all,0.2000,cross-ppi,695,0.02270699636455953,1.0
all,0.2000,cross-ppi,696,0.02314931453941438,1.0
all,0.2000,cross-ppi,697,0.022528535554638962,1.0
all,0.2000,cross-ppi,698,0.02311237131426147,1.0
all,0.2000,cross-ppi,699,0.023266902169941733,1.0
all,0.2000,cross-ppi,700,0.02274072838696581,1.0
all,0.2000,cross-ppi,701,0.023329511911015927,1.0
all,0.2000,cross-ppi,702,0.02314351433907233,1.0
all,0.2000,cross-ppi,703,0.022970242658120726,1.0
all,0.2000,cross-ppi,704,0.022121457352048957,1.0
all,0.2000,cross-ppi,705,0.023008274828257735,1.0
all,0.2000,cross-ppi,706,0.022473233021107375,1.0
all,0.2000,cross-ppi,707,0.02317853901795508,1.0
all,0.2000,cross-ppi,708,0.02230261621665408,1.0
all,0.2000,cross-ppi,709,0.022860828131865518,1.0
all,0.2000,cross-ppi,710,0.02325243859645454,1.0
all,0.2000,cross-ppi,711,0.022957284502185593,1.0
all,0.2000,cross-ppi,712,0.02291111199695464,1.0
all,0.2000,cross-ppi,713,0.022793083121741553,1.0
all,0.2000,cross-ppi,714,0.022963465096279556,1.0
all,0.2000,cross-ppi,715,0.02343463156882586,1.0
all,0.2000,cross-ppi,716,0.022750469279518848,1.0
all,0.2000,cross-ppi,717,0.022566148679572295,1.0
all,0.2000,cross-ppi,718,0.023251265489254824,1.0
all,0.2000,cross-ppi,719,0.02279641497731469,1.0
all,0.2000,cross-ppi,720,0.022988623725285623,1.0
all,0.2000,cross-ppi,721,0.02309719936602972,1.0
all,0.2000,cross-ppi,722,0.022827057018351526,1.0
all,0.2000,cross-ppi,723,0.02268755056052127,1.0
all,0.2000,cross-ppi,724,0.022288248901515928,1.0
all,0.2000,cross-ppi,725,0.022263871867851504,1.0
all,0.2000,cross-ppi,726,0.022701998458167977,1.0
all,0.2000,cross-ppi,727,0.022891490823105043,1.0
all,0.2000,cross-ppi,728,0.023053828110410013,1.0
all,0.2000,cross-ppi,729,0.02299670573450649,1.0
all,0.2000,cross-ppi,730,0.022542561711276582,1.0
all,0.2000,cross-ppi,731,0.02276149883241116,1.0
all,0.2000,cross-ppi,732,0.02329946977737718,1.0
all,0.2000,cross-ppi,733,0.02296188148999978,1.0
all,0.2000,cross-ppi,734,0.022910752863099404,1.0
all,0.2000,cross-ppi,735,0.022947740601074185,1.0
all,0.2000,cross-ppi,736,0.022879795024446148,1.0
all,0.2000,cross-ppi,737,0.022869636059454246,1.0
all,0.2000,cross-ppi,738,0.023172321990557743,1.0
all,0.2000,cross-ppi,739,0.022540149443610158,1.0
all,0.2000,cross-ppi,740,0.022574764080451754,1.0
all,0.2000,cross-ppi,741,0.02303093730891481,1.0
all,0.2000,cross-ppi,742,0.02341652812466677,0.0
all,0.2000,cross-ppi,743,0.022607009740901768,1.0
all,0.2000,cross-ppi,744,0.022608526810098062,1.0
all,0.2000,cross-ppi,745,0.02281185785594242,1.0
all,0.2000,cross-ppi,746,0.023029220574756537,1.0
all,0.2000,cross-ppi,747,0.023035973434752055,1.0
all,0.2000,cross-ppi,748,0.022588096318113537,1.0
all,0.2000,cross-ppi,749,0.02309252737624992,1.0
all,0.2000,cross-ppi,750,0.023357640337885233,1.0
all,0.2000,cross-ppi,751,0.022963926175735727,1.0
all,0.2000,cross-ppi,752,0.02262308203021468,1.0
all,0.2000,cross-ppi,753,0.022538233503367283,1.0
all,0.2000,cross-ppi,754,0.02283627274688982,1.0
all,0.2000,cross-ppi,755,0.022472794693606857,1.0
all,0.2000,cross-ppi,756,0.02253530072622245,1.0
all,0.2000,cross-ppi,757,0.022621327524194573,1.0
all,0.2000,cross-ppi,758,0.022627270923151727,1.0
all,0.2000,cross-ppi,759,0.022330988269275043,1.0
all,0.2000,cross-ppi,760,0.023389066199264175,1.0
all,0.2000,cross-ppi,761,0.02305412588880862,1.0
all,0.2000,cross-ppi,762,0.022777336143464305,1.0
all,0.2000,cross-ppi,763,0.02277151565457991,1.0
all,0.2000,cross-ppi,764,0.02274416701674878,1.0
all,0.2000,cross-ppi,765,0.023052371441080854,1.0
all,0.2000,cross-ppi,766,0.022749103376761837,1.0
all,0.2000,cross-ppi,767,0.022756648842984895,1.0
all,0.2000,cross-ppi,768,0.022704922062699362,1.0
all,0.2000,cross-ppi,769,0.023326888167574777,1.0
all,0.2000,cross-ppi,770,0.022888439935938948,1.0
all,0.2000,cross-ppi,771,0.022671913711174246,1.0
all,0.2000,cross-ppi,772,0.022876336554381926,1.0
all,0.2000,cross-ppi,773,0.022923856638749518,1.0
all,0.2000,cross-ppi,774,0.022880038737922992,1.0
all,0.2000,cross-ppi,775,0.02238391497660419,1.0
all,0.2000,cross-ppi,776,0.022657310528703345,1.0
all,0.2000,cross-ppi,777,0.023005571547697806,1.0
all,0.2000,cross-ppi,778,0.022689657004679814,1.0
all,0.2000,cross-ppi,779,0.022759431487784587,1.0
all,0.2000,cross-ppi,780,0.022936200330118117,1.0
all,0.2000,cross-ppi,781,0.02268417368988615,1.0
all,0.2000,cross-ppi,782,0.02319047670906571,1.0
all,0.2000,cross-ppi,783,0.02298608469900909,1.0
all,0.2000,cross-ppi,784,0.022774871833856514,1.0
all,0.2000,cross-ppi,785,0.023220797072341953,1.0
all,0.2000,cross-ppi,786,0.022481172445509373,1.0
all,0.2000,cross-ppi,787,0.022598194328416032,1.0
all,0.2000,cross-ppi,788,0.022795375573023913,1.0
all,0.2000,cross-ppi,789,0.02253347387730112,1.0
all,0.2000,cross-ppi,790,0.023168286001777894,1.0
all,0.2000,cross-ppi,791,0.02306296531399077,1.0
all,0.2000,cross-ppi,792,0.023215675601263835,1.0
all,0.2000,cross-ppi,793,0.02363952636352884,1.0
all,0.2000,cross-ppi,794,0.02308216317563727,1.0
all,0.2000,cross-ppi,795,0.022652393046135616,1.0
all,0.2000,cross-ppi,796,0.022643054988653738,1.0
all,0.2000,cross-ppi,797,0.022393225235093017,1.0
all,0.2000,cross-ppi,798,0.02299729521114624,1.0
all,0.2000,cross-ppi,799,0.022922185716649834,1.0
all,0.2000,cross-ppi,800,0.02280141698676863,1.0
all,0.2000,cross-ppi,801,0.022885238778449057,1.0
all,0.2000,cross-ppi,802,0.022554211044358202,1.0
all,0.2000,cross-ppi,803,0.022898134192602115,1.0
all,0.2000,cross-ppi,804,0.02305309042986403,1.0
all,0.2000,cross-ppi,805,0.023352026573094764,1.0
all,0.2000,cross-ppi,806,0.022941370913363346,1.0
all,0.2000,cross-ppi,807,0.02354284926966077,1.0
all,0.2000,cross-ppi,808,0.023174558870497686,1.0
all,0.2000,cross-ppi,809,0.02299445819946075,1.0
all,0.2000,cross-ppi,810,0.022902860205127773,1.0
all,0.2000,cross-ppi,811,0.02301751174847222,1.0
all,0.2000,cross-ppi,812,0.023079758829910202,1.0
all,0.2000,cross-ppi,813,0.02300596517485487,1.0
all,0.2000,cross-ppi,814,0.02329324021029955,1.0
all,0.2000,cross-ppi,815,0.023344051240354408,1.0
all,0.2000,cross-ppi,816,0.022722495596003145,1.0
all,0.2000,cross-ppi,817,0.022875855653037624,1.0
all,0.2000,cross-ppi,818,0.022848160171982657,1.0
all,0.2000,cross-ppi,819,0.022526206903115242,1.0
all,0.2000,cross-ppi,820,0.022702088581602248,1.0
all,0.2000,cross-ppi,821,0.02327341567765917,1.0
all,0.2000,cross-ppi,822,0.022762645919929853,1.0
all,0.2000,cross-ppi,823,0.022819132295928135,1.0
all,0.2000,cross-ppi,824,0.023053456390065508,1.0
all,0.2000,cross-ppi,825,0.023025532813329086,1.0
all,0.2000,cross-ppi,826,0.023277766224628765,1.0
all,0.2000,cross-ppi,827,0.02283675850570585,1.0
all,0.2000,cross-ppi,828,0.023166437273421492,1.0
all,0.2000,cross-ppi,829,0.023260767086854317,1.0
all,0.2000,cross-ppi,830,0.022940840056628664,1.0
all,0.2000,cross-ppi,831,0.02291225359550797,1.0
all,0.2000,cross-ppi,832,0.023359009546628617,0.0
all,0.2000,cross-ppi,833,0.022394058857760246,1.0
all,0.2000,cross-ppi,834,0.02285579145991204,1.0
all,0.2000,cross-ppi,835,0.022927338696832278,1.0
all,0.2000,cross-ppi,836,0.02283454513676264,1.0
all,0.2000,cross-ppi,837,0.023132867581882488,1.0
all,0.2000,cross-ppi,838,0.02341186742867396,0.0
all,0.2000,cross-ppi,839,0.022749921038387355,1.0
all,0.2000,cross-ppi,840,0.023077996865685235,1.0
all,0.2000,cross-ppi,841,0.023510485323592123,1.0
all,0.2000,cross-ppi,842,0.02270877156233475,1.0
all,0.2000,cross-ppi,843,0.023088778770544938,1.0
all,0.2000,cross-ppi,844,0.02291221175103164,1.0
all,0.2000,cross-ppi,845,0.022839249238848724,1.0
all,0.2000,cross-ppi,846,0.022787719052691724,1.0
all,0.2000,cross-ppi,847,0.02297377263109468,1.0
all,0.2000,cross-ppi,848,0.022376647850317788,1.0
all,0.2000,cross-ppi,849,0.022841977120035106,1.0
all,0.2000,cross-ppi,850,0.022800841309583708,1.0
all,0.2000,cross-ppi,851,0.0225018985772647,1.0
all,0.2000,cross-ppi,852,0.022942866819343988,1.0
all,0.2000,cross-ppi,853,0.023130141602977217,1.0
all,0.2000,cross-ppi,854,0.022511235387939532,1.0
all,0.2000,cross-ppi,855,0.023132856090702508,1.0
all,0.2000,cross-ppi,856,0.023105067576109417,1.0
all,0.2000,cross-ppi,857,0.02328459658398388,1.0
all,0.2000,cross-ppi,858,0.02310617814634952,1.0
all,0.2000,cross-ppi,859,0.02330543323169798,1.0
all,0.2000,cross-ppi,860,0.02300333130620205,1.0
all,0.2000,cross-ppi,861,0.022697474739898665,1.0
all,0.2000,cross-ppi,862,0.022769979422067377,1.0
all,0.2000,cross-ppi,863,0.022563201093006136,1.0
all,0.2000,cross-ppi,864,0.02276934747927506,1.0
all,0.2000,cross-ppi,865,0.022747912977038043,1.0
all,0.2000,cross-ppi,866,0.022714783901062408,1.0
all,0.2000,cross-ppi,867,0.023124539167337366,1.0
all,0.2000,cross-ppi,868,0.02303520086895927,1.0
all,0.2000,cross-ppi,869,0.022589872954231538,1.0
all,0.2000,cross-ppi,870,0.022914265064372885,1.0
all,0.2000,cross-ppi,871,0.022873542533144664,1.0
all,0.2000,cross-ppi,872,0.02256997994838983,1.0
all,0.2000,cross-ppi,873,0.023088534921973936,1.0
all,0.2000,cross-ppi,874,0.022638008295386564,1.0
all,0.2000,cross-ppi,875,0.022644567933396975,1.0
all,0.2000,cross-ppi,876,0.023409142752877005,1.0
all,0.2000,cross-ppi,877,0.023242207681990923,1.0
all,0.2000,cross-ppi,878,0.022919118693863316,1.0
all,0.2000,cross-ppi,879,0.022784572805868403,1.0
all,0.2000,cross-ppi,880,0.02335553372497312,0.0
all,0.2000,cross-ppi,881,0.023633607330347584,1.0
all,0.2000,cross-ppi,882,0.023600443822022088,1.0
all,0.2000,cross-ppi,883,0.023067557860421917,1.0
all,0.2000,cross-ppi,884,0.022923812710071045,1.0
all,0.2000,cross-ppi,885,0.022660158609235842,1.0
all,0.2000,cross-ppi,886,0.022938195749904078,1.0
all,0.2000,cross-ppi,887,0.023194760387754587,1.0
all,0.2000,cross-ppi,888,0.02288203803779823,1.0
all,0.2000,cross-ppi,889,0.023749452429049134,1.0
all,0.2000,cross-ppi,890,0.02298797796919161,1.0
all,0.2000,cross-ppi,891,0.022846963927136144,1.0
all,0.2000,cross-ppi,892,0.023033356931328353,1.0
all,0.2000,cross-ppi,893,0.02287359318887794,1.0
all,0.2000,cross-ppi,894,0.022939443603151588,1.0
all,0.2000,cross-ppi,895,0.02281299076218901,1.0
all,0.2000,cross-ppi,896,0.023289236973111,1.0
all,0.2000,cross-ppi,897,0.02331748220245755,1.0
all,0.2000,cross-ppi,898,0.02322839827605369,1.0
all,0.2000,cross-ppi,899,0.022836330759452572,1.0
all,0.2000,cross-ppi,900,0.022897828522156133,1.0
all,0.2000,cross-ppi,901,0.02300877312188032,1.0
all,0.2000,cross-ppi,902,0.022778181481756005,1.0
all,0.2000,cross-ppi,903,0.02281131316786822,1.0
all,0.2000,cross-ppi,904,0.023291689931317694,1.0
all,0.2000,cross-ppi,905,0.02322963331427852,1.0
all,0.2000,cross-ppi,906,0.022467582111459716,1.0
all,0.2000,cross-ppi,907,0.022880589466406837,1.0
all,0.2000,cross-ppi,908,0.02320646322389494,1.0
all,0.2000,cross-ppi,909,0.023184560911589464,1.0
all,0.2000,cross-ppi,910,0.022734912937027008,1.0
all,0.2000,cross-ppi,911,0.02277605286521811,1.0
all,0.2000,cross-ppi,912,0.02269680816006192,1.0
all,0.2000,cross-ppi,913,0.022708825195719484,1.0
all,0.2000,cross-ppi,914,0.02320938266121808,1.0
all,0.2000,cross-ppi,915,0.02282965089703759,1.0
all,0.2000,cross-ppi,916,0.022690876328827353,1.0
all,0.2000,cross-ppi,917,0.0229228236485792,1.0
all,0.2000,cross-ppi,918,0.023264485482547254,1.0
all,0.2000,cross-ppi,919,0.022320036501129348,1.0
all,0.2000,cross-ppi,920,0.022738647975650728,1.0
all,0.2000,cross-ppi,921,0.02329363196208467,0.0
all,0.2000,cross-ppi,922,0.022835501654262735,1.0
all,0.2000,cross-ppi,923,0.02290266013052264,1.0
all,0.2000,cross-ppi,924,0.023164583681051343,1.0
all,0.2000,cross-ppi,925,0.022779387101805826,1.0
all,0.2000,cross-ppi,926,0.023209551952063534,1.0
all,0.2000,cross-ppi,927,0.02287365762093227,1.0
all,0.2000,cross-ppi,928,0.02318606505206744,1.0
all,0.2000,cross-ppi,929,0.02287017436647909,1.0
all,0.2000,cross-ppi,930,0.022438576868909377,1.0
all,0.2000,cross-ppi,931,0.02300702610646646,1.0
all,0.2000,cross-ppi,932,0.02282374649918842,1.0
all,0.2000,cross-ppi,933,0.023101243784475728,1.0
all,0.2000,cross-ppi,934,0.022899801522430402,1.0
all,0.2000,cross-ppi,935,0.022840208744572044,1.0
all,0.2000,cross-ppi,936,0.023084579628983498,1.0
all,0.2000,cross-ppi,937,0.02241408763659339,1.0
all,0.2000,cross-ppi,938,0.022348946437283357,1.0
all,0.2000,cross-ppi,939,0.022774537038376397,1.0
all,0.2000,cross-ppi,940,0.023050886979550156,1.0
all,0.2000,cross-ppi,941,0.02243596366142811,1.0
all,0.2000,cross-ppi,942,0.02273292783867953,1.0
all,0.2000,cross-ppi,943,0.022742229997859603,1.0
all,0.2000,cross-ppi,944,0.023010855080127457,1.0
all,0.2000,cross-ppi,945,0.022797884160652093,1.0
all,0.2000,cross-ppi,946,0.022737467944193818,1.0
all,0.2000,cross-ppi,947,0.022606823866007875,1.0
all,0.2000,cross-ppi,948,0.023259042141054787,1.0
all,0.2000,cross-ppi,949,0.023216674365504564,1.0
all,0.2000,cross-ppi,950,0.022613192534999743,1.0
all,0.2000,cross-ppi,951,0.02320103004035512,1.0
all,0.2000,cross-ppi,952,0.023306327308600133,1.0
all,0.2000,cross-ppi,953,0.022661873810649213,1.0
all,0.2000,cross-ppi,954,0.022547908029551172,1.0
all,0.2000,cross-ppi,955,0.023132584793739253,1.0
all,0.2000,cross-ppi,956,0.02272415601230593,1.0
all,0.2000,cross-ppi,957,0.022596390571379327,1.0
all,0.2000,cross-ppi,958,0.023149052678590798,1.0
all,0.2000,cross-ppi,959,0.02257477189297208,1.0
all,0.2000,cross-ppi,960,0.02317698356085962,1.0
all,0.2000,cross-ppi,961,0.022763107185917036,1.0
all,0.2000,cross-ppi,962,0.02304034402633459,1.0
all,0.2000,cross-ppi,963,0.023127840350619877,1.0
all,0.2000,cross-ppi,964,0.023236376715566748,1.0
all,0.2000,cross-ppi,965,0.022959774161631225,1.0
all,0.2000,cross-ppi,966,0.02308296297746229,1.0
all,0.2000,cross-ppi,967,0.02297628117102135,1.0
all,0.2000,cross-ppi,968,0.02314433023426135,1.0
all,0.2000,cross-ppi,969,0.022997468175020463,1.0
all,0.2000,cross-ppi,970,0.022809750679428115,1.0
all,0.2000,cross-ppi,971,0.02270925103491661,1.0
all,0.2000,cross-ppi,972,0.023604597113782932,1.0
all,0.2000,cross-ppi,973,0.02305949684124256,1.0
all,0.2000,cross-ppi,974,0.022164989816954916,1.0
all,0.2000,cross-ppi,975,0.02303918667053187,1.0
all,0.2000,cross-ppi,976,0.02292040785792404,1.0
all,0.2000,cross-ppi,977,0.022638160999307627,1.0
all,0.2000,cross-ppi,978,0.023082259492155033,1.0
all,0.2000,cross-ppi,979,0.022874422674467265,1.0
all,0.2000,cross-ppi,980,0.022924795194536496,1.0
all,0.2000,cross-ppi,981,0.02261870528460233,1.0
all,0.2000,cross-ppi,982,0.02288463793962492,1.0
all,0.2000,cross-ppi,983,0.023099146267407722,1.0
all,0.2000,cross-ppi,984,0.023224927759019437,1.0
all,0.2000,cross-ppi,985,0.02309329407220395,1.0
all,0.2000,cross-ppi,986,0.02258649284257952,1.0
all,0.2000,cross-ppi,987,0.022370421208721236,1.0
all,0.2000,cross-ppi,988,0.02331332592389712,1.0
all,0.2000,cross-ppi,989,0.023017806226171778,1.0
all,0.2000,cross-ppi,990,0.02302249123597222,1.0
all,0.2000,cross-ppi,991,0.02325844065392324,1.0
all,0.2000,cross-ppi,992,0.022917851930125743,1.0
all,0.2000,cross-ppi,993,0.023691291878145226,1.0
all,0.2000,cross-ppi,994,0.023388442327525683,1.0
all,0.2000,cross-ppi,995,0.022516944647538284,1.0
all,0.2000,cross-ppi,996,0.021954693301691447,1.0
all,0.2000,cross-ppi,997,0.02281397519890513,1.0
all,0.2000,cross-ppi,998,0.023527690678829427,1.0
all,0.2000,cross-ppi,999,0.02284981337616121,1.0
