group,prop_budget,method,seed,width,coverage
all,0.0100,cross-ppi,0,0.09999496733997304,1.0
all,0.0100,cross-ppi,1,0.0852103573666182,1.0
all,0.0100,cross-ppi,2,0.10343786954878487,1.0
all,0.0100,cross-ppi,3,0.08903466862240572,1.0
all,0.0100,cross-ppi,4,0.08471091338639558,1.0
all,0.0100,cross-ppi,5,0.09109568216717887,1.0
all,0.0100,cross-ppi,6,0.07998168440777642,1.0
all,0.0100,cross-ppi,7,0.0896699848252136,1.0
all,0.0100,cross-ppi,8,0.0842125181718959,1.0
all,0.0100,cross-ppi,9,0.09883757499375267,1.0
all,0.0100,cross-ppi,10,0.07803308349911711,1.0
all,0.0100,cross-ppi,11,0.07630019298010227,1.0
all,0.0100,cross-ppi,12,0.08242315849104176,1.0
all,0.0100,cross-ppi,13,0.08708185056290718,1.0
all,0.0100,cross-ppi,14,0.08934188963730372,1.0
all,0.0100,cross-ppi,15,0.08615908894349866,1.0
all,0.0100,cross-ppi,16,0.0919652726783885,1.0
all,0.0100,cross-ppi,17,0.09596428291445425,1.0
all,0.0100,cross-ppi,18,0.09938779838521905,1.0
all,0.0100,cross-ppi,19,0.10124481019420672,1.0
all,0.0100,cross-ppi,20,0.0944092629795028,1.0
all,0.0100,cross-ppi,21,0.08071602874071007,1.0
all,0.0100,cross-ppi,22,0.09915781072914256,1.0
all,0.0100,cross-ppi,23,0.09326815727664847,1.0
all,0.0100,cross-ppi,24,0.08468231834220394,1.0
all,0.0100,cross-ppi,25,0.09571715212246645,1.0
all,0.0100,cross-ppi,26,0.0854834289988945,0.0
all,0.0100,cross-ppi,27,0.08584234621728284,0.0
all,0.0100,cross-ppi,28,0.09518752944584474,1.0
all,0.0100,cross-ppi,29,0.08751449136766898,1.0
all,0.0100,cross-ppi,30,0.09237008567147986,1.0
all,0.0100,cross-ppi,31,0.09388534424436287,1.0
all,0.0100,cross-ppi,32,0.08746595018125866,1.0
all,0.0100,cross-ppi,33,0.10556851926497868,1.0
all,0.0100,cross-ppi,34,0.07607445249527545,1.0
all,0.0100,cross-ppi,35,0.08342294019814911,1.0
all,0.0100,cross-ppi,36,0.09452325947541595,1.0
all,0.0100,cross-ppi,37,0.09846881787012352,1.0
all,0.0100,cross-ppi,38,0.0779013685034422,1.0
all,0.0100,cross-ppi,39,0.09195467489435336,1.0
all,0.0100,cross-ppi,40,0.09604075718619864,1.0
all,0.0100,cross-ppi,41,0.08431112666216836,1.0
all,0.0100,cross-ppi,42,0.083900824351101,1.0
all,0.0100,cross-ppi,43,0.09080153627073007,1.0
all,0.0100,cross-ppi,44,0.08284450403543908,1.0
all,0.0100,cross-ppi,45,0.07664150227196254,1.0
all,0.0100,cross-ppi,46,0.08712713178879261,1.0
all,0.0100,cross-ppi,47,0.0918574145654247,1.0
all,0.0100,cross-ppi,48,0.08610074327414627,1.0
all,0.0100,cross-ppi,49,0.09470361378886072,1.0
all,0.0100,cross-ppi,50,0.08365850467091895,1.0
all,0.0100,cross-ppi,51,0.08322950363927781,1.0
all,0.0100,cross-ppi,52,0.08776089844306978,1.0
all,0.0100,cross-ppi,53,0.10037281953089516,1.0
all,0.0100,cross-ppi,54,0.09937815777472658,1.0
all,0.0100,cross-ppi,55,0.09006288474453858,1.0
all,0.0100,cross-ppi,56,0.07854628207027403,1.0
all,0.0100,cross-ppi,57,0.10023335315263635,1.0
all,0.0100,cross-ppi,58,0.08512995803006171,1.0
all,0.0100,cross-ppi,59,0.08065449985310125,1.0
all,0.0100,cross-ppi,60,0.08072676068387019,1.0
all,0.0100,cross-ppi,61,0.09405809339762483,1.0
all,0.0100,cross-ppi,62,0.09307017294212916,1.0
all,0.0100,cross-ppi,63,0.09898361344076437,1.0
all,0.0100,cross-ppi,64,0.1009035475674194,1.0
all,0.0100,cross-ppi,65,0.08389798839998808,1.0
all,0.0100,cross-ppi,66,0.09003234009787187,1.0
all,0.0100,cross-ppi,67,0.08210633003478016,1.0
all,0.0100,cross-ppi,68,0.06956307616134161,0.0
all,0.0100,cross-ppi,69,0.08748430451271894,1.0
all,0.0100,cross-ppi,70,0.08950616317263929,1.0
all,0.0100,cross-ppi,71,0.0748926688741682,1.0
all,0.0100,cross-ppi,72,0.08203244273810495,1.0
all,0.0100,cross-ppi,73,0.09521336707377101,1.0
all,0.0100,cross-ppi,74,0.09217417504529313,1.0
all,0.0100,cross-ppi,75,0.09300823316707699,1.0
all,0.0100,cross-ppi,76,0.10552561358422752,0.0
all,0.0100,cross-ppi,77,0.0903597166527822,1.0
all,0.0100,cross-ppi,78,0.07964975300926724,1.0
all,0.0100,cross-ppi,79,0.08966360000256521,1.0
all,0.0100,cross-ppi,80,0.08752205449958281,1.0
all,0.0100,cross-ppi,81,0.08580395041734568,1.0
all,0.0100,cross-ppi,82,0.08846450953616247,1.0
all,0.0100,cross-ppi,83,0.09469895758825864,1.0
all,0.0100,cross-ppi,84,0.09387325173979377,1.0
all,0.0100,cross-ppi,85,0.08518898593714155,1.0
all,0.0100,cross-ppi,86,0.08017220187486129,0.0
all,0.0100,cross-ppi,87,0.08114059152856978,1.0
all,0.0100,cross-ppi,88,0.08683582395007997,1.0
all,0.0100,cross-ppi,89,0.09047099719202045,1.0
all,0.0100,cross-ppi,90,0.10091346026644102,1.0
all,0.0100,cross-ppi,91,0.08840168208757193,1.0
all,0.0100,cross-ppi,92,0.08806842312702703,1.0
all,0.0100,cross-ppi,93,0.0925007550443474,0.0
all,0.0100,cross-ppi,94,0.08921240829677812,1.0
all,0.0100,cross-ppi,95,0.08288067046526823,1.0
all,0.0100,cross-ppi,96,0.08614190001834654,1.0
all,0.0100,cross-ppi,97,0.09151308027448712,1.0
all,0.0100,cross-ppi,98,0.10100092188931076,1.0
all,0.0100,cross-ppi,99,0.09253215995832711,0.0
all,0.0100,cross-ppi,100,0.0930623187886589,1.0
all,0.0100,cross-ppi,101,0.08272194903920049,1.0
all,0.0100,cross-ppi,102,0.09120839939818745,1.0
all,0.0100,cross-ppi,103,0.09055441783059168,1.0
all,0.0100,cross-ppi,104,0.09350445565463394,1.0
all,0.0100,cross-ppi,105,0.0698510508266523,1.0
all,0.0100,cross-ppi,106,0.09447800868301146,1.0
all,0.0100,cross-ppi,107,0.09234803912896908,1.0
all,0.0100,cross-ppi,108,0.09122305073036774,1.0
all,0.0100,cross-ppi,109,0.09064475464682198,1.0
all,0.0100,cross-ppi,110,0.07784021097242755,1.0
all,0.0100,cross-ppi,111,0.07837718672845229,1.0
all,0.0100,cross-ppi,112,0.07867807225317322,1.0
all,0.0100,cross-ppi,113,0.08387590664009581,1.0
all,0.0100,cross-ppi,114,0.09262550212284706,1.0
all,0.0100,cross-ppi,115,0.09158192881482174,1.0
all,0.0100,cross-ppi,116,0.08749404860906715,1.0
all,0.0100,cross-ppi,117,0.08036963789828397,1.0
all,0.0100,cross-ppi,118,0.09433962997670609,1.0
all,0.0100,cross-ppi,119,0.07893622108544099,1.0
all,0.0100,cross-ppi,120,0.09047786608499986,1.0
all,0.0100,cross-ppi,121,0.07896476549652831,1.0
all,0.0100,cross-ppi,122,0.09082296889099983,1.0
all,0.0100,cross-ppi,123,0.08271002931844573,1.0
all,0.0100,cross-ppi,124,0.09628099475061036,1.0
all,0.0100,cross-ppi,125,0.09508135305988907,1.0
all,0.0100,cross-ppi,126,0.09281666570204883,1.0
all,0.0100,cross-ppi,127,0.09263676570664858,1.0
all,0.0100,cross-ppi,128,0.09616559566318261,1.0
all,0.0100,cross-ppi,129,0.09423235534561036,1.0
all,0.0100,cross-ppi,130,0.0973739087181068,1.0
all,0.0100,cross-ppi,131,0.08218887963982047,1.0
all,0.0100,cross-ppi,132,0.10295522596994136,1.0
all,0.0100,cross-ppi,133,0.09522858807404411,1.0
all,0.0100,cross-ppi,134,0.08121270402278569,1.0
all,0.0100,cross-ppi,135,0.08126655040580763,1.0
all,0.0100,cross-ppi,136,0.08455788931477082,1.0
all,0.0100,cross-ppi,137,0.09869099462636508,1.0
all,0.0100,cross-ppi,138,0.08192830266912221,1.0
all,0.0100,cross-ppi,139,0.08133926006001077,0.0
all,0.0100,cross-ppi,140,0.07962710431932407,1.0
all,0.0100,cross-ppi,141,0.08028448915231115,1.0
all,0.0100,cross-ppi,142,0.09027397466271891,1.0
all,0.0100,cross-ppi,143,0.0894966399774626,1.0
all,0.0100,cross-ppi,144,0.08612881414661788,1.0
all,0.0100,cross-ppi,145,0.10348233883083902,1.0
all,0.0100,cross-ppi,146,0.08064885960308302,1.0
all,0.0100,cross-ppi,147,0.09198186040223563,1.0
all,0.0100,cross-ppi,148,0.09553756014414883,0.0
all,0.0100,cross-ppi,149,0.0992321935014353,1.0
all,0.0100,cross-ppi,150,0.09700474380320864,1.0
all,0.0100,cross-ppi,151,0.08879555192319402,1.0
all,0.0100,cross-ppi,152,0.10167005658496675,1.0
all,0.0100,cross-ppi,153,0.0907536793398569,1.0
all,0.0100,cross-ppi,154,0.07202673898270762,0.0
all,0.0100,cross-ppi,155,0.08661950347963018,1.0
all,0.0100,cross-ppi,156,0.09804834742313262,1.0
all,0.0100,cross-ppi,157,0.09634599205629366,1.0
all,0.0100,cross-ppi,158,0.08193758470988743,1.0
all,0.0100,cross-ppi,159,0.08462779327212408,1.0
all,0.0100,cross-ppi,160,0.08785594815039355,1.0
all,0.0100,cross-ppi,161,0.08429765490355146,1.0
all,0.0100,cross-ppi,162,0.0906680171861163,1.0
all,0.0100,cross-ppi,163,0.088456734773668,1.0
all,0.0100,cross-ppi,164,0.10045546310293951,1.0
all,0.0100,cross-ppi,165,0.08409124178547789,1.0
all,0.0100,cross-ppi,166,0.08450434733820877,1.0
all,0.0100,cross-ppi,167,0.09316426870254912,1.0
all,0.0100,cross-ppi,168,0.08666061396871572,1.0
all,0.0100,cross-ppi,169,0.0876637056087021,1.0
all,0.0100,cross-ppi,170,0.09167196543099101,0.0
all,0.0100,cross-ppi,171,0.08890281696800506,1.0
all,0.0100,cross-ppi,172,0.0893015928554016,1.0
all,0.0100,cross-ppi,173,0.08443968575440944,1.0
all,0.0100,cross-ppi,174,0.08980717945506556,1.0
all,0.0100,cross-ppi,175,0.08646536844427277,1.0
all,0.0100,cross-ppi,176,0.08012958060305542,1.0
all,0.0100,cross-ppi,177,0.09337521935168172,1.0
all,0.0100,cross-ppi,178,0.07830717794336661,1.0
all,0.0100,cross-ppi,179,0.09351465245202362,1.0
all,0.0100,cross-ppi,180,0.08658934924932049,1.0
all,0.0100,cross-ppi,181,0.07721354424204849,1.0
all,0.0100,cross-ppi,182,0.09921194998907903,1.0
all,0.0100,cross-ppi,183,0.10393327044931522,1.0
all,0.0100,cross-ppi,184,0.08715536992800507,1.0
all,0.0100,cross-ppi,185,0.0875675585527376,1.0
all,0.0100,cross-ppi,186,0.09500267605527313,1.0
all,0.0100,cross-ppi,187,0.08704820867400165,1.0
all,0.0100,cross-ppi,188,0.09359524772168937,1.0
all,0.0100,cross-ppi,189,0.08706221958425153,1.0
all,0.0100,cross-ppi,190,0.0871363253239775,1.0
all,0.0100,cross-ppi,191,0.10083594095111104,1.0
all,0.0100,cross-ppi,192,0.10010407833171761,1.0
all,0.0100,cross-ppi,193,0.0776933849335425,0.0
all,0.0100,cross-ppi,194,0.09093896415624803,1.0
all,0.0100,cross-ppi,195,0.07247096362317615,1.0
all,0.0100,cross-ppi,196,0.09066623210469457,1.0
all,0.0100,cross-ppi,197,0.09500104308232415,1.0
all,0.0100,cross-ppi,198,0.07056043230914943,1.0
all,0.0100,cross-ppi,199,0.0905192840855853,1.0
all,0.0100,cross-ppi,200,0.10210453910536665,1.0
all,0.0100,cross-ppi,201,0.07994217309340856,1.0
all,0.0100,cross-ppi,202,0.08136870303454513,1.0
all,0.0100,cross-ppi,203,0.08525737838121328,1.0
all,0.0100,cross-ppi,204,0.08468952302798716,1.0
all,0.0100,cross-ppi,205,0.09096406246610056,1.0
all,0.0100,cross-ppi,206,0.09184235102704486,1.0
all,0.0100,cross-ppi,207,0.09327321068128022,1.0
all,0.0100,cross-ppi,208,0.08282099510228402,1.0
all,0.0100,cross-ppi,209,0.08486883965451153,0.0
all,0.0100,cross-ppi,210,0.09449657778418274,1.0
all,0.0100,cross-ppi,211,0.08712996956034014,1.0
all,0.0100,cross-ppi,212,0.09772237769528758,1.0
all,0.0100,cross-ppi,213,0.07566222815548451,1.0
all,0.0100,cross-ppi,214,0.0948286347999796,1.0
all,0.0100,cross-ppi,215,0.09067698676911648,1.0
all,0.0100,cross-ppi,216,0.10060665835345575,1.0
all,0.0100,cross-ppi,217,0.09068933972800608,1.0
all,0.0100,cross-ppi,218,0.08824226377279298,1.0
all,0.0100,cross-ppi,219,0.09059841792745738,1.0
all,0.0100,cross-ppi,220,0.08998293181370498,1.0
all,0.0100,cross-ppi,221,0.09214576422592938,1.0
all,0.0100,cross-ppi,222,0.0906028741951338,1.0
all,0.0100,cross-ppi,223,0.09442373686977013,1.0
all,0.0100,cross-ppi,224,0.0815292109411028,1.0
all,0.0100,cross-ppi,225,0.09282966931455025,1.0
all,0.0100,cross-ppi,226,0.09478018867101715,1.0
all,0.0100,cross-ppi,227,0.0898313143040107,1.0
all,0.0100,cross-ppi,228,0.09866220538523873,1.0
all,0.0100,cross-ppi,229,0.09846364292500623,1.0
all,0.0100,cross-ppi,230,0.10741619530019131,1.0
all,0.0100,cross-ppi,231,0.0792867506779864,1.0
all,0.0100,cross-ppi,232,0.09966342132358441,1.0
all,0.0100,cross-ppi,233,0.09513090110478672,1.0
all,0.0100,cross-ppi,234,0.07899949946119333,0.0
all,0.0100,cross-ppi,235,0.10001602618482375,1.0
all,0.0100,cross-ppi,236,0.09632839579111041,1.0
all,0.0100,cross-ppi,237,0.102838042478539,1.0
all,0.0100,cross-ppi,238,0.0989040686581848,1.0
all,0.0100,cross-ppi,239,0.10148643507180699,1.0
all,0.0100,cross-ppi,240,0.07875774876636765,1.0
all,0.0100,cross-ppi,241,0.08273551385344935,1.0
all,0.0100,cross-ppi,242,0.09085200030940452,1.0
all,0.0100,cross-ppi,243,0.08150237609566599,1.0
all,0.0100,cross-ppi,244,0.07857281746592595,1.0
all,0.0100,cross-ppi,245,0.07429794117214072,1.0
all,0.0100,cross-ppi,246,0.09865295966762211,1.0
all,0.0100,cross-ppi,247,0.08723926638931825,1.0
all,0.0100,cross-ppi,248,0.08368667723813883,1.0
all,0.0100,cross-ppi,249,0.08082775574267398,1.0
all,0.0100,cross-ppi,250,0.09395381016627824,1.0
all,0.0100,cross-ppi,251,0.09718792266521833,1.0
all,0.0100,cross-ppi,252,0.0885453949865325,1.0
all,0.0100,cross-ppi,253,0.09193715408303038,1.0
all,0.0100,cross-ppi,254,0.08809229138900132,1.0
all,0.0100,cross-ppi,255,0.0983070024429564,1.0
all,0.0100,cross-ppi,256,0.0902159858753655,1.0
all,0.0100,cross-ppi,257,0.09390708791158156,1.0
all,0.0100,cross-ppi,258,0.08493641326602597,1.0
all,0.0100,cross-ppi,259,0.09085596330310183,1.0
all,0.0100,cross-ppi,260,0.09921519699873749,1.0
all,0.0100,cross-ppi,261,0.09505341192237593,1.0
all,0.0100,cross-ppi,262,0.08348532601531011,1.0
all,0.0100,cross-ppi,263,0.09214663251648433,1.0
all,0.0100,cross-ppi,264,0.08922843967683461,1.0
all,0.0100,cross-ppi,265,0.08299855127627076,1.0
all,0.0100,cross-ppi,266,0.08391377311073245,0.0
all,0.0100,cross-ppi,267,0.08306593454779376,1.0
all,0.0100,cross-ppi,268,0.09048217682372006,1.0
all,0.0100,cross-ppi,269,0.08669780907954516,1.0
all,0.0100,cross-ppi,270,0.08972636515453059,1.0
all,0.0100,cross-ppi,271,0.08837237428486874,1.0
all,0.0100,cross-ppi,272,0.09218397289248004,1.0
all,0.0100,cross-ppi,273,0.08946288672084987,1.0
all,0.0100,cross-ppi,274,0.07907105423412264,1.0
all,0.0100,cross-ppi,275,0.09116394005702988,1.0
all,0.0100,cross-ppi,276,0.08685808300917242,1.0
all,0.0100,cross-ppi,277,0.0923821959779988,1.0
all,0.0100,cross-ppi,278,0.07679035035377924,1.0
all,0.0100,cross-ppi,279,0.09135284753427153,1.0
all,0.0100,cross-ppi,280,0.09171412945329471,1.0
all,0.0100,cross-ppi,281,0.08971328351554753,1.0
all,0.0100,cross-ppi,282,0.08380748382903702,1.0
all,0.0100,cross-ppi,283,0.10015560028103798,1.0
all,0.0100,cross-ppi,284,0.0855154415429874,1.0
all,0.0100,cross-ppi,285,0.079230970977481,1.0
all,0.0100,cross-ppi,286,0.0949344810754259,1.0
all,0.0100,cross-ppi,287,0.08952015922403844,1.0
all,0.0100,cross-ppi,288,0.07756487163670456,1.0
all,0.0100,cross-ppi,289,0.09387915940554314,1.0
all,0.0100,cross-ppi,290,0.08694826175788917,1.0
all,0.0100,cross-ppi,291,0.09322459448735676,1.0
all,0.0100,cross-ppi,292,0.08799017659041009,1.0
all,0.0100,cross-ppi,293,0.09853355886578896,1.0
all,0.0100,cross-ppi,294,0.08295849992181667,1.0
all,0.0100,cross-ppi,295,0.10080743363171826,1.0
all,0.0100,cross-ppi,296,0.09667260550789791,1.0
all,0.0100,cross-ppi,297,0.08683803923113678,1.0
all,0.0100,cross-ppi,298,0.10286696247303151,1.0
all,0.0100,cross-ppi,299,0.09044378111428886,1.0
all,0.0100,cross-ppi,300,0.09305676521981654,1.0
all,0.0100,cross-ppi,301,0.09529727746089764,1.0
all,0.0100,cross-ppi,302,0.0840612475152438,1.0
all,0.0100,cross-ppi,303,0.09049890166338825,1.0
all,0.0100,cross-ppi,304,0.09769456628843987,1.0
all,0.0100,cross-ppi,305,0.08695027712225437,1.0
all,0.0100,cross-ppi,306,0.08227842329617352,1.0
all,0.0100,cross-ppi,307,0.08893330847962497,1.0
all,0.0100,cross-ppi,308,0.08455316351350994,1.0
all,0.0100,cross-ppi,309,0.08824885903683047,1.0
all,0.0100,cross-ppi,310,0.0832002123848622,1.0
all,0.0100,cross-ppi,311,0.09537884002458175,1.0
all,0.0100,cross-ppi,312,0.08579105178902979,1.0
all,0.0100,cross-ppi,313,0.08742094846581638,1.0
all,0.0100,cross-ppi,314,0.08609233677209413,1.0
all,0.0100,cross-ppi,315,0.09025667328189188,1.0
all,0.0100,cross-ppi,316,0.08135716255117231,1.0
all,0.0100,cross-ppi,317,0.09715947879926246,1.0
all,0.0100,cross-ppi,318,0.09484568678121438,1.0
all,0.0100,cross-ppi,319,0.0889020692370609,1.0
all,0.0100,cross-ppi,320,0.09536176910225572,1.0
all,0.0100,cross-ppi,321,0.08706746333614657,0.0
all,0.0100,cross-ppi,322,0.08368937625383777,1.0
all,0.0100,cross-ppi,323,0.08689042251393123,1.0
all,0.0100,cross-ppi,324,0.08438338528174952,1.0
all,0.0100,cross-ppi,325,0.07704209834528289,1.0
all,0.0100,cross-ppi,326,0.08760766841966638,1.0
all,0.0100,cross-ppi,327,0.0879642218039596,1.0
all,0.0100,cross-ppi,328,0.08332954299121254,1.0
all,0.0100,cross-ppi,329,0.08280186309723006,1.0
all,0.0100,cross-ppi,330,0.09632575837892968,1.0
all,0.0100,cross-ppi,331,0.08542749382710588,1.0
all,0.0100,cross-ppi,332,0.07572325394268442,1.0
all,0.0200,cross-ppi,0,0.0671288733155252,1.0
all,0.0200,cross-ppi,1,0.06562857424039625,1.0
all,0.0200,cross-ppi,2,0.06584123523076016,1.0
all,0.0200,cross-ppi,3,0.06606237879885102,1.0
all,0.0200,cross-ppi,4,0.06424990269517791,1.0
all,0.0200,cross-ppi,5,0.058887272770984794,1.0
all,0.0200,cross-ppi,6,0.07026670403441493,1.0
all,0.0200,cross-ppi,7,0.06487577214164109,1.0
all,0.0200,cross-ppi,8,0.06279716096221447,1.0
all,0.0200,cross-ppi,9,0.06442681155069088,1.0
all,0.0200,cross-ppi,10,0.060294451958718326,1.0
all,0.0200,cross-ppi,11,0.06121985719014955,1.0
all,0.0200,cross-ppi,12,0.057927575304949075,1.0
all,0.0200,cross-ppi,13,0.061650077343210485,1.0
all,0.0200,cross-ppi,14,0.0730986294603676,1.0
all,0.0200,cross-ppi,15,0.06193093141959716,1.0
all,0.0200,cross-ppi,16,0.06506816867726817,1.0
all,0.0200,cross-ppi,17,0.05714664285035054,1.0
all,0.0200,cross-ppi,18,0.06509586974401851,1.0
all,0.0200,cross-ppi,19,0.05920750191905655,1.0
all,0.0200,cross-ppi,20,0.061810361892803756,1.0
all,0.0200,cross-ppi,21,0.057943540080517136,1.0
all,0.0200,cross-ppi,22,0.06159855687603591,1.0
all,0.0200,cross-ppi,23,0.060738266690627096,1.0
all,0.0200,cross-ppi,24,0.06793905733980676,1.0
all,0.0200,cross-ppi,25,0.06761878139445487,1.0
all,0.0200,cross-ppi,26,0.06537444907943776,1.0
all,0.0200,cross-ppi,27,0.06134894151072767,1.0
all,0.0200,cross-ppi,28,0.06214716553865293,1.0
all,0.0200,cross-ppi,29,0.0653712047987437,1.0
all,0.0200,cross-ppi,30,0.0664335185086955,1.0
all,0.0200,cross-ppi,31,0.06634237941755836,1.0
all,0.0200,cross-ppi,32,0.06459590967342596,1.0
all,0.0200,cross-ppi,33,0.06603321654782968,1.0
all,0.0200,cross-ppi,34,0.06335770006215113,1.0
all,0.0200,cross-ppi,35,0.06127688809277407,1.0
all,0.0200,cross-ppi,36,0.06123828271202303,1.0
all,0.0200,cross-ppi,37,0.06704877550861912,1.0
all,0.0200,cross-ppi,38,0.06076552801093696,1.0
all,0.0200,cross-ppi,39,0.06339165143176606,1.0
all,0.0200,cross-ppi,40,0.05876956997189464,1.0
all,0.0200,cross-ppi,41,0.05783171467267431,1.0
all,0.0200,cross-ppi,42,0.06360301705471372,1.0
all,0.0200,cross-ppi,43,0.06578395840660156,0.0
all,0.0200,cross-ppi,44,0.0631264484748596,1.0
all,0.0200,cross-ppi,45,0.06368020133312213,1.0
all,0.0200,cross-ppi,46,0.055819216209108014,1.0
all,0.0200,cross-ppi,47,0.061664575149370626,1.0
all,0.0200,cross-ppi,48,0.06877850303250088,1.0
all,0.0200,cross-ppi,49,0.06834160436114375,1.0
all,0.0200,cross-ppi,50,0.0691839640806999,1.0
all,0.0200,cross-ppi,51,0.06792221473388982,1.0
all,0.0200,cross-ppi,52,0.06634998869681741,1.0
all,0.0200,cross-ppi,53,0.062463794986749616,1.0
all,0.0200,cross-ppi,54,0.062320930252690726,1.0
all,0.0200,cross-ppi,55,0.0634057973085845,1.0
all,0.0200,cross-ppi,56,0.06840444824587022,1.0
all,0.0200,cross-ppi,57,0.06259030933394605,1.0
all,0.0200,cross-ppi,58,0.06201485517960359,1.0
all,0.0200,cross-ppi,59,0.06595782208402035,1.0
all,0.0200,cross-ppi,60,0.059733310421201086,1.0
all,0.0200,cross-ppi,61,0.0603534767422621,1.0
all,0.0200,cross-ppi,62,0.06528884878347985,1.0
all,0.0200,cross-ppi,63,0.06467581739482631,1.0
all,0.0200,cross-ppi,64,0.06688366479265084,1.0
all,0.0200,cross-ppi,65,0.06122504662201289,1.0
all,0.0200,cross-ppi,66,0.06128512634334163,1.0
all,0.0200,cross-ppi,67,0.06979590344128106,1.0
all,0.0200,cross-ppi,68,0.0598047074906668,1.0
all,0.0200,cross-ppi,69,0.06611677992490902,1.0
all,0.0200,cross-ppi,70,0.06375084484543303,1.0
all,0.0200,cross-ppi,71,0.06140130515115458,1.0
all,0.0200,cross-ppi,72,0.06255783235331094,1.0
all,0.0200,cross-ppi,73,0.06654580791136899,1.0
all,0.0200,cross-ppi,74,0.06275109451246899,1.0
all,0.0200,cross-ppi,75,0.0638358249960016,1.0
all,0.0200,cross-ppi,76,0.05756207997912058,1.0
all,0.0200,cross-ppi,77,0.06488455918690508,1.0
all,0.0200,cross-ppi,78,0.05931688003940258,1.0
all,0.0200,cross-ppi,79,0.0689103340238052,1.0
all,0.0200,cross-ppi,80,0.06037859824127012,1.0
all,0.0200,cross-ppi,81,0.05947144992883302,1.0
all,0.0200,cross-ppi,82,0.06628475992835761,1.0
all,0.0200,cross-ppi,83,0.07105733785055865,1.0
all,0.0200,cross-ppi,84,0.05938095256258774,0.0
all,0.0200,cross-ppi,85,0.05646034861107577,1.0
all,0.0200,cross-ppi,86,0.06548206074059892,1.0
all,0.0200,cross-ppi,87,0.06227659242863104,1.0
all,0.0200,cross-ppi,88,0.06679068015087963,1.0
all,0.0200,cross-ppi,89,0.06169225567002867,0.0
all,0.0200,cross-ppi,90,0.05935792071411397,1.0
all,0.0200,cross-ppi,91,0.06462979648714462,1.0
all,0.0200,cross-ppi,92,0.07004948256808519,1.0
all,0.0200,cross-ppi,93,0.0585629632521911,1.0
all,0.0200,cross-ppi,94,0.06203592086607468,1.0
all,0.0200,cross-ppi,95,0.05902235318223559,0.0
all,0.0200,cross-ppi,96,0.06685221045832768,1.0
all,0.0200,cross-ppi,97,0.06207842107445094,1.0
all,0.0200,cross-ppi,98,0.06306091727985552,1.0
all,0.0200,cross-ppi,99,0.061637514038063834,1.0
all,0.0200,cross-ppi,100,0.06624000307023459,1.0
all,0.0200,cross-ppi,101,0.06302130228278202,1.0
all,0.0200,cross-ppi,102,0.058649540337715744,1.0
all,0.0200,cross-ppi,103,0.059819050451510064,1.0
all,0.0200,cross-ppi,104,0.05991088531624164,1.0
all,0.0200,cross-ppi,105,0.06422889884916763,1.0
all,0.0200,cross-ppi,106,0.06246515938011765,1.0
all,0.0200,cross-ppi,107,0.07088484389074168,0.0
all,0.0200,cross-ppi,108,0.059500951166217425,1.0
all,0.0200,cross-ppi,109,0.07001999409970894,1.0
all,0.0200,cross-ppi,110,0.0697160486887175,1.0
all,0.0200,cross-ppi,111,0.061372294839496355,1.0
all,0.0200,cross-ppi,112,0.0709890654842551,1.0
all,0.0200,cross-ppi,113,0.05380759792103629,0.0
all,0.0200,cross-ppi,114,0.07088447434324674,0.0
all,0.0200,cross-ppi,115,0.06166381665678955,1.0
all,0.0200,cross-ppi,116,0.06920266172029477,1.0
all,0.0200,cross-ppi,117,0.0636837168741573,1.0
all,0.0200,cross-ppi,118,0.06082220740684663,1.0
all,0.0200,cross-ppi,119,0.059304777510696294,1.0
all,0.0200,cross-ppi,120,0.06572052444959861,1.0
all,0.0200,cross-ppi,121,0.06616001161268817,1.0
all,0.0200,cross-ppi,122,0.06448223891618801,1.0
all,0.0200,cross-ppi,123,0.06630788786778774,1.0
all,0.0200,cross-ppi,124,0.060204633624284104,1.0
all,0.0200,cross-ppi,125,0.06439471494411833,1.0
all,0.0200,cross-ppi,126,0.06628512691789779,1.0
all,0.0200,cross-ppi,127,0.06615641871083544,1.0
all,0.0200,cross-ppi,128,0.0681651836185507,1.0
all,0.0200,cross-ppi,129,0.06374996751175743,1.0
all,0.0200,cross-ppi,130,0.07211135057271745,1.0
all,0.0200,cross-ppi,131,0.05935240579058265,0.0
all,0.0200,cross-ppi,132,0.06237844578297158,1.0
all,0.0200,cross-ppi,133,0.06302744097262525,1.0
all,0.0200,cross-ppi,134,0.05976942261245463,1.0
all,0.0200,cross-ppi,135,0.07057363295629848,1.0
all,0.0200,cross-ppi,136,0.06294254216400155,1.0
all,0.0200,cross-ppi,137,0.07077741558595527,1.0
all,0.0200,cross-ppi,138,0.06789060127283342,1.0
all,0.0200,cross-ppi,139,0.06632811327591115,1.0
all,0.0200,cross-ppi,140,0.0575143115304482,1.0
all,0.0200,cross-ppi,141,0.0666278174008095,1.0
all,0.0200,cross-ppi,142,0.061750092698339976,1.0
all,0.0200,cross-ppi,143,0.06612120438155866,1.0
all,0.0200,cross-ppi,144,0.06092714011709466,1.0
all,0.0200,cross-ppi,145,0.05333676223926723,1.0
all,0.0200,cross-ppi,146,0.06826433440940827,1.0
all,0.0200,cross-ppi,147,0.06475326583322949,1.0
all,0.0200,cross-ppi,148,0.060393935334551424,1.0
all,0.0200,cross-ppi,149,0.061586494217097165,1.0
all,0.0200,cross-ppi,150,0.06758014852204086,1.0
all,0.0200,cross-ppi,151,0.06308329316234118,1.0
all,0.0200,cross-ppi,152,0.06418237167901575,1.0
all,0.0200,cross-ppi,153,0.06310154526633652,1.0
all,0.0200,cross-ppi,154,0.06289898013021145,1.0
all,0.0200,cross-ppi,155,0.06504108538252296,1.0
all,0.0200,cross-ppi,156,0.06042972351450293,1.0
all,0.0200,cross-ppi,157,0.06494184326597044,1.0
all,0.0200,cross-ppi,158,0.06280091773969443,0.0
all,0.0200,cross-ppi,159,0.06042220935858278,1.0
all,0.0200,cross-ppi,160,0.07314807788562439,1.0
all,0.0200,cross-ppi,161,0.06666834073333772,1.0
all,0.0200,cross-ppi,162,0.06221447801843652,1.0
all,0.0200,cross-ppi,163,0.06815198603694439,1.0
all,0.0200,cross-ppi,164,0.06509738718276559,1.0
all,0.0200,cross-ppi,165,0.05885111424151576,1.0
all,0.0200,cross-ppi,166,0.06043296562542755,1.0
all,0.0200,cross-ppi,167,0.05903783178150779,1.0
all,0.0200,cross-ppi,168,0.06279204232218871,1.0
all,0.0200,cross-ppi,169,0.06331197191620774,1.0
all,0.0200,cross-ppi,170,0.05792425881669758,1.0
all,0.0200,cross-ppi,171,0.06120482138311223,1.0
all,0.0200,cross-ppi,172,0.061154579277028276,1.0
all,0.0200,cross-ppi,173,0.06374520798305908,1.0
all,0.0200,cross-ppi,174,0.06441020202009029,1.0
all,0.0200,cross-ppi,175,0.06354073838165775,1.0
all,0.0200,cross-ppi,176,0.06158258647893333,1.0
all,0.0200,cross-ppi,177,0.06570035479936653,1.0
all,0.0200,cross-ppi,178,0.05725970348982132,1.0
all,0.0200,cross-ppi,179,0.06632990307892328,1.0
all,0.0200,cross-ppi,180,0.06478393655308767,1.0
all,0.0200,cross-ppi,181,0.06826275729312584,1.0
all,0.0200,cross-ppi,182,0.06649380546934433,1.0
all,0.0200,cross-ppi,183,0.06390074114197139,1.0
all,0.0200,cross-ppi,184,0.06482170863230949,1.0
all,0.0200,cross-ppi,185,0.06059640484295259,1.0
all,0.0200,cross-ppi,186,0.06708873876268306,1.0
all,0.0200,cross-ppi,187,0.06605878319955638,1.0
all,0.0200,cross-ppi,188,0.05579040824990067,1.0
all,0.0200,cross-ppi,189,0.06692852758284387,1.0
all,0.0200,cross-ppi,190,0.06378391436514,1.0
all,0.0200,cross-ppi,191,0.06635798444246555,1.0
all,0.0200,cross-ppi,192,0.058145517998461155,1.0
all,0.0200,cross-ppi,193,0.06437340567178551,1.0
all,0.0200,cross-ppi,194,0.06696160101142834,1.0
all,0.0200,cross-ppi,195,0.07108119611424146,1.0
all,0.0200,cross-ppi,196,0.07118753766952324,1.0
all,0.0200,cross-ppi,197,0.06825872129796376,1.0
all,0.0200,cross-ppi,198,0.06528709891845452,1.0
all,0.0200,cross-ppi,199,0.06106737691924727,1.0
all,0.0200,cross-ppi,200,0.06548483926783077,1.0
all,0.0200,cross-ppi,201,0.06187238797434158,1.0
all,0.0200,cross-ppi,202,0.06398345281818696,1.0
all,0.0200,cross-ppi,203,0.06455144845084371,1.0
all,0.0200,cross-ppi,204,0.06801844701871998,1.0
all,0.0200,cross-ppi,205,0.06779477266338493,1.0
all,0.0200,cross-ppi,206,0.0612903190352414,1.0
all,0.0200,cross-ppi,207,0.06183119841979834,1.0
all,0.0200,cross-ppi,208,0.06228365064154487,1.0
all,0.0200,cross-ppi,209,0.06312267170789454,1.0
all,0.0200,cross-ppi,210,0.05747435194515724,1.0
all,0.0200,cross-ppi,211,0.062481779777717766,0.0
all,0.0200,cross-ppi,212,0.06116740016517705,1.0
all,0.0200,cross-ppi,213,0.06935478733311773,1.0
all,0.0200,cross-ppi,214,0.06530669654296595,1.0
all,0.0200,cross-ppi,215,0.06319996714307544,1.0
all,0.0200,cross-ppi,216,0.06311158215518231,1.0
all,0.0200,cross-ppi,217,0.06911232040581797,1.0
all,0.0200,cross-ppi,218,0.07003935716823609,1.0
all,0.0200,cross-ppi,219,0.06534352740617808,1.0
all,0.0200,cross-ppi,220,0.06229330250520307,1.0
all,0.0200,cross-ppi,221,0.06688602736991678,1.0
all,0.0200,cross-ppi,222,0.06294460071318198,1.0
all,0.0200,cross-ppi,223,0.06312890647428926,1.0
all,0.0200,cross-ppi,224,0.0652946365092072,1.0
all,0.0200,cross-ppi,225,0.05762360257703644,1.0
all,0.0200,cross-ppi,226,0.06390712694686404,1.0
all,0.0200,cross-ppi,227,0.06665435235892236,1.0
all,0.0200,cross-ppi,228,0.0640967489572859,1.0
all,0.0200,cross-ppi,229,0.06138447395613433,1.0
all,0.0200,cross-ppi,230,0.06955775676758713,1.0
all,0.0200,cross-ppi,231,0.06182984874522013,1.0
all,0.0200,cross-ppi,232,0.061574538615996044,1.0
all,0.0200,cross-ppi,233,0.06297230070011064,1.0
all,0.0200,cross-ppi,234,0.06094405536618064,1.0
all,0.0200,cross-ppi,235,0.06590031927912413,1.0
all,0.0200,cross-ppi,236,0.06364087954650885,1.0
all,0.0200,cross-ppi,237,0.05933384731059099,1.0
all,0.0200,cross-ppi,238,0.06084300510454921,1.0
all,0.0200,cross-ppi,239,0.06556576880448925,1.0
all,0.0200,cross-ppi,240,0.0681453074663696,1.0
all,0.0200,cross-ppi,241,0.06632357977294012,1.0
all,0.0200,cross-ppi,242,0.05616307769202855,1.0
all,0.0200,cross-ppi,243,0.060597673600078866,1.0
all,0.0200,cross-ppi,244,0.06526571325515262,1.0
all,0.0200,cross-ppi,245,0.057179374317216675,1.0
all,0.0200,cross-ppi,246,0.059798186920056784,1.0
all,0.0200,cross-ppi,247,0.06116612498456639,1.0
all,0.0200,cross-ppi,248,0.05901737724652914,1.0
all,0.0200,cross-ppi,249,0.06750846165086807,1.0
all,0.0200,cross-ppi,250,0.07084521991904003,0.0
all,0.0200,cross-ppi,251,0.061955270260479006,0.0
all,0.0200,cross-ppi,252,0.06047785172131959,1.0
all,0.0200,cross-ppi,253,0.06979698976483287,1.0
all,0.0200,cross-ppi,254,0.06963822173138134,1.0
all,0.0200,cross-ppi,255,0.06423194418464084,1.0
all,0.0200,cross-ppi,256,0.07028459741797419,1.0
all,0.0200,cross-ppi,257,0.0631614528307134,1.0
all,0.0200,cross-ppi,258,0.05933181863919726,1.0
all,0.0200,cross-ppi,259,0.06170083777506996,1.0
all,0.0200,cross-ppi,260,0.06358435315069252,1.0
all,0.0200,cross-ppi,261,0.06431303487439388,1.0
all,0.0200,cross-ppi,262,0.06411082364927867,1.0
all,0.0200,cross-ppi,263,0.05704094026137682,1.0
all,0.0200,cross-ppi,264,0.06646171696101,1.0
all,0.0200,cross-ppi,265,0.060208755272157966,1.0
all,0.0200,cross-ppi,266,0.07059651036742942,1.0
all,0.0200,cross-ppi,267,0.06804446823498289,1.0
all,0.0200,cross-ppi,268,0.06668044905134421,1.0
all,0.0200,cross-ppi,269,0.06798375548975233,1.0
all,0.0200,cross-ppi,270,0.06624509704015091,1.0
all,0.0200,cross-ppi,271,0.06573988877941406,1.0
all,0.0200,cross-ppi,272,0.06167562265034346,1.0
all,0.0200,cross-ppi,273,0.06400165519099721,1.0
all,0.0200,cross-ppi,274,0.06763573307407392,1.0
all,0.0200,cross-ppi,275,0.06862630760385824,1.0
all,0.0200,cross-ppi,276,0.0703518474429825,1.0
all,0.0200,cross-ppi,277,0.06661424878771816,1.0
all,0.0200,cross-ppi,278,0.06759219955241236,1.0
all,0.0200,cross-ppi,279,0.06281386298723046,1.0
all,0.0200,cross-ppi,280,0.07015978662346323,1.0
all,0.0200,cross-ppi,281,0.065075164751915,1.0
all,0.0200,cross-ppi,282,0.06485239523589437,1.0
all,0.0200,cross-ppi,283,0.06838066421586364,1.0
all,0.0200,cross-ppi,284,0.06386443551291654,1.0
all,0.0200,cross-ppi,285,0.06308293957714106,1.0
all,0.0200,cross-ppi,286,0.05597978349784383,1.0
all,0.0200,cross-ppi,287,0.05926101023464214,1.0
all,0.0200,cross-ppi,288,0.07349539105993019,1.0
all,0.0200,cross-ppi,289,0.061967066507166296,1.0
all,0.0200,cross-ppi,290,0.062350325734919027,1.0
all,0.0200,cross-ppi,291,0.06368361636408368,1.0
all,0.0200,cross-ppi,292,0.06816742569590573,1.0
all,0.0200,cross-ppi,293,0.05775981415484077,1.0
all,0.0200,cross-ppi,294,0.06612758795216056,1.0
all,0.0200,cross-ppi,295,0.0673349654475732,1.0
all,0.0200,cross-ppi,296,0.0671364014380077,1.0
all,0.0200,cross-ppi,297,0.058251352444775834,1.0
all,0.0200,cross-ppi,298,0.059793803041439636,1.0
all,0.0200,cross-ppi,299,0.0703172949148062,1.0
all,0.0200,cross-ppi,300,0.06218297891650282,1.0
all,0.0200,cross-ppi,301,0.05574395539383514,1.0
all,0.0200,cross-ppi,302,0.06892234051593649,1.0
all,0.0200,cross-ppi,303,0.06439138212639117,1.0
all,0.0200,cross-ppi,304,0.06352971652527553,1.0
all,0.0200,cross-ppi,305,0.06899400229651431,1.0
all,0.0200,cross-ppi,306,0.06304246367050456,1.0
all,0.0200,cross-ppi,307,0.06425177656119785,1.0
all,0.0200,cross-ppi,308,0.0631558572190847,1.0
all,0.0200,cross-ppi,309,0.05627923225374934,1.0
all,0.0200,cross-ppi,310,0.060398386864258274,1.0
all,0.0200,cross-ppi,311,0.07245501056245576,1.0
all,0.0200,cross-ppi,312,0.06633455243909259,1.0
all,0.0200,cross-ppi,313,0.06285662100913192,1.0
all,0.0200,cross-ppi,314,0.06364111467819136,1.0
all,0.0200,cross-ppi,315,0.06539180841171055,1.0
all,0.0200,cross-ppi,316,0.06250423670159397,1.0
all,0.0200,cross-ppi,317,0.06819622362263289,1.0
all,0.0200,cross-ppi,318,0.05677224262222558,1.0
all,0.0200,cross-ppi,319,0.061955042173238245,1.0
all,0.0200,cross-ppi,320,0.05982935771495981,1.0
all,0.0200,cross-ppi,321,0.06774516318141996,1.0
all,0.0200,cross-ppi,322,0.06634594938302851,1.0
all,0.0200,cross-ppi,323,0.06534358515230429,1.0
all,0.0200,cross-ppi,324,0.060831613212538854,1.0
all,0.0200,cross-ppi,325,0.06823590071287766,1.0
all,0.0200,cross-ppi,326,0.06321206337173194,1.0
all,0.0200,cross-ppi,327,0.06518492353259653,1.0
all,0.0200,cross-ppi,328,0.059919780155157226,1.0
all,0.0200,cross-ppi,329,0.0648818748421531,1.0
all,0.0200,cross-ppi,330,0.06812439724947539,1.0
all,0.0200,cross-ppi,331,0.06117585644991008,1.0
all,0.0200,cross-ppi,332,0.06198797815452409,1.0
all,0.0300,cross-ppi,0,0.052112134026170986,1.0
all,0.0300,cross-ppi,1,0.05276639906778732,1.0
all,0.0300,cross-ppi,2,0.051186437608097074,1.0
all,0.0300,cross-ppi,3,0.04772898801865147,1.0
all,0.0300,cross-ppi,4,0.04805458272242724,0.0
all,0.0300,cross-ppi,5,0.052960340207228174,1.0
all,0.0300,cross-ppi,6,0.054022190417512106,1.0
all,0.0300,cross-ppi,7,0.05693013640203737,1.0
all,0.0300,cross-ppi,8,0.04835545837100552,1.0
all,0.0300,cross-ppi,9,0.054436597726185365,1.0
all,0.0300,cross-ppi,10,0.05822392334942372,1.0
all,0.0300,cross-ppi,11,0.052194681657442565,1.0
all,0.0300,cross-ppi,12,0.057927330557929896,1.0
all,0.0300,cross-ppi,13,0.04724044973979158,0.0
all,0.0300,cross-ppi,14,0.05518756826064197,1.0
all,0.0300,cross-ppi,15,0.051308584579415034,1.0
all,0.0300,cross-ppi,16,0.05767327227125685,1.0
all,0.0300,cross-ppi,17,0.05164364111216191,1.0
all,0.0300,cross-ppi,18,0.05167035244143425,1.0
all,0.0300,cross-ppi,19,0.050010823430681445,1.0
all,0.0300,cross-ppi,20,0.0534931340925906,1.0
all,0.0300,cross-ppi,21,0.05495449296221655,1.0
all,0.0300,cross-ppi,22,0.056410581329487286,1.0
all,0.0300,cross-ppi,23,0.05288491773525908,1.0
all,0.0300,cross-ppi,24,0.04833850029132669,1.0
all,0.0300,cross-ppi,25,0.05380283750577711,1.0
all,0.0300,cross-ppi,26,0.05380003655049839,1.0
all,0.0300,cross-ppi,27,0.0545531368367653,1.0
all,0.0300,cross-ppi,28,0.053181615545112054,1.0
all,0.0300,cross-ppi,29,0.05501624647188508,1.0
all,0.0300,cross-ppi,30,0.05721538112230709,1.0
all,0.0300,cross-ppi,31,0.0508481183251662,0.0
all,0.0300,cross-ppi,32,0.05140930295122659,1.0
all,0.0300,cross-ppi,33,0.052770847958132694,1.0
all,0.0300,cross-ppi,34,0.04975923392855264,1.0
all,0.0300,cross-ppi,35,0.05719349252401887,1.0
all,0.0300,cross-ppi,36,0.053702568847773,1.0
all,0.0300,cross-ppi,37,0.05568073398342466,1.0
all,0.0300,cross-ppi,38,0.052787880951220084,1.0
all,0.0300,cross-ppi,39,0.05577333565559639,1.0
all,0.0300,cross-ppi,40,0.049771572838225336,1.0
all,0.0300,cross-ppi,41,0.051091178388808056,1.0
all,0.0300,cross-ppi,42,0.050760131365810396,1.0
all,0.0300,cross-ppi,43,0.05374173274773364,1.0
all,0.0300,cross-ppi,44,0.05040176727248877,1.0
all,0.0300,cross-ppi,45,0.042190380791986115,1.0
all,0.0300,cross-ppi,46,0.054428524426124864,1.0
all,0.0300,cross-ppi,47,0.05285287387741233,1.0
all,0.0300,cross-ppi,48,0.05003469526150453,1.0
all,0.0300,cross-ppi,49,0.052947124942409496,1.0
all,0.0300,cross-ppi,50,0.05304952039168309,1.0
all,0.0300,cross-ppi,51,0.05014996055873455,1.0
all,0.0300,cross-ppi,52,0.05372483653208046,1.0
all,0.0300,cross-ppi,53,0.05031803521895209,1.0
all,0.0300,cross-ppi,54,0.04987296018990217,1.0
all,0.0300,cross-ppi,55,0.05303992303816796,1.0
all,0.0300,cross-ppi,56,0.05022387682621213,1.0
all,0.0300,cross-ppi,57,0.05303078677636516,1.0
all,0.0300,cross-ppi,58,0.05257398004960376,1.0
all,0.0300,cross-ppi,59,0.048341600515828254,1.0
all,0.0300,cross-ppi,60,0.058013656965212324,1.0
all,0.0300,cross-ppi,61,0.05647346090512029,1.0
all,0.0300,cross-ppi,62,0.05100433192722009,1.0
all,0.0300,cross-ppi,63,0.05465552181295563,1.0
all,0.0300,cross-ppi,64,0.05138373068557153,1.0
all,0.0300,cross-ppi,65,0.046556863587492225,1.0
all,0.0300,cross-ppi,66,0.04958205476896238,1.0
all,0.0300,cross-ppi,67,0.05188341710454755,1.0
all,0.0300,cross-ppi,68,0.053430852844867954,1.0
all,0.0300,cross-ppi,69,0.04988985605299978,1.0
all,0.0300,cross-ppi,70,0.050315519720314256,1.0
all,0.0300,cross-ppi,71,0.05242691528646992,1.0
all,0.0300,cross-ppi,72,0.05104487138317493,1.0
all,0.0300,cross-ppi,73,0.054296535282794545,1.0
all,0.0300,cross-ppi,74,0.05393834650835608,1.0
all,0.0300,cross-ppi,75,0.05055425267285754,1.0
all,0.0300,cross-ppi,76,0.05106267370235684,1.0
all,0.0300,cross-ppi,77,0.05414805772193021,1.0
all,0.0300,cross-ppi,78,0.05099463888008712,1.0
all,0.0300,cross-ppi,79,0.05379675773396797,1.0
all,0.0300,cross-ppi,80,0.055309990029418055,1.0
all,0.0300,cross-ppi,81,0.05311263258439569,1.0
all,0.0300,cross-ppi,82,0.05298789133367676,1.0
all,0.0300,cross-ppi,83,0.05345529860156786,1.0
all,0.0300,cross-ppi,84,0.054287199988278356,1.0
all,0.0300,cross-ppi,85,0.051671406163088074,1.0
all,0.0300,cross-ppi,86,0.054429563672668047,0.0
all,0.0300,cross-ppi,87,0.055878748489934266,1.0
all,0.0300,cross-ppi,88,0.046237601721820676,1.0
all,0.0300,cross-ppi,89,0.0528325493490065,1.0
all,0.0300,cross-ppi,90,0.053546467855987934,1.0
all,0.0300,cross-ppi,91,0.053815801254297,1.0
all,0.0300,cross-ppi,92,0.05008702965868497,1.0
all,0.0300,cross-ppi,93,0.052736411759308766,1.0
all,0.0300,cross-ppi,94,0.05541553454987824,1.0
all,0.0300,cross-ppi,95,0.05689486009633374,1.0
all,0.0300,cross-ppi,96,0.05564893433908272,1.0
all,0.0300,cross-ppi,97,0.05482662918618145,1.0
all,0.0300,cross-ppi,98,0.052706595378581605,1.0
all,0.0300,cross-ppi,99,0.05084162055728192,1.0
all,0.0300,cross-ppi,100,0.05140671921852358,1.0
all,0.0300,cross-ppi,101,0.051510668435919865,1.0
all,0.0300,cross-ppi,102,0.05398632820740901,1.0
all,0.0300,cross-ppi,103,0.05346299059866855,1.0
all,0.0300,cross-ppi,104,0.05481753440468509,1.0
all,0.0300,cross-ppi,105,0.05493159236402001,1.0
all,0.0300,cross-ppi,106,0.04999996255116468,1.0
all,0.0300,cross-ppi,107,0.05033139189564875,1.0
all,0.0300,cross-ppi,108,0.05312868640839105,1.0
all,0.0300,cross-ppi,109,0.052804443485660935,1.0
all,0.0300,cross-ppi,110,0.04993624033712321,1.0
all,0.0300,cross-ppi,111,0.050853362139055225,1.0
all,0.0300,cross-ppi,112,0.049119821011768816,1.0
all,0.0300,cross-ppi,113,0.05729124295206789,1.0
all,0.0300,cross-ppi,114,0.05401105233778489,1.0
all,0.0300,cross-ppi,115,0.05393582189851731,1.0
all,0.0300,cross-ppi,116,0.049639523247035605,1.0
all,0.0300,cross-ppi,117,0.05585717206272592,1.0
all,0.0300,cross-ppi,118,0.05439748640520134,1.0
all,0.0300,cross-ppi,119,0.05219782433267228,1.0
all,0.0300,cross-ppi,120,0.05116334927998725,1.0
all,0.0300,cross-ppi,121,0.05587987241642001,1.0
all,0.0300,cross-ppi,122,0.050778408295114486,1.0
all,0.0300,cross-ppi,123,0.049831052789495955,1.0
all,0.0300,cross-ppi,124,0.050860010053903726,1.0
all,0.0300,cross-ppi,125,0.046286474761125684,1.0
all,0.0300,cross-ppi,126,0.050412068751904626,1.0
all,0.0300,cross-ppi,127,0.05503314470977905,1.0
all,0.0300,cross-ppi,128,0.05246388261624535,1.0
all,0.0300,cross-ppi,129,0.05267688461165124,1.0
all,0.0300,cross-ppi,130,0.05486199592592203,1.0
all,0.0300,cross-ppi,131,0.050106879166245566,1.0
all,0.0300,cross-ppi,132,0.05472829041380314,1.0
all,0.0300,cross-ppi,133,0.055172861125688644,1.0
all,0.0300,cross-ppi,134,0.04953072229659641,1.0
all,0.0300,cross-ppi,135,0.05295795354080732,1.0
all,0.0300,cross-ppi,136,0.052949573892452695,1.0
all,0.0300,cross-ppi,137,0.05154169519733609,1.0
all,0.0300,cross-ppi,138,0.05282749794850869,1.0
all,0.0300,cross-ppi,139,0.052435592177554974,1.0
all,0.0300,cross-ppi,140,0.053570205456672015,1.0
all,0.0300,cross-ppi,141,0.05287874603681331,1.0
all,0.0300,cross-ppi,142,0.04529181266041116,1.0
all,0.0300,cross-ppi,143,0.05143976684887522,1.0
all,0.0300,cross-ppi,144,0.05032484915744051,1.0
all,0.0300,cross-ppi,145,0.048778156933368844,1.0
all,0.0300,cross-ppi,146,0.04711012609199916,1.0
all,0.0300,cross-ppi,147,0.053815891725381926,1.0
all,0.0300,cross-ppi,148,0.049636102613541705,1.0
all,0.0300,cross-ppi,149,0.05497997220046391,1.0
all,0.0300,cross-ppi,150,0.05991510605226802,0.0
all,0.0300,cross-ppi,151,0.05187507756481369,0.0
all,0.0300,cross-ppi,152,0.05040141725607039,1.0
all,0.0300,cross-ppi,153,0.05735352737281452,1.0
all,0.0300,cross-ppi,154,0.05512138329890781,1.0
all,0.0300,cross-ppi,155,0.054967990413260615,1.0
all,0.0300,cross-ppi,156,0.05693237719062516,1.0
all,0.0300,cross-ppi,157,0.05303673851277435,1.0
all,0.0300,cross-ppi,158,0.049559669444790067,1.0
all,0.0300,cross-ppi,159,0.05346926994960666,1.0
all,0.0300,cross-ppi,160,0.050725131544323426,1.0
all,0.0300,cross-ppi,161,0.051968645855706014,1.0
all,0.0300,cross-ppi,162,0.05325293252763186,1.0
all,0.0300,cross-ppi,163,0.04802373821451045,1.0
all,0.0300,cross-ppi,164,0.05280997520845229,1.0
all,0.0300,cross-ppi,165,0.05149667455304019,1.0
all,0.0300,cross-ppi,166,0.054917847167778144,1.0
all,0.0300,cross-ppi,167,0.055527510383743484,1.0
all,0.0300,cross-ppi,168,0.052700069659224136,1.0
all,0.0300,cross-ppi,169,0.05347919075762597,1.0
all,0.0300,cross-ppi,170,0.05214584063188965,1.0
all,0.0300,cross-ppi,171,0.05373469166264011,1.0
all,0.0300,cross-ppi,172,0.05106097508423493,1.0
all,0.0300,cross-ppi,173,0.05228293421536426,1.0
all,0.0300,cross-ppi,174,0.052916586861749354,1.0
all,0.0300,cross-ppi,175,0.053212011605616616,1.0
all,0.0300,cross-ppi,176,0.056044173533310926,1.0
all,0.0300,cross-ppi,177,0.05630863117486895,1.0
all,0.0300,cross-ppi,178,0.05498769779151669,1.0
all,0.0300,cross-ppi,179,0.049779285086507974,1.0
all,0.0300,cross-ppi,180,0.05469443230898352,1.0
all,0.0300,cross-ppi,181,0.05399251634021615,1.0
all,0.0300,cross-ppi,182,0.052601929108684,1.0
all,0.0300,cross-ppi,183,0.053572751010266484,1.0
all,0.0300,cross-ppi,184,0.053268484648384545,1.0
all,0.0300,cross-ppi,185,0.05245161518923469,1.0
all,0.0300,cross-ppi,186,0.050438582141680705,1.0
all,0.0300,cross-ppi,187,0.050208890748249635,1.0
all,0.0300,cross-ppi,188,0.058093163094987355,1.0
all,0.0300,cross-ppi,189,0.05053969107820491,1.0
all,0.0300,cross-ppi,190,0.05038392774916656,1.0
all,0.0300,cross-ppi,191,0.05215643478710094,1.0
all,0.0300,cross-ppi,192,0.05419275700801196,1.0
all,0.0300,cross-ppi,193,0.048653486959480546,1.0
all,0.0300,cross-ppi,194,0.05297851216113528,1.0
all,0.0300,cross-ppi,195,0.05606453004612144,1.0
all,0.0300,cross-ppi,196,0.055321169348701876,1.0
all,0.0300,cross-ppi,197,0.05023941893726144,1.0
all,0.0300,cross-ppi,198,0.05338652858101431,1.0
all,0.0300,cross-ppi,199,0.05814737486056343,1.0
all,0.0300,cross-ppi,200,0.05205837314079745,1.0
all,0.0300,cross-ppi,201,0.04973467780100929,1.0
all,0.0300,cross-ppi,202,0.05466237593538881,1.0
all,0.0300,cross-ppi,203,0.05227966723116054,1.0
all,0.0300,cross-ppi,204,0.05378233329386861,1.0
all,0.0300,cross-ppi,205,0.05592903854219175,1.0
all,0.0300,cross-ppi,206,0.05305931758052429,1.0
all,0.0300,cross-ppi,207,0.05286387395126135,1.0
all,0.0300,cross-ppi,208,0.050676788294102826,1.0
all,0.0300,cross-ppi,209,0.05084521257507682,1.0
all,0.0300,cross-ppi,210,0.05249264450294022,1.0
all,0.0300,cross-ppi,211,0.058654743403657617,1.0
all,0.0300,cross-ppi,212,0.05430085880811608,1.0
all,0.0300,cross-ppi,213,0.05246424366966618,1.0
all,0.0300,cross-ppi,214,0.05179459726748328,1.0
all,0.0300,cross-ppi,215,0.05420084901664199,1.0
all,0.0300,cross-ppi,216,0.05029911579609039,1.0
all,0.0300,cross-ppi,217,0.05538558176828301,1.0
all,0.0300,cross-ppi,218,0.04973742007172996,1.0
all,0.0300,cross-ppi,219,0.05218641680071745,1.0
all,0.0300,cross-ppi,220,0.05235180843149678,1.0
all,0.0300,cross-ppi,221,0.05563354154166192,1.0
all,0.0300,cross-ppi,222,0.055127873615596235,1.0
all,0.0300,cross-ppi,223,0.053511313829938595,1.0
all,0.0300,cross-ppi,224,0.04767789525892918,1.0
all,0.0300,cross-ppi,225,0.05569686711094601,1.0
all,0.0300,cross-ppi,226,0.05127947260901622,1.0
all,0.0300,cross-ppi,227,0.05263723863147374,1.0
all,0.0300,cross-ppi,228,0.04828261875702167,1.0
all,0.0300,cross-ppi,229,0.05301498468377483,1.0
all,0.0300,cross-ppi,230,0.05607416278401578,1.0
all,0.0300,cross-ppi,231,0.05168086809161862,1.0
all,0.0300,cross-ppi,232,0.05012851890862269,1.0
all,0.0300,cross-ppi,233,0.04892683007481535,0.0
all,0.0300,cross-ppi,234,0.051953827855863444,1.0
all,0.0300,cross-ppi,235,0.05061607723810346,1.0
all,0.0300,cross-ppi,236,0.05877905590350718,1.0
all,0.0300,cross-ppi,237,0.053729958010162115,1.0
all,0.0300,cross-ppi,238,0.05044048536298318,1.0
all,0.0300,cross-ppi,239,0.05295351979921603,1.0
all,0.0300,cross-ppi,240,0.05024680381391475,1.0
all,0.0300,cross-ppi,241,0.04872104809827138,1.0
all,0.0300,cross-ppi,242,0.05057718001688971,1.0
all,0.0300,cross-ppi,243,0.05297917074090952,1.0
all,0.0300,cross-ppi,244,0.04608178122713655,1.0
all,0.0300,cross-ppi,245,0.05277299805127711,1.0
all,0.0300,cross-ppi,246,0.05435137942521437,1.0
all,0.0300,cross-ppi,247,0.05391230638293884,1.0
all,0.0300,cross-ppi,248,0.05412229898777143,1.0
all,0.0300,cross-ppi,249,0.04913222296165709,0.0
all,0.0300,cross-ppi,250,0.052567795342666895,1.0
all,0.0300,cross-ppi,251,0.05424318870696676,1.0
all,0.0300,cross-ppi,252,0.05355739777669488,1.0
all,0.0300,cross-ppi,253,0.05252151649291903,1.0
all,0.0300,cross-ppi,254,0.0529056820348868,1.0
all,0.0300,cross-ppi,255,0.05552355501013531,1.0
all,0.0300,cross-ppi,256,0.05468736783596717,1.0
all,0.0300,cross-ppi,257,0.051262153328958004,1.0
all,0.0300,cross-ppi,258,0.050222031938487594,1.0
all,0.0300,cross-ppi,259,0.04921468711777999,1.0
all,0.0300,cross-ppi,260,0.05391921787151277,1.0
all,0.0300,cross-ppi,261,0.051971375671817976,0.0
all,0.0300,cross-ppi,262,0.05024887524295152,1.0
all,0.0300,cross-ppi,263,0.053347898245765996,1.0
all,0.0300,cross-ppi,264,0.04779381647882533,1.0
all,0.0300,cross-ppi,265,0.055101211156596636,1.0
all,0.0300,cross-ppi,266,0.05496801937800444,1.0
all,0.0300,cross-ppi,267,0.05072432572198904,1.0
all,0.0300,cross-ppi,268,0.04966112569493153,1.0
all,0.0300,cross-ppi,269,0.05672448309211445,1.0
all,0.0300,cross-ppi,270,0.054359754086945905,1.0
all,0.0300,cross-ppi,271,0.05377814722266852,1.0
all,0.0300,cross-ppi,272,0.04966061042488279,1.0
all,0.0300,cross-ppi,273,0.054612874290505875,1.0
all,0.0300,cross-ppi,274,0.056691371393197354,1.0
all,0.0300,cross-ppi,275,0.05155850380992222,1.0
all,0.0300,cross-ppi,276,0.05524978701908878,1.0
all,0.0300,cross-ppi,277,0.054817751930851394,1.0
all,0.0300,cross-ppi,278,0.05525566766889842,1.0
all,0.0300,cross-ppi,279,0.05572352346234477,1.0
all,0.0300,cross-ppi,280,0.050170312512819004,1.0
all,0.0300,cross-ppi,281,0.04780554754567931,1.0
all,0.0300,cross-ppi,282,0.052752538689648354,1.0
all,0.0300,cross-ppi,283,0.05153103525476396,1.0
all,0.0300,cross-ppi,284,0.049601568596247064,1.0
all,0.0300,cross-ppi,285,0.04956707649403472,1.0
all,0.0300,cross-ppi,286,0.05406468772799081,1.0
all,0.0300,cross-ppi,287,0.049682275636983464,1.0
all,0.0300,cross-ppi,288,0.052571602690632435,1.0
all,0.0300,cross-ppi,289,0.05122862406699749,1.0
all,0.0300,cross-ppi,290,0.05024325306251076,1.0
all,0.0300,cross-ppi,291,0.048181452261757296,1.0
all,0.0300,cross-ppi,292,0.053644564119114,1.0
all,0.0300,cross-ppi,293,0.04974099204285254,1.0
all,0.0300,cross-ppi,294,0.05029572821136863,1.0
all,0.0300,cross-ppi,295,0.05011816545272918,1.0
all,0.0300,cross-ppi,296,0.053076660893886296,1.0
all,0.0300,cross-ppi,297,0.046065925895097504,0.0
all,0.0300,cross-ppi,298,0.055028675159250806,1.0
all,0.0300,cross-ppi,299,0.051083309827116286,1.0
all,0.0300,cross-ppi,300,0.053860651487552036,1.0
all,0.0300,cross-ppi,301,0.053196303658255006,1.0
all,0.0300,cross-ppi,302,0.053654717931440915,1.0
all,0.0300,cross-ppi,303,0.05508447156323093,1.0
all,0.0300,cross-ppi,304,0.056112240297170574,1.0
all,0.0300,cross-ppi,305,0.05516741784245402,1.0
all,0.0300,cross-ppi,306,0.05298740883654929,1.0
all,0.0300,cross-ppi,307,0.05195771938741686,1.0
all,0.0300,cross-ppi,308,0.05795067578903623,1.0
all,0.0300,cross-ppi,309,0.05438506670083043,1.0
all,0.0300,cross-ppi,310,0.05207451558156684,1.0
all,0.0300,cross-ppi,311,0.05444709143325577,1.0
all,0.0300,cross-ppi,312,0.05481176176316305,1.0
all,0.0300,cross-ppi,313,0.053013044850078184,1.0
all,0.0300,cross-ppi,314,0.05159072319069255,1.0
all,0.0300,cross-ppi,315,0.050727380424405055,1.0
all,0.0300,cross-ppi,316,0.052962237279095215,1.0
all,0.0300,cross-ppi,317,0.050480965547201995,0.0
all,0.0300,cross-ppi,318,0.056483089409289367,1.0
all,0.0300,cross-ppi,319,0.054263764143750864,1.0
all,0.0300,cross-ppi,320,0.053035593517141044,1.0
all,0.0300,cross-ppi,321,0.05573261294786369,1.0
all,0.0300,cross-ppi,322,0.053278120255319444,1.0
all,0.0300,cross-ppi,323,0.0535575116343423,1.0
all,0.0300,cross-ppi,324,0.053915576022925404,1.0
all,0.0300,cross-ppi,325,0.05159502531297691,1.0
all,0.0300,cross-ppi,326,0.05270292245585129,1.0
all,0.0300,cross-ppi,327,0.04942828026622026,1.0
all,0.0300,cross-ppi,328,0.05575273979162765,1.0
all,0.0300,cross-ppi,329,0.05320060674399496,1.0
all,0.0300,cross-ppi,330,0.05315399634829876,1.0
all,0.0300,cross-ppi,331,0.0488093374033097,1.0
all,0.0300,cross-ppi,332,0.05663886379548133,1.0
all,0.0400,cross-ppi,0,0.04658383322771131,1.0
all,0.0400,cross-ppi,1,0.047098994887581846,1.0
all,0.0400,cross-ppi,2,0.045485352083809216,1.0
all,0.0400,cross-ppi,3,0.04566635011061493,1.0
all,0.0400,cross-ppi,4,0.04779613262916271,1.0
all,0.0400,cross-ppi,5,0.04664899444970813,1.0
all,0.0400,cross-ppi,6,0.04441611365852505,1.0
all,0.0400,cross-ppi,7,0.04359444741466645,1.0
all,0.0400,cross-ppi,8,0.04534260592372097,1.0
all,0.0400,cross-ppi,9,0.04724781487804275,1.0
all,0.0400,cross-ppi,10,0.04482866088917323,1.0
all,0.0400,cross-ppi,11,0.045872077755819696,1.0
all,0.0400,cross-ppi,12,0.04407663056625008,1.0
all,0.0400,cross-ppi,13,0.0493131559823157,1.0
all,0.0400,cross-ppi,14,0.04653260207311752,1.0
all,0.0400,cross-ppi,15,0.04822249832773118,1.0
all,0.0400,cross-ppi,16,0.04534610755870938,1.0
all,0.0400,cross-ppi,17,0.049552597271798726,1.0
all,0.0400,cross-ppi,18,0.04873876570071167,1.0
all,0.0400,cross-ppi,19,0.04460710483407235,1.0
all,0.0400,cross-ppi,20,0.043716622583592435,1.0
all,0.0400,cross-ppi,21,0.048042714979279144,1.0
all,0.0400,cross-ppi,22,0.046410770462184114,0.0
all,0.0400,cross-ppi,23,0.04440863763059669,1.0
all,0.0400,cross-ppi,24,0.04536546099598107,1.0
all,0.0400,cross-ppi,25,0.04236037521759706,1.0
all,0.0400,cross-ppi,26,0.04274743101143563,1.0
all,0.0400,cross-ppi,27,0.04756246765570715,1.0
all,0.0400,cross-ppi,28,0.04493434375987748,0.0
all,0.0400,cross-ppi,29,0.04569109544464156,1.0
all,0.0400,cross-ppi,30,0.04710439534985392,1.0
all,0.0400,cross-ppi,31,0.04472783931606161,1.0
all,0.0400,cross-ppi,32,0.04581285139455937,1.0
all,0.0400,cross-ppi,33,0.04796290370996725,1.0
all,0.0400,cross-ppi,34,0.04328949950786373,1.0
all,0.0400,cross-ppi,35,0.045802430210793,1.0
all,0.0400,cross-ppi,36,0.0469196164815584,1.0
all,0.0400,cross-ppi,37,0.045640190442643974,1.0
all,0.0400,cross-ppi,38,0.04554714162582732,0.0
all,0.0400,cross-ppi,39,0.04706949619221443,1.0
all,0.0400,cross-ppi,40,0.04726161615343252,1.0
all,0.0400,cross-ppi,41,0.0455250307425458,1.0
all,0.0400,cross-ppi,42,0.04050017778624204,1.0
all,0.0400,cross-ppi,43,0.04567716490516524,1.0
all,0.0400,cross-ppi,44,0.0450170571725631,1.0
all,0.0400,cross-ppi,45,0.043540137052947986,1.0
all,0.0400,cross-ppi,46,0.042120312629697954,1.0
all,0.0400,cross-ppi,47,0.0464143400135667,1.0
all,0.0400,cross-ppi,48,0.042782952133435304,1.0
all,0.0400,cross-ppi,49,0.04683074229264972,1.0
all,0.0400,cross-ppi,50,0.05139979798519967,0.0
all,0.0400,cross-ppi,51,0.04462230814520199,0.0
all,0.0400,cross-ppi,52,0.046272534649419717,1.0
all,0.0400,cross-ppi,53,0.04850698473526352,1.0
all,0.0400,cross-ppi,54,0.0473259171685709,1.0
all,0.0400,cross-ppi,55,0.04847401491593628,1.0
all,0.0400,cross-ppi,56,0.04752193966148177,1.0
all,0.0400,cross-ppi,57,0.04698886758771634,1.0
all,0.0400,cross-ppi,58,0.042763261199014996,1.0
all,0.0400,cross-ppi,59,0.0476672938287066,1.0
all,0.0400,cross-ppi,60,0.04483709514195522,1.0
all,0.0400,cross-ppi,61,0.04525201879635002,1.0
all,0.0400,cross-ppi,62,0.04681543088901752,1.0
all,0.0400,cross-ppi,63,0.0433936452385858,1.0
all,0.0400,cross-ppi,64,0.04670282349940688,1.0
all,0.0400,cross-ppi,65,0.04357686726138166,1.0
all,0.0400,cross-ppi,66,0.04636287405474959,1.0
all,0.0400,cross-ppi,67,0.04827791263483239,1.0
all,0.0400,cross-ppi,68,0.04537526954930915,1.0
all,0.0400,cross-ppi,69,0.04783420261350055,1.0
all,0.0400,cross-ppi,70,0.04492315696507587,1.0
all,0.0400,cross-ppi,71,0.04792052098267696,1.0
all,0.0400,cross-ppi,72,0.04400338245453039,1.0
all,0.0400,cross-ppi,73,0.04483361044878875,1.0
all,0.0400,cross-ppi,74,0.04550897318656519,1.0
all,0.0400,cross-ppi,75,0.046578226751993745,1.0
all,0.0400,cross-ppi,76,0.04995611701971747,1.0
all,0.0400,cross-ppi,77,0.04723003960052363,1.0
all,0.0400,cross-ppi,78,0.04850495926134857,1.0
all,0.0400,cross-ppi,79,0.04379238316600573,1.0
all,0.0400,cross-ppi,80,0.047253233635243586,1.0
all,0.0400,cross-ppi,81,0.04684711316763779,1.0
all,0.0400,cross-ppi,82,0.04546354225292715,1.0
all,0.0400,cross-ppi,83,0.04694944115470834,1.0
all,0.0400,cross-ppi,84,0.04733863771633531,1.0
all,0.0400,cross-ppi,85,0.04760641647891581,1.0
all,0.0400,cross-ppi,86,0.04471234923605205,1.0
all,0.0400,cross-ppi,87,0.04382382239695026,1.0
all,0.0400,cross-ppi,88,0.047682453864292595,1.0
all,0.0400,cross-ppi,89,0.04584691866453994,1.0
all,0.0400,cross-ppi,90,0.04386558423044806,1.0
all,0.0400,cross-ppi,91,0.044334006935496384,1.0
all,0.0400,cross-ppi,92,0.04713446674007593,1.0
all,0.0400,cross-ppi,93,0.04272720266672261,1.0
all,0.0400,cross-ppi,94,0.047558323622201804,1.0
all,0.0400,cross-ppi,95,0.04830122674006307,1.0
all,0.0400,cross-ppi,96,0.04834417824708545,1.0
all,0.0400,cross-ppi,97,0.04354540018506006,1.0
all,0.0400,cross-ppi,98,0.045963144117110194,1.0
all,0.0400,cross-ppi,99,0.049340913181480706,1.0
all,0.0400,cross-ppi,100,0.045181833119947806,1.0
all,0.0400,cross-ppi,101,0.04514257456691406,1.0
all,0.0400,cross-ppi,102,0.04624645245864245,1.0
all,0.0400,cross-ppi,103,0.04559886917659284,1.0
all,0.0400,cross-ppi,104,0.045418886115926815,0.0
all,0.0400,cross-ppi,105,0.047530653630602604,1.0
all,0.0400,cross-ppi,106,0.04681490650138609,1.0
all,0.0400,cross-ppi,107,0.0460216511723881,1.0
all,0.0400,cross-ppi,108,0.04405492265386324,1.0
all,0.0400,cross-ppi,109,0.04444808308343329,1.0
all,0.0400,cross-ppi,110,0.044016897038326785,1.0
all,0.0400,cross-ppi,111,0.049373718523244015,1.0
all,0.0400,cross-ppi,112,0.04658897003473017,1.0
all,0.0400,cross-ppi,113,0.045372937992064905,1.0
all,0.0400,cross-ppi,114,0.04451074252421208,1.0
all,0.0400,cross-ppi,115,0.04928823216681011,1.0
all,0.0400,cross-ppi,116,0.04276889727836061,1.0
all,0.0400,cross-ppi,117,0.048732500583215654,1.0
all,0.0400,cross-ppi,118,0.04700860761622705,1.0
all,0.0400,cross-ppi,119,0.04524827578926369,1.0
all,0.0400,cross-ppi,120,0.04597920903229183,1.0
all,0.0400,cross-ppi,121,0.046312247052360006,1.0
all,0.0400,cross-ppi,122,0.04862938520336402,1.0
all,0.0400,cross-ppi,123,0.04782630901688853,1.0
all,0.0400,cross-ppi,124,0.044569567019704714,1.0
all,0.0400,cross-ppi,125,0.04816004289751785,1.0
all,0.0400,cross-ppi,126,0.04588640405379818,1.0
all,0.0400,cross-ppi,127,0.04501794657045324,1.0
all,0.0400,cross-ppi,128,0.042909589283518845,1.0
all,0.0400,cross-ppi,129,0.045372159244660315,1.0
all,0.0400,cross-ppi,130,0.04991997041215024,0.0
all,0.0400,cross-ppi,131,0.04506538870158125,1.0
all,0.0400,cross-ppi,132,0.04297724822636817,1.0
all,0.0400,cross-ppi,133,0.045320831517009164,1.0
all,0.0400,cross-ppi,134,0.04676716093161659,1.0
all,0.0400,cross-ppi,135,0.04744913613552093,1.0
all,0.0400,cross-ppi,136,0.04906672646120025,1.0
all,0.0400,cross-ppi,137,0.04726516741966824,1.0
all,0.0400,cross-ppi,138,0.0451032549619278,1.0
all,0.0400,cross-ppi,139,0.04550889773475755,1.0
all,0.0400,cross-ppi,140,0.04681557111734727,1.0
all,0.0400,cross-ppi,141,0.04310557995069053,1.0
all,0.0400,cross-ppi,142,0.04464394335261046,1.0
all,0.0400,cross-ppi,143,0.04665521800484018,1.0
all,0.0400,cross-ppi,144,0.042217871757687736,1.0
all,0.0400,cross-ppi,145,0.0453934795489781,1.0
all,0.0400,cross-ppi,146,0.04629512384530107,1.0
all,0.0400,cross-ppi,147,0.04878044325383779,1.0
all,0.0400,cross-ppi,148,0.04538094763609657,1.0
all,0.0400,cross-ppi,149,0.043313015362250185,0.0
all,0.0400,cross-ppi,150,0.046209724596145474,1.0
all,0.0400,cross-ppi,151,0.045322398376946516,1.0
all,0.0400,cross-ppi,152,0.04708598450119317,1.0
all,0.0400,cross-ppi,153,0.04648401894733656,1.0
all,0.0400,cross-ppi,154,0.04595368774895292,1.0
all,0.0400,cross-ppi,155,0.048061961785996865,1.0
all,0.0400,cross-ppi,156,0.04601858209781495,1.0
all,0.0400,cross-ppi,157,0.04598825091187095,1.0
all,0.0400,cross-ppi,158,0.044157443021280524,1.0
all,0.0400,cross-ppi,159,0.04288308637783381,1.0
all,0.0400,cross-ppi,160,0.046294993999525635,1.0
all,0.0400,cross-ppi,161,0.0459074378960701,0.0
all,0.0400,cross-ppi,162,0.045500555942493026,1.0
all,0.0400,cross-ppi,163,0.0458260963652041,1.0
all,0.0400,cross-ppi,164,0.04149959010846008,1.0
all,0.0400,cross-ppi,165,0.047932555523408776,1.0
all,0.0400,cross-ppi,166,0.04891566013758619,1.0
all,0.0400,cross-ppi,167,0.04496459799124075,1.0
all,0.0400,cross-ppi,168,0.04334529616590041,1.0
all,0.0400,cross-ppi,169,0.0489239345098291,1.0
all,0.0400,cross-ppi,170,0.047461246963687365,1.0
all,0.0400,cross-ppi,171,0.04535025550512253,1.0
all,0.0400,cross-ppi,172,0.04245260715537305,1.0
all,0.0400,cross-ppi,173,0.0451970588950468,1.0
all,0.0400,cross-ppi,174,0.04959058085766546,1.0
all,0.0400,cross-ppi,175,0.04496198594958578,1.0
all,0.0400,cross-ppi,176,0.045491963202550334,1.0
all,0.0400,cross-ppi,177,0.049592555187263354,1.0
all,0.0400,cross-ppi,178,0.047915164072492966,1.0
all,0.0400,cross-ppi,179,0.04862651244386207,1.0
all,0.0400,cross-ppi,180,0.04525093162340432,1.0
all,0.0400,cross-ppi,181,0.042393242927312835,1.0
all,0.0400,cross-ppi,182,0.045344296523910366,1.0
all,0.0400,cross-ppi,183,0.04575014357808907,1.0
all,0.0400,cross-ppi,184,0.04332876971103261,1.0
all,0.0400,cross-ppi,185,0.043840430577938044,1.0
all,0.0400,cross-ppi,186,0.04727905931506171,1.0
all,0.0400,cross-ppi,187,0.04346926217057534,1.0
all,0.0400,cross-ppi,188,0.04510513044855821,1.0
all,0.0400,cross-ppi,189,0.04531350767111783,1.0
all,0.0400,cross-ppi,190,0.04592636000950204,1.0
all,0.0400,cross-ppi,191,0.04417224413929244,1.0
all,0.0400,cross-ppi,192,0.04467239478848539,1.0
all,0.0400,cross-ppi,193,0.04482146839813972,1.0
all,0.0400,cross-ppi,194,0.045092737864877885,1.0
all,0.0400,cross-ppi,195,0.045095532630556795,1.0
all,0.0400,cross-ppi,196,0.04636446414665893,1.0
all,0.0400,cross-ppi,197,0.04159622088899248,0.0
all,0.0400,cross-ppi,198,0.046523464868132886,1.0
all,0.0400,cross-ppi,199,0.044702669765544045,1.0
all,0.0400,cross-ppi,200,0.0473504982004308,1.0
all,0.0400,cross-ppi,201,0.04564031368874075,1.0
all,0.0400,cross-ppi,202,0.047724283616668584,1.0
all,0.0400,cross-ppi,203,0.04894636423168153,1.0
all,0.0400,cross-ppi,204,0.04697671953535462,1.0
all,0.0400,cross-ppi,205,0.04626006914852132,1.0
all,0.0400,cross-ppi,206,0.046648167621896136,1.0
all,0.0400,cross-ppi,207,0.043681577803708294,1.0
all,0.0400,cross-ppi,208,0.048321970983582485,1.0
all,0.0400,cross-ppi,209,0.04747981908128404,1.0
all,0.0400,cross-ppi,210,0.04533813276923218,1.0
all,0.0400,cross-ppi,211,0.047554237647415176,1.0
all,0.0400,cross-ppi,212,0.04705606568585838,1.0
all,0.0400,cross-ppi,213,0.046913126796546356,1.0
all,0.0400,cross-ppi,214,0.04554163122007793,1.0
all,0.0400,cross-ppi,215,0.04697261445851009,1.0
all,0.0400,cross-ppi,216,0.047247971562854624,1.0
all,0.0400,cross-ppi,217,0.044599777707148625,1.0
all,0.0400,cross-ppi,218,0.04886886900954035,1.0
all,0.0400,cross-ppi,219,0.04703705421649432,1.0
all,0.0400,cross-ppi,220,0.046011367817977544,1.0
all,0.0400,cross-ppi,221,0.04837542220856905,1.0
all,0.0400,cross-ppi,222,0.046633092043078195,1.0
all,0.0400,cross-ppi,223,0.046637444228608715,1.0
all,0.0400,cross-ppi,224,0.04726418384200795,1.0
all,0.0400,cross-ppi,225,0.044349888819981476,1.0
all,0.0400,cross-ppi,226,0.04448698900178982,1.0
all,0.0400,cross-ppi,227,0.04243142255403887,1.0
all,0.0400,cross-ppi,228,0.04795642813431597,1.0
all,0.0400,cross-ppi,229,0.04544418551410179,1.0
all,0.0400,cross-ppi,230,0.04714580182511252,1.0
all,0.0400,cross-ppi,231,0.04389233195230602,1.0
all,0.0400,cross-ppi,232,0.04916404969856203,1.0
all,0.0400,cross-ppi,233,0.04304878880606755,1.0
all,0.0400,cross-ppi,234,0.0440411596288314,1.0
all,0.0400,cross-ppi,235,0.04599566029645963,0.0
all,0.0400,cross-ppi,236,0.04626981264555066,1.0
all,0.0400,cross-ppi,237,0.044676069227830545,1.0
all,0.0400,cross-ppi,238,0.04452236391677769,1.0
all,0.0400,cross-ppi,239,0.04705505786219655,1.0
all,0.0400,cross-ppi,240,0.04336692662763378,1.0
all,0.0400,cross-ppi,241,0.044287378449778175,1.0
all,0.0400,cross-ppi,242,0.04803825004437187,1.0
all,0.0400,cross-ppi,243,0.04689084625462517,1.0
all,0.0400,cross-ppi,244,0.047999740669672164,0.0
all,0.0400,cross-ppi,245,0.04199322290178523,1.0
all,0.0400,cross-ppi,246,0.04490381930447049,1.0
all,0.0400,cross-ppi,247,0.04667128161325618,1.0
all,0.0400,cross-ppi,248,0.05019709446771514,1.0
all,0.0400,cross-ppi,249,0.04638902162620953,1.0
all,0.0400,cross-ppi,250,0.04685856417945744,1.0
all,0.0400,cross-ppi,251,0.04678148780834679,1.0
all,0.0400,cross-ppi,252,0.04996385877539644,1.0
all,0.0400,cross-ppi,253,0.049050147410623746,0.0
all,0.0400,cross-ppi,254,0.04433768878931618,1.0
all,0.0400,cross-ppi,255,0.04712400470523748,1.0
all,0.0400,cross-ppi,256,0.04350751881418058,1.0
all,0.0400,cross-ppi,257,0.046504835241034215,1.0
all,0.0400,cross-ppi,258,0.048525044834830555,1.0
all,0.0400,cross-ppi,259,0.04797460320023872,1.0
all,0.0400,cross-ppi,260,0.045153255703743594,1.0
all,0.0400,cross-ppi,261,0.043028837474129555,1.0
all,0.0400,cross-ppi,262,0.0476544773121087,1.0
all,0.0400,cross-ppi,263,0.04703781484551997,1.0
all,0.0400,cross-ppi,264,0.04940369058925034,1.0
all,0.0400,cross-ppi,265,0.045036282840598796,1.0
all,0.0400,cross-ppi,266,0.045822389808753666,1.0
all,0.0400,cross-ppi,267,0.04284524212205906,1.0
all,0.0400,cross-ppi,268,0.046446041685691,1.0
all,0.0400,cross-ppi,269,0.041876527130312646,0.0
all,0.0400,cross-ppi,270,0.0444103987542149,1.0
all,0.0400,cross-ppi,271,0.04862124193830561,1.0
all,0.0400,cross-ppi,272,0.04827614276241224,1.0
all,0.0400,cross-ppi,273,0.043891407194837334,1.0
all,0.0400,cross-ppi,274,0.04510236111309296,1.0
all,0.0400,cross-ppi,275,0.0430275703240901,1.0
all,0.0400,cross-ppi,276,0.044015678358870436,1.0
all,0.0400,cross-ppi,277,0.04479127112131229,1.0
all,0.0400,cross-ppi,278,0.0459136936667732,1.0
all,0.0400,cross-ppi,279,0.04833192357661176,1.0
all,0.0400,cross-ppi,280,0.047352755297093485,1.0
all,0.0400,cross-ppi,281,0.04303756817879567,1.0
all,0.0400,cross-ppi,282,0.04345703989854266,1.0
all,0.0400,cross-ppi,283,0.04449710820626196,1.0
all,0.0400,cross-ppi,284,0.048168006501858235,1.0
all,0.0400,cross-ppi,285,0.04543123360897239,1.0
all,0.0400,cross-ppi,286,0.04684400230582164,1.0
all,0.0400,cross-ppi,287,0.04530720933833099,1.0
all,0.0400,cross-ppi,288,0.044132292110725335,1.0
all,0.0400,cross-ppi,289,0.048491260811832554,1.0
all,0.0400,cross-ppi,290,0.04681286649772107,1.0
all,0.0400,cross-ppi,291,0.04268915341494031,1.0
all,0.0400,cross-ppi,292,0.04463188460275469,1.0
all,0.0400,cross-ppi,293,0.04754031094827327,1.0
all,0.0400,cross-ppi,294,0.04733519967661626,1.0
all,0.0400,cross-ppi,295,0.047903658521371906,1.0
all,0.0400,cross-ppi,296,0.0453937837685332,1.0
all,0.0400,cross-ppi,297,0.04224921998726519,1.0
all,0.0400,cross-ppi,298,0.045234880781757164,1.0
all,0.0400,cross-ppi,299,0.04398888951566407,1.0
all,0.0400,cross-ppi,300,0.04730812315867228,1.0
all,0.0400,cross-ppi,301,0.04770672900403561,1.0
all,0.0400,cross-ppi,302,0.04965012417474712,0.0
all,0.0400,cross-ppi,303,0.04432470177112302,0.0
all,0.0400,cross-ppi,304,0.04989411299884436,1.0
all,0.0400,cross-ppi,305,0.045814476135504045,0.0
all,0.0400,cross-ppi,306,0.04635709538791219,1.0
all,0.0400,cross-ppi,307,0.04773767660197625,0.0
all,0.0400,cross-ppi,308,0.042727159550347865,1.0
all,0.0400,cross-ppi,309,0.044650365597779046,1.0
all,0.0400,cross-ppi,310,0.049282482792341264,1.0
all,0.0400,cross-ppi,311,0.04563958669725224,1.0
all,0.0400,cross-ppi,312,0.047009499814146705,1.0
all,0.0400,cross-ppi,313,0.04219019844684868,1.0
all,0.0400,cross-ppi,314,0.04545432457076959,1.0
all,0.0400,cross-ppi,315,0.04336053594939085,1.0
all,0.0400,cross-ppi,316,0.047334380153237876,1.0
all,0.0400,cross-ppi,317,0.047777687941476854,1.0
all,0.0400,cross-ppi,318,0.043586733224732804,1.0
all,0.0400,cross-ppi,319,0.04229155691099498,1.0
all,0.0400,cross-ppi,320,0.04504002138497251,1.0
all,0.0400,cross-ppi,321,0.04333215919774014,1.0
all,0.0400,cross-ppi,322,0.04099168758654517,1.0
all,0.0400,cross-ppi,323,0.04204000839232039,1.0
all,0.0400,cross-ppi,324,0.045247482248589876,1.0
all,0.0400,cross-ppi,325,0.04647479474818006,0.0
all,0.0400,cross-ppi,326,0.0454095342678279,1.0
all,0.0400,cross-ppi,327,0.04505804532628363,1.0
all,0.0400,cross-ppi,328,0.04696034311875863,1.0
all,0.0400,cross-ppi,329,0.044511606888936656,1.0
all,0.0400,cross-ppi,330,0.04522600525535195,1.0
all,0.0400,cross-ppi,331,0.04513331083783101,1.0
all,0.0400,cross-ppi,332,0.04627775234631204,1.0
all,0.0500,cross-ppi,0,0.0409161201331929,1.0
all,0.0500,cross-ppi,1,0.04051080025342049,1.0
all,0.0500,cross-ppi,2,0.041420067493298185,1.0
all,0.0500,cross-ppi,3,0.04089652844631897,1.0
all,0.0500,cross-ppi,4,0.04211652172442373,1.0
all,0.0500,cross-ppi,5,0.042334325878058326,1.0
all,0.0500,cross-ppi,6,0.042406099896539734,1.0
all,0.0500,cross-ppi,7,0.041007268712055095,1.0
all,0.0500,cross-ppi,8,0.03999034015374514,1.0
all,0.0500,cross-ppi,9,0.04049718644366429,1.0
all,0.0500,cross-ppi,10,0.040323152314570315,1.0
all,0.0500,cross-ppi,11,0.04374889515957994,1.0
all,0.0500,cross-ppi,12,0.04128359325038089,1.0
all,0.0500,cross-ppi,13,0.039593987926020674,1.0
all,0.0500,cross-ppi,14,0.04007118039071511,1.0
all,0.0500,cross-ppi,15,0.04337653829379051,1.0
all,0.0500,cross-ppi,16,0.038502126929199215,1.0
all,0.0500,cross-ppi,17,0.04291955979758158,1.0
all,0.0500,cross-ppi,18,0.04145037422786968,1.0
all,0.0500,cross-ppi,19,0.03850383147394054,1.0
all,0.0500,cross-ppi,20,0.04119596533126488,1.0
all,0.0500,cross-ppi,21,0.042069182781510284,1.0
all,0.0500,cross-ppi,22,0.04414751156398597,1.0
all,0.0500,cross-ppi,23,0.0425563420525199,1.0
all,0.0500,cross-ppi,24,0.04194406706221676,1.0
all,0.0500,cross-ppi,25,0.043181203617823405,1.0
all,0.0500,cross-ppi,26,0.04123523606024204,1.0
all,0.0500,cross-ppi,27,0.03939446964644144,1.0
all,0.0500,cross-ppi,28,0.039135967559187135,1.0
all,0.0500,cross-ppi,29,0.041327777274741906,1.0
all,0.0500,cross-ppi,30,0.044370259331504625,0.0
all,0.0500,cross-ppi,31,0.040504832023448234,1.0
all,0.0500,cross-ppi,32,0.039248032612679395,1.0
all,0.0500,cross-ppi,33,0.04010272714950036,0.0
all,0.0500,cross-ppi,34,0.04128075882078541,1.0
all,0.0500,cross-ppi,35,0.04215996037196068,1.0
all,0.0500,cross-ppi,36,0.04393638148847723,1.0
all,0.0500,cross-ppi,37,0.04150619799820454,1.0
all,0.0500,cross-ppi,38,0.040994871688538215,1.0
all,0.0500,cross-ppi,39,0.042348387298301926,1.0
all,0.0500,cross-ppi,40,0.04257482820142092,1.0
all,0.0500,cross-ppi,41,0.03932556679883578,1.0
all,0.0500,cross-ppi,42,0.039927988026823624,1.0
all,0.0500,cross-ppi,43,0.04244065234614544,1.0
all,0.0500,cross-ppi,44,0.037359164205761575,1.0
all,0.0500,cross-ppi,45,0.0403456410636239,1.0
all,0.0500,cross-ppi,46,0.040905402052112655,1.0
all,0.0500,cross-ppi,47,0.04362099315216719,1.0
all,0.0500,cross-ppi,48,0.040710852999801955,1.0
all,0.0500,cross-ppi,49,0.03992510438259125,1.0
all,0.0500,cross-ppi,50,0.040700632910490975,1.0
all,0.0500,cross-ppi,51,0.04093313000458207,1.0
all,0.0500,cross-ppi,52,0.04357597443788719,1.0
all,0.0500,cross-ppi,53,0.04129383305156242,1.0
all,0.0500,cross-ppi,54,0.040770488981929365,1.0
all,0.0500,cross-ppi,55,0.04303645582370674,1.0
all,0.0500,cross-ppi,56,0.04019291504415512,1.0
all,0.0500,cross-ppi,57,0.040616327637892996,1.0
all,0.0500,cross-ppi,58,0.03985710488150476,1.0
all,0.0500,cross-ppi,59,0.03947091147217596,1.0
all,0.0500,cross-ppi,60,0.04181292839453021,1.0
all,0.0500,cross-ppi,61,0.04008074307484066,1.0
all,0.0500,cross-ppi,62,0.040597808346725106,1.0
all,0.0500,cross-ppi,63,0.04083651542219549,1.0
all,0.0500,cross-ppi,64,0.037112667809841765,0.0
all,0.0500,cross-ppi,65,0.04269845407109929,1.0
all,0.0500,cross-ppi,66,0.04342796291942885,1.0
all,0.0500,cross-ppi,67,0.039691693522231314,1.0
all,0.0500,cross-ppi,68,0.04035294808600254,1.0
all,0.0500,cross-ppi,69,0.043360666035231615,1.0
all,0.0500,cross-ppi,70,0.04161462467533106,1.0
all,0.0500,cross-ppi,71,0.04145489153241155,1.0
all,0.0500,cross-ppi,72,0.04009789098003161,1.0
all,0.0500,cross-ppi,73,0.04143859826545648,1.0
all,0.0500,cross-ppi,74,0.044168371192518596,1.0
all,0.0500,cross-ppi,75,0.04118360054749459,1.0
all,0.0500,cross-ppi,76,0.04031646950683021,1.0
all,0.0500,cross-ppi,77,0.04361997063390233,1.0
all,0.0500,cross-ppi,78,0.04306815267661901,1.0
all,0.0500,cross-ppi,79,0.04440913053280551,1.0
all,0.0500,cross-ppi,80,0.04060325203505255,1.0
all,0.0500,cross-ppi,81,0.03894441244820368,1.0
all,0.0500,cross-ppi,82,0.04151449264188001,1.0
all,0.0500,cross-ppi,83,0.04184717348407929,1.0
all,0.0500,cross-ppi,84,0.04002413414251349,1.0
all,0.0500,cross-ppi,85,0.040025391180875114,1.0
all,0.0500,cross-ppi,86,0.04291446370047125,1.0
all,0.0500,cross-ppi,87,0.03839530526585333,1.0
all,0.0500,cross-ppi,88,0.03997326782466881,1.0
all,0.0500,cross-ppi,89,0.04001201930542253,1.0
all,0.0500,cross-ppi,90,0.04061259801343353,1.0
all,0.0500,cross-ppi,91,0.040801725918910625,1.0
all,0.0500,cross-ppi,92,0.03986544062017927,0.0
all,0.0500,cross-ppi,93,0.040564872601736024,1.0
all,0.0500,cross-ppi,94,0.04073858537119815,1.0
all,0.0500,cross-ppi,95,0.040138280030735385,1.0
all,0.0500,cross-ppi,96,0.04159710514847034,1.0
all,0.0500,cross-ppi,97,0.03833756171965674,1.0
all,0.0500,cross-ppi,98,0.04207668673901044,1.0
all,0.0500,cross-ppi,99,0.03916117702834085,1.0
all,0.0500,cross-ppi,100,0.04218932259899755,1.0
all,0.0500,cross-ppi,101,0.04213826505277718,1.0
all,0.0500,cross-ppi,102,0.04306844340526694,1.0
all,0.0500,cross-ppi,103,0.043511718102636515,1.0
all,0.0500,cross-ppi,104,0.04139426254937542,1.0
all,0.0500,cross-ppi,105,0.0418584682060229,1.0
all,0.0500,cross-ppi,106,0.041334097937572145,1.0
all,0.0500,cross-ppi,107,0.03925050424867074,1.0
all,0.0500,cross-ppi,108,0.04260413565732546,1.0
all,0.0500,cross-ppi,109,0.04237272631943101,1.0
all,0.0500,cross-ppi,110,0.04032539538355495,1.0
all,0.0500,cross-ppi,111,0.04236907088863903,1.0
all,0.0500,cross-ppi,112,0.04331418055020411,1.0
all,0.0500,cross-ppi,113,0.04149860426051433,1.0
all,0.0500,cross-ppi,114,0.04013787007914593,1.0
all,0.0500,cross-ppi,115,0.04141983528812487,1.0
all,0.0500,cross-ppi,116,0.04148022666974563,1.0
all,0.0500,cross-ppi,117,0.040291550343036775,1.0
all,0.0500,cross-ppi,118,0.04250446815246009,1.0
all,0.0500,cross-ppi,119,0.041702048927759056,1.0
all,0.0500,cross-ppi,120,0.04071823222996973,1.0
all,0.0500,cross-ppi,121,0.04293816781029647,1.0
all,0.0500,cross-ppi,122,0.041381942463711074,1.0
all,0.0500,cross-ppi,123,0.04223850277099539,1.0
all,0.0500,cross-ppi,124,0.04114602830439226,1.0
all,0.0500,cross-ppi,125,0.040572886282449955,1.0
all,0.0500,cross-ppi,126,0.03997705412938654,1.0
all,0.0500,cross-ppi,127,0.038947864615733824,1.0
all,0.0500,cross-ppi,128,0.0435796409912349,1.0
all,0.0500,cross-ppi,129,0.040465631806419045,1.0
all,0.0500,cross-ppi,130,0.04159229467152789,1.0
all,0.0500,cross-ppi,131,0.04023504479214671,1.0
all,0.0500,cross-ppi,132,0.04400788100657696,1.0
all,0.0500,cross-ppi,133,0.04036837562478046,1.0
all,0.0500,cross-ppi,134,0.04054809408038337,1.0
all,0.0500,cross-ppi,135,0.04078342084301212,1.0
all,0.0500,cross-ppi,136,0.0411102841145253,1.0
all,0.0500,cross-ppi,137,0.04029883359520267,1.0
all,0.0500,cross-ppi,138,0.03956766408792675,1.0
all,0.0500,cross-ppi,139,0.043269021882726744,1.0
all,0.0500,cross-ppi,140,0.03999730333807694,1.0
all,0.0500,cross-ppi,141,0.04101419490232394,1.0
all,0.0500,cross-ppi,142,0.044061054347629414,1.0
all,0.0500,cross-ppi,143,0.040663985420647863,1.0
all,0.0500,cross-ppi,144,0.04438278867956791,1.0
all,0.0500,cross-ppi,145,0.03770581268577508,1.0
all,0.0500,cross-ppi,146,0.04057759263673488,1.0
all,0.0500,cross-ppi,147,0.0417850623971209,1.0
all,0.0500,cross-ppi,148,0.04351432267173938,1.0
all,0.0500,cross-ppi,149,0.04237597333808016,1.0
all,0.0500,cross-ppi,150,0.041927144033742786,1.0
all,0.0500,cross-ppi,151,0.0416493259566898,1.0
all,0.0500,cross-ppi,152,0.04424093692495837,1.0
all,0.0500,cross-ppi,153,0.04378304104260855,1.0
all,0.0500,cross-ppi,154,0.03910095255434651,1.0
all,0.0500,cross-ppi,155,0.0431097813880095,1.0
all,0.0500,cross-ppi,156,0.03914196822819238,1.0
all,0.0500,cross-ppi,157,0.0413223108619071,1.0
all,0.0500,cross-ppi,158,0.04221953541565451,1.0
all,0.0500,cross-ppi,159,0.04210969395843847,1.0
all,0.0500,cross-ppi,160,0.04071497143492772,1.0
all,0.0500,cross-ppi,161,0.03966283301792273,1.0
all,0.0500,cross-ppi,162,0.042475988597912545,1.0
all,0.0500,cross-ppi,163,0.04152211101422976,1.0
all,0.0500,cross-ppi,164,0.0423661615829124,1.0
all,0.0500,cross-ppi,165,0.04096213964421502,1.0
all,0.0500,cross-ppi,166,0.04129175525402132,1.0
all,0.0500,cross-ppi,167,0.03947000839627901,1.0
all,0.0500,cross-ppi,168,0.04147113118401488,1.0
all,0.0500,cross-ppi,169,0.03854443842784991,1.0
all,0.0500,cross-ppi,170,0.039531053501727254,1.0
all,0.0500,cross-ppi,171,0.04220640360532449,1.0
all,0.0500,cross-ppi,172,0.04181648972260854,1.0
all,0.0500,cross-ppi,173,0.03936727322149314,1.0
all,0.0500,cross-ppi,174,0.04111332546761601,1.0
all,0.0500,cross-ppi,175,0.0383865955210094,1.0
all,0.0500,cross-ppi,176,0.040328731482376035,1.0
all,0.0500,cross-ppi,177,0.041104542562324875,1.0
all,0.0500,cross-ppi,178,0.03996294859674965,1.0
all,0.0500,cross-ppi,179,0.0427598183814587,1.0
all,0.0500,cross-ppi,180,0.042510640478535366,0.0
all,0.0500,cross-ppi,181,0.03957908504553398,1.0
all,0.0500,cross-ppi,182,0.0389023557290438,1.0
all,0.0500,cross-ppi,183,0.04051721856088733,1.0
all,0.0500,cross-ppi,184,0.04184984791690771,1.0
all,0.0500,cross-ppi,185,0.04152288099066839,1.0
all,0.0500,cross-ppi,186,0.04115708275009464,1.0
all,0.0500,cross-ppi,187,0.0395534890491519,1.0
all,0.0500,cross-ppi,188,0.03884402197155626,1.0
all,0.0500,cross-ppi,189,0.04185981238600009,1.0
all,0.0500,cross-ppi,190,0.042137050418925126,1.0
all,0.0500,cross-ppi,191,0.03729131448548331,1.0
all,0.0500,cross-ppi,192,0.04011487835642047,1.0
all,0.0500,cross-ppi,193,0.04211257078857522,1.0
all,0.0500,cross-ppi,194,0.04183659548767571,0.0
all,0.0500,cross-ppi,195,0.042619011430901854,0.0
all,0.0500,cross-ppi,196,0.04084441720726839,1.0
all,0.0500,cross-ppi,197,0.03885606873373526,1.0
all,0.0500,cross-ppi,198,0.040931044885340384,1.0
all,0.0500,cross-ppi,199,0.03975421366095022,1.0
all,0.0500,cross-ppi,200,0.04150919951901688,1.0
all,0.0500,cross-ppi,201,0.042478434145464705,1.0
all,0.0500,cross-ppi,202,0.04409854744587671,0.0
all,0.0500,cross-ppi,203,0.03993170783971811,1.0
all,0.0500,cross-ppi,204,0.0441648716737838,1.0
all,0.0500,cross-ppi,205,0.041177865858446044,1.0
all,0.0500,cross-ppi,206,0.04037542866709487,1.0
all,0.0500,cross-ppi,207,0.04271011479479603,0.0
all,0.0500,cross-ppi,208,0.038824359633559596,1.0
all,0.0500,cross-ppi,209,0.03974146899948516,1.0
all,0.0500,cross-ppi,210,0.044032585705014005,1.0
all,0.0500,cross-ppi,211,0.041725825414153345,1.0
all,0.0500,cross-ppi,212,0.043205049065000445,1.0
all,0.0500,cross-ppi,213,0.039073145676183696,1.0
all,0.0500,cross-ppi,214,0.042283246545997355,1.0
all,0.0500,cross-ppi,215,0.03969807383285917,1.0
all,0.0500,cross-ppi,216,0.04265002252683703,1.0
all,0.0500,cross-ppi,217,0.04293175347566047,1.0
all,0.0500,cross-ppi,218,0.03964300909882901,1.0
all,0.0500,cross-ppi,219,0.03938986115675247,1.0
all,0.0500,cross-ppi,220,0.04085509398539458,1.0
all,0.0500,cross-ppi,221,0.040223806114121546,1.0
all,0.0500,cross-ppi,222,0.03795785820536837,1.0
all,0.0500,cross-ppi,223,0.03895602920182295,1.0
all,0.0500,cross-ppi,224,0.041995299308657086,1.0
all,0.0500,cross-ppi,225,0.04243390723730489,0.0
all,0.0500,cross-ppi,226,0.04084454346668753,1.0
all,0.0500,cross-ppi,227,0.039213462583772674,1.0
all,0.0500,cross-ppi,228,0.04109536223892918,1.0
all,0.0500,cross-ppi,229,0.04081738866924267,1.0
all,0.0500,cross-ppi,230,0.03977618736567001,1.0
all,0.0500,cross-ppi,231,0.040746317470735205,1.0
all,0.0500,cross-ppi,232,0.04154844010559175,1.0
all,0.0500,cross-ppi,233,0.04237378154301405,1.0
all,0.0500,cross-ppi,234,0.042618658234473195,1.0
all,0.0500,cross-ppi,235,0.04288420023327011,1.0
all,0.0500,cross-ppi,236,0.03926302038467633,1.0
all,0.0500,cross-ppi,237,0.04042350638966352,0.0
all,0.0500,cross-ppi,238,0.04244635795421303,1.0
all,0.0500,cross-ppi,239,0.04009775987746622,1.0
all,0.0500,cross-ppi,240,0.039922324933753056,1.0
all,0.0500,cross-ppi,241,0.03786562695172657,1.0
all,0.0500,cross-ppi,242,0.03973814219619207,1.0
all,0.0500,cross-ppi,243,0.04007147851205606,1.0
all,0.0500,cross-ppi,244,0.04228614362774677,1.0
all,0.0500,cross-ppi,245,0.040973824269270875,1.0
all,0.0500,cross-ppi,246,0.041550680239214904,1.0
all,0.0500,cross-ppi,247,0.04081588166220096,1.0
all,0.0500,cross-ppi,248,0.04003530693102411,1.0
all,0.0500,cross-ppi,249,0.041862865280914124,1.0
all,0.0500,cross-ppi,250,0.03932408515894206,1.0
all,0.0500,cross-ppi,251,0.04098062100115152,1.0
all,0.0500,cross-ppi,252,0.04150656855262366,1.0
all,0.0500,cross-ppi,253,0.04150436691296655,1.0
all,0.0500,cross-ppi,254,0.03969852629073234,1.0
all,0.0500,cross-ppi,255,0.04176953815655482,1.0
all,0.0500,cross-ppi,256,0.040474645768183715,1.0
all,0.0500,cross-ppi,257,0.04510333970020308,1.0
all,0.0500,cross-ppi,258,0.040115553713156005,1.0
all,0.0500,cross-ppi,259,0.042507201080159596,1.0
all,0.0500,cross-ppi,260,0.04118108911706453,1.0
all,0.0500,cross-ppi,261,0.040571377124339864,1.0
all,0.0500,cross-ppi,262,0.040367580806630166,1.0
all,0.0500,cross-ppi,263,0.0424548250718666,0.0
all,0.0500,cross-ppi,264,0.04269323756566057,1.0
all,0.0500,cross-ppi,265,0.039469250274154044,1.0
all,0.0500,cross-ppi,266,0.03997790730293596,1.0
all,0.0500,cross-ppi,267,0.042324458606123216,1.0
all,0.0500,cross-ppi,268,0.04229845919532049,1.0
all,0.0500,cross-ppi,269,0.04189062792621512,1.0
all,0.0500,cross-ppi,270,0.0413805991485896,1.0
all,0.0500,cross-ppi,271,0.04113019339513202,1.0
all,0.0500,cross-ppi,272,0.04091851063925078,1.0
all,0.0500,cross-ppi,273,0.0398780873015164,1.0
all,0.0500,cross-ppi,274,0.04065305941892561,1.0
all,0.0500,cross-ppi,275,0.038233367762739445,1.0
all,0.0500,cross-ppi,276,0.04120353312909519,1.0
all,0.0500,cross-ppi,277,0.042875994127553135,1.0
all,0.0500,cross-ppi,278,0.041036510961450084,1.0
all,0.0500,cross-ppi,279,0.04202636970115789,1.0
all,0.0500,cross-ppi,280,0.04139344295852532,0.0
all,0.0500,cross-ppi,281,0.037998702859564526,1.0
all,0.0500,cross-ppi,282,0.04069494782986394,1.0
all,0.0500,cross-ppi,283,0.037987513000906636,1.0
all,0.0500,cross-ppi,284,0.04145613356759692,1.0
all,0.0500,cross-ppi,285,0.041264296414918133,0.0
all,0.0500,cross-ppi,286,0.03998032620953937,1.0
all,0.0500,cross-ppi,287,0.041809464070435426,1.0
all,0.0500,cross-ppi,288,0.041315613304832244,1.0
all,0.0500,cross-ppi,289,0.042987939618878146,1.0
all,0.0500,cross-ppi,290,0.03994771878455741,1.0
all,0.0500,cross-ppi,291,0.04384330479281695,1.0
all,0.0500,cross-ppi,292,0.03859786318043956,1.0
all,0.0500,cross-ppi,293,0.04080070744284037,1.0
all,0.0500,cross-ppi,294,0.040975167998172246,1.0
all,0.0500,cross-ppi,295,0.0396672563428373,1.0
all,0.0500,cross-ppi,296,0.038017271532887725,1.0
all,0.0500,cross-ppi,297,0.04079874778533579,1.0
all,0.0500,cross-ppi,298,0.042000140722216917,1.0
all,0.0500,cross-ppi,299,0.04066388300997956,1.0
all,0.0500,cross-ppi,300,0.03932822551288828,1.0
all,0.0500,cross-ppi,301,0.04374255320270437,1.0
all,0.0500,cross-ppi,302,0.04265174997164792,1.0
all,0.0500,cross-ppi,303,0.039689807633378454,1.0
all,0.0500,cross-ppi,304,0.039098887758718504,1.0
all,0.0500,cross-ppi,305,0.043261487572391705,1.0
all,0.0500,cross-ppi,306,0.04213887952918907,1.0
all,0.0500,cross-ppi,307,0.03941524815299324,1.0
all,0.0500,cross-ppi,308,0.04006073029778498,1.0
all,0.0500,cross-ppi,309,0.044305759561127034,1.0
all,0.0500,cross-ppi,310,0.04360288431519743,1.0
all,0.0500,cross-ppi,311,0.03959364131551546,1.0
all,0.0500,cross-ppi,312,0.04045209588645904,1.0
all,0.0500,cross-ppi,313,0.03943025517650356,1.0
all,0.0500,cross-ppi,314,0.04006434352985644,1.0
all,0.0500,cross-ppi,315,0.043112325384305095,1.0
all,0.0500,cross-ppi,316,0.041203801008179775,1.0
all,0.0500,cross-ppi,317,0.04098045625241034,1.0
all,0.0500,cross-ppi,318,0.042298407192718046,1.0
all,0.0500,cross-ppi,319,0.0418649496042619,1.0
all,0.0500,cross-ppi,320,0.04188044561452586,1.0
all,0.0500,cross-ppi,321,0.04374386749116474,1.0
all,0.0500,cross-ppi,322,0.040621112358969924,1.0
all,0.0500,cross-ppi,323,0.04106887946990656,1.0
all,0.0500,cross-ppi,324,0.042280910758379586,1.0
all,0.0500,cross-ppi,325,0.04178685985524522,1.0
all,0.0500,cross-ppi,326,0.04160409183913072,1.0
all,0.0500,cross-ppi,327,0.04269577015259132,1.0
all,0.0500,cross-ppi,328,0.04235941297375001,1.0
all,0.0500,cross-ppi,329,0.041144768730136644,1.0
all,0.0500,cross-ppi,330,0.04234072825829613,1.0
all,0.0500,cross-ppi,331,0.04123622889491019,1.0
all,0.0500,cross-ppi,332,0.04063922535583053,1.0
all,0.0600,cross-ppi,0,0.038845910800230005,1.0
all,0.0600,cross-ppi,1,0.03879851528594758,1.0
all,0.0600,cross-ppi,2,0.038704410711974835,1.0
all,0.0600,cross-ppi,3,0.04024900683353058,1.0
all,0.0600,cross-ppi,4,0.037429649255147135,1.0
all,0.0600,cross-ppi,5,0.038179112768516044,1.0
all,0.0600,cross-ppi,6,0.03749228232564808,1.0
all,0.0600,cross-ppi,7,0.037244444042735775,1.0
all,0.0600,cross-ppi,8,0.03903026811496946,1.0
all,0.0600,cross-ppi,9,0.03877756557949674,1.0
all,0.0600,cross-ppi,10,0.03695976443847512,1.0
all,0.0600,cross-ppi,11,0.038462926708360934,1.0
all,0.0600,cross-ppi,12,0.03950060202125069,1.0
all,0.0600,cross-ppi,13,0.03836778507649574,1.0
all,0.0600,cross-ppi,14,0.037504304946379796,1.0
all,0.0600,cross-ppi,15,0.03766274552315188,1.0
all,0.0600,cross-ppi,16,0.03856526140357161,1.0
all,0.0600,cross-ppi,17,0.036521529968110394,1.0
all,0.0600,cross-ppi,18,0.03880080311792233,1.0
all,0.0600,cross-ppi,19,0.03809976775126714,1.0
all,0.0600,cross-ppi,20,0.037050965879090625,1.0
all,0.0600,cross-ppi,21,0.039660573227968426,1.0
all,0.0600,cross-ppi,22,0.03765387405745635,1.0
all,0.0600,cross-ppi,23,0.038833181401851546,1.0
all,0.0600,cross-ppi,24,0.03696050994261832,1.0
all,0.0600,cross-ppi,25,0.037659406777293514,1.0
all,0.0600,cross-ppi,26,0.03711310330908146,1.0
all,0.0600,cross-ppi,27,0.03576511762616644,1.0
all,0.0600,cross-ppi,28,0.03999050775413926,1.0
all,0.0600,cross-ppi,29,0.037381388752736555,1.0
all,0.0600,cross-ppi,30,0.03862034234365849,1.0
all,0.0600,cross-ppi,31,0.03706456698570704,1.0
all,0.0600,cross-ppi,32,0.0404145989302952,1.0
all,0.0600,cross-ppi,33,0.03685942049894997,1.0
all,0.0600,cross-ppi,34,0.03695293217312301,1.0
all,0.0600,cross-ppi,35,0.037477030541838374,1.0
all,0.0600,cross-ppi,36,0.03870159061804879,1.0
all,0.0600,cross-ppi,37,0.037181326478200716,1.0
all,0.0600,cross-ppi,38,0.03628328574923134,1.0
all,0.0600,cross-ppi,39,0.0396016263661223,1.0
all,0.0600,cross-ppi,40,0.03609508346919041,1.0
all,0.0600,cross-ppi,41,0.03776145560374608,1.0
all,0.0600,cross-ppi,42,0.039326324254594924,1.0
all,0.0600,cross-ppi,43,0.03689220760143422,1.0
all,0.0600,cross-ppi,44,0.03991209084393543,1.0
all,0.0600,cross-ppi,45,0.03524876022608356,1.0
all,0.0600,cross-ppi,46,0.037344752930525665,1.0
all,0.0600,cross-ppi,47,0.038578036193522625,1.0
all,0.0600,cross-ppi,48,0.04062615526599753,1.0
all,0.0600,cross-ppi,49,0.03899849948895717,1.0
all,0.0600,cross-ppi,50,0.03789980829475681,1.0
all,0.0600,cross-ppi,51,0.037364187886831796,1.0
all,0.0600,cross-ppi,52,0.04097616803126958,1.0
all,0.0600,cross-ppi,53,0.03987815391737404,1.0
all,0.0600,cross-ppi,54,0.036460314852709064,1.0
all,0.0600,cross-ppi,55,0.03924779948854221,1.0
all,0.0600,cross-ppi,56,0.03549972222442699,1.0
all,0.0600,cross-ppi,57,0.03748083261958279,1.0
all,0.0600,cross-ppi,58,0.03926398670934961,1.0
all,0.0600,cross-ppi,59,0.03808092078222583,1.0
all,0.0600,cross-ppi,60,0.03745340428360058,1.0
all,0.0600,cross-ppi,61,0.03706937104171881,1.0
all,0.0600,cross-ppi,62,0.03919101632881827,1.0
all,0.0600,cross-ppi,63,0.03814680641418547,1.0
all,0.0600,cross-ppi,64,0.03889242220925329,1.0
all,0.0600,cross-ppi,65,0.03749046788730839,1.0
all,0.0600,cross-ppi,66,0.03735807401718136,1.0
all,0.0600,cross-ppi,67,0.0364503087742383,1.0
all,0.0600,cross-ppi,68,0.037777576978241134,1.0
all,0.0600,cross-ppi,69,0.035744640346788065,1.0
all,0.0600,cross-ppi,70,0.036801820935374624,1.0
all,0.0600,cross-ppi,71,0.038705542816102084,1.0
all,0.0600,cross-ppi,72,0.03826366231081535,1.0
all,0.0600,cross-ppi,73,0.03622902613533463,1.0
all,0.0600,cross-ppi,74,0.037396358401112356,1.0
all,0.0600,cross-ppi,75,0.03561538690968635,1.0
all,0.0600,cross-ppi,76,0.0369695402836816,1.0
all,0.0600,cross-ppi,77,0.03758916656467448,1.0
all,0.0600,cross-ppi,78,0.03562598526357086,1.0
all,0.0600,cross-ppi,79,0.03916494633520429,1.0
all,0.0600,cross-ppi,80,0.03871518265380747,1.0
all,0.0600,cross-ppi,81,0.03609489760980855,1.0
all,0.0600,cross-ppi,82,0.035465176103921636,1.0
all,0.0600,cross-ppi,83,0.03745866826304156,1.0
all,0.0600,cross-ppi,84,0.03831589655923609,1.0
all,0.0600,cross-ppi,85,0.03867788494531768,1.0
all,0.0600,cross-ppi,86,0.03738007496971432,1.0
all,0.0600,cross-ppi,87,0.036225491100536855,1.0
all,0.0600,cross-ppi,88,0.03574187222695979,0.0
all,0.0600,cross-ppi,89,0.03861457585901229,1.0
all,0.0600,cross-ppi,90,0.038833698704471176,1.0
all,0.0600,cross-ppi,91,0.034407185820453295,1.0
all,0.0600,cross-ppi,92,0.037901794631601926,1.0
all,0.0600,cross-ppi,93,0.03813579322687999,1.0
all,0.0600,cross-ppi,94,0.038713289613074964,0.0
all,0.0600,cross-ppi,95,0.03868011566667162,0.0
all,0.0600,cross-ppi,96,0.03744810296580303,1.0
all,0.0600,cross-ppi,97,0.036306566479086394,1.0
all,0.0600,cross-ppi,98,0.03815191971808063,1.0
all,0.0600,cross-ppi,99,0.036876438737589834,1.0
all,0.0600,cross-ppi,100,0.03877663094331865,1.0
all,0.0600,cross-ppi,101,0.03924613346483105,1.0
all,0.0600,cross-ppi,102,0.03947895451169692,1.0
all,0.0600,cross-ppi,103,0.03627799889637984,1.0
all,0.0600,cross-ppi,104,0.03991968937957435,1.0
all,0.0600,cross-ppi,105,0.038058974733286566,1.0
all,0.0600,cross-ppi,106,0.03730116814959894,1.0
all,0.0600,cross-ppi,107,0.03869416860713548,0.0
all,0.0600,cross-ppi,108,0.03627681915570466,1.0
all,0.0600,cross-ppi,109,0.036288626733682494,1.0
all,0.0600,cross-ppi,110,0.04073517296799212,1.0
all,0.0600,cross-ppi,111,0.0376786636710674,1.0
all,0.0600,cross-ppi,112,0.03917985110096567,1.0
all,0.0600,cross-ppi,113,0.03533957875436289,1.0
all,0.0600,cross-ppi,114,0.03900883518172274,1.0
all,0.0600,cross-ppi,115,0.03674700649759022,1.0
all,0.0600,cross-ppi,116,0.0387829923366898,1.0
all,0.0600,cross-ppi,117,0.039026230794560246,1.0
all,0.0600,cross-ppi,118,0.03499543855446219,1.0
all,0.0600,cross-ppi,119,0.03691030112884183,1.0
all,0.0600,cross-ppi,120,0.03673606274825572,1.0
all,0.0600,cross-ppi,121,0.03727673491062869,1.0
all,0.0600,cross-ppi,122,0.03520573140361727,1.0
all,0.0600,cross-ppi,123,0.03580373402217629,1.0
all,0.0600,cross-ppi,124,0.03894347200317172,1.0
all,0.0600,cross-ppi,125,0.038834907259702955,0.0
all,0.0600,cross-ppi,126,0.03841156931392839,1.0
all,0.0600,cross-ppi,127,0.035764437126782234,1.0
all,0.0600,cross-ppi,128,0.038115586303136245,1.0
all,0.0600,cross-ppi,129,0.03752187272258323,1.0
all,0.0600,cross-ppi,130,0.03674168556637972,1.0
all,0.0600,cross-ppi,131,0.03805647510276769,1.0
all,0.0600,cross-ppi,132,0.038218779396199026,1.0
all,0.0600,cross-ppi,133,0.038487864364746244,1.0
all,0.0600,cross-ppi,134,0.038898139766723516,1.0
all,0.0600,cross-ppi,135,0.03929631116938703,1.0
all,0.0600,cross-ppi,136,0.03675335978174357,1.0
all,0.0600,cross-ppi,137,0.03691533812745129,1.0
all,0.0600,cross-ppi,138,0.038138213985242087,1.0
all,0.0600,cross-ppi,139,0.03745313641618153,1.0
all,0.0600,cross-ppi,140,0.036270641892252486,1.0
all,0.0600,cross-ppi,141,0.03612620753647275,1.0
all,0.0600,cross-ppi,142,0.036370930323925355,1.0
all,0.0600,cross-ppi,143,0.036737474454660246,1.0
all,0.0600,cross-ppi,144,0.03925405981191843,1.0
all,0.0600,cross-ppi,145,0.037439203570759916,1.0
all,0.0600,cross-ppi,146,0.03827226179606433,1.0
all,0.0600,cross-ppi,147,0.0380106554426651,1.0
all,0.0600,cross-ppi,148,0.03726856257203548,1.0
all,0.0600,cross-ppi,149,0.038523576019362044,1.0
all,0.0600,cross-ppi,150,0.03636176944258507,1.0
all,0.0600,cross-ppi,151,0.03782557506273562,1.0
all,0.0600,cross-ppi,152,0.037718321529677135,1.0
all,0.0600,cross-ppi,153,0.03720988730131147,1.0
all,0.0600,cross-ppi,154,0.03667851886472362,1.0
all,0.0600,cross-ppi,155,0.037862472659806606,1.0
all,0.0600,cross-ppi,156,0.0380367510967311,1.0
all,0.0600,cross-ppi,157,0.04074716161998124,1.0
all,0.0600,cross-ppi,158,0.036465172101860954,1.0
all,0.0600,cross-ppi,159,0.03943837927106142,1.0
all,0.0600,cross-ppi,160,0.037753136082283256,1.0
all,0.0600,cross-ppi,161,0.0368776907464701,1.0
all,0.0600,cross-ppi,162,0.037545922251983804,1.0
all,0.0600,cross-ppi,163,0.038317149422660624,1.0
all,0.0600,cross-ppi,164,0.03872769370266907,1.0
all,0.0600,cross-ppi,165,0.03656427896902992,1.0
all,0.0600,cross-ppi,166,0.03738122753477047,1.0
all,0.0600,cross-ppi,167,0.038094732742148474,1.0
all,0.0600,cross-ppi,168,0.0388164595223226,1.0
all,0.0600,cross-ppi,169,0.03848989734529584,1.0
all,0.0600,cross-ppi,170,0.037489927315659366,1.0
all,0.0600,cross-ppi,171,0.03783736959938466,1.0
all,0.0600,cross-ppi,172,0.03735958955809107,1.0
all,0.0600,cross-ppi,173,0.0367684254347449,1.0
all,0.0600,cross-ppi,174,0.03784487588161323,1.0
all,0.0600,cross-ppi,175,0.03578264070266768,1.0
all,0.0600,cross-ppi,176,0.03712784421472645,1.0
all,0.0600,cross-ppi,177,0.03785714477986568,1.0
all,0.0600,cross-ppi,178,0.036932615048679424,1.0
all,0.0600,cross-ppi,179,0.03903705106834676,1.0
all,0.0600,cross-ppi,180,0.03770575647894492,0.0
all,0.0600,cross-ppi,181,0.03581580811825061,1.0
all,0.0600,cross-ppi,182,0.037648059570679515,1.0
all,0.0600,cross-ppi,183,0.034741649143076536,1.0
all,0.0600,cross-ppi,184,0.03863217945679498,1.0
all,0.0600,cross-ppi,185,0.03735526222119931,0.0
all,0.0600,cross-ppi,186,0.03693248878122721,1.0
all,0.0600,cross-ppi,187,0.03786793854286041,1.0
all,0.0600,cross-ppi,188,0.03922034950611408,1.0
all,0.0600,cross-ppi,189,0.039215015090934696,1.0
all,0.0600,cross-ppi,190,0.036822041149224494,1.0
all,0.0600,cross-ppi,191,0.03941240355502018,1.0
all,0.0600,cross-ppi,192,0.03640369571646071,1.0
all,0.0600,cross-ppi,193,0.038013664047186535,1.0
all,0.0600,cross-ppi,194,0.037634897469786904,1.0
all,0.0600,cross-ppi,195,0.03673709093748079,1.0
all,0.0600,cross-ppi,196,0.036675867481207325,1.0
all,0.0600,cross-ppi,197,0.03737638983447125,1.0
all,0.0600,cross-ppi,198,0.03837878965468386,1.0
all,0.0600,cross-ppi,199,0.03747219625536599,1.0
all,0.0600,cross-ppi,200,0.036716111545906954,1.0
all,0.0600,cross-ppi,201,0.039696364727123123,1.0
all,0.0600,cross-ppi,202,0.03913190603835037,1.0
all,0.0600,cross-ppi,203,0.03689955205346676,1.0
all,0.0600,cross-ppi,204,0.03640210750452952,1.0
all,0.0600,cross-ppi,205,0.0389901379342511,1.0
all,0.0600,cross-ppi,206,0.039001438140333855,1.0
all,0.0600,cross-ppi,207,0.03576245050814761,1.0
all,0.0600,cross-ppi,208,0.03644748633449815,1.0
all,0.0600,cross-ppi,209,0.03918472476088075,1.0
all,0.0600,cross-ppi,210,0.03978772754509216,1.0
all,0.0600,cross-ppi,211,0.03658975093904601,1.0
all,0.0600,cross-ppi,212,0.037097727398362035,1.0
all,0.0600,cross-ppi,213,0.03676531824535659,1.0
all,0.0600,cross-ppi,214,0.03726461254951785,1.0
all,0.0600,cross-ppi,215,0.03950861832135891,1.0
all,0.0600,cross-ppi,216,0.03825014684964656,1.0
all,0.0600,cross-ppi,217,0.03751399210967665,1.0
all,0.0600,cross-ppi,218,0.03860328803224322,1.0
all,0.0600,cross-ppi,219,0.03911266383474918,1.0
all,0.0600,cross-ppi,220,0.03928393810984765,1.0
all,0.0600,cross-ppi,221,0.04069327379417942,1.0
all,0.0600,cross-ppi,222,0.03728033472575065,1.0
all,0.0600,cross-ppi,223,0.03750516827279882,1.0
all,0.0600,cross-ppi,224,0.03802261175558733,1.0
all,0.0600,cross-ppi,225,0.038701614023512715,1.0
all,0.0600,cross-ppi,226,0.03797612244668802,1.0
all,0.0600,cross-ppi,227,0.03879504606279813,1.0
all,0.0600,cross-ppi,228,0.03862775457435452,1.0
all,0.0600,cross-ppi,229,0.037661641475226576,1.0
all,0.0600,cross-ppi,230,0.039055377395256996,1.0
all,0.0600,cross-ppi,231,0.03737078777308056,1.0
all,0.0600,cross-ppi,232,0.03642633858966368,1.0
all,0.0600,cross-ppi,233,0.03835485946389117,1.0
all,0.0600,cross-ppi,234,0.03836762191107934,1.0
all,0.0600,cross-ppi,235,0.0372578683909871,1.0
all,0.0600,cross-ppi,236,0.03780578811946056,1.0
all,0.0600,cross-ppi,237,0.03889850900469216,1.0
all,0.0600,cross-ppi,238,0.039942239653796285,1.0
all,0.0600,cross-ppi,239,0.036252184235331414,1.0
all,0.0600,cross-ppi,240,0.03764177862986451,1.0
all,0.0600,cross-ppi,241,0.039863808182984295,0.0
all,0.0600,cross-ppi,242,0.03883560734976485,1.0
all,0.0600,cross-ppi,243,0.03863922096645078,0.0
all,0.0600,cross-ppi,244,0.038700303498197336,1.0
all,0.0600,cross-ppi,245,0.03884905373994241,1.0
all,0.0600,cross-ppi,246,0.03593724638500739,1.0
all,0.0600,cross-ppi,247,0.03661467464261811,1.0
all,0.0600,cross-ppi,248,0.03840923533993057,1.0
all,0.0600,cross-ppi,249,0.03847187081829914,1.0
all,0.0600,cross-ppi,250,0.039362033353672055,1.0
all,0.0600,cross-ppi,251,0.03801190151313971,1.0
all,0.0600,cross-ppi,252,0.03855248673447875,1.0
all,0.0600,cross-ppi,253,0.03444379521947527,1.0
all,0.0600,cross-ppi,254,0.03755213329709961,1.0
all,0.0600,cross-ppi,255,0.037508652447653,1.0
all,0.0600,cross-ppi,256,0.037836815739501595,1.0
all,0.0600,cross-ppi,257,0.037269706291161775,1.0
all,0.0600,cross-ppi,258,0.038257488737751255,1.0
all,0.0600,cross-ppi,259,0.03820613941060261,1.0
all,0.0600,cross-ppi,260,0.03837350498278161,1.0
all,0.0600,cross-ppi,261,0.03756632896338652,1.0
all,0.0600,cross-ppi,262,0.0382023053731404,1.0
all,0.0600,cross-ppi,263,0.03963932447038457,1.0
all,0.0600,cross-ppi,264,0.03867593895846544,1.0
all,0.0600,cross-ppi,265,0.03829554169500704,1.0
all,0.0600,cross-ppi,266,0.03914663855974454,1.0
all,0.0600,cross-ppi,267,0.038225154916895154,1.0
all,0.0600,cross-ppi,268,0.037784933314350594,1.0
all,0.0600,cross-ppi,269,0.0356778312005398,1.0
all,0.0600,cross-ppi,270,0.038757563547738266,1.0
all,0.0600,cross-ppi,271,0.03756868266679625,1.0
all,0.0600,cross-ppi,272,0.03926651895678224,1.0
all,0.0600,cross-ppi,273,0.038002297029939736,1.0
all,0.0600,cross-ppi,274,0.037817473829812626,1.0
all,0.0600,cross-ppi,275,0.0363801665109694,1.0
all,0.0600,cross-ppi,276,0.03789724347179568,1.0
all,0.0600,cross-ppi,277,0.03630424576959024,1.0
all,0.0600,cross-ppi,278,0.03615313250440577,1.0
all,0.0600,cross-ppi,279,0.038048906406692784,1.0
all,0.0600,cross-ppi,280,0.03897285903437453,1.0
all,0.0600,cross-ppi,281,0.03817521406930591,1.0
all,0.0600,cross-ppi,282,0.036457152928829895,1.0
all,0.0600,cross-ppi,283,0.037067776080055626,1.0
all,0.0600,cross-ppi,284,0.03852881551377774,1.0
all,0.0600,cross-ppi,285,0.0397074483122839,1.0
all,0.0600,cross-ppi,286,0.0367014996697711,1.0
all,0.0600,cross-ppi,287,0.03743894974401421,1.0
all,0.0600,cross-ppi,288,0.038148616619804204,1.0
all,0.0600,cross-ppi,289,0.03793366771536513,1.0
all,0.0600,cross-ppi,290,0.03802504992855757,1.0
all,0.0600,cross-ppi,291,0.0382275578517034,1.0
all,0.0600,cross-ppi,292,0.037733421331513334,1.0
all,0.0600,cross-ppi,293,0.03822960962226804,1.0
all,0.0600,cross-ppi,294,0.0392150919261984,1.0
all,0.0600,cross-ppi,295,0.036801831283033076,1.0
all,0.0600,cross-ppi,296,0.037186368468721503,1.0
all,0.0600,cross-ppi,297,0.03783576615293771,1.0
all,0.0600,cross-ppi,298,0.036595155441887434,1.0
all,0.0600,cross-ppi,299,0.038176382946646464,1.0
all,0.0600,cross-ppi,300,0.037015325426430906,1.0
all,0.0600,cross-ppi,301,0.037918116710683236,1.0
all,0.0600,cross-ppi,302,0.03706600278758787,1.0
all,0.0600,cross-ppi,303,0.03887671808211113,1.0
all,0.0600,cross-ppi,304,0.03742199759400569,1.0
all,0.0600,cross-ppi,305,0.035819535223596266,1.0
all,0.0600,cross-ppi,306,0.03927195955874674,1.0
all,0.0600,cross-ppi,307,0.0412607687063532,1.0
all,0.0600,cross-ppi,308,0.03817661022527097,1.0
all,0.0600,cross-ppi,309,0.03767123791243146,1.0
all,0.0600,cross-ppi,310,0.037059869771545406,1.0
all,0.0600,cross-ppi,311,0.038129672189716274,1.0
all,0.0600,cross-ppi,312,0.037067239855692186,1.0
all,0.0600,cross-ppi,313,0.03766201788494228,1.0
all,0.0600,cross-ppi,314,0.03960317972781294,1.0
all,0.0600,cross-ppi,315,0.03552169606708466,1.0
all,0.0600,cross-ppi,316,0.03651884935072103,1.0
all,0.0600,cross-ppi,317,0.037595448574446966,1.0
all,0.0600,cross-ppi,318,0.036491598842725376,1.0
all,0.0600,cross-ppi,319,0.035325417279942206,1.0
all,0.0600,cross-ppi,320,0.03936844581261681,1.0
all,0.0600,cross-ppi,321,0.03856559089480871,1.0
all,0.0600,cross-ppi,322,0.03732888157305789,1.0
all,0.0600,cross-ppi,323,0.0362924633549635,1.0
all,0.0600,cross-ppi,324,0.036874185067489434,1.0
all,0.0600,cross-ppi,325,0.038159635866824554,1.0
all,0.0600,cross-ppi,326,0.03744537207178711,1.0
all,0.0600,cross-ppi,327,0.037740351454732396,1.0
all,0.0600,cross-ppi,328,0.03805521204598161,1.0
all,0.0600,cross-ppi,329,0.037575124544021454,1.0
all,0.0600,cross-ppi,330,0.03737132448420677,1.0
all,0.0600,cross-ppi,331,0.03870343351160588,1.0
all,0.0600,cross-ppi,332,0.03709620572198294,1.0
all,0.0700,cross-ppi,0,0.03550293578027608,1.0
all,0.0700,cross-ppi,1,0.03589260702511843,1.0
all,0.0700,cross-ppi,2,0.036940415905456825,1.0
all,0.0700,cross-ppi,3,0.03434145344944814,1.0
all,0.0700,cross-ppi,4,0.036840430716914896,1.0
all,0.0700,cross-ppi,5,0.035399123595102416,1.0
all,0.0700,cross-ppi,6,0.03468504239663672,1.0
all,0.0700,cross-ppi,7,0.03595723102516746,0.0
all,0.0700,cross-ppi,8,0.03401120189787718,1.0
all,0.0700,cross-ppi,9,0.0348993732687658,1.0
all,0.0700,cross-ppi,10,0.03765578460533525,1.0
all,0.0700,cross-ppi,11,0.034830958899208064,1.0
all,0.0700,cross-ppi,12,0.036233947281967716,1.0
all,0.0700,cross-ppi,13,0.032893151072375476,1.0
all,0.0700,cross-ppi,14,0.03586435153446002,1.0
all,0.0700,cross-ppi,15,0.03461489550711783,1.0
all,0.0700,cross-ppi,16,0.03573193706763478,1.0
all,0.0700,cross-ppi,17,0.03657227151832432,1.0
all,0.0700,cross-ppi,18,0.0336997877515538,1.0
all,0.0700,cross-ppi,19,0.03504002955440688,1.0
all,0.0700,cross-ppi,20,0.03450963318023234,1.0
all,0.0700,cross-ppi,21,0.034819973765841755,1.0
all,0.0700,cross-ppi,22,0.033328052100106115,1.0
all,0.0700,cross-ppi,23,0.03407025936397243,1.0
all,0.0700,cross-ppi,24,0.03566285875206243,1.0
all,0.0700,cross-ppi,25,0.03607268294525423,0.0
all,0.0700,cross-ppi,26,0.03583221427106284,1.0
all,0.0700,cross-ppi,27,0.03435197154695957,1.0
all,0.0700,cross-ppi,28,0.034869529135679894,1.0
all,0.0700,cross-ppi,29,0.034466214196671646,1.0
all,0.0700,cross-ppi,30,0.034469337975786746,1.0
all,0.0700,cross-ppi,31,0.035700266255137336,1.0
all,0.0700,cross-ppi,32,0.03552288706163409,1.0
all,0.0700,cross-ppi,33,0.035308031859878714,1.0
all,0.0700,cross-ppi,34,0.03634516098616891,1.0
all,0.0700,cross-ppi,35,0.03658010135838896,1.0
all,0.0700,cross-ppi,36,0.03404327735773097,1.0
all,0.0700,cross-ppi,37,0.0354758023365902,1.0
all,0.0700,cross-ppi,38,0.03554932178875994,1.0
all,0.0700,cross-ppi,39,0.035047085846207277,1.0
all,0.0700,cross-ppi,40,0.03380201739348185,1.0
all,0.0700,cross-ppi,41,0.033699208181613566,1.0
all,0.0700,cross-ppi,42,0.03410142940561578,1.0
all,0.0700,cross-ppi,43,0.03477035621434055,1.0
all,0.0700,cross-ppi,44,0.035991197198679825,1.0
all,0.0700,cross-ppi,45,0.035152891181080115,1.0
all,0.0700,cross-ppi,46,0.03661021098691378,1.0
all,0.0700,cross-ppi,47,0.03499536904660716,1.0
all,0.0700,cross-ppi,48,0.03438597587744732,1.0
all,0.0700,cross-ppi,49,0.03659415245080788,1.0
all,0.0700,cross-ppi,50,0.03390527313515232,1.0
all,0.0700,cross-ppi,51,0.03512026965124504,1.0
all,0.0700,cross-ppi,52,0.035536429356379656,1.0
all,0.0700,cross-ppi,53,0.03436598731391227,1.0
all,0.0700,cross-ppi,54,0.035093682379547575,1.0
all,0.0700,cross-ppi,55,0.0349254886593707,1.0
all,0.0700,cross-ppi,56,0.036116805384770134,1.0
all,0.0700,cross-ppi,57,0.03882876973629276,1.0
all,0.0700,cross-ppi,58,0.034221091030206874,1.0
all,0.0700,cross-ppi,59,0.036549239073150774,1.0
all,0.0700,cross-ppi,60,0.0348970934984042,1.0
all,0.0700,cross-ppi,61,0.03402070809575475,1.0
all,0.0700,cross-ppi,62,0.03527355265877585,1.0
all,0.0700,cross-ppi,63,0.035947280942904114,1.0
all,0.0700,cross-ppi,64,0.03574532884550377,1.0
all,0.0700,cross-ppi,65,0.03421085435576121,1.0
all,0.0700,cross-ppi,66,0.03438142607409797,1.0
all,0.0700,cross-ppi,67,0.035749420500447715,1.0
all,0.0700,cross-ppi,68,0.03625218070133884,1.0
all,0.0700,cross-ppi,69,0.03543162697005578,1.0
all,0.0700,cross-ppi,70,0.03482383667811531,1.0
all,0.0700,cross-ppi,71,0.03549639765989865,1.0
all,0.0700,cross-ppi,72,0.03531805313831571,1.0
all,0.0700,cross-ppi,73,0.03479595868967214,1.0
all,0.0700,cross-ppi,74,0.03565693904735956,1.0
all,0.0700,cross-ppi,75,0.03374224364657685,1.0
all,0.0700,cross-ppi,76,0.034753172192608206,1.0
all,0.0700,cross-ppi,77,0.035862989709346316,1.0
all,0.0700,cross-ppi,78,0.0345728042072759,1.0
all,0.0700,cross-ppi,79,0.03675549585090143,1.0
all,0.0700,cross-ppi,80,0.034942111101713635,0.0
all,0.0700,cross-ppi,81,0.03350400619442037,1.0
all,0.0700,cross-ppi,82,0.03554683815137008,1.0
all,0.0700,cross-ppi,83,0.03259063677809615,1.0
all,0.0700,cross-ppi,84,0.03570672669622085,1.0
all,0.0700,cross-ppi,85,0.034579165546968965,1.0
all,0.0700,cross-ppi,86,0.03520570083711316,1.0
all,0.0700,cross-ppi,87,0.035955623730150266,1.0
all,0.0700,cross-ppi,88,0.03631677359689389,1.0
all,0.0700,cross-ppi,89,0.03552999895269737,1.0
all,0.0700,cross-ppi,90,0.03453446322443063,1.0
all,0.0700,cross-ppi,91,0.036704264621837956,1.0
all,0.0700,cross-ppi,92,0.034546281709592064,1.0
all,0.0700,cross-ppi,93,0.03490733599541518,1.0
all,0.0700,cross-ppi,94,0.035576372912232285,1.0
all,0.0700,cross-ppi,95,0.03471187227649086,1.0
all,0.0700,cross-ppi,96,0.03413199889351426,1.0
all,0.0700,cross-ppi,97,0.03515750596005071,1.0
all,0.0700,cross-ppi,98,0.035737530896659875,1.0
all,0.0700,cross-ppi,99,0.035051165365977216,1.0
all,0.0700,cross-ppi,100,0.03365739951689539,1.0
all,0.0700,cross-ppi,101,0.03635999240809862,1.0
all,0.0700,cross-ppi,102,0.0363829073828017,1.0
all,0.0700,cross-ppi,103,0.03492077573595595,1.0
all,0.0700,cross-ppi,104,0.03391025476164955,1.0
all,0.0700,cross-ppi,105,0.035960865176791895,1.0
all,0.0700,cross-ppi,106,0.03551421789745804,1.0
all,0.0700,cross-ppi,107,0.032633692061308284,1.0
all,0.0700,cross-ppi,108,0.034568811295230706,1.0
all,0.0700,cross-ppi,109,0.03576305492226284,1.0
all,0.0700,cross-ppi,110,0.03701579715082359,1.0
all,0.0700,cross-ppi,111,0.034151322153255226,1.0
all,0.0700,cross-ppi,112,0.03508389690631619,1.0
all,0.0700,cross-ppi,113,0.03473161673627201,1.0
all,0.0700,cross-ppi,114,0.03528349675604192,1.0
all,0.0700,cross-ppi,115,0.0359239474946601,1.0
all,0.0700,cross-ppi,116,0.03551147138310387,1.0
all,0.0700,cross-ppi,117,0.03475157199188095,1.0
all,0.0700,cross-ppi,118,0.03627958827142716,1.0
all,0.0700,cross-ppi,119,0.03629530328221631,1.0
all,0.0700,cross-ppi,120,0.036431347253596896,1.0
all,0.0700,cross-ppi,121,0.03723378093648455,1.0
all,0.0700,cross-ppi,122,0.03442293524705664,1.0
all,0.0700,cross-ppi,123,0.03543258389778006,1.0
all,0.0700,cross-ppi,124,0.034776407908423096,1.0
all,0.0700,cross-ppi,125,0.03565731848763645,1.0
all,0.0700,cross-ppi,126,0.035102385097821154,1.0
all,0.0700,cross-ppi,127,0.03640353218596315,1.0
all,0.0700,cross-ppi,128,0.03598830421082591,1.0
all,0.0700,cross-ppi,129,0.03454278115090134,1.0
all,0.0700,cross-ppi,130,0.03569052253396776,1.0
all,0.0700,cross-ppi,131,0.035088981098017946,1.0
all,0.0700,cross-ppi,132,0.03366997807482519,1.0
all,0.0700,cross-ppi,133,0.036009562871323064,1.0
all,0.0700,cross-ppi,134,0.035240677890719385,1.0
all,0.0700,cross-ppi,135,0.03445697765901182,1.0
all,0.0700,cross-ppi,136,0.03507548215979303,1.0
all,0.0700,cross-ppi,137,0.03618410543108583,1.0
all,0.0700,cross-ppi,138,0.03622395078700935,1.0
all,0.0700,cross-ppi,139,0.0339862940123383,1.0
all,0.0700,cross-ppi,140,0.0351263477130245,1.0
all,0.0700,cross-ppi,141,0.03715734985263164,1.0
all,0.0700,cross-ppi,142,0.03642572458527604,1.0
all,0.0700,cross-ppi,143,0.035960801183258506,0.0
all,0.0700,cross-ppi,144,0.03608018168259952,1.0
all,0.0700,cross-ppi,145,0.03673870160302717,1.0
all,0.0700,cross-ppi,146,0.03370008700660332,1.0
all,0.0700,cross-ppi,147,0.034863408488002595,1.0
all,0.0700,cross-ppi,148,0.03569761449793474,1.0
all,0.0700,cross-ppi,149,0.0352376482259561,1.0
all,0.0700,cross-ppi,150,0.03636507367924169,1.0
all,0.0700,cross-ppi,151,0.03456696738363485,1.0
all,0.0700,cross-ppi,152,0.036077065875248726,1.0
all,0.0700,cross-ppi,153,0.032126418379027744,1.0
all,0.0700,cross-ppi,154,0.035069592933224536,1.0
all,0.0700,cross-ppi,155,0.035184829618736924,1.0
all,0.0700,cross-ppi,156,0.036243096896424354,1.0
all,0.0700,cross-ppi,157,0.0356165674959191,1.0
all,0.0700,cross-ppi,158,0.03575284115993094,1.0
all,0.0700,cross-ppi,159,0.035590522250638745,1.0
all,0.0700,cross-ppi,160,0.03528394698952941,1.0
all,0.0700,cross-ppi,161,0.034546439067378976,1.0
all,0.0700,cross-ppi,162,0.035712687617011074,1.0
all,0.0700,cross-ppi,163,0.03728936792798224,1.0
all,0.0700,cross-ppi,164,0.03626382770970049,1.0
all,0.0700,cross-ppi,165,0.035273778987357424,1.0
all,0.0700,cross-ppi,166,0.03627358828987659,1.0
all,0.0700,cross-ppi,167,0.035339260651459564,1.0
all,0.0700,cross-ppi,168,0.03520891834831663,1.0
all,0.0700,cross-ppi,169,0.03293253992883591,1.0
all,0.0700,cross-ppi,170,0.03663323354035011,1.0
all,0.0700,cross-ppi,171,0.03497385144818535,1.0
all,0.0700,cross-ppi,172,0.035744818761552416,1.0
all,0.0700,cross-ppi,173,0.03575177946475608,1.0
all,0.0700,cross-ppi,174,0.0357826233953166,1.0
all,0.0700,cross-ppi,175,0.0339862290409243,1.0
all,0.0700,cross-ppi,176,0.03546987411963376,1.0
all,0.0700,cross-ppi,177,0.03367284403407922,1.0
all,0.0700,cross-ppi,178,0.034033463528053476,1.0
all,0.0700,cross-ppi,179,0.034827847110967314,1.0
all,0.0700,cross-ppi,180,0.03634235374212946,1.0
all,0.0700,cross-ppi,181,0.03576111998322229,1.0
all,0.0700,cross-ppi,182,0.034033270518050635,1.0
all,0.0700,cross-ppi,183,0.034484424787683404,1.0
all,0.0700,cross-ppi,184,0.035598673602868836,1.0
all,0.0700,cross-ppi,185,0.03618132775328431,1.0
all,0.0700,cross-ppi,186,0.033930321135886204,0.0
all,0.0700,cross-ppi,187,0.03484086791967245,1.0
all,0.0700,cross-ppi,188,0.035561217852849186,1.0
all,0.0700,cross-ppi,189,0.03528596355939631,1.0
all,0.0700,cross-ppi,190,0.035310589839225553,1.0
all,0.0700,cross-ppi,191,0.035766389683990596,1.0
all,0.0700,cross-ppi,192,0.03495985412205305,1.0
all,0.0700,cross-ppi,193,0.0353156241781607,1.0
all,0.0700,cross-ppi,194,0.0363324981252493,1.0
all,0.0700,cross-ppi,195,0.03437969559964249,1.0
all,0.0700,cross-ppi,196,0.035355789353811534,1.0
all,0.0700,cross-ppi,197,0.03494465572486971,1.0
all,0.0700,cross-ppi,198,0.03414676306906447,1.0
all,0.0700,cross-ppi,199,0.035751524223870956,1.0
all,0.0700,cross-ppi,200,0.0352424438063087,1.0
all,0.0700,cross-ppi,201,0.03535276663259279,1.0
all,0.0700,cross-ppi,202,0.03467741140857494,1.0
all,0.0700,cross-ppi,203,0.0357942582609361,1.0
all,0.0700,cross-ppi,204,0.03469672862966952,1.0
all,0.0700,cross-ppi,205,0.03386058356939359,1.0
all,0.0700,cross-ppi,206,0.03636556820971326,1.0
all,0.0700,cross-ppi,207,0.03716915745438684,1.0
all,0.0700,cross-ppi,208,0.035569788620057774,1.0
all,0.0700,cross-ppi,209,0.03540977217300442,1.0
all,0.0700,cross-ppi,210,0.035024933960666166,1.0
all,0.0700,cross-ppi,211,0.03509060040982126,1.0
all,0.0700,cross-ppi,212,0.03438153126415122,1.0
all,0.0700,cross-ppi,213,0.03496067179662754,1.0
all,0.0700,cross-ppi,214,0.03670224887249196,1.0
all,0.0700,cross-ppi,215,0.03321696522505313,1.0
all,0.0700,cross-ppi,216,0.034143702680212495,1.0
all,0.0700,cross-ppi,217,0.035750093322590604,1.0
all,0.0700,cross-ppi,218,0.03409320898262225,1.0
all,0.0700,cross-ppi,219,0.034032329109510484,1.0
all,0.0700,cross-ppi,220,0.03573194193815696,1.0
all,0.0700,cross-ppi,221,0.03538135573334911,1.0
all,0.0700,cross-ppi,222,0.03635808119325534,1.0
all,0.0700,cross-ppi,223,0.03452563922770638,1.0
all,0.0700,cross-ppi,224,0.03412319531738875,1.0
all,0.0700,cross-ppi,225,0.034956905481653866,1.0
all,0.0700,cross-ppi,226,0.0349878744006491,1.0
all,0.0700,cross-ppi,227,0.035590780800636934,1.0
all,0.0700,cross-ppi,228,0.03464644121879293,1.0
all,0.0700,cross-ppi,229,0.0351799888122899,1.0
all,0.0700,cross-ppi,230,0.03455538598386154,1.0
all,0.0700,cross-ppi,231,0.03539635867971344,1.0
all,0.0700,cross-ppi,232,0.03436293377967228,1.0
all,0.0700,cross-ppi,233,0.03530419248261493,1.0
all,0.0700,cross-ppi,234,0.03477314401219311,1.0
all,0.0700,cross-ppi,235,0.03475455433142505,1.0
all,0.0700,cross-ppi,236,0.03661480826622962,1.0
all,0.0700,cross-ppi,237,0.034523459224951175,1.0
all,0.0700,cross-ppi,238,0.034337095501563164,1.0
all,0.0700,cross-ppi,239,0.034976145731960506,1.0
all,0.0700,cross-ppi,240,0.035467291145610536,1.0
all,0.0700,cross-ppi,241,0.034386913451364576,1.0
all,0.0700,cross-ppi,242,0.03593312803707718,1.0
all,0.0700,cross-ppi,243,0.03569255951479289,1.0
all,0.0700,cross-ppi,244,0.03436119253603542,1.0
all,0.0700,cross-ppi,245,0.03606629326260369,1.0
all,0.0700,cross-ppi,246,0.03561437986370475,1.0
all,0.0700,cross-ppi,247,0.034516292551011074,1.0
all,0.0700,cross-ppi,248,0.03522193528541884,1.0
all,0.0700,cross-ppi,249,0.03468757000173128,1.0
all,0.0700,cross-ppi,250,0.03591409136685331,1.0
all,0.0700,cross-ppi,251,0.03504138743023974,1.0
all,0.0700,cross-ppi,252,0.03289250020788648,1.0
all,0.0700,cross-ppi,253,0.036276792893706555,1.0
all,0.0700,cross-ppi,254,0.03717277281161044,1.0
all,0.0700,cross-ppi,255,0.03595337863589995,1.0
all,0.0700,cross-ppi,256,0.03474227311627043,1.0
all,0.0700,cross-ppi,257,0.03567656235642494,1.0
all,0.0700,cross-ppi,258,0.035811128978160744,1.0
all,0.0700,cross-ppi,259,0.0326521175462503,1.0
all,0.0700,cross-ppi,260,0.03514185057823496,1.0
all,0.0700,cross-ppi,261,0.03491702280442943,1.0
all,0.0700,cross-ppi,262,0.03365389657666329,1.0
all,0.0700,cross-ppi,263,0.035489347770346846,1.0
all,0.0700,cross-ppi,264,0.03446924575790422,1.0
all,0.0700,cross-ppi,265,0.03451161352219223,1.0
all,0.0700,cross-ppi,266,0.036369009351792214,1.0
all,0.0700,cross-ppi,267,0.03487219987173007,1.0
all,0.0700,cross-ppi,268,0.034956730484846155,1.0
all,0.0700,cross-ppi,269,0.03372242503658382,1.0
all,0.0700,cross-ppi,270,0.03647776129732547,1.0
all,0.0700,cross-ppi,271,0.03587843318032127,1.0
all,0.0700,cross-ppi,272,0.03539606996629063,1.0
all,0.0700,cross-ppi,273,0.03562864161045856,1.0
all,0.0700,cross-ppi,274,0.03549496252931539,1.0
all,0.0700,cross-ppi,275,0.03620549057020939,1.0
all,0.0700,cross-ppi,276,0.036892752696036646,1.0
all,0.0700,cross-ppi,277,0.03568122747135796,1.0
all,0.0700,cross-ppi,278,0.03330833163235358,1.0
all,0.0700,cross-ppi,279,0.034708315956943264,1.0
all,0.0700,cross-ppi,280,0.03661444854008211,1.0
all,0.0700,cross-ppi,281,0.034950148175308726,1.0
all,0.0700,cross-ppi,282,0.03416211363966107,1.0
all,0.0700,cross-ppi,283,0.03582353253083184,1.0
all,0.0700,cross-ppi,284,0.036026736358782396,1.0
all,0.0700,cross-ppi,285,0.03674879037710524,1.0
all,0.0700,cross-ppi,286,0.03671697552647424,1.0
all,0.0700,cross-ppi,287,0.036684627710286355,1.0
all,0.0700,cross-ppi,288,0.035810745630208474,1.0
all,0.0700,cross-ppi,289,0.034117377492597134,1.0
all,0.0700,cross-ppi,290,0.03593659594797227,1.0
all,0.0700,cross-ppi,291,0.033838105664392604,1.0
all,0.0700,cross-ppi,292,0.03454013102893194,0.0
all,0.0700,cross-ppi,293,0.03520637161124818,1.0
all,0.0700,cross-ppi,294,0.03561370934027963,1.0
all,0.0700,cross-ppi,295,0.03529211805363208,1.0
all,0.0700,cross-ppi,296,0.03587826297133223,1.0
all,0.0700,cross-ppi,297,0.03492132598762729,1.0
all,0.0700,cross-ppi,298,0.03426539328844022,1.0
all,0.0700,cross-ppi,299,0.036203214607457596,1.0
all,0.0700,cross-ppi,300,0.03664053453752855,1.0
all,0.0700,cross-ppi,301,0.03537172944697184,1.0
all,0.0700,cross-ppi,302,0.03556398142778419,1.0
all,0.0700,cross-ppi,303,0.03446343079614034,1.0
all,0.0700,cross-ppi,304,0.03479248403487653,1.0
all,0.0700,cross-ppi,305,0.035838775748836205,1.0
all,0.0700,cross-ppi,306,0.03877011301033784,1.0
all,0.0700,cross-ppi,307,0.03487566090568575,1.0
all,0.0700,cross-ppi,308,0.03509148801780282,1.0
all,0.0700,cross-ppi,309,0.03666721994577027,1.0
all,0.0700,cross-ppi,310,0.032251296082078856,1.0
all,0.0700,cross-ppi,311,0.03510349353283049,1.0
all,0.0700,cross-ppi,312,0.03518305748780956,1.0
all,0.0700,cross-ppi,313,0.03456871822572605,1.0
all,0.0700,cross-ppi,314,0.036413356590344254,1.0
all,0.0700,cross-ppi,315,0.036089210963879736,1.0
all,0.0700,cross-ppi,316,0.03423968499061583,1.0
all,0.0700,cross-ppi,317,0.034125714555896414,1.0
all,0.0700,cross-ppi,318,0.035667390785432684,1.0
all,0.0700,cross-ppi,319,0.03699935443933175,1.0
all,0.0700,cross-ppi,320,0.034234155614486395,1.0
all,0.0700,cross-ppi,321,0.03654495270609978,1.0
all,0.0700,cross-ppi,322,0.0334481623213555,1.0
all,0.0700,cross-ppi,323,0.033803877576467495,1.0
all,0.0700,cross-ppi,324,0.03486373165893883,1.0
all,0.0700,cross-ppi,325,0.03574764124209706,1.0
all,0.0700,cross-ppi,326,0.03535299915518164,1.0
all,0.0700,cross-ppi,327,0.034166969626719834,1.0
all,0.0700,cross-ppi,328,0.03599124895507677,1.0
all,0.0700,cross-ppi,329,0.03748833495590076,1.0
all,0.0700,cross-ppi,330,0.03651921023831339,1.0
all,0.0700,cross-ppi,331,0.036930293671966985,1.0
all,0.0700,cross-ppi,332,0.033666688812227785,1.0
all,0.0800,cross-ppi,0,0.0319257228955189,1.0
all,0.0800,cross-ppi,1,0.03409903816982496,1.0
all,0.0800,cross-ppi,2,0.033918344733446126,1.0
all,0.0800,cross-ppi,3,0.033693669181326324,1.0
all,0.0800,cross-ppi,4,0.03205124425351025,1.0
all,0.0800,cross-ppi,5,0.034083117996960816,1.0
all,0.0800,cross-ppi,6,0.0332032863820555,1.0
all,0.0800,cross-ppi,7,0.03133104249098673,1.0
all,0.0800,cross-ppi,8,0.033296368541301996,1.0
all,0.0800,cross-ppi,9,0.03361757164909915,1.0
all,0.0800,cross-ppi,10,0.0349693433390017,1.0
all,0.0800,cross-ppi,11,0.032196862547953814,1.0
all,0.0800,cross-ppi,12,0.03289080286466228,1.0
all,0.0800,cross-ppi,13,0.03246711497886731,1.0
all,0.0800,cross-ppi,14,0.03325859340336468,1.0
all,0.0800,cross-ppi,15,0.033749090025933765,1.0
all,0.0800,cross-ppi,16,0.03338540458176564,1.0
all,0.0800,cross-ppi,17,0.03266804283634081,1.0
all,0.0800,cross-ppi,18,0.03435515268998504,1.0
all,0.0800,cross-ppi,19,0.03427895698868022,1.0
all,0.0800,cross-ppi,20,0.03418371926972452,1.0
all,0.0800,cross-ppi,21,0.03465713167043005,1.0
all,0.0800,cross-ppi,22,0.03248973726264201,1.0
all,0.0800,cross-ppi,23,0.033397052040877506,1.0
all,0.0800,cross-ppi,24,0.03263618021796222,1.0
all,0.0800,cross-ppi,25,0.033292162154707344,1.0
all,0.0800,cross-ppi,26,0.032973257164454095,1.0
all,0.0800,cross-ppi,27,0.03426192931315997,1.0
all,0.0800,cross-ppi,28,0.03403112086128565,1.0
all,0.0800,cross-ppi,29,0.032350756763960126,1.0
all,0.0800,cross-ppi,30,0.03377437400285921,1.0
all,0.0800,cross-ppi,31,0.03319498523339459,1.0
all,0.0800,cross-ppi,32,0.031996858474738876,1.0
all,0.0800,cross-ppi,33,0.03408272068839657,1.0
all,0.0800,cross-ppi,34,0.033424363058087186,1.0
all,0.0800,cross-ppi,35,0.03272804962645759,1.0
all,0.0800,cross-ppi,36,0.03305917107527798,1.0
all,0.0800,cross-ppi,37,0.0340055041839894,1.0
all,0.0800,cross-ppi,38,0.033713027060695205,1.0
all,0.0800,cross-ppi,39,0.03187607081946156,1.0
all,0.0800,cross-ppi,40,0.033489107180533106,1.0
all,0.0800,cross-ppi,41,0.03429444487780342,1.0
all,0.0800,cross-ppi,42,0.03403641439050886,1.0
all,0.0800,cross-ppi,43,0.03363465025139156,0.0
all,0.0800,cross-ppi,44,0.033827585501414625,1.0
all,0.0800,cross-ppi,45,0.034181221279756174,1.0
all,0.0800,cross-ppi,46,0.03183492540309765,1.0
all,0.0800,cross-ppi,47,0.032835682371165076,1.0
all,0.0800,cross-ppi,48,0.03280928998026067,1.0
all,0.0800,cross-ppi,49,0.03344591254270804,1.0
all,0.0800,cross-ppi,50,0.03429671259485201,1.0
all,0.0800,cross-ppi,51,0.032393388674453294,1.0
all,0.0800,cross-ppi,52,0.03392342710075835,1.0
all,0.0800,cross-ppi,53,0.031632975295549315,1.0
all,0.0800,cross-ppi,54,0.03263010672294686,0.0
all,0.0800,cross-ppi,55,0.03309023368441569,1.0
all,0.0800,cross-ppi,56,0.0342487461404386,1.0
all,0.0800,cross-ppi,57,0.033770871025581406,1.0
all,0.0800,cross-ppi,58,0.03332572970641945,1.0
all,0.0800,cross-ppi,59,0.033414570647471775,1.0
all,0.0800,cross-ppi,60,0.033013650808501355,1.0
all,0.0800,cross-ppi,61,0.03295437532583101,1.0
all,0.0800,cross-ppi,62,0.0337282558070007,1.0
all,0.0800,cross-ppi,63,0.03473382092473043,1.0
all,0.0800,cross-ppi,64,0.0338392581385597,1.0
all,0.0800,cross-ppi,65,0.03345227987018848,1.0
all,0.0800,cross-ppi,66,0.03420334507651246,1.0
all,0.0800,cross-ppi,67,0.03267952745584721,1.0
all,0.0800,cross-ppi,68,0.03357234571959966,1.0
all,0.0800,cross-ppi,69,0.03145464426948519,1.0
all,0.0800,cross-ppi,70,0.03395972462608124,1.0
all,0.0800,cross-ppi,71,0.03287698074104539,1.0
all,0.0800,cross-ppi,72,0.03329482966722752,1.0
all,0.0800,cross-ppi,73,0.03348808854583088,1.0
all,0.0800,cross-ppi,74,0.033414114982889154,1.0
all,0.0800,cross-ppi,75,0.03229427755328973,1.0
all,0.0800,cross-ppi,76,0.033748084930269706,1.0
all,0.0800,cross-ppi,77,0.03144199957108185,1.0
all,0.0800,cross-ppi,78,0.03181874160268519,1.0
all,0.0800,cross-ppi,79,0.03302684567013092,1.0
all,0.0800,cross-ppi,80,0.03393697307998947,1.0
all,0.0800,cross-ppi,81,0.03364566523403434,1.0
all,0.0800,cross-ppi,82,0.03211461943217908,1.0
all,0.0800,cross-ppi,83,0.0326875037463121,1.0
all,0.0800,cross-ppi,84,0.03382269252052317,1.0
all,0.0800,cross-ppi,85,0.034207648663323376,1.0
all,0.0800,cross-ppi,86,0.032139156535190394,0.0
all,0.0800,cross-ppi,87,0.032954780678711826,1.0
all,0.0800,cross-ppi,88,0.032988298883204564,1.0
all,0.0800,cross-ppi,89,0.03292040625611703,1.0
all,0.0800,cross-ppi,90,0.033803281180164374,1.0
all,0.0800,cross-ppi,91,0.033383542456995596,1.0
all,0.0800,cross-ppi,92,0.03230741788630956,1.0
all,0.0800,cross-ppi,93,0.03322820767971102,1.0
all,0.0800,cross-ppi,94,0.03430840338301486,1.0
all,0.0800,cross-ppi,95,0.03200130054116543,1.0
all,0.0800,cross-ppi,96,0.03368185153164216,1.0
all,0.0800,cross-ppi,97,0.03310994892472352,1.0
all,0.0800,cross-ppi,98,0.032161845388175486,1.0
all,0.0800,cross-ppi,99,0.03332139366108347,1.0
all,0.0800,cross-ppi,100,0.03277613136325461,1.0
all,0.0800,cross-ppi,101,0.033013886653832536,1.0
all,0.0800,cross-ppi,102,0.03254875757747522,1.0
all,0.0800,cross-ppi,103,0.03355910337668999,1.0
all,0.0800,cross-ppi,104,0.03289540337263197,1.0
all,0.0800,cross-ppi,105,0.032254406104330724,1.0
all,0.0800,cross-ppi,106,0.034750409541884575,1.0
all,0.0800,cross-ppi,107,0.03514396928588648,1.0
all,0.0800,cross-ppi,108,0.03319127641531197,1.0
all,0.0800,cross-ppi,109,0.033391217045862925,1.0
all,0.0800,cross-ppi,110,0.03313293435591666,1.0
all,0.0800,cross-ppi,111,0.033238263581669814,1.0
all,0.0800,cross-ppi,112,0.03265678845820383,1.0
all,0.0800,cross-ppi,113,0.03258120768666306,1.0
all,0.0800,cross-ppi,114,0.03494170905196525,1.0
all,0.0800,cross-ppi,115,0.03143324875920042,1.0
all,0.0800,cross-ppi,116,0.032333508917630205,1.0
all,0.0800,cross-ppi,117,0.03350741945536992,1.0
all,0.0800,cross-ppi,118,0.03236468514218779,1.0
all,0.0800,cross-ppi,119,0.032396821185049385,1.0
all,0.0800,cross-ppi,120,0.03373258250412847,1.0
all,0.0800,cross-ppi,121,0.03312699774757541,1.0
all,0.0800,cross-ppi,122,0.03418238506152227,1.0
all,0.0800,cross-ppi,123,0.032735745159396895,1.0
all,0.0800,cross-ppi,124,0.03163645228941145,1.0
all,0.0800,cross-ppi,125,0.03283031836373973,1.0
all,0.0800,cross-ppi,126,0.033466871700281425,1.0
all,0.0800,cross-ppi,127,0.033170995017111626,1.0
all,0.0800,cross-ppi,128,0.033071931397567506,1.0
all,0.0800,cross-ppi,129,0.03336804406547597,1.0
all,0.0800,cross-ppi,130,0.03269189610379042,1.0
all,0.0800,cross-ppi,131,0.03311604727115455,1.0
all,0.0800,cross-ppi,132,0.0324125512428137,1.0
all,0.0800,cross-ppi,133,0.03371810917919349,1.0
all,0.0800,cross-ppi,134,0.032471468869800485,1.0
all,0.0800,cross-ppi,135,0.033082662977637955,1.0
all,0.0800,cross-ppi,136,0.03436015529220024,1.0
all,0.0800,cross-ppi,137,0.031679444363787,1.0
all,0.0800,cross-ppi,138,0.032005086976162,1.0
all,0.0800,cross-ppi,139,0.03275054192569485,1.0
all,0.0800,cross-ppi,140,0.03327961422618764,1.0
all,0.0800,cross-ppi,141,0.032754442596964806,1.0
all,0.0800,cross-ppi,142,0.03371744592243189,1.0
all,0.0800,cross-ppi,143,0.03371043868210066,1.0
all,0.0800,cross-ppi,144,0.03265116202375484,1.0
all,0.0800,cross-ppi,145,0.034354394789536724,1.0
all,0.0800,cross-ppi,146,0.033366096497804976,0.0
all,0.0800,cross-ppi,147,0.03234549477575499,1.0
all,0.0800,cross-ppi,148,0.03328746464297841,1.0
all,0.0800,cross-ppi,149,0.032939006333262494,1.0
all,0.0800,cross-ppi,150,0.033946514087652285,1.0
all,0.0800,cross-ppi,151,0.03230940596604667,1.0
all,0.0800,cross-ppi,152,0.031200192776345892,1.0
all,0.0800,cross-ppi,153,0.03432029390167887,1.0
all,0.0800,cross-ppi,154,0.034486040325861,1.0
all,0.0800,cross-ppi,155,0.03326484252509451,1.0
all,0.0800,cross-ppi,156,0.03295410550293407,1.0
all,0.0800,cross-ppi,157,0.03382274224512938,1.0
all,0.0800,cross-ppi,158,0.03388291101015453,1.0
all,0.0800,cross-ppi,159,0.0313592123144357,1.0
all,0.0800,cross-ppi,160,0.033600950214599995,1.0
all,0.0800,cross-ppi,161,0.03275136460526151,1.0
all,0.0800,cross-ppi,162,0.03226412144285906,1.0
all,0.0800,cross-ppi,163,0.03304475787060604,1.0
all,0.0800,cross-ppi,164,0.03246022064833287,1.0
all,0.0800,cross-ppi,165,0.03311217998542959,1.0
all,0.0800,cross-ppi,166,0.03395672833322727,1.0
all,0.0800,cross-ppi,167,0.03241172129481387,1.0
all,0.0800,cross-ppi,168,0.03277350366936593,1.0
all,0.0800,cross-ppi,169,0.03233772185971262,1.0
all,0.0800,cross-ppi,170,0.03461832903425169,1.0
all,0.0800,cross-ppi,171,0.03331185621559429,1.0
all,0.0800,cross-ppi,172,0.03325228765182453,1.0
all,0.0800,cross-ppi,173,0.033771407453402985,1.0
all,0.0800,cross-ppi,174,0.03334603022420235,1.0
all,0.0800,cross-ppi,175,0.03347732422165062,1.0
all,0.0800,cross-ppi,176,0.034322189096970684,1.0
all,0.0800,cross-ppi,177,0.03331898474514983,1.0
all,0.0800,cross-ppi,178,0.03130319813251503,1.0
all,0.0800,cross-ppi,179,0.03253081857489912,1.0
all,0.0800,cross-ppi,180,0.034167579836060585,1.0
all,0.0800,cross-ppi,181,0.03226898204356199,1.0
all,0.0800,cross-ppi,182,0.03231574569657347,1.0
all,0.0800,cross-ppi,183,0.033732790933942436,1.0
all,0.0800,cross-ppi,184,0.03420751404474054,1.0
all,0.0800,cross-ppi,185,0.034556680141968915,1.0
all,0.0800,cross-ppi,186,0.03401460811772797,1.0
all,0.0800,cross-ppi,187,0.03410941626363753,1.0
all,0.0800,cross-ppi,188,0.033727994690195606,1.0
all,0.0800,cross-ppi,189,0.0322266606529682,1.0
all,0.0800,cross-ppi,190,0.03373782773719858,1.0
all,0.0800,cross-ppi,191,0.03238519630321057,1.0
all,0.0800,cross-ppi,192,0.03233085207248154,1.0
all,0.0800,cross-ppi,193,0.03309798358020247,1.0
all,0.0800,cross-ppi,194,0.03379945042211441,1.0
all,0.0800,cross-ppi,195,0.03305132777532238,1.0
all,0.0800,cross-ppi,196,0.03363035045442875,1.0
all,0.0800,cross-ppi,197,0.032945600380894446,1.0
all,0.0800,cross-ppi,198,0.03245106976076939,1.0
all,0.0800,cross-ppi,199,0.03379998764210548,1.0
all,0.0800,cross-ppi,200,0.0341800851301054,1.0
all,0.0800,cross-ppi,201,0.03396197466951986,1.0
all,0.0800,cross-ppi,202,0.03370604570666058,1.0
all,0.0800,cross-ppi,203,0.0332515983530709,1.0
all,0.0800,cross-ppi,204,0.0326543600854006,1.0
all,0.0800,cross-ppi,205,0.03388527710319178,1.0
all,0.0800,cross-ppi,206,0.03613372431795281,1.0
all,0.0800,cross-ppi,207,0.032909744057555396,1.0
all,0.0800,cross-ppi,208,0.03291862708123228,1.0
all,0.0800,cross-ppi,209,0.034381336309155436,1.0
all,0.0800,cross-ppi,210,0.030389521699499933,1.0
all,0.0800,cross-ppi,211,0.0329225440481635,1.0
all,0.0800,cross-ppi,212,0.03307125384122089,1.0
all,0.0800,cross-ppi,213,0.03361212240407019,1.0
all,0.0800,cross-ppi,214,0.03403402849572015,1.0
all,0.0800,cross-ppi,215,0.03417991977016266,1.0
all,0.0800,cross-ppi,216,0.03248894140119016,0.0
all,0.0800,cross-ppi,217,0.0321613817162493,1.0
all,0.0800,cross-ppi,218,0.03367652744431118,1.0
all,0.0800,cross-ppi,219,0.03472943318657473,1.0
all,0.0800,cross-ppi,220,0.03207615783225279,1.0
all,0.0800,cross-ppi,221,0.03388091434045981,1.0
all,0.0800,cross-ppi,222,0.03142741636269397,1.0
all,0.0800,cross-ppi,223,0.031999168589582405,1.0
all,0.0800,cross-ppi,224,0.03279402804974152,1.0
all,0.0800,cross-ppi,225,0.0334344169614689,1.0
all,0.0800,cross-ppi,226,0.03263426473255027,1.0
all,0.0800,cross-ppi,227,0.03247403295473461,0.0
all,0.0800,cross-ppi,228,0.03374856331505113,1.0
all,0.0800,cross-ppi,229,0.03492897641809045,1.0
all,0.0800,cross-ppi,230,0.033865218327385094,1.0
all,0.0800,cross-ppi,231,0.03449436245516713,1.0
all,0.0800,cross-ppi,232,0.032340164751596984,1.0
all,0.0800,cross-ppi,233,0.032710248279184784,1.0
all,0.0800,cross-ppi,234,0.03385390269830288,1.0
all,0.0800,cross-ppi,235,0.034540531738460944,1.0
all,0.0800,cross-ppi,236,0.03279395431330834,1.0
all,0.0800,cross-ppi,237,0.033897854096530705,1.0
all,0.0800,cross-ppi,238,0.03463413992740649,1.0
all,0.0800,cross-ppi,239,0.03448765969610487,1.0
all,0.0800,cross-ppi,240,0.03371537447327866,1.0
all,0.0800,cross-ppi,241,0.032925639552418035,1.0
all,0.0800,cross-ppi,242,0.03239230253764078,1.0
all,0.0800,cross-ppi,243,0.03421530822973362,1.0
all,0.0800,cross-ppi,244,0.033078538488998915,1.0
all,0.0800,cross-ppi,245,0.03436522933835795,1.0
all,0.0800,cross-ppi,246,0.03350434314567441,1.0
all,0.0800,cross-ppi,247,0.03331823632504982,1.0
all,0.0800,cross-ppi,248,0.03143976648558042,1.0
all,0.0800,cross-ppi,249,0.0340732057362724,1.0
all,0.0800,cross-ppi,250,0.03407362917105816,1.0
all,0.0800,cross-ppi,251,0.033179345389837106,1.0
all,0.0800,cross-ppi,252,0.03228054560408397,1.0
all,0.0800,cross-ppi,253,0.03207650911756721,1.0
all,0.0800,cross-ppi,254,0.031765552204533726,1.0
all,0.0800,cross-ppi,255,0.03329164052866951,1.0
all,0.0800,cross-ppi,256,0.03411217710593162,1.0
all,0.0800,cross-ppi,257,0.03325800449502003,1.0
all,0.0800,cross-ppi,258,0.03415374242847635,1.0
all,0.0800,cross-ppi,259,0.03306989414819492,1.0
all,0.0800,cross-ppi,260,0.03380949672702549,1.0
all,0.0800,cross-ppi,261,0.031980418032803465,1.0
all,0.0800,cross-ppi,262,0.03337681064915787,1.0
all,0.0800,cross-ppi,263,0.03389668959001346,1.0
all,0.0800,cross-ppi,264,0.03286694239775967,1.0
all,0.0800,cross-ppi,265,0.03432059352395353,1.0
all,0.0800,cross-ppi,266,0.033081361042880536,1.0
all,0.0800,cross-ppi,267,0.03500303032723562,1.0
all,0.0800,cross-ppi,268,0.032892312643825306,1.0
all,0.0800,cross-ppi,269,0.03400520076911917,1.0
all,0.0800,cross-ppi,270,0.03335782420066702,1.0
all,0.0800,cross-ppi,271,0.03291154652421391,1.0
all,0.0800,cross-ppi,272,0.03457741430251926,0.0
all,0.0800,cross-ppi,273,0.03331064436970732,1.0
all,0.0800,cross-ppi,274,0.033859558123499306,1.0
all,0.0800,cross-ppi,275,0.03307466242398449,1.0
all,0.0800,cross-ppi,276,0.034827868726665545,1.0
all,0.0800,cross-ppi,277,0.03198482203950234,1.0
all,0.0800,cross-ppi,278,0.03304090697646378,1.0
all,0.0800,cross-ppi,279,0.03493695060868196,0.0
all,0.0800,cross-ppi,280,0.0327386591610771,1.0
all,0.0800,cross-ppi,281,0.03329311193371279,0.0
all,0.0800,cross-ppi,282,0.031123219125988838,0.0
all,0.0800,cross-ppi,283,0.03463072818266155,1.0
all,0.0800,cross-ppi,284,0.035124386830515886,1.0
all,0.0800,cross-ppi,285,0.032096398523754094,1.0
all,0.0800,cross-ppi,286,0.032878020740349956,1.0
all,0.0800,cross-ppi,287,0.03237616637256216,1.0
all,0.0800,cross-ppi,288,0.033517932691265545,1.0
all,0.0800,cross-ppi,289,0.03404566335848294,1.0
all,0.0800,cross-ppi,290,0.03335931739722153,1.0
all,0.0800,cross-ppi,291,0.032905568913299765,1.0
all,0.0800,cross-ppi,292,0.033306588181931884,1.0
all,0.0800,cross-ppi,293,0.03353074883928808,1.0
all,0.0800,cross-ppi,294,0.03349827267554606,1.0
all,0.0800,cross-ppi,295,0.034127201944054414,1.0
all,0.0800,cross-ppi,296,0.0327855795244677,1.0
all,0.0800,cross-ppi,297,0.03279055073609227,1.0
all,0.0800,cross-ppi,298,0.03366930043084418,1.0
all,0.0800,cross-ppi,299,0.03594644774154823,1.0
all,0.0800,cross-ppi,300,0.03343941101609549,1.0
all,0.0800,cross-ppi,301,0.033968946629259755,1.0
all,0.0800,cross-ppi,302,0.033742441461653366,1.0
all,0.0800,cross-ppi,303,0.033140732944774515,1.0
all,0.0800,cross-ppi,304,0.03321345733753253,1.0
all,0.0800,cross-ppi,305,0.031227177459621225,1.0
all,0.0800,cross-ppi,306,0.03404249007345028,1.0
all,0.0800,cross-ppi,307,0.032494628488766636,1.0
all,0.0800,cross-ppi,308,0.03257035577669967,1.0
all,0.0800,cross-ppi,309,0.031850011083130375,1.0
all,0.0800,cross-ppi,310,0.03358057192710348,1.0
all,0.0800,cross-ppi,311,0.03311907321037241,1.0
all,0.0800,cross-ppi,312,0.03412879407049152,1.0
all,0.0800,cross-ppi,313,0.03319689976503512,1.0
all,0.0800,cross-ppi,314,0.0326533025965875,1.0
all,0.0800,cross-ppi,315,0.03225511128981773,1.0
all,0.0800,cross-ppi,316,0.03458186807011998,1.0
all,0.0800,cross-ppi,317,0.03333887234145608,1.0
all,0.0800,cross-ppi,318,0.03401676850067328,1.0
all,0.0800,cross-ppi,319,0.03286860143691661,1.0
all,0.0800,cross-ppi,320,0.03365094454120654,1.0
all,0.0800,cross-ppi,321,0.03379560198352838,1.0
all,0.0800,cross-ppi,322,0.03530936551045982,0.0
all,0.0800,cross-ppi,323,0.03287419403831504,1.0
all,0.0800,cross-ppi,324,0.033860589276522496,1.0
all,0.0800,cross-ppi,325,0.03277194534301053,1.0
all,0.0800,cross-ppi,326,0.03276501961955994,1.0
all,0.0800,cross-ppi,327,0.03447835748193029,1.0
all,0.0800,cross-ppi,328,0.03257994242274842,1.0
all,0.0800,cross-ppi,329,0.03197700091922184,0.0
all,0.0800,cross-ppi,330,0.03337979716295969,1.0
all,0.0800,cross-ppi,331,0.033261286886811625,1.0
all,0.0800,cross-ppi,332,0.03318344483465885,1.0
all,0.0900,cross-ppi,0,0.03181342511441412,1.0
all,0.0900,cross-ppi,1,0.031429483580206835,1.0
all,0.0900,cross-ppi,2,0.030877154122887718,1.0
all,0.0900,cross-ppi,3,0.03197318844754493,1.0
all,0.0900,cross-ppi,4,0.03139037083572074,1.0
all,0.0900,cross-ppi,5,0.031003686587586038,1.0
all,0.0900,cross-ppi,6,0.032480983913752204,1.0
all,0.0900,cross-ppi,7,0.03289679238506438,1.0
all,0.0900,cross-ppi,8,0.031354158465208865,1.0
all,0.0900,cross-ppi,9,0.03205688374605287,1.0
all,0.0900,cross-ppi,10,0.031263461523867525,1.0
all,0.0900,cross-ppi,11,0.03167665026544131,1.0
all,0.0900,cross-ppi,12,0.03165812863000117,1.0
all,0.0900,cross-ppi,13,0.03133176672406665,1.0
all,0.0900,cross-ppi,14,0.032931225955180526,1.0
all,0.0900,cross-ppi,15,0.02967889310622418,1.0
all,0.0900,cross-ppi,16,0.030986479992197613,1.0
all,0.0900,cross-ppi,17,0.0317016003030646,1.0
all,0.0900,cross-ppi,18,0.030672468803450398,1.0
all,0.0900,cross-ppi,19,0.03093332840427107,1.0
all,0.0900,cross-ppi,20,0.03240416457452741,1.0
all,0.0900,cross-ppi,21,0.03156465510474493,1.0
all,0.0900,cross-ppi,22,0.03221813528873141,1.0
all,0.0900,cross-ppi,23,0.030875110124207406,1.0
all,0.0900,cross-ppi,24,0.03050663345131685,1.0
all,0.0900,cross-ppi,25,0.031488106419512274,1.0
all,0.0900,cross-ppi,26,0.031723287249201815,1.0
all,0.0900,cross-ppi,27,0.03132774220838988,1.0
all,0.0900,cross-ppi,28,0.03170529937703517,1.0
all,0.0900,cross-ppi,29,0.03143932511162428,1.0
all,0.0900,cross-ppi,30,0.03045472270275329,1.0
all,0.0900,cross-ppi,31,0.03137709255356469,1.0
all,0.0900,cross-ppi,32,0.030974171874132345,1.0
all,0.0900,cross-ppi,33,0.03209001015359789,1.0
all,0.0900,cross-ppi,34,0.030699800699313412,1.0
all,0.0900,cross-ppi,35,0.03092674375650084,1.0
all,0.0900,cross-ppi,36,0.03224261526975861,1.0
all,0.0900,cross-ppi,37,0.029908928885688496,1.0
all,0.0900,cross-ppi,38,0.030567897923532206,1.0
all,0.0900,cross-ppi,39,0.03125352971140505,1.0
all,0.0900,cross-ppi,40,0.03152281966644718,1.0
all,0.0900,cross-ppi,41,0.031382922916662864,1.0
all,0.0900,cross-ppi,42,0.031677838585770224,1.0
all,0.0900,cross-ppi,43,0.031745274050803185,1.0
all,0.0900,cross-ppi,44,0.03064330697820916,1.0
all,0.0900,cross-ppi,45,0.032636612382091174,1.0
all,0.0900,cross-ppi,46,0.031290219673179354,1.0
all,0.0900,cross-ppi,47,0.030487244604705532,1.0
all,0.0900,cross-ppi,48,0.0318619646498044,1.0
all,0.0900,cross-ppi,49,0.031105937611089374,1.0
all,0.0900,cross-ppi,50,0.03257372815906287,1.0
all,0.0900,cross-ppi,51,0.030611998379172584,1.0
all,0.0900,cross-ppi,52,0.03011172866127676,1.0
all,0.0900,cross-ppi,53,0.03277000659116716,1.0
all,0.0900,cross-ppi,54,0.0327113813826905,1.0
all,0.0900,cross-ppi,55,0.03172969802142597,1.0
all,0.0900,cross-ppi,56,0.03108814769795784,1.0
all,0.0900,cross-ppi,57,0.032098238448051264,1.0
all,0.0900,cross-ppi,58,0.03167849178956306,1.0
all,0.0900,cross-ppi,59,0.030114046161809904,1.0
all,0.0900,cross-ppi,60,0.03173085451169308,1.0
all,0.0900,cross-ppi,61,0.030797278295016328,1.0
all,0.0900,cross-ppi,62,0.03045462573403815,1.0
all,0.0900,cross-ppi,63,0.03134385450911839,1.0
all,0.0900,cross-ppi,64,0.030822584448704143,1.0
all,0.0900,cross-ppi,65,0.0314163622933179,1.0
all,0.0900,cross-ppi,66,0.03260221604995775,1.0
all,0.0900,cross-ppi,67,0.030567631360490927,1.0
all,0.0900,cross-ppi,68,0.031201784054325832,1.0
all,0.0900,cross-ppi,69,0.031033797387213014,1.0
all,0.0900,cross-ppi,70,0.03243397007469015,1.0
all,0.0900,cross-ppi,71,0.03154985918068773,1.0
all,0.0900,cross-ppi,72,0.0315571414418907,1.0
all,0.0900,cross-ppi,73,0.0317210289087386,1.0
all,0.0900,cross-ppi,74,0.03189537164653122,1.0
all,0.0900,cross-ppi,75,0.03130345609848173,1.0
all,0.0900,cross-ppi,76,0.032311785545811794,1.0
all,0.0900,cross-ppi,77,0.031632939115734615,1.0
all,0.0900,cross-ppi,78,0.02998907644335258,1.0
all,0.0900,cross-ppi,79,0.03115722953744579,1.0
all,0.0900,cross-ppi,80,0.03210049457316022,1.0
all,0.0900,cross-ppi,81,0.031033977866569584,1.0
all,0.0900,cross-ppi,82,0.031457269130845456,1.0
all,0.0900,cross-ppi,83,0.03185404578515272,1.0
all,0.0900,cross-ppi,84,0.03244388377983143,1.0
all,0.0900,cross-ppi,85,0.03239103108617303,1.0
all,0.0900,cross-ppi,86,0.03216080814174194,1.0
all,0.0900,cross-ppi,87,0.03238180633240009,1.0
all,0.0900,cross-ppi,88,0.032068293205717247,1.0
all,0.0900,cross-ppi,89,0.03044651088459882,1.0
all,0.0900,cross-ppi,90,0.03206453607581372,1.0
all,0.0900,cross-ppi,91,0.031226145580075332,1.0
all,0.0900,cross-ppi,92,0.031034489357742223,1.0
all,0.0900,cross-ppi,93,0.031142860290998886,1.0
all,0.0900,cross-ppi,94,0.03193257072049094,1.0
all,0.0900,cross-ppi,95,0.031259116256050046,1.0
all,0.0900,cross-ppi,96,0.0314128046883867,1.0
all,0.0900,cross-ppi,97,0.03123984047691339,1.0
all,0.0900,cross-ppi,98,0.030555881527311618,1.0
all,0.0900,cross-ppi,99,0.032026841975025144,1.0
all,0.0900,cross-ppi,100,0.032465537488305274,1.0
all,0.0900,cross-ppi,101,0.03200884245864663,1.0
all,0.0900,cross-ppi,102,0.03197951283120115,1.0
all,0.0900,cross-ppi,103,0.03184378128478249,1.0
all,0.0900,cross-ppi,104,0.031035715585930684,1.0
all,0.0900,cross-ppi,105,0.032623740274407065,1.0
all,0.0900,cross-ppi,106,0.033384834072687414,1.0
all,0.0900,cross-ppi,107,0.03172743831044189,1.0
all,0.0900,cross-ppi,108,0.03138033967468437,1.0
all,0.0900,cross-ppi,109,0.03273803908642181,1.0
all,0.0900,cross-ppi,110,0.0288573492348235,1.0
all,0.0900,cross-ppi,111,0.03083515932505465,1.0
all,0.0900,cross-ppi,112,0.031481985854608596,1.0
all,0.0900,cross-ppi,113,0.03167613367691113,1.0
all,0.0900,cross-ppi,114,0.03197924029395108,1.0
all,0.0900,cross-ppi,115,0.03199805944612555,1.0
all,0.0900,cross-ppi,116,0.03098028847288603,1.0
all,0.0900,cross-ppi,117,0.030668860661200337,1.0
all,0.0900,cross-ppi,118,0.032270341065446684,1.0
all,0.0900,cross-ppi,119,0.0329937209465235,1.0
all,0.0900,cross-ppi,120,0.030585644096901787,1.0
all,0.0900,cross-ppi,121,0.03232932928516494,1.0
all,0.0900,cross-ppi,122,0.03039258885103338,1.0
all,0.0900,cross-ppi,123,0.03017861535860633,1.0
all,0.0900,cross-ppi,124,0.03118882309324958,1.0
all,0.0900,cross-ppi,125,0.03188546448071705,1.0
all,0.0900,cross-ppi,126,0.03130480149642931,1.0
all,0.0900,cross-ppi,127,0.030624527309761063,1.0
all,0.0900,cross-ppi,128,0.03223202174392259,1.0
all,0.0900,cross-ppi,129,0.03304733487286293,1.0
all,0.0900,cross-ppi,130,0.03158558024391356,1.0
all,0.0900,cross-ppi,131,0.03254524544183743,1.0
all,0.0900,cross-ppi,132,0.030285948789640832,1.0
all,0.0900,cross-ppi,133,0.03145473534851151,1.0
all,0.0900,cross-ppi,134,0.03178077490022024,1.0
all,0.0900,cross-ppi,135,0.03233265299263821,1.0
all,0.0900,cross-ppi,136,0.03170548047143551,1.0
all,0.0900,cross-ppi,137,0.0321500651972462,1.0
all,0.0900,cross-ppi,138,0.032861322420680295,1.0
all,0.0900,cross-ppi,139,0.03267758174679969,1.0
all,0.0900,cross-ppi,140,0.03172391772908967,1.0
all,0.0900,cross-ppi,141,0.031385105391494306,1.0
all,0.0900,cross-ppi,142,0.030518430660702894,1.0
all,0.0900,cross-ppi,143,0.032369155435782476,1.0
all,0.0900,cross-ppi,144,0.032013235623407715,1.0
all,0.0900,cross-ppi,145,0.03224826542886816,1.0
all,0.0900,cross-ppi,146,0.03172537727570468,1.0
all,0.0900,cross-ppi,147,0.031137415790972595,1.0
all,0.0900,cross-ppi,148,0.030274413196547223,1.0
all,0.0900,cross-ppi,149,0.032232773003854964,1.0
all,0.0900,cross-ppi,150,0.03251360027680228,1.0
all,0.0900,cross-ppi,151,0.03169471473947982,1.0
all,0.0900,cross-ppi,152,0.030882905594970866,1.0
all,0.0900,cross-ppi,153,0.030448293190376896,1.0
all,0.0900,cross-ppi,154,0.030542894585494113,1.0
all,0.0900,cross-ppi,155,0.03145592052241153,1.0
all,0.0900,cross-ppi,156,0.03213624719997987,1.0
all,0.0900,cross-ppi,157,0.030974145639956374,1.0
all,0.0900,cross-ppi,158,0.03226987426596553,1.0
all,0.0900,cross-ppi,159,0.03130230304868756,1.0
all,0.0900,cross-ppi,160,0.03164526520524191,1.0
all,0.0900,cross-ppi,161,0.03068161117842247,1.0
all,0.0900,cross-ppi,162,0.03141181180094324,1.0
all,0.0900,cross-ppi,163,0.032122247261150344,1.0
all,0.0900,cross-ppi,164,0.03132352967494467,1.0
all,0.0900,cross-ppi,165,0.031970427575672505,0.0
all,0.0900,cross-ppi,166,0.031447095809705394,1.0
all,0.0900,cross-ppi,167,0.032945450814803406,1.0
all,0.0900,cross-ppi,168,0.031007651974670675,1.0
all,0.0900,cross-ppi,169,0.032558075991179436,1.0
all,0.0900,cross-ppi,170,0.031897312605499994,1.0
all,0.0900,cross-ppi,171,0.031080883329272613,1.0
all,0.0900,cross-ppi,172,0.032649238344720555,0.0
all,0.0900,cross-ppi,173,0.03182137213584246,1.0
all,0.0900,cross-ppi,174,0.03248278482419317,1.0
all,0.0900,cross-ppi,175,0.03177328856167749,1.0
all,0.0900,cross-ppi,176,0.033132288445456126,1.0
all,0.0900,cross-ppi,177,0.030239963310923462,1.0
all,0.0900,cross-ppi,178,0.03150553585773597,1.0
all,0.0900,cross-ppi,179,0.033442848201874265,0.0
all,0.0900,cross-ppi,180,0.03107461995791827,1.0
all,0.0900,cross-ppi,181,0.03169514509493157,0.0
all,0.0900,cross-ppi,182,0.030244108718573415,1.0
all,0.0900,cross-ppi,183,0.03310075192517714,1.0
all,0.0900,cross-ppi,184,0.03326830288348892,1.0
all,0.0900,cross-ppi,185,0.03056218768602814,0.0
all,0.0900,cross-ppi,186,0.03132687068093254,1.0
all,0.0900,cross-ppi,187,0.03084895607556956,1.0
all,0.0900,cross-ppi,188,0.03177772408473553,1.0
all,0.0900,cross-ppi,189,0.0321674573853562,1.0
all,0.0900,cross-ppi,190,0.031938463209700424,1.0
all,0.0900,cross-ppi,191,0.03188851267576509,1.0
all,0.0900,cross-ppi,192,0.03138696776154623,1.0
all,0.0900,cross-ppi,193,0.03182401429606785,1.0
all,0.0900,cross-ppi,194,0.031947072832066326,1.0
all,0.0900,cross-ppi,195,0.03221161206828713,1.0
all,0.0900,cross-ppi,196,0.03086482090971654,1.0
all,0.0900,cross-ppi,197,0.03085895817931239,1.0
all,0.0900,cross-ppi,198,0.03182074478699648,1.0
all,0.0900,cross-ppi,199,0.033903687986577974,1.0
all,0.0900,cross-ppi,200,0.0316276392660827,1.0
all,0.0900,cross-ppi,201,0.031799401362419766,1.0
all,0.0900,cross-ppi,202,0.031800984363057144,1.0
all,0.0900,cross-ppi,203,0.0317687294803215,1.0
all,0.0900,cross-ppi,204,0.03168595730205903,1.0
all,0.0900,cross-ppi,205,0.029920734397148818,1.0
all,0.0900,cross-ppi,206,0.03231950198161837,1.0
all,0.0900,cross-ppi,207,0.03090944275160104,1.0
all,0.0900,cross-ppi,208,0.030819566240437912,1.0
all,0.0900,cross-ppi,209,0.030678139219946582,1.0
all,0.0900,cross-ppi,210,0.03186705272488721,1.0
all,0.0900,cross-ppi,211,0.03156624148881418,1.0
all,0.0900,cross-ppi,212,0.03222098687808214,1.0
all,0.0900,cross-ppi,213,0.03190049169126974,1.0
all,0.0900,cross-ppi,214,0.031488060336093304,0.0
all,0.0900,cross-ppi,215,0.030711169263460764,1.0
all,0.0900,cross-ppi,216,0.032704028367207094,1.0
all,0.0900,cross-ppi,217,0.031486304255651104,1.0
all,0.0900,cross-ppi,218,0.03219410105082221,1.0
all,0.0900,cross-ppi,219,0.031424020545689796,1.0
all,0.0900,cross-ppi,220,0.03153371753997358,1.0
all,0.0900,cross-ppi,221,0.03207072193838889,1.0
all,0.0900,cross-ppi,222,0.033769010763016416,1.0
all,0.0900,cross-ppi,223,0.031166880698787397,1.0
all,0.0900,cross-ppi,224,0.03190419792969024,1.0
all,0.0900,cross-ppi,225,0.031281000374994955,1.0
all,0.0900,cross-ppi,226,0.031246721646234626,1.0
all,0.0900,cross-ppi,227,0.03298069457187336,1.0
all,0.0900,cross-ppi,228,0.03141799100799647,0.0
all,0.0900,cross-ppi,229,0.030352237968973905,0.0
all,0.0900,cross-ppi,230,0.03159500428760842,1.0
all,0.0900,cross-ppi,231,0.031225888367764854,1.0
all,0.0900,cross-ppi,232,0.03174158164222429,1.0
all,0.0900,cross-ppi,233,0.0314550911683856,1.0
all,0.0900,cross-ppi,234,0.03285838264840091,0.0
all,0.0900,cross-ppi,235,0.02930149556131978,1.0
all,0.0900,cross-ppi,236,0.030798226170842047,1.0
all,0.0900,cross-ppi,237,0.03206899213716008,1.0
all,0.0900,cross-ppi,238,0.03166703511786717,1.0
all,0.0900,cross-ppi,239,0.031195180340611195,1.0
all,0.0900,cross-ppi,240,0.03127765758782672,1.0
all,0.0900,cross-ppi,241,0.03269441111713001,1.0
all,0.0900,cross-ppi,242,0.031597850961255225,1.0
all,0.0900,cross-ppi,243,0.03196186509044374,1.0
all,0.0900,cross-ppi,244,0.03174473326477492,1.0
all,0.0900,cross-ppi,245,0.03053867901319729,1.0
all,0.0900,cross-ppi,246,0.031717459331061376,1.0
all,0.0900,cross-ppi,247,0.033561295673694036,1.0
all,0.0900,cross-ppi,248,0.03194820446537061,1.0
all,0.0900,cross-ppi,249,0.032223756829716343,1.0
all,0.0900,cross-ppi,250,0.031000963370233725,1.0
all,0.0900,cross-ppi,251,0.0308427923706156,1.0
all,0.0900,cross-ppi,252,0.0319018894667058,1.0
all,0.0900,cross-ppi,253,0.029709937672937836,1.0
all,0.0900,cross-ppi,254,0.030416088336629787,1.0
all,0.0900,cross-ppi,255,0.0312273961131585,1.0
all,0.0900,cross-ppi,256,0.03266058413031467,1.0
all,0.0900,cross-ppi,257,0.03437879051707293,1.0
all,0.0900,cross-ppi,258,0.03188167618423096,1.0
all,0.0900,cross-ppi,259,0.03150052562020986,1.0
all,0.0900,cross-ppi,260,0.03070185140119297,1.0
all,0.0900,cross-ppi,261,0.03287465947279844,1.0
all,0.0900,cross-ppi,262,0.03155682788187575,1.0
all,0.0900,cross-ppi,263,0.031222770751175966,1.0
all,0.0900,cross-ppi,264,0.03185901501012467,1.0
all,0.0900,cross-ppi,265,0.032316237971369954,1.0
all,0.0900,cross-ppi,266,0.03185201098930612,1.0
all,0.0900,cross-ppi,267,0.03219093902572934,1.0
all,0.0900,cross-ppi,268,0.03166090121951426,1.0
all,0.0900,cross-ppi,269,0.031968128200502655,1.0
all,0.0900,cross-ppi,270,0.03028943611116322,1.0
all,0.0900,cross-ppi,271,0.031330091981550484,1.0
all,0.0900,cross-ppi,272,0.032109846986605045,1.0
all,0.0900,cross-ppi,273,0.03193270486093214,1.0
all,0.0900,cross-ppi,274,0.031876775003823576,1.0
all,0.0900,cross-ppi,275,0.03207842241335834,1.0
all,0.0900,cross-ppi,276,0.03196395312198219,1.0
all,0.0900,cross-ppi,277,0.030899150452677326,1.0
all,0.0900,cross-ppi,278,0.03288585344132863,1.0
all,0.0900,cross-ppi,279,0.031735253434298394,1.0
all,0.0900,cross-ppi,280,0.03375111725823443,1.0
all,0.0900,cross-ppi,281,0.03270370961359459,1.0
all,0.0900,cross-ppi,282,0.032424519327306944,1.0
all,0.0900,cross-ppi,283,0.030832048818767915,1.0
all,0.0900,cross-ppi,284,0.03257686202432597,1.0
all,0.0900,cross-ppi,285,0.0302451486554689,1.0
all,0.0900,cross-ppi,286,0.032679110753219054,1.0
all,0.0900,cross-ppi,287,0.03173378024213688,1.0
all,0.0900,cross-ppi,288,0.030217471869919493,1.0
all,0.0900,cross-ppi,289,0.031212750889890617,1.0
all,0.0900,cross-ppi,290,0.03329936241875153,1.0
all,0.0900,cross-ppi,291,0.03251068664783874,1.0
all,0.0900,cross-ppi,292,0.03134255519988527,1.0
all,0.0900,cross-ppi,293,0.030771885529484372,1.0
all,0.0900,cross-ppi,294,0.03021664560586987,1.0
all,0.0900,cross-ppi,295,0.03177663274540943,1.0
all,0.0900,cross-ppi,296,0.031742344782159954,1.0
all,0.0900,cross-ppi,297,0.03311447715444471,1.0
all,0.0900,cross-ppi,298,0.032384835115375266,1.0
all,0.0900,cross-ppi,299,0.032214224759862936,1.0
all,0.0900,cross-ppi,300,0.03280327947128947,1.0
all,0.0900,cross-ppi,301,0.03231555628997451,1.0
all,0.0900,cross-ppi,302,0.031881209660013066,1.0
all,0.0900,cross-ppi,303,0.031159683775897506,1.0
all,0.0900,cross-ppi,304,0.0307250820008651,1.0
all,0.0900,cross-ppi,305,0.03100075227358734,1.0
all,0.0900,cross-ppi,306,0.030518664679398566,1.0
all,0.0900,cross-ppi,307,0.03177179121438245,1.0
all,0.0900,cross-ppi,308,0.03164654037467754,1.0
all,0.0900,cross-ppi,309,0.031160007325253036,1.0
all,0.0900,cross-ppi,310,0.030976451151679046,1.0
all,0.0900,cross-ppi,311,0.03192929743902828,0.0
all,0.0900,cross-ppi,312,0.032697648681636715,1.0
all,0.0900,cross-ppi,313,0.033665099459980974,1.0
all,0.0900,cross-ppi,314,0.033123170554220566,1.0
all,0.0900,cross-ppi,315,0.031037130320148293,1.0
all,0.0900,cross-ppi,316,0.03250196353543755,1.0
all,0.0900,cross-ppi,317,0.03282113376023313,1.0
all,0.0900,cross-ppi,318,0.030428709263447457,1.0
all,0.0900,cross-ppi,319,0.03131972274992703,1.0
all,0.0900,cross-ppi,320,0.03190651567235539,1.0
all,0.0900,cross-ppi,321,0.03236371446791664,1.0
all,0.0900,cross-ppi,322,0.03227932413562262,1.0
all,0.0900,cross-ppi,323,0.031471601383007086,1.0
all,0.0900,cross-ppi,324,0.031415207448826865,1.0
all,0.0900,cross-ppi,325,0.03212565008554191,1.0
all,0.0900,cross-ppi,326,0.030354928941928483,1.0
all,0.0900,cross-ppi,327,0.0314366802424364,1.0
all,0.0900,cross-ppi,328,0.03145077027237331,1.0
all,0.0900,cross-ppi,329,0.03113535427112138,1.0
all,0.0900,cross-ppi,330,0.031186439276147726,1.0
all,0.0900,cross-ppi,331,0.032207363516605386,1.0
all,0.0900,cross-ppi,332,0.03031526547522867,1.0
all,0.1000,cross-ppi,0,0.03088406856991835,1.0
all,0.1000,cross-ppi,1,0.030639684484007113,1.0
all,0.1000,cross-ppi,2,0.03069574083174112,1.0
all,0.1000,cross-ppi,3,0.030529836187450976,1.0
all,0.1000,cross-ppi,4,0.029503461455785612,1.0
all,0.1000,cross-ppi,5,0.03121269604374577,1.0
all,0.1000,cross-ppi,6,0.03175167321768302,1.0
all,0.1000,cross-ppi,7,0.03004195522119102,1.0
all,0.1000,cross-ppi,8,0.03029876226508002,1.0
all,0.1000,cross-ppi,9,0.030890822711344662,1.0
all,0.1000,cross-ppi,10,0.027722864438346012,1.0
all,0.1000,cross-ppi,11,0.029305935533893268,1.0
all,0.1000,cross-ppi,12,0.029954101596141786,1.0
all,0.1000,cross-ppi,13,0.030542414987865474,1.0
all,0.1000,cross-ppi,14,0.030702546004957143,1.0
all,0.1000,cross-ppi,15,0.030659329034348204,1.0
all,0.1000,cross-ppi,16,0.02965006870789777,1.0
all,0.1000,cross-ppi,17,0.029189500310348587,1.0
all,0.1000,cross-ppi,18,0.03114617672765918,1.0
all,0.1000,cross-ppi,19,0.03150513548128253,1.0
all,0.1000,cross-ppi,20,0.029491812810021528,1.0
all,0.1000,cross-ppi,21,0.030581402527121687,1.0
all,0.1000,cross-ppi,22,0.028857553706982064,1.0
all,0.1000,cross-ppi,23,0.02855817708965444,0.0
all,0.1000,cross-ppi,24,0.029582857696025117,1.0
all,0.1000,cross-ppi,25,0.030257691734869918,1.0
all,0.1000,cross-ppi,26,0.029909541164124614,1.0
all,0.1000,cross-ppi,27,0.029513881106425277,1.0
all,0.1000,cross-ppi,28,0.03092929348482862,1.0
all,0.1000,cross-ppi,29,0.03127129651300309,1.0
all,0.1000,cross-ppi,30,0.030295634264586147,1.0
all,0.1000,cross-ppi,31,0.030883565673435975,1.0
all,0.1000,cross-ppi,32,0.02878376095204946,1.0
all,0.1000,cross-ppi,33,0.030405501389936695,1.0
all,0.1000,cross-ppi,34,0.03032352879969491,1.0
all,0.1000,cross-ppi,35,0.030878737868043515,1.0
all,0.1000,cross-ppi,36,0.029963280701028633,1.0
all,0.1000,cross-ppi,37,0.03048619157618504,1.0
all,0.1000,cross-ppi,38,0.031142746673315624,1.0
all,0.1000,cross-ppi,39,0.03130040405164669,1.0
all,0.1000,cross-ppi,40,0.03012279135993634,1.0
all,0.1000,cross-ppi,41,0.029743895223593136,1.0
all,0.1000,cross-ppi,42,0.029042888074564233,1.0
all,0.1000,cross-ppi,43,0.030606458157575206,1.0
all,0.1000,cross-ppi,44,0.030800892151768733,1.0
all,0.1000,cross-ppi,45,0.030348009890234562,1.0
all,0.1000,cross-ppi,46,0.030184550711297997,1.0
all,0.1000,cross-ppi,47,0.03000050877216376,1.0
all,0.1000,cross-ppi,48,0.02926503321013929,1.0
all,0.1000,cross-ppi,49,0.030706824953066314,1.0
all,0.1000,cross-ppi,50,0.03067969895259179,1.0
all,0.1000,cross-ppi,51,0.03024470045008032,1.0
all,0.1000,cross-ppi,52,0.029659281350111283,1.0
all,0.1000,cross-ppi,53,0.029308736074592723,1.0
all,0.1000,cross-ppi,54,0.029559838706045588,1.0
all,0.1000,cross-ppi,55,0.030102960539854284,1.0
all,0.1000,cross-ppi,56,0.030330885259768903,1.0
all,0.1000,cross-ppi,57,0.029442475483208663,1.0
all,0.1000,cross-ppi,58,0.03041133063868709,1.0
all,0.1000,cross-ppi,59,0.02979650720332186,1.0
all,0.1000,cross-ppi,60,0.030385269900714662,1.0
all,0.1000,cross-ppi,61,0.02901002402750083,1.0
all,0.1000,cross-ppi,62,0.02981765208515308,1.0
all,0.1000,cross-ppi,63,0.030942051345978494,1.0
all,0.1000,cross-ppi,64,0.029882481020137436,1.0
all,0.1000,cross-ppi,65,0.030197542611037104,0.0
all,0.1000,cross-ppi,66,0.030167656272447108,1.0
all,0.1000,cross-ppi,67,0.031400060369322635,1.0
all,0.1000,cross-ppi,68,0.029669263433885512,0.0
all,0.1000,cross-ppi,69,0.030927474808229438,1.0
all,0.1000,cross-ppi,70,0.030314629835349494,1.0
all,0.1000,cross-ppi,71,0.02967473646406482,1.0
all,0.1000,cross-ppi,72,0.031172987961396226,1.0
all,0.1000,cross-ppi,73,0.03059385731669631,1.0
all,0.1000,cross-ppi,74,0.03090496935233389,1.0
all,0.1000,cross-ppi,75,0.030032696226399674,1.0
all,0.1000,cross-ppi,76,0.031024235327150262,1.0
all,0.1000,cross-ppi,77,0.02883235680523702,1.0
all,0.1000,cross-ppi,78,0.02991525322499078,1.0
all,0.1000,cross-ppi,79,0.0315169065275922,0.0
all,0.1000,cross-ppi,80,0.03010771641276666,1.0
all,0.1000,cross-ppi,81,0.03014642620011751,0.0
all,0.1000,cross-ppi,82,0.029162991057038817,1.0
all,0.1000,cross-ppi,83,0.03153601042700982,1.0
all,0.1000,cross-ppi,84,0.03120939380027099,1.0
all,0.1000,cross-ppi,85,0.029499052358850725,1.0
all,0.1000,cross-ppi,86,0.029781076064030437,1.0
all,0.1000,cross-ppi,87,0.029664553256170123,1.0
all,0.1000,cross-ppi,88,0.030547468862477917,1.0
all,0.1000,cross-ppi,89,0.030460823829166567,1.0
all,0.1000,cross-ppi,90,0.03033740686453265,1.0
all,0.1000,cross-ppi,91,0.030142688353351987,1.0
all,0.1000,cross-ppi,92,0.029785914648421508,1.0
all,0.1000,cross-ppi,93,0.030480800559041787,1.0
all,0.1000,cross-ppi,94,0.030845309951730515,1.0
all,0.1000,cross-ppi,95,0.03088461410267815,1.0
all,0.1000,cross-ppi,96,0.029520630461449926,1.0
all,0.1000,cross-ppi,97,0.02938194210347153,1.0
all,0.1000,cross-ppi,98,0.030232134868617172,1.0
all,0.1000,cross-ppi,99,0.03209475406335535,1.0
all,0.1000,cross-ppi,100,0.030141844017790298,1.0
all,0.1000,cross-ppi,101,0.030463537585996542,1.0
all,0.1000,cross-ppi,102,0.030250685939486655,1.0
all,0.1000,cross-ppi,103,0.03015336356565501,1.0
all,0.1000,cross-ppi,104,0.0302566011450445,1.0
all,0.1000,cross-ppi,105,0.028853130989055287,1.0
all,0.1000,cross-ppi,106,0.030438581119711317,1.0
all,0.1000,cross-ppi,107,0.0294639077776091,1.0
all,0.1000,cross-ppi,108,0.029275008343943032,1.0
all,0.1000,cross-ppi,109,0.029457782262983123,1.0
all,0.1000,cross-ppi,110,0.030338114487885703,1.0
all,0.1000,cross-ppi,111,0.030370023412244374,1.0
all,0.1000,cross-ppi,112,0.030521927487262013,1.0
all,0.1000,cross-ppi,113,0.03026556109495404,1.0
all,0.1000,cross-ppi,114,0.030240400213015328,1.0
all,0.1000,cross-ppi,115,0.029292476084150865,1.0
all,0.1000,cross-ppi,116,0.031510720519100865,1.0
all,0.1000,cross-ppi,117,0.030114991484687326,1.0
all,0.1000,cross-ppi,118,0.030640163889994243,1.0
all,0.1000,cross-ppi,119,0.030044193279052278,1.0
all,0.1000,cross-ppi,120,0.029741029366788796,1.0
all,0.1000,cross-ppi,121,0.03067830369075117,1.0
all,0.1000,cross-ppi,122,0.03170420054692391,1.0
all,0.1000,cross-ppi,123,0.030217892262261126,1.0
all,0.1000,cross-ppi,124,0.03003711631257222,1.0
all,0.1000,cross-ppi,125,0.030219775665794257,1.0
all,0.1000,cross-ppi,126,0.03007814072860235,1.0
all,0.1000,cross-ppi,127,0.031681059374235265,1.0
all,0.1000,cross-ppi,128,0.030615992218229193,0.0
all,0.1000,cross-ppi,129,0.028970867317781646,0.0
all,0.1000,cross-ppi,130,0.030244857220008248,1.0
all,0.1000,cross-ppi,131,0.0293979596909327,1.0
all,0.1000,cross-ppi,132,0.030644495622458606,1.0
all,0.1000,cross-ppi,133,0.029680126345411284,1.0
all,0.1000,cross-ppi,134,0.031415846500628675,1.0
all,0.1000,cross-ppi,135,0.028255081914244973,1.0
all,0.1000,cross-ppi,136,0.029335286871713384,1.0
all,0.1000,cross-ppi,137,0.030730964872187405,1.0
all,0.1000,cross-ppi,138,0.03013637169988148,1.0
all,0.1000,cross-ppi,139,0.029797191925653582,1.0
all,0.1000,cross-ppi,140,0.029970308580584915,1.0
all,0.1000,cross-ppi,141,0.031384345466279995,1.0
all,0.1000,cross-ppi,142,0.03049814538602591,1.0
all,0.1000,cross-ppi,143,0.030566300247018563,1.0
all,0.1000,cross-ppi,144,0.03027292713695498,0.0
all,0.1000,cross-ppi,145,0.029490438862152635,1.0
all,0.1000,cross-ppi,146,0.029897338273689456,1.0
all,0.1000,cross-ppi,147,0.03175115614803861,1.0
all,0.1000,cross-ppi,148,0.030413260962469213,1.0
all,0.1000,cross-ppi,149,0.03085632291358764,1.0
all,0.1000,cross-ppi,150,0.029320072697902516,1.0
all,0.1000,cross-ppi,151,0.029661099431335547,1.0
all,0.1000,cross-ppi,152,0.031113751746205898,1.0
all,0.1000,cross-ppi,153,0.028488771286728,1.0
all,0.1000,cross-ppi,154,0.028855448165388653,1.0
all,0.1000,cross-ppi,155,0.0295948266823457,1.0
all,0.1000,cross-ppi,156,0.03142551683597891,1.0
all,0.1000,cross-ppi,157,0.03233563910579473,1.0
all,0.1000,cross-ppi,158,0.03033688280805069,1.0
all,0.1000,cross-ppi,159,0.03043399577541872,1.0
all,0.1000,cross-ppi,160,0.02973546376489622,1.0
all,0.1000,cross-ppi,161,0.031306865989806254,1.0
all,0.1000,cross-ppi,162,0.030648717655900354,1.0
all,0.1000,cross-ppi,163,0.029947247950643185,1.0
all,0.1000,cross-ppi,164,0.030928573307832052,1.0
all,0.1000,cross-ppi,165,0.030535322319301117,1.0
all,0.1000,cross-ppi,166,0.030377623249755986,1.0
all,0.1000,cross-ppi,167,0.030488861654921706,1.0
all,0.1000,cross-ppi,168,0.030381801094854194,1.0
all,0.1000,cross-ppi,169,0.030550021291619434,1.0
all,0.1000,cross-ppi,170,0.029133866005616627,1.0
all,0.1000,cross-ppi,171,0.029731591511356736,1.0
all,0.1000,cross-ppi,172,0.03059866043782189,1.0
all,0.1000,cross-ppi,173,0.030844748487527385,1.0
all,0.1000,cross-ppi,174,0.030635484521105205,1.0
all,0.1000,cross-ppi,175,0.03054627374983121,1.0
all,0.1000,cross-ppi,176,0.030524334242952866,1.0
all,0.1000,cross-ppi,177,0.029514316813923358,1.0
all,0.1000,cross-ppi,178,0.03136226243417206,1.0
all,0.1000,cross-ppi,179,0.030568983271429873,1.0
all,0.1000,cross-ppi,180,0.031875718546298004,1.0
all,0.1000,cross-ppi,181,0.031119299236805315,1.0
all,0.1000,cross-ppi,182,0.030814469077801804,1.0
all,0.1000,cross-ppi,183,0.029855391533983755,1.0
all,0.1000,cross-ppi,184,0.03162001460676911,1.0
all,0.1000,cross-ppi,185,0.029049905727521003,1.0
all,0.1000,cross-ppi,186,0.03133105360014499,1.0
all,0.1000,cross-ppi,187,0.03019532427421004,1.0
all,0.1000,cross-ppi,188,0.02896354514791119,1.0
all,0.1000,cross-ppi,189,0.0297423091669671,1.0
all,0.1000,cross-ppi,190,0.03143203513956769,1.0
all,0.1000,cross-ppi,191,0.030688780124351833,1.0
all,0.1000,cross-ppi,192,0.029963028177404177,1.0
all,0.1000,cross-ppi,193,0.029284104719716764,1.0
all,0.1000,cross-ppi,194,0.0289342449600056,1.0
all,0.1000,cross-ppi,195,0.030822527350964468,1.0
all,0.1000,cross-ppi,196,0.03021370405179727,1.0
all,0.1000,cross-ppi,197,0.03161111315900389,1.0
all,0.1000,cross-ppi,198,0.030742269219203727,1.0
all,0.1000,cross-ppi,199,0.030819288592921268,1.0
all,0.1000,cross-ppi,200,0.031447294518280544,1.0
all,0.1000,cross-ppi,201,0.03053477704615118,1.0
all,0.1000,cross-ppi,202,0.030126605876193202,1.0
all,0.1000,cross-ppi,203,0.029972446142281672,1.0
all,0.1000,cross-ppi,204,0.02966202220589187,1.0
all,0.1000,cross-ppi,205,0.029560168751622595,1.0
all,0.1000,cross-ppi,206,0.029277247757502733,1.0
all,0.1000,cross-ppi,207,0.030337480725307064,1.0
all,0.1000,cross-ppi,208,0.030420499466728645,1.0
all,0.1000,cross-ppi,209,0.029768252513579285,1.0
all,0.1000,cross-ppi,210,0.029514647500941016,1.0
all,0.1000,cross-ppi,211,0.030317480773404987,0.0
all,0.1000,cross-ppi,212,0.03115614552846724,1.0
all,0.1000,cross-ppi,213,0.03159420885848285,1.0
all,0.1000,cross-ppi,214,0.03170639243114118,1.0
all,0.1000,cross-ppi,215,0.02953697805058364,1.0
all,0.1000,cross-ppi,216,0.031079191690031704,1.0
all,0.1000,cross-ppi,217,0.03113723863306528,1.0
all,0.1000,cross-ppi,218,0.02892994765874146,1.0
all,0.1000,cross-ppi,219,0.02992594662965309,1.0
all,0.1000,cross-ppi,220,0.030073833218694307,0.0
all,0.1000,cross-ppi,221,0.03056520800551024,1.0
all,0.1000,cross-ppi,222,0.030895158139699785,1.0
all,0.1000,cross-ppi,223,0.030463208415689502,1.0
all,0.1000,cross-ppi,224,0.03012985173844615,1.0
all,0.1000,cross-ppi,225,0.030526947616696304,1.0
all,0.1000,cross-ppi,226,0.029037458888288487,1.0
all,0.1000,cross-ppi,227,0.030033676879012122,1.0
all,0.1000,cross-ppi,228,0.029974208461051227,1.0
all,0.1000,cross-ppi,229,0.029417902569599502,1.0
all,0.1000,cross-ppi,230,0.029309225197716532,1.0
all,0.1000,cross-ppi,231,0.030968259179859486,1.0
all,0.1000,cross-ppi,232,0.02922916363087255,1.0
all,0.1000,cross-ppi,233,0.030700934138059077,1.0
all,0.1000,cross-ppi,234,0.029576024592992772,1.0
all,0.1000,cross-ppi,235,0.030091592352292196,1.0
all,0.1000,cross-ppi,236,0.03028258125937322,1.0
all,0.1000,cross-ppi,237,0.030710459472422347,1.0
all,0.1000,cross-ppi,238,0.0295907167848887,1.0
all,0.1000,cross-ppi,239,0.030395682361606502,1.0
all,0.1000,cross-ppi,240,0.029844138226248734,1.0
all,0.1000,cross-ppi,241,0.030407064249189153,1.0
all,0.1000,cross-ppi,242,0.030352963719413845,1.0
all,0.1000,cross-ppi,243,0.029078953275352593,1.0
all,0.1000,cross-ppi,244,0.02966821847156162,1.0
all,0.1000,cross-ppi,245,0.030669814992393102,1.0
all,0.1000,cross-ppi,246,0.029642193270097178,1.0
all,0.1000,cross-ppi,247,0.029793383754573827,1.0
all,0.1000,cross-ppi,248,0.029628892151180808,1.0
all,0.1000,cross-ppi,249,0.030155498338161668,1.0
all,0.1000,cross-ppi,250,0.03131665811214612,1.0
all,0.1000,cross-ppi,251,0.030883561019722533,1.0
all,0.1000,cross-ppi,252,0.030019580696847847,1.0
all,0.1000,cross-ppi,253,0.030762022534564976,1.0
all,0.1000,cross-ppi,254,0.031047261619809863,1.0
all,0.1000,cross-ppi,255,0.030038568741208443,1.0
all,0.1000,cross-ppi,256,0.02969341177785159,1.0
all,0.1000,cross-ppi,257,0.029964672124136005,1.0
all,0.1000,cross-ppi,258,0.029891324300783645,1.0
all,0.1000,cross-ppi,259,0.02950083024338601,1.0
all,0.1000,cross-ppi,260,0.031010662612212636,0.0
all,0.1000,cross-ppi,261,0.030446312827507316,1.0
all,0.1000,cross-ppi,262,0.03154006211687588,1.0
all,0.1000,cross-ppi,263,0.030862260534060132,1.0
all,0.1000,cross-ppi,264,0.030601917996582045,1.0
all,0.1000,cross-ppi,265,0.030582833929519188,1.0
all,0.1000,cross-ppi,266,0.02934509404232824,1.0
all,0.1000,cross-ppi,267,0.029625301091565442,1.0
all,0.1000,cross-ppi,268,0.03063065878721083,1.0
all,0.1000,cross-ppi,269,0.028920485711562666,1.0
all,0.1000,cross-ppi,270,0.030215308880791603,1.0
all,0.1000,cross-ppi,271,0.030354142129315503,1.0
all,0.1000,cross-ppi,272,0.03102344281403499,1.0
all,0.1000,cross-ppi,273,0.030650707899391394,1.0
all,0.1000,cross-ppi,274,0.030335751058575333,1.0
all,0.1000,cross-ppi,275,0.031010892995020023,1.0
all,0.1000,cross-ppi,276,0.03092091177307063,1.0
all,0.1000,cross-ppi,277,0.03057632089221965,1.0
all,0.1000,cross-ppi,278,0.029139478119212137,1.0
all,0.1000,cross-ppi,279,0.029893507569251604,1.0
all,0.1000,cross-ppi,280,0.028397811085945496,1.0
all,0.1000,cross-ppi,281,0.029789723644741972,1.0
all,0.1000,cross-ppi,282,0.028798617113645925,1.0
all,0.1000,cross-ppi,283,0.029935859179627933,1.0
all,0.1000,cross-ppi,284,0.029642646576186288,1.0
all,0.1000,cross-ppi,285,0.030156758228150005,1.0
all,0.1000,cross-ppi,286,0.030219108748422013,1.0
all,0.1000,cross-ppi,287,0.03058390522514709,1.0
all,0.1000,cross-ppi,288,0.03078723882833645,1.0
all,0.1000,cross-ppi,289,0.03004054079931373,1.0
all,0.1000,cross-ppi,290,0.030282857951163672,1.0
all,0.1000,cross-ppi,291,0.03068445296894251,1.0
all,0.1000,cross-ppi,292,0.029431213174276855,1.0
all,0.1000,cross-ppi,293,0.02902821140020606,1.0
all,0.1000,cross-ppi,294,0.031056431193668077,1.0
all,0.1000,cross-ppi,295,0.030865855827728272,1.0
all,0.1000,cross-ppi,296,0.03036870110370074,1.0
all,0.1000,cross-ppi,297,0.030117469213482156,1.0
all,0.1000,cross-ppi,298,0.03009883110886924,1.0
all,0.1000,cross-ppi,299,0.0303293358714245,1.0
all,0.1000,cross-ppi,300,0.029294357018388256,1.0
all,0.1000,cross-ppi,301,0.030384176214499292,1.0
all,0.1000,cross-ppi,302,0.031000830047040462,1.0
all,0.1000,cross-ppi,303,0.029780163485290223,1.0
all,0.1000,cross-ppi,304,0.030133922138838837,1.0
all,0.1000,cross-ppi,305,0.029014324273188286,1.0
all,0.1000,cross-ppi,306,0.029100695246775943,1.0
all,0.1000,cross-ppi,307,0.0288361759127278,1.0
all,0.1000,cross-ppi,308,0.03036996105861875,1.0
all,0.1000,cross-ppi,309,0.030557780773226906,1.0
all,0.1000,cross-ppi,310,0.02998315831550702,1.0
all,0.1000,cross-ppi,311,0.030036406283517114,1.0
all,0.1000,cross-ppi,312,0.0312179613045499,1.0
all,0.1000,cross-ppi,313,0.030313134558926813,1.0
all,0.1000,cross-ppi,314,0.030310825850341144,1.0
all,0.1000,cross-ppi,315,0.030959545397631794,1.0
all,0.1000,cross-ppi,316,0.030764316327674707,1.0
all,0.1000,cross-ppi,317,0.030214616644529707,1.0
all,0.1000,cross-ppi,318,0.029332855124238333,1.0
all,0.1000,cross-ppi,319,0.030016674074613614,1.0
all,0.1000,cross-ppi,320,0.029446479284021748,1.0
all,0.1000,cross-ppi,321,0.030998866603100805,1.0
all,0.1000,cross-ppi,322,0.030004345366155816,1.0
all,0.1000,cross-ppi,323,0.029707289982998347,1.0
all,0.1000,cross-ppi,324,0.030816013005649068,1.0
all,0.1000,cross-ppi,325,0.030458008799910452,1.0
all,0.1000,cross-ppi,326,0.029744318575527173,1.0
all,0.1000,cross-ppi,327,0.03078258514142715,1.0
all,0.1000,cross-ppi,328,0.030474135482757125,1.0
all,0.1000,cross-ppi,329,0.030390298905908164,1.0
all,0.1000,cross-ppi,330,0.030185332830384604,1.0
all,0.1000,cross-ppi,331,0.0310510019839898,1.0
all,0.1000,cross-ppi,332,0.030749873456671045,1.0
all,0.1100,cross-ppi,0,0.029164452472728697,1.0
all,0.1100,cross-ppi,1,0.029285460299415367,1.0
all,0.1100,cross-ppi,2,0.028695468520288925,1.0
all,0.1100,cross-ppi,3,0.02888085227859291,1.0
all,0.1100,cross-ppi,4,0.029117193239580175,1.0
all,0.1100,cross-ppi,5,0.027815017248599777,1.0
all,0.1100,cross-ppi,6,0.02940914981860243,1.0
all,0.1100,cross-ppi,7,0.028369311320435103,1.0
all,0.1100,cross-ppi,8,0.02804359318150071,1.0
all,0.1100,cross-ppi,9,0.028455089805224848,1.0
all,0.1100,cross-ppi,10,0.02903374684712623,1.0
all,0.1100,cross-ppi,11,0.029700288770651007,1.0
all,0.1100,cross-ppi,12,0.029583503181917492,1.0
all,0.1100,cross-ppi,13,0.028928365086665547,1.0
all,0.1100,cross-ppi,14,0.029221590234724593,1.0
all,0.1100,cross-ppi,15,0.028327418479557553,1.0
all,0.1100,cross-ppi,16,0.030149326311532332,1.0
all,0.1100,cross-ppi,17,0.02869932211717599,1.0
all,0.1100,cross-ppi,18,0.029259035306632458,1.0
all,0.1100,cross-ppi,19,0.028815137312492856,1.0
all,0.1100,cross-ppi,20,0.028414293303249072,1.0
all,0.1100,cross-ppi,21,0.029435826997999293,1.0
all,0.1100,cross-ppi,22,0.030193588720753728,1.0
all,0.1100,cross-ppi,23,0.029065802264516716,1.0
all,0.1100,cross-ppi,24,0.028912906710109154,1.0
all,0.1100,cross-ppi,25,0.029076024282736673,1.0
all,0.1100,cross-ppi,26,0.029033602610182202,1.0
all,0.1100,cross-ppi,27,0.030250534563321718,1.0
all,0.1100,cross-ppi,28,0.029269492280422305,0.0
all,0.1100,cross-ppi,29,0.02745002240502567,0.0
all,0.1100,cross-ppi,30,0.029088607829172136,1.0
all,0.1100,cross-ppi,31,0.028241560685030587,1.0
all,0.1100,cross-ppi,32,0.0295166982033834,1.0
all,0.1100,cross-ppi,33,0.028785439283148695,1.0
all,0.1100,cross-ppi,34,0.029979808939854857,0.0
all,0.1100,cross-ppi,35,0.027550206612425687,1.0
all,0.1100,cross-ppi,36,0.028351922379502237,1.0
all,0.1100,cross-ppi,37,0.029175798498311062,1.0
all,0.1100,cross-ppi,38,0.028838065275872266,1.0
all,0.1100,cross-ppi,39,0.028832731592825983,1.0
all,0.1100,cross-ppi,40,0.028796404565889167,1.0
all,0.1100,cross-ppi,41,0.030001999964396592,1.0
all,0.1100,cross-ppi,42,0.02913587451486041,1.0
all,0.1100,cross-ppi,43,0.029133439853640586,1.0
all,0.1100,cross-ppi,44,0.029202545262394047,0.0
all,0.1100,cross-ppi,45,0.028648445529986244,1.0
all,0.1100,cross-ppi,46,0.02891230779546461,1.0
all,0.1100,cross-ppi,47,0.030188865031416823,1.0
all,0.1100,cross-ppi,48,0.02948136415600222,1.0
all,0.1100,cross-ppi,49,0.02914888675225677,1.0
all,0.1100,cross-ppi,50,0.028131413478822892,1.0
all,0.1100,cross-ppi,51,0.028558026793024327,1.0
all,0.1100,cross-ppi,52,0.029553738963379456,1.0
all,0.1100,cross-ppi,53,0.02714912332737565,1.0
all,0.1100,cross-ppi,54,0.028010792945238894,1.0
all,0.1100,cross-ppi,55,0.02858401509135977,1.0
all,0.1100,cross-ppi,56,0.03038089952786438,1.0
all,0.1100,cross-ppi,57,0.030732366481370454,1.0
all,0.1100,cross-ppi,58,0.02928071658717893,1.0
all,0.1100,cross-ppi,59,0.02955721776702433,1.0
all,0.1100,cross-ppi,60,0.028699204026433667,1.0
all,0.1100,cross-ppi,61,0.03009055946070338,1.0
all,0.1100,cross-ppi,62,0.02952051393636071,1.0
all,0.1100,cross-ppi,63,0.029085141422563687,1.0
all,0.1100,cross-ppi,64,0.029774612630759312,1.0
all,0.1100,cross-ppi,65,0.029303143486764438,1.0
all,0.1100,cross-ppi,66,0.029306034216161625,1.0
all,0.1100,cross-ppi,67,0.02935033093937489,1.0
all,0.1100,cross-ppi,68,0.029388124606122945,1.0
all,0.1100,cross-ppi,69,0.02919724036072502,1.0
all,0.1100,cross-ppi,70,0.028178782149147458,1.0
all,0.1100,cross-ppi,71,0.028579104162473556,1.0
all,0.1100,cross-ppi,72,0.029428154205859675,1.0
all,0.1100,cross-ppi,73,0.02975363355879157,1.0
all,0.1100,cross-ppi,74,0.029220391064652684,1.0
all,0.1100,cross-ppi,75,0.029119168206194673,1.0
all,0.1100,cross-ppi,76,0.029537455955171543,1.0
all,0.1100,cross-ppi,77,0.02862424486064652,1.0
all,0.1100,cross-ppi,78,0.030344822467179955,1.0
all,0.1100,cross-ppi,79,0.02924894214613946,1.0
all,0.1100,cross-ppi,80,0.03051398018789786,1.0
all,0.1100,cross-ppi,81,0.03001262975184127,1.0
all,0.1100,cross-ppi,82,0.029549114186962683,1.0
all,0.1100,cross-ppi,83,0.028624082591462513,1.0
all,0.1100,cross-ppi,84,0.030071278437976412,1.0
all,0.1100,cross-ppi,85,0.02762365786361265,1.0
all,0.1100,cross-ppi,86,0.029735309463099546,1.0
all,0.1100,cross-ppi,87,0.028737276423501323,1.0
all,0.1100,cross-ppi,88,0.027647113257527445,1.0
all,0.1100,cross-ppi,89,0.028776017480580646,1.0
all,0.1100,cross-ppi,90,0.030080007323838337,1.0
all,0.1100,cross-ppi,91,0.02979580355948716,1.0
all,0.1100,cross-ppi,92,0.028921305870849262,1.0
all,0.1100,cross-ppi,93,0.027982039234370704,1.0
all,0.1100,cross-ppi,94,0.02798506586648697,1.0
all,0.1100,cross-ppi,95,0.02936896770728681,1.0
all,0.1100,cross-ppi,96,0.028954172091561037,1.0
all,0.1100,cross-ppi,97,0.03034399341619165,1.0
all,0.1100,cross-ppi,98,0.02924981010454117,1.0
all,0.1100,cross-ppi,99,0.029616068625378467,1.0
all,0.1100,cross-ppi,100,0.030260978419547224,1.0
all,0.1100,cross-ppi,101,0.0293768155326094,1.0
all,0.1100,cross-ppi,102,0.029418597372413452,1.0
all,0.1100,cross-ppi,103,0.028704099667511085,1.0
all,0.1100,cross-ppi,104,0.02839852012540134,1.0
all,0.1100,cross-ppi,105,0.02810651050085955,1.0
all,0.1100,cross-ppi,106,0.028195079024968428,1.0
all,0.1100,cross-ppi,107,0.02919147624809082,1.0
all,0.1100,cross-ppi,108,0.029105129221182913,1.0
all,0.1100,cross-ppi,109,0.02847294586129967,1.0
all,0.1100,cross-ppi,110,0.028122714574445484,1.0
all,0.1100,cross-ppi,111,0.028925911323220754,0.0
all,0.1100,cross-ppi,112,0.029981663395693525,1.0
all,0.1100,cross-ppi,113,0.029971861605976313,1.0
all,0.1100,cross-ppi,114,0.030720636375280996,1.0
all,0.1100,cross-ppi,115,0.028668631897353802,1.0
all,0.1100,cross-ppi,116,0.029689610192028537,1.0
all,0.1100,cross-ppi,117,0.02974160952490601,1.0
all,0.1100,cross-ppi,118,0.028044742400528455,1.0
all,0.1100,cross-ppi,119,0.028882104854158097,1.0
all,0.1100,cross-ppi,120,0.028833658253000993,1.0
all,0.1100,cross-ppi,121,0.028987275147318553,1.0
all,0.1100,cross-ppi,122,0.029564747581880768,1.0
all,0.1100,cross-ppi,123,0.02904587984445342,1.0
all,0.1100,cross-ppi,124,0.028682803935988543,1.0
all,0.1100,cross-ppi,125,0.02943344379619328,1.0
all,0.1100,cross-ppi,126,0.027942701790515723,1.0
all,0.1100,cross-ppi,127,0.029097551253812637,1.0
all,0.1100,cross-ppi,128,0.028518134479457086,1.0
all,0.1100,cross-ppi,129,0.02806134846230479,1.0
all,0.1100,cross-ppi,130,0.028291507590526815,1.0
all,0.1100,cross-ppi,131,0.029621806711610105,1.0
all,0.1100,cross-ppi,132,0.028004432482288677,1.0
all,0.1100,cross-ppi,133,0.02941996800125235,1.0
all,0.1100,cross-ppi,134,0.02824628717120714,1.0
all,0.1100,cross-ppi,135,0.02868571956750618,1.0
all,0.1100,cross-ppi,136,0.029280147066742535,1.0
all,0.1100,cross-ppi,137,0.02931215011908961,1.0
all,0.1100,cross-ppi,138,0.028418192839777645,1.0
all,0.1100,cross-ppi,139,0.029088094298733935,1.0
all,0.1100,cross-ppi,140,0.02848023167983993,1.0
all,0.1100,cross-ppi,141,0.029258022340134526,1.0
all,0.1100,cross-ppi,142,0.029446601818023055,1.0
all,0.1100,cross-ppi,143,0.028454673859504065,1.0
all,0.1100,cross-ppi,144,0.028467641096780044,1.0
all,0.1100,cross-ppi,145,0.029574673166787413,1.0
all,0.1100,cross-ppi,146,0.028560075629224996,1.0
all,0.1100,cross-ppi,147,0.02820814316251974,1.0
all,0.1100,cross-ppi,148,0.028989553218982694,1.0
all,0.1100,cross-ppi,149,0.028973225578566103,1.0
all,0.1100,cross-ppi,150,0.029638545988007747,1.0
all,0.1100,cross-ppi,151,0.029527088491975828,1.0
all,0.1100,cross-ppi,152,0.028776312972402573,1.0
all,0.1100,cross-ppi,153,0.029501105838672187,1.0
all,0.1100,cross-ppi,154,0.029968178500805714,1.0
all,0.1100,cross-ppi,155,0.029068058179061884,1.0
all,0.1100,cross-ppi,156,0.028396380317949665,1.0
all,0.1100,cross-ppi,157,0.028990603680661947,1.0
all,0.1100,cross-ppi,158,0.02843980454769557,1.0
all,0.1100,cross-ppi,159,0.028381628242259094,1.0
all,0.1100,cross-ppi,160,0.02944277744974788,1.0
all,0.1100,cross-ppi,161,0.029012255540864174,1.0
all,0.1100,cross-ppi,162,0.030141122355472283,1.0
all,0.1100,cross-ppi,163,0.02931485721975635,1.0
all,0.1100,cross-ppi,164,0.0294010955956103,1.0
all,0.1100,cross-ppi,165,0.02941354682403252,1.0
all,0.1100,cross-ppi,166,0.02784414227548826,1.0
all,0.1100,cross-ppi,167,0.028309996321586733,1.0
all,0.1100,cross-ppi,168,0.029021983945880625,1.0
all,0.1100,cross-ppi,169,0.027758778900620174,1.0
all,0.1100,cross-ppi,170,0.028877580377845824,1.0
all,0.1100,cross-ppi,171,0.02904486230429823,1.0
all,0.1100,cross-ppi,172,0.029647870161378598,1.0
all,0.1100,cross-ppi,173,0.029086195652443525,1.0
all,0.1100,cross-ppi,174,0.02911335040422891,1.0
all,0.1100,cross-ppi,175,0.02965620021104498,1.0
all,0.1100,cross-ppi,176,0.029227846290061255,1.0
all,0.1100,cross-ppi,177,0.029507626936161824,1.0
all,0.1100,cross-ppi,178,0.02793097515667875,1.0
all,0.1100,cross-ppi,179,0.028753747274723934,1.0
all,0.1100,cross-ppi,180,0.027566150326656658,1.0
all,0.1100,cross-ppi,181,0.028696815493278405,1.0
all,0.1100,cross-ppi,182,0.027913978535958006,1.0
all,0.1100,cross-ppi,183,0.028792740991751664,1.0
all,0.1100,cross-ppi,184,0.028405985408641254,1.0
all,0.1100,cross-ppi,185,0.02874601929609985,1.0
all,0.1100,cross-ppi,186,0.028904827791915944,1.0
all,0.1100,cross-ppi,187,0.029226218658901515,1.0
all,0.1100,cross-ppi,188,0.02978752657672079,1.0
all,0.1100,cross-ppi,189,0.028870801465351814,1.0
all,0.1100,cross-ppi,190,0.028650738151749344,1.0
all,0.1100,cross-ppi,191,0.02949465650419869,1.0
all,0.1100,cross-ppi,192,0.02847765974089933,1.0
all,0.1100,cross-ppi,193,0.028010272027313987,1.0
all,0.1100,cross-ppi,194,0.02981142825965477,1.0
all,0.1100,cross-ppi,195,0.02949412457921574,1.0
all,0.1100,cross-ppi,196,0.02907193500568961,1.0
all,0.1100,cross-ppi,197,0.02886992985841741,1.0
all,0.1100,cross-ppi,198,0.029210085496536392,1.0
all,0.1100,cross-ppi,199,0.029102521250144536,1.0
all,0.1100,cross-ppi,200,0.028211107658645845,1.0
all,0.1100,cross-ppi,201,0.029155004942471363,0.0
all,0.1100,cross-ppi,202,0.02946643586538711,1.0
all,0.1100,cross-ppi,203,0.028121083205024267,1.0
all,0.1100,cross-ppi,204,0.028763105338141887,1.0
all,0.1100,cross-ppi,205,0.028271215831967234,1.0
all,0.1100,cross-ppi,206,0.02783180202994151,1.0
all,0.1100,cross-ppi,207,0.028166470240948843,1.0
all,0.1100,cross-ppi,208,0.02928236807748616,1.0
all,0.1100,cross-ppi,209,0.029563146072324464,1.0
all,0.1100,cross-ppi,210,0.02890142003449936,1.0
all,0.1100,cross-ppi,211,0.02894984208955928,1.0
all,0.1100,cross-ppi,212,0.029775048954877592,1.0
all,0.1100,cross-ppi,213,0.029301740919866925,1.0
all,0.1100,cross-ppi,214,0.02921458867475779,1.0
all,0.1100,cross-ppi,215,0.029686853635991772,1.0
all,0.1100,cross-ppi,216,0.029224886518414706,1.0
all,0.1100,cross-ppi,217,0.028739751587930712,1.0
all,0.1100,cross-ppi,218,0.028707034705597767,1.0
all,0.1100,cross-ppi,219,0.029287148252462175,1.0
all,0.1100,cross-ppi,220,0.02841322270270019,1.0
all,0.1100,cross-ppi,221,0.029545830378423954,1.0
all,0.1100,cross-ppi,222,0.028799900611421902,1.0
all,0.1100,cross-ppi,223,0.028387981589559214,1.0
all,0.1100,cross-ppi,224,0.02938652729742719,1.0
all,0.1100,cross-ppi,225,0.02918849608188881,1.0
all,0.1100,cross-ppi,226,0.028696284172440856,1.0
all,0.1100,cross-ppi,227,0.029253550117634086,1.0
all,0.1100,cross-ppi,228,0.029216814576867978,1.0
all,0.1100,cross-ppi,229,0.029248716355704446,1.0
all,0.1100,cross-ppi,230,0.029452804492771656,1.0
all,0.1100,cross-ppi,231,0.029540787988109773,1.0
all,0.1100,cross-ppi,232,0.029529825478711164,1.0
all,0.1100,cross-ppi,233,0.02927467488428559,1.0
all,0.1100,cross-ppi,234,0.02922071977928986,1.0
all,0.1100,cross-ppi,235,0.02926662095543045,1.0
all,0.1100,cross-ppi,236,0.02909866220523849,1.0
all,0.1100,cross-ppi,237,0.028419046948927912,1.0
all,0.1100,cross-ppi,238,0.029061888775733458,1.0
all,0.1100,cross-ppi,239,0.028392120670027277,1.0
all,0.1100,cross-ppi,240,0.02911118595834017,1.0
all,0.1100,cross-ppi,241,0.02875496614647033,1.0
all,0.1100,cross-ppi,242,0.028602791068338407,1.0
all,0.1100,cross-ppi,243,0.0287992776070862,1.0
all,0.1100,cross-ppi,244,0.029244307662016494,1.0
all,0.1100,cross-ppi,245,0.028610113862034048,1.0
all,0.1100,cross-ppi,246,0.029123003429049943,1.0
all,0.1100,cross-ppi,247,0.029800109135319164,1.0
all,0.1100,cross-ppi,248,0.028852470655916146,1.0
all,0.1100,cross-ppi,249,0.029575866024846076,1.0
all,0.1100,cross-ppi,250,0.02885479335119992,1.0
all,0.1100,cross-ppi,251,0.028046094078273298,1.0
all,0.1100,cross-ppi,252,0.027990150204311975,1.0
all,0.1100,cross-ppi,253,0.028371514803017694,1.0
all,0.1100,cross-ppi,254,0.02943643878050084,1.0
all,0.1100,cross-ppi,255,0.029685747532295442,1.0
all,0.1100,cross-ppi,256,0.02982475099200954,1.0
all,0.1100,cross-ppi,257,0.029181598396450042,1.0
all,0.1100,cross-ppi,258,0.029157746966079007,1.0
all,0.1100,cross-ppi,259,0.02700996671360556,1.0
all,0.1100,cross-ppi,260,0.029089370203033343,1.0
all,0.1100,cross-ppi,261,0.029659568427426453,1.0
all,0.1100,cross-ppi,262,0.029927632059598835,1.0
all,0.1100,cross-ppi,263,0.028579540602910347,1.0
all,0.1100,cross-ppi,264,0.028740761849490287,1.0
all,0.1100,cross-ppi,265,0.028049434931545797,1.0
all,0.1100,cross-ppi,266,0.030169940653700933,1.0
all,0.1100,cross-ppi,267,0.029250439228834385,1.0
all,0.1100,cross-ppi,268,0.02908931237087395,1.0
all,0.1100,cross-ppi,269,0.029707367993152017,1.0
all,0.1100,cross-ppi,270,0.028281206926241614,1.0
all,0.1100,cross-ppi,271,0.028544074768424604,1.0
all,0.1100,cross-ppi,272,0.028984792172594642,1.0
all,0.1100,cross-ppi,273,0.029444131376762855,1.0
all,0.1100,cross-ppi,274,0.02864810475465318,1.0
all,0.1100,cross-ppi,275,0.028439136218094574,1.0
all,0.1100,cross-ppi,276,0.028348411202451157,1.0
all,0.1100,cross-ppi,277,0.02840663185376424,0.0
all,0.1100,cross-ppi,278,0.028486630196545626,1.0
all,0.1100,cross-ppi,279,0.028157570125264958,1.0
all,0.1100,cross-ppi,280,0.02930224986763505,1.0
all,0.1100,cross-ppi,281,0.02851303433964536,1.0
all,0.1100,cross-ppi,282,0.028358763203607945,1.0
all,0.1100,cross-ppi,283,0.028212183336367658,1.0
all,0.1100,cross-ppi,284,0.027442821414319113,1.0
all,0.1100,cross-ppi,285,0.02936643610276779,1.0
all,0.1100,cross-ppi,286,0.029397477803542182,1.0
all,0.1100,cross-ppi,287,0.029670533559243983,1.0
all,0.1100,cross-ppi,288,0.02825742801328382,1.0
all,0.1100,cross-ppi,289,0.02924756494206915,1.0
all,0.1100,cross-ppi,290,0.02919911228417038,1.0
all,0.1100,cross-ppi,291,0.028397042635696423,1.0
all,0.1100,cross-ppi,292,0.02973467815452968,1.0
all,0.1100,cross-ppi,293,0.02997574126718061,1.0
all,0.1100,cross-ppi,294,0.028936344552863758,1.0
all,0.1100,cross-ppi,295,0.027861646007838775,1.0
all,0.1100,cross-ppi,296,0.029267305941982652,1.0
all,0.1100,cross-ppi,297,0.029201728965195017,1.0
all,0.1100,cross-ppi,298,0.02927688594070496,1.0
all,0.1100,cross-ppi,299,0.028698771457993266,1.0
all,0.1100,cross-ppi,300,0.028502473606299122,1.0
all,0.1100,cross-ppi,301,0.02825534021188833,1.0
all,0.1100,cross-ppi,302,0.028270641293977383,1.0
all,0.1100,cross-ppi,303,0.02897738053981405,1.0
all,0.1100,cross-ppi,304,0.028500390924783597,1.0
all,0.1100,cross-ppi,305,0.02908673268687756,1.0
all,0.1100,cross-ppi,306,0.02851757935124688,1.0
all,0.1100,cross-ppi,307,0.02827692472200427,1.0
all,0.1100,cross-ppi,308,0.028136534320121837,1.0
all,0.1100,cross-ppi,309,0.02994907683653325,1.0
all,0.1100,cross-ppi,310,0.029112946378080623,1.0
all,0.1100,cross-ppi,311,0.028628270732832473,1.0
all,0.1100,cross-ppi,312,0.029742391400722545,1.0
all,0.1100,cross-ppi,313,0.030144834132314474,1.0
all,0.1100,cross-ppi,314,0.028904923528689647,1.0
all,0.1100,cross-ppi,315,0.03015178119659434,1.0
all,0.1100,cross-ppi,316,0.029076798102016466,1.0
all,0.1100,cross-ppi,317,0.03005807898629162,1.0
all,0.1100,cross-ppi,318,0.027704506282225316,1.0
all,0.1100,cross-ppi,319,0.028304453335267904,1.0
all,0.1100,cross-ppi,320,0.0287664177485486,1.0
all,0.1100,cross-ppi,321,0.029816581878722243,1.0
all,0.1100,cross-ppi,322,0.028574891612608178,1.0
all,0.1100,cross-ppi,323,0.03015854039557697,1.0
all,0.1100,cross-ppi,324,0.028374247792807533,1.0
all,0.1100,cross-ppi,325,0.027592990232355175,1.0
all,0.1100,cross-ppi,326,0.02877478818892909,1.0
all,0.1100,cross-ppi,327,0.028651031785102338,1.0
all,0.1100,cross-ppi,328,0.02866174515567524,1.0
all,0.1100,cross-ppi,329,0.02908117076803496,1.0
all,0.1100,cross-ppi,330,0.02809681797688035,1.0
all,0.1100,cross-ppi,331,0.02905928961197035,1.0
all,0.1100,cross-ppi,332,0.028595039263318522,1.0
all,0.1200,cross-ppi,0,0.029046327517703974,1.0
all,0.1200,cross-ppi,1,0.028166451384219776,1.0
all,0.1200,cross-ppi,2,0.028143411897848525,1.0
all,0.1200,cross-ppi,3,0.027770021760801678,1.0
all,0.1200,cross-ppi,4,0.027576947669816887,1.0
all,0.1200,cross-ppi,5,0.027148762658643882,1.0
all,0.1200,cross-ppi,6,0.027153265722813402,1.0
all,0.1200,cross-ppi,7,0.02774887210064189,1.0
all,0.1200,cross-ppi,8,0.027948001942688955,1.0
all,0.1200,cross-ppi,9,0.02750833227533489,1.0
all,0.1200,cross-ppi,10,0.026979613051347634,1.0
all,0.1200,cross-ppi,11,0.02772879786810012,0.0
all,0.1200,cross-ppi,12,0.028705990695814143,1.0
all,0.1200,cross-ppi,13,0.028830882233459088,1.0
all,0.1200,cross-ppi,14,0.029547567237378197,1.0
all,0.1200,cross-ppi,15,0.027711917544264858,1.0
all,0.1200,cross-ppi,16,0.02882940296406178,1.0
all,0.1200,cross-ppi,17,0.02841784967924732,1.0
all,0.1200,cross-ppi,18,0.027010819237930472,1.0
all,0.1200,cross-ppi,19,0.02787024617659617,1.0
all,0.1200,cross-ppi,20,0.027780527464321803,1.0
all,0.1200,cross-ppi,21,0.028003425252916547,1.0
all,0.1200,cross-ppi,22,0.028475586854381008,1.0
all,0.1200,cross-ppi,23,0.02778183861436423,1.0
all,0.1200,cross-ppi,24,0.02760673579082118,1.0
all,0.1200,cross-ppi,25,0.028484442175081254,1.0
all,0.1200,cross-ppi,26,0.02699519102177994,1.0
all,0.1200,cross-ppi,27,0.02808546858075553,1.0
all,0.1200,cross-ppi,28,0.027620731950945054,1.0
all,0.1200,cross-ppi,29,0.026970792170233238,1.0
all,0.1200,cross-ppi,30,0.02741448124531773,1.0
all,0.1200,cross-ppi,31,0.028478283082777917,1.0
all,0.1200,cross-ppi,32,0.02696497169536316,1.0
all,0.1200,cross-ppi,33,0.028350082465603776,1.0
all,0.1200,cross-ppi,34,0.0275528822223029,1.0
all,0.1200,cross-ppi,35,0.027546702701248815,1.0
all,0.1200,cross-ppi,36,0.028141901867601793,1.0
all,0.1200,cross-ppi,37,0.028367807088398034,0.0
all,0.1200,cross-ppi,38,0.027616750078135216,1.0
all,0.1200,cross-ppi,39,0.027862588674738453,1.0
all,0.1200,cross-ppi,40,0.027309249650508072,1.0
all,0.1200,cross-ppi,41,0.028495541614412145,1.0
all,0.1200,cross-ppi,42,0.0283318066033017,1.0
all,0.1200,cross-ppi,43,0.027583412680343672,1.0
all,0.1200,cross-ppi,44,0.027453640154328163,1.0
all,0.1200,cross-ppi,45,0.028507955836257398,1.0
all,0.1200,cross-ppi,46,0.027616717486079884,1.0
all,0.1200,cross-ppi,47,0.027172598243023455,1.0
all,0.1200,cross-ppi,48,0.027889656078092323,1.0
all,0.1200,cross-ppi,49,0.028246878918699703,1.0
all,0.1200,cross-ppi,50,0.028359032918528815,1.0
all,0.1200,cross-ppi,51,0.028335918470697274,1.0
all,0.1200,cross-ppi,52,0.027748649711210355,1.0
all,0.1200,cross-ppi,53,0.02885874584145487,1.0
all,0.1200,cross-ppi,54,0.02890652208036326,1.0
all,0.1200,cross-ppi,55,0.02783900390483729,1.0
all,0.1200,cross-ppi,56,0.02745009265347323,1.0
all,0.1200,cross-ppi,57,0.027938573983064097,1.0
all,0.1200,cross-ppi,58,0.027629756039059733,1.0
all,0.1200,cross-ppi,59,0.02752035032150202,1.0
all,0.1200,cross-ppi,60,0.028122175534167848,1.0
all,0.1200,cross-ppi,61,0.02797422937408167,1.0
all,0.1200,cross-ppi,62,0.029229473975650455,1.0
all,0.1200,cross-ppi,63,0.028270958481125485,1.0
all,0.1200,cross-ppi,64,0.028164739430154323,1.0
all,0.1200,cross-ppi,65,0.02832581644242413,1.0
all,0.1200,cross-ppi,66,0.026564639380598137,1.0
all,0.1200,cross-ppi,67,0.02744297821751185,1.0
all,0.1200,cross-ppi,68,0.027628778807459176,1.0
all,0.1200,cross-ppi,69,0.026944332359804785,1.0
all,0.1200,cross-ppi,70,0.02783367844808657,1.0
all,0.1200,cross-ppi,71,0.02801823594812239,1.0
all,0.1200,cross-ppi,72,0.0282749529381964,1.0
all,0.1200,cross-ppi,73,0.02791867297927697,1.0
all,0.1200,cross-ppi,74,0.027656367984629754,1.0
all,0.1200,cross-ppi,75,0.028332453294141913,1.0
all,0.1200,cross-ppi,76,0.028063233845109448,1.0
all,0.1200,cross-ppi,77,0.028107629291760472,1.0
all,0.1200,cross-ppi,78,0.026638290905635076,1.0
all,0.1200,cross-ppi,79,0.027736493064312057,1.0
all,0.1200,cross-ppi,80,0.026727909314497977,1.0
all,0.1200,cross-ppi,81,0.02778330289049455,1.0
all,0.1200,cross-ppi,82,0.027234243720791862,1.0
all,0.1200,cross-ppi,83,0.028158674485300406,1.0
all,0.1200,cross-ppi,84,0.027065679993126035,1.0
all,0.1200,cross-ppi,85,0.027609898265938876,1.0
all,0.1200,cross-ppi,86,0.027615098636517454,1.0
all,0.1200,cross-ppi,87,0.028117133445537568,1.0
all,0.1200,cross-ppi,88,0.028326728247611593,1.0
all,0.1200,cross-ppi,89,0.0278155965393658,1.0
all,0.1200,cross-ppi,90,0.027863147377257813,1.0
all,0.1200,cross-ppi,91,0.028421286418110592,1.0
all,0.1200,cross-ppi,92,0.027709716410022595,1.0
all,0.1200,cross-ppi,93,0.027288949670802087,1.0
all,0.1200,cross-ppi,94,0.028506726750798794,1.0
all,0.1200,cross-ppi,95,0.028394808664054305,1.0
all,0.1200,cross-ppi,96,0.027979421439364494,1.0
all,0.1200,cross-ppi,97,0.02772387592201464,1.0
all,0.1200,cross-ppi,98,0.027968082399413313,1.0
all,0.1200,cross-ppi,99,0.027722160813784313,1.0
all,0.1200,cross-ppi,100,0.027087410446357763,1.0
all,0.1200,cross-ppi,101,0.02774773246608142,1.0
all,0.1200,cross-ppi,102,0.028255217544410183,0.0
all,0.1200,cross-ppi,103,0.027370684494399278,1.0
all,0.1200,cross-ppi,104,0.027602318069073317,1.0
all,0.1200,cross-ppi,105,0.027625726787778415,1.0
all,0.1200,cross-ppi,106,0.026984915413278077,1.0
all,0.1200,cross-ppi,107,0.02713366006929563,1.0
all,0.1200,cross-ppi,108,0.028313819033240373,1.0
all,0.1200,cross-ppi,109,0.028228150124683687,1.0
all,0.1200,cross-ppi,110,0.027933295108198614,1.0
all,0.1200,cross-ppi,111,0.027978758465521142,1.0
all,0.1200,cross-ppi,112,0.028825749114843924,1.0
all,0.1200,cross-ppi,113,0.028233772764867382,1.0
all,0.1200,cross-ppi,114,0.02839350486184719,1.0
all,0.1200,cross-ppi,115,0.02880727714933029,1.0
all,0.1200,cross-ppi,116,0.028034849088999447,1.0
all,0.1200,cross-ppi,117,0.027660693192935043,1.0
all,0.1200,cross-ppi,118,0.027436143855475326,1.0
all,0.1200,cross-ppi,119,0.02801257313536651,1.0
all,0.1200,cross-ppi,120,0.027452379005009436,1.0
all,0.1200,cross-ppi,121,0.0284713219588989,0.0
all,0.1200,cross-ppi,122,0.02784946850824177,1.0
all,0.1200,cross-ppi,123,0.0274599911140867,1.0
all,0.1200,cross-ppi,124,0.028422824673830477,1.0
all,0.1200,cross-ppi,125,0.028346724695719083,1.0
all,0.1200,cross-ppi,126,0.027493088527603377,1.0
all,0.1200,cross-ppi,127,0.028122950957612164,1.0
all,0.1200,cross-ppi,128,0.02811143092951207,1.0
all,0.1200,cross-ppi,129,0.027995774990315803,1.0
all,0.1200,cross-ppi,130,0.028464652559909293,1.0
all,0.1200,cross-ppi,131,0.0283144468321421,1.0
all,0.1200,cross-ppi,132,0.028544220435145956,1.0
all,0.1200,cross-ppi,133,0.02802794394731334,1.0
all,0.1200,cross-ppi,134,0.028369474869301553,1.0
all,0.1200,cross-ppi,135,0.02821732620666173,1.0
all,0.1200,cross-ppi,136,0.028115380013446045,1.0
all,0.1200,cross-ppi,137,0.02745449955628987,1.0
all,0.1200,cross-ppi,138,0.02811519450406827,1.0
all,0.1200,cross-ppi,139,0.027345991639155853,1.0
all,0.1200,cross-ppi,140,0.027945115998272207,1.0
all,0.1200,cross-ppi,141,0.027486962402781007,1.0
all,0.1200,cross-ppi,142,0.0273406203714657,1.0
all,0.1200,cross-ppi,143,0.027758347690667956,1.0
all,0.1200,cross-ppi,144,0.028083902613324274,1.0
all,0.1200,cross-ppi,145,0.02775864208185974,1.0
all,0.1200,cross-ppi,146,0.027983933612618195,1.0
all,0.1200,cross-ppi,147,0.028513088439831247,1.0
all,0.1200,cross-ppi,148,0.028277259184664366,1.0
all,0.1200,cross-ppi,149,0.028276668659626747,1.0
all,0.1200,cross-ppi,150,0.02795291020246604,1.0
all,0.1200,cross-ppi,151,0.027177854571172277,1.0
all,0.1200,cross-ppi,152,0.02677322563277687,1.0
all,0.1200,cross-ppi,153,0.027377663506049865,1.0
all,0.1200,cross-ppi,154,0.02806891634961084,1.0
all,0.1200,cross-ppi,155,0.028460826466815692,1.0
all,0.1200,cross-ppi,156,0.02875503480780206,1.0
all,0.1200,cross-ppi,157,0.028176398012213583,1.0
all,0.1200,cross-ppi,158,0.028222600650607443,1.0
all,0.1200,cross-ppi,159,0.02651495074982868,1.0
all,0.1200,cross-ppi,160,0.028045775663419675,1.0
all,0.1200,cross-ppi,161,0.02835719590305008,1.0
all,0.1200,cross-ppi,162,0.028634698395216374,1.0
all,0.1200,cross-ppi,163,0.027521582459688387,1.0
all,0.1200,cross-ppi,164,0.027567764253102672,1.0
all,0.1200,cross-ppi,165,0.02758673673450085,1.0
all,0.1200,cross-ppi,166,0.02920023292570395,1.0
all,0.1200,cross-ppi,167,0.028175052681583712,1.0
all,0.1200,cross-ppi,168,0.02806342690769295,1.0
all,0.1200,cross-ppi,169,0.0287476516071431,1.0
all,0.1200,cross-ppi,170,0.026979800264710058,1.0
all,0.1200,cross-ppi,171,0.02747242684499518,1.0
all,0.1200,cross-ppi,172,0.027910010284025843,1.0
all,0.1200,cross-ppi,173,0.028441328675625793,1.0
all,0.1200,cross-ppi,174,0.02756944442255524,1.0
all,0.1200,cross-ppi,175,0.027394479071151473,1.0
all,0.1200,cross-ppi,176,0.027314832549614837,1.0
all,0.1200,cross-ppi,177,0.027133520557306445,0.0
all,0.1200,cross-ppi,178,0.02747558172291939,1.0
all,0.1200,cross-ppi,179,0.02700790686591814,1.0
all,0.1200,cross-ppi,180,0.02806665602296124,1.0
all,0.1200,cross-ppi,181,0.027333947541449244,1.0
all,0.1200,cross-ppi,182,0.027407946878192063,1.0
all,0.1200,cross-ppi,183,0.027121184998029957,1.0
all,0.1200,cross-ppi,184,0.026352833413059246,1.0
all,0.1200,cross-ppi,185,0.028010474491803383,1.0
all,0.1200,cross-ppi,186,0.028330154900093357,1.0
all,0.1200,cross-ppi,187,0.02854576388694685,1.0
all,0.1200,cross-ppi,188,0.02711189632073205,1.0
all,0.1200,cross-ppi,189,0.028150122731955163,1.0
all,0.1200,cross-ppi,190,0.028207963367930633,1.0
all,0.1200,cross-ppi,191,0.027375030628344454,1.0
all,0.1200,cross-ppi,192,0.02844211700219043,1.0
all,0.1200,cross-ppi,193,0.028892675799652018,1.0
all,0.1200,cross-ppi,194,0.028256568708505125,1.0
all,0.1200,cross-ppi,195,0.02687743748591101,1.0
all,0.1200,cross-ppi,196,0.02808584454461982,1.0
all,0.1200,cross-ppi,197,0.027925026768747307,1.0
all,0.1200,cross-ppi,198,0.028318968737471972,1.0
all,0.1200,cross-ppi,199,0.027631397255886703,1.0
all,0.1200,cross-ppi,200,0.027478710770716175,1.0
all,0.1200,cross-ppi,201,0.027072003390729932,1.0
all,0.1200,cross-ppi,202,0.026988729970663483,1.0
all,0.1200,cross-ppi,203,0.0280747513853504,1.0
all,0.1200,cross-ppi,204,0.02737282162670321,1.0
all,0.1200,cross-ppi,205,0.027678449012771278,1.0
all,0.1200,cross-ppi,206,0.027500327714836376,1.0
all,0.1200,cross-ppi,207,0.02700287103016455,1.0
all,0.1200,cross-ppi,208,0.027242258093438054,1.0
all,0.1200,cross-ppi,209,0.028739890164648063,1.0
all,0.1200,cross-ppi,210,0.027888171023743746,1.0
all,0.1200,cross-ppi,211,0.027564891404281172,1.0
all,0.1200,cross-ppi,212,0.028434446774123545,1.0
all,0.1200,cross-ppi,213,0.028911181011942233,1.0
all,0.1200,cross-ppi,214,0.027583294739825015,1.0
all,0.1200,cross-ppi,215,0.029068830673582458,1.0
all,0.1200,cross-ppi,216,0.02796937741576669,1.0
all,0.1200,cross-ppi,217,0.028871017329805487,1.0
all,0.1200,cross-ppi,218,0.027015087923386,1.0
all,0.1200,cross-ppi,219,0.02738243821386757,1.0
all,0.1200,cross-ppi,220,0.02780782550386654,1.0
all,0.1200,cross-ppi,221,0.028810001398939716,1.0
all,0.1200,cross-ppi,222,0.027914951437103624,1.0
all,0.1200,cross-ppi,223,0.028791574159163447,1.0
all,0.1200,cross-ppi,224,0.02728598694833484,1.0
all,0.1200,cross-ppi,225,0.026509748678041012,1.0
all,0.1200,cross-ppi,226,0.02776134573851996,1.0
all,0.1200,cross-ppi,227,0.02770945983924042,1.0
all,0.1200,cross-ppi,228,0.02752070709093557,1.0
all,0.1200,cross-ppi,229,0.028114872530116436,1.0
all,0.1200,cross-ppi,230,0.02714705290248362,1.0
all,0.1200,cross-ppi,231,0.02793726703365984,1.0
all,0.1200,cross-ppi,232,0.02750610951848101,1.0
all,0.1200,cross-ppi,233,0.027293037814967364,1.0
all,0.1200,cross-ppi,234,0.028610012520800948,1.0
all,0.1200,cross-ppi,235,0.028303705585338124,0.0
all,0.1200,cross-ppi,236,0.027435843400879678,1.0
all,0.1200,cross-ppi,237,0.02747274092057317,1.0
all,0.1200,cross-ppi,238,0.0282972948487612,1.0
all,0.1200,cross-ppi,239,0.027317213322542888,1.0
all,0.1200,cross-ppi,240,0.02663850303410753,1.0
all,0.1200,cross-ppi,241,0.02691417061635626,1.0
all,0.1200,cross-ppi,242,0.02756522815847287,1.0
all,0.1200,cross-ppi,243,0.028337806275836375,1.0
all,0.1200,cross-ppi,244,0.027635009425688306,1.0
all,0.1200,cross-ppi,245,0.02803698716816319,1.0
all,0.1200,cross-ppi,246,0.028037077234254193,1.0
all,0.1200,cross-ppi,247,0.028044921815597257,1.0
all,0.1200,cross-ppi,248,0.027570401978805337,1.0
all,0.1200,cross-ppi,249,0.027575522329526425,1.0
all,0.1200,cross-ppi,250,0.027640847101352256,1.0
all,0.1200,cross-ppi,251,0.027433805452239807,1.0
all,0.1200,cross-ppi,252,0.028790619705275966,1.0
all,0.1200,cross-ppi,253,0.02759709101627783,1.0
all,0.1200,cross-ppi,254,0.0284510945242743,1.0
all,0.1200,cross-ppi,255,0.0287444666465774,1.0
all,0.1200,cross-ppi,256,0.0286952214211387,1.0
all,0.1200,cross-ppi,257,0.027290441283897904,1.0
all,0.1200,cross-ppi,258,0.028461671950495537,1.0
all,0.1200,cross-ppi,259,0.02845543260556771,1.0
all,0.1200,cross-ppi,260,0.02844387912446908,1.0
all,0.1200,cross-ppi,261,0.028673156012032575,1.0
all,0.1200,cross-ppi,262,0.02748661868196589,1.0
all,0.1200,cross-ppi,263,0.02738237954960543,1.0
all,0.1200,cross-ppi,264,0.02760036650721162,1.0
all,0.1200,cross-ppi,265,0.028218025070821717,1.0
all,0.1200,cross-ppi,266,0.028542372008948935,1.0
all,0.1200,cross-ppi,267,0.028519058161008193,1.0
all,0.1200,cross-ppi,268,0.02888709250980459,1.0
all,0.1200,cross-ppi,269,0.027045394461806427,1.0
all,0.1200,cross-ppi,270,0.026922155488155658,0.0
all,0.1200,cross-ppi,271,0.027636115226967545,1.0
all,0.1200,cross-ppi,272,0.02827620767580938,1.0
all,0.1200,cross-ppi,273,0.028075968916548927,1.0
all,0.1200,cross-ppi,274,0.02694232373296146,1.0
all,0.1200,cross-ppi,275,0.02708358805450281,1.0
all,0.1200,cross-ppi,276,0.028870914377681522,1.0
all,0.1200,cross-ppi,277,0.027364993524998216,1.0
all,0.1200,cross-ppi,278,0.02821175939303322,1.0
all,0.1200,cross-ppi,279,0.02906194840719889,1.0
all,0.1200,cross-ppi,280,0.027871902830299722,1.0
all,0.1200,cross-ppi,281,0.027817159992221008,1.0
all,0.1200,cross-ppi,282,0.027423183424995168,1.0
all,0.1200,cross-ppi,283,0.02836588666156628,1.0
all,0.1200,cross-ppi,284,0.027185596197549566,1.0
all,0.1200,cross-ppi,285,0.027222606510157538,1.0
all,0.1200,cross-ppi,286,0.028463660743706987,1.0
all,0.1200,cross-ppi,287,0.027340087547588987,1.0
all,0.1200,cross-ppi,288,0.02789018967644097,1.0
all,0.1200,cross-ppi,289,0.028057716349275924,1.0
all,0.1200,cross-ppi,290,0.028199881345368882,1.0
all,0.1200,cross-ppi,291,0.027771371938718148,1.0
all,0.1200,cross-ppi,292,0.027327699768333935,1.0
all,0.1200,cross-ppi,293,0.028066415010918222,1.0
all,0.1200,cross-ppi,294,0.028054716955277836,1.0
all,0.1200,cross-ppi,295,0.028167542454069605,1.0
all,0.1200,cross-ppi,296,0.02816059430557727,1.0
all,0.1200,cross-ppi,297,0.027516046937355765,1.0
all,0.1200,cross-ppi,298,0.02829771606217979,1.0
all,0.1200,cross-ppi,299,0.027735056698634186,1.0
all,0.1200,cross-ppi,300,0.02768053266240858,1.0
all,0.1200,cross-ppi,301,0.027490971714474455,1.0
all,0.1200,cross-ppi,302,0.02837673246119976,1.0
all,0.1200,cross-ppi,303,0.028447914558517695,1.0
all,0.1200,cross-ppi,304,0.028199483074680315,1.0
all,0.1200,cross-ppi,305,0.027977597519209058,1.0
all,0.1200,cross-ppi,306,0.02705857459771624,1.0
all,0.1200,cross-ppi,307,0.027370758576768517,1.0
all,0.1200,cross-ppi,308,0.02728341234754983,1.0
all,0.1200,cross-ppi,309,0.027108990469822958,1.0
all,0.1200,cross-ppi,310,0.0273670679368809,1.0
all,0.1200,cross-ppi,311,0.027534510821220465,1.0
all,0.1200,cross-ppi,312,0.0278076690399974,1.0
all,0.1200,cross-ppi,313,0.02770440619094036,1.0
all,0.1200,cross-ppi,314,0.028108078378015988,1.0
all,0.1200,cross-ppi,315,0.02758699189800365,1.0
all,0.1200,cross-ppi,316,0.027694014038917025,1.0
all,0.1200,cross-ppi,317,0.028338104778968365,1.0
all,0.1200,cross-ppi,318,0.027989339468412172,1.0
all,0.1200,cross-ppi,319,0.02810514012461504,1.0
all,0.1200,cross-ppi,320,0.027880851458128464,1.0
all,0.1200,cross-ppi,321,0.02672946715200586,1.0
all,0.1200,cross-ppi,322,0.02818728860641906,1.0
all,0.1200,cross-ppi,323,0.02774477491042404,1.0
all,0.1200,cross-ppi,324,0.027407530230470933,1.0
all,0.1200,cross-ppi,325,0.028117726514168134,1.0
all,0.1200,cross-ppi,326,0.0269802638548364,1.0
all,0.1200,cross-ppi,327,0.028739291200809647,1.0
all,0.1200,cross-ppi,328,0.027792108771056423,1.0
all,0.1200,cross-ppi,329,0.027373338511336387,1.0
all,0.1200,cross-ppi,330,0.027419838026362164,1.0
all,0.1200,cross-ppi,331,0.028064240937607843,1.0
all,0.1200,cross-ppi,332,0.027897458281590293,1.0
all,0.1300,cross-ppi,0,0.02646137179756669,1.0
all,0.1300,cross-ppi,1,0.02702393799366143,1.0
all,0.1300,cross-ppi,2,0.02710184597587839,0.0
all,0.1300,cross-ppi,3,0.026365403391429676,1.0
all,0.1300,cross-ppi,4,0.026777194876826144,1.0
all,0.1300,cross-ppi,5,0.02686967269100915,1.0
all,0.1300,cross-ppi,6,0.026461317423067898,1.0
all,0.1300,cross-ppi,7,0.02668338319883201,1.0
all,0.1300,cross-ppi,8,0.02732421614163838,1.0
all,0.1300,cross-ppi,9,0.027272632831461197,1.0
all,0.1300,cross-ppi,10,0.027160860678009602,1.0
all,0.1300,cross-ppi,11,0.027015255775088343,1.0
all,0.1300,cross-ppi,12,0.027778251148722233,1.0
all,0.1300,cross-ppi,13,0.02725806464145375,1.0
all,0.1300,cross-ppi,14,0.027280086664000835,1.0
all,0.1300,cross-ppi,15,0.027738810095928684,1.0
all,0.1300,cross-ppi,16,0.02707816103118532,1.0
all,0.1300,cross-ppi,17,0.026799215985783387,1.0
all,0.1300,cross-ppi,18,0.02634927915240115,1.0
all,0.1300,cross-ppi,19,0.02729769267706883,1.0
all,0.1300,cross-ppi,20,0.02636342788832477,1.0
all,0.1300,cross-ppi,21,0.02758300103427791,0.0
all,0.1300,cross-ppi,22,0.027134395824050084,1.0
all,0.1300,cross-ppi,23,0.026435446991246114,1.0
all,0.1300,cross-ppi,24,0.027496753238390265,1.0
all,0.1300,cross-ppi,25,0.02735074628610834,1.0
all,0.1300,cross-ppi,26,0.026574447428697107,1.0
all,0.1300,cross-ppi,27,0.027193117727931537,1.0
all,0.1300,cross-ppi,28,0.027210324130087477,1.0
all,0.1300,cross-ppi,29,0.02689299241044482,1.0
all,0.1300,cross-ppi,30,0.02761760198912036,1.0
all,0.1300,cross-ppi,31,0.027372029023784772,1.0
all,0.1300,cross-ppi,32,0.027540662737568306,1.0
all,0.1300,cross-ppi,33,0.02724361237104911,1.0
all,0.1300,cross-ppi,34,0.027285973109600126,1.0
all,0.1300,cross-ppi,35,0.027241720592866336,1.0
all,0.1300,cross-ppi,36,0.02732572793475016,1.0
all,0.1300,cross-ppi,37,0.026591801438787588,1.0
all,0.1300,cross-ppi,38,0.027258479720122186,1.0
all,0.1300,cross-ppi,39,0.02680927748100223,1.0
all,0.1300,cross-ppi,40,0.027019517470412757,1.0
all,0.1300,cross-ppi,41,0.026662444130773455,1.0
all,0.1300,cross-ppi,42,0.026191778538306454,1.0
all,0.1300,cross-ppi,43,0.02721452410617406,1.0
all,0.1300,cross-ppi,44,0.027078888246712646,1.0
all,0.1300,cross-ppi,45,0.026756332005896,1.0
all,0.1300,cross-ppi,46,0.02706391460926827,1.0
all,0.1300,cross-ppi,47,0.02751487424376467,1.0
all,0.1300,cross-ppi,48,0.02727454955192732,1.0
all,0.1300,cross-ppi,49,0.02729700568465876,1.0
all,0.1300,cross-ppi,50,0.02705808840665,1.0
all,0.1300,cross-ppi,51,0.026227024444863023,1.0
all,0.1300,cross-ppi,52,0.025962437855042708,1.0
all,0.1300,cross-ppi,53,0.026599453329361783,1.0
all,0.1300,cross-ppi,54,0.027109950632732693,1.0
all,0.1300,cross-ppi,55,0.027535871229003278,1.0
all,0.1300,cross-ppi,56,0.02775731374206969,1.0
all,0.1300,cross-ppi,57,0.027275877189088776,1.0
all,0.1300,cross-ppi,58,0.02737978501306368,1.0
all,0.1300,cross-ppi,59,0.025795757280479975,1.0
all,0.1300,cross-ppi,60,0.02709229784023562,1.0
all,0.1300,cross-ppi,61,0.027268439213597423,1.0
all,0.1300,cross-ppi,62,0.02786723981992642,1.0
all,0.1300,cross-ppi,63,0.02671580178766586,1.0
all,0.1300,cross-ppi,64,0.02677174333794677,1.0
all,0.1300,cross-ppi,65,0.026762591578317396,1.0
all,0.1300,cross-ppi,66,0.02806559278488019,1.0
all,0.1300,cross-ppi,67,0.02722706418300322,1.0
all,0.1300,cross-ppi,68,0.027183748179895634,1.0
all,0.1300,cross-ppi,69,0.02759185402737996,1.0
all,0.1300,cross-ppi,70,0.026051935782554825,1.0
all,0.1300,cross-ppi,71,0.026900554780520086,1.0
all,0.1300,cross-ppi,72,0.027249137591130124,1.0
all,0.1300,cross-ppi,73,0.027442580958814355,1.0
all,0.1300,cross-ppi,74,0.02659081028461574,1.0
all,0.1300,cross-ppi,75,0.02675579768594971,1.0
all,0.1300,cross-ppi,76,0.026622415950850936,1.0
all,0.1300,cross-ppi,77,0.026450142404424337,0.0
all,0.1300,cross-ppi,78,0.026506990640798006,1.0
all,0.1300,cross-ppi,79,0.026118635874159746,1.0
all,0.1300,cross-ppi,80,0.027138299080825656,1.0
all,0.1300,cross-ppi,81,0.02645322584378887,1.0
all,0.1300,cross-ppi,82,0.026328537901731064,1.0
all,0.1300,cross-ppi,83,0.02648863273226168,1.0
all,0.1300,cross-ppi,84,0.02553765502175709,1.0
all,0.1300,cross-ppi,85,0.027189440578750612,1.0
all,0.1300,cross-ppi,86,0.027388840765998262,1.0
all,0.1300,cross-ppi,87,0.02747242528111482,1.0
all,0.1300,cross-ppi,88,0.026720938175940234,1.0
all,0.1300,cross-ppi,89,0.02755246668839484,1.0
all,0.1300,cross-ppi,90,0.02705739520129602,1.0
all,0.1300,cross-ppi,91,0.02651707855243579,1.0
all,0.1300,cross-ppi,92,0.027562510098402826,1.0
all,0.1300,cross-ppi,93,0.027717818711749165,1.0
all,0.1300,cross-ppi,94,0.027459989013765784,1.0
all,0.1300,cross-ppi,95,0.026267318335451484,1.0
all,0.1300,cross-ppi,96,0.02707943994350623,1.0
all,0.1300,cross-ppi,97,0.02714035564889583,1.0
all,0.1300,cross-ppi,98,0.0274775681800985,1.0
all,0.1300,cross-ppi,99,0.026931682882381125,1.0
all,0.1300,cross-ppi,100,0.026577136147396097,1.0
all,0.1300,cross-ppi,101,0.02621980831255999,1.0
all,0.1300,cross-ppi,102,0.026364460457151684,1.0
all,0.1300,cross-ppi,103,0.02722822121375912,1.0
all,0.1300,cross-ppi,104,0.026812740261191598,1.0
all,0.1300,cross-ppi,105,0.026846049361331614,1.0
all,0.1300,cross-ppi,106,0.026597786632067022,1.0
all,0.1300,cross-ppi,107,0.026343106581353387,1.0
all,0.1300,cross-ppi,108,0.02638999613147508,1.0
all,0.1300,cross-ppi,109,0.027537898558669505,1.0
all,0.1300,cross-ppi,110,0.02692630135233809,1.0
all,0.1300,cross-ppi,111,0.02678296579861217,1.0
all,0.1300,cross-ppi,112,0.0278462083979647,1.0
all,0.1300,cross-ppi,113,0.02800757607335269,1.0
all,0.1300,cross-ppi,114,0.026691428562148872,1.0
all,0.1300,cross-ppi,115,0.028184067372570176,1.0
all,0.1300,cross-ppi,116,0.02727917760873791,1.0
all,0.1300,cross-ppi,117,0.027906470852187143,1.0
all,0.1300,cross-ppi,118,0.02625904624363895,1.0
all,0.1300,cross-ppi,119,0.0263382104592218,1.0
all,0.1300,cross-ppi,120,0.02680633029687371,1.0
all,0.1300,cross-ppi,121,0.027802322622557107,1.0
all,0.1300,cross-ppi,122,0.026790751262610962,1.0
all,0.1300,cross-ppi,123,0.02773054547913467,1.0
all,0.1300,cross-ppi,124,0.026430738824326117,1.0
all,0.1300,cross-ppi,125,0.02605308785830393,1.0
all,0.1300,cross-ppi,126,0.026882681633186856,1.0
all,0.1300,cross-ppi,127,0.027084274570214922,1.0
all,0.1300,cross-ppi,128,0.026653584637526873,1.0
all,0.1300,cross-ppi,129,0.027114898170357393,1.0
all,0.1300,cross-ppi,130,0.026230056054164202,1.0
all,0.1300,cross-ppi,131,0.02708200019148302,1.0
all,0.1300,cross-ppi,132,0.026633053370709203,1.0
all,0.1300,cross-ppi,133,0.026391216438387488,1.0
all,0.1300,cross-ppi,134,0.02774665444064872,1.0
all,0.1300,cross-ppi,135,0.0275088141405746,1.0
all,0.1300,cross-ppi,136,0.02688371168107284,1.0
all,0.1300,cross-ppi,137,0.026764836054491425,1.0
all,0.1300,cross-ppi,138,0.027190792946048842,1.0
all,0.1300,cross-ppi,139,0.026571005702768574,1.0
all,0.1300,cross-ppi,140,0.025912813982734706,1.0
all,0.1300,cross-ppi,141,0.025910876483317136,1.0
all,0.1300,cross-ppi,142,0.02674542522651377,1.0
all,0.1300,cross-ppi,143,0.027483094188858304,1.0
all,0.1300,cross-ppi,144,0.02674843925833778,1.0
all,0.1300,cross-ppi,145,0.026906855888261333,1.0
all,0.1300,cross-ppi,146,0.027369893367685028,1.0
all,0.1300,cross-ppi,147,0.026993798317218598,1.0
all,0.1300,cross-ppi,148,0.026712126550582638,1.0
all,0.1300,cross-ppi,149,0.02644949493206261,1.0
all,0.1300,cross-ppi,150,0.02684821641319446,1.0
all,0.1300,cross-ppi,151,0.026379553553052243,1.0
all,0.1300,cross-ppi,152,0.027492886699497343,1.0
all,0.1300,cross-ppi,153,0.026724203503474486,1.0
all,0.1300,cross-ppi,154,0.027626565486841947,1.0
all,0.1300,cross-ppi,155,0.027711330236843357,1.0
all,0.1300,cross-ppi,156,0.02800706675044473,1.0
all,0.1300,cross-ppi,157,0.02633061714953633,1.0
all,0.1300,cross-ppi,158,0.02747023527948242,1.0
all,0.1300,cross-ppi,159,0.027671600003410735,1.0
all,0.1300,cross-ppi,160,0.027561997808598138,1.0
all,0.1300,cross-ppi,161,0.027371117754104723,1.0
all,0.1300,cross-ppi,162,0.02688719324563346,1.0
all,0.1300,cross-ppi,163,0.02647796494579921,1.0
all,0.1300,cross-ppi,164,0.02674803821571836,1.0
all,0.1300,cross-ppi,165,0.02733051382403262,1.0
all,0.1300,cross-ppi,166,0.02759164089867039,1.0
all,0.1300,cross-ppi,167,0.027379119162898924,1.0
all,0.1300,cross-ppi,168,0.02799823477228147,1.0
all,0.1300,cross-ppi,169,0.026235008332873705,1.0
all,0.1300,cross-ppi,170,0.02620071546786204,1.0
all,0.1300,cross-ppi,171,0.02682988450517773,1.0
all,0.1300,cross-ppi,172,0.027360609826367233,1.0
all,0.1300,cross-ppi,173,0.02709988462637336,1.0
all,0.1300,cross-ppi,174,0.026128361610518486,1.0
all,0.1300,cross-ppi,175,0.026649429881008047,1.0
all,0.1300,cross-ppi,176,0.027923974481979807,1.0
all,0.1300,cross-ppi,177,0.026667092461680864,1.0
all,0.1300,cross-ppi,178,0.02757022196717082,1.0
all,0.1300,cross-ppi,179,0.02809660344578435,1.0
all,0.1300,cross-ppi,180,0.026961781359170378,1.0
all,0.1300,cross-ppi,181,0.0270606841185963,1.0
all,0.1300,cross-ppi,182,0.02680217817345229,1.0
all,0.1300,cross-ppi,183,0.027455558218752424,1.0
all,0.1300,cross-ppi,184,0.02649233361494241,1.0
all,0.1300,cross-ppi,185,0.02626138441396017,1.0
all,0.1300,cross-ppi,186,0.02755209535829961,1.0
all,0.1300,cross-ppi,187,0.0262904132142745,1.0
all,0.1300,cross-ppi,188,0.027180523771530157,1.0
all,0.1300,cross-ppi,189,0.02715380590176064,1.0
all,0.1300,cross-ppi,190,0.0272950534893458,1.0
all,0.1300,cross-ppi,191,0.02676089490862199,1.0
all,0.1300,cross-ppi,192,0.02641903672264234,1.0
all,0.1300,cross-ppi,193,0.02716065377178578,1.0
all,0.1300,cross-ppi,194,0.026869494317021236,1.0
all,0.1300,cross-ppi,195,0.027197931177011664,1.0
all,0.1300,cross-ppi,196,0.026857248669962558,1.0
all,0.1300,cross-ppi,197,0.026648968683424035,1.0
all,0.1300,cross-ppi,198,0.027321935599818437,0.0
all,0.1300,cross-ppi,199,0.02677417213119082,1.0
all,0.1300,cross-ppi,200,0.026832165042372402,1.0
all,0.1300,cross-ppi,201,0.0265462654424673,1.0
all,0.1300,cross-ppi,202,0.027337605397807052,1.0
all,0.1300,cross-ppi,203,0.027490130194185225,1.0
all,0.1300,cross-ppi,204,0.027347110409445374,1.0
all,0.1300,cross-ppi,205,0.02735306447342234,1.0
all,0.1300,cross-ppi,206,0.026406033205889745,1.0
all,0.1300,cross-ppi,207,0.026299689509084262,1.0
all,0.1300,cross-ppi,208,0.026427567677357988,1.0
all,0.1300,cross-ppi,209,0.0263153097458253,1.0
all,0.1300,cross-ppi,210,0.026378530476063533,1.0
all,0.1300,cross-ppi,211,0.026682054542787048,1.0
all,0.1300,cross-ppi,212,0.0268253134525972,1.0
all,0.1300,cross-ppi,213,0.02688395270406141,1.0
all,0.1300,cross-ppi,214,0.027238749030983445,1.0
all,0.1300,cross-ppi,215,0.026666409302906674,1.0
all,0.1300,cross-ppi,216,0.026879278454279842,1.0
all,0.1300,cross-ppi,217,0.027158038951155872,1.0
all,0.1300,cross-ppi,218,0.02709456526254797,1.0
all,0.1300,cross-ppi,219,0.02714648313178003,1.0
all,0.1300,cross-ppi,220,0.02700606474310152,1.0
all,0.1300,cross-ppi,221,0.025880249589005394,1.0
all,0.1300,cross-ppi,222,0.0271549470797684,1.0
all,0.1300,cross-ppi,223,0.02725180569933161,1.0
all,0.1300,cross-ppi,224,0.02673502187877272,1.0
all,0.1300,cross-ppi,225,0.027102743485628134,1.0
all,0.1300,cross-ppi,226,0.02633595963460081,1.0
all,0.1300,cross-ppi,227,0.027743740419243434,1.0
all,0.1300,cross-ppi,228,0.02678586489254095,1.0
all,0.1300,cross-ppi,229,0.026842387303220167,1.0
all,0.1300,cross-ppi,230,0.026477334314730316,1.0
all,0.1300,cross-ppi,231,0.02707385468411072,1.0
all,0.1300,cross-ppi,232,0.026901962091582576,1.0
all,0.1300,cross-ppi,233,0.027354553037340246,1.0
all,0.1300,cross-ppi,234,0.027619332314679945,1.0
all,0.1300,cross-ppi,235,0.026437778181293975,1.0
all,0.1300,cross-ppi,236,0.026466407595548636,1.0
all,0.1300,cross-ppi,237,0.02743077133794647,1.0
all,0.1300,cross-ppi,238,0.027293315943037993,1.0
all,0.1300,cross-ppi,239,0.027554465087589075,1.0
all,0.1300,cross-ppi,240,0.02740185937150455,1.0
all,0.1300,cross-ppi,241,0.02647053073968475,1.0
all,0.1300,cross-ppi,242,0.02617973993603706,1.0
all,0.1300,cross-ppi,243,0.027232287095892205,1.0
all,0.1300,cross-ppi,244,0.026618196656353232,1.0
all,0.1300,cross-ppi,245,0.02644878936696446,1.0
all,0.1300,cross-ppi,246,0.027837487855748688,1.0
all,0.1300,cross-ppi,247,0.026459769108143627,1.0
all,0.1300,cross-ppi,248,0.026597603162384686,1.0
all,0.1300,cross-ppi,249,0.026228283735541286,1.0
all,0.1300,cross-ppi,250,0.02733064237967131,1.0
all,0.1300,cross-ppi,251,0.0261092446255754,1.0
all,0.1300,cross-ppi,252,0.026692753349811915,1.0
all,0.1300,cross-ppi,253,0.026960272906010774,1.0
all,0.1300,cross-ppi,254,0.026742801652191117,0.0
all,0.1300,cross-ppi,255,0.027901584321640166,1.0
all,0.1300,cross-ppi,256,0.026814374801393898,1.0
all,0.1300,cross-ppi,257,0.02740921380553807,1.0
all,0.1300,cross-ppi,258,0.027388493969426192,1.0
all,0.1300,cross-ppi,259,0.028026980413152547,1.0
all,0.1300,cross-ppi,260,0.02550050842325216,1.0
all,0.1300,cross-ppi,261,0.026753800600900934,1.0
all,0.1300,cross-ppi,262,0.028160124381453766,1.0
all,0.1300,cross-ppi,263,0.027629841850012715,1.0
all,0.1300,cross-ppi,264,0.027391519235208994,1.0
all,0.1300,cross-ppi,265,0.02708602162359275,1.0
all,0.1300,cross-ppi,266,0.02690471497298741,1.0
all,0.1300,cross-ppi,267,0.026851797138077088,1.0
all,0.1300,cross-ppi,268,0.026416852364632648,1.0
all,0.1300,cross-ppi,269,0.026439469408086197,1.0
all,0.1300,cross-ppi,270,0.0269197132458385,1.0
all,0.1300,cross-ppi,271,0.02661680614359843,1.0
all,0.1300,cross-ppi,272,0.027578960795106022,1.0
all,0.1300,cross-ppi,273,0.026829125568031104,1.0
all,0.1300,cross-ppi,274,0.027438229257617852,1.0
all,0.1300,cross-ppi,275,0.027014067209975207,1.0
all,0.1300,cross-ppi,276,0.027456808619427564,1.0
all,0.1300,cross-ppi,277,0.026716093070415448,1.0
all,0.1300,cross-ppi,278,0.02755763966720992,1.0
all,0.1300,cross-ppi,279,0.02626669606613133,1.0
all,0.1300,cross-ppi,280,0.0265006692096732,1.0
all,0.1300,cross-ppi,281,0.02704686281236446,1.0
all,0.1300,cross-ppi,282,0.027307177688873696,1.0
all,0.1300,cross-ppi,283,0.02678963650777011,1.0
all,0.1300,cross-ppi,284,0.027589394336872797,1.0
all,0.1300,cross-ppi,285,0.026489641667625324,1.0
all,0.1300,cross-ppi,286,0.026879708687318482,1.0
all,0.1300,cross-ppi,287,0.02635363977216687,1.0
all,0.1300,cross-ppi,288,0.02805029935292236,1.0
all,0.1300,cross-ppi,289,0.026286026138883423,1.0
all,0.1300,cross-ppi,290,0.027446003944109343,1.0
all,0.1300,cross-ppi,291,0.027494693413037258,1.0
all,0.1300,cross-ppi,292,0.026825284994235976,1.0
all,0.1300,cross-ppi,293,0.026482363934931197,1.0
all,0.1300,cross-ppi,294,0.027132356479100977,1.0
all,0.1300,cross-ppi,295,0.027478972578876548,1.0
all,0.1300,cross-ppi,296,0.02640850504734757,1.0
all,0.1300,cross-ppi,297,0.02764264125663185,1.0
all,0.1300,cross-ppi,298,0.02703770241016254,1.0
all,0.1300,cross-ppi,299,0.026983822942541424,1.0
all,0.1300,cross-ppi,300,0.0272791533530915,1.0
all,0.1300,cross-ppi,301,0.027027491320350983,1.0
all,0.1300,cross-ppi,302,0.027140517717763463,1.0
all,0.1300,cross-ppi,303,0.026815364050621904,1.0
all,0.1300,cross-ppi,304,0.026485632812283333,1.0
all,0.1300,cross-ppi,305,0.026793434366009894,1.0
all,0.1300,cross-ppi,306,0.02696222559906214,1.0
all,0.1300,cross-ppi,307,0.02619987265818094,1.0
all,0.1300,cross-ppi,308,0.025895311886836025,1.0
all,0.1300,cross-ppi,309,0.026594368835781285,1.0
all,0.1300,cross-ppi,310,0.026362840933234266,1.0
all,0.1300,cross-ppi,311,0.026651943216594837,1.0
all,0.1300,cross-ppi,312,0.028056766236358666,0.0
all,0.1300,cross-ppi,313,0.02684139849556133,1.0
all,0.1300,cross-ppi,314,0.0266567134082083,1.0
all,0.1300,cross-ppi,315,0.026826890570856188,1.0
all,0.1300,cross-ppi,316,0.027324722388818362,1.0
all,0.1300,cross-ppi,317,0.027299824363049785,1.0
all,0.1300,cross-ppi,318,0.027332595036518303,1.0
all,0.1300,cross-ppi,319,0.02657090496693304,0.0
all,0.1300,cross-ppi,320,0.026770460432568616,1.0
all,0.1300,cross-ppi,321,0.02706248137123493,1.0
all,0.1300,cross-ppi,322,0.026673376018572448,1.0
all,0.1300,cross-ppi,323,0.02710464398156842,1.0
all,0.1300,cross-ppi,324,0.027505048048525826,1.0
all,0.1300,cross-ppi,325,0.02597122589930445,0.0
all,0.1300,cross-ppi,326,0.027104406421350064,1.0
all,0.1300,cross-ppi,327,0.027468902461727507,1.0
all,0.1300,cross-ppi,328,0.026694829810712584,1.0
all,0.1300,cross-ppi,329,0.0279247103377529,1.0
all,0.1300,cross-ppi,330,0.02710023919859561,1.0
all,0.1300,cross-ppi,331,0.02710377519897919,1.0
all,0.1300,cross-ppi,332,0.02632443991832989,1.0
all,0.1400,cross-ppi,0,0.025679618982061614,1.0
all,0.1400,cross-ppi,1,0.02527201831497805,1.0
all,0.1400,cross-ppi,2,0.02564398078532204,1.0
all,0.1400,cross-ppi,3,0.02638836059830038,1.0
all,0.1400,cross-ppi,4,0.026197683806529176,1.0
all,0.1400,cross-ppi,5,0.026045924633854245,1.0
all,0.1400,cross-ppi,6,0.025638057113813395,1.0
all,0.1400,cross-ppi,7,0.02555326536776234,1.0
all,0.1400,cross-ppi,8,0.025866079243193618,1.0
all,0.1400,cross-ppi,9,0.02680871565639295,1.0
all,0.1400,cross-ppi,10,0.026006939136260815,1.0
all,0.1400,cross-ppi,11,0.025973724576918822,1.0
all,0.1400,cross-ppi,12,0.027013802803681153,1.0
all,0.1400,cross-ppi,13,0.02715493595505425,1.0
all,0.1400,cross-ppi,14,0.026151253961001292,1.0
all,0.1400,cross-ppi,15,0.02738798408466958,1.0
all,0.1400,cross-ppi,16,0.026593383320034136,1.0
all,0.1400,cross-ppi,17,0.027093796196858477,1.0
all,0.1400,cross-ppi,18,0.02560312601295814,1.0
all,0.1400,cross-ppi,19,0.0258133210372192,1.0
all,0.1400,cross-ppi,20,0.025943535209082658,1.0
all,0.1400,cross-ppi,21,0.026952819857769733,1.0
all,0.1400,cross-ppi,22,0.02611157344234069,1.0
all,0.1400,cross-ppi,23,0.02671259246262081,1.0
all,0.1400,cross-ppi,24,0.025649999693783898,1.0
all,0.1400,cross-ppi,25,0.025216153043503997,1.0
all,0.1400,cross-ppi,26,0.02621647749464273,1.0
all,0.1400,cross-ppi,27,0.026411411882050873,1.0
all,0.1400,cross-ppi,28,0.025789940161426883,1.0
all,0.1400,cross-ppi,29,0.026217003298696362,1.0
all,0.1400,cross-ppi,30,0.025277970618194257,1.0
all,0.1400,cross-ppi,31,0.026041800284362093,1.0
all,0.1400,cross-ppi,32,0.025904417581068345,1.0
all,0.1400,cross-ppi,33,0.02562766380609441,1.0
all,0.1400,cross-ppi,34,0.026762524944361127,1.0
all,0.1400,cross-ppi,35,0.02668161663332491,1.0
all,0.1400,cross-ppi,36,0.026081031886097117,1.0
all,0.1400,cross-ppi,37,0.025787007581851512,1.0
all,0.1400,cross-ppi,38,0.02617659918170337,1.0
all,0.1400,cross-ppi,39,0.026136107698239125,1.0
all,0.1400,cross-ppi,40,0.025245132802169112,1.0
all,0.1400,cross-ppi,41,0.025100450654338524,1.0
all,0.1400,cross-ppi,42,0.025836731842264288,1.0
all,0.1400,cross-ppi,43,0.026532840397631124,1.0
all,0.1400,cross-ppi,44,0.02612856585283488,1.0
all,0.1400,cross-ppi,45,0.026062486331171614,1.0
all,0.1400,cross-ppi,46,0.026641719771277494,1.0
all,0.1400,cross-ppi,47,0.026183470818727628,1.0
all,0.1400,cross-ppi,48,0.025735600353743865,1.0
all,0.1400,cross-ppi,49,0.025756151476394096,1.0
all,0.1400,cross-ppi,50,0.026185926243729285,1.0
all,0.1400,cross-ppi,51,0.0255793869781111,1.0
all,0.1400,cross-ppi,52,0.026399376961660836,1.0
all,0.1400,cross-ppi,53,0.026037262918600312,1.0
all,0.1400,cross-ppi,54,0.02677523827839967,1.0
all,0.1400,cross-ppi,55,0.026939899204277085,1.0
all,0.1400,cross-ppi,56,0.027400069742746558,1.0
all,0.1400,cross-ppi,57,0.02548773893859768,1.0
all,0.1400,cross-ppi,58,0.026506757081160154,1.0
all,0.1400,cross-ppi,59,0.026976440496442405,1.0
all,0.1400,cross-ppi,60,0.026678501511186004,1.0
all,0.1400,cross-ppi,61,0.026581363247646705,1.0
all,0.1400,cross-ppi,62,0.026103918268833515,1.0
all,0.1400,cross-ppi,63,0.025583213066307287,1.0
all,0.1400,cross-ppi,64,0.025872499833997975,1.0
all,0.1400,cross-ppi,65,0.02651442726643527,0.0
all,0.1400,cross-ppi,66,0.02680150337608489,1.0
all,0.1400,cross-ppi,67,0.026402192031677485,1.0
all,0.1400,cross-ppi,68,0.02715190202696438,1.0
all,0.1400,cross-ppi,69,0.025422946861186846,1.0
all,0.1400,cross-ppi,70,0.02537799706096311,1.0
all,0.1400,cross-ppi,71,0.026006713980143342,1.0
all,0.1400,cross-ppi,72,0.026472616540721444,1.0
all,0.1400,cross-ppi,73,0.02626609484133091,1.0
all,0.1400,cross-ppi,74,0.025543676246896158,1.0
all,0.1400,cross-ppi,75,0.02579310077485808,1.0
all,0.1400,cross-ppi,76,0.02705946639071588,1.0
all,0.1400,cross-ppi,77,0.02587898881533446,1.0
all,0.1400,cross-ppi,78,0.026639501396841236,1.0
all,0.1400,cross-ppi,79,0.027171133726436536,1.0
all,0.1400,cross-ppi,80,0.026228361307145676,1.0
all,0.1400,cross-ppi,81,0.02616133242041141,1.0
all,0.1400,cross-ppi,82,0.025876288386001395,1.0
all,0.1400,cross-ppi,83,0.02656944570478778,1.0
all,0.1400,cross-ppi,84,0.02586927747228074,1.0
all,0.1400,cross-ppi,85,0.025448295133167292,1.0
all,0.1400,cross-ppi,86,0.026757573024890013,1.0
all,0.1400,cross-ppi,87,0.025824620657836223,1.0
all,0.1400,cross-ppi,88,0.026386817016542635,1.0
all,0.1400,cross-ppi,89,0.026431893673058315,1.0
all,0.1400,cross-ppi,90,0.026240006767921153,1.0
all,0.1400,cross-ppi,91,0.025894882698263122,1.0
all,0.1400,cross-ppi,92,0.025901950742606705,1.0
all,0.1400,cross-ppi,93,0.026091038087378893,1.0
all,0.1400,cross-ppi,94,0.025982999748817126,1.0
all,0.1400,cross-ppi,95,0.026500617782526187,1.0
all,0.1400,cross-ppi,96,0.026137180068617538,1.0
all,0.1400,cross-ppi,97,0.025793404580459173,1.0
all,0.1400,cross-ppi,98,0.02666174781845332,0.0
all,0.1400,cross-ppi,99,0.026115055134877108,1.0
all,0.1400,cross-ppi,100,0.02624701767268922,1.0
all,0.1400,cross-ppi,101,0.02584423235333741,1.0
all,0.1400,cross-ppi,102,0.02637948560322767,1.0
all,0.1400,cross-ppi,103,0.02658660230911225,1.0
all,0.1400,cross-ppi,104,0.02634487540885122,1.0
all,0.1400,cross-ppi,105,0.026481692504934012,1.0
all,0.1400,cross-ppi,106,0.02564777009466901,1.0
all,0.1400,cross-ppi,107,0.025608356145639305,1.0
all,0.1400,cross-ppi,108,0.025704563431509037,1.0
all,0.1400,cross-ppi,109,0.025780632952413424,1.0
all,0.1400,cross-ppi,110,0.025647443513794554,1.0
all,0.1400,cross-ppi,111,0.025901297727844996,1.0
all,0.1400,cross-ppi,112,0.025947966844390852,1.0
all,0.1400,cross-ppi,113,0.0261404217141514,1.0
all,0.1400,cross-ppi,114,0.026294550376494974,1.0
all,0.1400,cross-ppi,115,0.02596321771654475,1.0
all,0.1400,cross-ppi,116,0.02615570721871119,1.0
all,0.1400,cross-ppi,117,0.026174814275508607,1.0
all,0.1400,cross-ppi,118,0.026142113228209723,1.0
all,0.1400,cross-ppi,119,0.02638355077744914,1.0
all,0.1400,cross-ppi,120,0.026200181777928516,1.0
all,0.1400,cross-ppi,121,0.025237709182827778,1.0
all,0.1400,cross-ppi,122,0.026349229797220652,1.0
all,0.1400,cross-ppi,123,0.026418763526651068,1.0
all,0.1400,cross-ppi,124,0.02589898895040052,1.0
all,0.1400,cross-ppi,125,0.026346053757824728,1.0
all,0.1400,cross-ppi,126,0.025560167314052,1.0
all,0.1400,cross-ppi,127,0.026996933283646718,1.0
all,0.1400,cross-ppi,128,0.026097405824685532,1.0
all,0.1400,cross-ppi,129,0.026336419374557912,1.0
all,0.1400,cross-ppi,130,0.02572623985508518,1.0
all,0.1400,cross-ppi,131,0.026290270209049726,1.0
all,0.1400,cross-ppi,132,0.02596274318250158,1.0
all,0.1400,cross-ppi,133,0.02639273033845113,1.0
all,0.1400,cross-ppi,134,0.026369370895686584,1.0
all,0.1400,cross-ppi,135,0.02578504366737422,1.0
all,0.1400,cross-ppi,136,0.025739670261929692,1.0
all,0.1400,cross-ppi,137,0.02651451068799271,1.0
all,0.1400,cross-ppi,138,0.0265233337813848,1.0
all,0.1400,cross-ppi,139,0.02664713628391266,1.0
all,0.1400,cross-ppi,140,0.02637792222173732,1.0
all,0.1400,cross-ppi,141,0.025922164648690266,1.0
all,0.1400,cross-ppi,142,0.025276149966655947,1.0
all,0.1400,cross-ppi,143,0.026366238247461316,1.0
all,0.1400,cross-ppi,144,0.025850093916256228,1.0
all,0.1400,cross-ppi,145,0.02557880833904136,1.0
all,0.1400,cross-ppi,146,0.02694047377158712,1.0
all,0.1400,cross-ppi,147,0.025877398329378076,1.0
all,0.1400,cross-ppi,148,0.02593124351621079,1.0
all,0.1400,cross-ppi,149,0.02542507206001629,1.0
all,0.1400,cross-ppi,150,0.02650455477032232,1.0
all,0.1400,cross-ppi,151,0.02541854510868735,1.0
all,0.1400,cross-ppi,152,0.025895569888683023,1.0
all,0.1400,cross-ppi,153,0.02631572964136797,1.0
all,0.1400,cross-ppi,154,0.025842015382105427,0.0
all,0.1400,cross-ppi,155,0.026950207526841297,1.0
all,0.1400,cross-ppi,156,0.026147665674874476,1.0
all,0.1400,cross-ppi,157,0.026394503446550033,1.0
all,0.1400,cross-ppi,158,0.026571270967804733,1.0
all,0.1400,cross-ppi,159,0.02682328516537935,1.0
all,0.1400,cross-ppi,160,0.02471412659355901,1.0
all,0.1400,cross-ppi,161,0.02583052651923215,1.0
all,0.1400,cross-ppi,162,0.027328130893717884,1.0
all,0.1400,cross-ppi,163,0.026437089741072395,1.0
all,0.1400,cross-ppi,164,0.02652939677250546,1.0
all,0.1400,cross-ppi,165,0.02629935150754134,1.0
all,0.1400,cross-ppi,166,0.02614302423374204,1.0
all,0.1400,cross-ppi,167,0.026125955200755696,1.0
all,0.1400,cross-ppi,168,0.025848017693141018,1.0
all,0.1400,cross-ppi,169,0.025916383746239058,1.0
all,0.1400,cross-ppi,170,0.026263297201926328,1.0
all,0.1400,cross-ppi,171,0.025699969845585202,1.0
all,0.1400,cross-ppi,172,0.02674071930368971,1.0
all,0.1400,cross-ppi,173,0.026188883805178365,1.0
all,0.1400,cross-ppi,174,0.026534880315947112,1.0
all,0.1400,cross-ppi,175,0.02622630084439348,1.0
all,0.1400,cross-ppi,176,0.02667994919827854,1.0
all,0.1400,cross-ppi,177,0.02596696221317174,1.0
all,0.1400,cross-ppi,178,0.02672570519531381,1.0
all,0.1400,cross-ppi,179,0.025902110680537493,1.0
all,0.1400,cross-ppi,180,0.0258632044724858,1.0
all,0.1400,cross-ppi,181,0.026226506360184976,1.0
all,0.1400,cross-ppi,182,0.026346457807029933,1.0
all,0.1400,cross-ppi,183,0.025929325453524554,1.0
all,0.1400,cross-ppi,184,0.026607595923190425,1.0
all,0.1400,cross-ppi,185,0.02610774314126907,1.0
all,0.1400,cross-ppi,186,0.02637312485149071,1.0
all,0.1400,cross-ppi,187,0.025661458954146843,1.0
all,0.1400,cross-ppi,188,0.027053446719429664,1.0
all,0.1400,cross-ppi,189,0.02550397209159294,1.0
all,0.1400,cross-ppi,190,0.026901065910760913,1.0
all,0.1400,cross-ppi,191,0.026513001361423316,1.0
all,0.1400,cross-ppi,192,0.02596216810407359,1.0
all,0.1400,cross-ppi,193,0.025741457910907095,1.0
all,0.1400,cross-ppi,194,0.02631971001853839,1.0
all,0.1400,cross-ppi,195,0.026547429144091667,1.0
all,0.1400,cross-ppi,196,0.025616891267090103,1.0
all,0.1400,cross-ppi,197,0.02683119695283087,1.0
all,0.1400,cross-ppi,198,0.02620682180060918,1.0
all,0.1400,cross-ppi,199,0.025995960400021834,1.0
all,0.1400,cross-ppi,200,0.02661690887274648,1.0
all,0.1400,cross-ppi,201,0.026203143097615955,1.0
all,0.1400,cross-ppi,202,0.026318858338571616,1.0
all,0.1400,cross-ppi,203,0.026198636433587996,1.0
all,0.1400,cross-ppi,204,0.02561412440313071,1.0
all,0.1400,cross-ppi,205,0.02630659861954468,1.0
all,0.1400,cross-ppi,206,0.026099411743088163,1.0
all,0.1400,cross-ppi,207,0.025546172517974558,1.0
all,0.1400,cross-ppi,208,0.025099353412586206,1.0
all,0.1400,cross-ppi,209,0.025698101196562045,1.0
all,0.1400,cross-ppi,210,0.025646444497274823,1.0
all,0.1400,cross-ppi,211,0.025912596361261003,1.0
all,0.1400,cross-ppi,212,0.027205784995576576,0.0
all,0.1400,cross-ppi,213,0.025940978187388275,1.0
all,0.1400,cross-ppi,214,0.025796861846637292,1.0
all,0.1400,cross-ppi,215,0.026067418020074173,1.0
all,0.1400,cross-ppi,216,0.026589814374872844,1.0
all,0.1400,cross-ppi,217,0.026222317225788272,1.0
all,0.1400,cross-ppi,218,0.026373175136669952,1.0
all,0.1400,cross-ppi,219,0.025668070064701926,0.0
all,0.1400,cross-ppi,220,0.02610470725582356,1.0
all,0.1400,cross-ppi,221,0.026212011300031923,1.0
all,0.1400,cross-ppi,222,0.025682232704928643,1.0
all,0.1400,cross-ppi,223,0.026291855458075997,1.0
all,0.1400,cross-ppi,224,0.02641815156313687,1.0
all,0.1400,cross-ppi,225,0.025469935150649797,0.0
all,0.1400,cross-ppi,226,0.026315047215690557,1.0
all,0.1400,cross-ppi,227,0.026373816508343584,1.0
all,0.1400,cross-ppi,228,0.025969615827379777,1.0
all,0.1400,cross-ppi,229,0.02700335537433396,1.0
all,0.1400,cross-ppi,230,0.026332338497452423,1.0
all,0.1400,cross-ppi,231,0.026097704728975574,1.0
all,0.1400,cross-ppi,232,0.025415350507467377,1.0
all,0.1400,cross-ppi,233,0.02615244332909436,1.0
all,0.1400,cross-ppi,234,0.026973441776123513,1.0
all,0.1400,cross-ppi,235,0.027320471602430008,1.0
all,0.1400,cross-ppi,236,0.02557786070618276,1.0
all,0.1400,cross-ppi,237,0.02619393241825141,1.0
all,0.1400,cross-ppi,238,0.02592204041687285,1.0
all,0.1400,cross-ppi,239,0.02663433589901787,1.0
all,0.1400,cross-ppi,240,0.02634663481984878,1.0
all,0.1400,cross-ppi,241,0.026516214774915392,1.0
all,0.1400,cross-ppi,242,0.02609327618453494,1.0
all,0.1400,cross-ppi,243,0.02587350095288876,1.0
all,0.1400,cross-ppi,244,0.026943762506577595,1.0
all,0.1400,cross-ppi,245,0.026483246442308817,1.0
all,0.1400,cross-ppi,246,0.026023217463918086,1.0
all,0.1400,cross-ppi,247,0.02626135978781352,1.0
all,0.1400,cross-ppi,248,0.02702112342326468,1.0
all,0.1400,cross-ppi,249,0.025880575079301166,1.0
all,0.1400,cross-ppi,250,0.025234315001075758,1.0
all,0.1400,cross-ppi,251,0.02587218294933391,1.0
all,0.1400,cross-ppi,252,0.026072415485298817,1.0
all,0.1400,cross-ppi,253,0.026504262265553108,1.0
all,0.1400,cross-ppi,254,0.0272410380365542,1.0
all,0.1400,cross-ppi,255,0.026949297919403925,1.0
all,0.1400,cross-ppi,256,0.025684398047071566,1.0
all,0.1400,cross-ppi,257,0.0260252144151929,1.0
all,0.1400,cross-ppi,258,0.026575934811981256,1.0
all,0.1400,cross-ppi,259,0.02676029741646213,1.0
all,0.1400,cross-ppi,260,0.02564252771505926,1.0
all,0.1400,cross-ppi,261,0.02579432607922083,1.0
all,0.1400,cross-ppi,262,0.02698310143035898,1.0
all,0.1400,cross-ppi,263,0.02506231245806745,1.0
all,0.1400,cross-ppi,264,0.026148692361533526,1.0
all,0.1400,cross-ppi,265,0.026495090334600957,1.0
all,0.1400,cross-ppi,266,0.025624443401034647,1.0
all,0.1400,cross-ppi,267,0.02597599797880723,1.0
all,0.1400,cross-ppi,268,0.025960354219291992,1.0
all,0.1400,cross-ppi,269,0.026344437945495236,1.0
all,0.1400,cross-ppi,270,0.025770743461608098,1.0
all,0.1400,cross-ppi,271,0.0263452582428767,1.0
all,0.1400,cross-ppi,272,0.026006225160712132,1.0
all,0.1400,cross-ppi,273,0.0262360470909202,1.0
all,0.1400,cross-ppi,274,0.02738702315654651,1.0
all,0.1400,cross-ppi,275,0.02634830297576707,1.0
all,0.1400,cross-ppi,276,0.02622146201942996,1.0
all,0.1400,cross-ppi,277,0.026159261498622494,1.0
all,0.1400,cross-ppi,278,0.025451157939239105,1.0
all,0.1400,cross-ppi,279,0.026420524832126313,1.0
all,0.1400,cross-ppi,280,0.02727960822425146,1.0
all,0.1400,cross-ppi,281,0.025994846920471132,1.0
all,0.1400,cross-ppi,282,0.025822079033669953,1.0
all,0.1400,cross-ppi,283,0.025986037643632803,1.0
all,0.1400,cross-ppi,284,0.02624670134430107,1.0
all,0.1400,cross-ppi,285,0.026334897438847316,1.0
all,0.1400,cross-ppi,286,0.027258231897196117,1.0
all,0.1400,cross-ppi,287,0.02653461957691383,1.0
all,0.1400,cross-ppi,288,0.025752289058654232,1.0
all,0.1400,cross-ppi,289,0.026794960824480296,1.0
all,0.1400,cross-ppi,290,0.02572386528357251,1.0
all,0.1400,cross-ppi,291,0.027151302524768828,1.0
all,0.1400,cross-ppi,292,0.026835505222746803,1.0
all,0.1400,cross-ppi,293,0.025456675573914483,1.0
all,0.1400,cross-ppi,294,0.02653752965401493,1.0
all,0.1400,cross-ppi,295,0.026355001191888605,1.0
all,0.1400,cross-ppi,296,0.026164462906348968,1.0
all,0.1400,cross-ppi,297,0.026104377418358027,1.0
all,0.1400,cross-ppi,298,0.026352878102282595,1.0
all,0.1400,cross-ppi,299,0.026621253221003588,1.0
all,0.1400,cross-ppi,300,0.026270946818722773,1.0
all,0.1400,cross-ppi,301,0.026029665806878488,1.0
all,0.1400,cross-ppi,302,0.026328775949599703,1.0
all,0.1400,cross-ppi,303,0.026578718675638546,1.0
all,0.1400,cross-ppi,304,0.026144678277714495,1.0
all,0.1400,cross-ppi,305,0.025909987525013833,1.0
all,0.1400,cross-ppi,306,0.02550983553924624,1.0
all,0.1400,cross-ppi,307,0.025951002631165454,1.0
all,0.1400,cross-ppi,308,0.02653716966081543,1.0
all,0.1400,cross-ppi,309,0.025804446840518663,1.0
all,0.1400,cross-ppi,310,0.026529573819432994,1.0
all,0.1400,cross-ppi,311,0.026861607736238913,1.0
all,0.1400,cross-ppi,312,0.02682586551774427,1.0
all,0.1400,cross-ppi,313,0.025924605545811885,1.0
all,0.1400,cross-ppi,314,0.02560834294802583,1.0
all,0.1400,cross-ppi,315,0.026858461662812583,1.0
all,0.1400,cross-ppi,316,0.02534285383181964,1.0
all,0.1400,cross-ppi,317,0.026369313107977632,1.0
all,0.1400,cross-ppi,318,0.026563808963351643,1.0
all,0.1400,cross-ppi,319,0.026527490855353553,1.0
all,0.1400,cross-ppi,320,0.02530127588843259,1.0
all,0.1400,cross-ppi,321,0.025594430971959348,1.0
all,0.1400,cross-ppi,322,0.02614504819458041,1.0
all,0.1400,cross-ppi,323,0.02645185636351266,1.0
all,0.1400,cross-ppi,324,0.026816105095221476,1.0
all,0.1400,cross-ppi,325,0.026762316338001857,1.0
all,0.1400,cross-ppi,326,0.025650128205848333,1.0
all,0.1400,cross-ppi,327,0.026290225725446814,1.0
all,0.1400,cross-ppi,328,0.02539756857314679,1.0
all,0.1400,cross-ppi,329,0.02683773066219519,0.0
all,0.1400,cross-ppi,330,0.026515425892822103,1.0
all,0.1400,cross-ppi,331,0.025892685973057522,1.0
all,0.1400,cross-ppi,332,0.02585067437680752,1.0
all,0.1500,cross-ppi,0,0.025763699724820094,1.0
all,0.1500,cross-ppi,1,0.024986287790814243,1.0
all,0.1500,cross-ppi,2,0.02561678216469221,1.0
all,0.1500,cross-ppi,3,0.025679123774781765,1.0
all,0.1500,cross-ppi,4,0.02582026402581683,1.0
all,0.1500,cross-ppi,5,0.025693342938610142,1.0
all,0.1500,cross-ppi,6,0.02516571102051446,1.0
all,0.1500,cross-ppi,7,0.024760034707255407,1.0
all,0.1500,cross-ppi,8,0.025027712568684968,1.0
all,0.1500,cross-ppi,9,0.025005848436259637,1.0
all,0.1500,cross-ppi,10,0.025126150377612233,1.0
all,0.1500,cross-ppi,11,0.025205282894136066,1.0
all,0.1500,cross-ppi,12,0.02519888948640084,1.0
all,0.1500,cross-ppi,13,0.02539217587421516,1.0
all,0.1500,cross-ppi,14,0.025633973988375303,1.0
all,0.1500,cross-ppi,15,0.025452089829082564,1.0
all,0.1500,cross-ppi,16,0.025573374620111555,1.0
all,0.1500,cross-ppi,17,0.02530039690741817,1.0
all,0.1500,cross-ppi,18,0.02524763490812712,1.0
all,0.1500,cross-ppi,19,0.025632298404472897,1.0
all,0.1500,cross-ppi,20,0.025541908074881797,1.0
all,0.1500,cross-ppi,21,0.02452274657140599,1.0
all,0.1500,cross-ppi,22,0.025773435139683443,1.0
all,0.1500,cross-ppi,23,0.025777958781143,1.0
all,0.1500,cross-ppi,24,0.025092580632976258,1.0
all,0.1500,cross-ppi,25,0.025929102842966678,1.0
all,0.1500,cross-ppi,26,0.024779867772472874,1.0
all,0.1500,cross-ppi,27,0.02628631506909132,1.0
all,0.1500,cross-ppi,28,0.02549090756976269,1.0
all,0.1500,cross-ppi,29,0.02564590992528415,1.0
all,0.1500,cross-ppi,30,0.024988192358705197,1.0
all,0.1500,cross-ppi,31,0.025716074170377273,1.0
all,0.1500,cross-ppi,32,0.025231323346749962,1.0
all,0.1500,cross-ppi,33,0.025525796389911398,1.0
all,0.1500,cross-ppi,34,0.025663210525096902,1.0
all,0.1500,cross-ppi,35,0.025182752002518266,1.0
all,0.1500,cross-ppi,36,0.024890344253699848,1.0
all,0.1500,cross-ppi,37,0.025526389526959514,1.0
all,0.1500,cross-ppi,38,0.025743374355230414,1.0
all,0.1500,cross-ppi,39,0.025785939858576135,1.0
all,0.1500,cross-ppi,40,0.02557010068776741,1.0
all,0.1500,cross-ppi,41,0.025168445717633242,1.0
all,0.1500,cross-ppi,42,0.024582192230205108,1.0
all,0.1500,cross-ppi,43,0.02562348069235565,1.0
all,0.1500,cross-ppi,44,0.025163527818412357,1.0
all,0.1500,cross-ppi,45,0.02489936405402085,1.0
all,0.1500,cross-ppi,46,0.026140239644508734,1.0
all,0.1500,cross-ppi,47,0.025182748451566428,1.0
all,0.1500,cross-ppi,48,0.02518323902086317,1.0
all,0.1500,cross-ppi,49,0.02463294122435969,1.0
all,0.1500,cross-ppi,50,0.02558097677146398,1.0
all,0.1500,cross-ppi,51,0.024843020095880103,1.0
all,0.1500,cross-ppi,52,0.02504873948899411,1.0
all,0.1500,cross-ppi,53,0.02557160759664126,1.0
all,0.1500,cross-ppi,54,0.025224307565281684,0.0
all,0.1500,cross-ppi,55,0.02615148443614801,1.0
all,0.1500,cross-ppi,56,0.025386304167879237,1.0
all,0.1500,cross-ppi,57,0.025655604053497205,1.0
all,0.1500,cross-ppi,58,0.02606798293265275,1.0
all,0.1500,cross-ppi,59,0.026153967484271345,1.0
all,0.1500,cross-ppi,60,0.024239833702189295,1.0
all,0.1500,cross-ppi,61,0.02514062866865363,1.0
all,0.1500,cross-ppi,62,0.02647297155804984,1.0
all,0.1500,cross-ppi,63,0.025791119098910187,1.0
all,0.1500,cross-ppi,64,0.025802509708885785,1.0
all,0.1500,cross-ppi,65,0.025611368370783816,1.0
all,0.1500,cross-ppi,66,0.025548516151289724,1.0
all,0.1500,cross-ppi,67,0.025625618122383953,1.0
all,0.1500,cross-ppi,68,0.025078514029728133,1.0
all,0.1500,cross-ppi,69,0.025443944980775596,1.0
all,0.1500,cross-ppi,70,0.025512803746560314,1.0
all,0.1500,cross-ppi,71,0.025087429969132796,1.0
all,0.1500,cross-ppi,72,0.025917223490497965,1.0
all,0.1500,cross-ppi,73,0.025532138067221516,1.0
all,0.1500,cross-ppi,74,0.02566412072492344,1.0
all,0.1500,cross-ppi,75,0.025679969663556013,1.0
all,0.1500,cross-ppi,76,0.025958105059985165,1.0
all,0.1500,cross-ppi,77,0.025494775329264918,0.0
all,0.1500,cross-ppi,78,0.02585687161253547,1.0
all,0.1500,cross-ppi,79,0.0253791822425872,1.0
all,0.1500,cross-ppi,80,0.025364278413006258,1.0
all,0.1500,cross-ppi,81,0.025460463913316467,1.0
all,0.1500,cross-ppi,82,0.02562957607059646,1.0
all,0.1500,cross-ppi,83,0.025379521019989637,1.0
all,0.1500,cross-ppi,84,0.02596319058365759,1.0
all,0.1500,cross-ppi,85,0.02531426694307659,1.0
all,0.1500,cross-ppi,86,0.02551765798936345,1.0
all,0.1500,cross-ppi,87,0.025298442451324593,1.0
all,0.1500,cross-ppi,88,0.026392779049450144,1.0
all,0.1500,cross-ppi,89,0.024719755334148164,1.0
all,0.1500,cross-ppi,90,0.025938017911192324,1.0
all,0.1500,cross-ppi,91,0.025651154635076945,1.0
all,0.1500,cross-ppi,92,0.025363457052556493,1.0
all,0.1500,cross-ppi,93,0.025282018187186894,1.0
all,0.1500,cross-ppi,94,0.025732458774760048,1.0
all,0.1500,cross-ppi,95,0.02587622139258461,1.0
all,0.1500,cross-ppi,96,0.025000162493116235,1.0
all,0.1500,cross-ppi,97,0.02622739617518921,1.0
all,0.1500,cross-ppi,98,0.025583159333330524,1.0
all,0.1500,cross-ppi,99,0.025471682950837793,1.0
all,0.1500,cross-ppi,100,0.02569700980513276,1.0
all,0.1500,cross-ppi,101,0.025538675611743278,1.0
all,0.1500,cross-ppi,102,0.025840266283977287,1.0
all,0.1500,cross-ppi,103,0.025433256401972026,1.0
all,0.1500,cross-ppi,104,0.02500551380497007,1.0
all,0.1500,cross-ppi,105,0.025676302507885884,1.0
all,0.1500,cross-ppi,106,0.025377563864607544,1.0
all,0.1500,cross-ppi,107,0.025058069289026735,1.0
all,0.1500,cross-ppi,108,0.024497847487297553,1.0
all,0.1500,cross-ppi,109,0.02501120765187717,1.0
all,0.1500,cross-ppi,110,0.0248536637094309,1.0
all,0.1500,cross-ppi,111,0.02517410641656584,1.0
all,0.1500,cross-ppi,112,0.02640811242451868,0.0
all,0.1500,cross-ppi,113,0.025150732632202355,1.0
all,0.1500,cross-ppi,114,0.02505882082257818,1.0
all,0.1500,cross-ppi,115,0.025173194750020472,1.0
all,0.1500,cross-ppi,116,0.025954122776413513,1.0
all,0.1500,cross-ppi,117,0.025528748459310413,1.0
all,0.1500,cross-ppi,118,0.025787588705660253,1.0
all,0.1500,cross-ppi,119,0.024971086085634725,0.0
all,0.1500,cross-ppi,120,0.02523207792532267,1.0
all,0.1500,cross-ppi,121,0.025494784216079563,1.0
all,0.1500,cross-ppi,122,0.024966385510798772,1.0
all,0.1500,cross-ppi,123,0.025640406945726307,1.0
all,0.1500,cross-ppi,124,0.02559562860435216,1.0
all,0.1500,cross-ppi,125,0.02499545376989587,0.0
all,0.1500,cross-ppi,126,0.02559751339403593,1.0
all,0.1500,cross-ppi,127,0.02554496983114618,1.0
all,0.1500,cross-ppi,128,0.025077896173830494,1.0
all,0.1500,cross-ppi,129,0.02630891722710782,0.0
all,0.1500,cross-ppi,130,0.025778797287083433,1.0
all,0.1500,cross-ppi,131,0.025448417842971055,1.0
all,0.1500,cross-ppi,132,0.02479074405637785,1.0
all,0.1500,cross-ppi,133,0.025718828584978676,1.0
all,0.1500,cross-ppi,134,0.026207822733095076,1.0
all,0.1500,cross-ppi,135,0.02645050114642644,1.0
all,0.1500,cross-ppi,136,0.024978977233100608,1.0
all,0.1500,cross-ppi,137,0.025307134173645274,1.0
all,0.1500,cross-ppi,138,0.025232225306681233,1.0
all,0.1500,cross-ppi,139,0.026038361299730473,1.0
all,0.1500,cross-ppi,140,0.025464036198225348,1.0
all,0.1500,cross-ppi,141,0.02562538248506427,1.0
all,0.1500,cross-ppi,142,0.02537258447085844,1.0
all,0.1500,cross-ppi,143,0.025309961301389655,1.0
all,0.1500,cross-ppi,144,0.0259515281912093,1.0
all,0.1500,cross-ppi,145,0.025597922957932256,0.0
all,0.1500,cross-ppi,146,0.025345939403412232,1.0
all,0.1500,cross-ppi,147,0.025528485347795282,1.0
all,0.1500,cross-ppi,148,0.026141154972275538,1.0
all,0.1500,cross-ppi,149,0.025416921615150773,1.0
all,0.1500,cross-ppi,150,0.02471086994064675,1.0
all,0.1500,cross-ppi,151,0.0252641794967704,1.0
all,0.1500,cross-ppi,152,0.02549741450375842,1.0
all,0.1500,cross-ppi,153,0.026061121937909437,1.0
all,0.1500,cross-ppi,154,0.026290650518756564,1.0
all,0.1500,cross-ppi,155,0.02634011557511351,1.0
all,0.1500,cross-ppi,156,0.025213056135957063,1.0
all,0.1500,cross-ppi,157,0.025287805598585122,1.0
all,0.1500,cross-ppi,158,0.025891081492851437,1.0
all,0.1500,cross-ppi,159,0.02597439726390316,1.0
all,0.1500,cross-ppi,160,0.02494009732848876,1.0
all,0.1500,cross-ppi,161,0.025283722330727204,1.0
all,0.1500,cross-ppi,162,0.02612297732039434,1.0
all,0.1500,cross-ppi,163,0.02438940298597711,1.0
all,0.1500,cross-ppi,164,0.02525811822178528,1.0
all,0.1500,cross-ppi,165,0.025823310073264105,1.0
all,0.1500,cross-ppi,166,0.025130945170548036,1.0
all,0.1500,cross-ppi,167,0.025233533499921967,1.0
all,0.1500,cross-ppi,168,0.025107247210173878,1.0
all,0.1500,cross-ppi,169,0.02572466505910931,1.0
all,0.1500,cross-ppi,170,0.025127482655380368,1.0
all,0.1500,cross-ppi,171,0.025695026313789837,1.0
all,0.1500,cross-ppi,172,0.025119138975640443,1.0
all,0.1500,cross-ppi,173,0.025554389264093258,1.0
all,0.1500,cross-ppi,174,0.026497214349411213,1.0
all,0.1500,cross-ppi,175,0.025483670007306225,1.0
all,0.1500,cross-ppi,176,0.02560671581470242,1.0
all,0.1500,cross-ppi,177,0.025400416610214777,1.0
all,0.1500,cross-ppi,178,0.024846731830101776,1.0
all,0.1500,cross-ppi,179,0.02550127530540025,1.0
all,0.1500,cross-ppi,180,0.026372737415192082,1.0
all,0.1500,cross-ppi,181,0.025189618274946146,1.0
all,0.1500,cross-ppi,182,0.02525678267356124,1.0
all,0.1500,cross-ppi,183,0.025190829217387162,1.0
all,0.1500,cross-ppi,184,0.025750950708376297,0.0
all,0.1500,cross-ppi,185,0.025571999843656795,1.0
all,0.1500,cross-ppi,186,0.02650049787634212,1.0
all,0.1500,cross-ppi,187,0.02566937306545969,1.0
all,0.1500,cross-ppi,188,0.02518252667799556,1.0
all,0.1500,cross-ppi,189,0.02608384270381736,1.0
all,0.1500,cross-ppi,190,0.025196568215242743,1.0
all,0.1500,cross-ppi,191,0.026206713398712944,1.0
all,0.1500,cross-ppi,192,0.025999222038024516,1.0
all,0.1500,cross-ppi,193,0.024952046946586703,1.0
all,0.1500,cross-ppi,194,0.025729865919792733,1.0
all,0.1500,cross-ppi,195,0.025745619792456265,1.0
all,0.1500,cross-ppi,196,0.02527427157159845,1.0
all,0.1500,cross-ppi,197,0.025290760976689697,1.0
all,0.1500,cross-ppi,198,0.025454093761735574,1.0
all,0.1500,cross-ppi,199,0.025821971645121428,1.0
all,0.1500,cross-ppi,200,0.025481038466425576,1.0
all,0.1500,cross-ppi,201,0.025214827565283787,1.0
all,0.1500,cross-ppi,202,0.025719406517295734,1.0
all,0.1500,cross-ppi,203,0.025738534710585736,1.0
all,0.1500,cross-ppi,204,0.025368462898743754,1.0
all,0.1500,cross-ppi,205,0.02510244635200498,1.0
all,0.1500,cross-ppi,206,0.024774847577349046,1.0
all,0.1500,cross-ppi,207,0.025430219197216775,1.0
all,0.1500,cross-ppi,208,0.025655194062584236,1.0
all,0.1500,cross-ppi,209,0.025237974259664897,1.0
all,0.1500,cross-ppi,210,0.025869821977381052,1.0
all,0.1500,cross-ppi,211,0.02585603328919739,1.0
all,0.1500,cross-ppi,212,0.026052856948650338,1.0
all,0.1500,cross-ppi,213,0.025266827611995946,1.0
all,0.1500,cross-ppi,214,0.024802812736960306,1.0
all,0.1500,cross-ppi,215,0.026235549915762713,0.0
all,0.1500,cross-ppi,216,0.024592916474687865,1.0
all,0.1500,cross-ppi,217,0.025690042138013486,1.0
all,0.1500,cross-ppi,218,0.025770429479260448,1.0
all,0.1500,cross-ppi,219,0.02581996632556094,1.0
all,0.1500,cross-ppi,220,0.024857935344255844,1.0
all,0.1500,cross-ppi,221,0.02496019475217992,1.0
all,0.1500,cross-ppi,222,0.025447110765273506,1.0
all,0.1500,cross-ppi,223,0.025838612365365,1.0
all,0.1500,cross-ppi,224,0.026130703555979684,1.0
all,0.1500,cross-ppi,225,0.025935742587284594,1.0
all,0.1500,cross-ppi,226,0.024858757968531764,1.0
all,0.1500,cross-ppi,227,0.02551446800263224,1.0
all,0.1500,cross-ppi,228,0.024882577061179356,1.0
all,0.1500,cross-ppi,229,0.02602214766736044,0.0
all,0.1500,cross-ppi,230,0.025693639447995492,1.0
all,0.1500,cross-ppi,231,0.025363298578448684,1.0
all,0.1500,cross-ppi,232,0.02544393408769441,1.0
all,0.1500,cross-ppi,233,0.02507523734652839,1.0
all,0.1500,cross-ppi,234,0.02583227172565783,1.0
all,0.1500,cross-ppi,235,0.02544151467714162,1.0
all,0.1500,cross-ppi,236,0.024538320479257303,1.0
all,0.1500,cross-ppi,237,0.02569768345741627,1.0
all,0.1500,cross-ppi,238,0.024961844564463903,1.0
all,0.1500,cross-ppi,239,0.025645653297133197,1.0
all,0.1500,cross-ppi,240,0.025707302893147266,1.0
all,0.1500,cross-ppi,241,0.025363010973561084,1.0
all,0.1500,cross-ppi,242,0.024949129236751633,1.0
all,0.1500,cross-ppi,243,0.025573530244473147,1.0
all,0.1500,cross-ppi,244,0.026257939942113895,1.0
all,0.1500,cross-ppi,245,0.025584411264314183,1.0
all,0.1500,cross-ppi,246,0.02591350894025879,1.0
all,0.1500,cross-ppi,247,0.02580259310398314,1.0
all,0.1500,cross-ppi,248,0.02501274961391342,1.0
all,0.1500,cross-ppi,249,0.02512683602693022,1.0
all,0.1500,cross-ppi,250,0.02510942529216245,1.0
all,0.1500,cross-ppi,251,0.025341253928873736,1.0
all,0.1500,cross-ppi,252,0.025195429225117305,1.0
all,0.1500,cross-ppi,253,0.025501534156025518,1.0
all,0.1500,cross-ppi,254,0.025175008607186244,1.0
all,0.1500,cross-ppi,255,0.02502258513626998,1.0
all,0.1500,cross-ppi,256,0.025855145259635837,1.0
all,0.1500,cross-ppi,257,0.025938025755401384,1.0
all,0.1500,cross-ppi,258,0.02545833275934764,1.0
all,0.1500,cross-ppi,259,0.025805915658999284,1.0
all,0.1500,cross-ppi,260,0.025617851987280504,1.0
all,0.1500,cross-ppi,261,0.025700643702180087,1.0
all,0.1500,cross-ppi,262,0.025509119088713922,1.0
all,0.1500,cross-ppi,263,0.026070121033323623,1.0
all,0.1500,cross-ppi,264,0.0253331240644995,1.0
all,0.1500,cross-ppi,265,0.025720995322600193,1.0
all,0.1500,cross-ppi,266,0.025225057012321916,1.0
all,0.1500,cross-ppi,267,0.025413268298169006,1.0
all,0.1500,cross-ppi,268,0.02497062733279662,1.0
all,0.1500,cross-ppi,269,0.02584499253885364,1.0
all,0.1500,cross-ppi,270,0.025280544279169676,1.0
all,0.1500,cross-ppi,271,0.02582049014990062,0.0
all,0.1500,cross-ppi,272,0.02487871427183405,1.0
all,0.1500,cross-ppi,273,0.025273558821964554,1.0
all,0.1500,cross-ppi,274,0.025815445913840995,1.0
all,0.1500,cross-ppi,275,0.025822894989407152,1.0
all,0.1500,cross-ppi,276,0.0257765138944539,1.0
all,0.1500,cross-ppi,277,0.026406746850616863,1.0
all,0.1500,cross-ppi,278,0.025628712559052996,1.0
all,0.1500,cross-ppi,279,0.02515495208716481,1.0
all,0.1500,cross-ppi,280,0.025928283926188067,1.0
all,0.1500,cross-ppi,281,0.025228988295233873,1.0
all,0.1500,cross-ppi,282,0.025311995852714375,1.0
all,0.1500,cross-ppi,283,0.02493689406482888,1.0
all,0.1500,cross-ppi,284,0.02540180339460485,1.0
all,0.1500,cross-ppi,285,0.025389834932405903,1.0
all,0.1500,cross-ppi,286,0.0256021471674448,1.0
all,0.1500,cross-ppi,287,0.025823081090077915,1.0
all,0.1500,cross-ppi,288,0.025158376416241746,1.0
all,0.1500,cross-ppi,289,0.02584904477449179,1.0
all,0.1500,cross-ppi,290,0.025851959286198406,1.0
all,0.1500,cross-ppi,291,0.024912192273547906,1.0
all,0.1500,cross-ppi,292,0.025431982041958734,1.0
all,0.1500,cross-ppi,293,0.025575432227265438,1.0
all,0.1500,cross-ppi,294,0.025528415145728567,1.0
all,0.1500,cross-ppi,295,0.02572114100156761,1.0
all,0.1500,cross-ppi,296,0.025651560350078872,1.0
all,0.1500,cross-ppi,297,0.025475230068558924,1.0
all,0.1500,cross-ppi,298,0.025438407732689017,1.0
all,0.1500,cross-ppi,299,0.0249344163489921,1.0
all,0.1500,cross-ppi,300,0.02552554364386772,1.0
all,0.1500,cross-ppi,301,0.025104837634512878,1.0
all,0.1500,cross-ppi,302,0.025768863279783227,1.0
all,0.1500,cross-ppi,303,0.025742297009461984,1.0
all,0.1500,cross-ppi,304,0.025126689269160174,1.0
all,0.1500,cross-ppi,305,0.02458069059930934,1.0
all,0.1500,cross-ppi,306,0.02544968386825308,1.0
all,0.1500,cross-ppi,307,0.025756216658879033,1.0
all,0.1500,cross-ppi,308,0.025345248643294155,1.0
all,0.1500,cross-ppi,309,0.02549532677183794,1.0
all,0.1500,cross-ppi,310,0.025516053788379844,1.0
all,0.1500,cross-ppi,311,0.024682614722012497,1.0
all,0.1500,cross-ppi,312,0.025474648420039325,1.0
all,0.1500,cross-ppi,313,0.02606517468021105,1.0
all,0.1500,cross-ppi,314,0.025555150465249477,1.0
all,0.1500,cross-ppi,315,0.024875652352401717,1.0
all,0.1500,cross-ppi,316,0.025838625743508564,1.0
all,0.1500,cross-ppi,317,0.025319834038548872,1.0
all,0.1500,cross-ppi,318,0.025246234060000705,1.0
all,0.1500,cross-ppi,319,0.02511865723150744,1.0
all,0.1500,cross-ppi,320,0.025506731659515225,1.0
all,0.1500,cross-ppi,321,0.025172280848062223,0.0
all,0.1500,cross-ppi,322,0.02478720953974145,1.0
all,0.1500,cross-ppi,323,0.02575738248373785,1.0
all,0.1500,cross-ppi,324,0.025479903265845483,1.0
all,0.1500,cross-ppi,325,0.025214721539268403,1.0
all,0.1500,cross-ppi,326,0.025048794843387956,1.0
all,0.1500,cross-ppi,327,0.026085150629079346,1.0
all,0.1500,cross-ppi,328,0.025590386473922422,1.0
all,0.1500,cross-ppi,329,0.024998644835938166,1.0
all,0.1500,cross-ppi,330,0.025305525838392823,1.0
all,0.1500,cross-ppi,331,0.02592847431829301,1.0
all,0.1500,cross-ppi,332,0.02532707917435184,1.0
all,0.1600,cross-ppi,0,0.024868656685222895,1.0
all,0.1600,cross-ppi,1,0.024880704657127634,1.0
all,0.1600,cross-ppi,2,0.025349862556703795,1.0
all,0.1600,cross-ppi,3,0.024757737182842604,1.0
all,0.1600,cross-ppi,4,0.024472679147449883,1.0
all,0.1600,cross-ppi,5,0.024977272964197605,1.0
all,0.1600,cross-ppi,6,0.024991803188514128,1.0
all,0.1600,cross-ppi,7,0.024654618511130266,1.0
all,0.1600,cross-ppi,8,0.02393168191550621,1.0
all,0.1600,cross-ppi,9,0.024378335927666583,1.0
all,0.1600,cross-ppi,10,0.024032277801195545,1.0
all,0.1600,cross-ppi,11,0.024663233891387443,1.0
all,0.1600,cross-ppi,12,0.02577931344201778,0.0
all,0.1600,cross-ppi,13,0.02450167489480537,1.0
all,0.1600,cross-ppi,14,0.024584957590770395,1.0
all,0.1600,cross-ppi,15,0.024805707049843084,1.0
all,0.1600,cross-ppi,16,0.025360305987757514,1.0
all,0.1600,cross-ppi,17,0.024903585441354292,1.0
all,0.1600,cross-ppi,18,0.025155291331271812,1.0
all,0.1600,cross-ppi,19,0.0243168670111584,1.0
all,0.1600,cross-ppi,20,0.0248402793701612,1.0
all,0.1600,cross-ppi,21,0.02478867890995387,1.0
all,0.1600,cross-ppi,22,0.024529482482411297,1.0
all,0.1600,cross-ppi,23,0.024874606992165704,1.0
all,0.1600,cross-ppi,24,0.02506808230210611,1.0
all,0.1600,cross-ppi,25,0.024438745876775386,0.0
all,0.1600,cross-ppi,26,0.02492247116484403,1.0
all,0.1600,cross-ppi,27,0.025007892826996003,1.0
all,0.1600,cross-ppi,28,0.024536404198222228,1.0
all,0.1600,cross-ppi,29,0.025752692203630745,0.0
all,0.1600,cross-ppi,30,0.025147490320516108,1.0
all,0.1600,cross-ppi,31,0.02498643938961298,1.0
all,0.1600,cross-ppi,32,0.02418549950108495,1.0
all,0.1600,cross-ppi,33,0.025116924520729805,1.0
all,0.1600,cross-ppi,34,0.025623975885819106,1.0
all,0.1600,cross-ppi,35,0.025679771224253578,1.0
all,0.1600,cross-ppi,36,0.02430939442586022,1.0
all,0.1600,cross-ppi,37,0.024677604894892013,1.0
all,0.1600,cross-ppi,38,0.024576028559298857,1.0
all,0.1600,cross-ppi,39,0.025419414065150803,1.0
all,0.1600,cross-ppi,40,0.024934826934652432,1.0
all,0.1600,cross-ppi,41,0.025009940935378894,1.0
all,0.1600,cross-ppi,42,0.024684506095567188,1.0
all,0.1600,cross-ppi,43,0.024760374486860387,1.0
all,0.1600,cross-ppi,44,0.02533547946351855,1.0
all,0.1600,cross-ppi,45,0.024957956276878024,1.0
all,0.1600,cross-ppi,46,0.02473510468153528,1.0
all,0.1600,cross-ppi,47,0.024852513129773962,1.0
all,0.1600,cross-ppi,48,0.025319636521239475,1.0
all,0.1600,cross-ppi,49,0.024755872530798917,1.0
all,0.1600,cross-ppi,50,0.024159265123927853,1.0
all,0.1600,cross-ppi,51,0.024645221405335094,1.0
all,0.1600,cross-ppi,52,0.024936711903617903,1.0
all,0.1600,cross-ppi,53,0.02558177103117107,1.0
all,0.1600,cross-ppi,54,0.025509582107107742,1.0
all,0.1600,cross-ppi,55,0.025765581648564795,1.0
all,0.1600,cross-ppi,56,0.024604777564262076,1.0
all,0.1600,cross-ppi,57,0.024775470531119143,1.0
all,0.1600,cross-ppi,58,0.025252644486830844,1.0
all,0.1600,cross-ppi,59,0.025394017760075077,1.0
all,0.1600,cross-ppi,60,0.02422075663025569,1.0
all,0.1600,cross-ppi,61,0.024706333937611902,1.0
all,0.1600,cross-ppi,62,0.025497701324965982,1.0
all,0.1600,cross-ppi,63,0.023903259745739036,1.0
all,0.1600,cross-ppi,64,0.024493269430912568,1.0
all,0.1600,cross-ppi,65,0.025090942950642625,1.0
all,0.1600,cross-ppi,66,0.02473937151106531,1.0
all,0.1600,cross-ppi,67,0.024608206063704507,1.0
all,0.1600,cross-ppi,68,0.024362549984856208,1.0
all,0.1600,cross-ppi,69,0.025018404863974664,1.0
all,0.1600,cross-ppi,70,0.024790645183338067,1.0
all,0.1600,cross-ppi,71,0.024876029960214874,1.0
all,0.1600,cross-ppi,72,0.024568252121899586,1.0
all,0.1600,cross-ppi,73,0.024987681606364776,1.0
all,0.1600,cross-ppi,74,0.025785879914010712,1.0
all,0.1600,cross-ppi,75,0.02467639839472935,1.0
all,0.1600,cross-ppi,76,0.02514349045367492,1.0
all,0.1600,cross-ppi,77,0.024900279029742234,1.0
all,0.1600,cross-ppi,78,0.02433539328968115,1.0
all,0.1600,cross-ppi,79,0.024969594201236567,1.0
all,0.1600,cross-ppi,80,0.025538619020613523,1.0
all,0.1600,cross-ppi,81,0.02462636122080744,1.0
all,0.1600,cross-ppi,82,0.024642044389054513,1.0
all,0.1600,cross-ppi,83,0.024570037636884923,1.0
all,0.1600,cross-ppi,84,0.025153084980146456,0.0
all,0.1600,cross-ppi,85,0.02495083123523234,1.0
all,0.1600,cross-ppi,86,0.025883421625532588,1.0
all,0.1600,cross-ppi,87,0.02509955879453507,1.0
all,0.1600,cross-ppi,88,0.02472628773227925,1.0
all,0.1600,cross-ppi,89,0.025391327468658798,1.0
all,0.1600,cross-ppi,90,0.02457291794774108,1.0
all,0.1600,cross-ppi,91,0.025532447132038588,1.0
all,0.1600,cross-ppi,92,0.025312466359926816,1.0
all,0.1600,cross-ppi,93,0.024322046111517365,1.0
all,0.1600,cross-ppi,94,0.025011962471018695,1.0
all,0.1600,cross-ppi,95,0.02518601152152608,1.0
all,0.1600,cross-ppi,96,0.02467532822857732,1.0
all,0.1600,cross-ppi,97,0.02467698110474295,1.0
all,0.1600,cross-ppi,98,0.024968485521408845,1.0
all,0.1600,cross-ppi,99,0.025253868252072542,1.0
all,0.1600,cross-ppi,100,0.0247955184174925,1.0
all,0.1600,cross-ppi,101,0.024488004030834065,1.0
all,0.1600,cross-ppi,102,0.025024884342363912,1.0
all,0.1600,cross-ppi,103,0.02519099760522414,1.0
all,0.1600,cross-ppi,104,0.02468837563467774,1.0
all,0.1600,cross-ppi,105,0.02443720165629562,1.0
all,0.1600,cross-ppi,106,0.024390728791646304,1.0
all,0.1600,cross-ppi,107,0.024823368468075646,1.0
all,0.1600,cross-ppi,108,0.02486693988828126,1.0
all,0.1600,cross-ppi,109,0.02459574947656462,1.0
all,0.1600,cross-ppi,110,0.02504133129666475,1.0
all,0.1600,cross-ppi,111,0.025283105669257178,1.0
all,0.1600,cross-ppi,112,0.02518795262114981,1.0
all,0.1600,cross-ppi,113,0.024577474597085147,1.0
all,0.1600,cross-ppi,114,0.024300814477553306,1.0
all,0.1600,cross-ppi,115,0.025492388940822508,0.0
all,0.1600,cross-ppi,116,0.0238244256565594,1.0
all,0.1600,cross-ppi,117,0.02483233575849106,1.0
all,0.1600,cross-ppi,118,0.025264161803592006,1.0
all,0.1600,cross-ppi,119,0.02500063869563726,1.0
all,0.1600,cross-ppi,120,0.024235396042582263,1.0
all,0.1600,cross-ppi,121,0.024572179875267275,1.0
all,0.1600,cross-ppi,122,0.024804802090968248,1.0
all,0.1600,cross-ppi,123,0.025421913371023064,1.0
all,0.1600,cross-ppi,124,0.025497243569217676,1.0
all,0.1600,cross-ppi,125,0.02541434228323458,1.0
all,0.1600,cross-ppi,126,0.024346499604113947,1.0
all,0.1600,cross-ppi,127,0.02476550269582209,1.0
all,0.1600,cross-ppi,128,0.02410713760536376,1.0
all,0.1600,cross-ppi,129,0.02531369239616077,0.0
all,0.1600,cross-ppi,130,0.025061472052305245,1.0
all,0.1600,cross-ppi,131,0.02457100157541281,1.0
all,0.1600,cross-ppi,132,0.02477542882016162,1.0
all,0.1600,cross-ppi,133,0.024384659761622185,1.0
all,0.1600,cross-ppi,134,0.025251575517512892,1.0
all,0.1600,cross-ppi,135,0.024848134129474814,1.0
all,0.1600,cross-ppi,136,0.0237885016963002,1.0
all,0.1600,cross-ppi,137,0.02499339764249431,1.0
all,0.1600,cross-ppi,138,0.024229628388740904,1.0
all,0.1600,cross-ppi,139,0.024706516883842372,1.0
all,0.1600,cross-ppi,140,0.025116822577521458,1.0
all,0.1600,cross-ppi,141,0.02481634007369027,1.0
all,0.1600,cross-ppi,142,0.024376315412726335,1.0
all,0.1600,cross-ppi,143,0.02503889138347229,1.0
all,0.1600,cross-ppi,144,0.025435149601099938,1.0
all,0.1600,cross-ppi,145,0.025061239668505347,1.0
all,0.1600,cross-ppi,146,0.025257639792859554,1.0
all,0.1600,cross-ppi,147,0.025213977910897634,1.0
all,0.1600,cross-ppi,148,0.024435187658654267,1.0
all,0.1600,cross-ppi,149,0.0245802014770109,1.0
all,0.1600,cross-ppi,150,0.024569954093805885,1.0
all,0.1600,cross-ppi,151,0.024774991733844648,1.0
all,0.1600,cross-ppi,152,0.024617757299550597,1.0
all,0.1600,cross-ppi,153,0.024909257255911726,1.0
all,0.1600,cross-ppi,154,0.024691429558962003,1.0
all,0.1600,cross-ppi,155,0.0242624379162171,1.0
all,0.1600,cross-ppi,156,0.025185302390028558,1.0
all,0.1600,cross-ppi,157,0.025377995015926413,1.0
all,0.1600,cross-ppi,158,0.02476117777619105,1.0
all,0.1600,cross-ppi,159,0.025084665526452693,1.0
all,0.1600,cross-ppi,160,0.024772943191285646,1.0
all,0.1600,cross-ppi,161,0.02512378746003288,1.0
all,0.1600,cross-ppi,162,0.02485457765873486,1.0
all,0.1600,cross-ppi,163,0.02537256136333499,1.0
all,0.1600,cross-ppi,164,0.02468176677329212,1.0
all,0.1600,cross-ppi,165,0.025031105254917946,1.0
all,0.1600,cross-ppi,166,0.02461531157207153,1.0
all,0.1600,cross-ppi,167,0.024663006719438996,1.0
all,0.1600,cross-ppi,168,0.024319072125858848,1.0
all,0.1600,cross-ppi,169,0.025255909893266204,1.0
all,0.1600,cross-ppi,170,0.02463216401875415,1.0
all,0.1600,cross-ppi,171,0.025079625823085316,0.0
all,0.1600,cross-ppi,172,0.024335492578754253,1.0
all,0.1600,cross-ppi,173,0.024669976572229663,1.0
all,0.1600,cross-ppi,174,0.025133462462021416,1.0
all,0.1600,cross-ppi,175,0.025053925631746132,1.0
all,0.1600,cross-ppi,176,0.025071705827776625,1.0
all,0.1600,cross-ppi,177,0.025586008495225854,1.0
all,0.1600,cross-ppi,178,0.02490907863073033,1.0
all,0.1600,cross-ppi,179,0.02474193994041804,1.0
all,0.1600,cross-ppi,180,0.025561034995121273,1.0
all,0.1600,cross-ppi,181,0.02463441647922815,1.0
all,0.1600,cross-ppi,182,0.02473458213317234,1.0
all,0.1600,cross-ppi,183,0.024448889371909283,1.0
all,0.1600,cross-ppi,184,0.024822903560211884,1.0
all,0.1600,cross-ppi,185,0.02511333078391756,1.0
all,0.1600,cross-ppi,186,0.024974543361339002,1.0
all,0.1600,cross-ppi,187,0.025378371578231418,1.0
all,0.1600,cross-ppi,188,0.024625163858523424,1.0
all,0.1600,cross-ppi,189,0.02527165224247141,1.0
all,0.1600,cross-ppi,190,0.025239116122033917,1.0
all,0.1600,cross-ppi,191,0.024438991412393474,1.0
all,0.1600,cross-ppi,192,0.024832308924420815,1.0
all,0.1600,cross-ppi,193,0.02485265257730196,1.0
all,0.1600,cross-ppi,194,0.02482096301523215,1.0
all,0.1600,cross-ppi,195,0.02487828516078075,1.0
all,0.1600,cross-ppi,196,0.02508477388935859,1.0
all,0.1600,cross-ppi,197,0.025047976443835607,1.0
all,0.1600,cross-ppi,198,0.024786958164006667,1.0
all,0.1600,cross-ppi,199,0.02441311318687034,1.0
all,0.1600,cross-ppi,200,0.0248657938140342,1.0
all,0.1600,cross-ppi,201,0.024403518842795485,1.0
all,0.1600,cross-ppi,202,0.02500088407859069,1.0
all,0.1600,cross-ppi,203,0.025128828678104953,1.0
all,0.1600,cross-ppi,204,0.024568181533092148,1.0
all,0.1600,cross-ppi,205,0.024142502121388354,1.0
all,0.1600,cross-ppi,206,0.024877039903417275,1.0
all,0.1600,cross-ppi,207,0.024985299408153056,1.0
all,0.1600,cross-ppi,208,0.024754299843828625,1.0
all,0.1600,cross-ppi,209,0.024997862939068805,1.0
all,0.1600,cross-ppi,210,0.024863661147606964,1.0
all,0.1600,cross-ppi,211,0.023984942223647415,1.0
all,0.1600,cross-ppi,212,0.024790135992774326,1.0
all,0.1600,cross-ppi,213,0.025409585190570017,1.0
all,0.1600,cross-ppi,214,0.024719399629657413,1.0
all,0.1600,cross-ppi,215,0.024312315235928583,1.0
all,0.1600,cross-ppi,216,0.025279161375907022,1.0
all,0.1600,cross-ppi,217,0.02458386388712963,1.0
all,0.1600,cross-ppi,218,0.024529072812155883,1.0
all,0.1600,cross-ppi,219,0.02458973688465549,1.0
all,0.1600,cross-ppi,220,0.024779126073821905,1.0
all,0.1600,cross-ppi,221,0.024571453098314988,0.0
all,0.1600,cross-ppi,222,0.02431063430815683,1.0
all,0.1600,cross-ppi,223,0.025118665482284697,1.0
all,0.1600,cross-ppi,224,0.024801692316270024,1.0
all,0.1600,cross-ppi,225,0.024799318778902846,1.0
all,0.1600,cross-ppi,226,0.024515699050720235,1.0
all,0.1600,cross-ppi,227,0.025500907977454773,1.0
all,0.1600,cross-ppi,228,0.025264308376737876,1.0
all,0.1600,cross-ppi,229,0.02445813682978601,1.0
all,0.1600,cross-ppi,230,0.0246284544210221,1.0
all,0.1600,cross-ppi,231,0.025188849366528765,1.0
all,0.1600,cross-ppi,232,0.024840479490314565,1.0
all,0.1600,cross-ppi,233,0.0253114672509549,1.0
all,0.1600,cross-ppi,234,0.024176621995089298,1.0
all,0.1600,cross-ppi,235,0.025359883913772974,1.0
all,0.1600,cross-ppi,236,0.024796111613977462,1.0
all,0.1600,cross-ppi,237,0.02456139250234668,1.0
all,0.1600,cross-ppi,238,0.025300124776590716,1.0
all,0.1600,cross-ppi,239,0.025065816219478232,1.0
all,0.1600,cross-ppi,240,0.024481651814783678,1.0
all,0.1600,cross-ppi,241,0.024801311218912464,1.0
all,0.1600,cross-ppi,242,0.024480534624220063,1.0
all,0.1600,cross-ppi,243,0.02483005727415888,1.0
all,0.1600,cross-ppi,244,0.024657192607663303,1.0
all,0.1600,cross-ppi,245,0.024513574181190267,1.0
all,0.1600,cross-ppi,246,0.025441656820682335,1.0
all,0.1600,cross-ppi,247,0.024977486645886837,1.0
all,0.1600,cross-ppi,248,0.02459194255002592,1.0
all,0.1600,cross-ppi,249,0.024948728232557144,1.0
all,0.1600,cross-ppi,250,0.024615435764072213,1.0
all,0.1600,cross-ppi,251,0.025869562115838463,1.0
all,0.1600,cross-ppi,252,0.02369705512781406,1.0
all,0.1600,cross-ppi,253,0.02441397179162766,1.0
all,0.1600,cross-ppi,254,0.02530098025412353,1.0
all,0.1600,cross-ppi,255,0.02467226723282015,1.0
all,0.1600,cross-ppi,256,0.025274433785248074,1.0
all,0.1600,cross-ppi,257,0.024866712957392734,1.0
all,0.1600,cross-ppi,258,0.02480661196884304,1.0
all,0.1600,cross-ppi,259,0.02546993235360584,1.0
all,0.1600,cross-ppi,260,0.024409311171246312,1.0
all,0.1600,cross-ppi,261,0.024503241465974268,1.0
all,0.1600,cross-ppi,262,0.024492339206791475,1.0
all,0.1600,cross-ppi,263,0.02507444202130113,1.0
all,0.1600,cross-ppi,264,0.024396000308347682,1.0
all,0.1600,cross-ppi,265,0.024488014544374326,1.0
all,0.1600,cross-ppi,266,0.024552652696555155,1.0
all,0.1600,cross-ppi,267,0.025323834287325653,1.0
all,0.1600,cross-ppi,268,0.02488558457035628,1.0
all,0.1600,cross-ppi,269,0.025239931575700147,1.0
all,0.1600,cross-ppi,270,0.025149173803189595,1.0
all,0.1600,cross-ppi,271,0.025022780619192247,1.0
all,0.1600,cross-ppi,272,0.02483209300184197,0.0
all,0.1600,cross-ppi,273,0.024886311171098935,1.0
all,0.1600,cross-ppi,274,0.024419387957076766,1.0
all,0.1600,cross-ppi,275,0.02499239443599599,1.0
all,0.1600,cross-ppi,276,0.024898179513773044,0.0
all,0.1600,cross-ppi,277,0.024633873600625522,1.0
all,0.1600,cross-ppi,278,0.02465923057175115,1.0
all,0.1600,cross-ppi,279,0.024129295996032307,1.0
all,0.1600,cross-ppi,280,0.025249948205909006,1.0
all,0.1600,cross-ppi,281,0.024637583772814137,1.0
all,0.1600,cross-ppi,282,0.025258817918460963,1.0
all,0.1600,cross-ppi,283,0.024880651279770544,1.0
all,0.1600,cross-ppi,284,0.02465219719883352,1.0
all,0.1600,cross-ppi,285,0.024832886235844537,1.0
all,0.1600,cross-ppi,286,0.02514670604327171,1.0
all,0.1600,cross-ppi,287,0.02488644854442712,1.0
all,0.1600,cross-ppi,288,0.024884078186955483,1.0
all,0.1600,cross-ppi,289,0.025856077107300424,1.0
all,0.1600,cross-ppi,290,0.024908429120486963,1.0
all,0.1600,cross-ppi,291,0.02482880628160064,1.0
all,0.1600,cross-ppi,292,0.025723135369121936,1.0
all,0.1600,cross-ppi,293,0.024773640068466052,1.0
all,0.1600,cross-ppi,294,0.025100036438917894,1.0
all,0.1600,cross-ppi,295,0.02503308230678894,1.0
all,0.1600,cross-ppi,296,0.0249038149550852,1.0
all,0.1600,cross-ppi,297,0.025105594562431333,1.0
all,0.1600,cross-ppi,298,0.024965308379713003,1.0
all,0.1600,cross-ppi,299,0.025554295604343552,1.0
all,0.1600,cross-ppi,300,0.02505180111650182,1.0
all,0.1600,cross-ppi,301,0.02490296859567967,1.0
all,0.1600,cross-ppi,302,0.024955928791482257,1.0
all,0.1600,cross-ppi,303,0.02432699011855044,1.0
all,0.1600,cross-ppi,304,0.025444101431966876,1.0
all,0.1600,cross-ppi,305,0.025866344394347873,1.0
all,0.1600,cross-ppi,306,0.024342979055321123,1.0
all,0.1600,cross-ppi,307,0.024775316667363656,1.0
all,0.1600,cross-ppi,308,0.025439673345342806,1.0
all,0.1600,cross-ppi,309,0.023998273273685644,1.0
all,0.1600,cross-ppi,310,0.024774744237253454,1.0
all,0.1600,cross-ppi,311,0.025814314383100334,1.0
all,0.1600,cross-ppi,312,0.025348917870193333,1.0
all,0.1600,cross-ppi,313,0.024786534686892958,1.0
all,0.1600,cross-ppi,314,0.024781342270689316,1.0
all,0.1600,cross-ppi,315,0.024745450092875654,1.0
all,0.1600,cross-ppi,316,0.025426268383642148,1.0
all,0.1600,cross-ppi,317,0.025008879370560733,1.0
all,0.1600,cross-ppi,318,0.02476921817598607,1.0
all,0.1600,cross-ppi,319,0.02508154968788967,1.0
all,0.1600,cross-ppi,320,0.02525835742757654,1.0
all,0.1600,cross-ppi,321,0.024625383583322558,1.0
all,0.1600,cross-ppi,322,0.024697199552965315,1.0
all,0.1600,cross-ppi,323,0.024942692929010746,1.0
all,0.1600,cross-ppi,324,0.024730030852061408,1.0
all,0.1600,cross-ppi,325,0.024486640976951662,1.0
all,0.1600,cross-ppi,326,0.025022791205515538,1.0
all,0.1600,cross-ppi,327,0.025137168241933572,1.0
all,0.1600,cross-ppi,328,0.024901342760624584,1.0
all,0.1600,cross-ppi,329,0.02464526669063538,1.0
all,0.1600,cross-ppi,330,0.02524676767929479,1.0
all,0.1600,cross-ppi,331,0.024605018773183107,1.0
all,0.1600,cross-ppi,332,0.024559503659298154,1.0
all,0.1700,cross-ppi,0,0.02424849709437693,1.0
all,0.1700,cross-ppi,1,0.023813400012488772,1.0
all,0.1700,cross-ppi,2,0.024343895583236547,1.0
all,0.1700,cross-ppi,3,0.02468223073209541,1.0
all,0.1700,cross-ppi,4,0.024114259190207155,1.0
all,0.1700,cross-ppi,5,0.02389464882050163,1.0
all,0.1700,cross-ppi,6,0.02390842860566203,1.0
all,0.1700,cross-ppi,7,0.024244693852965793,1.0
all,0.1700,cross-ppi,8,0.02427809406248027,1.0
all,0.1700,cross-ppi,9,0.024192769160338412,1.0
all,0.1700,cross-ppi,10,0.024419738495985333,1.0
all,0.1700,cross-ppi,11,0.02456034936845261,1.0
all,0.1700,cross-ppi,12,0.024433332533151164,1.0
all,0.1700,cross-ppi,13,0.024035081000805425,1.0
all,0.1700,cross-ppi,14,0.023949729515812118,1.0
all,0.1700,cross-ppi,15,0.024959575086441088,1.0
all,0.1700,cross-ppi,16,0.02345580315968629,1.0
all,0.1700,cross-ppi,17,0.02417140473257448,1.0
all,0.1700,cross-ppi,18,0.02465101846739104,1.0
all,0.1700,cross-ppi,19,0.02438556332356978,1.0
all,0.1700,cross-ppi,20,0.023796118562325552,1.0
all,0.1700,cross-ppi,21,0.024087678529305268,1.0
all,0.1700,cross-ppi,22,0.024172417438448557,1.0
all,0.1700,cross-ppi,23,0.02466620183190349,1.0
all,0.1700,cross-ppi,24,0.024845345845050715,1.0
all,0.1700,cross-ppi,25,0.02496421879382127,1.0
all,0.1700,cross-ppi,26,0.023693709017975184,1.0
all,0.1700,cross-ppi,27,0.0243426508657113,1.0
all,0.1700,cross-ppi,28,0.02362098625579992,1.0
all,0.1700,cross-ppi,29,0.024560249236197484,1.0
all,0.1700,cross-ppi,30,0.024425789784843777,1.0
all,0.1700,cross-ppi,31,0.024257992902094627,1.0
all,0.1700,cross-ppi,32,0.02424846563298913,1.0
all,0.1700,cross-ppi,33,0.02394618726217712,1.0
all,0.1700,cross-ppi,34,0.024634064265948274,1.0
all,0.1700,cross-ppi,35,0.02424754988441724,1.0
all,0.1700,cross-ppi,36,0.023102349684225504,1.0
all,0.1700,cross-ppi,37,0.02447582622715197,1.0
all,0.1700,cross-ppi,38,0.023610477734422264,1.0
all,0.1700,cross-ppi,39,0.02416614604363107,1.0
all,0.1700,cross-ppi,40,0.0244195420475668,1.0
all,0.1700,cross-ppi,41,0.02410829743301146,1.0
all,0.1700,cross-ppi,42,0.023869410000336294,1.0
all,0.1700,cross-ppi,43,0.024480465730331025,1.0
all,0.1700,cross-ppi,44,0.024669396385796682,1.0
all,0.1700,cross-ppi,45,0.024571654288840755,1.0
all,0.1700,cross-ppi,46,0.02449210791093892,1.0
all,0.1700,cross-ppi,47,0.024634138150688822,1.0
all,0.1700,cross-ppi,48,0.023892113551493788,1.0
all,0.1700,cross-ppi,49,0.024065847684453218,1.0
all,0.1700,cross-ppi,50,0.023914358831563648,1.0
all,0.1700,cross-ppi,51,0.02418734005342782,1.0
all,0.1700,cross-ppi,52,0.024103707300423854,1.0
all,0.1700,cross-ppi,53,0.024518385801188924,1.0
all,0.1700,cross-ppi,54,0.024051537322372613,1.0
all,0.1700,cross-ppi,55,0.023665246586240946,1.0
all,0.1700,cross-ppi,56,0.024407596358389294,1.0
all,0.1700,cross-ppi,57,0.02456099337393655,1.0
all,0.1700,cross-ppi,58,0.024128605670480502,1.0
all,0.1700,cross-ppi,59,0.024457061407633818,1.0
all,0.1700,cross-ppi,60,0.0240853026245558,1.0
all,0.1700,cross-ppi,61,0.0245638473820379,1.0
all,0.1700,cross-ppi,62,0.024321565301917897,1.0
all,0.1700,cross-ppi,63,0.02478453683371562,1.0
all,0.1700,cross-ppi,64,0.023987354183524906,1.0
all,0.1700,cross-ppi,65,0.024388800351638956,1.0
all,0.1700,cross-ppi,66,0.0240643224115622,1.0
all,0.1700,cross-ppi,67,0.024051750194610144,1.0
all,0.1700,cross-ppi,68,0.023667237617778975,1.0
all,0.1700,cross-ppi,69,0.02472066092428435,1.0
all,0.1700,cross-ppi,70,0.024116279511172678,1.0
all,0.1700,cross-ppi,71,0.024470750763094795,0.0
all,0.1700,cross-ppi,72,0.023627135158941437,1.0
all,0.1700,cross-ppi,73,0.024161865456418713,1.0
all,0.1700,cross-ppi,74,0.02445936706413454,1.0
all,0.1700,cross-ppi,75,0.024420191531898006,1.0
all,0.1700,cross-ppi,76,0.024309477310826777,1.0
all,0.1700,cross-ppi,77,0.024916806329937063,1.0
all,0.1700,cross-ppi,78,0.024192003765554276,1.0
all,0.1700,cross-ppi,79,0.024134667079948963,1.0
all,0.1700,cross-ppi,80,0.024837747585705783,1.0
all,0.1700,cross-ppi,81,0.02407950466976405,1.0
all,0.1700,cross-ppi,82,0.024346689897705387,1.0
all,0.1700,cross-ppi,83,0.02402930902724343,1.0
all,0.1700,cross-ppi,84,0.024252145039044742,1.0
all,0.1700,cross-ppi,85,0.024455588927234206,1.0
all,0.1700,cross-ppi,86,0.02444456038293552,1.0
all,0.1700,cross-ppi,87,0.02462511768632103,1.0
all,0.1700,cross-ppi,88,0.024157317028105085,1.0
all,0.1700,cross-ppi,89,0.02465438283049426,1.0
all,0.1700,cross-ppi,90,0.024528624335421467,1.0
all,0.1700,cross-ppi,91,0.024084821448222216,1.0
all,0.1700,cross-ppi,92,0.02433593050864813,1.0
all,0.1700,cross-ppi,93,0.024288183221301857,1.0
all,0.1700,cross-ppi,94,0.024342887976538913,1.0
all,0.1700,cross-ppi,95,0.024386215580470355,1.0
all,0.1700,cross-ppi,96,0.024530284397850877,1.0
all,0.1700,cross-ppi,97,0.02431627237452294,1.0
all,0.1700,cross-ppi,98,0.024204000071059828,1.0
all,0.1700,cross-ppi,99,0.023876900921685817,1.0
all,0.1700,cross-ppi,100,0.02423372879221894,1.0
all,0.1700,cross-ppi,101,0.023832701725408745,1.0
all,0.1700,cross-ppi,102,0.02452882646505905,1.0
all,0.1700,cross-ppi,103,0.024390005051009106,1.0
all,0.1700,cross-ppi,104,0.023977333457330663,1.0
all,0.1700,cross-ppi,105,0.023654881550601387,1.0
all,0.1700,cross-ppi,106,0.024326442314019925,1.0
all,0.1700,cross-ppi,107,0.024586751931883283,1.0
all,0.1700,cross-ppi,108,0.02421107373110573,1.0
all,0.1700,cross-ppi,109,0.024416684521049364,1.0
all,0.1700,cross-ppi,110,0.024394958422579743,1.0
all,0.1700,cross-ppi,111,0.02342606105683545,1.0
all,0.1700,cross-ppi,112,0.02428385725924631,1.0
all,0.1700,cross-ppi,113,0.024888791982364294,1.0
all,0.1700,cross-ppi,114,0.024292282469711823,1.0
all,0.1700,cross-ppi,115,0.023733226708561928,1.0
all,0.1700,cross-ppi,116,0.024737250717662973,1.0
all,0.1700,cross-ppi,117,0.02403658775523132,1.0
all,0.1700,cross-ppi,118,0.023832370229541988,1.0
all,0.1700,cross-ppi,119,0.024028910656556213,1.0
all,0.1700,cross-ppi,120,0.024240725088310433,1.0
all,0.1700,cross-ppi,121,0.02419463477669548,0.0
all,0.1700,cross-ppi,122,0.023733160135714915,1.0
all,0.1700,cross-ppi,123,0.024560222381505153,1.0
all,0.1700,cross-ppi,124,0.02423049799255736,1.0
all,0.1700,cross-ppi,125,0.024318870155859984,1.0
all,0.1700,cross-ppi,126,0.023895763958786564,1.0
all,0.1700,cross-ppi,127,0.024915744143541252,1.0
all,0.1700,cross-ppi,128,0.02466756490399713,1.0
all,0.1700,cross-ppi,129,0.02387723335710959,1.0
all,0.1700,cross-ppi,130,0.024153398514775798,1.0
all,0.1700,cross-ppi,131,0.024531703749838346,1.0
all,0.1700,cross-ppi,132,0.02424221939131818,1.0
all,0.1700,cross-ppi,133,0.024821864340322075,1.0
all,0.1700,cross-ppi,134,0.0236405458385488,1.0
all,0.1700,cross-ppi,135,0.024701000514395527,1.0
all,0.1700,cross-ppi,136,0.024307331142280536,1.0
all,0.1700,cross-ppi,137,0.024229489988406683,1.0
all,0.1700,cross-ppi,138,0.024686551573140147,1.0
all,0.1700,cross-ppi,139,0.024480046235281328,1.0
all,0.1700,cross-ppi,140,0.023921973284593112,1.0
all,0.1700,cross-ppi,141,0.024125921164562664,1.0
all,0.1700,cross-ppi,142,0.023864883209455234,1.0
all,0.1700,cross-ppi,143,0.02438288688365775,1.0
all,0.1700,cross-ppi,144,0.024228901806574776,1.0
all,0.1700,cross-ppi,145,0.02395659920527282,1.0
all,0.1700,cross-ppi,146,0.02487433669550357,1.0
all,0.1700,cross-ppi,147,0.02439223615828423,1.0
all,0.1700,cross-ppi,148,0.02415512935912778,1.0
all,0.1700,cross-ppi,149,0.024419039064865644,1.0
all,0.1700,cross-ppi,150,0.024057070090628963,1.0
all,0.1700,cross-ppi,151,0.025233760662451976,1.0
all,0.1700,cross-ppi,152,0.023140667891406758,1.0
all,0.1700,cross-ppi,153,0.023902392485973367,1.0
all,0.1700,cross-ppi,154,0.02458188839782352,1.0
all,0.1700,cross-ppi,155,0.024003457247191995,1.0
all,0.1700,cross-ppi,156,0.024523227644133394,1.0
all,0.1700,cross-ppi,157,0.02432700535335519,1.0
all,0.1700,cross-ppi,158,0.02421979224803758,1.0
all,0.1700,cross-ppi,159,0.024799035008344128,1.0
all,0.1700,cross-ppi,160,0.023759725587227692,1.0
all,0.1700,cross-ppi,161,0.023950689185347485,1.0
all,0.1700,cross-ppi,162,0.023982076904816796,1.0
all,0.1700,cross-ppi,163,0.0244666441728838,1.0
all,0.1700,cross-ppi,164,0.023834186168290777,1.0
all,0.1700,cross-ppi,165,0.02409485123476826,1.0
all,0.1700,cross-ppi,166,0.023891107134921485,1.0
all,0.1700,cross-ppi,167,0.024677280060736217,1.0
all,0.1700,cross-ppi,168,0.024420656753611714,1.0
all,0.1700,cross-ppi,169,0.024600502728189366,1.0
all,0.1700,cross-ppi,170,0.024424033613390878,1.0
all,0.1700,cross-ppi,171,0.024462947963857312,1.0
all,0.1700,cross-ppi,172,0.02425139972726384,0.0
all,0.1700,cross-ppi,173,0.024285281659345986,1.0
all,0.1700,cross-ppi,174,0.02384208000385446,1.0
all,0.1700,cross-ppi,175,0.024282172493840043,1.0
all,0.1700,cross-ppi,176,0.024386626079878515,0.0
all,0.1700,cross-ppi,177,0.0241781305014602,1.0
all,0.1700,cross-ppi,178,0.02424691250369615,1.0
all,0.1700,cross-ppi,179,0.023665337998214325,1.0
all,0.1700,cross-ppi,180,0.02473941769910551,1.0
all,0.1700,cross-ppi,181,0.02429213687349338,1.0
all,0.1700,cross-ppi,182,0.024461186351958486,1.0
all,0.1700,cross-ppi,183,0.02450706632719246,1.0
all,0.1700,cross-ppi,184,0.024186248699962803,1.0
all,0.1700,cross-ppi,185,0.02417319617830624,1.0
all,0.1700,cross-ppi,186,0.024467885801401384,1.0
all,0.1700,cross-ppi,187,0.02438608041303003,1.0
all,0.1700,cross-ppi,188,0.024201093897038617,1.0
all,0.1700,cross-ppi,189,0.025105886098250374,1.0
all,0.1700,cross-ppi,190,0.024398425815956498,1.0
all,0.1700,cross-ppi,191,0.024152725582884726,1.0
all,0.1700,cross-ppi,192,0.025058813709819105,1.0
all,0.1700,cross-ppi,193,0.024250963976024886,1.0
all,0.1700,cross-ppi,194,0.024447993251779154,1.0
all,0.1700,cross-ppi,195,0.024393468203954077,1.0
all,0.1700,cross-ppi,196,0.024341394650050363,1.0
all,0.1700,cross-ppi,197,0.024386388335297854,1.0
all,0.1700,cross-ppi,198,0.024229886152439345,1.0
all,0.1700,cross-ppi,199,0.024962758116760853,1.0
all,0.1700,cross-ppi,200,0.024539484059333372,1.0
all,0.1700,cross-ppi,201,0.024240946912296973,1.0
all,0.1700,cross-ppi,202,0.02436709426903061,1.0
all,0.1700,cross-ppi,203,0.023769391180830768,1.0
all,0.1700,cross-ppi,204,0.02494314606525319,1.0
all,0.1700,cross-ppi,205,0.02511631756274646,1.0
all,0.1700,cross-ppi,206,0.02381118097397117,1.0
all,0.1700,cross-ppi,207,0.024316378946321326,1.0
all,0.1700,cross-ppi,208,0.024901182672628752,1.0
all,0.1700,cross-ppi,209,0.023504541588045824,1.0
all,0.1700,cross-ppi,210,0.023976905711235702,1.0
all,0.1700,cross-ppi,211,0.025239957142879854,1.0
all,0.1700,cross-ppi,212,0.024691346404888015,1.0
all,0.1700,cross-ppi,213,0.02419745006197138,1.0
all,0.1700,cross-ppi,214,0.02430215609370079,1.0
all,0.1700,cross-ppi,215,0.024128594347848614,1.0
all,0.1700,cross-ppi,216,0.024749619925237276,1.0
all,0.1700,cross-ppi,217,0.024347147742547204,1.0
all,0.1700,cross-ppi,218,0.024210424146257042,1.0
all,0.1700,cross-ppi,219,0.024697864271179037,1.0
all,0.1700,cross-ppi,220,0.024452730603876177,1.0
all,0.1700,cross-ppi,221,0.023927138752521615,1.0
all,0.1700,cross-ppi,222,0.024199374103595073,1.0
all,0.1700,cross-ppi,223,0.024347624808790713,1.0
all,0.1700,cross-ppi,224,0.024325981097581578,1.0
all,0.1700,cross-ppi,225,0.024063807827553463,1.0
all,0.1700,cross-ppi,226,0.02455161904189629,1.0
all,0.1700,cross-ppi,227,0.024429436810486066,1.0
all,0.1700,cross-ppi,228,0.02452758315019332,1.0
all,0.1700,cross-ppi,229,0.024016967121463395,1.0
all,0.1700,cross-ppi,230,0.02481377439314425,1.0
all,0.1700,cross-ppi,231,0.024152962547938084,1.0
all,0.1700,cross-ppi,232,0.02407956593592328,1.0
all,0.1700,cross-ppi,233,0.024022723782770844,1.0
all,0.1700,cross-ppi,234,0.023873890499714445,1.0
all,0.1700,cross-ppi,235,0.024528167266083173,1.0
all,0.1700,cross-ppi,236,0.024135254975787473,1.0
all,0.1700,cross-ppi,237,0.024521846051362317,1.0
all,0.1700,cross-ppi,238,0.024365406082224594,1.0
all,0.1700,cross-ppi,239,0.02480277033946046,1.0
all,0.1700,cross-ppi,240,0.024018068629859113,1.0
all,0.1700,cross-ppi,241,0.024700773992259145,1.0
all,0.1700,cross-ppi,242,0.024306233518188808,1.0
all,0.1700,cross-ppi,243,0.024757189711428484,1.0
all,0.1700,cross-ppi,244,0.024728153759448146,1.0
all,0.1700,cross-ppi,245,0.023897355888537697,1.0
all,0.1700,cross-ppi,246,0.02386346892525895,1.0
all,0.1700,cross-ppi,247,0.02384018240706176,1.0
all,0.1700,cross-ppi,248,0.023677037106917737,1.0
all,0.1700,cross-ppi,249,0.024027751303135586,1.0
all,0.1700,cross-ppi,250,0.024824240977553425,1.0
all,0.1700,cross-ppi,251,0.024501815954909634,1.0
all,0.1700,cross-ppi,252,0.024100170593516435,1.0
all,0.1700,cross-ppi,253,0.02391238460187453,1.0
all,0.1700,cross-ppi,254,0.024192003601870904,1.0
all,0.1700,cross-ppi,255,0.024315036739649326,1.0
all,0.1700,cross-ppi,256,0.023809695269619596,1.0
all,0.1700,cross-ppi,257,0.02447197709239879,1.0
all,0.1700,cross-ppi,258,0.024561773263905656,1.0
all,0.1700,cross-ppi,259,0.02460045123839641,1.0
all,0.1700,cross-ppi,260,0.024501528787840843,1.0
all,0.1700,cross-ppi,261,0.024398464128704833,1.0
all,0.1700,cross-ppi,262,0.02468874483513872,1.0
all,0.1700,cross-ppi,263,0.02397370961045342,1.0
all,0.1700,cross-ppi,264,0.023909406236136882,0.0
all,0.1700,cross-ppi,265,0.024169426220635865,1.0
all,0.1700,cross-ppi,266,0.024595675097493608,1.0
all,0.1700,cross-ppi,267,0.024231480090629587,1.0
all,0.1700,cross-ppi,268,0.024198387887714223,1.0
all,0.1700,cross-ppi,269,0.023841127990545274,1.0
all,0.1700,cross-ppi,270,0.024961784906471274,1.0
all,0.1700,cross-ppi,271,0.02457048673793369,1.0
all,0.1700,cross-ppi,272,0.02467631005536655,1.0
all,0.1700,cross-ppi,273,0.023876752048122896,1.0
all,0.1700,cross-ppi,274,0.024362340201469768,1.0
all,0.1700,cross-ppi,275,0.023888596159979097,1.0
all,0.1700,cross-ppi,276,0.024042761579176702,1.0
all,0.1700,cross-ppi,277,0.024774997386730613,1.0
all,0.1700,cross-ppi,278,0.02395006780630149,1.0
all,0.1700,cross-ppi,279,0.02451252407175397,1.0
all,0.1700,cross-ppi,280,0.02459168330699546,1.0
all,0.1700,cross-ppi,281,0.02448483755717512,1.0
all,0.1700,cross-ppi,282,0.024363352648577502,1.0
all,0.1700,cross-ppi,283,0.024182597579094356,1.0
all,0.1700,cross-ppi,284,0.024830791334135377,1.0
all,0.1700,cross-ppi,285,0.02379397298842001,1.0
all,0.1700,cross-ppi,286,0.024350042562967494,1.0
all,0.1700,cross-ppi,287,0.024538877655770563,1.0
all,0.1700,cross-ppi,288,0.02399177407255962,1.0
all,0.1700,cross-ppi,289,0.024227973647795387,1.0
all,0.1700,cross-ppi,290,0.02415712839669934,1.0
all,0.1700,cross-ppi,291,0.024487811142879595,1.0
all,0.1700,cross-ppi,292,0.023768661143632186,1.0
all,0.1700,cross-ppi,293,0.025097689463088768,1.0
all,0.1700,cross-ppi,294,0.024610031146782507,1.0
all,0.1700,cross-ppi,295,0.0238102855198756,0.0
all,0.1700,cross-ppi,296,0.024199030938143767,1.0
all,0.1700,cross-ppi,297,0.025078191354207635,1.0
all,0.1700,cross-ppi,298,0.025122247227344352,1.0
all,0.1700,cross-ppi,299,0.02483692329944165,1.0
all,0.1700,cross-ppi,300,0.02407200174755289,1.0
all,0.1700,cross-ppi,301,0.023963606061069925,1.0
all,0.1700,cross-ppi,302,0.02456516501975889,1.0
all,0.1700,cross-ppi,303,0.023979600963930037,1.0
all,0.1700,cross-ppi,304,0.024423750702705332,1.0
all,0.1700,cross-ppi,305,0.025080413655760303,1.0
all,0.1700,cross-ppi,306,0.02411583759361982,1.0
all,0.1700,cross-ppi,307,0.0238185532239652,1.0
all,0.1700,cross-ppi,308,0.025047802999478175,1.0
all,0.1700,cross-ppi,309,0.024138458090797926,1.0
all,0.1700,cross-ppi,310,0.024206833691863605,1.0
all,0.1700,cross-ppi,311,0.024606650681078035,1.0
all,0.1700,cross-ppi,312,0.023659484696593513,1.0
all,0.1700,cross-ppi,313,0.023660246109183575,1.0
all,0.1700,cross-ppi,314,0.023790592195590515,1.0
all,0.1700,cross-ppi,315,0.024581583782402133,1.0
all,0.1700,cross-ppi,316,0.02364879929879457,1.0
all,0.1700,cross-ppi,317,0.024626686821603377,1.0
all,0.1700,cross-ppi,318,0.024161699530662523,1.0
all,0.1700,cross-ppi,319,0.023953537365472566,1.0
all,0.1700,cross-ppi,320,0.02395457053759467,1.0
all,0.1700,cross-ppi,321,0.024259777300166263,1.0
all,0.1700,cross-ppi,322,0.023747065965630587,1.0
all,0.1700,cross-ppi,323,0.024508549393170487,1.0
all,0.1700,cross-ppi,324,0.024152724609913495,1.0
all,0.1700,cross-ppi,325,0.024221136686521927,1.0
all,0.1700,cross-ppi,326,0.023765646597596612,1.0
all,0.1700,cross-ppi,327,0.024360993741144643,1.0
all,0.1700,cross-ppi,328,0.02445086206261282,1.0
all,0.1700,cross-ppi,329,0.02469339073403254,1.0
all,0.1700,cross-ppi,330,0.024450965491753074,1.0
all,0.1700,cross-ppi,331,0.02409949418239854,1.0
all,0.1700,cross-ppi,332,0.024550908360478574,1.0
all,0.1800,cross-ppi,0,0.023710353024700398,1.0
all,0.1800,cross-ppi,1,0.02351128362640023,1.0
all,0.1800,cross-ppi,2,0.02405866962772707,1.0
all,0.1800,cross-ppi,3,0.02384970050252211,1.0
all,0.1800,cross-ppi,4,0.02343943227277223,1.0
all,0.1800,cross-ppi,5,0.02332188547250827,1.0
all,0.1800,cross-ppi,6,0.023820298077157714,1.0
all,0.1800,cross-ppi,7,0.024153172331382255,1.0
all,0.1800,cross-ppi,8,0.02370963064005427,1.0
all,0.1800,cross-ppi,9,0.02399548123375414,1.0
all,0.1800,cross-ppi,10,0.02388933155121231,1.0
all,0.1800,cross-ppi,11,0.0230642365999775,1.0
all,0.1800,cross-ppi,12,0.023604310910121273,1.0
all,0.1800,cross-ppi,13,0.02438184496515708,1.0
all,0.1800,cross-ppi,14,0.023765097671890945,1.0
all,0.1800,cross-ppi,15,0.023368123898154874,1.0
all,0.1800,cross-ppi,16,0.02417824140440636,1.0
all,0.1800,cross-ppi,17,0.023482078770755366,1.0
all,0.1800,cross-ppi,18,0.023490197627834747,1.0
all,0.1800,cross-ppi,19,0.023574132098364342,1.0
all,0.1800,cross-ppi,20,0.023862588409227697,1.0
all,0.1800,cross-ppi,21,0.02377363865867932,0.0
all,0.1800,cross-ppi,22,0.02341945057755468,1.0
all,0.1800,cross-ppi,23,0.02403360115913744,1.0
all,0.1800,cross-ppi,24,0.023696841268817992,1.0
all,0.1800,cross-ppi,25,0.023813559314745048,1.0
all,0.1800,cross-ppi,26,0.023298521118099907,1.0
all,0.1800,cross-ppi,27,0.024332921988176826,1.0
all,0.1800,cross-ppi,28,0.0242797063877378,1.0
all,0.1800,cross-ppi,29,0.02337992287526902,1.0
all,0.1800,cross-ppi,30,0.02354397404273656,1.0
all,0.1800,cross-ppi,31,0.02392970230192601,1.0
all,0.1800,cross-ppi,32,0.023645755774866856,1.0
all,0.1800,cross-ppi,33,0.024226373045620503,1.0
all,0.1800,cross-ppi,34,0.023242717123062695,1.0
all,0.1800,cross-ppi,35,0.024110653202503468,1.0
all,0.1800,cross-ppi,36,0.02366781326550149,1.0
all,0.1800,cross-ppi,37,0.023732297967948623,1.0
all,0.1800,cross-ppi,38,0.02415436156649331,1.0
all,0.1800,cross-ppi,39,0.023959410891218114,1.0
all,0.1800,cross-ppi,40,0.023360209425041217,1.0
all,0.1800,cross-ppi,41,0.023521017782226122,1.0
all,0.1800,cross-ppi,42,0.023485487120973425,1.0
all,0.1800,cross-ppi,43,0.023951297042350994,1.0
all,0.1800,cross-ppi,44,0.023708544744644566,1.0
all,0.1800,cross-ppi,45,0.023531685830809584,1.0
all,0.1800,cross-ppi,46,0.02441621409467276,1.0
all,0.1800,cross-ppi,47,0.02394973873623929,1.0
all,0.1800,cross-ppi,48,0.023728212741056076,1.0
all,0.1800,cross-ppi,49,0.023837469449896925,1.0
all,0.1800,cross-ppi,50,0.023508968040420825,1.0
all,0.1800,cross-ppi,51,0.02458356374003645,1.0
all,0.1800,cross-ppi,52,0.022923784604008013,1.0
all,0.1800,cross-ppi,53,0.023331336585040247,1.0
all,0.1800,cross-ppi,54,0.024048112258825943,1.0
all,0.1800,cross-ppi,55,0.02340850040776954,1.0
all,0.1800,cross-ppi,56,0.023919370030536125,1.0
all,0.1800,cross-ppi,57,0.023722754087271092,1.0
all,0.1800,cross-ppi,58,0.023700759931956528,1.0
all,0.1800,cross-ppi,59,0.02422979811975512,1.0
all,0.1800,cross-ppi,60,0.0233297059263029,1.0
all,0.1800,cross-ppi,61,0.023391822777054427,1.0
all,0.1800,cross-ppi,62,0.02360141863623133,1.0
all,0.1800,cross-ppi,63,0.0239080330256195,1.0
all,0.1800,cross-ppi,64,0.023343978862684023,1.0
all,0.1800,cross-ppi,65,0.0234915698466531,1.0
all,0.1800,cross-ppi,66,0.02354225669500931,1.0
all,0.1800,cross-ppi,67,0.02407709130213931,1.0
all,0.1800,cross-ppi,68,0.023824866439036474,1.0
all,0.1800,cross-ppi,69,0.024146086493475688,1.0
all,0.1800,cross-ppi,70,0.023790309789445768,1.0
all,0.1800,cross-ppi,71,0.024026386311982617,1.0
all,0.1800,cross-ppi,72,0.023723649398976393,0.0
all,0.1800,cross-ppi,73,0.023751901221786192,1.0
all,0.1800,cross-ppi,74,0.02334995658752903,1.0
all,0.1800,cross-ppi,75,0.02368009043418795,1.0
all,0.1800,cross-ppi,76,0.02379473004497723,1.0
all,0.1800,cross-ppi,77,0.023513849784290164,1.0
all,0.1800,cross-ppi,78,0.023747399115442658,1.0
all,0.1800,cross-ppi,79,0.02331226581090437,1.0
all,0.1800,cross-ppi,80,0.024114284616932574,1.0
all,0.1800,cross-ppi,81,0.023811433818253236,1.0
all,0.1800,cross-ppi,82,0.02391205930339002,1.0
all,0.1800,cross-ppi,83,0.024072663714972298,1.0
all,0.1800,cross-ppi,84,0.023551640516978112,1.0
all,0.1800,cross-ppi,85,0.023720116690271437,1.0
all,0.1800,cross-ppi,86,0.02389261204634685,1.0
all,0.1800,cross-ppi,87,0.024042464017947657,1.0
all,0.1800,cross-ppi,88,0.023534577865355177,1.0
all,0.1800,cross-ppi,89,0.024363193207680323,1.0
all,0.1800,cross-ppi,90,0.02387485943078224,1.0
all,0.1800,cross-ppi,91,0.023620265184411737,1.0
all,0.1800,cross-ppi,92,0.024386774831710922,1.0
all,0.1800,cross-ppi,93,0.023709593229416265,1.0
all,0.1800,cross-ppi,94,0.023944523736022294,1.0
all,0.1800,cross-ppi,95,0.023869993316838034,1.0
all,0.1800,cross-ppi,96,0.02378706038092393,1.0
all,0.1800,cross-ppi,97,0.023797417280941313,1.0
all,0.1800,cross-ppi,98,0.023869436353158552,1.0
all,0.1800,cross-ppi,99,0.024453631124835118,1.0
all,0.1800,cross-ppi,100,0.02404596480016949,1.0
all,0.1800,cross-ppi,101,0.02366583847227796,1.0
all,0.1800,cross-ppi,102,0.02374344478829471,1.0
all,0.1800,cross-ppi,103,0.023320517260582818,1.0
all,0.1800,cross-ppi,104,0.024422030250918048,1.0
all,0.1800,cross-ppi,105,0.02452015390985851,1.0
all,0.1800,cross-ppi,106,0.023117202290491634,1.0
all,0.1800,cross-ppi,107,0.023775912754242845,1.0
all,0.1800,cross-ppi,108,0.02434993279946307,0.0
all,0.1800,cross-ppi,109,0.023068148567870955,1.0
all,0.1800,cross-ppi,110,0.023573951399977755,1.0
all,0.1800,cross-ppi,111,0.024616144352666458,1.0
all,0.1800,cross-ppi,112,0.024093420037440527,1.0
all,0.1800,cross-ppi,113,0.02363833358726941,1.0
all,0.1800,cross-ppi,114,0.024002726972867094,1.0
all,0.1800,cross-ppi,115,0.023764291124860365,1.0
all,0.1800,cross-ppi,116,0.024206291419716863,1.0
all,0.1800,cross-ppi,117,0.023810851253639798,1.0
all,0.1800,cross-ppi,118,0.023684237856341578,1.0
all,0.1800,cross-ppi,119,0.0240076063059933,1.0
all,0.1800,cross-ppi,120,0.02401285710566603,1.0
all,0.1800,cross-ppi,121,0.02353551489561978,1.0
all,0.1800,cross-ppi,122,0.023552855652699045,1.0
all,0.1800,cross-ppi,123,0.023792194592877264,1.0
all,0.1800,cross-ppi,124,0.023915558131004294,1.0
all,0.1800,cross-ppi,125,0.023381112447059094,1.0
all,0.1800,cross-ppi,126,0.023972516632898344,1.0
all,0.1800,cross-ppi,127,0.023993370305961825,1.0
all,0.1800,cross-ppi,128,0.02394213462932762,1.0
all,0.1800,cross-ppi,129,0.02347772810998225,1.0
all,0.1800,cross-ppi,130,0.024384536837900206,1.0
all,0.1800,cross-ppi,131,0.023565662165919044,1.0
all,0.1800,cross-ppi,132,0.023616817142899288,1.0
all,0.1800,cross-ppi,133,0.02352632459766904,1.0
all,0.1800,cross-ppi,134,0.023404469979273618,1.0
all,0.1800,cross-ppi,135,0.02396284243672117,1.0
all,0.1800,cross-ppi,136,0.023534672872140533,1.0
all,0.1800,cross-ppi,137,0.02404680733506903,1.0
all,0.1800,cross-ppi,138,0.023912635357327683,1.0
all,0.1800,cross-ppi,139,0.0242951375770587,1.0
all,0.1800,cross-ppi,140,0.02357326663456774,1.0
all,0.1800,cross-ppi,141,0.024161962881343868,1.0
all,0.1800,cross-ppi,142,0.02392672582306457,1.0
all,0.1800,cross-ppi,143,0.024074038993209035,1.0
all,0.1800,cross-ppi,144,0.024306814408675437,1.0
all,0.1800,cross-ppi,145,0.023323212888663458,1.0
all,0.1800,cross-ppi,146,0.023486503465741326,1.0
all,0.1800,cross-ppi,147,0.02330768163375163,1.0
all,0.1800,cross-ppi,148,0.023242956537430165,1.0
all,0.1800,cross-ppi,149,0.023497763225955093,1.0
all,0.1800,cross-ppi,150,0.024160378545705158,1.0
all,0.1800,cross-ppi,151,0.02410652196342211,1.0
all,0.1800,cross-ppi,152,0.023585911613358768,1.0
all,0.1800,cross-ppi,153,0.02370083689047886,1.0
all,0.1800,cross-ppi,154,0.023656692539950397,1.0
all,0.1800,cross-ppi,155,0.02381273727006794,1.0
all,0.1800,cross-ppi,156,0.02325473462415875,1.0
all,0.1800,cross-ppi,157,0.024014919458116513,1.0
all,0.1800,cross-ppi,158,0.024002677232070724,1.0
all,0.1800,cross-ppi,159,0.024001678669969245,1.0
all,0.1800,cross-ppi,160,0.024055555643486937,1.0
all,0.1800,cross-ppi,161,0.023876679462404682,1.0
all,0.1800,cross-ppi,162,0.024141240487308147,1.0
all,0.1800,cross-ppi,163,0.023557050969769094,1.0
all,0.1800,cross-ppi,164,0.023335444945897094,0.0
all,0.1800,cross-ppi,165,0.023729634220665208,1.0
all,0.1800,cross-ppi,166,0.02416538395487014,1.0
all,0.1800,cross-ppi,167,0.023825529628545006,1.0
all,0.1800,cross-ppi,168,0.023693244079866616,1.0
all,0.1800,cross-ppi,169,0.023286151888923468,1.0
all,0.1800,cross-ppi,170,0.024413553236785623,1.0
all,0.1800,cross-ppi,171,0.024012109330902726,1.0
all,0.1800,cross-ppi,172,0.02420553946017598,1.0
all,0.1800,cross-ppi,173,0.02339515893702057,1.0
all,0.1800,cross-ppi,174,0.023919282324892932,1.0
all,0.1800,cross-ppi,175,0.023328483366128916,1.0
all,0.1800,cross-ppi,176,0.02347499887698845,1.0
all,0.1800,cross-ppi,177,0.024259319708225258,1.0
all,0.1800,cross-ppi,178,0.023557197578693595,1.0
all,0.1800,cross-ppi,179,0.02394263193944557,1.0
all,0.1800,cross-ppi,180,0.024095857364275802,1.0
all,0.1800,cross-ppi,181,0.02399107441953019,1.0
all,0.1800,cross-ppi,182,0.02373353304656614,1.0
all,0.1800,cross-ppi,183,0.023683210821419665,1.0
all,0.1800,cross-ppi,184,0.024179299671945348,1.0
all,0.1800,cross-ppi,185,0.02321521454605549,1.0
all,0.1800,cross-ppi,186,0.02380161145785986,1.0
all,0.1800,cross-ppi,187,0.023969215091504736,1.0
all,0.1800,cross-ppi,188,0.023493953520551947,1.0
all,0.1800,cross-ppi,189,0.023608399105199712,1.0
all,0.1800,cross-ppi,190,0.02366381195455647,1.0
all,0.1800,cross-ppi,191,0.023884578106485366,1.0
all,0.1800,cross-ppi,192,0.023302487641111203,1.0
all,0.1800,cross-ppi,193,0.02439221712159112,1.0
all,0.1800,cross-ppi,194,0.02406182528167311,1.0
all,0.1800,cross-ppi,195,0.02338510084757764,0.0
all,0.1800,cross-ppi,196,0.02375223288663353,1.0
all,0.1800,cross-ppi,197,0.024559798842200387,1.0
all,0.1800,cross-ppi,198,0.024722576296537624,1.0
all,0.1800,cross-ppi,199,0.024332016862384148,1.0
all,0.1800,cross-ppi,200,0.023524475674940898,1.0
all,0.1800,cross-ppi,201,0.02338256329973651,1.0
all,0.1800,cross-ppi,202,0.024097238335847315,1.0
all,0.1800,cross-ppi,203,0.023570087054753164,1.0
all,0.1800,cross-ppi,204,0.023896735408034414,1.0
all,0.1800,cross-ppi,205,0.024487610639538082,1.0
all,0.1800,cross-ppi,206,0.023634608004471452,1.0
all,0.1800,cross-ppi,207,0.02336652536478892,1.0
all,0.1800,cross-ppi,208,0.02460889046421566,1.0
all,0.1800,cross-ppi,209,0.023697346870709568,1.0
all,0.1800,cross-ppi,210,0.023708914452113455,1.0
all,0.1800,cross-ppi,211,0.024143650495267427,1.0
all,0.1800,cross-ppi,212,0.023226560071119673,1.0
all,0.1800,cross-ppi,213,0.023227881952442853,1.0
all,0.1800,cross-ppi,214,0.023349663279710775,1.0
all,0.1800,cross-ppi,215,0.024028142167366262,1.0
all,0.1800,cross-ppi,216,0.023219903677749704,1.0
all,0.1800,cross-ppi,217,0.023965476713646017,1.0
all,0.1800,cross-ppi,218,0.02353053266704319,1.0
all,0.1800,cross-ppi,219,0.023452749084516333,1.0
all,0.1800,cross-ppi,220,0.023676629044352415,1.0
all,0.1800,cross-ppi,221,0.023740576014323445,1.0
all,0.1800,cross-ppi,222,0.02335261820714049,1.0
all,0.1800,cross-ppi,223,0.024053223736999363,1.0
all,0.1800,cross-ppi,224,0.023671973909158178,1.0
all,0.1800,cross-ppi,225,0.023666826942672275,1.0
all,0.1800,cross-ppi,226,0.023461704593282784,1.0
all,0.1800,cross-ppi,227,0.023813304517150358,1.0
all,0.1800,cross-ppi,228,0.023993022260761165,1.0
all,0.1800,cross-ppi,229,0.024221817855637706,1.0
all,0.1800,cross-ppi,230,0.02381233226303847,1.0
all,0.1800,cross-ppi,231,0.02342726333346412,1.0
all,0.1800,cross-ppi,232,0.024035678173669583,1.0
all,0.1800,cross-ppi,233,0.02342201321266743,1.0
all,0.1800,cross-ppi,234,0.023795047657331286,1.0
all,0.1800,cross-ppi,235,0.02296472715836506,1.0
all,0.1800,cross-ppi,236,0.02310288651910608,1.0
all,0.1800,cross-ppi,237,0.023478432696176554,1.0
all,0.1800,cross-ppi,238,0.023844810450075138,1.0
all,0.1800,cross-ppi,239,0.023983658200813385,1.0
all,0.1800,cross-ppi,240,0.02386764674912334,1.0
all,0.1800,cross-ppi,241,0.023876509877168606,1.0
all,0.1800,cross-ppi,242,0.02397405886051643,1.0
all,0.1800,cross-ppi,243,0.023893920078819075,0.0
all,0.1800,cross-ppi,244,0.02378496978893796,1.0
all,0.1800,cross-ppi,245,0.024075106315589845,1.0
all,0.1800,cross-ppi,246,0.02337200053234867,1.0
all,0.1800,cross-ppi,247,0.024225145517442037,1.0
all,0.1800,cross-ppi,248,0.023979111001629083,1.0
all,0.1800,cross-ppi,249,0.024034689826392786,1.0
all,0.1800,cross-ppi,250,0.024410584786689227,1.0
all,0.1800,cross-ppi,251,0.023486879241865516,1.0
all,0.1800,cross-ppi,252,0.02370386374637115,1.0
all,0.1800,cross-ppi,253,0.024087126207299137,1.0
all,0.1800,cross-ppi,254,0.023632731078062408,1.0
all,0.1800,cross-ppi,255,0.023673949282176837,1.0
all,0.1800,cross-ppi,256,0.023833196083855673,1.0
all,0.1800,cross-ppi,257,0.023688370546026988,1.0
all,0.1800,cross-ppi,258,0.02353029345915747,1.0
all,0.1800,cross-ppi,259,0.02411505032678829,1.0
all,0.1800,cross-ppi,260,0.02399106797519021,1.0
all,0.1800,cross-ppi,261,0.02383560408372798,1.0
all,0.1800,cross-ppi,262,0.023514151595668747,1.0
all,0.1800,cross-ppi,263,0.02366386142715049,1.0
all,0.1800,cross-ppi,264,0.023690413841326058,1.0
all,0.1800,cross-ppi,265,0.02419778314246046,1.0
all,0.1800,cross-ppi,266,0.02441861738631257,1.0
all,0.1800,cross-ppi,267,0.02359396497179067,1.0
all,0.1800,cross-ppi,268,0.023751832451141652,1.0
all,0.1800,cross-ppi,269,0.023835638664843534,1.0
all,0.1800,cross-ppi,270,0.02334959700730868,1.0
all,0.1800,cross-ppi,271,0.023677856170042894,1.0
all,0.1800,cross-ppi,272,0.023366270462262778,1.0
all,0.1800,cross-ppi,273,0.023495610741998213,1.0
all,0.1800,cross-ppi,274,0.02381449926049395,1.0
all,0.1800,cross-ppi,275,0.023720761993667572,1.0
all,0.1800,cross-ppi,276,0.023734750481347655,1.0
all,0.1800,cross-ppi,277,0.02402555066686307,1.0
all,0.1800,cross-ppi,278,0.02408449922384681,1.0
all,0.1800,cross-ppi,279,0.023808278602444166,1.0
all,0.1800,cross-ppi,280,0.02410196531906106,1.0
all,0.1800,cross-ppi,281,0.023474940669699906,1.0
all,0.1800,cross-ppi,282,0.023934034331369092,1.0
all,0.1800,cross-ppi,283,0.02414785491160565,1.0
all,0.1800,cross-ppi,284,0.022936673419080456,1.0
all,0.1800,cross-ppi,285,0.023684598747814256,1.0
all,0.1800,cross-ppi,286,0.02328434441679128,1.0
all,0.1800,cross-ppi,287,0.024229633375681514,1.0
all,0.1800,cross-ppi,288,0.023958649136573973,1.0
all,0.1800,cross-ppi,289,0.023417848944490616,1.0
all,0.1800,cross-ppi,290,0.023520315862252533,1.0
all,0.1800,cross-ppi,291,0.024197024632529263,1.0
all,0.1800,cross-ppi,292,0.02372937108394299,1.0
all,0.1800,cross-ppi,293,0.023511924048672417,1.0
all,0.1800,cross-ppi,294,0.02409760755293966,1.0
all,0.1800,cross-ppi,295,0.023776308734875823,1.0
all,0.1800,cross-ppi,296,0.023913450892483534,1.0
all,0.1800,cross-ppi,297,0.023326603445007144,1.0
all,0.1800,cross-ppi,298,0.02359816297680209,1.0
all,0.1800,cross-ppi,299,0.022857787856471856,1.0
all,0.1800,cross-ppi,300,0.024118634359895808,1.0
all,0.1800,cross-ppi,301,0.0233013711252672,1.0
all,0.1800,cross-ppi,302,0.023664076218418817,1.0
all,0.1800,cross-ppi,303,0.023859354522601572,1.0
all,0.1800,cross-ppi,304,0.024352128786425786,1.0
all,0.1800,cross-ppi,305,0.02401775690232777,1.0
all,0.1800,cross-ppi,306,0.02371385881081689,1.0
all,0.1800,cross-ppi,307,0.023705757644556485,1.0
all,0.1800,cross-ppi,308,0.02373804650830358,1.0
all,0.1800,cross-ppi,309,0.02425483216694324,1.0
all,0.1800,cross-ppi,310,0.0234478274314025,1.0
all,0.1800,cross-ppi,311,0.023921508256138146,1.0
all,0.1800,cross-ppi,312,0.02336935354236558,1.0
all,0.1800,cross-ppi,313,0.02407549453419655,1.0
all,0.1800,cross-ppi,314,0.023571100594589806,1.0
all,0.1800,cross-ppi,315,0.024268293505287364,1.0
all,0.1800,cross-ppi,316,0.02367345909337326,1.0
all,0.1800,cross-ppi,317,0.02402842672254213,1.0
all,0.1800,cross-ppi,318,0.023405374942830126,1.0
all,0.1800,cross-ppi,319,0.024053396054776743,1.0
all,0.1800,cross-ppi,320,0.023857593585241754,1.0
all,0.1800,cross-ppi,321,0.024317117798646315,1.0
all,0.1800,cross-ppi,322,0.02394241758819593,1.0
all,0.1800,cross-ppi,323,0.024137545067051347,1.0
all,0.1800,cross-ppi,324,0.023724446910122765,1.0
all,0.1800,cross-ppi,325,0.023850042265881166,1.0
all,0.1800,cross-ppi,326,0.023675076422738917,1.0
all,0.1800,cross-ppi,327,0.023890796853365925,1.0
all,0.1800,cross-ppi,328,0.02320096756780246,1.0
all,0.1800,cross-ppi,329,0.024396822684249586,1.0
all,0.1800,cross-ppi,330,0.024026734613401435,1.0
all,0.1800,cross-ppi,331,0.023564949543249614,1.0
all,0.1800,cross-ppi,332,0.023668593668340288,1.0
all,0.1900,cross-ppi,0,0.023594915206030187,1.0
all,0.1900,cross-ppi,1,0.0231946791523914,1.0
all,0.1900,cross-ppi,2,0.023342917661587664,1.0
all,0.1900,cross-ppi,3,0.022990757309685028,1.0
all,0.1900,cross-ppi,4,0.023945769153874363,1.0
all,0.1900,cross-ppi,5,0.02405348564569454,1.0
all,0.1900,cross-ppi,6,0.02265068315356636,1.0
all,0.1900,cross-ppi,7,0.023582622341590587,1.0
all,0.1900,cross-ppi,8,0.023905390570666207,0.0
all,0.1900,cross-ppi,9,0.02256135148045771,1.0
all,0.1900,cross-ppi,10,0.023061213673693598,1.0
all,0.1900,cross-ppi,11,0.023980966216971877,1.0
all,0.1900,cross-ppi,12,0.02351408578773495,1.0
all,0.1900,cross-ppi,13,0.023180709949789824,1.0
all,0.1900,cross-ppi,14,0.023597711508533376,1.0
all,0.1900,cross-ppi,15,0.023314477620573038,1.0
all,0.1900,cross-ppi,16,0.023735810282910608,1.0
all,0.1900,cross-ppi,17,0.02329143479237128,1.0
all,0.1900,cross-ppi,18,0.023179213165665402,1.0
all,0.1900,cross-ppi,19,0.023473682982842692,1.0
all,0.1900,cross-ppi,20,0.02341697062801329,1.0
all,0.1900,cross-ppi,21,0.02301210794663311,1.0
all,0.1900,cross-ppi,22,0.02323540815177383,1.0
all,0.1900,cross-ppi,23,0.02321014820969869,1.0
all,0.1900,cross-ppi,24,0.02349418659561678,1.0
all,0.1900,cross-ppi,25,0.02299236467895041,1.0
all,0.1900,cross-ppi,26,0.0234065685032252,1.0
all,0.1900,cross-ppi,27,0.02344307238509824,1.0
all,0.1900,cross-ppi,28,0.023516979613703914,1.0
all,0.1900,cross-ppi,29,0.023005297765744864,1.0
all,0.1900,cross-ppi,30,0.023890602401063776,1.0
all,0.1900,cross-ppi,31,0.02306763014230162,1.0
all,0.1900,cross-ppi,32,0.023247397222159738,1.0
all,0.1900,cross-ppi,33,0.023089613138099985,1.0
all,0.1900,cross-ppi,34,0.02286890873822678,1.0
all,0.1900,cross-ppi,35,0.02344393003926379,1.0
all,0.1900,cross-ppi,36,0.023105099001292123,1.0
all,0.1900,cross-ppi,37,0.02354711513338048,1.0
all,0.1900,cross-ppi,38,0.023319288794053872,1.0
all,0.1900,cross-ppi,39,0.02386393170809431,1.0
all,0.1900,cross-ppi,40,0.02301562960710024,1.0
all,0.1900,cross-ppi,41,0.023725937495801985,1.0
all,0.1900,cross-ppi,42,0.023422048848997123,1.0
all,0.1900,cross-ppi,43,0.023615372966465098,1.0
all,0.1900,cross-ppi,44,0.023677468972400084,1.0
all,0.1900,cross-ppi,45,0.022917246650071776,0.0
all,0.1900,cross-ppi,46,0.022955745064523886,1.0
all,0.1900,cross-ppi,47,0.023019606609092746,1.0
all,0.1900,cross-ppi,48,0.022853450829679822,1.0
all,0.1900,cross-ppi,49,0.0232308814318124,1.0
all,0.1900,cross-ppi,50,0.02362397582563905,1.0
all,0.1900,cross-ppi,51,0.023558043203774637,1.0
all,0.1900,cross-ppi,52,0.023055527198255876,1.0
all,0.1900,cross-ppi,53,0.02314168993642074,1.0
all,0.1900,cross-ppi,54,0.023307520896171136,1.0
all,0.1900,cross-ppi,55,0.02323179642688622,1.0
all,0.1900,cross-ppi,56,0.022785031605960043,1.0
all,0.1900,cross-ppi,57,0.02367624021543735,1.0
all,0.1900,cross-ppi,58,0.023643490027976694,1.0
all,0.1900,cross-ppi,59,0.023603064832277837,1.0
all,0.1900,cross-ppi,60,0.02343977429276256,1.0
all,0.1900,cross-ppi,61,0.02335740484614912,1.0
all,0.1900,cross-ppi,62,0.0237926304123878,1.0
all,0.1900,cross-ppi,63,0.02306089741331574,1.0
all,0.1900,cross-ppi,64,0.022919355359168975,1.0
all,0.1900,cross-ppi,65,0.023415406521286375,1.0
all,0.1900,cross-ppi,66,0.023807128711932246,1.0
all,0.1900,cross-ppi,67,0.023356083045521087,1.0
all,0.1900,cross-ppi,68,0.023178426860819723,1.0
all,0.1900,cross-ppi,69,0.022944251364415913,1.0
all,0.1900,cross-ppi,70,0.02388542883741729,1.0
all,0.1900,cross-ppi,71,0.023595258568646,1.0
all,0.1900,cross-ppi,72,0.023636022162704357,1.0
all,0.1900,cross-ppi,73,0.02294171901027761,1.0
all,0.1900,cross-ppi,74,0.023600924843384385,1.0
all,0.1900,cross-ppi,75,0.022858999833229282,1.0
all,0.1900,cross-ppi,76,0.023014091807098652,1.0
all,0.1900,cross-ppi,77,0.023731689028254843,1.0
all,0.1900,cross-ppi,78,0.023051619207431373,1.0
all,0.1900,cross-ppi,79,0.02356209432495482,1.0
all,0.1900,cross-ppi,80,0.02354668569863083,1.0
all,0.1900,cross-ppi,81,0.023509131256452598,1.0
all,0.1900,cross-ppi,82,0.02333251252264848,1.0
all,0.1900,cross-ppi,83,0.02337441440408161,1.0
all,0.1900,cross-ppi,84,0.023688518611863135,1.0
all,0.1900,cross-ppi,85,0.02284486142292741,1.0
all,0.1900,cross-ppi,86,0.023391545767300292,1.0
all,0.1900,cross-ppi,87,0.023371284029558237,1.0
all,0.1900,cross-ppi,88,0.022970955873850896,1.0
all,0.1900,cross-ppi,89,0.02317208978738927,1.0
all,0.1900,cross-ppi,90,0.023161477729165214,1.0
all,0.1900,cross-ppi,91,0.023430152144255367,1.0
all,0.1900,cross-ppi,92,0.022904511911136655,1.0
all,0.1900,cross-ppi,93,0.02377585017180761,1.0
all,0.1900,cross-ppi,94,0.02368339971529343,1.0
all,0.1900,cross-ppi,95,0.022919678077462508,0.0
all,0.1900,cross-ppi,96,0.023172795608361746,1.0
all,0.1900,cross-ppi,97,0.024131041080173055,1.0
all,0.1900,cross-ppi,98,0.02424520601253255,1.0
all,0.1900,cross-ppi,99,0.023668084572608605,1.0
all,0.1900,cross-ppi,100,0.02299679012257383,1.0
all,0.1900,cross-ppi,101,0.02287395058452424,1.0
all,0.1900,cross-ppi,102,0.02353834830076365,1.0
all,0.1900,cross-ppi,103,0.023314746203026426,1.0
all,0.1900,cross-ppi,104,0.023446240438030563,1.0
all,0.1900,cross-ppi,105,0.024028940165863655,1.0
all,0.1900,cross-ppi,106,0.023102588825210296,1.0
all,0.1900,cross-ppi,107,0.022805700431258513,1.0
all,0.1900,cross-ppi,108,0.024073635430177626,1.0
all,0.1900,cross-ppi,109,0.023232020403025994,1.0
all,0.1900,cross-ppi,110,0.02328360081796263,0.0
all,0.1900,cross-ppi,111,0.023562652735365147,1.0
all,0.1900,cross-ppi,112,0.022730781648095055,1.0
all,0.1900,cross-ppi,113,0.022927207779196906,1.0
all,0.1900,cross-ppi,114,0.022927845503108224,1.0
all,0.1900,cross-ppi,115,0.02359423580520134,1.0
all,0.1900,cross-ppi,116,0.0228414290693173,1.0
all,0.1900,cross-ppi,117,0.023630762128898586,1.0
all,0.1900,cross-ppi,118,0.023189671006064477,1.0
all,0.1900,cross-ppi,119,0.02313825062329178,1.0
all,0.1900,cross-ppi,120,0.023038916953500244,1.0
all,0.1900,cross-ppi,121,0.023437025317781246,1.0
all,0.1900,cross-ppi,122,0.02306142141170417,1.0
all,0.1900,cross-ppi,123,0.02354191933476113,1.0
all,0.1900,cross-ppi,124,0.02302218731833447,1.0
all,0.1900,cross-ppi,125,0.02326015075550547,1.0
all,0.1900,cross-ppi,126,0.023087076578534593,1.0
all,0.1900,cross-ppi,127,0.02344101157352463,1.0
all,0.1900,cross-ppi,128,0.023549686836971118,1.0
all,0.1900,cross-ppi,129,0.023698024663012074,1.0
all,0.1900,cross-ppi,130,0.023298424823221642,1.0
all,0.1900,cross-ppi,131,0.02298598096911353,1.0
all,0.1900,cross-ppi,132,0.023542370912946864,1.0
all,0.1900,cross-ppi,133,0.022950523617383145,1.0
all,0.1900,cross-ppi,134,0.02347060700711867,1.0
all,0.1900,cross-ppi,135,0.022511788961554036,1.0
all,0.1900,cross-ppi,136,0.02268458821320507,1.0
all,0.1900,cross-ppi,137,0.02301558950343341,1.0
all,0.1900,cross-ppi,138,0.023419979738952046,1.0
all,0.1900,cross-ppi,139,0.023667341236610517,1.0
all,0.1900,cross-ppi,140,0.023507637047672003,1.0
all,0.1900,cross-ppi,141,0.02330430983979248,1.0
all,0.1900,cross-ppi,142,0.02345532649500459,1.0
all,0.1900,cross-ppi,143,0.02339196174733138,0.0
all,0.1900,cross-ppi,144,0.02339491387772974,1.0
all,0.1900,cross-ppi,145,0.02351744028160152,1.0
all,0.1900,cross-ppi,146,0.022986680379801117,1.0
all,0.1900,cross-ppi,147,0.023761921273511954,1.0
all,0.1900,cross-ppi,148,0.02344366485922375,1.0
all,0.1900,cross-ppi,149,0.023546441821295838,1.0
all,0.1900,cross-ppi,150,0.023795411967834745,1.0
all,0.1900,cross-ppi,151,0.023093705574958073,1.0
all,0.1900,cross-ppi,152,0.02323525542141569,1.0
all,0.1900,cross-ppi,153,0.023737183999996997,1.0
all,0.1900,cross-ppi,154,0.02318624491591506,1.0
all,0.1900,cross-ppi,155,0.0231394233833028,1.0
all,0.1900,cross-ppi,156,0.02333239717595792,1.0
all,0.1900,cross-ppi,157,0.023205018278502854,1.0
all,0.1900,cross-ppi,158,0.02315604720830791,1.0
all,0.1900,cross-ppi,159,0.023521218406916233,1.0
all,0.1900,cross-ppi,160,0.0235254044961114,1.0
all,0.1900,cross-ppi,161,0.023487398823175187,1.0
all,0.1900,cross-ppi,162,0.023208685945136254,1.0
all,0.1900,cross-ppi,163,0.02321466980470932,1.0
all,0.1900,cross-ppi,164,0.02321551450133741,1.0
all,0.1900,cross-ppi,165,0.02380942586795909,1.0
all,0.1900,cross-ppi,166,0.023828872187309336,1.0
all,0.1900,cross-ppi,167,0.023150421642185143,1.0
all,0.1900,cross-ppi,168,0.023400976323539546,1.0
all,0.1900,cross-ppi,169,0.023374025047006586,1.0
all,0.1900,cross-ppi,170,0.022877724774839625,1.0
all,0.1900,cross-ppi,171,0.02324345217190149,1.0
all,0.1900,cross-ppi,172,0.022999844848846124,1.0
all,0.1900,cross-ppi,173,0.023047087895540108,1.0
all,0.1900,cross-ppi,174,0.02323905598396067,1.0
all,0.1900,cross-ppi,175,0.023335967569892313,1.0
all,0.1900,cross-ppi,176,0.023195556746727908,1.0
all,0.1900,cross-ppi,177,0.02349431088145748,1.0
all,0.1900,cross-ppi,178,0.023551503091024467,1.0
all,0.1900,cross-ppi,179,0.023293093784722774,1.0
all,0.1900,cross-ppi,180,0.023538141658030115,1.0
all,0.1900,cross-ppi,181,0.02317068383379539,1.0
all,0.1900,cross-ppi,182,0.023512003929269526,1.0
all,0.1900,cross-ppi,183,0.023553689669790212,1.0
all,0.1900,cross-ppi,184,0.02247238554174505,1.0
all,0.1900,cross-ppi,185,0.023307715169791993,1.0
all,0.1900,cross-ppi,186,0.022983504159391988,1.0
all,0.1900,cross-ppi,187,0.02388139720726401,1.0
all,0.1900,cross-ppi,188,0.023614570889043618,1.0
all,0.1900,cross-ppi,189,0.023070523524410746,1.0
all,0.1900,cross-ppi,190,0.023154350766281362,1.0
all,0.1900,cross-ppi,191,0.023791121519444375,1.0
all,0.1900,cross-ppi,192,0.02343713741910139,1.0
all,0.1900,cross-ppi,193,0.023000887700960093,1.0
all,0.1900,cross-ppi,194,0.023569199479418157,1.0
all,0.1900,cross-ppi,195,0.02327800682081596,1.0
all,0.1900,cross-ppi,196,0.02345304563338979,1.0
all,0.1900,cross-ppi,197,0.02285923525655431,1.0
all,0.1900,cross-ppi,198,0.02305655451402233,1.0
all,0.1900,cross-ppi,199,0.02249416935528581,1.0
all,0.1900,cross-ppi,200,0.023498757037223483,1.0
all,0.1900,cross-ppi,201,0.023029308913555285,1.0
all,0.1900,cross-ppi,202,0.023142227616386596,1.0
all,0.1900,cross-ppi,203,0.023328726651867554,1.0
all,0.1900,cross-ppi,204,0.023734542508680234,1.0
all,0.1900,cross-ppi,205,0.023400601597932447,1.0
all,0.1900,cross-ppi,206,0.02321084901670198,1.0
all,0.1900,cross-ppi,207,0.023199613278887282,1.0
all,0.1900,cross-ppi,208,0.023291090101389383,1.0
all,0.1900,cross-ppi,209,0.023687794411069163,1.0
all,0.1900,cross-ppi,210,0.02316556157887581,1.0
all,0.1900,cross-ppi,211,0.023425590172763716,1.0
all,0.1900,cross-ppi,212,0.023034376233290493,1.0
all,0.1900,cross-ppi,213,0.0235431102211483,1.0
all,0.1900,cross-ppi,214,0.023003696199463408,1.0
all,0.1900,cross-ppi,215,0.02380119601589492,1.0
all,0.1900,cross-ppi,216,0.02316005793916176,1.0
all,0.1900,cross-ppi,217,0.023506226717917023,1.0
all,0.1900,cross-ppi,218,0.023035356254852563,1.0
all,0.1900,cross-ppi,219,0.02347760151713396,1.0
all,0.1900,cross-ppi,220,0.02339955841116592,1.0
all,0.1900,cross-ppi,221,0.023767751347166133,1.0
all,0.1900,cross-ppi,222,0.023489792362399453,1.0
all,0.1900,cross-ppi,223,0.023788860179507848,1.0
all,0.1900,cross-ppi,224,0.023479183736067277,1.0
all,0.1900,cross-ppi,225,0.023424663260028317,1.0
all,0.1900,cross-ppi,226,0.023165309436778747,1.0
all,0.1900,cross-ppi,227,0.023400175978856685,1.0
all,0.1900,cross-ppi,228,0.022713320230536266,1.0
all,0.1900,cross-ppi,229,0.02384401234806255,1.0
all,0.1900,cross-ppi,230,0.023573222043080433,1.0
all,0.1900,cross-ppi,231,0.023139415135562724,1.0
all,0.1900,cross-ppi,232,0.02324214036675773,1.0
all,0.1900,cross-ppi,233,0.02396063307708962,1.0
all,0.1900,cross-ppi,234,0.023568342560730343,1.0
all,0.1900,cross-ppi,235,0.02395861501903973,1.0
all,0.1900,cross-ppi,236,0.02334370647791828,1.0
all,0.1900,cross-ppi,237,0.02340453919822294,1.0
all,0.1900,cross-ppi,238,0.023501063032735914,1.0
all,0.1900,cross-ppi,239,0.022896212471628763,1.0
all,0.1900,cross-ppi,240,0.023557246324674708,1.0
all,0.1900,cross-ppi,241,0.02320180787050008,1.0
all,0.1900,cross-ppi,242,0.023575830263640046,1.0
all,0.1900,cross-ppi,243,0.023356910162772304,1.0
all,0.1900,cross-ppi,244,0.02333659160951085,1.0
all,0.1900,cross-ppi,245,0.02294575224871631,1.0
all,0.1900,cross-ppi,246,0.02306780575349543,1.0
all,0.1900,cross-ppi,247,0.023832156563348805,1.0
all,0.1900,cross-ppi,248,0.023360877278555847,1.0
all,0.1900,cross-ppi,249,0.023479593438956448,1.0
all,0.1900,cross-ppi,250,0.02386397842374699,1.0
all,0.1900,cross-ppi,251,0.02320938811925441,1.0
all,0.1900,cross-ppi,252,0.022578794976453403,1.0
all,0.1900,cross-ppi,253,0.02365179390506611,1.0
all,0.1900,cross-ppi,254,0.02303876029902896,1.0
all,0.1900,cross-ppi,255,0.022781872112780377,1.0
all,0.1900,cross-ppi,256,0.023418185371240074,1.0
all,0.1900,cross-ppi,257,0.023401326385215943,1.0
all,0.1900,cross-ppi,258,0.02270757220190489,1.0
all,0.1900,cross-ppi,259,0.02334997139553449,1.0
all,0.1900,cross-ppi,260,0.023272057334131957,1.0
all,0.1900,cross-ppi,261,0.023082649228734042,1.0
all,0.1900,cross-ppi,262,0.023342562136650535,1.0
all,0.1900,cross-ppi,263,0.023335375228767496,1.0
all,0.1900,cross-ppi,264,0.02328767076251581,1.0
all,0.1900,cross-ppi,265,0.023055516945577975,1.0
all,0.1900,cross-ppi,266,0.02324515522794346,1.0
all,0.1900,cross-ppi,267,0.02289239908523566,1.0
all,0.1900,cross-ppi,268,0.023321650447574283,1.0
all,0.1900,cross-ppi,269,0.022615358708494182,1.0
all,0.1900,cross-ppi,270,0.023332773697650522,1.0
all,0.1900,cross-ppi,271,0.02326263669459938,1.0
all,0.1900,cross-ppi,272,0.023683679922016004,1.0
all,0.1900,cross-ppi,273,0.02379580951517224,1.0
all,0.1900,cross-ppi,274,0.023487224399305173,1.0
all,0.1900,cross-ppi,275,0.023119882161845573,1.0
all,0.1900,cross-ppi,276,0.02346022902642156,1.0
all,0.1900,cross-ppi,277,0.023052250716556283,1.0
all,0.1900,cross-ppi,278,0.023413923668436087,1.0
all,0.1900,cross-ppi,279,0.023302949056937777,1.0
all,0.1900,cross-ppi,280,0.02293771602964409,1.0
all,0.1900,cross-ppi,281,0.02323180873236519,1.0
all,0.1900,cross-ppi,282,0.022901993210287852,1.0
all,0.1900,cross-ppi,283,0.023211557896549828,1.0
all,0.1900,cross-ppi,284,0.023561896378564984,1.0
all,0.1900,cross-ppi,285,0.02294706598207008,1.0
all,0.1900,cross-ppi,286,0.024016545618095853,0.0
all,0.1900,cross-ppi,287,0.023261976440843934,1.0
all,0.1900,cross-ppi,288,0.023279161735307863,1.0
all,0.1900,cross-ppi,289,0.02307898466096081,1.0
all,0.1900,cross-ppi,290,0.02347327269501351,1.0
all,0.1900,cross-ppi,291,0.023267764148893866,1.0
all,0.1900,cross-ppi,292,0.02341448141917757,1.0
all,0.1900,cross-ppi,293,0.022783450243307635,1.0
all,0.1900,cross-ppi,294,0.023390660623361703,1.0
all,0.1900,cross-ppi,295,0.023448557479149423,0.0
all,0.1900,cross-ppi,296,0.023861156874028927,1.0
all,0.1900,cross-ppi,297,0.02338590515199135,1.0
all,0.1900,cross-ppi,298,0.02375598430607595,1.0
all,0.1900,cross-ppi,299,0.023076035590326782,1.0
all,0.1900,cross-ppi,300,0.02297082369264125,1.0
all,0.1900,cross-ppi,301,0.023375814550978508,1.0
all,0.1900,cross-ppi,302,0.023239751355696114,1.0
all,0.1900,cross-ppi,303,0.02329299063675261,1.0
all,0.1900,cross-ppi,304,0.023082987532484167,1.0
all,0.1900,cross-ppi,305,0.02297835201364784,1.0
all,0.1900,cross-ppi,306,0.023712740460548165,1.0
all,0.1900,cross-ppi,307,0.023853241079829668,1.0
all,0.1900,cross-ppi,308,0.023408448300351936,1.0
all,0.1900,cross-ppi,309,0.02296733136120996,1.0
all,0.1900,cross-ppi,310,0.023447987703426376,1.0
all,0.1900,cross-ppi,311,0.02343723160750133,1.0
all,0.1900,cross-ppi,312,0.02369784046950152,1.0
all,0.1900,cross-ppi,313,0.02354798303917441,1.0
all,0.1900,cross-ppi,314,0.02313868615344139,1.0
all,0.1900,cross-ppi,315,0.023394755236025633,1.0
all,0.1900,cross-ppi,316,0.0233770847231064,1.0
all,0.1900,cross-ppi,317,0.023265059283081868,1.0
all,0.1900,cross-ppi,318,0.02340319739475502,1.0
all,0.1900,cross-ppi,319,0.023239938694195522,1.0
all,0.1900,cross-ppi,320,0.024090552363203205,1.0
all,0.1900,cross-ppi,321,0.023224292334653174,1.0
all,0.1900,cross-ppi,322,0.023459129020086178,1.0
all,0.1900,cross-ppi,323,0.02329659746199353,1.0
all,0.1900,cross-ppi,324,0.023399962503772853,1.0
all,0.1900,cross-ppi,325,0.023176557742560333,1.0
all,0.1900,cross-ppi,326,0.023096974451329633,1.0
all,0.1900,cross-ppi,327,0.023715893813352817,1.0
all,0.1900,cross-ppi,328,0.02300228696011783,1.0
all,0.1900,cross-ppi,329,0.023798309101559223,1.0
all,0.1900,cross-ppi,330,0.02312094277173704,1.0
all,0.1900,cross-ppi,331,0.023059650906761348,1.0
all,0.1900,cross-ppi,332,0.023105667487613668,1.0
all,0.2000,cross-ppi,0,0.022606813975562662,1.0
all,0.2000,cross-ppi,1,0.022533355479464334,1.0
all,0.2000,cross-ppi,2,0.023092524767729355,1.0
all,0.2000,cross-ppi,3,0.022847781266235295,1.0
all,0.2000,cross-ppi,4,0.02321234165560193,1.0
all,0.2000,cross-ppi,5,0.023679111833328492,1.0
all,0.2000,cross-ppi,6,0.0227709583572967,1.0
all,0.2000,cross-ppi,7,0.022251279810944546,1.0
all,0.2000,cross-ppi,8,0.023667441064554845,1.0
all,0.2000,cross-ppi,9,0.022855776861490762,1.0
all,0.2000,cross-ppi,10,0.022931623663524303,0.0
all,0.2000,cross-ppi,11,0.023093152892508045,1.0
all,0.2000,cross-ppi,12,0.022269858330597136,1.0
all,0.2000,cross-ppi,13,0.022646704163148762,1.0
all,0.2000,cross-ppi,14,0.02264243572105204,1.0
all,0.2000,cross-ppi,15,0.02305575975996152,1.0
all,0.2000,cross-ppi,16,0.022366634065551838,1.0
all,0.2000,cross-ppi,17,0.023205934285179808,1.0
all,0.2000,cross-ppi,18,0.022772237103714565,1.0
all,0.2000,cross-ppi,19,0.022781564656081832,1.0
all,0.2000,cross-ppi,20,0.022738767061474596,1.0
all,0.2000,cross-ppi,21,0.023070657792773952,1.0
all,0.2000,cross-ppi,22,0.02279311454960073,1.0
all,0.2000,cross-ppi,23,0.02304624833804414,1.0
all,0.2000,cross-ppi,24,0.022629888173451684,1.0
all,0.2000,cross-ppi,25,0.022888469763814867,1.0
all,0.2000,cross-ppi,26,0.02270938287285873,1.0
all,0.2000,cross-ppi,27,0.023082240980351526,1.0
all,0.2000,cross-ppi,28,0.02307658378867472,1.0
all,0.2000,cross-ppi,29,0.0230901161692606,1.0
all,0.2000,cross-ppi,30,0.022880146135665358,1.0
all,0.2000,cross-ppi,31,0.02270239071101221,1.0
all,0.2000,cross-ppi,32,0.023211443638772256,1.0
all,0.2000,cross-ppi,33,0.022677804347247088,1.0
all,0.2000,cross-ppi,34,0.023032540495282805,1.0
all,0.2000,cross-ppi,35,0.022108366374811922,1.0
all,0.2000,cross-ppi,36,0.022241507889455225,1.0
all,0.2000,cross-ppi,37,0.022488939280852605,1.0
all,0.2000,cross-ppi,38,0.023122246985471162,1.0
all,0.2000,cross-ppi,39,0.023128953648168332,1.0
all,0.2000,cross-ppi,40,0.02299942143700104,1.0
all,0.2000,cross-ppi,41,0.022693474538932,1.0
all,0.2000,cross-ppi,42,0.02297958033334757,1.0
all,0.2000,cross-ppi,43,0.023030472228718346,0.0
all,0.2000,cross-ppi,44,0.022962289552176718,1.0
all,0.2000,cross-ppi,45,0.023098115135159802,1.0
all,0.2000,cross-ppi,46,0.022602091417783243,1.0
all,0.2000,cross-ppi,47,0.023240763963908728,1.0
all,0.2000,cross-ppi,48,0.023025310577100777,1.0
all,0.2000,cross-ppi,49,0.023137460084631384,1.0
all,0.2000,cross-ppi,50,0.023276003171102677,1.0
all,0.2000,cross-ppi,51,0.022731731197708438,1.0
all,0.2000,cross-ppi,52,0.022779171809248266,1.0
all,0.2000,cross-ppi,53,0.0234449809786427,1.0
all,0.2000,cross-ppi,54,0.022693362118297172,1.0
all,0.2000,cross-ppi,55,0.02266094044890224,1.0
all,0.2000,cross-ppi,56,0.02291250337541642,1.0
all,0.2000,cross-ppi,57,0.022847650111754686,1.0
all,0.2000,cross-ppi,58,0.022751605980769196,1.0
all,0.2000,cross-ppi,59,0.023001806543541448,1.0
all,0.2000,cross-ppi,60,0.02301664187115482,1.0
all,0.2000,cross-ppi,61,0.023106995421174004,1.0
all,0.2000,cross-ppi,62,0.022824573697074774,1.0
all,0.2000,cross-ppi,63,0.02289230992369906,1.0
all,0.2000,cross-ppi,64,0.022664724633740807,1.0
all,0.2000,cross-ppi,65,0.023315377755859595,1.0
all,0.2000,cross-ppi,66,0.02330315729005672,1.0
all,0.2000,cross-ppi,67,0.022763707981055953,1.0
all,0.2000,cross-ppi,68,0.0231050261617064,1.0
all,0.2000,cross-ppi,69,0.022984419795505806,1.0
all,0.2000,cross-ppi,70,0.02258167000863867,1.0
all,0.2000,cross-ppi,71,0.022823734611451346,1.0
all,0.2000,cross-ppi,72,0.022590638919780415,1.0
all,0.2000,cross-ppi,73,0.02260095804113274,1.0
all,0.2000,cross-ppi,74,0.02278587404076793,1.0
all,0.2000,cross-ppi,75,0.022827859090853497,1.0
all,0.2000,cross-ppi,76,0.022906090303241422,1.0
all,0.2000,cross-ppi,77,0.02303263934533517,1.0
all,0.2000,cross-ppi,78,0.023112887874638832,1.0
all,0.2000,cross-ppi,79,0.02296938314895225,1.0
all,0.2000,cross-ppi,80,0.0231120654413014,1.0
all,0.2000,cross-ppi,81,0.02284788644278324,1.0
all,0.2000,cross-ppi,82,0.023060145444833896,1.0
all,0.2000,cross-ppi,83,0.02310090278017038,1.0
all,0.2000,cross-ppi,84,0.02202099022749901,1.0
all,0.2000,cross-ppi,85,0.02285858014123568,1.0
all,0.2000,cross-ppi,86,0.02265941825076323,1.0
all,0.2000,cross-ppi,87,0.023359885328724656,1.0
all,0.2000,cross-ppi,88,0.023251940705990348,1.0
all,0.2000,cross-ppi,89,0.022586382907543223,1.0
all,0.2000,cross-ppi,90,0.022805074852426666,1.0
all,0.2000,cross-ppi,91,0.02327151380316328,1.0
all,0.2000,cross-ppi,92,0.023067632567217194,1.0
all,0.2000,cross-ppi,93,0.022684127356630168,1.0
all,0.2000,cross-ppi,94,0.02321956440705944,1.0
all,0.2000,cross-ppi,95,0.022879787393902284,1.0
all,0.2000,cross-ppi,96,0.02299212266859807,1.0
all,0.2000,cross-ppi,97,0.02252502332345141,1.0
all,0.2000,cross-ppi,98,0.02267484504202233,1.0
all,0.2000,cross-ppi,99,0.02224081133000222,1.0
all,0.2000,cross-ppi,100,0.0230698878463228,1.0
all,0.2000,cross-ppi,101,0.022550987763527375,1.0
all,0.2000,cross-ppi,102,0.02267442914379192,1.0
all,0.2000,cross-ppi,103,0.02286129819934768,1.0
all,0.2000,cross-ppi,104,0.02326517959977792,1.0
all,0.2000,cross-ppi,105,0.023027446437753674,1.0
all,0.2000,cross-ppi,106,0.02282798462209687,1.0
all,0.2000,cross-ppi,107,0.022809106159432546,1.0
all,0.2000,cross-ppi,108,0.02283314096787603,1.0
all,0.2000,cross-ppi,109,0.023422862094498842,1.0
all,0.2000,cross-ppi,110,0.022685966000391855,1.0
all,0.2000,cross-ppi,111,0.023012338930822468,1.0
all,0.2000,cross-ppi,112,0.022508062481842256,1.0
all,0.2000,cross-ppi,113,0.023136441155973242,1.0
all,0.2000,cross-ppi,114,0.022731172749166223,1.0
all,0.2000,cross-ppi,115,0.02340057649976557,1.0
all,0.2000,cross-ppi,116,0.022670573957343843,1.0
all,0.2000,cross-ppi,117,0.023020082718922114,1.0
all,0.2000,cross-ppi,118,0.02273917899464961,1.0
all,0.2000,cross-ppi,119,0.02303943139325393,1.0
all,0.2000,cross-ppi,120,0.023062151156807764,1.0
all,0.2000,cross-ppi,121,0.02326249710622072,1.0
all,0.2000,cross-ppi,122,0.02310275223860836,1.0
all,0.2000,cross-ppi,123,0.02322937263597702,1.0
all,0.2000,cross-ppi,124,0.023105012578084172,1.0
all,0.2000,cross-ppi,125,0.02298961969034205,1.0
all,0.2000,cross-ppi,126,0.022764955962746886,1.0
all,0.2000,cross-ppi,127,0.022995543565217158,1.0
all,0.2000,cross-ppi,128,0.02232585317974231,1.0
all,0.2000,cross-ppi,129,0.023551056908913903,1.0
all,0.2000,cross-ppi,130,0.023045450267674877,1.0
all,0.2000,cross-ppi,131,0.022623611967016122,1.0
all,0.2000,cross-ppi,132,0.02291883498054703,1.0
all,0.2000,cross-ppi,133,0.023468012091270585,1.0
all,0.2000,cross-ppi,134,0.023429382665348247,1.0
all,0.2000,cross-ppi,135,0.023383757213449208,1.0
all,0.2000,cross-ppi,136,0.022848085711242527,1.0
all,0.2000,cross-ppi,137,0.02298595339177223,1.0
all,0.2000,cross-ppi,138,0.023031062632758892,1.0
all,0.2000,cross-ppi,139,0.02246609060003857,1.0
all,0.2000,cross-ppi,140,0.023043448107694542,1.0
all,0.2000,cross-ppi,141,0.022975869109619906,1.0
all,0.2000,cross-ppi,142,0.023219676969418485,1.0
all,0.2000,cross-ppi,143,0.02291092581010659,1.0
all,0.2000,cross-ppi,144,0.022919163455718206,1.0
all,0.2000,cross-ppi,145,0.02255521590900547,1.0
all,0.2000,cross-ppi,146,0.022543992098361026,1.0
all,0.2000,cross-ppi,147,0.023338971818707588,1.0
all,0.2000,cross-ppi,148,0.023067438250727212,1.0
all,0.2000,cross-ppi,149,0.023006489482403247,1.0
all,0.2000,cross-ppi,150,0.02343589621847053,1.0
all,0.2000,cross-ppi,151,0.022822906784180863,1.0
all,0.2000,cross-ppi,152,0.022188743568040875,1.0
all,0.2000,cross-ppi,153,0.02315771736027672,1.0
all,0.2000,cross-ppi,154,0.02249252690477746,1.0
all,0.2000,cross-ppi,155,0.022353593795241294,1.0
all,0.2000,cross-ppi,156,0.023010270756377404,1.0
all,0.2000,cross-ppi,157,0.023146264271892453,1.0
all,0.2000,cross-ppi,158,0.02231003321131972,1.0
all,0.2000,cross-ppi,159,0.022917168104302554,1.0
all,0.2000,cross-ppi,160,0.022898343538330868,1.0
all,0.2000,cross-ppi,161,0.02269378707630132,1.0
all,0.2000,cross-ppi,162,0.022913651432991844,1.0
all,0.2000,cross-ppi,163,0.022898557609262987,1.0
all,0.2000,cross-ppi,164,0.023091646688892298,1.0
all,0.2000,cross-ppi,165,0.022664923145235605,1.0
all,0.2000,cross-ppi,166,0.022747398925361373,1.0
all,0.2000,cross-ppi,167,0.022392745897604427,1.0
all,0.2000,cross-ppi,168,0.022943236029934533,1.0
all,0.2000,cross-ppi,169,0.022307395017801546,1.0
all,0.2000,cross-ppi,170,0.022879460247985373,1.0
all,0.2000,cross-ppi,171,0.022847119698353513,1.0
all,0.2000,cross-ppi,172,0.023167483193322513,1.0
all,0.2000,cross-ppi,173,0.023334317514483227,1.0
all,0.2000,cross-ppi,174,0.022961160309075246,1.0
all,0.2000,cross-ppi,175,0.022612809268732326,1.0
all,0.2000,cross-ppi,176,0.02295307511263056,1.0
all,0.2000,cross-ppi,177,0.022627797872824346,1.0
all,0.2000,cross-ppi,178,0.0228398171176952,1.0
all,0.2000,cross-ppi,179,0.022816201742210884,1.0
all,0.2000,cross-ppi,180,0.02256128733421306,1.0
all,0.2000,cross-ppi,181,0.02281152676885223,1.0
all,0.2000,cross-ppi,182,0.022537979133147035,1.0
all,0.2000,cross-ppi,183,0.022745924683855584,1.0
all,0.2000,cross-ppi,184,0.023082771733422214,1.0
all,0.2000,cross-ppi,185,0.022463419850602878,1.0
all,0.2000,cross-ppi,186,0.023494222949701382,1.0
all,0.2000,cross-ppi,187,0.02292622052602422,1.0
all,0.2000,cross-ppi,188,0.02279983719721468,1.0
all,0.2000,cross-ppi,189,0.02268196012065382,1.0
all,0.2000,cross-ppi,190,0.022967074797985765,1.0
all,0.2000,cross-ppi,191,0.02278376501506829,1.0
all,0.2000,cross-ppi,192,0.023092155151426486,1.0
all,0.2000,cross-ppi,193,0.022507215703279737,1.0
all,0.2000,cross-ppi,194,0.022846895961645575,1.0
all,0.2000,cross-ppi,195,0.022958585947482013,0.0
all,0.2000,cross-ppi,196,0.023333294228475743,1.0
all,0.2000,cross-ppi,197,0.022945847024751442,1.0
all,0.2000,cross-ppi,198,0.023399833745401444,1.0
all,0.2000,cross-ppi,199,0.022654853043584944,1.0
all,0.2000,cross-ppi,200,0.022580931760153078,1.0
all,0.2000,cross-ppi,201,0.022922501413904645,1.0
all,0.2000,cross-ppi,202,0.0228966717032838,1.0
all,0.2000,cross-ppi,203,0.02298755952548684,1.0
all,0.2000,cross-ppi,204,0.022636511057445907,1.0
all,0.2000,cross-ppi,205,0.022512814228953126,1.0
all,0.2000,cross-ppi,206,0.023361818263181844,1.0
all,0.2000,cross-ppi,207,0.023284488515206925,1.0
all,0.2000,cross-ppi,208,0.022923188677449358,1.0
all,0.2000,cross-ppi,209,0.022569456175580038,1.0
all,0.2000,cross-ppi,210,0.02306418932094545,1.0
all,0.2000,cross-ppi,211,0.023200641771613517,1.0
all,0.2000,cross-ppi,212,0.023313892910000078,1.0
all,0.2000,cross-ppi,213,0.023083709948359066,1.0
all,0.2000,cross-ppi,214,0.02265558366146847,1.0
all,0.2000,cross-ppi,215,0.022864158078210878,1.0
all,0.2000,cross-ppi,216,0.022983252166148382,1.0
all,0.2000,cross-ppi,217,0.022905180183446783,1.0
all,0.2000,cross-ppi,218,0.02293488243503325,1.0
all,0.2000,cross-ppi,219,0.022792978984728762,1.0
all,0.2000,cross-ppi,220,0.0235577231931271,1.0
all,0.2000,cross-ppi,221,0.022689099223945602,1.0
all,0.2000,cross-ppi,222,0.023205959260918396,1.0
all,0.2000,cross-ppi,223,0.02283298315322857,1.0
all,0.2000,cross-ppi,224,0.023014639486909405,1.0
all,0.2000,cross-ppi,225,0.022692240917553064,1.0
all,0.2000,cross-ppi,226,0.022711783756125037,1.0
all,0.2000,cross-ppi,227,0.02324787078634305,1.0
all,0.2000,cross-ppi,228,0.022762570556186135,1.0
all,0.2000,cross-ppi,229,0.023426520580269505,1.0
all,0.2000,cross-ppi,230,0.022785958323732425,1.0
all,0.2000,cross-ppi,231,0.022564514328131446,1.0
all,0.2000,cross-ppi,232,0.0226634476927835,1.0
all,0.2000,cross-ppi,233,0.022941150429652807,1.0
all,0.2000,cross-ppi,234,0.022606330727080848,1.0
all,0.2000,cross-ppi,235,0.022945758242213343,1.0
all,0.2000,cross-ppi,236,0.023069589974429316,1.0
all,0.2000,cross-ppi,237,0.022836988643159084,1.0
all,0.2000,cross-ppi,238,0.02257854179693783,1.0
all,0.2000,cross-ppi,239,0.02255965666795645,1.0
all,0.2000,cross-ppi,240,0.022804173501072195,1.0
all,0.2000,cross-ppi,241,0.022789474372809954,1.0
all,0.2000,cross-ppi,242,0.022986100811252935,1.0
all,0.2000,cross-ppi,243,0.022797193455676434,1.0
all,0.2000,cross-ppi,244,0.02296646411869696,1.0
all,0.2000,cross-ppi,245,0.023014230227878962,1.0
all,0.2000,cross-ppi,246,0.023112321429386462,1.0
all,0.2000,cross-ppi,247,0.02294164508743246,1.0
all,0.2000,cross-ppi,248,0.023117808831399217,1.0
all,0.2000,cross-ppi,249,0.022268008351343127,1.0
all,0.2000,cross-ppi,250,0.022826891898402923,1.0
all,0.2000,cross-ppi,251,0.023210842618404004,1.0
all,0.2000,cross-ppi,252,0.022305084253934182,1.0
all,0.2000,cross-ppi,253,0.02232834062623315,1.0
all,0.2000,cross-ppi,254,0.022949333823561013,1.0
all,0.2000,cross-ppi,255,0.02271071626605667,1.0
all,0.2000,cross-ppi,256,0.02269667775517306,1.0
all,0.2000,cross-ppi,257,0.022710053759077753,1.0
all,0.2000,cross-ppi,258,0.02297790949252132,1.0
all,0.2000,cross-ppi,259,0.022916343979385134,1.0
all,0.2000,cross-ppi,260,0.02254821494288861,1.0
all,0.2000,cross-ppi,261,0.022965884130068503,1.0
all,0.2000,cross-ppi,262,0.02227395505948182,1.0
all,0.2000,cross-ppi,263,0.023321117135038705,1.0
all,0.2000,cross-ppi,264,0.023008053274122364,1.0
all,0.2000,cross-ppi,265,0.022544406463511857,0.0
all,0.2000,cross-ppi,266,0.022666759491503652,1.0
all,0.2000,cross-ppi,267,0.022585635790935643,1.0
all,0.2000,cross-ppi,268,0.023304686366771937,1.0
all,0.2000,cross-ppi,269,0.02348605590947228,1.0
all,0.2000,cross-ppi,270,0.023271513934141175,1.0
all,0.2000,cross-ppi,271,0.0233045621469804,1.0
all,0.2000,cross-ppi,272,0.022601783359200017,1.0
all,0.2000,cross-ppi,273,0.023166624095863786,1.0
all,0.2000,cross-ppi,274,0.022878631143372075,1.0
all,0.2000,cross-ppi,275,0.023048484166075384,1.0
all,0.2000,cross-ppi,276,0.022619119378407965,1.0
all,0.2000,cross-ppi,277,0.022690507032441798,1.0
all,0.2000,cross-ppi,278,0.022575662045792977,1.0
all,0.2000,cross-ppi,279,0.023030716412563268,1.0
all,0.2000,cross-ppi,280,0.022850830793770482,1.0
all,0.2000,cross-ppi,281,0.023303981626586645,1.0
all,0.2000,cross-ppi,282,0.02303632637586861,1.0
all,0.2000,cross-ppi,283,0.022653010011559838,0.0
all,0.2000,cross-ppi,284,0.023036170729133415,1.0
all,0.2000,cross-ppi,285,0.02304153666742595,1.0
all,0.2000,cross-ppi,286,0.02246729651685339,1.0
all,0.2000,cross-ppi,287,0.022906517269900895,1.0
all,0.2000,cross-ppi,288,0.02321215279739952,1.0
all,0.2000,cross-ppi,289,0.0227982558973977,1.0
all,0.2000,cross-ppi,290,0.022919701794233305,1.0
all,0.2000,cross-ppi,291,0.022524526915124743,1.0
all,0.2000,cross-ppi,292,0.022490122938376933,1.0
all,0.2000,cross-ppi,293,0.02299006803262163,1.0
all,0.2000,cross-ppi,294,0.023034813545850158,1.0
all,0.2000,cross-ppi,295,0.023171991435577216,1.0
all,0.2000,cross-ppi,296,0.022667496191401404,1.0
all,0.2000,cross-ppi,297,0.02299818394632369,1.0
all,0.2000,cross-ppi,298,0.022561845324327034,1.0
all,0.2000,cross-ppi,299,0.023203266773394238,1.0
all,0.2000,cross-ppi,300,0.022602550455515513,1.0
all,0.2000,cross-ppi,301,0.022717639983089066,1.0
all,0.2000,cross-ppi,302,0.022868598914015964,1.0
all,0.2000,cross-ppi,303,0.02267239063264781,1.0
all,0.2000,cross-ppi,304,0.022401858796569196,1.0
all,0.2000,cross-ppi,305,0.022823123751672947,1.0
all,0.2000,cross-ppi,306,0.02295106990582174,1.0
all,0.2000,cross-ppi,307,0.022989155536707773,1.0
all,0.2000,cross-ppi,308,0.022880604274760574,1.0
all,0.2000,cross-ppi,309,0.022395132373018406,1.0
all,0.2000,cross-ppi,310,0.022825261057247026,1.0
all,0.2000,cross-ppi,311,0.02256427907842254,1.0
all,0.2000,cross-ppi,312,0.02311079100612068,1.0
all,0.2000,cross-ppi,313,0.023330106392221217,1.0
all,0.2000,cross-ppi,314,0.022773273097810853,1.0
all,0.2000,cross-ppi,315,0.023028807072015045,1.0
all,0.2000,cross-ppi,316,0.022613796199667052,1.0
all,0.2000,cross-ppi,317,0.0224556551607219,1.0
all,0.2000,cross-ppi,318,0.02280387586833843,1.0
all,0.2000,cross-ppi,319,0.022393548931526785,1.0
all,0.2000,cross-ppi,320,0.022950014360235804,1.0
all,0.2000,cross-ppi,321,0.022565727593920365,1.0
all,0.2000,cross-ppi,322,0.02277273517832057,1.0
all,0.2000,cross-ppi,323,0.022745025248998352,1.0
all,0.2000,cross-ppi,324,0.023134359504380808,1.0
all,0.2000,cross-ppi,325,0.023134460989603145,1.0
all,0.2000,cross-ppi,326,0.0227433018696257,1.0
all,0.2000,cross-ppi,327,0.022707518071759858,1.0
all,0.2000,cross-ppi,328,0.02278377593155778,1.0
all,0.2000,cross-ppi,329,0.023099218612729455,1.0
all,0.2000,cross-ppi,330,0.02322234925508279,1.0
all,0.2000,cross-ppi,331,0.02311979957592558,1.0
all,0.2000,cross-ppi,332,0.022918715241947468,1.0
