group,prop_budget,method,seed,width,coverage
all,0.0100,wor-active,333,0.06599831581115723,1.0
all,0.0100,wor-uniform,333,0.08774995803833008,1.0
all,0.0100,wor-active,334,0.07884180545806885,1.0
all,0.0100,wor-uniform,334,0.07189320027828217,1.0
all,0.0100,wor-active,335,0.08921252191066742,1.0
all,0.0100,wor-uniform,335,0.07870098948478699,0.0
all,0.0100,wor-active,336,0.08489228785037994,1.0
all,0.0100,wor-uniform,336,0.09122246503829956,1.0
all,0.0100,wor-active,337,0.07163548469543457,1.0
all,0.0100,wor-uniform,337,0.09483276307582855,1.0
all,0.0100,wor-active,338,0.08458808064460754,1.0
all,0.0100,wor-uniform,338,0.07658761739730835,1.0
all,0.0100,wor-active,339,0.07119107246398926,1.0
all,0.0100,wor-uniform,339,0.08957672119140625,1.0
all,0.0100,wor-active,340,0.07369191944599152,1.0
all,0.0100,wor-uniform,340,0.09276530146598816,1.0
all,0.0100,wor-active,341,0.08019544184207916,1.0
all,0.0100,wor-uniform,341,0.08618490397930145,1.0
all,0.0100,wor-active,342,0.07986873388290405,1.0
all,0.0100,wor-uniform,342,0.07500755786895752,1.0
all,0.0100,wor-active,343,0.08652599155902863,1.0
all,0.0100,wor-uniform,343,0.07992592453956604,1.0
all,0.0100,wor-active,344,0.06850063800811768,1.0
all,0.0100,wor-uniform,344,0.08433711528778076,1.0
all,0.0100,wor-active,345,0.08650338649749756,1.0
all,0.0100,wor-uniform,345,0.07793201506137848,1.0
all,0.0100,wor-active,346,0.06561695039272308,1.0
all,0.0100,wor-uniform,346,0.09087967872619629,1.0
all,0.0100,wor-active,347,0.08964896202087402,0.0
all,0.0100,wor-uniform,347,0.09179125726222992,1.0
all,0.0100,wor-active,348,0.07016579806804657,1.0
all,0.0100,wor-uniform,348,0.07570722699165344,1.0
all,0.0100,wor-active,349,0.09359924495220184,1.0
all,0.0100,wor-uniform,349,0.07792143523693085,1.0
all,0.0100,wor-active,350,0.07120738923549652,1.0
all,0.0100,wor-uniform,350,0.08293533325195312,1.0
all,0.0100,wor-active,351,0.08136671781539917,1.0
all,0.0100,wor-uniform,351,0.09239381551742554,1.0
all,0.0100,wor-active,352,0.06419675052165985,1.0
all,0.0100,wor-uniform,352,0.08747629821300507,1.0
all,0.0100,wor-active,353,0.07519716024398804,1.0
all,0.0100,wor-uniform,353,0.09866325557231903,1.0
all,0.0100,wor-active,354,0.07715801894664764,1.0
all,0.0100,wor-uniform,354,0.09807980060577393,1.0
all,0.0100,wor-active,355,0.066231369972229,1.0
all,0.0100,wor-uniform,355,0.09870016574859619,1.0
all,0.0100,wor-active,356,0.08610199391841888,1.0
all,0.0100,wor-uniform,356,0.08086125552654266,1.0
all,0.0100,wor-active,357,0.06283660233020782,1.0
all,0.0100,wor-uniform,357,0.08473461866378784,1.0
all,0.0100,wor-active,358,0.06801511347293854,1.0
all,0.0100,wor-uniform,358,0.08797015249729156,1.0
all,0.0100,wor-active,359,0.06594544649124146,1.0
all,0.0100,wor-uniform,359,0.08653636276721954,1.0
all,0.0100,wor-active,360,0.08695071935653687,1.0
all,0.0100,wor-uniform,360,0.08064089715480804,1.0
all,0.0100,wor-active,361,0.06092110276222229,1.0
all,0.0100,wor-uniform,361,0.08804735541343689,1.0
all,0.0100,wor-active,362,0.09454631805419922,1.0
all,0.0100,wor-uniform,362,0.0936051607131958,1.0
all,0.0100,wor-active,363,0.06836384534835815,1.0
all,0.0100,wor-uniform,363,0.08602683246135712,1.0
all,0.0100,wor-active,364,0.06236286461353302,1.0
all,0.0100,wor-uniform,364,0.08705650269985199,1.0
all,0.0100,wor-active,365,0.07220993936061859,1.0
all,0.0100,wor-uniform,365,0.09286542236804962,1.0
all,0.0100,wor-active,366,0.06032957136631012,1.0
all,0.0100,wor-uniform,366,0.09971721470355988,1.0
all,0.0100,wor-active,367,0.08127367496490479,1.0
all,0.0100,wor-uniform,367,0.0781547874212265,1.0
all,0.0100,wor-active,368,0.06780004501342773,1.0
all,0.0100,wor-uniform,368,0.09358592331409454,1.0
all,0.0100,wor-active,369,0.08291542530059814,1.0
all,0.0100,wor-uniform,369,0.1002914160490036,1.0
all,0.0100,wor-active,370,0.06900334358215332,1.0
all,0.0100,wor-uniform,370,0.08661490678787231,1.0
all,0.0100,wor-active,371,0.07841610908508301,1.0
all,0.0100,wor-uniform,371,0.09230302274227142,1.0
all,0.0100,wor-active,372,0.06269106268882751,0.0
all,0.0100,wor-uniform,372,0.08442056179046631,1.0
all,0.0100,wor-active,373,0.07599139213562012,1.0
all,0.0100,wor-uniform,373,0.09793685376644135,1.0
all,0.0100,wor-active,374,0.07185333967208862,1.0
all,0.0100,wor-uniform,374,0.09498506784439087,1.0
all,0.0100,wor-active,375,0.06975363194942474,1.0
all,0.0100,wor-uniform,375,0.08539493381977081,1.0
all,0.0100,wor-active,376,0.09415960311889648,1.0
all,0.0100,wor-uniform,376,0.08669069409370422,1.0
all,0.0100,wor-active,377,0.06755736470222473,1.0
all,0.0100,wor-uniform,377,0.07495476305484772,1.0
all,0.0100,wor-active,378,0.08119970560073853,1.0
all,0.0100,wor-uniform,378,0.0853220671415329,1.0
all,0.0100,wor-active,379,0.10228818655014038,1.0
all,0.0100,wor-uniform,379,0.10546141862869263,1.0
all,0.0100,wor-active,380,0.09096816182136536,0.0
all,0.0100,wor-uniform,380,0.07495670020580292,1.0
all,0.0100,wor-active,381,0.06602674722671509,1.0
all,0.0100,wor-uniform,381,0.06894804537296295,1.0
all,0.0100,wor-active,382,0.08415627479553223,0.0
all,0.0100,wor-uniform,382,0.09836269915103912,1.0
all,0.0100,wor-active,383,0.08160918951034546,1.0
all,0.0100,wor-uniform,383,0.09872424602508545,1.0
all,0.0100,wor-active,384,0.05481988191604614,1.0
all,0.0100,wor-uniform,384,0.08038179576396942,1.0
all,0.0100,wor-active,385,0.06582340598106384,1.0
all,0.0100,wor-uniform,385,0.09039556980133057,1.0
all,0.0100,wor-active,386,0.0794796496629715,1.0
all,0.0100,wor-uniform,386,0.08653070032596588,1.0
all,0.0100,wor-active,387,0.07747267186641693,1.0
all,0.0100,wor-uniform,387,0.09594953060150146,1.0
all,0.0100,wor-active,388,0.0766928642988205,1.0
all,0.0100,wor-uniform,388,0.07684442400932312,1.0
all,0.0100,wor-active,389,0.07813772559165955,1.0
all,0.0100,wor-uniform,389,0.095029816031456,1.0
all,0.0100,wor-active,390,0.06719048321247101,1.0
all,0.0100,wor-uniform,390,0.08518317341804504,1.0
all,0.0100,wor-active,391,0.07905413210391998,1.0
all,0.0100,wor-uniform,391,0.0903996080160141,1.0
all,0.0100,wor-active,392,0.07848381996154785,1.0
all,0.0100,wor-uniform,392,0.0902591198682785,1.0
all,0.0100,wor-active,393,0.10712261497974396,1.0
all,0.0100,wor-uniform,393,0.09341305494308472,1.0
all,0.0100,wor-active,394,0.08138632774353027,1.0
all,0.0100,wor-uniform,394,0.09117446839809418,1.0
all,0.0100,wor-active,395,0.08885692059993744,1.0
all,0.0100,wor-uniform,395,0.0744306892156601,1.0
all,0.0100,wor-active,396,0.06666097044944763,0.0
all,0.0100,wor-uniform,396,0.09710299968719482,1.0
all,0.0100,wor-active,397,0.07927539944648743,1.0
all,0.0100,wor-uniform,397,0.09613370895385742,1.0
all,0.0100,wor-active,398,0.08155529201030731,1.0
all,0.0100,wor-uniform,398,0.08875882625579834,1.0
all,0.0100,wor-active,399,0.08501508831977844,1.0
all,0.0100,wor-uniform,399,0.08523845672607422,1.0
all,0.0100,wor-active,400,0.07724618911743164,1.0
all,0.0100,wor-uniform,400,0.0851556658744812,1.0
all,0.0100,wor-active,401,0.07288090884685516,1.0
all,0.0100,wor-uniform,401,0.0957101583480835,1.0
all,0.0100,wor-active,402,0.08546622097492218,1.0
all,0.0100,wor-uniform,402,0.08496487140655518,1.0
all,0.0100,wor-active,403,0.07157689332962036,1.0
all,0.0100,wor-uniform,403,0.08247660100460052,1.0
all,0.0100,wor-active,404,0.07849876582622528,1.0
all,0.0100,wor-uniform,404,0.09195160865783691,1.0
all,0.0100,wor-active,405,0.06907975673675537,1.0
all,0.0100,wor-uniform,405,0.08649830520153046,1.0
all,0.0100,wor-active,406,0.0608208030462265,1.0
all,0.0100,wor-uniform,406,0.07084548473358154,1.0
all,0.0100,wor-active,407,0.088578000664711,1.0
all,0.0100,wor-uniform,407,0.09075987339019775,1.0
all,0.0100,wor-active,408,0.0726509541273117,1.0
all,0.0100,wor-uniform,408,0.08403843641281128,1.0
all,0.0100,wor-active,409,0.10322362184524536,1.0
all,0.0100,wor-uniform,409,0.08468037843704224,1.0
all,0.0100,wor-active,410,0.08107638359069824,1.0
all,0.0100,wor-uniform,410,0.0890357494354248,1.0
all,0.0100,wor-active,411,0.1116752028465271,1.0
all,0.0100,wor-uniform,411,0.0975075513124466,1.0
all,0.0100,wor-active,412,0.0735783576965332,1.0
all,0.0100,wor-uniform,412,0.09546852111816406,1.0
all,0.0100,wor-active,413,0.06208886206150055,1.0
all,0.0100,wor-uniform,413,0.08758676052093506,1.0
all,0.0100,wor-active,414,0.06658303737640381,1.0
all,0.0100,wor-uniform,414,0.07775753736495972,1.0
all,0.0100,wor-active,415,0.06084144115447998,1.0
all,0.0100,wor-uniform,415,0.08541315793991089,1.0
all,0.0100,wor-active,416,0.06746113300323486,1.0
all,0.0100,wor-uniform,416,0.0828467309474945,1.0
all,0.0100,wor-active,417,0.07035261392593384,1.0
all,0.0100,wor-uniform,417,0.088051438331604,1.0
all,0.0100,wor-active,418,0.09218442440032959,1.0
all,0.0100,wor-uniform,418,0.08195346593856812,1.0
all,0.0100,wor-active,419,0.0654149204492569,1.0
all,0.0100,wor-uniform,419,0.09732264280319214,1.0
all,0.0100,wor-active,420,0.0687478631734848,1.0
all,0.0100,wor-uniform,420,0.08826006948947906,1.0
all,0.0100,wor-active,421,0.05733253061771393,1.0
all,0.0100,wor-uniform,421,0.09198041260242462,1.0
all,0.0100,wor-active,422,0.09448522329330444,1.0
all,0.0100,wor-uniform,422,0.09111237525939941,1.0
all,0.0100,wor-active,423,0.07386654615402222,1.0
all,0.0100,wor-uniform,423,0.08778294920921326,1.0
all,0.0100,wor-active,424,0.07207560539245605,1.0
all,0.0100,wor-uniform,424,0.07649600505828857,1.0
all,0.0100,wor-active,425,0.07416723668575287,1.0
all,0.0100,wor-uniform,425,0.09800153970718384,0.0
all,0.0100,wor-active,426,0.0890575647354126,1.0
all,0.0100,wor-uniform,426,0.08625125885009766,1.0
all,0.0100,wor-active,427,0.06353013217449188,1.0
all,0.0100,wor-uniform,427,0.08332394063472748,0.0
all,0.0100,wor-active,428,0.07633037865161896,1.0
all,0.0100,wor-uniform,428,0.09106022119522095,1.0
all,0.0100,wor-active,429,0.07683983445167542,1.0
all,0.0100,wor-uniform,429,0.10141585767269135,1.0
all,0.0100,wor-active,430,0.08851669728755951,1.0
all,0.0100,wor-uniform,430,0.10124033689498901,1.0
all,0.0100,wor-active,431,0.06292307376861572,1.0
all,0.0100,wor-uniform,431,0.07008065283298492,0.0
all,0.0100,wor-active,432,0.06995944678783417,1.0
all,0.0100,wor-uniform,432,0.07892584800720215,1.0
all,0.0100,wor-active,433,0.09044389426708221,1.0
all,0.0100,wor-uniform,433,0.07751445472240448,1.0
all,0.0100,wor-active,434,0.08827412128448486,1.0
all,0.0100,wor-uniform,434,0.08363240957260132,1.0
all,0.0100,wor-active,435,0.0879020094871521,1.0
all,0.0100,wor-uniform,435,0.08462439477443695,1.0
all,0.0100,wor-active,436,0.07446777820587158,1.0
all,0.0100,wor-uniform,436,0.08291824162006378,1.0
all,0.0100,wor-active,437,0.0900341272354126,1.0
all,0.0100,wor-uniform,437,0.08926630020141602,1.0
all,0.0100,wor-active,438,0.0809989869594574,1.0
all,0.0100,wor-uniform,438,0.08686995506286621,1.0
all,0.0100,wor-active,439,0.06617224216461182,1.0
all,0.0100,wor-uniform,439,0.08068160712718964,1.0
all,0.0100,wor-active,440,0.07460828125476837,1.0
all,0.0100,wor-uniform,440,0.08601157367229462,1.0
all,0.0100,wor-active,441,0.08511948585510254,1.0
all,0.0100,wor-uniform,441,0.08402332663536072,1.0
all,0.0100,wor-active,442,0.08530837297439575,1.0
all,0.0100,wor-uniform,442,0.08601696789264679,1.0
all,0.0100,wor-active,443,0.0868411660194397,1.0
all,0.0100,wor-uniform,443,0.09074324369430542,1.0
all,0.0100,wor-active,444,0.10475248098373413,0.0
all,0.0100,wor-uniform,444,0.09445346891880035,1.0
all,0.0100,wor-active,445,0.10382711887359619,1.0
all,0.0100,wor-uniform,445,0.0739932507276535,1.0
all,0.0100,wor-active,446,0.08520299196243286,1.0
all,0.0100,wor-uniform,446,0.09095323085784912,1.0
all,0.0100,wor-active,447,0.06942117214202881,1.0
all,0.0100,wor-uniform,447,0.09017886221408844,1.0
all,0.0100,wor-active,448,0.06150704622268677,1.0
all,0.0100,wor-uniform,448,0.07808387279510498,1.0
all,0.0100,wor-active,449,0.08101482689380646,1.0
all,0.0100,wor-uniform,449,0.0954209715127945,1.0
all,0.0100,wor-active,450,0.0726015567779541,1.0
all,0.0100,wor-uniform,450,0.07467016577720642,1.0
all,0.0100,wor-active,451,0.07932883501052856,1.0
all,0.0100,wor-uniform,451,0.0914345383644104,1.0
all,0.0100,wor-active,452,0.07167351245880127,1.0
all,0.0100,wor-uniform,452,0.07132947444915771,0.0
all,0.0100,wor-active,453,0.1034245491027832,1.0
all,0.0100,wor-uniform,453,0.08559945225715637,1.0
all,0.0100,wor-active,454,0.07387426495552063,1.0
all,0.0100,wor-uniform,454,0.09259301424026489,1.0
all,0.0100,wor-active,455,0.09562993049621582,1.0
all,0.0100,wor-uniform,455,0.084308922290802,0.0
all,0.0100,wor-active,456,0.08239614963531494,1.0
all,0.0100,wor-uniform,456,0.09622462093830109,1.0
all,0.0100,wor-active,457,0.08425843715667725,1.0
all,0.0100,wor-uniform,457,0.08310206234455109,1.0
all,0.0100,wor-active,458,0.09495174884796143,1.0
all,0.0100,wor-uniform,458,0.09286622703075409,1.0
all,0.0100,wor-active,459,0.059515759348869324,1.0
all,0.0100,wor-uniform,459,0.08012545108795166,1.0
all,0.0100,wor-active,460,0.06761613488197327,1.0
all,0.0100,wor-uniform,460,0.08627887070178986,1.0
all,0.0100,wor-active,461,0.06866364181041718,1.0
all,0.0100,wor-uniform,461,0.08291222155094147,1.0
all,0.0100,wor-active,462,0.07104641199111938,1.0
all,0.0100,wor-uniform,462,0.08941221237182617,1.0
all,0.0100,wor-active,463,0.06618936359882355,1.0
all,0.0100,wor-uniform,463,0.08481982350349426,1.0
all,0.0100,wor-active,464,0.07390676438808441,1.0
all,0.0100,wor-uniform,464,0.09323292970657349,1.0
all,0.0100,wor-active,465,0.08130048215389252,1.0
all,0.0100,wor-uniform,465,0.09580057859420776,1.0
all,0.0100,wor-active,466,0.07444864511489868,1.0
all,0.0100,wor-uniform,466,0.09001672267913818,1.0
all,0.0100,wor-active,467,0.06426504254341125,1.0
all,0.0100,wor-uniform,467,0.094463050365448,1.0
all,0.0100,wor-active,468,0.09283876419067383,1.0
all,0.0100,wor-uniform,468,0.08304882049560547,1.0
all,0.0100,wor-active,469,0.06508269906044006,1.0
all,0.0100,wor-uniform,469,0.08796131610870361,1.0
all,0.0100,wor-active,470,0.06611086428165436,1.0
all,0.0100,wor-uniform,470,0.0718025267124176,1.0
all,0.0100,wor-active,471,0.08926557004451752,1.0
all,0.0100,wor-uniform,471,0.09620803594589233,0.0
all,0.0100,wor-active,472,0.057451486587524414,0.0
all,0.0100,wor-uniform,472,0.07140222191810608,1.0
all,0.0100,wor-active,473,0.06392213702201843,0.0
all,0.0100,wor-uniform,473,0.07626545429229736,1.0
all,0.0100,wor-active,474,0.07066863775253296,1.0
all,0.0100,wor-uniform,474,0.07626083493232727,0.0
all,0.0100,wor-active,475,0.06214238703250885,0.0
all,0.0100,wor-uniform,475,0.08094105124473572,1.0
all,0.0100,wor-active,476,0.06626951694488525,0.0
all,0.0100,wor-uniform,476,0.10483723878860474,0.0
all,0.0100,wor-active,477,0.06512652337551117,1.0
all,0.0100,wor-uniform,477,0.08477117121219635,1.0
all,0.0100,wor-active,478,0.07466691732406616,1.0
all,0.0100,wor-uniform,478,0.08625328540802002,1.0
all,0.0100,wor-active,479,0.0811968445777893,1.0
all,0.0100,wor-uniform,479,0.07757681608200073,1.0
all,0.0100,wor-active,480,0.057350724935531616,0.0
all,0.0100,wor-uniform,480,0.09330612421035767,1.0
all,0.0100,wor-active,481,0.07570649683475494,1.0
all,0.0100,wor-uniform,481,0.08000743389129639,1.0
all,0.0100,wor-active,482,0.09185051918029785,1.0
all,0.0100,wor-uniform,482,0.10314682126045227,1.0
all,0.0100,wor-active,483,0.07274109125137329,1.0
all,0.0100,wor-uniform,483,0.08037491142749786,1.0
all,0.0100,wor-active,484,0.0869033932685852,1.0
all,0.0100,wor-uniform,484,0.07121390104293823,1.0
all,0.0100,wor-active,485,0.076844722032547,1.0
all,0.0100,wor-uniform,485,0.08020240068435669,1.0
all,0.0100,wor-active,486,0.0893370509147644,1.0
all,0.0100,wor-uniform,486,0.09605073928833008,1.0
all,0.0100,wor-active,487,0.07036665081977844,1.0
all,0.0100,wor-uniform,487,0.09340144693851471,1.0
all,0.0100,wor-active,488,0.05463910102844238,1.0
all,0.0100,wor-uniform,488,0.0914565771818161,1.0
all,0.0100,wor-active,489,0.06349369883537292,0.0
all,0.0100,wor-uniform,489,0.0919465571641922,1.0
all,0.0100,wor-active,490,0.06972213089466095,1.0
all,0.0100,wor-uniform,490,0.08389317989349365,1.0
all,0.0100,wor-active,491,0.07347540557384491,1.0
all,0.0100,wor-uniform,491,0.07571756839752197,1.0
all,0.0100,wor-active,492,0.10887950658798218,1.0
all,0.0100,wor-uniform,492,0.09294943511486053,1.0
all,0.0100,wor-active,493,0.066888228058815,1.0
all,0.0100,wor-uniform,493,0.08821815252304077,1.0
all,0.0100,wor-active,494,0.08517266809940338,1.0
all,0.0100,wor-uniform,494,0.09299296140670776,1.0
all,0.0100,wor-active,495,0.07270616292953491,1.0
all,0.0100,wor-uniform,495,0.0856136679649353,1.0
all,0.0100,wor-active,496,0.07860033214092255,1.0
all,0.0100,wor-uniform,496,0.0892263650894165,1.0
all,0.0100,wor-active,497,0.08500516414642334,1.0
all,0.0100,wor-uniform,497,0.08451443910598755,1.0
all,0.0100,wor-active,498,0.06775668263435364,1.0
all,0.0100,wor-uniform,498,0.08998410403728485,1.0
all,0.0100,wor-active,499,0.08602277934551239,1.0
all,0.0100,wor-uniform,499,0.08151185512542725,1.0
all,0.0100,wor-active,500,0.09076280891895294,1.0
all,0.0100,wor-uniform,500,0.08472836017608643,1.0
all,0.0100,wor-active,501,0.08533018827438354,1.0
all,0.0100,wor-uniform,501,0.09022986888885498,1.0
all,0.0100,wor-active,502,0.06432272493839264,1.0
all,0.0100,wor-uniform,502,0.07983200252056122,1.0
all,0.0100,wor-active,503,0.08092856407165527,1.0
all,0.0100,wor-uniform,503,0.08312404155731201,1.0
all,0.0100,wor-active,504,0.08570736646652222,1.0
all,0.0100,wor-uniform,504,0.08134451508522034,1.0
all,0.0100,wor-active,505,0.0702398270368576,1.0
all,0.0100,wor-uniform,505,0.0967644453048706,1.0
all,0.0100,wor-active,506,0.06262210011482239,1.0
all,0.0100,wor-uniform,506,0.09083312749862671,1.0
all,0.0100,wor-active,507,0.07329869270324707,1.0
all,0.0100,wor-uniform,507,0.09026232361793518,1.0
all,0.0100,wor-active,508,0.07643827795982361,1.0
all,0.0100,wor-uniform,508,0.10062570869922638,1.0
all,0.0100,wor-active,509,0.09042197465896606,1.0
all,0.0100,wor-uniform,509,0.0887318104505539,1.0
all,0.0100,wor-active,510,0.10269099473953247,1.0
all,0.0100,wor-uniform,510,0.08389495313167572,1.0
all,0.0100,wor-active,511,0.07451353967189789,1.0
all,0.0100,wor-uniform,511,0.07795289158821106,1.0
all,0.0100,wor-active,512,0.06934148073196411,1.0
all,0.0100,wor-uniform,512,0.07624542713165283,1.0
all,0.0100,wor-active,513,0.06713229417800903,1.0
all,0.0100,wor-uniform,513,0.08602704107761383,1.0
all,0.0100,wor-active,514,0.06729304790496826,1.0
all,0.0100,wor-uniform,514,0.08280499279499054,1.0
all,0.0100,wor-active,515,0.062343984842300415,1.0
all,0.0100,wor-uniform,515,0.08980655670166016,0.0
all,0.0100,wor-active,516,0.07738053798675537,1.0
all,0.0100,wor-uniform,516,0.09214824438095093,1.0
all,0.0100,wor-active,517,0.08678245544433594,1.0
all,0.0100,wor-uniform,517,0.07507753372192383,1.0
all,0.0100,wor-active,518,0.06525883078575134,1.0
all,0.0100,wor-uniform,518,0.08748072385787964,1.0
all,0.0100,wor-active,519,0.07868838310241699,1.0
all,0.0100,wor-uniform,519,0.07976795732975006,1.0
all,0.0100,wor-active,520,0.07505756616592407,1.0
all,0.0100,wor-uniform,520,0.08120399713516235,1.0
all,0.0100,wor-active,521,0.07256093621253967,1.0
all,0.0100,wor-uniform,521,0.0784691572189331,1.0
all,0.0100,wor-active,522,0.09277164936065674,1.0
all,0.0100,wor-uniform,522,0.09042330086231232,1.0
all,0.0100,wor-active,523,0.07566243410110474,1.0
all,0.0100,wor-uniform,523,0.0878480076789856,1.0
all,0.0100,wor-active,524,0.07187914848327637,1.0
all,0.0100,wor-uniform,524,0.0876471996307373,1.0
all,0.0100,wor-active,525,0.07997085154056549,1.0
all,0.0100,wor-uniform,525,0.08286823332309723,1.0
all,0.0100,wor-active,526,0.08008401095867157,1.0
all,0.0100,wor-uniform,526,0.10409654676914215,1.0
all,0.0100,wor-active,527,0.09036092460155487,1.0
all,0.0100,wor-uniform,527,0.08620941638946533,1.0
all,0.0100,wor-active,528,0.09576660394668579,1.0
all,0.0100,wor-uniform,528,0.09575100243091583,1.0
all,0.0100,wor-active,529,0.0678669810295105,1.0
all,0.0100,wor-uniform,529,0.0868724137544632,1.0
all,0.0100,wor-active,530,0.06967054307460785,1.0
all,0.0100,wor-uniform,530,0.08102093636989594,1.0
all,0.0100,wor-active,531,0.07658857107162476,1.0
all,0.0100,wor-uniform,531,0.09509080648422241,1.0
all,0.0100,wor-active,532,0.08148595690727234,1.0
all,0.0100,wor-uniform,532,0.09495359659194946,1.0
all,0.0100,wor-active,533,0.06107670068740845,0.0
all,0.0100,wor-uniform,533,0.08559533953666687,0.0
all,0.0100,wor-active,534,0.07493746280670166,1.0
all,0.0100,wor-uniform,534,0.0856354832649231,1.0
all,0.0100,wor-active,535,0.08718782663345337,1.0
all,0.0100,wor-uniform,535,0.09208059310913086,1.0
all,0.0100,wor-active,536,0.08052118122577667,1.0
all,0.0100,wor-uniform,536,0.09448428452014923,1.0
all,0.0100,wor-active,537,0.08536796271800995,1.0
all,0.0100,wor-uniform,537,0.08079247176647186,1.0
all,0.0100,wor-active,538,0.09293007850646973,1.0
all,0.0100,wor-uniform,538,0.08203382790088654,0.0
all,0.0100,wor-active,539,0.0754522979259491,1.0
all,0.0100,wor-uniform,539,0.0934908539056778,1.0
all,0.0100,wor-active,540,0.06307913362979889,1.0
all,0.0100,wor-uniform,540,0.09556776285171509,0.0
all,0.0100,wor-active,541,0.08985556662082672,1.0
all,0.0100,wor-uniform,541,0.08891266584396362,1.0
all,0.0100,wor-active,542,0.06302589178085327,1.0
all,0.0100,wor-uniform,542,0.08665698766708374,1.0
all,0.0100,wor-active,543,0.07178956270217896,1.0
all,0.0100,wor-uniform,543,0.08315339684486389,1.0
all,0.0100,wor-active,544,0.06398433446884155,1.0
all,0.0100,wor-uniform,544,0.08042967319488525,1.0
all,0.0100,wor-active,545,0.07611384987831116,1.0
all,0.0100,wor-uniform,545,0.09042103588581085,1.0
all,0.0100,wor-active,546,0.08129517734050751,1.0
all,0.0100,wor-uniform,546,0.08639062941074371,0.0
all,0.0100,wor-active,547,0.08803562819957733,1.0
all,0.0100,wor-uniform,547,0.0882607102394104,1.0
all,0.0100,wor-active,548,0.095467209815979,1.0
all,0.0100,wor-uniform,548,0.08657614886760712,1.0
all,0.0100,wor-active,549,0.08493602275848389,1.0
all,0.0100,wor-uniform,549,0.09298552572727203,1.0
all,0.0100,wor-active,550,0.07170887291431427,1.0
all,0.0100,wor-uniform,550,0.08767268061637878,1.0
all,0.0100,wor-active,551,0.0866159200668335,1.0
all,0.0100,wor-uniform,551,0.09394088387489319,0.0
all,0.0100,wor-active,552,0.07536585628986359,1.0
all,0.0100,wor-uniform,552,0.08145171403884888,1.0
all,0.0100,wor-active,553,0.08626794815063477,1.0
all,0.0100,wor-uniform,553,0.07996024191379547,0.0
all,0.0100,wor-active,554,0.09840047359466553,1.0
all,0.0100,wor-uniform,554,0.08574415743350983,1.0
all,0.0100,wor-active,555,0.08080077171325684,1.0
all,0.0100,wor-uniform,555,0.07643492519855499,1.0
all,0.0100,wor-active,556,0.07861961424350739,1.0
all,0.0100,wor-uniform,556,0.08251738548278809,1.0
all,0.0100,wor-active,557,0.0862521231174469,1.0
all,0.0100,wor-uniform,557,0.0799562931060791,1.0
all,0.0100,wor-active,558,0.055818796157836914,1.0
all,0.0100,wor-uniform,558,0.08626015484333038,1.0
all,0.0100,wor-active,559,0.07629966735839844,1.0
all,0.0100,wor-uniform,559,0.09573370218276978,1.0
all,0.0100,wor-active,560,0.07851779460906982,1.0
all,0.0100,wor-uniform,560,0.0796470195055008,1.0
all,0.0100,wor-active,561,0.08375731110572815,1.0
all,0.0100,wor-uniform,561,0.09152376651763916,1.0
all,0.0100,wor-active,562,0.09808748960494995,1.0
all,0.0100,wor-uniform,562,0.08104747533798218,1.0
all,0.0100,wor-active,563,0.06511452794075012,1.0
all,0.0100,wor-uniform,563,0.09591434895992279,1.0
all,0.0100,wor-active,564,0.08476470410823822,1.0
all,0.0100,wor-uniform,564,0.08362895250320435,1.0
all,0.0100,wor-active,565,0.0903586745262146,1.0
all,0.0100,wor-uniform,565,0.09060204029083252,1.0
all,0.0100,wor-active,566,0.09961497783660889,1.0
all,0.0100,wor-uniform,566,0.09072476625442505,1.0
all,0.0100,wor-active,567,0.08210277557373047,1.0
all,0.0100,wor-uniform,567,0.07553017139434814,1.0
all,0.0100,wor-active,568,0.09098362922668457,1.0
all,0.0100,wor-uniform,568,0.08499470353126526,1.0
all,0.0100,wor-active,569,0.0713007003068924,1.0
all,0.0100,wor-uniform,569,0.09832398593425751,1.0
all,0.0100,wor-active,570,0.055551305413246155,1.0
all,0.0100,wor-uniform,570,0.08106155693531036,1.0
all,0.0100,wor-active,571,0.08528763055801392,1.0
all,0.0100,wor-uniform,571,0.07447916269302368,1.0
all,0.0100,wor-active,572,0.08676274120807648,1.0
all,0.0100,wor-uniform,572,0.08022183179855347,1.0
all,0.0100,wor-active,573,0.06183981895446777,1.0
all,0.0100,wor-uniform,573,0.09263420104980469,1.0
all,0.0100,wor-active,574,0.06746512651443481,1.0
all,0.0100,wor-uniform,574,0.08322037756443024,1.0
all,0.0100,wor-active,575,0.0720866471529007,1.0
all,0.0100,wor-uniform,575,0.09070461988449097,1.0
all,0.0100,wor-active,576,0.08766108751296997,1.0
all,0.0100,wor-uniform,576,0.08421505987644196,1.0
all,0.0100,wor-active,577,0.10691702365875244,0.0
all,0.0100,wor-uniform,577,0.09937518835067749,1.0
all,0.0100,wor-active,578,0.09442800283432007,1.0
all,0.0100,wor-uniform,578,0.08751894533634186,1.0
all,0.0100,wor-active,579,0.06710648536682129,1.0
all,0.0100,wor-uniform,579,0.09089821577072144,1.0
all,0.0100,wor-active,580,0.08134216070175171,1.0
all,0.0100,wor-uniform,580,0.08365193009376526,1.0
all,0.0100,wor-active,581,0.07145951688289642,1.0
all,0.0100,wor-uniform,581,0.07823151350021362,1.0
all,0.0100,wor-active,582,0.06172618269920349,1.0
all,0.0100,wor-uniform,582,0.08570133149623871,1.0
all,0.0100,wor-active,583,0.06701236963272095,1.0
all,0.0100,wor-uniform,583,0.07785876095294952,1.0
all,0.0100,wor-active,584,0.07964368164539337,1.0
all,0.0100,wor-uniform,584,0.08158022165298462,0.0
all,0.0100,wor-active,585,0.07434694468975067,1.0
all,0.0100,wor-uniform,585,0.09679627418518066,1.0
all,0.0100,wor-active,586,0.06383715569972992,1.0
all,0.0100,wor-uniform,586,0.08603179454803467,1.0
all,0.0100,wor-active,587,0.0953131914138794,1.0
all,0.0100,wor-uniform,587,0.08497248589992523,1.0
all,0.0100,wor-active,588,0.08758866786956787,1.0
all,0.0100,wor-uniform,588,0.08845841884613037,1.0
all,0.0100,wor-active,589,0.08192616701126099,1.0
all,0.0100,wor-uniform,589,0.0898635983467102,1.0
all,0.0100,wor-active,590,0.05897687375545502,1.0
all,0.0100,wor-uniform,590,0.07955344021320343,1.0
all,0.0100,wor-active,591,0.07002103328704834,1.0
all,0.0100,wor-uniform,591,0.08970856666564941,1.0
all,0.0100,wor-active,592,0.08379317820072174,1.0
all,0.0100,wor-uniform,592,0.08932697772979736,1.0
all,0.0100,wor-active,593,0.08949154615402222,1.0
all,0.0100,wor-uniform,593,0.09623396396636963,1.0
all,0.0100,wor-active,594,0.08279529213905334,1.0
all,0.0100,wor-uniform,594,0.08926057815551758,1.0
all,0.0100,wor-active,595,0.0699615329504013,1.0
all,0.0100,wor-uniform,595,0.08991724252700806,1.0
all,0.0100,wor-active,596,0.07090170681476593,1.0
all,0.0100,wor-uniform,596,0.0876176655292511,1.0
all,0.0100,wor-active,597,0.08438169956207275,1.0
all,0.0100,wor-uniform,597,0.08253803849220276,1.0
all,0.0100,wor-active,598,0.08888036012649536,1.0
all,0.0100,wor-uniform,598,0.09415954351425171,1.0
all,0.0100,wor-active,599,0.0825449675321579,1.0
all,0.0100,wor-uniform,599,0.08061456680297852,1.0
all,0.0100,wor-active,600,0.07664692401885986,1.0
all,0.0100,wor-uniform,600,0.0969199538230896,1.0
all,0.0100,wor-active,601,0.07009053230285645,0.0
all,0.0100,wor-uniform,601,0.10108035802841187,0.0
all,0.0100,wor-active,602,0.07228599488735199,1.0
all,0.0100,wor-uniform,602,0.08372281491756439,0.0
all,0.0100,wor-active,603,0.07918226718902588,1.0
all,0.0100,wor-uniform,603,0.09222227334976196,1.0
all,0.0100,wor-active,604,0.07051508128643036,1.0
all,0.0100,wor-uniform,604,0.09125642478466034,1.0
all,0.0100,wor-active,605,0.10870367288589478,1.0
all,0.0100,wor-uniform,605,0.07701919972896576,1.0
all,0.0100,wor-active,606,0.06401219964027405,1.0
all,0.0100,wor-uniform,606,0.09171323478221893,1.0
all,0.0100,wor-active,607,0.076092928647995,1.0
all,0.0100,wor-uniform,607,0.07735200226306915,1.0
all,0.0100,wor-active,608,0.0928884744644165,1.0
all,0.0100,wor-uniform,608,0.09842133522033691,0.0
all,0.0100,wor-active,609,0.09958969056606293,1.0
all,0.0100,wor-uniform,609,0.07663697004318237,1.0
all,0.0100,wor-active,610,0.06997919082641602,1.0
all,0.0100,wor-uniform,610,0.08740246295928955,1.0
all,0.0100,wor-active,611,0.08382800221443176,1.0
all,0.0100,wor-uniform,611,0.0837157815694809,1.0
all,0.0100,wor-active,612,0.06588825583457947,0.0
all,0.0100,wor-uniform,612,0.08699683845043182,1.0
all,0.0100,wor-active,613,0.06825253367424011,1.0
all,0.0100,wor-uniform,613,0.08610039949417114,1.0
all,0.0100,wor-active,614,0.0700494647026062,1.0
all,0.0100,wor-uniform,614,0.09121716022491455,1.0
all,0.0100,wor-active,615,0.08356581628322601,1.0
all,0.0100,wor-uniform,615,0.08923065662384033,1.0
all,0.0100,wor-active,616,0.08202284574508667,1.0
all,0.0100,wor-uniform,616,0.08345133066177368,0.0
all,0.0100,wor-active,617,0.08404004573822021,1.0
all,0.0100,wor-uniform,617,0.08956193923950195,1.0
all,0.0100,wor-active,618,0.07379531860351562,1.0
all,0.0100,wor-uniform,618,0.0903923511505127,1.0
all,0.0100,wor-active,619,0.07325530052185059,1.0
all,0.0100,wor-uniform,619,0.07944850623607635,1.0
all,0.0100,wor-active,620,0.07135182619094849,1.0
all,0.0100,wor-uniform,620,0.09936237335205078,0.0
all,0.0100,wor-active,621,0.08260904252529144,0.0
all,0.0100,wor-uniform,621,0.08727759122848511,1.0
all,0.0100,wor-active,622,0.08609092235565186,1.0
all,0.0100,wor-uniform,622,0.09059537947177887,1.0
all,0.0100,wor-active,623,0.07413563132286072,1.0
all,0.0100,wor-uniform,623,0.09610182046890259,1.0
all,0.0100,wor-active,624,0.0786181092262268,1.0
all,0.0100,wor-uniform,624,0.10166718065738678,1.0
all,0.0100,wor-active,625,0.07565334439277649,1.0
all,0.0100,wor-uniform,625,0.09538529813289642,1.0
all,0.0100,wor-active,626,0.094754159450531,1.0
all,0.0100,wor-uniform,626,0.08483558893203735,1.0
all,0.0100,wor-active,627,0.08140361309051514,1.0
all,0.0100,wor-uniform,627,0.0799933522939682,1.0
all,0.0100,wor-active,628,0.06629030406475067,1.0
all,0.0100,wor-uniform,628,0.07610246539115906,1.0
all,0.0100,wor-active,629,0.07687091827392578,1.0
all,0.0100,wor-uniform,629,0.08315195143222809,1.0
all,0.0100,wor-active,630,0.0838158130645752,1.0
all,0.0100,wor-uniform,630,0.07925021648406982,1.0
all,0.0100,wor-active,631,0.06670090556144714,1.0
all,0.0100,wor-uniform,631,0.08335272967815399,1.0
all,0.0100,wor-active,632,0.091805100440979,1.0
all,0.0100,wor-uniform,632,0.07985883951187134,1.0
all,0.0100,wor-active,633,0.07801148295402527,1.0
all,0.0100,wor-uniform,633,0.09119588136672974,1.0
all,0.0100,wor-active,634,0.06705856323242188,1.0
all,0.0100,wor-uniform,634,0.08496248722076416,1.0
all,0.0100,wor-active,635,0.08524477481842041,1.0
all,0.0100,wor-uniform,635,0.08713316917419434,1.0
all,0.0100,wor-active,636,0.07334288954734802,1.0
all,0.0100,wor-uniform,636,0.09565693140029907,1.0
all,0.0100,wor-active,637,0.11021155118942261,0.0
all,0.0100,wor-uniform,637,0.09572005271911621,1.0
all,0.0100,wor-active,638,0.06318311393260956,0.0
all,0.0100,wor-uniform,638,0.09600366652011871,1.0
all,0.0100,wor-active,639,0.07370288670063019,1.0
all,0.0100,wor-uniform,639,0.08318091928958893,1.0
all,0.0100,wor-active,640,0.08613419532775879,1.0
all,0.0100,wor-uniform,640,0.09839783608913422,1.0
all,0.0100,wor-active,641,0.06242923438549042,0.0
all,0.0100,wor-uniform,641,0.09104466438293457,1.0
all,0.0100,wor-active,642,0.07348640263080597,1.0
all,0.0100,wor-uniform,642,0.07701432704925537,1.0
all,0.0100,wor-active,643,0.09885585308074951,1.0
all,0.0100,wor-uniform,643,0.08742111921310425,1.0
all,0.0100,wor-active,644,0.07297128438949585,1.0
all,0.0100,wor-uniform,644,0.09143494069576263,1.0
all,0.0100,wor-active,645,0.08509472012519836,1.0
all,0.0100,wor-uniform,645,0.08722545206546783,1.0
all,0.0100,wor-active,646,0.07050371170043945,1.0
all,0.0100,wor-uniform,646,0.07573777437210083,1.0
all,0.0100,wor-active,647,0.06678685545921326,1.0
all,0.0100,wor-uniform,647,0.09089595079421997,1.0
all,0.0100,wor-active,648,0.09399247169494629,1.0
all,0.0100,wor-uniform,648,0.08401179313659668,1.0
all,0.0100,wor-active,649,0.08837509155273438,1.0
all,0.0100,wor-uniform,649,0.08495040237903595,1.0
all,0.0100,wor-active,650,0.08227035403251648,1.0
all,0.0100,wor-uniform,650,0.081759512424469,1.0
all,0.0100,wor-active,651,0.08626896142959595,1.0
all,0.0100,wor-uniform,651,0.08635631203651428,1.0
all,0.0100,wor-active,652,0.07671427726745605,1.0
all,0.0100,wor-uniform,652,0.0715692788362503,1.0
all,0.0100,wor-active,653,0.06650669872760773,1.0
all,0.0100,wor-uniform,653,0.07646095752716064,0.0
all,0.0100,wor-active,654,0.06579320132732391,1.0
all,0.0100,wor-uniform,654,0.08327591419219971,1.0
all,0.0100,wor-active,655,0.06760160624980927,1.0
all,0.0100,wor-uniform,655,0.10175842046737671,1.0
all,0.0100,wor-active,656,0.07114773988723755,1.0
all,0.0100,wor-uniform,656,0.0950348973274231,1.0
all,0.0100,wor-active,657,0.0840727686882019,1.0
all,0.0100,wor-uniform,657,0.0866394191980362,1.0
all,0.0100,wor-active,658,0.09137308597564697,1.0
all,0.0100,wor-uniform,658,0.0800970047712326,1.0
all,0.0100,wor-active,659,0.09052564203739166,1.0
all,0.0100,wor-uniform,659,0.10386925935745239,0.0
all,0.0100,wor-active,660,0.06427417695522308,1.0
all,0.0100,wor-uniform,660,0.09733647108078003,1.0
all,0.0100,wor-active,661,0.07015551626682281,1.0
all,0.0100,wor-uniform,661,0.09497958421707153,1.0
all,0.0100,wor-active,662,0.0505245178937912,1.0
all,0.0100,wor-uniform,662,0.0971190333366394,1.0
all,0.0100,wor-active,663,0.07027198374271393,1.0
all,0.0100,wor-uniform,663,0.08654852211475372,1.0
all,0.0100,wor-active,664,0.09988853335380554,1.0
all,0.0100,wor-uniform,664,0.0743304193019867,1.0
all,0.0100,wor-active,665,0.06654919683933258,1.0
all,0.0100,wor-uniform,665,0.10011707246303558,1.0
all,0.0200,wor-active,333,0.05708736181259155,1.0
all,0.0200,wor-uniform,333,0.06632256507873535,1.0
all,0.0200,wor-active,334,0.059323787689208984,1.0
all,0.0200,wor-uniform,334,0.06459134817123413,1.0
all,0.0200,wor-active,335,0.05856122076511383,1.0
all,0.0200,wor-uniform,335,0.06193900108337402,1.0
all,0.0200,wor-active,336,0.05405139923095703,1.0
all,0.0200,wor-uniform,336,0.05698372423648834,1.0
all,0.0200,wor-active,337,0.057504430413246155,1.0
all,0.0200,wor-uniform,337,0.05967056751251221,1.0
all,0.0200,wor-active,338,0.056306421756744385,1.0
all,0.0200,wor-uniform,338,0.0648922324180603,1.0
all,0.0200,wor-active,339,0.058397844433784485,0.0
all,0.0200,wor-uniform,339,0.06348806619644165,1.0
all,0.0200,wor-active,340,0.06728285551071167,1.0
all,0.0200,wor-uniform,340,0.057362496852874756,1.0
all,0.0200,wor-active,341,0.06094092130661011,0.0
all,0.0200,wor-uniform,341,0.061279118061065674,1.0
all,0.0200,wor-active,342,0.050607845187187195,1.0
all,0.0200,wor-uniform,342,0.06093025207519531,1.0
all,0.0200,wor-active,343,0.05087459087371826,1.0
all,0.0200,wor-uniform,343,0.06483699381351471,1.0
all,0.0200,wor-active,344,0.05512842535972595,1.0
all,0.0200,wor-uniform,344,0.06063620746135712,1.0
all,0.0200,wor-active,345,0.06206713616847992,1.0
all,0.0200,wor-uniform,345,0.06410366296768188,1.0
all,0.0200,wor-active,346,0.053626686334609985,0.0
all,0.0200,wor-uniform,346,0.06313037872314453,1.0
all,0.0200,wor-active,347,0.05702704191207886,1.0
all,0.0200,wor-uniform,347,0.05766516923904419,1.0
all,0.0200,wor-active,348,0.06038695573806763,1.0
all,0.0200,wor-uniform,348,0.061455994844436646,1.0
all,0.0200,wor-active,349,0.04694332182407379,1.0
all,0.0200,wor-uniform,349,0.06580571830272675,1.0
all,0.0200,wor-active,350,0.05649259686470032,1.0
all,0.0200,wor-uniform,350,0.0582154244184494,1.0
all,0.0200,wor-active,351,0.0569126158952713,1.0
all,0.0200,wor-uniform,351,0.06778711080551147,0.0
all,0.0200,wor-active,352,0.05340778827667236,1.0
all,0.0200,wor-uniform,352,0.058512136340141296,1.0
all,0.0200,wor-active,353,0.06150330603122711,1.0
all,0.0200,wor-uniform,353,0.05894330143928528,0.0
all,0.0200,wor-active,354,0.05441306531429291,1.0
all,0.0200,wor-uniform,354,0.06400762498378754,1.0
all,0.0200,wor-active,355,0.05665196478366852,1.0
all,0.0200,wor-uniform,355,0.05924861133098602,0.0
all,0.0200,wor-active,356,0.045345306396484375,1.0
all,0.0200,wor-uniform,356,0.05537231266498566,1.0
all,0.0200,wor-active,357,0.052299052476882935,1.0
all,0.0200,wor-uniform,357,0.062007829546928406,0.0
all,0.0200,wor-active,358,0.06378626823425293,1.0
all,0.0200,wor-uniform,358,0.062332674860954285,1.0
all,0.0200,wor-active,359,0.06773577630519867,1.0
all,0.0200,wor-uniform,359,0.06326054036617279,1.0
all,0.0200,wor-active,360,0.04943007230758667,1.0
all,0.0200,wor-uniform,360,0.06481511890888214,1.0
all,0.0200,wor-active,361,0.058191850781440735,1.0
all,0.0200,wor-uniform,361,0.06065106391906738,1.0
all,0.0200,wor-active,362,0.06502754986286163,1.0
all,0.0200,wor-uniform,362,0.06401032209396362,1.0
all,0.0200,wor-active,363,0.047013506293296814,1.0
all,0.0200,wor-uniform,363,0.0600285679101944,1.0
all,0.0200,wor-active,364,0.051202237606048584,1.0
all,0.0200,wor-uniform,364,0.06350845098495483,1.0
all,0.0200,wor-active,365,0.04801446199417114,1.0
all,0.0200,wor-uniform,365,0.06853540241718292,1.0
all,0.0200,wor-active,366,0.05477699637413025,1.0
all,0.0200,wor-uniform,366,0.06126175820827484,1.0
all,0.0200,wor-active,367,0.06201641261577606,1.0
all,0.0200,wor-uniform,367,0.06763215363025665,1.0
all,0.0200,wor-active,368,0.0660238265991211,1.0
all,0.0200,wor-uniform,368,0.05596427619457245,1.0
all,0.0200,wor-active,369,0.05254586040973663,1.0
all,0.0200,wor-uniform,369,0.06339113414287567,1.0
all,0.0200,wor-active,370,0.06326568126678467,1.0
all,0.0200,wor-uniform,370,0.06153860688209534,1.0
all,0.0200,wor-active,371,0.04710114002227783,1.0
all,0.0200,wor-uniform,371,0.06634493172168732,1.0
all,0.0200,wor-active,372,0.05965133011341095,1.0
all,0.0200,wor-uniform,372,0.06382244825363159,1.0
all,0.0200,wor-active,373,0.05841851234436035,1.0
all,0.0200,wor-uniform,373,0.0587625652551651,1.0
all,0.0200,wor-active,374,0.066379114985466,1.0
all,0.0200,wor-uniform,374,0.06082165241241455,1.0
all,0.0200,wor-active,375,0.05313122272491455,1.0
all,0.0200,wor-uniform,375,0.054489195346832275,0.0
all,0.0200,wor-active,376,0.05913466215133667,1.0
all,0.0200,wor-uniform,376,0.05844049155712128,1.0
all,0.0200,wor-active,377,0.0639880895614624,1.0
all,0.0200,wor-uniform,377,0.055763572454452515,1.0
all,0.0200,wor-active,378,0.054912686347961426,1.0
all,0.0200,wor-uniform,378,0.05949842929840088,1.0
all,0.0200,wor-active,379,0.05884832143783569,1.0
all,0.0200,wor-uniform,379,0.06215709447860718,1.0
all,0.0200,wor-active,380,0.056793972849845886,1.0
all,0.0200,wor-uniform,380,0.06173795461654663,1.0
all,0.0200,wor-active,381,0.06682795286178589,1.0
all,0.0200,wor-uniform,381,0.06357826292514801,1.0
all,0.0200,wor-active,382,0.0555616170167923,1.0
all,0.0200,wor-uniform,382,0.06675277650356293,1.0
all,0.0200,wor-active,383,0.05281458795070648,1.0
all,0.0200,wor-uniform,383,0.06395059823989868,1.0
all,0.0200,wor-active,384,0.056359052658081055,1.0
all,0.0200,wor-uniform,384,0.06301838159561157,1.0
all,0.0200,wor-active,385,0.05098353326320648,1.0
all,0.0200,wor-uniform,385,0.0631142407655716,1.0
all,0.0200,wor-active,386,0.06009121239185333,1.0
all,0.0200,wor-uniform,386,0.06262458860874176,1.0
all,0.0200,wor-active,387,0.0563274621963501,1.0
all,0.0200,wor-uniform,387,0.05437245965003967,1.0
all,0.0200,wor-active,388,0.05138479173183441,1.0
all,0.0200,wor-uniform,388,0.05538773536682129,1.0
all,0.0200,wor-active,389,0.05917416512966156,1.0
all,0.0200,wor-uniform,389,0.057962194085121155,1.0
all,0.0200,wor-active,390,0.050375163555145264,1.0
all,0.0200,wor-uniform,390,0.05629141628742218,1.0
all,0.0200,wor-active,391,0.06904302537441254,1.0
all,0.0200,wor-uniform,391,0.062482431530952454,1.0
all,0.0200,wor-active,392,0.058266639709472656,1.0
all,0.0200,wor-uniform,392,0.06792342662811279,1.0
all,0.0200,wor-active,393,0.05314606428146362,1.0
all,0.0200,wor-uniform,393,0.05988866090774536,1.0
all,0.0200,wor-active,394,0.04769730567932129,1.0
all,0.0200,wor-uniform,394,0.060008347034454346,1.0
all,0.0200,wor-active,395,0.05402791500091553,1.0
all,0.0200,wor-uniform,395,0.06289070844650269,1.0
all,0.0200,wor-active,396,0.05219227075576782,1.0
all,0.0200,wor-uniform,396,0.06675094366073608,1.0
all,0.0200,wor-active,397,0.05207175016403198,1.0
all,0.0200,wor-uniform,397,0.06268972158432007,1.0
all,0.0200,wor-active,398,0.059387803077697754,1.0
all,0.0200,wor-uniform,398,0.06372116506099701,1.0
all,0.0200,wor-active,399,0.06480193138122559,1.0
all,0.0200,wor-uniform,399,0.06367070972919464,1.0
all,0.0200,wor-active,400,0.057249411940574646,1.0
all,0.0200,wor-uniform,400,0.06976814568042755,1.0
all,0.0200,wor-active,401,0.060719624161720276,1.0
all,0.0200,wor-uniform,401,0.05687543749809265,0.0
all,0.0200,wor-active,402,0.07010900974273682,0.0
all,0.0200,wor-uniform,402,0.06369155645370483,1.0
all,0.0200,wor-active,403,0.049721166491508484,1.0
all,0.0200,wor-uniform,403,0.06216835975646973,1.0
all,0.0200,wor-active,404,0.06063586473464966,1.0
all,0.0200,wor-uniform,404,0.06346654891967773,1.0
all,0.0200,wor-active,405,0.049453139305114746,1.0
all,0.0200,wor-uniform,405,0.0672960877418518,1.0
all,0.0200,wor-active,406,0.05602043867111206,1.0
all,0.0200,wor-uniform,406,0.06122446060180664,1.0
all,0.0200,wor-active,407,0.049354299902915955,1.0
all,0.0200,wor-uniform,407,0.06523047387599945,1.0
all,0.0200,wor-active,408,0.053715333342552185,1.0
all,0.0200,wor-uniform,408,0.05676928162574768,1.0
all,0.0200,wor-active,409,0.059009015560150146,1.0
all,0.0200,wor-uniform,409,0.06678487360477448,1.0
all,0.0200,wor-active,410,0.06403003633022308,1.0
all,0.0200,wor-uniform,410,0.05924002826213837,1.0
all,0.0200,wor-active,411,0.05046771466732025,1.0
all,0.0200,wor-uniform,411,0.05695992708206177,1.0
all,0.0200,wor-active,412,0.05142591893672943,1.0
all,0.0200,wor-uniform,412,0.061857789754867554,1.0
all,0.0200,wor-active,413,0.04597973823547363,0.0
all,0.0200,wor-uniform,413,0.06211934983730316,1.0
all,0.0200,wor-active,414,0.06152242422103882,1.0
all,0.0200,wor-uniform,414,0.06152702867984772,1.0
all,0.0200,wor-active,415,0.06126236915588379,1.0
all,0.0200,wor-uniform,415,0.0646507740020752,1.0
all,0.0200,wor-active,416,0.05192303657531738,1.0
all,0.0200,wor-uniform,416,0.06797033548355103,1.0
all,0.0200,wor-active,417,0.055541351437568665,1.0
all,0.0200,wor-uniform,417,0.05950307846069336,1.0
all,0.0200,wor-active,418,0.05006459355354309,1.0
all,0.0200,wor-uniform,418,0.06579971313476562,1.0
all,0.0200,wor-active,419,0.04581214487552643,1.0
all,0.0200,wor-uniform,419,0.0623205304145813,1.0
all,0.0200,wor-active,420,0.046142056584358215,1.0
all,0.0200,wor-uniform,420,0.057199135422706604,1.0
all,0.0200,wor-active,421,0.06061959266662598,0.0
all,0.0200,wor-uniform,421,0.05812235176563263,1.0
all,0.0200,wor-active,422,0.050944387912750244,1.0
all,0.0200,wor-uniform,422,0.05683712661266327,1.0
all,0.0200,wor-active,423,0.05990798771381378,1.0
all,0.0200,wor-uniform,423,0.06788474321365356,1.0
all,0.0200,wor-active,424,0.04937721788883209,1.0
all,0.0200,wor-uniform,424,0.06866729259490967,0.0
all,0.0200,wor-active,425,0.05081246793270111,1.0
all,0.0200,wor-uniform,425,0.054943665862083435,1.0
all,0.0200,wor-active,426,0.059657081961631775,1.0
all,0.0200,wor-uniform,426,0.06606175005435944,1.0
all,0.0200,wor-active,427,0.04882115125656128,0.0
all,0.0200,wor-uniform,427,0.05957677960395813,1.0
all,0.0200,wor-active,428,0.05327959358692169,1.0
all,0.0200,wor-uniform,428,0.06426596641540527,1.0
all,0.0200,wor-active,429,0.06322300434112549,1.0
all,0.0200,wor-uniform,429,0.06898915767669678,1.0
all,0.0200,wor-active,430,0.056282222270965576,1.0
all,0.0200,wor-uniform,430,0.06053481996059418,1.0
all,0.0200,wor-active,431,0.06295917928218842,1.0
all,0.0200,wor-uniform,431,0.0661630630493164,0.0
all,0.0200,wor-active,432,0.052768006920814514,1.0
all,0.0200,wor-uniform,432,0.06350381672382355,1.0
all,0.0200,wor-active,433,0.055085718631744385,1.0
all,0.0200,wor-uniform,433,0.0650705099105835,1.0
all,0.0200,wor-active,434,0.060479894280433655,1.0
all,0.0200,wor-uniform,434,0.061115458607673645,1.0
all,0.0200,wor-active,435,0.05626046657562256,1.0
all,0.0200,wor-uniform,435,0.06049168109893799,1.0
all,0.0200,wor-active,436,0.06556214392185211,1.0
all,0.0200,wor-uniform,436,0.06188051402568817,1.0
all,0.0200,wor-active,437,0.06204386055469513,1.0
all,0.0200,wor-uniform,437,0.06578634679317474,1.0
all,0.0200,wor-active,438,0.05935259163379669,1.0
all,0.0200,wor-uniform,438,0.06094081699848175,1.0
all,0.0200,wor-active,439,0.058150410652160645,1.0
all,0.0200,wor-uniform,439,0.06204104423522949,1.0
all,0.0200,wor-active,440,0.04980206489562988,1.0
all,0.0200,wor-uniform,440,0.06136089563369751,1.0
all,0.0200,wor-active,441,0.05675816535949707,1.0
all,0.0200,wor-uniform,441,0.06272757053375244,1.0
all,0.0200,wor-active,442,0.058352917432785034,1.0
all,0.0200,wor-uniform,442,0.06536865234375,1.0
all,0.0200,wor-active,443,0.05398857593536377,1.0
all,0.0200,wor-uniform,443,0.05913488566875458,1.0
all,0.0200,wor-active,444,0.05340585112571716,1.0
all,0.0200,wor-uniform,444,0.06724745035171509,1.0
all,0.0200,wor-active,445,0.05750186741352081,1.0
all,0.0200,wor-uniform,445,0.05915999412536621,1.0
all,0.0200,wor-active,446,0.06196564435958862,1.0
all,0.0200,wor-uniform,446,0.06270758807659149,1.0
all,0.0200,wor-active,447,0.05626349151134491,1.0
all,0.0200,wor-uniform,447,0.06250691413879395,1.0
all,0.0200,wor-active,448,0.054052695631980896,1.0
all,0.0200,wor-uniform,448,0.06367099285125732,1.0
all,0.0200,wor-active,449,0.0521879643201828,1.0
all,0.0200,wor-uniform,449,0.06014707684516907,0.0
all,0.0200,wor-active,450,0.06488043069839478,1.0
all,0.0200,wor-uniform,450,0.06031036376953125,1.0
all,0.0200,wor-active,451,0.06316512823104858,1.0
all,0.0200,wor-uniform,451,0.06279909610748291,1.0
all,0.0200,wor-active,452,0.05201609432697296,1.0
all,0.0200,wor-uniform,452,0.06437879800796509,1.0
all,0.0200,wor-active,453,0.06296628713607788,1.0
all,0.0200,wor-uniform,453,0.06027919054031372,1.0
all,0.0200,wor-active,454,0.052182912826538086,1.0
all,0.0200,wor-uniform,454,0.06019479036331177,1.0
all,0.0200,wor-active,455,0.06449675559997559,1.0
all,0.0200,wor-uniform,455,0.05892914533615112,1.0
all,0.0200,wor-active,456,0.04950881004333496,1.0
all,0.0200,wor-uniform,456,0.06065559387207031,1.0
all,0.0200,wor-active,457,0.052503734827041626,1.0
all,0.0200,wor-uniform,457,0.06438624858856201,1.0
all,0.0200,wor-active,458,0.052442267537117004,1.0
all,0.0200,wor-uniform,458,0.06352314352989197,1.0
all,0.0200,wor-active,459,0.055094435811042786,1.0
all,0.0200,wor-uniform,459,0.06634533405303955,1.0
all,0.0200,wor-active,460,0.05378657579421997,1.0
all,0.0200,wor-uniform,460,0.058260560035705566,0.0
all,0.0200,wor-active,461,0.05529052019119263,1.0
all,0.0200,wor-uniform,461,0.06130659580230713,1.0
all,0.0200,wor-active,462,0.05636250972747803,1.0
all,0.0200,wor-uniform,462,0.05470283329486847,1.0
all,0.0200,wor-active,463,0.060580670833587646,1.0
all,0.0200,wor-uniform,463,0.058106303215026855,1.0
all,0.0200,wor-active,464,0.060925960540771484,1.0
all,0.0200,wor-uniform,464,0.060441434383392334,1.0
all,0.0200,wor-active,465,0.05180735886096954,1.0
all,0.0200,wor-uniform,465,0.0629662424325943,1.0
all,0.0200,wor-active,466,0.05975352227687836,1.0
all,0.0200,wor-uniform,466,0.06229090690612793,1.0
all,0.0200,wor-active,467,0.05421482026576996,1.0
all,0.0200,wor-uniform,467,0.0627046674489975,1.0
all,0.0200,wor-active,468,0.05440057814121246,1.0
all,0.0200,wor-uniform,468,0.06387513875961304,1.0
all,0.0200,wor-active,469,0.050954222679138184,1.0
all,0.0200,wor-uniform,469,0.06724847853183746,1.0
all,0.0200,wor-active,470,0.05684792995452881,1.0
all,0.0200,wor-uniform,470,0.058243587613105774,1.0
all,0.0200,wor-active,471,0.05321073532104492,1.0
all,0.0200,wor-uniform,471,0.063521608710289,1.0
all,0.0200,wor-active,472,0.06433141231536865,1.0
all,0.0200,wor-uniform,472,0.060134828090667725,1.0
all,0.0200,wor-active,473,0.06170743703842163,1.0
all,0.0200,wor-uniform,473,0.054397404193878174,1.0
all,0.0200,wor-active,474,0.05106538534164429,1.0
all,0.0200,wor-uniform,474,0.0640830546617508,1.0
all,0.0200,wor-active,475,0.05643397569656372,1.0
all,0.0200,wor-uniform,475,0.06887209415435791,1.0
all,0.0200,wor-active,476,0.051956698298454285,1.0
all,0.0200,wor-uniform,476,0.06049208343029022,1.0
all,0.0200,wor-active,477,0.051455795764923096,1.0
all,0.0200,wor-uniform,477,0.06525169312953949,1.0
all,0.0200,wor-active,478,0.061044156551361084,1.0
all,0.0200,wor-uniform,478,0.06988860666751862,1.0
all,0.0200,wor-active,479,0.06778687238693237,1.0
all,0.0200,wor-uniform,479,0.06565743684768677,1.0
all,0.0200,wor-active,480,0.056307896971702576,1.0
all,0.0200,wor-uniform,480,0.06835824251174927,1.0
all,0.0200,wor-active,481,0.04993109405040741,1.0
all,0.0200,wor-uniform,481,0.06600916385650635,1.0
all,0.0200,wor-active,482,0.04559731483459473,0.0
all,0.0200,wor-uniform,482,0.06010541319847107,0.0
all,0.0200,wor-active,483,0.05473478138446808,1.0
all,0.0200,wor-uniform,483,0.05894893407821655,1.0
all,0.0200,wor-active,484,0.04733875393867493,1.0
all,0.0200,wor-uniform,484,0.06217771768569946,1.0
all,0.0200,wor-active,485,0.05654036998748779,1.0
all,0.0200,wor-uniform,485,0.058922454714775085,1.0
all,0.0200,wor-active,486,0.05547584593296051,1.0
all,0.0200,wor-uniform,486,0.060057878494262695,1.0
all,0.0200,wor-active,487,0.05675666034221649,1.0
all,0.0200,wor-uniform,487,0.058681800961494446,1.0
all,0.0200,wor-active,488,0.05315785109996796,1.0
all,0.0200,wor-uniform,488,0.057093262672424316,1.0
all,0.0200,wor-active,489,0.05738602578639984,1.0
all,0.0200,wor-uniform,489,0.06923520565032959,1.0
all,0.0200,wor-active,490,0.05393703281879425,1.0
all,0.0200,wor-uniform,490,0.05751234292984009,1.0
all,0.0200,wor-active,491,0.05547647178173065,1.0
all,0.0200,wor-uniform,491,0.059715986251831055,1.0
all,0.0200,wor-active,492,0.04896096885204315,1.0
all,0.0200,wor-uniform,492,0.06594054400920868,1.0
all,0.0200,wor-active,493,0.049253225326538086,1.0
all,0.0200,wor-uniform,493,0.06451807916164398,1.0
all,0.0200,wor-active,494,0.05542728304862976,0.0
all,0.0200,wor-uniform,494,0.06239724159240723,1.0
all,0.0200,wor-active,495,0.06601309776306152,1.0
all,0.0200,wor-uniform,495,0.06723892688751221,1.0
all,0.0200,wor-active,496,0.05532689392566681,1.0
all,0.0200,wor-uniform,496,0.06097698211669922,1.0
all,0.0200,wor-active,497,0.05487528443336487,1.0
all,0.0200,wor-uniform,497,0.060055211186409,1.0
all,0.0200,wor-active,498,0.060856521129608154,1.0
all,0.0200,wor-uniform,498,0.06256324052810669,1.0
all,0.0200,wor-active,499,0.055262237787246704,1.0
all,0.0200,wor-uniform,499,0.0583932101726532,1.0
all,0.0200,wor-active,500,0.04746599495410919,1.0
all,0.0200,wor-uniform,500,0.06335246562957764,1.0
all,0.0200,wor-active,501,0.05850344896316528,1.0
all,0.0200,wor-uniform,501,0.06202268600463867,1.0
all,0.0200,wor-active,502,0.0501665323972702,1.0
all,0.0200,wor-uniform,502,0.06301076710224152,1.0
all,0.0200,wor-active,503,0.05622144043445587,1.0
all,0.0200,wor-uniform,503,0.06418634951114655,1.0
all,0.0200,wor-active,504,0.06484544277191162,1.0
all,0.0200,wor-uniform,504,0.0633004903793335,1.0
all,0.0200,wor-active,505,0.0641089528799057,1.0
all,0.0200,wor-uniform,505,0.062208741903305054,1.0
all,0.0200,wor-active,506,0.05958157777786255,1.0
all,0.0200,wor-uniform,506,0.052783653140068054,1.0
all,0.0200,wor-active,507,0.06477943062782288,1.0
all,0.0200,wor-uniform,507,0.06650419533252716,1.0
all,0.0200,wor-active,508,0.06152564287185669,1.0
all,0.0200,wor-uniform,508,0.06624031066894531,1.0
all,0.0200,wor-active,509,0.05397516489028931,1.0
all,0.0200,wor-uniform,509,0.06781892478466034,1.0
all,0.0200,wor-active,510,0.05348639190196991,1.0
all,0.0200,wor-uniform,510,0.06384766101837158,1.0
all,0.0200,wor-active,511,0.05828678607940674,1.0
all,0.0200,wor-uniform,511,0.06264126300811768,1.0
all,0.0200,wor-active,512,0.0589522123336792,0.0
all,0.0200,wor-uniform,512,0.06587874889373779,1.0
all,0.0200,wor-active,513,0.05472970008850098,1.0
all,0.0200,wor-uniform,513,0.06303918361663818,1.0
all,0.0200,wor-active,514,0.05660431087017059,1.0
all,0.0200,wor-uniform,514,0.06301742792129517,1.0
all,0.0200,wor-active,515,0.05727092921733856,1.0
all,0.0200,wor-uniform,515,0.0613064169883728,1.0
all,0.0200,wor-active,516,0.0535893589258194,1.0
all,0.0200,wor-uniform,516,0.05833844840526581,1.0
all,0.0200,wor-active,517,0.06456869840621948,1.0
all,0.0200,wor-uniform,517,0.06617242097854614,1.0
all,0.0200,wor-active,518,0.06453113257884979,1.0
all,0.0200,wor-uniform,518,0.06221967935562134,1.0
all,0.0200,wor-active,519,0.04382193088531494,0.0
all,0.0200,wor-uniform,519,0.05975089967250824,1.0
all,0.0200,wor-active,520,0.05567009747028351,1.0
all,0.0200,wor-uniform,520,0.05803780257701874,1.0
all,0.0200,wor-active,521,0.05481262505054474,1.0
all,0.0200,wor-uniform,521,0.06815981864929199,1.0
all,0.0200,wor-active,522,0.04200218617916107,1.0
all,0.0200,wor-uniform,522,0.05951829254627228,1.0
all,0.0200,wor-active,523,0.053795039653778076,1.0
all,0.0200,wor-uniform,523,0.06977909803390503,1.0
all,0.0200,wor-active,524,0.05975371599197388,1.0
all,0.0200,wor-uniform,524,0.06261634826660156,1.0
all,0.0200,wor-active,525,0.04818594455718994,1.0
all,0.0200,wor-uniform,525,0.05804675817489624,1.0
all,0.0200,wor-active,526,0.049082353711128235,1.0
all,0.0200,wor-uniform,526,0.06585109233856201,1.0
all,0.0200,wor-active,527,0.06576324999332428,1.0
all,0.0200,wor-uniform,527,0.062379419803619385,1.0
all,0.0200,wor-active,528,0.06037724018096924,1.0
all,0.0200,wor-uniform,528,0.07184328138828278,1.0
all,0.0200,wor-active,529,0.06276994943618774,1.0
all,0.0200,wor-uniform,529,0.05650550127029419,1.0
all,0.0200,wor-active,530,0.05281859636306763,1.0
all,0.0200,wor-uniform,530,0.07032184302806854,1.0
all,0.0200,wor-active,531,0.04729151725769043,1.0
all,0.0200,wor-uniform,531,0.05685579776763916,1.0
all,0.0200,wor-active,532,0.05919915437698364,1.0
all,0.0200,wor-uniform,532,0.05621202290058136,1.0
all,0.0200,wor-active,533,0.04916884005069733,1.0
all,0.0200,wor-uniform,533,0.06435719132423401,1.0
all,0.0200,wor-active,534,0.052047908306121826,1.0
all,0.0200,wor-uniform,534,0.0514962375164032,1.0
all,0.0200,wor-active,535,0.054876625537872314,1.0
all,0.0200,wor-uniform,535,0.06200297176837921,1.0
all,0.0200,wor-active,536,0.05751538276672363,1.0
all,0.0200,wor-uniform,536,0.06174194812774658,1.0
all,0.0200,wor-active,537,0.05041642487049103,1.0
all,0.0200,wor-uniform,537,0.060084909200668335,1.0
all,0.0200,wor-active,538,0.05159498751163483,1.0
all,0.0200,wor-uniform,538,0.06202985346317291,1.0
all,0.0200,wor-active,539,0.06364470720291138,1.0
all,0.0200,wor-uniform,539,0.06418631970882416,1.0
all,0.0200,wor-active,540,0.050231948494911194,1.0
all,0.0200,wor-uniform,540,0.06237369775772095,1.0
all,0.0200,wor-active,541,0.05421590805053711,1.0
all,0.0200,wor-uniform,541,0.05912874639034271,1.0
all,0.0200,wor-active,542,0.06964023411273956,1.0
all,0.0200,wor-uniform,542,0.05969579517841339,1.0
all,0.0200,wor-active,543,0.05744628608226776,1.0
all,0.0200,wor-uniform,543,0.06695006787776947,1.0
all,0.0200,wor-active,544,0.049855589866638184,1.0
all,0.0200,wor-uniform,544,0.06663636863231659,1.0
all,0.0200,wor-active,545,0.049217820167541504,1.0
all,0.0200,wor-uniform,545,0.05837911367416382,1.0
all,0.0200,wor-active,546,0.04824431240558624,0.0
all,0.0200,wor-uniform,546,0.06548745930194855,1.0
all,0.0200,wor-active,547,0.05787748098373413,0.0
all,0.0200,wor-uniform,547,0.06457169353961945,1.0
all,0.0200,wor-active,548,0.05130225419998169,1.0
all,0.0200,wor-uniform,548,0.06108146905899048,1.0
all,0.0200,wor-active,549,0.049961864948272705,1.0
all,0.0200,wor-uniform,549,0.06647273898124695,1.0
all,0.0200,wor-active,550,0.051935404539108276,1.0
all,0.0200,wor-uniform,550,0.06138716638088226,1.0
all,0.0200,wor-active,551,0.06645332276821136,1.0
all,0.0200,wor-uniform,551,0.057249367237091064,1.0
all,0.0200,wor-active,552,0.06013005971908569,1.0
all,0.0200,wor-uniform,552,0.05962032079696655,1.0
all,0.0200,wor-active,553,0.04547932744026184,0.0
all,0.0200,wor-uniform,553,0.0641152411699295,1.0
all,0.0200,wor-active,554,0.05886341631412506,1.0
all,0.0200,wor-uniform,554,0.05450049042701721,1.0
all,0.0200,wor-active,555,0.0497320294380188,1.0
all,0.0200,wor-uniform,555,0.06325995922088623,1.0
all,0.0200,wor-active,556,0.04547812044620514,0.0
all,0.0200,wor-uniform,556,0.06293219327926636,1.0
all,0.0200,wor-active,557,0.053812965750694275,1.0
all,0.0200,wor-uniform,557,0.06204785406589508,1.0
all,0.0200,wor-active,558,0.047683343291282654,1.0
all,0.0200,wor-uniform,558,0.06402838230133057,1.0
all,0.0200,wor-active,559,0.050151363015174866,1.0
all,0.0200,wor-uniform,559,0.050123512744903564,0.0
all,0.0200,wor-active,560,0.05354292690753937,1.0
all,0.0200,wor-uniform,560,0.058108389377593994,1.0
all,0.0200,wor-active,561,0.052149951457977295,1.0
all,0.0200,wor-uniform,561,0.06279249489307404,1.0
all,0.0200,wor-active,562,0.06956255435943604,1.0
all,0.0200,wor-uniform,562,0.058591246604919434,1.0
all,0.0200,wor-active,563,0.05862151086330414,1.0
all,0.0200,wor-uniform,563,0.06566274166107178,1.0
all,0.0200,wor-active,564,0.05653403699398041,1.0
all,0.0200,wor-uniform,564,0.066761314868927,1.0
all,0.0200,wor-active,565,0.05260924994945526,1.0
all,0.0200,wor-uniform,565,0.055204227566719055,1.0
all,0.0200,wor-active,566,0.051886409521102905,1.0
all,0.0200,wor-uniform,566,0.061646103858947754,1.0
all,0.0200,wor-active,567,0.05597616732120514,1.0
all,0.0200,wor-uniform,567,0.06740075349807739,1.0
all,0.0200,wor-active,568,0.051744937896728516,0.0
all,0.0200,wor-uniform,568,0.058745115995407104,1.0
all,0.0200,wor-active,569,0.06030696630477905,1.0
all,0.0200,wor-uniform,569,0.054762259125709534,1.0
all,0.0200,wor-active,570,0.05580337345600128,1.0
all,0.0200,wor-uniform,570,0.06638932228088379,1.0
all,0.0200,wor-active,571,0.05249661207199097,1.0
all,0.0200,wor-uniform,571,0.06691479682922363,1.0
all,0.0200,wor-active,572,0.05271434783935547,1.0
all,0.0200,wor-uniform,572,0.06466381251811981,1.0
all,0.0200,wor-active,573,0.05433531105518341,1.0
all,0.0200,wor-uniform,573,0.06282931566238403,1.0
all,0.0200,wor-active,574,0.0654544085264206,1.0
all,0.0200,wor-uniform,574,0.0672445148229599,1.0
all,0.0200,wor-active,575,0.05740247666835785,1.0
all,0.0200,wor-uniform,575,0.058078423142433167,1.0
all,0.0200,wor-active,576,0.051144540309906006,1.0
all,0.0200,wor-uniform,576,0.05823488533496857,1.0
all,0.0200,wor-active,577,0.051866307854652405,1.0
all,0.0200,wor-uniform,577,0.06270807981491089,1.0
all,0.0200,wor-active,578,0.05696168541908264,1.0
all,0.0200,wor-uniform,578,0.06041279435157776,1.0
all,0.0200,wor-active,579,0.060970842838287354,1.0
all,0.0200,wor-uniform,579,0.06277632713317871,1.0
all,0.0200,wor-active,580,0.050854504108428955,1.0
all,0.0200,wor-uniform,580,0.061874449253082275,1.0
all,0.0200,wor-active,581,0.05687740445137024,1.0
all,0.0200,wor-uniform,581,0.0622408390045166,1.0
all,0.0200,wor-active,582,0.04643626511096954,1.0
all,0.0200,wor-uniform,582,0.06305970251560211,1.0
all,0.0200,wor-active,583,0.050909623503685,1.0
all,0.0200,wor-uniform,583,0.06196647882461548,1.0
all,0.0200,wor-active,584,0.06509560346603394,1.0
all,0.0200,wor-uniform,584,0.06141139566898346,1.0
all,0.0200,wor-active,585,0.05011563003063202,0.0
all,0.0200,wor-uniform,585,0.06539350748062134,1.0
all,0.0200,wor-active,586,0.04430241882801056,1.0
all,0.0200,wor-uniform,586,0.06304030120372772,1.0
all,0.0200,wor-active,587,0.06706839799880981,1.0
all,0.0200,wor-uniform,587,0.054261356592178345,1.0
all,0.0200,wor-active,588,0.05611415207386017,1.0
all,0.0200,wor-uniform,588,0.06576819717884064,1.0
all,0.0200,wor-active,589,0.06636601686477661,1.0
all,0.0200,wor-uniform,589,0.0618961900472641,1.0
all,0.0200,wor-active,590,0.05366784334182739,1.0
all,0.0200,wor-uniform,590,0.067027747631073,1.0
all,0.0200,wor-active,591,0.05466771125793457,1.0
all,0.0200,wor-uniform,591,0.05970047414302826,1.0
all,0.0200,wor-active,592,0.04953567683696747,1.0
all,0.0200,wor-uniform,592,0.06297701597213745,1.0
all,0.0200,wor-active,593,0.05488789081573486,1.0
all,0.0200,wor-uniform,593,0.06378661096096039,1.0
all,0.0200,wor-active,594,0.06266337633132935,1.0
all,0.0200,wor-uniform,594,0.05804288387298584,1.0
all,0.0200,wor-active,595,0.054949283599853516,1.0
all,0.0200,wor-uniform,595,0.06039358675479889,1.0
all,0.0200,wor-active,596,0.05290338397026062,1.0
all,0.0200,wor-uniform,596,0.06006729602813721,1.0
all,0.0200,wor-active,597,0.05452856421470642,1.0
all,0.0200,wor-uniform,597,0.06741535663604736,1.0
all,0.0200,wor-active,598,0.0580800324678421,1.0
all,0.0200,wor-uniform,598,0.06467604637145996,1.0
all,0.0200,wor-active,599,0.05439692735671997,1.0
all,0.0200,wor-uniform,599,0.06312590837478638,1.0
all,0.0200,wor-active,600,0.06515026092529297,1.0
all,0.0200,wor-uniform,600,0.05870436131954193,1.0
all,0.0200,wor-active,601,0.053853511810302734,1.0
all,0.0200,wor-uniform,601,0.057566940784454346,1.0
all,0.0200,wor-active,602,0.05195005238056183,1.0
all,0.0200,wor-uniform,602,0.06627517938613892,1.0
all,0.0200,wor-active,603,0.055213987827301025,1.0
all,0.0200,wor-uniform,603,0.061951860785484314,1.0
all,0.0200,wor-active,604,0.05181138217449188,1.0
all,0.0200,wor-uniform,604,0.06265614926815033,1.0
all,0.0200,wor-active,605,0.05687075853347778,1.0
all,0.0200,wor-uniform,605,0.06113599240779877,1.0
all,0.0200,wor-active,606,0.05159483850002289,1.0
all,0.0200,wor-uniform,606,0.06361359357833862,1.0
all,0.0200,wor-active,607,0.05478185415267944,1.0
all,0.0200,wor-uniform,607,0.05732901394367218,1.0
all,0.0200,wor-active,608,0.055082499980926514,1.0
all,0.0200,wor-uniform,608,0.058299943804740906,1.0
all,0.0200,wor-active,609,0.05518829822540283,1.0
all,0.0200,wor-uniform,609,0.06439459323883057,1.0
all,0.0200,wor-active,610,0.043852388858795166,1.0
all,0.0200,wor-uniform,610,0.054539501667022705,1.0
all,0.0200,wor-active,611,0.06097577512264252,1.0
all,0.0200,wor-uniform,611,0.06087660789489746,1.0
all,0.0200,wor-active,612,0.050031259655952454,1.0
all,0.0200,wor-uniform,612,0.05625993013381958,1.0
all,0.0200,wor-active,613,0.05916257202625275,1.0
all,0.0200,wor-uniform,613,0.05766475200653076,1.0
all,0.0200,wor-active,614,0.05133187770843506,1.0
all,0.0200,wor-uniform,614,0.06546318531036377,1.0
all,0.0200,wor-active,615,0.056269168853759766,1.0
all,0.0200,wor-uniform,615,0.05464911460876465,1.0
all,0.0200,wor-active,616,0.058725520968437195,1.0
all,0.0200,wor-uniform,616,0.05782988667488098,1.0
all,0.0200,wor-active,617,0.057500049471855164,1.0
all,0.0200,wor-uniform,617,0.06023740768432617,1.0
all,0.0200,wor-active,618,0.05255448818206787,1.0
all,0.0200,wor-uniform,618,0.06323716044425964,1.0
all,0.0200,wor-active,619,0.05816882848739624,1.0
all,0.0200,wor-uniform,619,0.05991186201572418,1.0
all,0.0200,wor-active,620,0.054205819964408875,1.0
all,0.0200,wor-uniform,620,0.06356102228164673,1.0
all,0.0200,wor-active,621,0.04702353477478027,1.0
all,0.0200,wor-uniform,621,0.06559091806411743,1.0
all,0.0200,wor-active,622,0.053231000900268555,1.0
all,0.0200,wor-uniform,622,0.062237054109573364,1.0
all,0.0200,wor-active,623,0.0624319463968277,1.0
all,0.0200,wor-uniform,623,0.06258845329284668,1.0
all,0.0200,wor-active,624,0.0515708327293396,1.0
all,0.0200,wor-uniform,624,0.06599269807338715,1.0
all,0.0200,wor-active,625,0.05293557047843933,1.0
all,0.0200,wor-uniform,625,0.060276687145233154,1.0
all,0.0200,wor-active,626,0.06434613466262817,1.0
all,0.0200,wor-uniform,626,0.06592589616775513,1.0
all,0.0200,wor-active,627,0.052694618701934814,1.0
all,0.0200,wor-uniform,627,0.06429767608642578,1.0
all,0.0200,wor-active,628,0.04835933446884155,1.0
all,0.0200,wor-uniform,628,0.05494073033332825,1.0
all,0.0200,wor-active,629,0.0486903190612793,1.0
all,0.0200,wor-uniform,629,0.05731254816055298,1.0
all,0.0200,wor-active,630,0.0538824200630188,1.0
all,0.0200,wor-uniform,630,0.05692741274833679,1.0
all,0.0200,wor-active,631,0.05825161933898926,1.0
all,0.0200,wor-uniform,631,0.06093472242355347,1.0
all,0.0200,wor-active,632,0.051445573568344116,1.0
all,0.0200,wor-uniform,632,0.060245245695114136,1.0
all,0.0200,wor-active,633,0.052887365221977234,1.0
all,0.0200,wor-uniform,633,0.06341314315795898,1.0
all,0.0200,wor-active,634,0.050039589405059814,1.0
all,0.0200,wor-uniform,634,0.06782996654510498,1.0
all,0.0200,wor-active,635,0.044225335121154785,1.0
all,0.0200,wor-uniform,635,0.06374615430831909,1.0
all,0.0200,wor-active,636,0.05302165448665619,1.0
all,0.0200,wor-uniform,636,0.060215190052986145,1.0
all,0.0200,wor-active,637,0.06392587721347809,1.0
all,0.0200,wor-uniform,637,0.060808733105659485,1.0
all,0.0200,wor-active,638,0.06163029372692108,1.0
all,0.0200,wor-uniform,638,0.06111232936382294,1.0
all,0.0200,wor-active,639,0.05859799683094025,1.0
all,0.0200,wor-uniform,639,0.06841474771499634,1.0
all,0.0200,wor-active,640,0.05990387499332428,1.0
all,0.0200,wor-uniform,640,0.06223674118518829,1.0
all,0.0200,wor-active,641,0.049121201038360596,1.0
all,0.0200,wor-uniform,641,0.0668606162071228,0.0
all,0.0200,wor-active,642,0.04939045011997223,1.0
all,0.0200,wor-uniform,642,0.06000697612762451,1.0
all,0.0200,wor-active,643,0.050846561789512634,1.0
all,0.0200,wor-uniform,643,0.06483902037143707,1.0
all,0.0200,wor-active,644,0.05205811560153961,1.0
all,0.0200,wor-uniform,644,0.060113564133644104,1.0
all,0.0200,wor-active,645,0.044974446296691895,1.0
all,0.0200,wor-uniform,645,0.06416428089141846,1.0
all,0.0200,wor-active,646,0.05792699754238129,1.0
all,0.0200,wor-uniform,646,0.05774727463722229,1.0
all,0.0200,wor-active,647,0.05360816419124603,1.0
all,0.0200,wor-uniform,647,0.06442877650260925,1.0
all,0.0200,wor-active,648,0.05750399827957153,1.0
all,0.0200,wor-uniform,648,0.06026899814605713,1.0
all,0.0200,wor-active,649,0.05589574575424194,1.0
all,0.0200,wor-uniform,649,0.0631001740694046,1.0
all,0.0200,wor-active,650,0.05930212140083313,1.0
all,0.0200,wor-uniform,650,0.07054466009140015,1.0
all,0.0200,wor-active,651,0.062473297119140625,1.0
all,0.0200,wor-uniform,651,0.057683348655700684,1.0
all,0.0200,wor-active,652,0.05293413996696472,1.0
all,0.0200,wor-uniform,652,0.06210552155971527,1.0
all,0.0200,wor-active,653,0.04980209469795227,0.0
all,0.0200,wor-uniform,653,0.05626398324966431,1.0
all,0.0200,wor-active,654,0.05840367078781128,1.0
all,0.0200,wor-uniform,654,0.06476593017578125,1.0
all,0.0200,wor-active,655,0.052144452929496765,1.0
all,0.0200,wor-uniform,655,0.06007182598114014,1.0
all,0.0200,wor-active,656,0.06224741041660309,1.0
all,0.0200,wor-uniform,656,0.05785030126571655,1.0
all,0.0200,wor-active,657,0.06074194610118866,1.0
all,0.0200,wor-uniform,657,0.06382781267166138,1.0
all,0.0200,wor-active,658,0.056976333260536194,1.0
all,0.0200,wor-uniform,658,0.06325644254684448,1.0
all,0.0200,wor-active,659,0.05320793390274048,1.0
all,0.0200,wor-uniform,659,0.06298685073852539,1.0
all,0.0200,wor-active,660,0.06913506984710693,1.0
all,0.0200,wor-uniform,660,0.06552879512310028,1.0
all,0.0200,wor-active,661,0.05730080604553223,1.0
all,0.0200,wor-uniform,661,0.06564086675643921,1.0
all,0.0200,wor-active,662,0.04742966592311859,1.0
all,0.0200,wor-uniform,662,0.06221923232078552,1.0
all,0.0200,wor-active,663,0.05408070981502533,1.0
all,0.0200,wor-uniform,663,0.06348311901092529,1.0
all,0.0200,wor-active,664,0.06165206432342529,1.0
all,0.0200,wor-uniform,664,0.06547331809997559,1.0
all,0.0200,wor-active,665,0.05757629871368408,1.0
all,0.0200,wor-uniform,665,0.065305694937706,1.0
all,0.0300,wor-active,333,0.04110521078109741,1.0
all,0.0300,wor-uniform,333,0.05349527299404144,1.0
all,0.0300,wor-active,334,0.048228904604911804,1.0
all,0.0300,wor-uniform,334,0.05276191234588623,1.0
all,0.0300,wor-active,335,0.045965567231178284,1.0
all,0.0300,wor-uniform,335,0.0567181259393692,1.0
all,0.0300,wor-active,336,0.03833252191543579,0.0
all,0.0300,wor-uniform,336,0.05146151781082153,1.0
all,0.0300,wor-active,337,0.0521848201751709,0.0
all,0.0300,wor-uniform,337,0.04849141836166382,1.0
all,0.0300,wor-active,338,0.04308156669139862,1.0
all,0.0300,wor-uniform,338,0.049044907093048096,1.0
all,0.0300,wor-active,339,0.04371963441371918,1.0
all,0.0300,wor-uniform,339,0.05267691612243652,1.0
all,0.0300,wor-active,340,0.04088938236236572,1.0
all,0.0300,wor-uniform,340,0.051190584897994995,1.0
all,0.0300,wor-active,341,0.040843307971954346,1.0
all,0.0300,wor-uniform,341,0.05673384666442871,1.0
all,0.0300,wor-active,342,0.04153840243816376,1.0
all,0.0300,wor-uniform,342,0.054429829120635986,1.0
all,0.0300,wor-active,343,0.0434076189994812,1.0
all,0.0300,wor-uniform,343,0.052862465381622314,1.0
all,0.0300,wor-active,344,0.044655755162239075,1.0
all,0.0300,wor-uniform,344,0.048555150628089905,1.0
all,0.0300,wor-active,345,0.043131157755851746,0.0
all,0.0300,wor-uniform,345,0.05034703016281128,1.0
all,0.0300,wor-active,346,0.04359936714172363,1.0
all,0.0300,wor-uniform,346,0.04947063326835632,1.0
all,0.0300,wor-active,347,0.04418964684009552,1.0
all,0.0300,wor-uniform,347,0.05094139277935028,1.0
all,0.0300,wor-active,348,0.04821552336215973,1.0
all,0.0300,wor-uniform,348,0.05120086669921875,1.0
all,0.0300,wor-active,349,0.04231877624988556,1.0
all,0.0300,wor-uniform,349,0.04905211925506592,1.0
all,0.0300,wor-active,350,0.052174851298332214,1.0
all,0.0300,wor-uniform,350,0.048267439007759094,1.0
all,0.0300,wor-active,351,0.045359134674072266,1.0
all,0.0300,wor-uniform,351,0.05252426862716675,1.0
all,0.0300,wor-active,352,0.04405134916305542,1.0
all,0.0300,wor-uniform,352,0.049332618713378906,1.0
all,0.0300,wor-active,353,0.04108630120754242,0.0
all,0.0300,wor-uniform,353,0.049677908420562744,1.0
all,0.0300,wor-active,354,0.0444246381521225,1.0
all,0.0300,wor-uniform,354,0.050377532839775085,1.0
all,0.0300,wor-active,355,0.0475078821182251,0.0
all,0.0300,wor-uniform,355,0.04871632158756256,1.0
all,0.0300,wor-active,356,0.038498878479003906,1.0
all,0.0300,wor-uniform,356,0.0532190203666687,1.0
all,0.0300,wor-active,357,0.0465160608291626,1.0
all,0.0300,wor-uniform,357,0.050448641180992126,1.0
all,0.0300,wor-active,358,0.04784083366394043,1.0
all,0.0300,wor-uniform,358,0.04977257549762726,1.0
all,0.0300,wor-active,359,0.049659132957458496,1.0
all,0.0300,wor-uniform,359,0.050228893756866455,1.0
all,0.0300,wor-active,360,0.04367625713348389,1.0
all,0.0300,wor-uniform,360,0.04986606538295746,1.0
all,0.0300,wor-active,361,0.048335909843444824,1.0
all,0.0300,wor-uniform,361,0.04762202501296997,1.0
all,0.0300,wor-active,362,0.04862642288208008,1.0
all,0.0300,wor-uniform,362,0.0497988760471344,1.0
all,0.0300,wor-active,363,0.04292578995227814,1.0
all,0.0300,wor-uniform,363,0.048378586769104004,1.0
all,0.0300,wor-active,364,0.04371128976345062,1.0
all,0.0300,wor-uniform,364,0.049270376563072205,1.0
all,0.0300,wor-active,365,0.04634857177734375,1.0
all,0.0300,wor-uniform,365,0.05022084712982178,1.0
all,0.0300,wor-active,366,0.04301053285598755,1.0
all,0.0300,wor-uniform,366,0.04930979013442993,1.0
all,0.0300,wor-active,367,0.03921501338481903,1.0
all,0.0300,wor-uniform,367,0.05043995380401611,1.0
all,0.0300,wor-active,368,0.04545150697231293,1.0
all,0.0300,wor-uniform,368,0.05283743143081665,1.0
all,0.0300,wor-active,369,0.039119377732276917,1.0
all,0.0300,wor-uniform,369,0.05202370882034302,1.0
all,0.0300,wor-active,370,0.046170830726623535,1.0
all,0.0300,wor-uniform,370,0.04299193620681763,1.0
all,0.0300,wor-active,371,0.05089849233627319,1.0
all,0.0300,wor-uniform,371,0.05050359666347504,1.0
all,0.0300,wor-active,372,0.04782773554325104,1.0
all,0.0300,wor-uniform,372,0.05029499530792236,1.0
all,0.0300,wor-active,373,0.049030229449272156,1.0
all,0.0300,wor-uniform,373,0.05074240267276764,1.0
all,0.0300,wor-active,374,0.047496214509010315,1.0
all,0.0300,wor-uniform,374,0.04804682731628418,1.0
all,0.0300,wor-active,375,0.042188361287117004,1.0
all,0.0300,wor-uniform,375,0.0480223149061203,1.0
all,0.0300,wor-active,376,0.04284852743148804,1.0
all,0.0300,wor-uniform,376,0.051454946398735046,1.0
all,0.0300,wor-active,377,0.04294852912425995,1.0
all,0.0300,wor-uniform,377,0.051537930965423584,1.0
all,0.0300,wor-active,378,0.05212080478668213,1.0
all,0.0300,wor-uniform,378,0.045628562569618225,1.0
all,0.0300,wor-active,379,0.05426888167858124,1.0
all,0.0300,wor-uniform,379,0.050205886363983154,1.0
all,0.0300,wor-active,380,0.049814820289611816,1.0
all,0.0300,wor-uniform,380,0.050759851932525635,1.0
all,0.0300,wor-active,381,0.0410994291305542,1.0
all,0.0300,wor-uniform,381,0.050217196345329285,1.0
all,0.0300,wor-active,382,0.04738980531692505,1.0
all,0.0300,wor-uniform,382,0.046772971749305725,1.0
all,0.0300,wor-active,383,0.041356176137924194,1.0
all,0.0300,wor-uniform,383,0.04999972879886627,1.0
all,0.0300,wor-active,384,0.044890448451042175,1.0
all,0.0300,wor-uniform,384,0.050054967403411865,1.0
all,0.0300,wor-active,385,0.04666346311569214,1.0
all,0.0300,wor-uniform,385,0.05184037983417511,1.0
all,0.0300,wor-active,386,0.04426591098308563,1.0
all,0.0300,wor-uniform,386,0.049136996269226074,1.0
all,0.0300,wor-active,387,0.04527086019515991,1.0
all,0.0300,wor-uniform,387,0.051943182945251465,1.0
all,0.0300,wor-active,388,0.048963069915771484,1.0
all,0.0300,wor-uniform,388,0.05206727981567383,1.0
all,0.0300,wor-active,389,0.051335692405700684,0.0
all,0.0300,wor-uniform,389,0.053067147731781006,1.0
all,0.0300,wor-active,390,0.04131101071834564,1.0
all,0.0300,wor-uniform,390,0.04459315538406372,1.0
all,0.0300,wor-active,391,0.045111283659935,1.0
all,0.0300,wor-uniform,391,0.052347585558891296,1.0
all,0.0300,wor-active,392,0.05183406174182892,1.0
all,0.0300,wor-uniform,392,0.04496601223945618,1.0
all,0.0300,wor-active,393,0.04608011245727539,1.0
all,0.0300,wor-uniform,393,0.05329658091068268,1.0
all,0.0300,wor-active,394,0.046751633286476135,1.0
all,0.0300,wor-uniform,394,0.052913784980773926,0.0
all,0.0300,wor-active,395,0.04490065574645996,1.0
all,0.0300,wor-uniform,395,0.04760007560253143,1.0
all,0.0300,wor-active,396,0.03952080011367798,1.0
all,0.0300,wor-uniform,396,0.0480068176984787,1.0
all,0.0300,wor-active,397,0.0390036404132843,0.0
all,0.0300,wor-uniform,397,0.05132073163986206,1.0
all,0.0300,wor-active,398,0.04972200095653534,1.0
all,0.0300,wor-uniform,398,0.053115010261535645,1.0
all,0.0300,wor-active,399,0.04189789295196533,1.0
all,0.0300,wor-uniform,399,0.05119885504245758,1.0
all,0.0300,wor-active,400,0.04858040809631348,1.0
all,0.0300,wor-uniform,400,0.04895077645778656,1.0
all,0.0300,wor-active,401,0.04391050338745117,1.0
all,0.0300,wor-uniform,401,0.05159574747085571,1.0
all,0.0300,wor-active,402,0.042940571904182434,1.0
all,0.0300,wor-uniform,402,0.05294136703014374,1.0
all,0.0300,wor-active,403,0.045208558440208435,1.0
all,0.0300,wor-uniform,403,0.051910921931266785,1.0
all,0.0300,wor-active,404,0.04434661567211151,1.0
all,0.0300,wor-uniform,404,0.051020070910453796,1.0
all,0.0300,wor-active,405,0.04456108808517456,1.0
all,0.0300,wor-uniform,405,0.048468366265296936,1.0
all,0.0300,wor-active,406,0.04014843702316284,1.0
all,0.0300,wor-uniform,406,0.055414482951164246,1.0
all,0.0300,wor-active,407,0.043644651770591736,1.0
all,0.0300,wor-uniform,407,0.05302576720714569,1.0
all,0.0300,wor-active,408,0.040306881070137024,1.0
all,0.0300,wor-uniform,408,0.04958122968673706,1.0
all,0.0300,wor-active,409,0.04659205675125122,1.0
all,0.0300,wor-uniform,409,0.046830713748931885,1.0
all,0.0300,wor-active,410,0.0486258864402771,1.0
all,0.0300,wor-uniform,410,0.051572561264038086,1.0
all,0.0300,wor-active,411,0.044739723205566406,1.0
all,0.0300,wor-uniform,411,0.04943379759788513,1.0
all,0.0300,wor-active,412,0.0404529869556427,0.0
all,0.0300,wor-uniform,412,0.04584658145904541,1.0
all,0.0300,wor-active,413,0.042419031262397766,1.0
all,0.0300,wor-uniform,413,0.05181492865085602,1.0
all,0.0300,wor-active,414,0.048410117626190186,1.0
all,0.0300,wor-uniform,414,0.05356842279434204,1.0
all,0.0300,wor-active,415,0.03877955675125122,1.0
all,0.0300,wor-uniform,415,0.04790060222148895,1.0
all,0.0300,wor-active,416,0.04292301833629608,1.0
all,0.0300,wor-uniform,416,0.05118203163146973,1.0
all,0.0300,wor-active,417,0.048885926604270935,1.0
all,0.0300,wor-uniform,417,0.048937082290649414,1.0
all,0.0300,wor-active,418,0.05219423770904541,0.0
all,0.0300,wor-uniform,418,0.04908430576324463,1.0
all,0.0300,wor-active,419,0.04853934049606323,0.0
all,0.0300,wor-uniform,419,0.05438171327114105,1.0
all,0.0300,wor-active,420,0.03891408443450928,1.0
all,0.0300,wor-uniform,420,0.048623621463775635,1.0
all,0.0300,wor-active,421,0.05336691439151764,1.0
all,0.0300,wor-uniform,421,0.04932969808578491,1.0
all,0.0300,wor-active,422,0.047768473625183105,1.0
all,0.0300,wor-uniform,422,0.05455160140991211,0.0
all,0.0300,wor-active,423,0.046120062470436096,1.0
all,0.0300,wor-uniform,423,0.05105465650558472,1.0
all,0.0300,wor-active,424,0.04651062190532684,1.0
all,0.0300,wor-uniform,424,0.05093592405319214,1.0
all,0.0300,wor-active,425,0.043459370732307434,1.0
all,0.0300,wor-uniform,425,0.04933258891105652,1.0
all,0.0300,wor-active,426,0.041955769062042236,1.0
all,0.0300,wor-uniform,426,0.04780244827270508,0.0
all,0.0300,wor-active,427,0.04293909668922424,1.0
all,0.0300,wor-uniform,427,0.051724910736083984,1.0
all,0.0300,wor-active,428,0.05009275674819946,1.0
all,0.0300,wor-uniform,428,0.046847760677337646,1.0
all,0.0300,wor-active,429,0.046192705631256104,1.0
all,0.0300,wor-uniform,429,0.052202239632606506,1.0
all,0.0300,wor-active,430,0.046114206314086914,1.0
all,0.0300,wor-uniform,430,0.04745757579803467,1.0
all,0.0300,wor-active,431,0.04144284129142761,1.0
all,0.0300,wor-uniform,431,0.051379576325416565,1.0
all,0.0300,wor-active,432,0.04420459270477295,0.0
all,0.0300,wor-uniform,432,0.05100458860397339,1.0
all,0.0300,wor-active,433,0.050409525632858276,1.0
all,0.0300,wor-uniform,433,0.05013994872570038,1.0
all,0.0300,wor-active,434,0.04181218147277832,1.0
all,0.0300,wor-uniform,434,0.04679524898529053,1.0
all,0.0300,wor-active,435,0.04262882471084595,1.0
all,0.0300,wor-uniform,435,0.05430614948272705,1.0
all,0.0300,wor-active,436,0.045860737562179565,1.0
all,0.0300,wor-uniform,436,0.050093308091163635,1.0
all,0.0300,wor-active,437,0.04884105920791626,1.0
all,0.0300,wor-uniform,437,0.051782190799713135,1.0
all,0.0300,wor-active,438,0.0428442507982254,1.0
all,0.0300,wor-uniform,438,0.05127060413360596,1.0
all,0.0300,wor-active,439,0.05192188918590546,1.0
all,0.0300,wor-uniform,439,0.05346059799194336,1.0
all,0.0300,wor-active,440,0.04229128360748291,1.0
all,0.0300,wor-uniform,440,0.04861609637737274,1.0
all,0.0300,wor-active,441,0.05434374511241913,1.0
all,0.0300,wor-uniform,441,0.053208231925964355,1.0
all,0.0300,wor-active,442,0.04147899150848389,1.0
all,0.0300,wor-uniform,442,0.05022042989730835,1.0
all,0.0300,wor-active,443,0.04803931713104248,1.0
all,0.0300,wor-uniform,443,0.04687704145908356,1.0
all,0.0300,wor-active,444,0.04092228412628174,1.0
all,0.0300,wor-uniform,444,0.0522008091211319,1.0
all,0.0300,wor-active,445,0.05198840796947479,1.0
all,0.0300,wor-uniform,445,0.05202949047088623,1.0
all,0.0300,wor-active,446,0.04316061735153198,1.0
all,0.0300,wor-uniform,446,0.05154383182525635,1.0
all,0.0300,wor-active,447,0.04972885549068451,1.0
all,0.0300,wor-uniform,447,0.04818405210971832,1.0
all,0.0300,wor-active,448,0.04243408143520355,1.0
all,0.0300,wor-uniform,448,0.04943467676639557,1.0
all,0.0300,wor-active,449,0.04892118275165558,1.0
all,0.0300,wor-uniform,449,0.05063678324222565,1.0
all,0.0300,wor-active,450,0.045651793479919434,1.0
all,0.0300,wor-uniform,450,0.048773810267448425,1.0
all,0.0300,wor-active,451,0.04334038496017456,1.0
all,0.0300,wor-uniform,451,0.05004136264324188,1.0
all,0.0300,wor-active,452,0.05115729570388794,1.0
all,0.0300,wor-uniform,452,0.05145929753780365,1.0
all,0.0300,wor-active,453,0.04950690269470215,1.0
all,0.0300,wor-uniform,453,0.050128936767578125,1.0
all,0.0300,wor-active,454,0.048558831214904785,1.0
all,0.0300,wor-uniform,454,0.05091986060142517,1.0
all,0.0300,wor-active,455,0.03889220952987671,1.0
all,0.0300,wor-uniform,455,0.051634401082992554,1.0
all,0.0300,wor-active,456,0.03755448758602142,1.0
all,0.0300,wor-uniform,456,0.052041128277778625,1.0
all,0.0300,wor-active,457,0.03464162349700928,1.0
all,0.0300,wor-uniform,457,0.05163294076919556,1.0
all,0.0300,wor-active,458,0.05075336992740631,1.0
all,0.0300,wor-uniform,458,0.04808370769023895,1.0
all,0.0300,wor-active,459,0.03452348709106445,0.0
all,0.0300,wor-uniform,459,0.049399569630622864,1.0
all,0.0300,wor-active,460,0.05036437511444092,1.0
all,0.0300,wor-uniform,460,0.04674844443798065,1.0
all,0.0300,wor-active,461,0.04907017946243286,1.0
all,0.0300,wor-uniform,461,0.04753568768501282,1.0
all,0.0300,wor-active,462,0.05439478158950806,0.0
all,0.0300,wor-uniform,462,0.051174163818359375,1.0
all,0.0300,wor-active,463,0.04371963441371918,1.0
all,0.0300,wor-uniform,463,0.055174291133880615,1.0
all,0.0300,wor-active,464,0.04030446708202362,0.0
all,0.0300,wor-uniform,464,0.0455426424741745,1.0
all,0.0300,wor-active,465,0.04300922155380249,1.0
all,0.0300,wor-uniform,465,0.0531550794839859,1.0
all,0.0300,wor-active,466,0.042643651366233826,1.0
all,0.0300,wor-uniform,466,0.04744504392147064,1.0
all,0.0300,wor-active,467,0.045581161975860596,1.0
all,0.0300,wor-uniform,467,0.05244112014770508,0.0
all,0.0300,wor-active,468,0.049141839146614075,1.0
all,0.0300,wor-uniform,468,0.04825788736343384,1.0
all,0.0300,wor-active,469,0.03969369828701019,1.0
all,0.0300,wor-uniform,469,0.05339616537094116,1.0
all,0.0300,wor-active,470,0.05150710046291351,1.0
all,0.0300,wor-uniform,470,0.0507064014673233,1.0
all,0.0300,wor-active,471,0.05254322290420532,1.0
all,0.0300,wor-uniform,471,0.051176488399505615,1.0
all,0.0300,wor-active,472,0.05026882886886597,1.0
all,0.0300,wor-uniform,472,0.05169534683227539,1.0
all,0.0300,wor-active,473,0.03988713026046753,1.0
all,0.0300,wor-uniform,473,0.052638113498687744,0.0
all,0.0300,wor-active,474,0.04755692183971405,1.0
all,0.0300,wor-uniform,474,0.0481443852186203,1.0
all,0.0300,wor-active,475,0.045496389269828796,1.0
all,0.0300,wor-uniform,475,0.05027949810028076,1.0
all,0.0300,wor-active,476,0.04995173215866089,1.0
all,0.0300,wor-uniform,476,0.049534425139427185,1.0
all,0.0300,wor-active,477,0.047318533062934875,1.0
all,0.0300,wor-uniform,477,0.04665195941925049,1.0
all,0.0300,wor-active,478,0.04919774830341339,1.0
all,0.0300,wor-uniform,478,0.0482013076543808,1.0
all,0.0300,wor-active,479,0.04650163650512695,1.0
all,0.0300,wor-uniform,479,0.04816363751888275,1.0
all,0.0300,wor-active,480,0.04379703104496002,1.0
all,0.0300,wor-uniform,480,0.050535961985588074,1.0
all,0.0300,wor-active,481,0.043458566069602966,1.0
all,0.0300,wor-uniform,481,0.0474054217338562,1.0
all,0.0300,wor-active,482,0.05026577413082123,1.0
all,0.0300,wor-uniform,482,0.052216723561286926,1.0
all,0.0300,wor-active,483,0.04268914461135864,1.0
all,0.0300,wor-uniform,483,0.052327513694763184,1.0
all,0.0300,wor-active,484,0.04274247586727142,1.0
all,0.0300,wor-uniform,484,0.04940217733383179,1.0
all,0.0300,wor-active,485,0.04783141613006592,1.0
all,0.0300,wor-uniform,485,0.05002230405807495,1.0
all,0.0300,wor-active,486,0.050719812512397766,1.0
all,0.0300,wor-uniform,486,0.04841643571853638,1.0
all,0.0300,wor-active,487,0.041477978229522705,1.0
all,0.0300,wor-uniform,487,0.055492788553237915,1.0
all,0.0300,wor-active,488,0.04579542577266693,1.0
all,0.0300,wor-uniform,488,0.04875458776950836,1.0
all,0.0300,wor-active,489,0.04488062858581543,1.0
all,0.0300,wor-uniform,489,0.05312216281890869,1.0
all,0.0300,wor-active,490,0.04407709836959839,1.0
all,0.0300,wor-uniform,490,0.05268611013889313,1.0
all,0.0300,wor-active,491,0.0446297824382782,1.0
all,0.0300,wor-uniform,491,0.050548866391181946,1.0
all,0.0300,wor-active,492,0.04730623960494995,1.0
all,0.0300,wor-uniform,492,0.04997648298740387,1.0
all,0.0300,wor-active,493,0.04547381401062012,1.0
all,0.0300,wor-uniform,493,0.0442696213722229,0.0
all,0.0300,wor-active,494,0.04271958768367767,1.0
all,0.0300,wor-uniform,494,0.053468167781829834,1.0
all,0.0300,wor-active,495,0.042022526264190674,1.0
all,0.0300,wor-uniform,495,0.04993867874145508,1.0
all,0.0300,wor-active,496,0.040011823177337646,1.0
all,0.0300,wor-uniform,496,0.05456429719924927,1.0
all,0.0300,wor-active,497,0.03976607322692871,1.0
all,0.0300,wor-uniform,497,0.05265212059020996,1.0
all,0.0300,wor-active,498,0.04578007757663727,1.0
all,0.0300,wor-uniform,498,0.04526238143444061,1.0
all,0.0300,wor-active,499,0.04629255831241608,1.0
all,0.0300,wor-uniform,499,0.0475732684135437,1.0
all,0.0300,wor-active,500,0.05034351348876953,1.0
all,0.0300,wor-uniform,500,0.051406264305114746,1.0
all,0.0300,wor-active,501,0.050482213497161865,1.0
all,0.0300,wor-uniform,501,0.047285035252571106,1.0
all,0.0300,wor-active,502,0.044323086738586426,1.0
all,0.0300,wor-uniform,502,0.05378441512584686,1.0
all,0.0300,wor-active,503,0.04480971395969391,1.0
all,0.0300,wor-uniform,503,0.052373722195625305,1.0
all,0.0300,wor-active,504,0.04192483425140381,0.0
all,0.0300,wor-uniform,504,0.050172850489616394,1.0
all,0.0300,wor-active,505,0.04148058593273163,1.0
all,0.0300,wor-uniform,505,0.05172371864318848,1.0
all,0.0300,wor-active,506,0.04364204406738281,1.0
all,0.0300,wor-uniform,506,0.05168944597244263,1.0
all,0.0300,wor-active,507,0.04637795686721802,1.0
all,0.0300,wor-uniform,507,0.050161123275756836,1.0
all,0.0300,wor-active,508,0.04454129934310913,1.0
all,0.0300,wor-uniform,508,0.05340994894504547,1.0
all,0.0300,wor-active,509,0.05692422389984131,1.0
all,0.0300,wor-uniform,509,0.05307568609714508,1.0
all,0.0300,wor-active,510,0.042066141963005066,1.0
all,0.0300,wor-uniform,510,0.05479377508163452,1.0
all,0.0300,wor-active,511,0.045541420578956604,1.0
all,0.0300,wor-uniform,511,0.052129387855529785,1.0
all,0.0300,wor-active,512,0.046924248337745667,1.0
all,0.0300,wor-uniform,512,0.04980194568634033,1.0
all,0.0300,wor-active,513,0.04385998845100403,1.0
all,0.0300,wor-uniform,513,0.052945733070373535,1.0
all,0.0300,wor-active,514,0.04010194540023804,1.0
all,0.0300,wor-uniform,514,0.05000126361846924,0.0
all,0.0300,wor-active,515,0.04235266149044037,1.0
all,0.0300,wor-uniform,515,0.0538821816444397,0.0
all,0.0300,wor-active,516,0.04100020229816437,1.0
all,0.0300,wor-uniform,516,0.050773561000823975,0.0
all,0.0300,wor-active,517,0.040554702281951904,1.0
all,0.0300,wor-uniform,517,0.0520671010017395,1.0
all,0.0300,wor-active,518,0.05008965730667114,1.0
all,0.0300,wor-uniform,518,0.04839521646499634,1.0
all,0.0300,wor-active,519,0.04923523962497711,1.0
all,0.0300,wor-uniform,519,0.04908859729766846,1.0
all,0.0300,wor-active,520,0.041452109813690186,1.0
all,0.0300,wor-uniform,520,0.05088305473327637,1.0
all,0.0300,wor-active,521,0.0476883202791214,1.0
all,0.0300,wor-uniform,521,0.04931612312793732,1.0
all,0.0300,wor-active,522,0.04143083095550537,1.0
all,0.0300,wor-uniform,522,0.04958990216255188,0.0
all,0.0300,wor-active,523,0.04292212426662445,1.0
all,0.0300,wor-uniform,523,0.05525307357311249,1.0
all,0.0300,wor-active,524,0.04494820535182953,1.0
all,0.0300,wor-uniform,524,0.046991005539894104,1.0
all,0.0300,wor-active,525,0.04575538635253906,1.0
all,0.0300,wor-uniform,525,0.049111902713775635,1.0
all,0.0300,wor-active,526,0.04136893153190613,1.0
all,0.0300,wor-uniform,526,0.053438425064086914,1.0
all,0.0300,wor-active,527,0.04628393054008484,1.0
all,0.0300,wor-uniform,527,0.051490768790245056,1.0
all,0.0300,wor-active,528,0.04057087004184723,1.0
all,0.0300,wor-uniform,528,0.05293329060077667,1.0
all,0.0300,wor-active,529,0.04198575019836426,1.0
all,0.0300,wor-uniform,529,0.053982436656951904,1.0
all,0.0300,wor-active,530,0.046842142939567566,1.0
all,0.0300,wor-uniform,530,0.051496148109436035,1.0
all,0.0300,wor-active,531,0.04719966650009155,1.0
all,0.0300,wor-uniform,531,0.050341203808784485,1.0
all,0.0300,wor-active,532,0.04476143419742584,1.0
all,0.0300,wor-uniform,532,0.04795752465724945,1.0
all,0.0300,wor-active,533,0.04909735918045044,1.0
all,0.0300,wor-uniform,533,0.047965943813323975,1.0
all,0.0300,wor-active,534,0.04333797097206116,1.0
all,0.0300,wor-uniform,534,0.05601213872432709,1.0
all,0.0300,wor-active,535,0.05429054796695709,1.0
all,0.0300,wor-uniform,535,0.04648102819919586,1.0
all,0.0300,wor-active,536,0.04486900568008423,1.0
all,0.0300,wor-uniform,536,0.05253325402736664,1.0
all,0.0300,wor-active,537,0.04415850341320038,1.0
all,0.0300,wor-uniform,537,0.04913826286792755,1.0
all,0.0300,wor-active,538,0.04359328746795654,1.0
all,0.0300,wor-uniform,538,0.05367636680603027,1.0
all,0.0300,wor-active,539,0.04271399974822998,1.0
all,0.0300,wor-uniform,539,0.051726698875427246,1.0
all,0.0300,wor-active,540,0.04891972243785858,1.0
all,0.0300,wor-uniform,540,0.049989521503448486,1.0
all,0.0300,wor-active,541,0.04340869188308716,1.0
all,0.0300,wor-uniform,541,0.046230629086494446,1.0
all,0.0300,wor-active,542,0.04795825481414795,1.0
all,0.0300,wor-uniform,542,0.053722500801086426,1.0
all,0.0300,wor-active,543,0.0441548228263855,1.0
all,0.0300,wor-uniform,543,0.051904141902923584,1.0
all,0.0300,wor-active,544,0.04851406812667847,1.0
all,0.0300,wor-uniform,544,0.0463842898607254,1.0
all,0.0300,wor-active,545,0.04414588212966919,1.0
all,0.0300,wor-uniform,545,0.051880061626434326,1.0
all,0.0300,wor-active,546,0.045925676822662354,1.0
all,0.0300,wor-uniform,546,0.051178932189941406,1.0
all,0.0300,wor-active,547,0.053765296936035156,0.0
all,0.0300,wor-uniform,547,0.05095602571964264,1.0
all,0.0300,wor-active,548,0.040240585803985596,1.0
all,0.0300,wor-uniform,548,0.04885201156139374,1.0
all,0.0300,wor-active,549,0.04070645570755005,1.0
all,0.0300,wor-uniform,549,0.04997418820858002,1.0
all,0.0300,wor-active,550,0.045466601848602295,1.0
all,0.0300,wor-uniform,550,0.05044671893119812,1.0
all,0.0300,wor-active,551,0.05391925573348999,0.0
all,0.0300,wor-uniform,551,0.050454676151275635,1.0
all,0.0300,wor-active,552,0.04572086036205292,1.0
all,0.0300,wor-uniform,552,0.05182391405105591,1.0
all,0.0300,wor-active,553,0.049509868025779724,1.0
all,0.0300,wor-uniform,553,0.049494028091430664,1.0
all,0.0300,wor-active,554,0.03968903422355652,1.0
all,0.0300,wor-uniform,554,0.05531321465969086,1.0
all,0.0300,wor-active,555,0.04720689356327057,1.0
all,0.0300,wor-uniform,555,0.04989089071750641,1.0
all,0.0300,wor-active,556,0.04861859977245331,1.0
all,0.0300,wor-uniform,556,0.0502515584230423,1.0
all,0.0300,wor-active,557,0.05175203084945679,1.0
all,0.0300,wor-uniform,557,0.04934521019458771,1.0
all,0.0300,wor-active,558,0.04642011225223541,1.0
all,0.0300,wor-uniform,558,0.05172164738178253,1.0
all,0.0300,wor-active,559,0.043964073061943054,1.0
all,0.0300,wor-uniform,559,0.04735420644283295,1.0
all,0.0300,wor-active,560,0.05361759662628174,1.0
all,0.0300,wor-uniform,560,0.05240911245346069,1.0
all,0.0300,wor-active,561,0.05022972822189331,1.0
all,0.0300,wor-uniform,561,0.05489617586135864,1.0
all,0.0300,wor-active,562,0.04543691873550415,1.0
all,0.0300,wor-uniform,562,0.051344648003578186,1.0
all,0.0300,wor-active,563,0.03771263360977173,1.0
all,0.0300,wor-uniform,563,0.04581938683986664,0.0
all,0.0300,wor-active,564,0.04510784149169922,1.0
all,0.0300,wor-uniform,564,0.05400723218917847,1.0
all,0.0300,wor-active,565,0.03778497874736786,1.0
all,0.0300,wor-uniform,565,0.04903090000152588,1.0
all,0.0300,wor-active,566,0.042087674140930176,1.0
all,0.0300,wor-uniform,566,0.049740925431251526,1.0
all,0.0300,wor-active,567,0.03878380358219147,1.0
all,0.0300,wor-uniform,567,0.048316895961761475,1.0
all,0.0300,wor-active,568,0.040540531277656555,1.0
all,0.0300,wor-uniform,568,0.04662787914276123,1.0
all,0.0300,wor-active,569,0.043574392795562744,1.0
all,0.0300,wor-uniform,569,0.05134551227092743,1.0
all,0.0300,wor-active,570,0.05022144317626953,1.0
all,0.0300,wor-uniform,570,0.04982048273086548,1.0
all,0.0300,wor-active,571,0.04491867125034332,1.0
all,0.0300,wor-uniform,571,0.05029548704624176,1.0
all,0.0300,wor-active,572,0.04406537115573883,1.0
all,0.0300,wor-uniform,572,0.047276854515075684,1.0
all,0.0300,wor-active,573,0.0435367226600647,1.0
all,0.0300,wor-uniform,573,0.05179625749588013,1.0
all,0.0300,wor-active,574,0.04249989986419678,1.0
all,0.0300,wor-uniform,574,0.04645758867263794,1.0
all,0.0300,wor-active,575,0.040456175804138184,1.0
all,0.0300,wor-uniform,575,0.04643268883228302,1.0
all,0.0300,wor-active,576,0.04767240583896637,1.0
all,0.0300,wor-uniform,576,0.05159379541873932,1.0
all,0.0300,wor-active,577,0.04388825595378876,1.0
all,0.0300,wor-uniform,577,0.04954485595226288,1.0
all,0.0300,wor-active,578,0.0362972766160965,1.0
all,0.0300,wor-uniform,578,0.04905921220779419,1.0
all,0.0300,wor-active,579,0.045163750648498535,1.0
all,0.0300,wor-uniform,579,0.04869835078716278,1.0
all,0.0300,wor-active,580,0.03969699144363403,1.0
all,0.0300,wor-uniform,580,0.04607212543487549,1.0
all,0.0300,wor-active,581,0.05089341104030609,1.0
all,0.0300,wor-uniform,581,0.049012765288352966,1.0
all,0.0300,wor-active,582,0.04690062999725342,1.0
all,0.0300,wor-uniform,582,0.04745076596736908,1.0
all,0.0300,wor-active,583,0.04626685380935669,1.0
all,0.0300,wor-uniform,583,0.049183622002601624,1.0
all,0.0300,wor-active,584,0.042308613657951355,1.0
all,0.0300,wor-uniform,584,0.052402496337890625,1.0
all,0.0300,wor-active,585,0.04178774356842041,1.0
all,0.0300,wor-uniform,585,0.05012735724449158,1.0
all,0.0300,wor-active,586,0.043154776096343994,1.0
all,0.0300,wor-uniform,586,0.05104418098926544,1.0
all,0.0300,wor-active,587,0.04258859157562256,1.0
all,0.0300,wor-uniform,587,0.048254191875457764,1.0
all,0.0300,wor-active,588,0.04976010322570801,1.0
all,0.0300,wor-uniform,588,0.0496181845664978,1.0
all,0.0300,wor-active,589,0.04225485026836395,1.0
all,0.0300,wor-uniform,589,0.0517166405916214,1.0
all,0.0300,wor-active,590,0.04213963449001312,1.0
all,0.0300,wor-uniform,590,0.05093836784362793,1.0
all,0.0300,wor-active,591,0.04752372205257416,1.0
all,0.0300,wor-uniform,591,0.04898977279663086,1.0
all,0.0300,wor-active,592,0.03596150875091553,0.0
all,0.0300,wor-uniform,592,0.04786224663257599,1.0
all,0.0300,wor-active,593,0.044562697410583496,1.0
all,0.0300,wor-uniform,593,0.048477038741111755,1.0
all,0.0300,wor-active,594,0.045067235827445984,1.0
all,0.0300,wor-uniform,594,0.05258934199810028,1.0
all,0.0300,wor-active,595,0.0472295880317688,1.0
all,0.0300,wor-uniform,595,0.05079001188278198,1.0
all,0.0300,wor-active,596,0.04960721731185913,1.0
all,0.0300,wor-uniform,596,0.05146683752536774,1.0
all,0.0300,wor-active,597,0.040040791034698486,1.0
all,0.0300,wor-uniform,597,0.05015745759010315,1.0
all,0.0300,wor-active,598,0.04828161001205444,1.0
all,0.0300,wor-uniform,598,0.049973711371421814,1.0
all,0.0300,wor-active,599,0.04149293899536133,1.0
all,0.0300,wor-uniform,599,0.04974782466888428,1.0
all,0.0300,wor-active,600,0.04543423652648926,1.0
all,0.0300,wor-uniform,600,0.0509442538022995,1.0
all,0.0300,wor-active,601,0.040245845913887024,1.0
all,0.0300,wor-uniform,601,0.05303603410720825,1.0
all,0.0300,wor-active,602,0.03657793998718262,1.0
all,0.0300,wor-uniform,602,0.05057436227798462,1.0
all,0.0300,wor-active,603,0.046605244278907776,1.0
all,0.0300,wor-uniform,603,0.05292250216007233,1.0
all,0.0300,wor-active,604,0.04936932027339935,1.0
all,0.0300,wor-uniform,604,0.05219608545303345,1.0
all,0.0300,wor-active,605,0.04781992733478546,1.0
all,0.0300,wor-uniform,605,0.05251967906951904,1.0
all,0.0300,wor-active,606,0.041735172271728516,1.0
all,0.0300,wor-uniform,606,0.054450199007987976,1.0
all,0.0300,wor-active,607,0.048622846603393555,1.0
all,0.0300,wor-uniform,607,0.049461618065834045,1.0
all,0.0300,wor-active,608,0.04372672736644745,1.0
all,0.0300,wor-uniform,608,0.050948262214660645,0.0
all,0.0300,wor-active,609,0.05143582820892334,1.0
all,0.0300,wor-uniform,609,0.045625269412994385,1.0
all,0.0300,wor-active,610,0.046682655811309814,1.0
all,0.0300,wor-uniform,610,0.04997318983078003,1.0
all,0.0300,wor-active,611,0.04357472062110901,1.0
all,0.0300,wor-uniform,611,0.04781670868396759,1.0
all,0.0300,wor-active,612,0.04459381103515625,1.0
all,0.0300,wor-uniform,612,0.0494876503944397,1.0
all,0.0300,wor-active,613,0.04336024820804596,1.0
all,0.0300,wor-uniform,613,0.05413168668746948,1.0
all,0.0300,wor-active,614,0.04263894259929657,1.0
all,0.0300,wor-uniform,614,0.049082040786743164,1.0
all,0.0300,wor-active,615,0.046389833092689514,1.0
all,0.0300,wor-uniform,615,0.05480426549911499,1.0
all,0.0300,wor-active,616,0.047531187534332275,1.0
all,0.0300,wor-uniform,616,0.051767945289611816,1.0
all,0.0300,wor-active,617,0.04356890916824341,1.0
all,0.0300,wor-uniform,617,0.05184829235076904,1.0
all,0.0300,wor-active,618,0.0512467622756958,1.0
all,0.0300,wor-uniform,618,0.05285090208053589,1.0
all,0.0300,wor-active,619,0.04612988233566284,1.0
all,0.0300,wor-uniform,619,0.05251055955886841,1.0
all,0.0300,wor-active,620,0.04801096022129059,1.0
all,0.0300,wor-uniform,620,0.05053435266017914,1.0
all,0.0300,wor-active,621,0.04234893620014191,1.0
all,0.0300,wor-uniform,621,0.05267667770385742,1.0
all,0.0300,wor-active,622,0.04312407970428467,1.0
all,0.0300,wor-uniform,622,0.0503537654876709,1.0
all,0.0300,wor-active,623,0.0463055819272995,1.0
all,0.0300,wor-uniform,623,0.05016452074050903,1.0
all,0.0300,wor-active,624,0.03610485792160034,1.0
all,0.0300,wor-uniform,624,0.05518293380737305,1.0
all,0.0300,wor-active,625,0.04023328423500061,0.0
all,0.0300,wor-uniform,625,0.049535125494003296,1.0
all,0.0300,wor-active,626,0.04208308458328247,1.0
all,0.0300,wor-uniform,626,0.04938361048698425,1.0
all,0.0300,wor-active,627,0.04175978899002075,1.0
all,0.0300,wor-uniform,627,0.05058799684047699,1.0
all,0.0300,wor-active,628,0.040637075901031494,1.0
all,0.0300,wor-uniform,628,0.05578441917896271,1.0
all,0.0300,wor-active,629,0.048011958599090576,0.0
all,0.0300,wor-uniform,629,0.048464640974998474,1.0
all,0.0300,wor-active,630,0.04906463623046875,1.0
all,0.0300,wor-uniform,630,0.04868680238723755,1.0
all,0.0300,wor-active,631,0.051552772521972656,0.0
all,0.0300,wor-uniform,631,0.048205792903900146,1.0
all,0.0300,wor-active,632,0.04493410885334015,1.0
all,0.0300,wor-uniform,632,0.04914502799510956,1.0
all,0.0300,wor-active,633,0.04386693239212036,1.0
all,0.0300,wor-uniform,633,0.051271140575408936,1.0
all,0.0300,wor-active,634,0.04028970003128052,1.0
all,0.0300,wor-uniform,634,0.05367262661457062,1.0
all,0.0300,wor-active,635,0.050263360142707825,1.0
all,0.0300,wor-uniform,635,0.05206857621669769,1.0
all,0.0300,wor-active,636,0.04662811756134033,1.0
all,0.0300,wor-uniform,636,0.05193448066711426,1.0
all,0.0300,wor-active,637,0.04210697114467621,1.0
all,0.0300,wor-uniform,637,0.04992395639419556,1.0
all,0.0300,wor-active,638,0.04830878973007202,0.0
all,0.0300,wor-uniform,638,0.04816722869873047,1.0
all,0.0300,wor-active,639,0.049361005425453186,1.0
all,0.0300,wor-uniform,639,0.052244409918785095,1.0
all,0.0300,wor-active,640,0.04552739858627319,1.0
all,0.0300,wor-uniform,640,0.053598880767822266,1.0
all,0.0300,wor-active,641,0.049472153186798096,1.0
all,0.0300,wor-uniform,641,0.04992695152759552,1.0
all,0.0300,wor-active,642,0.04224342107772827,1.0
all,0.0300,wor-uniform,642,0.05387009680271149,1.0
all,0.0300,wor-active,643,0.03974860906600952,1.0
all,0.0300,wor-uniform,643,0.045735180377960205,1.0
all,0.0300,wor-active,644,0.04632145166397095,1.0
all,0.0300,wor-uniform,644,0.04994522035121918,1.0
all,0.0300,wor-active,645,0.04674823582172394,1.0
all,0.0300,wor-uniform,645,0.05229566991329193,1.0
all,0.0300,wor-active,646,0.04463297128677368,1.0
all,0.0300,wor-uniform,646,0.04703453183174133,1.0
all,0.0300,wor-active,647,0.04539698362350464,1.0
all,0.0300,wor-uniform,647,0.04576106369495392,1.0
all,0.0300,wor-active,648,0.04987466335296631,1.0
all,0.0300,wor-uniform,648,0.047474369406700134,1.0
all,0.0300,wor-active,649,0.043505072593688965,1.0
all,0.0300,wor-uniform,649,0.048499345779418945,1.0
all,0.0300,wor-active,650,0.0511012077331543,0.0
all,0.0300,wor-uniform,650,0.05245918035507202,1.0
all,0.0300,wor-active,651,0.04364641010761261,1.0
all,0.0300,wor-uniform,651,0.05191151797771454,1.0
all,0.0300,wor-active,652,0.04759562015533447,1.0
all,0.0300,wor-uniform,652,0.05284684896469116,1.0
all,0.0300,wor-active,653,0.04259049892425537,1.0
all,0.0300,wor-uniform,653,0.053188398480415344,1.0
all,0.0300,wor-active,654,0.042854443192481995,1.0
all,0.0300,wor-uniform,654,0.0555759072303772,1.0
all,0.0300,wor-active,655,0.04456152021884918,1.0
all,0.0300,wor-uniform,655,0.05034095048904419,1.0
all,0.0300,wor-active,656,0.04565250873565674,1.0
all,0.0300,wor-uniform,656,0.050929442048072815,1.0
all,0.0300,wor-active,657,0.048341915011405945,1.0
all,0.0300,wor-uniform,657,0.04978998005390167,1.0
all,0.0300,wor-active,658,0.049453139305114746,1.0
all,0.0300,wor-uniform,658,0.0494961142539978,1.0
all,0.0300,wor-active,659,0.04530525207519531,1.0
all,0.0300,wor-uniform,659,0.04839205741882324,1.0
all,0.0300,wor-active,660,0.04896385967731476,1.0
all,0.0300,wor-uniform,660,0.04942105710506439,1.0
all,0.0300,wor-active,661,0.04904720187187195,1.0
all,0.0300,wor-uniform,661,0.053050696849823,1.0
all,0.0300,wor-active,662,0.047632455825805664,1.0
all,0.0300,wor-uniform,662,0.051990509033203125,1.0
all,0.0300,wor-active,663,0.0460786372423172,1.0
all,0.0300,wor-uniform,663,0.049855709075927734,1.0
all,0.0300,wor-active,664,0.04109454154968262,0.0
all,0.0300,wor-uniform,664,0.050196439027786255,1.0
all,0.0300,wor-active,665,0.03732116520404816,1.0
all,0.0300,wor-uniform,665,0.048062220215797424,1.0
all,0.0400,wor-active,333,0.03696019947528839,1.0
all,0.0400,wor-uniform,333,0.04359781742095947,0.0
all,0.0400,wor-active,334,0.04288667440414429,0.0
all,0.0400,wor-uniform,334,0.045187413692474365,1.0
all,0.0400,wor-active,335,0.034428805112838745,0.0
all,0.0400,wor-uniform,335,0.042380645871162415,1.0
all,0.0400,wor-active,336,0.038324370980262756,1.0
all,0.0400,wor-uniform,336,0.04191829264163971,1.0
all,0.0400,wor-active,337,0.03816300630569458,1.0
all,0.0400,wor-uniform,337,0.04203200340270996,1.0
all,0.0400,wor-active,338,0.04643815755844116,1.0
all,0.0400,wor-uniform,338,0.04216569662094116,1.0
all,0.0400,wor-active,339,0.03831726312637329,1.0
all,0.0400,wor-uniform,339,0.042305946350097656,1.0
all,0.0400,wor-active,340,0.035109102725982666,1.0
all,0.0400,wor-uniform,340,0.040071308612823486,0.0
all,0.0400,wor-active,341,0.04271547496318817,1.0
all,0.0400,wor-uniform,341,0.04523642361164093,1.0
all,0.0400,wor-active,342,0.040606990456581116,1.0
all,0.0400,wor-uniform,342,0.03892138600349426,0.0
all,0.0400,wor-active,343,0.04027879238128662,1.0
all,0.0400,wor-uniform,343,0.04326373338699341,1.0
all,0.0400,wor-active,344,0.036772117018699646,1.0
all,0.0400,wor-uniform,344,0.04540969431400299,1.0
all,0.0400,wor-active,345,0.03764237463474274,1.0
all,0.0400,wor-uniform,345,0.048122838139534,1.0
all,0.0400,wor-active,346,0.03292649984359741,1.0
all,0.0400,wor-uniform,346,0.04009251296520233,1.0
all,0.0400,wor-active,347,0.0374453067779541,1.0
all,0.0400,wor-uniform,347,0.04323780536651611,1.0
all,0.0400,wor-active,348,0.03997267782688141,1.0
all,0.0400,wor-uniform,348,0.04134845733642578,1.0
all,0.0400,wor-active,349,0.04021914303302765,1.0
all,0.0400,wor-uniform,349,0.04145020246505737,1.0
all,0.0400,wor-active,350,0.03803884983062744,1.0
all,0.0400,wor-uniform,350,0.04410724341869354,1.0
all,0.0400,wor-active,351,0.03854948282241821,1.0
all,0.0400,wor-uniform,351,0.04489852488040924,1.0
all,0.0400,wor-active,352,0.03844094276428223,1.0
all,0.0400,wor-uniform,352,0.044279202818870544,1.0
all,0.0400,wor-active,353,0.042506396770477295,1.0
all,0.0400,wor-uniform,353,0.039683401584625244,1.0
all,0.0400,wor-active,354,0.03838692605495453,1.0
all,0.0400,wor-uniform,354,0.04441046714782715,1.0
all,0.0400,wor-active,355,0.04261581599712372,1.0
all,0.0400,wor-uniform,355,0.04596233367919922,1.0
all,0.0400,wor-active,356,0.04182422161102295,1.0
all,0.0400,wor-uniform,356,0.04206913709640503,1.0
all,0.0400,wor-active,357,0.03704158961772919,1.0
all,0.0400,wor-uniform,357,0.04112769663333893,1.0
all,0.0400,wor-active,358,0.040696561336517334,1.0
all,0.0400,wor-uniform,358,0.04198819398880005,1.0
all,0.0400,wor-active,359,0.04067163169384003,1.0
all,0.0400,wor-uniform,359,0.04343424737453461,1.0
all,0.0400,wor-active,360,0.043593645095825195,1.0
all,0.0400,wor-uniform,360,0.04578447341918945,1.0
all,0.0400,wor-active,361,0.04153962433338165,1.0
all,0.0400,wor-uniform,361,0.041576191782951355,1.0
all,0.0400,wor-active,362,0.03866297006607056,1.0
all,0.0400,wor-uniform,362,0.04324619472026825,1.0
all,0.0400,wor-active,363,0.03271159529685974,0.0
all,0.0400,wor-uniform,363,0.04420626163482666,1.0
all,0.0400,wor-active,364,0.04428201913833618,1.0
all,0.0400,wor-uniform,364,0.040312960743904114,0.0
all,0.0400,wor-active,365,0.0386541485786438,1.0
all,0.0400,wor-uniform,365,0.04366022348403931,1.0
all,0.0400,wor-active,366,0.042032793164253235,1.0
all,0.0400,wor-uniform,366,0.04008673131465912,1.0
all,0.0400,wor-active,367,0.03779439628124237,1.0
all,0.0400,wor-uniform,367,0.042402565479278564,1.0
all,0.0400,wor-active,368,0.03836578130722046,1.0
all,0.0400,wor-uniform,368,0.043368637561798096,1.0
all,0.0400,wor-active,369,0.03553511202335358,1.0
all,0.0400,wor-uniform,369,0.04552668333053589,1.0
all,0.0400,wor-active,370,0.03685241937637329,1.0
all,0.0400,wor-uniform,370,0.043890997767448425,1.0
all,0.0400,wor-active,371,0.04141847789287567,1.0
all,0.0400,wor-uniform,371,0.042668700218200684,1.0
all,0.0400,wor-active,372,0.03629623353481293,1.0
all,0.0400,wor-uniform,372,0.03979545831680298,0.0
all,0.0400,wor-active,373,0.03860211372375488,1.0
all,0.0400,wor-uniform,373,0.045966267585754395,1.0
all,0.0400,wor-active,374,0.038832008838653564,1.0
all,0.0400,wor-uniform,374,0.04599784314632416,1.0
all,0.0400,wor-active,375,0.036432236433029175,1.0
all,0.0400,wor-uniform,375,0.04097938537597656,0.0
all,0.0400,wor-active,376,0.04140520095825195,1.0
all,0.0400,wor-uniform,376,0.04305940866470337,0.0
all,0.0400,wor-active,377,0.04077345132827759,1.0
all,0.0400,wor-uniform,377,0.044184207916259766,1.0
all,0.0400,wor-active,378,0.03464929759502411,1.0
all,0.0400,wor-uniform,378,0.04209300875663757,1.0
all,0.0400,wor-active,379,0.0364542156457901,1.0
all,0.0400,wor-uniform,379,0.045513689517974854,0.0
all,0.0400,wor-active,380,0.03986859321594238,1.0
all,0.0400,wor-uniform,380,0.04381752014160156,1.0
all,0.0400,wor-active,381,0.039568349719047546,1.0
all,0.0400,wor-uniform,381,0.04410749673843384,1.0
all,0.0400,wor-active,382,0.041926681995391846,1.0
all,0.0400,wor-uniform,382,0.04203973710536957,1.0
all,0.0400,wor-active,383,0.03688859939575195,1.0
all,0.0400,wor-uniform,383,0.03951050341129303,1.0
all,0.0400,wor-active,384,0.034116894006729126,0.0
all,0.0400,wor-uniform,384,0.0422588586807251,1.0
all,0.0400,wor-active,385,0.042041242122650146,1.0
all,0.0400,wor-uniform,385,0.04211491346359253,1.0
all,0.0400,wor-active,386,0.04078887403011322,1.0
all,0.0400,wor-uniform,386,0.041885197162628174,1.0
all,0.0400,wor-active,387,0.039436936378479004,1.0
all,0.0400,wor-uniform,387,0.042727112770080566,1.0
all,0.0400,wor-active,388,0.038127243518829346,1.0
all,0.0400,wor-uniform,388,0.041522085666656494,1.0
all,0.0400,wor-active,389,0.04219985008239746,1.0
all,0.0400,wor-uniform,389,0.04275017976760864,1.0
all,0.0400,wor-active,390,0.043451547622680664,1.0
all,0.0400,wor-uniform,390,0.04258705675601959,1.0
all,0.0400,wor-active,391,0.039537861943244934,1.0
all,0.0400,wor-uniform,391,0.0411372184753418,1.0
all,0.0400,wor-active,392,0.04066544771194458,1.0
all,0.0400,wor-uniform,392,0.03879261016845703,1.0
all,0.0400,wor-active,393,0.0377199649810791,1.0
all,0.0400,wor-uniform,393,0.04550480842590332,1.0
all,0.0400,wor-active,394,0.03757113218307495,1.0
all,0.0400,wor-uniform,394,0.046700119972229004,0.0
all,0.0400,wor-active,395,0.042709603905677795,1.0
all,0.0400,wor-uniform,395,0.046079590916633606,1.0
all,0.0400,wor-active,396,0.03879821300506592,1.0
all,0.0400,wor-uniform,396,0.042244940996170044,1.0
all,0.0400,wor-active,397,0.0364290326833725,1.0
all,0.0400,wor-uniform,397,0.044358029961586,1.0
all,0.0400,wor-active,398,0.038960620760917664,1.0
all,0.0400,wor-uniform,398,0.045824646949768066,1.0
all,0.0400,wor-active,399,0.03626888990402222,1.0
all,0.0400,wor-uniform,399,0.048007816076278687,1.0
all,0.0400,wor-active,400,0.036035314202308655,1.0
all,0.0400,wor-uniform,400,0.04428859055042267,1.0
all,0.0400,wor-active,401,0.039888620376586914,1.0
all,0.0400,wor-uniform,401,0.042709410190582275,1.0
all,0.0400,wor-active,402,0.03946243226528168,1.0
all,0.0400,wor-uniform,402,0.04150378704071045,1.0
all,0.0400,wor-active,403,0.042517587542533875,1.0
all,0.0400,wor-uniform,403,0.046283185482025146,1.0
all,0.0400,wor-active,404,0.037564173340797424,1.0
all,0.0400,wor-uniform,404,0.041203826665878296,1.0
all,0.0400,wor-active,405,0.03986787796020508,1.0
all,0.0400,wor-uniform,405,0.04201209545135498,1.0
all,0.0400,wor-active,406,0.03931373357772827,1.0
all,0.0400,wor-uniform,406,0.0449833869934082,1.0
all,0.0400,wor-active,407,0.03784388303756714,1.0
all,0.0400,wor-uniform,407,0.04185391962528229,1.0
all,0.0400,wor-active,408,0.0420750230550766,1.0
all,0.0400,wor-uniform,408,0.04207034409046173,1.0
all,0.0400,wor-active,409,0.03589308261871338,1.0
all,0.0400,wor-uniform,409,0.043875351548194885,1.0
all,0.0400,wor-active,410,0.0407336950302124,1.0
all,0.0400,wor-uniform,410,0.040366098284721375,1.0
all,0.0400,wor-active,411,0.03662818670272827,1.0
all,0.0400,wor-uniform,411,0.043459296226501465,1.0
all,0.0400,wor-active,412,0.04065591096878052,1.0
all,0.0400,wor-uniform,412,0.042459532618522644,1.0
all,0.0400,wor-active,413,0.04011867940425873,1.0
all,0.0400,wor-uniform,413,0.04391007125377655,1.0
all,0.0400,wor-active,414,0.03531360626220703,1.0
all,0.0400,wor-uniform,414,0.046935439109802246,1.0
all,0.0400,wor-active,415,0.0380605012178421,1.0
all,0.0400,wor-uniform,415,0.043472230434417725,1.0
all,0.0400,wor-active,416,0.037300825119018555,1.0
all,0.0400,wor-uniform,416,0.04365205764770508,1.0
all,0.0400,wor-active,417,0.03910799324512482,1.0
all,0.0400,wor-uniform,417,0.043038949370384216,1.0
all,0.0400,wor-active,418,0.04347743093967438,1.0
all,0.0400,wor-uniform,418,0.0440889447927475,1.0
all,0.0400,wor-active,419,0.03647790849208832,1.0
all,0.0400,wor-uniform,419,0.048423707485198975,0.0
all,0.0400,wor-active,420,0.0416104793548584,1.0
all,0.0400,wor-uniform,420,0.041420117020606995,1.0
all,0.0400,wor-active,421,0.040712714195251465,1.0
all,0.0400,wor-uniform,421,0.04448062181472778,1.0
all,0.0400,wor-active,422,0.032932281494140625,1.0
all,0.0400,wor-uniform,422,0.04066413640975952,1.0
all,0.0400,wor-active,423,0.04091240465641022,1.0
all,0.0400,wor-uniform,423,0.04491829872131348,1.0
all,0.0400,wor-active,424,0.041770339012145996,1.0
all,0.0400,wor-uniform,424,0.04346241056919098,1.0
all,0.0400,wor-active,425,0.03971076011657715,1.0
all,0.0400,wor-uniform,425,0.046497642993927,1.0
all,0.0400,wor-active,426,0.03729790449142456,1.0
all,0.0400,wor-uniform,426,0.04722428321838379,1.0
all,0.0400,wor-active,427,0.03544887900352478,1.0
all,0.0400,wor-uniform,427,0.04311734437942505,1.0
all,0.0400,wor-active,428,0.036236077547073364,1.0
all,0.0400,wor-uniform,428,0.045390784740448,1.0
all,0.0400,wor-active,429,0.038554489612579346,1.0
all,0.0400,wor-uniform,429,0.041569992899894714,1.0
all,0.0400,wor-active,430,0.04284101724624634,1.0
all,0.0400,wor-uniform,430,0.045363649725914,1.0
all,0.0400,wor-active,431,0.039609432220458984,1.0
all,0.0400,wor-uniform,431,0.03965401649475098,1.0
all,0.0400,wor-active,432,0.040954768657684326,1.0
all,0.0400,wor-uniform,432,0.04293365776538849,1.0
all,0.0400,wor-active,433,0.037652432918548584,1.0
all,0.0400,wor-uniform,433,0.044439271092414856,1.0
all,0.0400,wor-active,434,0.036598801612854004,1.0
all,0.0400,wor-uniform,434,0.04317064583301544,1.0
all,0.0400,wor-active,435,0.039194703102111816,1.0
all,0.0400,wor-uniform,435,0.047648534178733826,1.0
all,0.0400,wor-active,436,0.04017253220081329,1.0
all,0.0400,wor-uniform,436,0.04069329798221588,1.0
all,0.0400,wor-active,437,0.0389125794172287,1.0
all,0.0400,wor-uniform,437,0.04139919579029083,1.0
all,0.0400,wor-active,438,0.03679472208023071,1.0
all,0.0400,wor-uniform,438,0.043398961424827576,1.0
all,0.0400,wor-active,439,0.042060017585754395,1.0
all,0.0400,wor-uniform,439,0.04447668790817261,1.0
all,0.0400,wor-active,440,0.04092074930667877,1.0
all,0.0400,wor-uniform,440,0.04287967085838318,1.0
all,0.0400,wor-active,441,0.03761929273605347,1.0
all,0.0400,wor-uniform,441,0.046888843178749084,1.0
all,0.0400,wor-active,442,0.038588717579841614,1.0
all,0.0400,wor-uniform,442,0.03841900825500488,1.0
all,0.0400,wor-active,443,0.03914672136306763,1.0
all,0.0400,wor-uniform,443,0.0440792441368103,1.0
all,0.0400,wor-active,444,0.04102252423763275,1.0
all,0.0400,wor-uniform,444,0.04366666078567505,1.0
all,0.0400,wor-active,445,0.039843156933784485,0.0
all,0.0400,wor-uniform,445,0.04457134008407593,1.0
all,0.0400,wor-active,446,0.035977303981781006,1.0
all,0.0400,wor-uniform,446,0.04389190673828125,1.0
all,0.0400,wor-active,447,0.03991234302520752,1.0
all,0.0400,wor-uniform,447,0.043165743350982666,1.0
all,0.0400,wor-active,448,0.035799384117126465,1.0
all,0.0400,wor-uniform,448,0.04380221664905548,1.0
all,0.0400,wor-active,449,0.04176527261734009,1.0
all,0.0400,wor-uniform,449,0.04420153796672821,1.0
all,0.0400,wor-active,450,0.03380720317363739,1.0
all,0.0400,wor-uniform,450,0.042368724942207336,1.0
all,0.0400,wor-active,451,0.04082322120666504,1.0
all,0.0400,wor-uniform,451,0.04383568465709686,1.0
all,0.0400,wor-active,452,0.039572715759277344,1.0
all,0.0400,wor-uniform,452,0.04077160358428955,1.0
all,0.0400,wor-active,453,0.03894291818141937,1.0
all,0.0400,wor-uniform,453,0.044352516531944275,1.0
all,0.0400,wor-active,454,0.03472733497619629,1.0
all,0.0400,wor-uniform,454,0.04500959813594818,1.0
all,0.0400,wor-active,455,0.03941464424133301,1.0
all,0.0400,wor-uniform,455,0.04447360336780548,1.0
all,0.0400,wor-active,456,0.03561556339263916,0.0
all,0.0400,wor-uniform,456,0.04454497992992401,1.0
all,0.0400,wor-active,457,0.03659515082836151,1.0
all,0.0400,wor-uniform,457,0.045602425932884216,1.0
all,0.0400,wor-active,458,0.03706252574920654,1.0
all,0.0400,wor-uniform,458,0.04758727550506592,1.0
all,0.0400,wor-active,459,0.040477171540260315,1.0
all,0.0400,wor-uniform,459,0.04348856210708618,1.0
all,0.0400,wor-active,460,0.04416090250015259,1.0
all,0.0400,wor-uniform,460,0.04311774671077728,1.0
all,0.0400,wor-active,461,0.03759618103504181,1.0
all,0.0400,wor-uniform,461,0.044260844588279724,1.0
all,0.0400,wor-active,462,0.04005783796310425,1.0
all,0.0400,wor-uniform,462,0.04137462377548218,1.0
all,0.0400,wor-active,463,0.036319658160209656,1.0
all,0.0400,wor-uniform,463,0.040232911705970764,1.0
all,0.0400,wor-active,464,0.04083859920501709,1.0
all,0.0400,wor-uniform,464,0.04316544532775879,1.0
all,0.0400,wor-active,465,0.03432580828666687,1.0
all,0.0400,wor-uniform,465,0.04040445387363434,1.0
all,0.0400,wor-active,466,0.036660075187683105,1.0
all,0.0400,wor-uniform,466,0.04323667287826538,1.0
all,0.0400,wor-active,467,0.039190053939819336,1.0
all,0.0400,wor-uniform,467,0.03967811167240143,0.0
all,0.0400,wor-active,468,0.04034525156021118,1.0
all,0.0400,wor-uniform,468,0.0470881462097168,1.0
all,0.0400,wor-active,469,0.03532963991165161,1.0
all,0.0400,wor-uniform,469,0.04531051218509674,1.0
all,0.0400,wor-active,470,0.03733426332473755,1.0
all,0.0400,wor-uniform,470,0.042950212955474854,1.0
all,0.0400,wor-active,471,0.040043964982032776,1.0
all,0.0400,wor-uniform,471,0.04424108564853668,1.0
all,0.0400,wor-active,472,0.036307454109191895,1.0
all,0.0400,wor-uniform,472,0.04290515184402466,1.0
all,0.0400,wor-active,473,0.03651146590709686,1.0
all,0.0400,wor-uniform,473,0.04344534873962402,1.0
all,0.0400,wor-active,474,0.039999306201934814,1.0
all,0.0400,wor-uniform,474,0.04338735342025757,1.0
all,0.0400,wor-active,475,0.039317891001701355,1.0
all,0.0400,wor-uniform,475,0.04378579556941986,1.0
all,0.0400,wor-active,476,0.04523301124572754,0.0
all,0.0400,wor-uniform,476,0.04827219247817993,1.0
all,0.0400,wor-active,477,0.039334967732429504,1.0
all,0.0400,wor-uniform,477,0.04301750659942627,1.0
all,0.0400,wor-active,478,0.03801071643829346,1.0
all,0.0400,wor-uniform,478,0.04256947338581085,1.0
all,0.0400,wor-active,479,0.04147058725357056,1.0
all,0.0400,wor-uniform,479,0.04466424882411957,1.0
all,0.0400,wor-active,480,0.03956228494644165,1.0
all,0.0400,wor-uniform,480,0.045943379402160645,0.0
all,0.0400,wor-active,481,0.037072136998176575,1.0
all,0.0400,wor-uniform,481,0.04148125648498535,1.0
all,0.0400,wor-active,482,0.03416663408279419,1.0
all,0.0400,wor-uniform,482,0.04466192424297333,1.0
all,0.0400,wor-active,483,0.03564697504043579,1.0
all,0.0400,wor-uniform,483,0.044179901480674744,1.0
all,0.0400,wor-active,484,0.04162323474884033,1.0
all,0.0400,wor-uniform,484,0.04453021287918091,1.0
all,0.0400,wor-active,485,0.04126685857772827,1.0
all,0.0400,wor-uniform,485,0.044242680072784424,1.0
all,0.0400,wor-active,486,0.03477095067501068,1.0
all,0.0400,wor-uniform,486,0.04268205165863037,0.0
all,0.0400,wor-active,487,0.0407828688621521,1.0
all,0.0400,wor-uniform,487,0.04533183574676514,1.0
all,0.0400,wor-active,488,0.038614869117736816,1.0
all,0.0400,wor-uniform,488,0.043760642409324646,1.0
all,0.0400,wor-active,489,0.040811777114868164,1.0
all,0.0400,wor-uniform,489,0.04731585085391998,1.0
all,0.0400,wor-active,490,0.0396869033575058,1.0
all,0.0400,wor-uniform,490,0.04412667453289032,1.0
all,0.0400,wor-active,491,0.03886251151561737,1.0
all,0.0400,wor-uniform,491,0.043097734451293945,1.0
all,0.0400,wor-active,492,0.03560461103916168,1.0
all,0.0400,wor-uniform,492,0.042035654187202454,1.0
all,0.0400,wor-active,493,0.0333641916513443,1.0
all,0.0400,wor-uniform,493,0.04371744394302368,1.0
all,0.0400,wor-active,494,0.041342318058013916,1.0
all,0.0400,wor-uniform,494,0.04558360576629639,0.0
all,0.0400,wor-active,495,0.037058278918266296,1.0
all,0.0400,wor-uniform,495,0.04132138192653656,1.0
all,0.0400,wor-active,496,0.03914342820644379,1.0
all,0.0400,wor-uniform,496,0.042095914483070374,1.0
all,0.0400,wor-active,497,0.03979535400867462,1.0
all,0.0400,wor-uniform,497,0.042060017585754395,1.0
all,0.0400,wor-active,498,0.036634981632232666,1.0
all,0.0400,wor-uniform,498,0.04553808271884918,1.0
all,0.0400,wor-active,499,0.032930150628089905,1.0
all,0.0400,wor-uniform,499,0.041618525981903076,1.0
all,0.0400,wor-active,500,0.034244388341903687,0.0
all,0.0400,wor-uniform,500,0.04182662069797516,1.0
all,0.0400,wor-active,501,0.03820151090621948,1.0
all,0.0400,wor-uniform,501,0.04434521496295929,1.0
all,0.0400,wor-active,502,0.038220688700675964,1.0
all,0.0400,wor-uniform,502,0.04508042335510254,1.0
all,0.0400,wor-active,503,0.04243399202823639,1.0
all,0.0400,wor-uniform,503,0.043213143944740295,1.0
all,0.0400,wor-active,504,0.039864957332611084,1.0
all,0.0400,wor-uniform,504,0.04533255100250244,0.0
all,0.0400,wor-active,505,0.040261149406433105,1.0
all,0.0400,wor-uniform,505,0.03995440900325775,1.0
all,0.0400,wor-active,506,0.038738131523132324,1.0
all,0.0400,wor-uniform,506,0.04319630563259125,1.0
all,0.0400,wor-active,507,0.03867344558238983,1.0
all,0.0400,wor-uniform,507,0.0460004061460495,1.0
all,0.0400,wor-active,508,0.0370786190032959,1.0
all,0.0400,wor-uniform,508,0.04371123015880585,1.0
all,0.0400,wor-active,509,0.040735721588134766,1.0
all,0.0400,wor-uniform,509,0.040358588099479675,1.0
all,0.0400,wor-active,510,0.03698092699050903,1.0
all,0.0400,wor-uniform,510,0.04000210762023926,0.0
all,0.0400,wor-active,511,0.04445071518421173,1.0
all,0.0400,wor-uniform,511,0.04557187855243683,1.0
all,0.0400,wor-active,512,0.040563225746154785,1.0
all,0.0400,wor-uniform,512,0.04316778481006622,1.0
all,0.0400,wor-active,513,0.03610064089298248,1.0
all,0.0400,wor-uniform,513,0.04214352369308472,1.0
all,0.0400,wor-active,514,0.04288105666637421,1.0
all,0.0400,wor-uniform,514,0.043670669198036194,1.0
all,0.0400,wor-active,515,0.035858675837516785,1.0
all,0.0400,wor-uniform,515,0.0418587327003479,1.0
all,0.0400,wor-active,516,0.038581013679504395,1.0
all,0.0400,wor-uniform,516,0.04419045150279999,1.0
all,0.0400,wor-active,517,0.03913247585296631,1.0
all,0.0400,wor-uniform,517,0.04189908504486084,1.0
all,0.0400,wor-active,518,0.04100978374481201,1.0
all,0.0400,wor-uniform,518,0.041618943214416504,1.0
all,0.0400,wor-active,519,0.04264466464519501,1.0
all,0.0400,wor-uniform,519,0.043267443776130676,1.0
all,0.0400,wor-active,520,0.03943772614002228,1.0
all,0.0400,wor-uniform,520,0.04542726278305054,1.0
all,0.0400,wor-active,521,0.040937140583992004,1.0
all,0.0400,wor-uniform,521,0.04331950843334198,1.0
all,0.0400,wor-active,522,0.038359761238098145,1.0
all,0.0400,wor-uniform,522,0.043567538261413574,1.0
all,0.0400,wor-active,523,0.0372963547706604,1.0
all,0.0400,wor-uniform,523,0.043837785720825195,1.0
all,0.0400,wor-active,524,0.04033529758453369,1.0
all,0.0400,wor-uniform,524,0.040938615798950195,1.0
all,0.0400,wor-active,525,0.04085880517959595,1.0
all,0.0400,wor-uniform,525,0.04534508287906647,1.0
all,0.0400,wor-active,526,0.04042536020278931,1.0
all,0.0400,wor-uniform,526,0.042362868785858154,1.0
all,0.0400,wor-active,527,0.040543392300605774,1.0
all,0.0400,wor-uniform,527,0.04340386390686035,1.0
all,0.0400,wor-active,528,0.03333581984043121,1.0
all,0.0400,wor-uniform,528,0.04370482265949249,1.0
all,0.0400,wor-active,529,0.04182398319244385,1.0
all,0.0400,wor-uniform,529,0.0412563681602478,1.0
all,0.0400,wor-active,530,0.041802942752838135,1.0
all,0.0400,wor-uniform,530,0.04455280303955078,1.0
all,0.0400,wor-active,531,0.033827900886535645,1.0
all,0.0400,wor-uniform,531,0.043697938323020935,0.0
all,0.0400,wor-active,532,0.038324952125549316,1.0
all,0.0400,wor-uniform,532,0.04567040503025055,1.0
all,0.0400,wor-active,533,0.03739039599895477,1.0
all,0.0400,wor-uniform,533,0.043371573090553284,1.0
all,0.0400,wor-active,534,0.03629493713378906,1.0
all,0.0400,wor-uniform,534,0.04512493312358856,1.0
all,0.0400,wor-active,535,0.03246860206127167,1.0
all,0.0400,wor-uniform,535,0.04508154094219208,1.0
all,0.0400,wor-active,536,0.04384756088256836,1.0
all,0.0400,wor-uniform,536,0.044858694076538086,1.0
all,0.0400,wor-active,537,0.03754705190658569,1.0
all,0.0400,wor-uniform,537,0.04613596200942993,1.0
all,0.0400,wor-active,538,0.040366947650909424,1.0
all,0.0400,wor-uniform,538,0.044576048851013184,1.0
all,0.0400,wor-active,539,0.03739066421985626,1.0
all,0.0400,wor-uniform,539,0.04341210424900055,1.0
all,0.0400,wor-active,540,0.04437988996505737,1.0
all,0.0400,wor-uniform,540,0.0449448823928833,1.0
all,0.0400,wor-active,541,0.03778660297393799,1.0
all,0.0400,wor-uniform,541,0.0418432354927063,1.0
all,0.0400,wor-active,542,0.04017050564289093,1.0
all,0.0400,wor-uniform,542,0.04158538579940796,1.0
all,0.0400,wor-active,543,0.038237810134887695,1.0
all,0.0400,wor-uniform,543,0.04237961769104004,1.0
all,0.0400,wor-active,544,0.038893699645996094,0.0
all,0.0400,wor-uniform,544,0.043442949652671814,1.0
all,0.0400,wor-active,545,0.039534032344818115,1.0
all,0.0400,wor-uniform,545,0.04698687791824341,1.0
all,0.0400,wor-active,546,0.04004870355129242,1.0
all,0.0400,wor-uniform,546,0.04277798533439636,1.0
all,0.0400,wor-active,547,0.03986102342605591,1.0
all,0.0400,wor-uniform,547,0.0416913777589798,1.0
all,0.0400,wor-active,548,0.04193092882633209,1.0
all,0.0400,wor-uniform,548,0.044115424156188965,1.0
all,0.0400,wor-active,549,0.03971412777900696,1.0
all,0.0400,wor-uniform,549,0.045669570565223694,1.0
all,0.0400,wor-active,550,0.0373850017786026,1.0
all,0.0400,wor-uniform,550,0.042432546615600586,1.0
all,0.0400,wor-active,551,0.03716343641281128,1.0
all,0.0400,wor-uniform,551,0.0441928505897522,1.0
all,0.0400,wor-active,552,0.04222947359085083,1.0
all,0.0400,wor-uniform,552,0.04285705089569092,1.0
all,0.0400,wor-active,553,0.04247264564037323,1.0
all,0.0400,wor-uniform,553,0.04340989887714386,1.0
all,0.0400,wor-active,554,0.04227262735366821,1.0
all,0.0400,wor-uniform,554,0.04519113898277283,1.0
all,0.0400,wor-active,555,0.03647182881832123,1.0
all,0.0400,wor-uniform,555,0.042039260268211365,1.0
all,0.0400,wor-active,556,0.03537793457508087,1.0
all,0.0400,wor-uniform,556,0.04415076971054077,1.0
all,0.0400,wor-active,557,0.03854227066040039,1.0
all,0.0400,wor-uniform,557,0.04326967895030975,1.0
all,0.0400,wor-active,558,0.0377657413482666,1.0
all,0.0400,wor-uniform,558,0.046029090881347656,1.0
all,0.0400,wor-active,559,0.0381188839673996,1.0
all,0.0400,wor-uniform,559,0.04464314877986908,1.0
all,0.0400,wor-active,560,0.04290682077407837,1.0
all,0.0400,wor-uniform,560,0.043758854269981384,0.0
all,0.0400,wor-active,561,0.04117166996002197,1.0
all,0.0400,wor-uniform,561,0.0440942645072937,1.0
all,0.0400,wor-active,562,0.03725409507751465,1.0
all,0.0400,wor-uniform,562,0.0447424054145813,1.0
all,0.0400,wor-active,563,0.03945106267929077,1.0
all,0.0400,wor-uniform,563,0.04492509365081787,1.0
all,0.0400,wor-active,564,0.04352313280105591,1.0
all,0.0400,wor-uniform,564,0.04300409555435181,1.0
all,0.0400,wor-active,565,0.04091489315032959,1.0
all,0.0400,wor-uniform,565,0.04430663585662842,1.0
all,0.0400,wor-active,566,0.037922024726867676,1.0
all,0.0400,wor-uniform,566,0.04304373264312744,1.0
all,0.0400,wor-active,567,0.04065634310245514,1.0
all,0.0400,wor-uniform,567,0.040733471512794495,1.0
all,0.0400,wor-active,568,0.03978937864303589,1.0
all,0.0400,wor-uniform,568,0.04414810240268707,1.0
all,0.0400,wor-active,569,0.03874923288822174,1.0
all,0.0400,wor-uniform,569,0.04291917383670807,1.0
all,0.0400,wor-active,570,0.03581559658050537,1.0
all,0.0400,wor-uniform,570,0.04534393548965454,1.0
all,0.0400,wor-active,571,0.0343957394361496,1.0
all,0.0400,wor-uniform,571,0.04663443565368652,1.0
all,0.0400,wor-active,572,0.03762882947921753,1.0
all,0.0400,wor-uniform,572,0.04327183961868286,1.0
all,0.0400,wor-active,573,0.043174564838409424,1.0
all,0.0400,wor-uniform,573,0.04181116819381714,1.0
all,0.0400,wor-active,574,0.03839302062988281,1.0
all,0.0400,wor-uniform,574,0.04366163909435272,1.0
all,0.0400,wor-active,575,0.04273815453052521,1.0
all,0.0400,wor-uniform,575,0.04132579267024994,1.0
all,0.0400,wor-active,576,0.039646223187446594,1.0
all,0.0400,wor-uniform,576,0.04478132724761963,1.0
all,0.0400,wor-active,577,0.036645159125328064,1.0
all,0.0400,wor-uniform,577,0.047006189823150635,0.0
all,0.0400,wor-active,578,0.0394202321767807,1.0
all,0.0400,wor-uniform,578,0.03932330012321472,0.0
all,0.0400,wor-active,579,0.03983110189437866,1.0
all,0.0400,wor-uniform,579,0.03859442472457886,1.0
all,0.0400,wor-active,580,0.042680755257606506,1.0
all,0.0400,wor-uniform,580,0.044658735394477844,1.0
all,0.0400,wor-active,581,0.04123347997665405,1.0
all,0.0400,wor-uniform,581,0.04410672187805176,1.0
all,0.0400,wor-active,582,0.04156090319156647,1.0
all,0.0400,wor-uniform,582,0.044540226459503174,1.0
all,0.0400,wor-active,583,0.03559601306915283,1.0
all,0.0400,wor-uniform,583,0.04595327377319336,1.0
all,0.0400,wor-active,584,0.04195910692214966,1.0
all,0.0400,wor-uniform,584,0.04179595410823822,1.0
all,0.0400,wor-active,585,0.040333524346351624,1.0
all,0.0400,wor-uniform,585,0.04368464648723602,1.0
all,0.0400,wor-active,586,0.038925230503082275,1.0
all,0.0400,wor-uniform,586,0.04249422252178192,1.0
all,0.0400,wor-active,587,0.038673460483551025,1.0
all,0.0400,wor-uniform,587,0.04387873411178589,1.0
all,0.0400,wor-active,588,0.04245160520076752,1.0
all,0.0400,wor-uniform,588,0.046100929379463196,1.0
all,0.0400,wor-active,589,0.03865528106689453,1.0
all,0.0400,wor-uniform,589,0.03999215364456177,1.0
all,0.0400,wor-active,590,0.04494524002075195,1.0
all,0.0400,wor-uniform,590,0.04144057631492615,0.0
all,0.0400,wor-active,591,0.038291335105895996,1.0
all,0.0400,wor-uniform,591,0.04114653170108795,1.0
all,0.0400,wor-active,592,0.043140530586242676,1.0
all,0.0400,wor-uniform,592,0.041052043437957764,1.0
all,0.0400,wor-active,593,0.03696705400943756,1.0
all,0.0400,wor-uniform,593,0.04427279531955719,1.0
all,0.0400,wor-active,594,0.04160040616989136,1.0
all,0.0400,wor-uniform,594,0.04228240251541138,1.0
all,0.0400,wor-active,595,0.034597769379615784,1.0
all,0.0400,wor-uniform,595,0.042786434292793274,1.0
all,0.0400,wor-active,596,0.041848376393318176,1.0
all,0.0400,wor-uniform,596,0.04373323917388916,1.0
all,0.0400,wor-active,597,0.036345258355140686,1.0
all,0.0400,wor-uniform,597,0.045574188232421875,1.0
all,0.0400,wor-active,598,0.033771902322769165,0.0
all,0.0400,wor-uniform,598,0.04272432625293732,1.0
all,0.0400,wor-active,599,0.0391201376914978,1.0
all,0.0400,wor-uniform,599,0.0435875803232193,1.0
all,0.0400,wor-active,600,0.03761151432991028,1.0
all,0.0400,wor-uniform,600,0.04362134635448456,1.0
all,0.0400,wor-active,601,0.04145920276641846,1.0
all,0.0400,wor-uniform,601,0.04253566265106201,1.0
all,0.0400,wor-active,602,0.03364086151123047,1.0
all,0.0400,wor-uniform,602,0.04175509512424469,1.0
all,0.0400,wor-active,603,0.03377912938594818,1.0
all,0.0400,wor-uniform,603,0.04115726053714752,1.0
all,0.0400,wor-active,604,0.04034876823425293,1.0
all,0.0400,wor-uniform,604,0.04485803842544556,1.0
all,0.0400,wor-active,605,0.0390390008687973,1.0
all,0.0400,wor-uniform,605,0.04358075559139252,1.0
all,0.0400,wor-active,606,0.03975343704223633,1.0
all,0.0400,wor-uniform,606,0.04307816922664642,1.0
all,0.0400,wor-active,607,0.037628933787345886,1.0
all,0.0400,wor-uniform,607,0.04620552062988281,1.0
all,0.0400,wor-active,608,0.0371931791305542,1.0
all,0.0400,wor-uniform,608,0.04220139980316162,1.0
all,0.0400,wor-active,609,0.035278454422950745,1.0
all,0.0400,wor-uniform,609,0.03962522745132446,1.0
all,0.0400,wor-active,610,0.035798802971839905,1.0
all,0.0400,wor-uniform,610,0.043918922543525696,1.0
all,0.0400,wor-active,611,0.035573288798332214,1.0
all,0.0400,wor-uniform,611,0.04409018158912659,1.0
all,0.0400,wor-active,612,0.041721463203430176,1.0
all,0.0400,wor-uniform,612,0.043902575969696045,1.0
all,0.0400,wor-active,613,0.038533613085746765,1.0
all,0.0400,wor-uniform,613,0.046196162700653076,1.0
all,0.0400,wor-active,614,0.0387113094329834,1.0
all,0.0400,wor-uniform,614,0.04317675530910492,1.0
all,0.0400,wor-active,615,0.0355103462934494,1.0
all,0.0400,wor-uniform,615,0.040402039885520935,1.0
all,0.0400,wor-active,616,0.036993980407714844,1.0
all,0.0400,wor-uniform,616,0.04199306666851044,1.0
all,0.0400,wor-active,617,0.0444415807723999,1.0
all,0.0400,wor-uniform,617,0.03928658366203308,1.0
all,0.0400,wor-active,618,0.04000580310821533,1.0
all,0.0400,wor-uniform,618,0.045787811279296875,1.0
all,0.0400,wor-active,619,0.042727187275886536,1.0
all,0.0400,wor-uniform,619,0.04015760123729706,1.0
all,0.0400,wor-active,620,0.03517775237560272,1.0
all,0.0400,wor-uniform,620,0.04594385623931885,1.0
all,0.0400,wor-active,621,0.03751654922962189,1.0
all,0.0400,wor-uniform,621,0.040964558720588684,1.0
all,0.0400,wor-active,622,0.036138519644737244,1.0
all,0.0400,wor-uniform,622,0.04236721992492676,1.0
all,0.0400,wor-active,623,0.03723950684070587,1.0
all,0.0400,wor-uniform,623,0.044666290283203125,1.0
all,0.0400,wor-active,624,0.037031590938568115,1.0
all,0.0400,wor-uniform,624,0.04592859745025635,1.0
all,0.0400,wor-active,625,0.03632010519504547,1.0
all,0.0400,wor-uniform,625,0.04391467571258545,1.0
all,0.0400,wor-active,626,0.03499457240104675,1.0
all,0.0400,wor-uniform,626,0.042137712240219116,1.0
all,0.0400,wor-active,627,0.04023057222366333,1.0
all,0.0400,wor-uniform,627,0.04169216752052307,1.0
all,0.0400,wor-active,628,0.039576053619384766,1.0
all,0.0400,wor-uniform,628,0.04479481279850006,1.0
all,0.0400,wor-active,629,0.036526620388031006,1.0
all,0.0400,wor-uniform,629,0.04414045810699463,1.0
all,0.0400,wor-active,630,0.03397539258003235,1.0
all,0.0400,wor-uniform,630,0.041858136653900146,1.0
all,0.0400,wor-active,631,0.035127222537994385,1.0
all,0.0400,wor-uniform,631,0.04285883903503418,1.0
all,0.0400,wor-active,632,0.0420868843793869,1.0
all,0.0400,wor-uniform,632,0.04372936487197876,1.0
all,0.0400,wor-active,633,0.03499025106430054,1.0
all,0.0400,wor-uniform,633,0.044719040393829346,1.0
all,0.0400,wor-active,634,0.04158534109592438,1.0
all,0.0400,wor-uniform,634,0.04473915696144104,1.0
all,0.0400,wor-active,635,0.034484028816223145,1.0
all,0.0400,wor-uniform,635,0.043076202273368835,1.0
all,0.0400,wor-active,636,0.04006485641002655,1.0
all,0.0400,wor-uniform,636,0.04428285360336304,1.0
all,0.0400,wor-active,637,0.03445820510387421,1.0
all,0.0400,wor-uniform,637,0.043832480907440186,1.0
all,0.0400,wor-active,638,0.03844809532165527,1.0
all,0.0400,wor-uniform,638,0.04423034191131592,1.0
all,0.0400,wor-active,639,0.044276490807533264,1.0
all,0.0400,wor-uniform,639,0.04420340061187744,1.0
all,0.0400,wor-active,640,0.04176133871078491,1.0
all,0.0400,wor-uniform,640,0.04567450284957886,1.0
all,0.0400,wor-active,641,0.034984707832336426,1.0
all,0.0400,wor-uniform,641,0.04520505666732788,1.0
all,0.0400,wor-active,642,0.041929662227630615,1.0
all,0.0400,wor-uniform,642,0.040216878056526184,1.0
all,0.0400,wor-active,643,0.04380440711975098,1.0
all,0.0400,wor-uniform,643,0.04368726909160614,1.0
all,0.0400,wor-active,644,0.03853499889373779,1.0
all,0.0400,wor-uniform,644,0.041848257184028625,1.0
all,0.0400,wor-active,645,0.035641565918922424,1.0
all,0.0400,wor-uniform,645,0.042176052927970886,1.0
all,0.0400,wor-active,646,0.040152907371520996,1.0
all,0.0400,wor-uniform,646,0.04473221302032471,1.0
all,0.0400,wor-active,647,0.03701324760913849,1.0
all,0.0400,wor-uniform,647,0.04239606857299805,1.0
all,0.0400,wor-active,648,0.03673708438873291,1.0
all,0.0400,wor-uniform,648,0.04560267925262451,1.0
all,0.0400,wor-active,649,0.03778211772441864,1.0
all,0.0400,wor-uniform,649,0.04475761950016022,1.0
all,0.0400,wor-active,650,0.039053261280059814,1.0
all,0.0400,wor-uniform,650,0.04709070920944214,1.0
all,0.0400,wor-active,651,0.04316544532775879,1.0
all,0.0400,wor-uniform,651,0.04290199279785156,1.0
all,0.0400,wor-active,652,0.04134124517440796,1.0
all,0.0400,wor-uniform,652,0.04445362091064453,1.0
all,0.0400,wor-active,653,0.04072445631027222,1.0
all,0.0400,wor-uniform,653,0.04056578874588013,1.0
all,0.0400,wor-active,654,0.04246586561203003,1.0
all,0.0400,wor-uniform,654,0.04100769758224487,1.0
all,0.0400,wor-active,655,0.038852035999298096,1.0
all,0.0400,wor-uniform,655,0.044462740421295166,1.0
all,0.0400,wor-active,656,0.0401155948638916,1.0
all,0.0400,wor-uniform,656,0.041582465171813965,1.0
all,0.0400,wor-active,657,0.03695869445800781,1.0
all,0.0400,wor-uniform,657,0.04243989288806915,1.0
all,0.0400,wor-active,658,0.03745990991592407,1.0
all,0.0400,wor-uniform,658,0.04372076690196991,1.0
all,0.0400,wor-active,659,0.03846406936645508,1.0
all,0.0400,wor-uniform,659,0.04364471137523651,1.0
all,0.0400,wor-active,660,0.03773920238018036,1.0
all,0.0400,wor-uniform,660,0.04486624896526337,1.0
all,0.0400,wor-active,661,0.038638949394226074,1.0
all,0.0400,wor-uniform,661,0.04396921396255493,1.0
all,0.0400,wor-active,662,0.0425601452589035,1.0
all,0.0400,wor-uniform,662,0.04441887140274048,1.0
all,0.0400,wor-active,663,0.03558516502380371,0.0
all,0.0400,wor-uniform,663,0.042258262634277344,1.0
all,0.0400,wor-active,664,0.036622822284698486,1.0
all,0.0400,wor-uniform,664,0.04149670898914337,1.0
all,0.0400,wor-active,665,0.03882239758968353,1.0
all,0.0400,wor-uniform,665,0.04421156644821167,1.0
all,0.0500,wor-active,333,0.03613704442977905,1.0
all,0.0500,wor-uniform,333,0.040770530700683594,1.0
all,0.0500,wor-active,334,0.0344085693359375,1.0
all,0.0500,wor-uniform,334,0.03927595913410187,1.0
all,0.0500,wor-active,335,0.03608278930187225,1.0
all,0.0500,wor-uniform,335,0.03850780427455902,1.0
all,0.0500,wor-active,336,0.033009275794029236,1.0
all,0.0500,wor-uniform,336,0.038780152797698975,1.0
all,0.0500,wor-active,337,0.03499883413314819,1.0
all,0.0500,wor-uniform,337,0.038260653614997864,1.0
all,0.0500,wor-active,338,0.035202205181121826,1.0
all,0.0500,wor-uniform,338,0.03790731728076935,1.0
all,0.0500,wor-active,339,0.031079605221748352,1.0
all,0.0500,wor-uniform,339,0.03949087858200073,1.0
all,0.0500,wor-active,340,0.030147910118103027,1.0
all,0.0500,wor-uniform,340,0.037620753049850464,1.0
all,0.0500,wor-active,341,0.0335770845413208,1.0
all,0.0500,wor-uniform,341,0.03917592763900757,1.0
all,0.0500,wor-active,342,0.03384298086166382,1.0
all,0.0500,wor-uniform,342,0.03943955898284912,1.0
all,0.0500,wor-active,343,0.03598153591156006,1.0
all,0.0500,wor-uniform,343,0.04050707817077637,0.0
all,0.0500,wor-active,344,0.035707950592041016,1.0
all,0.0500,wor-uniform,344,0.040407776832580566,1.0
all,0.0500,wor-active,345,0.0348852276802063,1.0
all,0.0500,wor-uniform,345,0.03919537365436554,1.0
all,0.0500,wor-active,346,0.03263269364833832,1.0
all,0.0500,wor-uniform,346,0.038220226764678955,1.0
all,0.0500,wor-active,347,0.035376667976379395,1.0
all,0.0500,wor-uniform,347,0.03742551803588867,1.0
all,0.0500,wor-active,348,0.028642699122428894,1.0
all,0.0500,wor-uniform,348,0.03798826038837433,1.0
all,0.0500,wor-active,349,0.03453756868839264,1.0
all,0.0500,wor-uniform,349,0.03906206786632538,1.0
all,0.0500,wor-active,350,0.036220431327819824,1.0
all,0.0500,wor-uniform,350,0.037583768367767334,1.0
all,0.0500,wor-active,351,0.03478729724884033,1.0
all,0.0500,wor-uniform,351,0.03816233575344086,1.0
all,0.0500,wor-active,352,0.03343862295150757,1.0
all,0.0500,wor-uniform,352,0.03840076923370361,1.0
all,0.0500,wor-active,353,0.0371321439743042,1.0
all,0.0500,wor-uniform,353,0.03904867172241211,1.0
all,0.0500,wor-active,354,0.03204512596130371,1.0
all,0.0500,wor-uniform,354,0.04003751277923584,1.0
all,0.0500,wor-active,355,0.035360872745513916,1.0
all,0.0500,wor-uniform,355,0.03940398991107941,1.0
all,0.0500,wor-active,356,0.03361678123474121,0.0
all,0.0500,wor-uniform,356,0.03956037759780884,1.0
all,0.0500,wor-active,357,0.03394097089767456,1.0
all,0.0500,wor-uniform,357,0.03844904899597168,1.0
all,0.0500,wor-active,358,0.030918419361114502,1.0
all,0.0500,wor-uniform,358,0.03902210295200348,1.0
all,0.0500,wor-active,359,0.03341381251811981,1.0
all,0.0500,wor-uniform,359,0.036882638931274414,1.0
all,0.0500,wor-active,360,0.0338544100522995,1.0
all,0.0500,wor-uniform,360,0.038532793521881104,1.0
all,0.0500,wor-active,361,0.0346490740776062,1.0
all,0.0500,wor-uniform,361,0.03910583257675171,1.0
all,0.0500,wor-active,362,0.03350251913070679,1.0
all,0.0500,wor-uniform,362,0.03994281589984894,1.0
all,0.0500,wor-active,363,0.03792238235473633,1.0
all,0.0500,wor-uniform,363,0.037944450974464417,1.0
all,0.0500,wor-active,364,0.03524486720561981,1.0
all,0.0500,wor-uniform,364,0.039551734924316406,1.0
all,0.0500,wor-active,365,0.03578132390975952,1.0
all,0.0500,wor-uniform,365,0.03861212730407715,1.0
all,0.0500,wor-active,366,0.03752821683883667,1.0
all,0.0500,wor-uniform,366,0.03831261396408081,1.0
all,0.0500,wor-active,367,0.03209620714187622,1.0
all,0.0500,wor-uniform,367,0.03684872388839722,0.0
all,0.0500,wor-active,368,0.035657525062561035,1.0
all,0.0500,wor-uniform,368,0.04042406380176544,1.0
all,0.0500,wor-active,369,0.03337053954601288,1.0
all,0.0500,wor-uniform,369,0.04091465473175049,1.0
all,0.0500,wor-active,370,0.030397698283195496,1.0
all,0.0500,wor-uniform,370,0.041022881865501404,1.0
all,0.0500,wor-active,371,0.035547733306884766,1.0
all,0.0500,wor-uniform,371,0.039622798562049866,1.0
all,0.0500,wor-active,372,0.03707313537597656,1.0
all,0.0500,wor-uniform,372,0.04047359526157379,1.0
all,0.0500,wor-active,373,0.030713587999343872,1.0
all,0.0500,wor-uniform,373,0.03841318190097809,1.0
all,0.0500,wor-active,374,0.034582898020744324,1.0
all,0.0500,wor-uniform,374,0.04001176357269287,1.0
all,0.0500,wor-active,375,0.03431433439254761,1.0
all,0.0500,wor-uniform,375,0.03599481284618378,0.0
all,0.0500,wor-active,376,0.04073202610015869,1.0
all,0.0500,wor-uniform,376,0.040096402168273926,1.0
all,0.0500,wor-active,377,0.036260247230529785,1.0
all,0.0500,wor-uniform,377,0.03908272087574005,1.0
all,0.0500,wor-active,378,0.032990872859954834,1.0
all,0.0500,wor-uniform,378,0.036293551325798035,1.0
all,0.0500,wor-active,379,0.037618398666381836,1.0
all,0.0500,wor-uniform,379,0.03824953734874725,1.0
all,0.0500,wor-active,380,0.038600385189056396,1.0
all,0.0500,wor-uniform,380,0.03932011127471924,1.0
all,0.0500,wor-active,381,0.03696650266647339,1.0
all,0.0500,wor-uniform,381,0.038545504212379456,1.0
all,0.0500,wor-active,382,0.0362701416015625,1.0
all,0.0500,wor-uniform,382,0.03853631019592285,1.0
all,0.0500,wor-active,383,0.03319120407104492,1.0
all,0.0500,wor-uniform,383,0.03942686319351196,1.0
all,0.0500,wor-active,384,0.03215382993221283,1.0
all,0.0500,wor-uniform,384,0.03691732883453369,1.0
all,0.0500,wor-active,385,0.03311789035797119,1.0
all,0.0500,wor-uniform,385,0.038963496685028076,1.0
all,0.0500,wor-active,386,0.0324215292930603,1.0
all,0.0500,wor-uniform,386,0.04003876447677612,1.0
all,0.0500,wor-active,387,0.03369881212711334,1.0
all,0.0500,wor-uniform,387,0.04028373956680298,1.0
all,0.0500,wor-active,388,0.03627699613571167,1.0
all,0.0500,wor-uniform,388,0.04089099168777466,1.0
all,0.0500,wor-active,389,0.0316179096698761,1.0
all,0.0500,wor-uniform,389,0.03686511516571045,1.0
all,0.0500,wor-active,390,0.03353780508041382,1.0
all,0.0500,wor-uniform,390,0.039617717266082764,1.0
all,0.0500,wor-active,391,0.03402191400527954,1.0
all,0.0500,wor-uniform,391,0.03886204957962036,1.0
all,0.0500,wor-active,392,0.03343075513839722,1.0
all,0.0500,wor-uniform,392,0.03768417239189148,1.0
all,0.0500,wor-active,393,0.03314286470413208,1.0
all,0.0500,wor-uniform,393,0.03630572557449341,1.0
all,0.0500,wor-active,394,0.0326305627822876,1.0
all,0.0500,wor-uniform,394,0.040348052978515625,1.0
all,0.0500,wor-active,395,0.03797370195388794,0.0
all,0.0500,wor-uniform,395,0.038282811641693115,1.0
all,0.0500,wor-active,396,0.034132421016693115,1.0
all,0.0500,wor-uniform,396,0.03891646862030029,1.0
all,0.0500,wor-active,397,0.036680400371551514,1.0
all,0.0500,wor-uniform,397,0.037971124053001404,1.0
all,0.0500,wor-active,398,0.03473079204559326,1.0
all,0.0500,wor-uniform,398,0.036654695868492126,1.0
all,0.0500,wor-active,399,0.03513669967651367,1.0
all,0.0500,wor-uniform,399,0.039400339126586914,1.0
all,0.0500,wor-active,400,0.032736584544181824,1.0
all,0.0500,wor-uniform,400,0.03684820234775543,1.0
all,0.0500,wor-active,401,0.03618103265762329,1.0
all,0.0500,wor-uniform,401,0.03597414493560791,0.0
all,0.0500,wor-active,402,0.035052597522735596,1.0
all,0.0500,wor-uniform,402,0.03706026077270508,1.0
all,0.0500,wor-active,403,0.03261573612689972,1.0
all,0.0500,wor-uniform,403,0.04072445631027222,1.0
all,0.0500,wor-active,404,0.03435331583023071,1.0
all,0.0500,wor-uniform,404,0.03792482614517212,1.0
all,0.0500,wor-active,405,0.03354138135910034,1.0
all,0.0500,wor-uniform,405,0.039522409439086914,1.0
all,0.0500,wor-active,406,0.035635292530059814,1.0
all,0.0500,wor-uniform,406,0.03996545076370239,1.0
all,0.0500,wor-active,407,0.03322209417819977,1.0
all,0.0500,wor-uniform,407,0.040810734033584595,1.0
all,0.0500,wor-active,408,0.035519540309906006,1.0
all,0.0500,wor-uniform,408,0.03979009389877319,1.0
all,0.0500,wor-active,409,0.03656482696533203,1.0
all,0.0500,wor-uniform,409,0.03902275860309601,1.0
all,0.0500,wor-active,410,0.03449825942516327,1.0
all,0.0500,wor-uniform,410,0.038991570472717285,1.0
all,0.0500,wor-active,411,0.0404474139213562,1.0
all,0.0500,wor-uniform,411,0.036998048424720764,1.0
all,0.0500,wor-active,412,0.03141684830188751,1.0
all,0.0500,wor-uniform,412,0.03717510402202606,1.0
all,0.0500,wor-active,413,0.034577131271362305,1.0
all,0.0500,wor-uniform,413,0.039096057415008545,1.0
all,0.0500,wor-active,414,0.03643214702606201,1.0
all,0.0500,wor-uniform,414,0.038648784160614014,0.0
all,0.0500,wor-active,415,0.03427569568157196,1.0
all,0.0500,wor-uniform,415,0.039090290665626526,1.0
all,0.0500,wor-active,416,0.03375948965549469,1.0
all,0.0500,wor-uniform,416,0.03962111473083496,1.0
all,0.0500,wor-active,417,0.034120574593544006,1.0
all,0.0500,wor-uniform,417,0.03961294889450073,1.0
all,0.0500,wor-active,418,0.032892003655433655,1.0
all,0.0500,wor-uniform,418,0.03917098045349121,1.0
all,0.0500,wor-active,419,0.03591865301132202,1.0
all,0.0500,wor-uniform,419,0.03843456506729126,1.0
all,0.0500,wor-active,420,0.03691403567790985,1.0
all,0.0500,wor-uniform,420,0.037657976150512695,1.0
all,0.0500,wor-active,421,0.030104532837867737,1.0
all,0.0500,wor-uniform,421,0.039595022797584534,1.0
all,0.0500,wor-active,422,0.03216129541397095,1.0
all,0.0500,wor-uniform,422,0.03792600333690643,1.0
all,0.0500,wor-active,423,0.030374303460121155,0.0
all,0.0500,wor-uniform,423,0.04124319553375244,1.0
all,0.0500,wor-active,424,0.03640949726104736,1.0
all,0.0500,wor-uniform,424,0.03570747375488281,1.0
all,0.0500,wor-active,425,0.03384588658809662,1.0
all,0.0500,wor-uniform,425,0.03938698768615723,1.0
all,0.0500,wor-active,426,0.03320689499378204,1.0
all,0.0500,wor-uniform,426,0.040978237986564636,1.0
all,0.0500,wor-active,427,0.03422904014587402,1.0
all,0.0500,wor-uniform,427,0.037846967577934265,1.0
all,0.0500,wor-active,428,0.032144784927368164,1.0
all,0.0500,wor-uniform,428,0.03959710896015167,1.0
all,0.0500,wor-active,429,0.033584341406822205,1.0
all,0.0500,wor-uniform,429,0.0389055460691452,1.0
all,0.0500,wor-active,430,0.03445702791213989,1.0
all,0.0500,wor-uniform,430,0.04106307029724121,1.0
all,0.0500,wor-active,431,0.031334757804870605,1.0
all,0.0500,wor-uniform,431,0.037867382168769836,1.0
all,0.0500,wor-active,432,0.032363295555114746,1.0
all,0.0500,wor-uniform,432,0.040937408804893494,1.0
all,0.0500,wor-active,433,0.03433956205844879,1.0
all,0.0500,wor-uniform,433,0.04007871448993683,1.0
all,0.0500,wor-active,434,0.034475505352020264,1.0
all,0.0500,wor-uniform,434,0.04107069969177246,1.0
all,0.0500,wor-active,435,0.031373754143714905,1.0
all,0.0500,wor-uniform,435,0.037038058042526245,1.0
all,0.0500,wor-active,436,0.03833252191543579,1.0
all,0.0500,wor-uniform,436,0.0417436808347702,1.0
all,0.0500,wor-active,437,0.034775733947753906,1.0
all,0.0500,wor-uniform,437,0.03824533522129059,1.0
all,0.0500,wor-active,438,0.03669852018356323,1.0
all,0.0500,wor-uniform,438,0.03894941508769989,1.0
all,0.0500,wor-active,439,0.034617722034454346,1.0
all,0.0500,wor-uniform,439,0.03783541917800903,1.0
all,0.0500,wor-active,440,0.0334014892578125,1.0
all,0.0500,wor-uniform,440,0.03882937133312225,1.0
all,0.0500,wor-active,441,0.03406846523284912,1.0
all,0.0500,wor-uniform,441,0.03893226385116577,1.0
all,0.0500,wor-active,442,0.037114858627319336,1.0
all,0.0500,wor-uniform,442,0.037851184606552124,1.0
all,0.0500,wor-active,443,0.036846160888671875,1.0
all,0.0500,wor-uniform,443,0.038486286997795105,1.0
all,0.0500,wor-active,444,0.03679703176021576,1.0
all,0.0500,wor-uniform,444,0.039631426334381104,1.0
all,0.0500,wor-active,445,0.03250014781951904,1.0
all,0.0500,wor-uniform,445,0.03977988660335541,1.0
all,0.0500,wor-active,446,0.033735230565071106,1.0
all,0.0500,wor-uniform,446,0.03797246515750885,1.0
all,0.0500,wor-active,447,0.03712654113769531,1.0
all,0.0500,wor-uniform,447,0.03909724950790405,1.0
all,0.0500,wor-active,448,0.03401756286621094,1.0
all,0.0500,wor-uniform,448,0.03987187147140503,1.0
all,0.0500,wor-active,449,0.035535991191864014,1.0
all,0.0500,wor-uniform,449,0.03914064168930054,1.0
all,0.0500,wor-active,450,0.03603728115558624,1.0
all,0.0500,wor-uniform,450,0.03824277222156525,1.0
all,0.0500,wor-active,451,0.03628450632095337,1.0
all,0.0500,wor-uniform,451,0.03956092894077301,1.0
all,0.0500,wor-active,452,0.03422082960605621,1.0
all,0.0500,wor-uniform,452,0.04046660661697388,1.0
all,0.0500,wor-active,453,0.03241579234600067,1.0
all,0.0500,wor-uniform,453,0.03804820775985718,1.0
all,0.0500,wor-active,454,0.03670984506607056,1.0
all,0.0500,wor-uniform,454,0.03983020782470703,1.0
all,0.0500,wor-active,455,0.03463524580001831,1.0
all,0.0500,wor-uniform,455,0.03793586790561676,1.0
all,0.0500,wor-active,456,0.037783339619636536,1.0
all,0.0500,wor-uniform,456,0.039703622460365295,1.0
all,0.0500,wor-active,457,0.03523652255535126,1.0
all,0.0500,wor-uniform,457,0.0365525484085083,1.0
all,0.0500,wor-active,458,0.030093878507614136,0.0
all,0.0500,wor-uniform,458,0.03898976743221283,1.0
all,0.0500,wor-active,459,0.03655052185058594,1.0
all,0.0500,wor-uniform,459,0.03780066967010498,1.0
all,0.0500,wor-active,460,0.03295469284057617,1.0
all,0.0500,wor-uniform,460,0.03700171411037445,1.0
all,0.0500,wor-active,461,0.03437495231628418,1.0
all,0.0500,wor-uniform,461,0.03755386173725128,1.0
all,0.0500,wor-active,462,0.03434310853481293,1.0
all,0.0500,wor-uniform,462,0.0390474796295166,1.0
all,0.0500,wor-active,463,0.03246776759624481,1.0
all,0.0500,wor-uniform,463,0.04017382860183716,1.0
all,0.0500,wor-active,464,0.03501299023628235,1.0
all,0.0500,wor-uniform,464,0.03717018663883209,1.0
all,0.0500,wor-active,465,0.034180402755737305,1.0
all,0.0500,wor-uniform,465,0.03754569590091705,1.0
all,0.0500,wor-active,466,0.04119926691055298,0.0
all,0.0500,wor-uniform,466,0.0393410325050354,1.0
all,0.0500,wor-active,467,0.03699249029159546,1.0
all,0.0500,wor-uniform,467,0.039721593260765076,1.0
all,0.0500,wor-active,468,0.03029876947402954,1.0
all,0.0500,wor-uniform,468,0.03892236948013306,1.0
all,0.0500,wor-active,469,0.03556300699710846,1.0
all,0.0500,wor-uniform,469,0.038112640380859375,1.0
all,0.0500,wor-active,470,0.034456729888916016,1.0
all,0.0500,wor-uniform,470,0.04010021686553955,1.0
all,0.0500,wor-active,471,0.03360237181186676,1.0
all,0.0500,wor-uniform,471,0.03873097896575928,1.0
all,0.0500,wor-active,472,0.03400498628616333,1.0
all,0.0500,wor-uniform,472,0.04032409191131592,1.0
all,0.0500,wor-active,473,0.03500407934188843,1.0
all,0.0500,wor-uniform,473,0.04043680429458618,1.0
all,0.0500,wor-active,474,0.03289124369621277,1.0
all,0.0500,wor-uniform,474,0.03821761906147003,1.0
all,0.0500,wor-active,475,0.03881639242172241,1.0
all,0.0500,wor-uniform,475,0.03857491910457611,1.0
all,0.0500,wor-active,476,0.03608749806880951,1.0
all,0.0500,wor-uniform,476,0.0396537184715271,0.0
all,0.0500,wor-active,477,0.03749172389507294,1.0
all,0.0500,wor-uniform,477,0.03986191749572754,1.0
all,0.0500,wor-active,478,0.03256259858608246,1.0
all,0.0500,wor-uniform,478,0.036856234073638916,1.0
all,0.0500,wor-active,479,0.03872382640838623,1.0
all,0.0500,wor-uniform,479,0.03718598186969757,1.0
all,0.0500,wor-active,480,0.03418022394180298,1.0
all,0.0500,wor-uniform,480,0.04000645875930786,0.0
all,0.0500,wor-active,481,0.03510773181915283,1.0
all,0.0500,wor-uniform,481,0.03666697442531586,1.0
all,0.0500,wor-active,482,0.03406804800033569,1.0
all,0.0500,wor-uniform,482,0.03686803579330444,1.0
all,0.0500,wor-active,483,0.03353564441204071,1.0
all,0.0500,wor-uniform,483,0.039809584617614746,1.0
all,0.0500,wor-active,484,0.035115212202072144,1.0
all,0.0500,wor-uniform,484,0.03692635893821716,1.0
all,0.0500,wor-active,485,0.031236082315444946,1.0
all,0.0500,wor-uniform,485,0.03627516329288483,0.0
all,0.0500,wor-active,486,0.03317411243915558,1.0
all,0.0500,wor-uniform,486,0.037827298045158386,1.0
all,0.0500,wor-active,487,0.0346926748752594,1.0
all,0.0500,wor-uniform,487,0.04009018838405609,1.0
all,0.0500,wor-active,488,0.034455910325050354,1.0
all,0.0500,wor-uniform,488,0.03709648549556732,1.0
all,0.0500,wor-active,489,0.03233088552951813,1.0
all,0.0500,wor-uniform,489,0.03822089731693268,1.0
all,0.0500,wor-active,490,0.03342612087726593,1.0
all,0.0500,wor-uniform,490,0.03915572166442871,1.0
all,0.0500,wor-active,491,0.03624190390110016,1.0
all,0.0500,wor-uniform,491,0.038502201437950134,1.0
all,0.0500,wor-active,492,0.033740103244781494,1.0
all,0.0500,wor-uniform,492,0.036458104848861694,1.0
all,0.0500,wor-active,493,0.03604148328304291,1.0
all,0.0500,wor-uniform,493,0.03881263732910156,1.0
all,0.0500,wor-active,494,0.03613071143627167,1.0
all,0.0500,wor-uniform,494,0.037631869316101074,1.0
all,0.0500,wor-active,495,0.036145567893981934,0.0
all,0.0500,wor-uniform,495,0.037796854972839355,1.0
all,0.0500,wor-active,496,0.04242682456970215,1.0
all,0.0500,wor-uniform,496,0.03869323432445526,1.0
all,0.0500,wor-active,497,0.03615224361419678,1.0
all,0.0500,wor-uniform,497,0.03862796723842621,1.0
all,0.0500,wor-active,498,0.035583555698394775,1.0
all,0.0500,wor-uniform,498,0.03690037131309509,1.0
all,0.0500,wor-active,499,0.032572388648986816,1.0
all,0.0500,wor-uniform,499,0.040253058075904846,1.0
all,0.0500,wor-active,500,0.03876924514770508,0.0
all,0.0500,wor-uniform,500,0.040977418422698975,1.0
all,0.0500,wor-active,501,0.0293271541595459,1.0
all,0.0500,wor-uniform,501,0.03988209366798401,1.0
all,0.0500,wor-active,502,0.037578895688056946,1.0
all,0.0500,wor-uniform,502,0.04114252328872681,1.0
all,0.0500,wor-active,503,0.036836639046669006,1.0
all,0.0500,wor-uniform,503,0.038520827889442444,1.0
all,0.0500,wor-active,504,0.038165926933288574,1.0
all,0.0500,wor-uniform,504,0.03780174255371094,1.0
all,0.0500,wor-active,505,0.035162508487701416,1.0
all,0.0500,wor-uniform,505,0.041103214025497437,1.0
all,0.0500,wor-active,506,0.033569931983947754,1.0
all,0.0500,wor-uniform,506,0.04000133275985718,1.0
all,0.0500,wor-active,507,0.032489433884620667,1.0
all,0.0500,wor-uniform,507,0.03680785000324249,1.0
all,0.0500,wor-active,508,0.03495268523693085,1.0
all,0.0500,wor-uniform,508,0.03685981035232544,1.0
all,0.0500,wor-active,509,0.03436152637004852,1.0
all,0.0500,wor-uniform,509,0.037667885422706604,1.0
all,0.0500,wor-active,510,0.036150217056274414,1.0
all,0.0500,wor-uniform,510,0.03996169567108154,1.0
all,0.0500,wor-active,511,0.03864665329456329,1.0
all,0.0500,wor-uniform,511,0.03981466591358185,1.0
all,0.0500,wor-active,512,0.03732478618621826,1.0
all,0.0500,wor-uniform,512,0.03847210109233856,0.0
all,0.0500,wor-active,513,0.0334165096282959,1.0
all,0.0500,wor-uniform,513,0.03958749771118164,1.0
all,0.0500,wor-active,514,0.03229112923145294,1.0
all,0.0500,wor-uniform,514,0.03751784563064575,1.0
all,0.0500,wor-active,515,0.04205852746963501,1.0
all,0.0500,wor-uniform,515,0.037865206599235535,1.0
all,0.0500,wor-active,516,0.03339989483356476,1.0
all,0.0500,wor-uniform,516,0.038234829902648926,1.0
all,0.0500,wor-active,517,0.03273254632949829,1.0
all,0.0500,wor-uniform,517,0.03789788484573364,1.0
all,0.0500,wor-active,518,0.03188367187976837,1.0
all,0.0500,wor-uniform,518,0.03893059492111206,1.0
all,0.0500,wor-active,519,0.03312492370605469,1.0
all,0.0500,wor-uniform,519,0.0382540225982666,1.0
all,0.0500,wor-active,520,0.03702139854431152,1.0
all,0.0500,wor-uniform,520,0.03662937879562378,1.0
all,0.0500,wor-active,521,0.03544008731842041,1.0
all,0.0500,wor-uniform,521,0.03773327171802521,1.0
all,0.0500,wor-active,522,0.035524025559425354,1.0
all,0.0500,wor-uniform,522,0.03621017932891846,1.0
all,0.0500,wor-active,523,0.03761516511440277,1.0
all,0.0500,wor-uniform,523,0.04037672281265259,1.0
all,0.0500,wor-active,524,0.03436516225337982,1.0
all,0.0500,wor-uniform,524,0.03913682699203491,1.0
all,0.0500,wor-active,525,0.035882368683815,1.0
all,0.0500,wor-uniform,525,0.03942893445491791,1.0
all,0.0500,wor-active,526,0.03548671305179596,1.0
all,0.0500,wor-uniform,526,0.038147151470184326,1.0
all,0.0500,wor-active,527,0.0322566032409668,1.0
all,0.0500,wor-uniform,527,0.04117615520954132,1.0
all,0.0500,wor-active,528,0.03315843641757965,1.0
all,0.0500,wor-uniform,528,0.03820772469043732,1.0
all,0.0500,wor-active,529,0.03587216138839722,1.0
all,0.0500,wor-uniform,529,0.038648366928100586,1.0
all,0.0500,wor-active,530,0.03657984733581543,1.0
all,0.0500,wor-uniform,530,0.037028491497039795,1.0
all,0.0500,wor-active,531,0.03130662441253662,1.0
all,0.0500,wor-uniform,531,0.038538798689842224,1.0
all,0.0500,wor-active,532,0.0356103777885437,1.0
all,0.0500,wor-uniform,532,0.035913750529289246,1.0
all,0.0500,wor-active,533,0.03156284987926483,1.0
all,0.0500,wor-uniform,533,0.041235581040382385,1.0
all,0.0500,wor-active,534,0.03460715711116791,1.0
all,0.0500,wor-uniform,534,0.03723776340484619,1.0
all,0.0500,wor-active,535,0.03805786371231079,1.0
all,0.0500,wor-uniform,535,0.03926283121109009,1.0
all,0.0500,wor-active,536,0.03243477642536163,1.0
all,0.0500,wor-uniform,536,0.03968656063079834,1.0
all,0.0500,wor-active,537,0.034777477383613586,1.0
all,0.0500,wor-uniform,537,0.039388954639434814,1.0
all,0.0500,wor-active,538,0.03303973376750946,1.0
all,0.0500,wor-uniform,538,0.03719624876976013,1.0
all,0.0500,wor-active,539,0.03651028871536255,1.0
all,0.0500,wor-uniform,539,0.039607346057891846,1.0
all,0.0500,wor-active,540,0.03563423454761505,1.0
all,0.0500,wor-uniform,540,0.038996994495391846,1.0
all,0.0500,wor-active,541,0.03181666135787964,1.0
all,0.0500,wor-uniform,541,0.03943125903606415,1.0
all,0.0500,wor-active,542,0.03519165515899658,1.0
all,0.0500,wor-uniform,542,0.03829298913478851,1.0
all,0.0500,wor-active,543,0.03490664064884186,1.0
all,0.0500,wor-uniform,543,0.03668636083602905,1.0
all,0.0500,wor-active,544,0.03174753487110138,1.0
all,0.0500,wor-uniform,544,0.038001611828804016,1.0
all,0.0500,wor-active,545,0.03069595992565155,1.0
all,0.0500,wor-uniform,545,0.04127383232116699,1.0
all,0.0500,wor-active,546,0.03970158100128174,0.0
all,0.0500,wor-uniform,546,0.03716635704040527,1.0
all,0.0500,wor-active,547,0.037451401352882385,1.0
all,0.0500,wor-uniform,547,0.0404067188501358,1.0
all,0.0500,wor-active,548,0.035230860114097595,1.0
all,0.0500,wor-uniform,548,0.039424434304237366,1.0
all,0.0500,wor-active,549,0.036076128482818604,1.0
all,0.0500,wor-uniform,549,0.03759407997131348,1.0
all,0.0500,wor-active,550,0.0368962287902832,1.0
all,0.0500,wor-uniform,550,0.038625627756118774,1.0
all,0.0500,wor-active,551,0.03407961130142212,1.0
all,0.0500,wor-uniform,551,0.03695531189441681,1.0
all,0.0500,wor-active,552,0.032932937145233154,1.0
all,0.0500,wor-uniform,552,0.037477195262908936,1.0
all,0.0500,wor-active,553,0.035417601466178894,1.0
all,0.0500,wor-uniform,553,0.04082149267196655,1.0
all,0.0500,wor-active,554,0.031932294368743896,1.0
all,0.0500,wor-uniform,554,0.04099757969379425,1.0
all,0.0500,wor-active,555,0.03302620351314545,1.0
all,0.0500,wor-uniform,555,0.041101694107055664,1.0
all,0.0500,wor-active,556,0.03378254175186157,1.0
all,0.0500,wor-uniform,556,0.03813868761062622,1.0
all,0.0500,wor-active,557,0.03438006341457367,1.0
all,0.0500,wor-uniform,557,0.03931891918182373,1.0
all,0.0500,wor-active,558,0.031574323773384094,1.0
all,0.0500,wor-uniform,558,0.039860427379608154,1.0
all,0.0500,wor-active,559,0.034583330154418945,1.0
all,0.0500,wor-uniform,559,0.0395047664642334,1.0
all,0.0500,wor-active,560,0.03369259834289551,1.0
all,0.0500,wor-uniform,560,0.038036346435546875,1.0
all,0.0500,wor-active,561,0.03321462869644165,1.0
all,0.0500,wor-uniform,561,0.03834362328052521,1.0
all,0.0500,wor-active,562,0.03485405445098877,1.0
all,0.0500,wor-uniform,562,0.03781871497631073,1.0
all,0.0500,wor-active,563,0.033213138580322266,1.0
all,0.0500,wor-uniform,563,0.04008883237838745,1.0
all,0.0500,wor-active,564,0.03651207685470581,1.0
all,0.0500,wor-uniform,564,0.0391935259103775,1.0
all,0.0500,wor-active,565,0.032380759716033936,1.0
all,0.0500,wor-uniform,565,0.037240028381347656,1.0
all,0.0500,wor-active,566,0.0344502329826355,1.0
all,0.0500,wor-uniform,566,0.03703254461288452,1.0
all,0.0500,wor-active,567,0.033558666706085205,1.0
all,0.0500,wor-uniform,567,0.03854256868362427,1.0
all,0.0500,wor-active,568,0.03574728965759277,1.0
all,0.0500,wor-uniform,568,0.03832310438156128,1.0
all,0.0500,wor-active,569,0.03584273159503937,1.0
all,0.0500,wor-uniform,569,0.03805077075958252,1.0
all,0.0500,wor-active,570,0.0349687784910202,1.0
all,0.0500,wor-uniform,570,0.03976583480834961,1.0
all,0.0500,wor-active,571,0.034952402114868164,1.0
all,0.0500,wor-uniform,571,0.03590318560600281,0.0
all,0.0500,wor-active,572,0.03613317012786865,1.0
all,0.0500,wor-uniform,572,0.03862828016281128,1.0
all,0.0500,wor-active,573,0.0325348824262619,1.0
all,0.0500,wor-uniform,573,0.03877538442611694,1.0
all,0.0500,wor-active,574,0.03411710262298584,1.0
all,0.0500,wor-uniform,574,0.037757813930511475,1.0
all,0.0500,wor-active,575,0.03327453136444092,1.0
all,0.0500,wor-uniform,575,0.03854304552078247,1.0
all,0.0500,wor-active,576,0.030706211924552917,1.0
all,0.0500,wor-uniform,576,0.03814001381397247,1.0
all,0.0500,wor-active,577,0.036024853587150574,1.0
all,0.0500,wor-uniform,577,0.040714800357818604,0.0
all,0.0500,wor-active,578,0.03776007890701294,1.0
all,0.0500,wor-uniform,578,0.03832709789276123,1.0
all,0.0500,wor-active,579,0.037045419216156006,1.0
all,0.0500,wor-uniform,579,0.03644123673439026,0.0
all,0.0500,wor-active,580,0.0349922776222229,1.0
all,0.0500,wor-uniform,580,0.03927326202392578,1.0
all,0.0500,wor-active,581,0.03293806314468384,1.0
all,0.0500,wor-uniform,581,0.04043227434158325,1.0
all,0.0500,wor-active,582,0.03508979082107544,1.0
all,0.0500,wor-uniform,582,0.03801478445529938,1.0
all,0.0500,wor-active,583,0.03306649625301361,1.0
all,0.0500,wor-uniform,583,0.03917264938354492,1.0
all,0.0500,wor-active,584,0.03510230779647827,1.0
all,0.0500,wor-uniform,584,0.03943425416946411,1.0
all,0.0500,wor-active,585,0.03488481044769287,1.0
all,0.0500,wor-uniform,585,0.03676879405975342,1.0
all,0.0500,wor-active,586,0.03423298895359039,1.0
all,0.0500,wor-uniform,586,0.03727918863296509,1.0
all,0.0500,wor-active,587,0.03503894805908203,1.0
all,0.0500,wor-uniform,587,0.03980708122253418,1.0
all,0.0500,wor-active,588,0.03349001705646515,1.0
all,0.0500,wor-uniform,588,0.03984367847442627,1.0
all,0.0500,wor-active,589,0.03712862730026245,1.0
all,0.0500,wor-uniform,589,0.03975169360637665,1.0
all,0.0500,wor-active,590,0.03425431251525879,1.0
all,0.0500,wor-uniform,590,0.03858524560928345,1.0
all,0.0500,wor-active,591,0.03689795732498169,1.0
all,0.0500,wor-uniform,591,0.0377894788980484,1.0
all,0.0500,wor-active,592,0.03453721106052399,1.0
all,0.0500,wor-uniform,592,0.03604614734649658,1.0
all,0.0500,wor-active,593,0.039306819438934326,1.0
all,0.0500,wor-uniform,593,0.03688277304172516,1.0
all,0.0500,wor-active,594,0.03328154981136322,1.0
all,0.0500,wor-uniform,594,0.039200663566589355,1.0
all,0.0500,wor-active,595,0.03807550668716431,1.0
all,0.0500,wor-uniform,595,0.03806602954864502,1.0
all,0.0500,wor-active,596,0.03447914123535156,1.0
all,0.0500,wor-uniform,596,0.03855466842651367,1.0
all,0.0500,wor-active,597,0.03440093994140625,1.0
all,0.0500,wor-uniform,597,0.039827585220336914,1.0
all,0.0500,wor-active,598,0.03723995387554169,1.0
all,0.0500,wor-uniform,598,0.03878742456436157,0.0
all,0.0500,wor-active,599,0.035213589668273926,1.0
all,0.0500,wor-uniform,599,0.03797374665737152,1.0
all,0.0500,wor-active,600,0.03234441578388214,1.0
all,0.0500,wor-uniform,600,0.03820645809173584,1.0
all,0.0500,wor-active,601,0.03044159710407257,0.0
all,0.0500,wor-uniform,601,0.038674771785736084,1.0
all,0.0500,wor-active,602,0.03325527906417847,1.0
all,0.0500,wor-uniform,602,0.03826427459716797,1.0
all,0.0500,wor-active,603,0.035022005438804626,1.0
all,0.0500,wor-uniform,603,0.03835582733154297,1.0
all,0.0500,wor-active,604,0.02847495675086975,1.0
all,0.0500,wor-uniform,604,0.03914012014865875,1.0
all,0.0500,wor-active,605,0.031554222106933594,1.0
all,0.0500,wor-uniform,605,0.03879950940608978,0.0
all,0.0500,wor-active,606,0.031093120574951172,1.0
all,0.0500,wor-uniform,606,0.03825061023235321,1.0
all,0.0500,wor-active,607,0.037136733531951904,1.0
all,0.0500,wor-uniform,607,0.03536355495452881,1.0
all,0.0500,wor-active,608,0.03618718683719635,1.0
all,0.0500,wor-uniform,608,0.03676493465900421,1.0
all,0.0500,wor-active,609,0.03362017869949341,1.0
all,0.0500,wor-uniform,609,0.03842915594577789,1.0
all,0.0500,wor-active,610,0.03143338859081268,1.0
all,0.0500,wor-uniform,610,0.03998905420303345,1.0
all,0.0500,wor-active,611,0.034541308879852295,1.0
all,0.0500,wor-uniform,611,0.03868776559829712,1.0
all,0.0500,wor-active,612,0.032273679971694946,0.0
all,0.0500,wor-uniform,612,0.037731289863586426,1.0
all,0.0500,wor-active,613,0.03845866024494171,1.0
all,0.0500,wor-uniform,613,0.03864826261997223,1.0
all,0.0500,wor-active,614,0.040227651596069336,1.0
all,0.0500,wor-uniform,614,0.039422810077667236,1.0
all,0.0500,wor-active,615,0.03376676142215729,1.0
all,0.0500,wor-uniform,615,0.03944581747055054,0.0
all,0.0500,wor-active,616,0.03461122512817383,1.0
all,0.0500,wor-uniform,616,0.03940051794052124,0.0
all,0.0500,wor-active,617,0.03522627055644989,1.0
all,0.0500,wor-uniform,617,0.03779304027557373,1.0
all,0.0500,wor-active,618,0.03346341848373413,1.0
all,0.0500,wor-uniform,618,0.04127770662307739,1.0
all,0.0500,wor-active,619,0.03535626828670502,1.0
all,0.0500,wor-uniform,619,0.037666380405426025,1.0
all,0.0500,wor-active,620,0.03710430860519409,1.0
all,0.0500,wor-uniform,620,0.03791320323944092,1.0
all,0.0500,wor-active,621,0.03336821496486664,1.0
all,0.0500,wor-uniform,621,0.04052644968032837,1.0
all,0.0500,wor-active,622,0.035316869616508484,1.0
all,0.0500,wor-uniform,622,0.037261962890625,0.0
all,0.0500,wor-active,623,0.03522878885269165,1.0
all,0.0500,wor-uniform,623,0.03937256336212158,1.0
all,0.0500,wor-active,624,0.03758680820465088,0.0
all,0.0500,wor-uniform,624,0.0374954491853714,1.0
all,0.0500,wor-active,625,0.03585660457611084,1.0
all,0.0500,wor-uniform,625,0.040141284465789795,1.0
all,0.0500,wor-active,626,0.03236888349056244,1.0
all,0.0500,wor-uniform,626,0.04048265516757965,1.0
all,0.0500,wor-active,627,0.034404873847961426,1.0
all,0.0500,wor-uniform,627,0.040751516819000244,1.0
all,0.0500,wor-active,628,0.03833658993244171,1.0
all,0.0500,wor-uniform,628,0.0376131534576416,1.0
all,0.0500,wor-active,629,0.03559809923171997,1.0
all,0.0500,wor-uniform,629,0.038859084248542786,1.0
all,0.0500,wor-active,630,0.03528237342834473,1.0
all,0.0500,wor-uniform,630,0.037909746170043945,1.0
all,0.0500,wor-active,631,0.03555971384048462,1.0
all,0.0500,wor-uniform,631,0.039934396743774414,1.0
all,0.0500,wor-active,632,0.031010538339614868,0.0
all,0.0500,wor-uniform,632,0.03723841905593872,1.0
all,0.0500,wor-active,633,0.03309847414493561,1.0
all,0.0500,wor-uniform,633,0.03912614285945892,1.0
all,0.0500,wor-active,634,0.03491544723510742,1.0
all,0.0500,wor-uniform,634,0.04056490957736969,1.0
all,0.0500,wor-active,635,0.03422313928604126,1.0
all,0.0500,wor-uniform,635,0.03771710395812988,1.0
all,0.0500,wor-active,636,0.03280627727508545,1.0
all,0.0500,wor-uniform,636,0.03681468963623047,1.0
all,0.0500,wor-active,637,0.03597664833068848,1.0
all,0.0500,wor-uniform,637,0.038103848695755005,1.0
all,0.0500,wor-active,638,0.035143494606018066,1.0
all,0.0500,wor-uniform,638,0.03837123513221741,1.0
all,0.0500,wor-active,639,0.031448736786842346,1.0
all,0.0500,wor-uniform,639,0.03729373216629028,1.0
all,0.0500,wor-active,640,0.03243589401245117,1.0
all,0.0500,wor-uniform,640,0.038241609930992126,1.0
all,0.0500,wor-active,641,0.03871554136276245,1.0
all,0.0500,wor-uniform,641,0.040626347064971924,1.0
all,0.0500,wor-active,642,0.03310002386569977,1.0
all,0.0500,wor-uniform,642,0.03983570635318756,1.0
all,0.0500,wor-active,643,0.033188268542289734,1.0
all,0.0500,wor-uniform,643,0.038698434829711914,1.0
all,0.0500,wor-active,644,0.03741450607776642,1.0
all,0.0500,wor-uniform,644,0.038932859897613525,1.0
all,0.0500,wor-active,645,0.036738380789756775,1.0
all,0.0500,wor-uniform,645,0.037762776017189026,1.0
all,0.0500,wor-active,646,0.03510850667953491,1.0
all,0.0500,wor-uniform,646,0.040547847747802734,1.0
all,0.0500,wor-active,647,0.03503906726837158,1.0
all,0.0500,wor-uniform,647,0.038305580615997314,1.0
all,0.0500,wor-active,648,0.029470965266227722,0.0
all,0.0500,wor-uniform,648,0.03833787143230438,1.0
all,0.0500,wor-active,649,0.03430391848087311,1.0
all,0.0500,wor-uniform,649,0.037150874733924866,1.0
all,0.0500,wor-active,650,0.0331941694021225,1.0
all,0.0500,wor-uniform,650,0.04042549431324005,1.0
all,0.0500,wor-active,651,0.03181253373622894,1.0
all,0.0500,wor-uniform,651,0.03860275447368622,1.0
all,0.0500,wor-active,652,0.03504177927970886,1.0
all,0.0500,wor-uniform,652,0.04092508554458618,1.0
all,0.0500,wor-active,653,0.03436380624771118,1.0
all,0.0500,wor-uniform,653,0.03609633445739746,1.0
all,0.0500,wor-active,654,0.03400038182735443,1.0
all,0.0500,wor-uniform,654,0.03671547770500183,0.0
all,0.0500,wor-active,655,0.04157662391662598,1.0
all,0.0500,wor-uniform,655,0.03629760444164276,1.0
all,0.0500,wor-active,656,0.03828442096710205,1.0
all,0.0500,wor-uniform,656,0.039545461535453796,1.0
all,0.0500,wor-active,657,0.03409720957279205,1.0
all,0.0500,wor-uniform,657,0.03934533894062042,1.0
all,0.0500,wor-active,658,0.0329786092042923,1.0
all,0.0500,wor-uniform,658,0.03862972557544708,1.0
all,0.0500,wor-active,659,0.03100074827671051,0.0
all,0.0500,wor-uniform,659,0.03873395919799805,1.0
all,0.0500,wor-active,660,0.03707480430603027,1.0
all,0.0500,wor-uniform,660,0.03546115756034851,1.0
all,0.0500,wor-active,661,0.034537434577941895,1.0
all,0.0500,wor-uniform,661,0.036805570125579834,1.0
all,0.0500,wor-active,662,0.03684943914413452,1.0
all,0.0500,wor-uniform,662,0.03819674253463745,1.0
all,0.0500,wor-active,663,0.03268842399120331,1.0
all,0.0500,wor-uniform,663,0.03493082523345947,1.0
all,0.0500,wor-active,664,0.03537863492965698,1.0
all,0.0500,wor-uniform,664,0.04036897420883179,1.0
all,0.0500,wor-active,665,0.03338801860809326,1.0
all,0.0500,wor-uniform,665,0.036015987396240234,1.0
all,0.0600,wor-active,333,0.030994132161140442,1.0
all,0.0600,wor-uniform,333,0.0309440940618515,1.0
all,0.0600,wor-active,334,0.0310632586479187,1.0
all,0.0600,wor-uniform,334,0.035232365131378174,1.0
all,0.0600,wor-active,335,0.03125631809234619,1.0
all,0.0600,wor-uniform,335,0.03576618432998657,1.0
all,0.0600,wor-active,336,0.03132009506225586,1.0
all,0.0600,wor-uniform,336,0.03398771584033966,1.0
all,0.0600,wor-active,337,0.031119048595428467,1.0
all,0.0600,wor-uniform,337,0.03391493856906891,1.0
all,0.0600,wor-active,338,0.030166268348693848,1.0
all,0.0600,wor-uniform,338,0.03610895574092865,1.0
all,0.0600,wor-active,339,0.03101062774658203,1.0
all,0.0600,wor-uniform,339,0.03421775996685028,1.0
all,0.0600,wor-active,340,0.029366910457611084,1.0
all,0.0600,wor-uniform,340,0.035557568073272705,1.0
all,0.0600,wor-active,341,0.029600679874420166,1.0
all,0.0600,wor-uniform,341,0.03556305170059204,1.0
all,0.0600,wor-active,342,0.030034542083740234,1.0
all,0.0600,wor-uniform,342,0.03544694185256958,1.0
all,0.0600,wor-active,343,0.03293251991271973,1.0
all,0.0600,wor-uniform,343,0.03539954125881195,1.0
all,0.0600,wor-active,344,0.03228628635406494,1.0
all,0.0600,wor-uniform,344,0.03417371213436127,1.0
all,0.0600,wor-active,345,0.03452463448047638,1.0
all,0.0600,wor-uniform,345,0.03560207784175873,1.0
all,0.0600,wor-active,346,0.0298386812210083,1.0
all,0.0600,wor-uniform,346,0.037851572036743164,0.0
all,0.0600,wor-active,347,0.030860483646392822,1.0
all,0.0600,wor-uniform,347,0.03441920876502991,0.0
all,0.0600,wor-active,348,0.031067952513694763,1.0
all,0.0600,wor-uniform,348,0.03396737575531006,1.0
all,0.0600,wor-active,349,0.029493093490600586,1.0
all,0.0600,wor-uniform,349,0.03563129901885986,1.0
all,0.0600,wor-active,350,0.03576965630054474,1.0
all,0.0600,wor-uniform,350,0.03781700134277344,1.0
all,0.0600,wor-active,351,0.03192080557346344,1.0
all,0.0600,wor-uniform,351,0.03446711599826813,1.0
all,0.0600,wor-active,352,0.0296299010515213,1.0
all,0.0600,wor-uniform,352,0.03418093919754028,1.0
all,0.0600,wor-active,353,0.03476250171661377,1.0
all,0.0600,wor-uniform,353,0.03646828234195709,1.0
all,0.0600,wor-active,354,0.03022773563861847,1.0
all,0.0600,wor-uniform,354,0.03619641065597534,1.0
all,0.0600,wor-active,355,0.03259073197841644,1.0
all,0.0600,wor-uniform,355,0.03404068946838379,1.0
all,0.0600,wor-active,356,0.03218871355056763,1.0
all,0.0600,wor-uniform,356,0.03701460361480713,1.0
all,0.0600,wor-active,357,0.03215542435646057,1.0
all,0.0600,wor-uniform,357,0.03636413812637329,1.0
all,0.0600,wor-active,358,0.03183931112289429,1.0
all,0.0600,wor-uniform,358,0.03732740879058838,1.0
all,0.0600,wor-active,359,0.0332304984331131,1.0
all,0.0600,wor-uniform,359,0.034440815448760986,1.0
all,0.0600,wor-active,360,0.032304584980010986,1.0
all,0.0600,wor-uniform,360,0.03309933841228485,1.0
all,0.0600,wor-active,361,0.031055763363838196,1.0
all,0.0600,wor-uniform,361,0.035845592617988586,1.0
all,0.0600,wor-active,362,0.03486520051956177,1.0
all,0.0600,wor-uniform,362,0.034591853618621826,1.0
all,0.0600,wor-active,363,0.03226025402545929,1.0
all,0.0600,wor-uniform,363,0.03531372547149658,1.0
all,0.0600,wor-active,364,0.02936655282974243,1.0
all,0.0600,wor-uniform,364,0.0339839905500412,1.0
all,0.0600,wor-active,365,0.02609628438949585,0.0
all,0.0600,wor-uniform,365,0.03724515438079834,1.0
all,0.0600,wor-active,366,0.030411437153816223,1.0
all,0.0600,wor-uniform,366,0.03337514400482178,1.0
all,0.0600,wor-active,367,0.029163286089897156,1.0
all,0.0600,wor-uniform,367,0.03514431416988373,1.0
all,0.0600,wor-active,368,0.03276894986629486,1.0
all,0.0600,wor-uniform,368,0.03525899350643158,1.0
all,0.0600,wor-active,369,0.03500121831893921,1.0
all,0.0600,wor-uniform,369,0.03754948079586029,1.0
all,0.0600,wor-active,370,0.02897147834300995,1.0
all,0.0600,wor-uniform,370,0.03367026150226593,1.0
all,0.0600,wor-active,371,0.029477059841156006,1.0
all,0.0600,wor-uniform,371,0.036586642265319824,1.0
all,0.0600,wor-active,372,0.031529828906059265,1.0
all,0.0600,wor-uniform,372,0.03687340021133423,1.0
all,0.0600,wor-active,373,0.03312872350215912,1.0
all,0.0600,wor-uniform,373,0.03495383262634277,1.0
all,0.0600,wor-active,374,0.03308694064617157,1.0
all,0.0600,wor-uniform,374,0.03571438789367676,1.0
all,0.0600,wor-active,375,0.03129458427429199,1.0
all,0.0600,wor-uniform,375,0.035021647810935974,1.0
all,0.0600,wor-active,376,0.032272279262542725,1.0
all,0.0600,wor-uniform,376,0.03707093000411987,1.0
all,0.0600,wor-active,377,0.03009951114654541,1.0
all,0.0600,wor-uniform,377,0.03294472396373749,1.0
all,0.0600,wor-active,378,0.03446207940578461,1.0
all,0.0600,wor-uniform,378,0.03508608043193817,1.0
all,0.0600,wor-active,379,0.031538188457489014,1.0
all,0.0600,wor-uniform,379,0.03592866659164429,1.0
all,0.0600,wor-active,380,0.03451579809188843,1.0
all,0.0600,wor-uniform,380,0.033857107162475586,1.0
all,0.0600,wor-active,381,0.03064422309398651,1.0
all,0.0600,wor-uniform,381,0.034625470638275146,1.0
all,0.0600,wor-active,382,0.033058881759643555,1.0
all,0.0600,wor-uniform,382,0.03553980588912964,1.0
all,0.0600,wor-active,383,0.03134489059448242,1.0
all,0.0600,wor-uniform,383,0.037283241748809814,1.0
all,0.0600,wor-active,384,0.030058622360229492,1.0
all,0.0600,wor-uniform,384,0.03520327806472778,1.0
all,0.0600,wor-active,385,0.033650755882263184,1.0
all,0.0600,wor-uniform,385,0.03567159175872803,1.0
all,0.0600,wor-active,386,0.03289993107318878,1.0
all,0.0600,wor-uniform,386,0.034037187695503235,1.0
all,0.0600,wor-active,387,0.03197205066680908,1.0
all,0.0600,wor-uniform,387,0.03482888638973236,1.0
all,0.0600,wor-active,388,0.030094727873802185,0.0
all,0.0600,wor-uniform,388,0.033133551478385925,1.0
all,0.0600,wor-active,389,0.02878245711326599,0.0
all,0.0600,wor-uniform,389,0.03358280658721924,1.0
all,0.0600,wor-active,390,0.027526378631591797,1.0
all,0.0600,wor-uniform,390,0.03511972725391388,1.0
all,0.0600,wor-active,391,0.03266352415084839,1.0
all,0.0600,wor-uniform,391,0.034897640347480774,1.0
all,0.0600,wor-active,392,0.032610297203063965,1.0
all,0.0600,wor-uniform,392,0.03638254106044769,1.0
all,0.0600,wor-active,393,0.03477334976196289,1.0
all,0.0600,wor-uniform,393,0.03628528118133545,1.0
all,0.0600,wor-active,394,0.03497089445590973,1.0
all,0.0600,wor-uniform,394,0.03571099042892456,1.0
all,0.0600,wor-active,395,0.02963225543498993,1.0
all,0.0600,wor-uniform,395,0.034495413303375244,1.0
all,0.0600,wor-active,396,0.032731130719184875,1.0
all,0.0600,wor-uniform,396,0.034456074237823486,1.0
all,0.0600,wor-active,397,0.028121352195739746,1.0
all,0.0600,wor-uniform,397,0.03555147349834442,1.0
all,0.0600,wor-active,398,0.03473168611526489,1.0
all,0.0600,wor-uniform,398,0.03529036045074463,1.0
all,0.0600,wor-active,399,0.03223174810409546,1.0
all,0.0600,wor-uniform,399,0.03572110831737518,1.0
all,0.0600,wor-active,400,0.029069647192955017,1.0
all,0.0600,wor-uniform,400,0.032753512263298035,1.0
all,0.0600,wor-active,401,0.034388765692710876,1.0
all,0.0600,wor-uniform,401,0.03550899028778076,1.0
all,0.0600,wor-active,402,0.02854318916797638,1.0
all,0.0600,wor-uniform,402,0.033663079142570496,1.0
all,0.0600,wor-active,403,0.03523845970630646,1.0
all,0.0600,wor-uniform,403,0.03666985034942627,0.0
all,0.0600,wor-active,404,0.031146034598350525,1.0
all,0.0600,wor-uniform,404,0.03607948124408722,1.0
all,0.0600,wor-active,405,0.03167448937892914,1.0
all,0.0600,wor-uniform,405,0.03597819805145264,1.0
all,0.0600,wor-active,406,0.033584415912628174,1.0
all,0.0600,wor-uniform,406,0.03571397066116333,1.0
all,0.0600,wor-active,407,0.030677199363708496,1.0
all,0.0600,wor-uniform,407,0.03433912992477417,1.0
all,0.0600,wor-active,408,0.033626437187194824,1.0
all,0.0600,wor-uniform,408,0.033945173025131226,1.0
all,0.0600,wor-active,409,0.03021293878555298,1.0
all,0.0600,wor-uniform,409,0.03524288535118103,1.0
all,0.0600,wor-active,410,0.030482038855552673,1.0
all,0.0600,wor-uniform,410,0.032742246985435486,1.0
all,0.0600,wor-active,411,0.0308428555727005,1.0
all,0.0600,wor-uniform,411,0.03628814220428467,1.0
all,0.0600,wor-active,412,0.0362703800201416,1.0
all,0.0600,wor-uniform,412,0.03577356040477753,1.0
all,0.0600,wor-active,413,0.03491157293319702,0.0
all,0.0600,wor-uniform,413,0.035882651805877686,1.0
all,0.0600,wor-active,414,0.031208455562591553,1.0
all,0.0600,wor-uniform,414,0.03595668077468872,1.0
all,0.0600,wor-active,415,0.03013819456100464,1.0
all,0.0600,wor-uniform,415,0.0363926887512207,1.0
all,0.0600,wor-active,416,0.029190093278884888,1.0
all,0.0600,wor-uniform,416,0.03382660448551178,0.0
all,0.0600,wor-active,417,0.03220731019973755,1.0
all,0.0600,wor-uniform,417,0.03530724346637726,1.0
all,0.0600,wor-active,418,0.034464240074157715,1.0
all,0.0600,wor-uniform,418,0.037210822105407715,1.0
all,0.0600,wor-active,419,0.03370732069015503,1.0
all,0.0600,wor-uniform,419,0.036802828311920166,1.0
all,0.0600,wor-active,420,0.031124114990234375,1.0
all,0.0600,wor-uniform,420,0.035011887550354004,1.0
all,0.0600,wor-active,421,0.028103291988372803,1.0
all,0.0600,wor-uniform,421,0.03260701894760132,1.0
all,0.0600,wor-active,422,0.030976951122283936,1.0
all,0.0600,wor-uniform,422,0.03450065851211548,1.0
all,0.0600,wor-active,423,0.02962571382522583,1.0
all,0.0600,wor-uniform,423,0.03562004864215851,1.0
all,0.0600,wor-active,424,0.03148090839385986,1.0
all,0.0600,wor-uniform,424,0.036571621894836426,1.0
all,0.0600,wor-active,425,0.02920357882976532,1.0
all,0.0600,wor-uniform,425,0.03526748716831207,1.0
all,0.0600,wor-active,426,0.03122730553150177,1.0
all,0.0600,wor-uniform,426,0.03421185910701752,1.0
all,0.0600,wor-active,427,0.029538139700889587,1.0
all,0.0600,wor-uniform,427,0.035267174243927,1.0
all,0.0600,wor-active,428,0.02995622158050537,1.0
all,0.0600,wor-uniform,428,0.03559088706970215,1.0
all,0.0600,wor-active,429,0.032327115535736084,1.0
all,0.0600,wor-uniform,429,0.03371037542819977,1.0
all,0.0600,wor-active,430,0.031732991337776184,1.0
all,0.0600,wor-uniform,430,0.036015987396240234,1.0
all,0.0600,wor-active,431,0.0328526496887207,1.0
all,0.0600,wor-uniform,431,0.03537623584270477,1.0
all,0.0600,wor-active,432,0.029654264450073242,1.0
all,0.0600,wor-uniform,432,0.0352182537317276,1.0
all,0.0600,wor-active,433,0.03586399555206299,1.0
all,0.0600,wor-uniform,433,0.036869242787361145,1.0
all,0.0600,wor-active,434,0.03208892047405243,1.0
all,0.0600,wor-uniform,434,0.03623969852924347,1.0
all,0.0600,wor-active,435,0.03021460771560669,1.0
all,0.0600,wor-uniform,435,0.034896910190582275,1.0
all,0.0600,wor-active,436,0.032603561878204346,1.0
all,0.0600,wor-uniform,436,0.035041093826293945,1.0
all,0.0600,wor-active,437,0.029970675706863403,1.0
all,0.0600,wor-uniform,437,0.036956846714019775,1.0
all,0.0600,wor-active,438,0.03107130527496338,1.0
all,0.0600,wor-uniform,438,0.03477293252944946,1.0
all,0.0600,wor-active,439,0.02836678922176361,1.0
all,0.0600,wor-uniform,439,0.03503309190273285,1.0
all,0.0600,wor-active,440,0.03564918041229248,1.0
all,0.0600,wor-uniform,440,0.033689677715301514,1.0
all,0.0600,wor-active,441,0.032509252429008484,1.0
all,0.0600,wor-uniform,441,0.036008819937705994,1.0
all,0.0600,wor-active,442,0.029066622257232666,1.0
all,0.0600,wor-uniform,442,0.036259233951568604,1.0
all,0.0600,wor-active,443,0.028867065906524658,1.0
all,0.0600,wor-uniform,443,0.03681144118309021,1.0
all,0.0600,wor-active,444,0.032641589641571045,1.0
all,0.0600,wor-uniform,444,0.03398977220058441,1.0
all,0.0600,wor-active,445,0.030797213315963745,0.0
all,0.0600,wor-uniform,445,0.034694746136665344,1.0
all,0.0600,wor-active,446,0.032811760902404785,1.0
all,0.0600,wor-uniform,446,0.03410649299621582,1.0
all,0.0600,wor-active,447,0.03212380409240723,1.0
all,0.0600,wor-uniform,447,0.035562753677368164,1.0
all,0.0600,wor-active,448,0.03174878656864166,1.0
all,0.0600,wor-uniform,448,0.03521563112735748,1.0
all,0.0600,wor-active,449,0.03059627115726471,1.0
all,0.0600,wor-uniform,449,0.03565460443496704,1.0
all,0.0600,wor-active,450,0.03134959936141968,1.0
all,0.0600,wor-uniform,450,0.03500211238861084,1.0
all,0.0600,wor-active,451,0.03031468391418457,1.0
all,0.0600,wor-uniform,451,0.0366978645324707,0.0
all,0.0600,wor-active,452,0.03256082534790039,1.0
all,0.0600,wor-uniform,452,0.036496832966804504,1.0
all,0.0600,wor-active,453,0.033033549785614014,1.0
all,0.0600,wor-uniform,453,0.036550045013427734,1.0
all,0.0600,wor-active,454,0.028108179569244385,1.0
all,0.0600,wor-uniform,454,0.03668719530105591,1.0
all,0.0600,wor-active,455,0.028552159667015076,1.0
all,0.0600,wor-uniform,455,0.03607720136642456,1.0
all,0.0600,wor-active,456,0.030865654349327087,1.0
all,0.0600,wor-uniform,456,0.03245119750499725,1.0
all,0.0600,wor-active,457,0.026537925004959106,0.0
all,0.0600,wor-uniform,457,0.03421288728713989,1.0
all,0.0600,wor-active,458,0.030002757906913757,1.0
all,0.0600,wor-uniform,458,0.035484373569488525,1.0
all,0.0600,wor-active,459,0.0323486328125,1.0
all,0.0600,wor-uniform,459,0.03316730260848999,1.0
all,0.0600,wor-active,460,0.032560572028160095,1.0
all,0.0600,wor-uniform,460,0.035057902336120605,1.0
all,0.0600,wor-active,461,0.03175020217895508,1.0
all,0.0600,wor-uniform,461,0.0343819260597229,1.0
all,0.0600,wor-active,462,0.03228496015071869,1.0
all,0.0600,wor-uniform,462,0.03591233491897583,1.0
all,0.0600,wor-active,463,0.031782522797584534,1.0
all,0.0600,wor-uniform,463,0.034439489245414734,1.0
all,0.0600,wor-active,464,0.030769705772399902,1.0
all,0.0600,wor-uniform,464,0.03588157892227173,1.0
all,0.0600,wor-active,465,0.031084537506103516,1.0
all,0.0600,wor-uniform,465,0.03331102430820465,1.0
all,0.0600,wor-active,466,0.03352391719818115,1.0
all,0.0600,wor-uniform,466,0.03490050137042999,1.0
all,0.0600,wor-active,467,0.03353613615036011,1.0
all,0.0600,wor-uniform,467,0.03697763383388519,0.0
all,0.0600,wor-active,468,0.03197081387042999,1.0
all,0.0600,wor-uniform,468,0.033738017082214355,1.0
all,0.0600,wor-active,469,0.029573217034339905,1.0
all,0.0600,wor-uniform,469,0.032567426562309265,1.0
all,0.0600,wor-active,470,0.03141516447067261,1.0
all,0.0600,wor-uniform,470,0.034620270133018494,1.0
all,0.0600,wor-active,471,0.03282873332500458,1.0
all,0.0600,wor-uniform,471,0.03590264916419983,1.0
all,0.0600,wor-active,472,0.03009645640850067,1.0
all,0.0600,wor-uniform,472,0.035735249519348145,1.0
all,0.0600,wor-active,473,0.029910266399383545,1.0
all,0.0600,wor-uniform,473,0.03435647487640381,1.0
all,0.0600,wor-active,474,0.03202652931213379,1.0
all,0.0600,wor-uniform,474,0.036205366253852844,1.0
all,0.0600,wor-active,475,0.031012609601020813,1.0
all,0.0600,wor-uniform,475,0.036678194999694824,1.0
all,0.0600,wor-active,476,0.032177627086639404,1.0
all,0.0600,wor-uniform,476,0.0361824631690979,1.0
all,0.0600,wor-active,477,0.0301349014043808,1.0
all,0.0600,wor-uniform,477,0.03506983816623688,1.0
all,0.0600,wor-active,478,0.0319981575012207,1.0
all,0.0600,wor-uniform,478,0.035989582538604736,1.0
all,0.0600,wor-active,479,0.03319837152957916,1.0
all,0.0600,wor-uniform,479,0.03552651405334473,1.0
all,0.0600,wor-active,480,0.032170623540878296,1.0
all,0.0600,wor-uniform,480,0.0367467999458313,0.0
all,0.0600,wor-active,481,0.03392268717288971,1.0
all,0.0600,wor-uniform,481,0.03466671705245972,1.0
all,0.0600,wor-active,482,0.030993402004241943,1.0
all,0.0600,wor-uniform,482,0.03660184144973755,1.0
all,0.0600,wor-active,483,0.03411734104156494,1.0
all,0.0600,wor-uniform,483,0.03249552845954895,1.0
all,0.0600,wor-active,484,0.030836820602416992,1.0
all,0.0600,wor-uniform,484,0.03420466184616089,1.0
all,0.0600,wor-active,485,0.030313685536384583,1.0
all,0.0600,wor-uniform,485,0.035590484738349915,1.0
all,0.0600,wor-active,486,0.032725438475608826,1.0
all,0.0600,wor-uniform,486,0.033610910177230835,1.0
all,0.0600,wor-active,487,0.03353613615036011,1.0
all,0.0600,wor-uniform,487,0.03503680229187012,1.0
all,0.0600,wor-active,488,0.028677359223365784,0.0
all,0.0600,wor-uniform,488,0.03638273477554321,1.0
all,0.0600,wor-active,489,0.03252941370010376,1.0
all,0.0600,wor-uniform,489,0.03531754016876221,1.0
all,0.0600,wor-active,490,0.03292977809906006,1.0
all,0.0600,wor-uniform,490,0.03460294008255005,1.0
all,0.0600,wor-active,491,0.0305052250623703,1.0
all,0.0600,wor-uniform,491,0.03492158651351929,1.0
all,0.0600,wor-active,492,0.03541101515293121,1.0
all,0.0600,wor-uniform,492,0.03535287082195282,1.0
all,0.0600,wor-active,493,0.03248947858810425,1.0
all,0.0600,wor-uniform,493,0.03816014528274536,1.0
all,0.0600,wor-active,494,0.03178679943084717,1.0
all,0.0600,wor-uniform,494,0.03532540798187256,1.0
all,0.0600,wor-active,495,0.03168754279613495,1.0
all,0.0600,wor-uniform,495,0.03528055548667908,1.0
all,0.0600,wor-active,496,0.030271530151367188,1.0
all,0.0600,wor-uniform,496,0.03534720838069916,1.0
all,0.0600,wor-active,497,0.030010417103767395,1.0
all,0.0600,wor-uniform,497,0.03484386205673218,0.0
all,0.0600,wor-active,498,0.029128432273864746,1.0
all,0.0600,wor-uniform,498,0.03334514796733856,1.0
all,0.0600,wor-active,499,0.033057376742362976,1.0
all,0.0600,wor-uniform,499,0.03519374132156372,1.0
all,0.0600,wor-active,500,0.032086506485939026,1.0
all,0.0600,wor-uniform,500,0.034487903118133545,1.0
all,0.0600,wor-active,501,0.029729828238487244,1.0
all,0.0600,wor-uniform,501,0.036260366439819336,1.0
all,0.0600,wor-active,502,0.03324270248413086,1.0
all,0.0600,wor-uniform,502,0.0362093448638916,1.0
all,0.0600,wor-active,503,0.030812814831733704,1.0
all,0.0600,wor-uniform,503,0.03567922115325928,1.0
all,0.0600,wor-active,504,0.028708934783935547,1.0
all,0.0600,wor-uniform,504,0.0349428653717041,1.0
all,0.0600,wor-active,505,0.030091464519500732,1.0
all,0.0600,wor-uniform,505,0.0357365608215332,1.0
all,0.0600,wor-active,506,0.0285494327545166,1.0
all,0.0600,wor-uniform,506,0.03579682111740112,1.0
all,0.0600,wor-active,507,0.03194516897201538,1.0
all,0.0600,wor-uniform,507,0.03491473197937012,1.0
all,0.0600,wor-active,508,0.030401751399040222,1.0
all,0.0600,wor-uniform,508,0.03473460674285889,1.0
all,0.0600,wor-active,509,0.028791382908821106,1.0
all,0.0600,wor-uniform,509,0.035807669162750244,1.0
all,0.0600,wor-active,510,0.031921982765197754,1.0
all,0.0600,wor-uniform,510,0.03500032424926758,1.0
all,0.0600,wor-active,511,0.03246736526489258,1.0
all,0.0600,wor-uniform,511,0.034147679805755615,1.0
all,0.0600,wor-active,512,0.03198252618312836,1.0
all,0.0600,wor-uniform,512,0.035053178668022156,1.0
all,0.0600,wor-active,513,0.03268785774707794,1.0
all,0.0600,wor-uniform,513,0.03503584861755371,1.0
all,0.0600,wor-active,514,0.030661821365356445,1.0
all,0.0600,wor-uniform,514,0.034214556217193604,1.0
all,0.0600,wor-active,515,0.03551138937473297,1.0
all,0.0600,wor-uniform,515,0.03465433418750763,0.0
all,0.0600,wor-active,516,0.034239232540130615,1.0
all,0.0600,wor-uniform,516,0.03514319658279419,1.0
all,0.0600,wor-active,517,0.03182016313076019,1.0
all,0.0600,wor-uniform,517,0.03557068109512329,1.0
all,0.0600,wor-active,518,0.02834463119506836,1.0
all,0.0600,wor-uniform,518,0.03541751205921173,1.0
all,0.0600,wor-active,519,0.02907472848892212,1.0
all,0.0600,wor-uniform,519,0.03709310293197632,1.0
all,0.0600,wor-active,520,0.030420556664466858,1.0
all,0.0600,wor-uniform,520,0.03283695876598358,1.0
all,0.0600,wor-active,521,0.029980123043060303,1.0
all,0.0600,wor-uniform,521,0.03429482877254486,1.0
all,0.0600,wor-active,522,0.033561527729034424,1.0
all,0.0600,wor-uniform,522,0.03578174114227295,1.0
all,0.0600,wor-active,523,0.03406757116317749,1.0
all,0.0600,wor-uniform,523,0.03488795459270477,1.0
all,0.0600,wor-active,524,0.031803011894226074,1.0
all,0.0600,wor-uniform,524,0.033831119537353516,1.0
all,0.0600,wor-active,525,0.034418344497680664,1.0
all,0.0600,wor-uniform,525,0.03481264412403107,1.0
all,0.0600,wor-active,526,0.029584884643554688,1.0
all,0.0600,wor-uniform,526,0.03458857536315918,1.0
all,0.0600,wor-active,527,0.02853359282016754,1.0
all,0.0600,wor-uniform,527,0.033284738659858704,1.0
all,0.0600,wor-active,528,0.0347251296043396,1.0
all,0.0600,wor-uniform,528,0.036380112171173096,1.0
all,0.0600,wor-active,529,0.031242430210113525,1.0
all,0.0600,wor-uniform,529,0.03448806703090668,1.0
all,0.0600,wor-active,530,0.03309448063373566,1.0
all,0.0600,wor-uniform,530,0.03527790307998657,1.0
all,0.0600,wor-active,531,0.02876468002796173,1.0
all,0.0600,wor-uniform,531,0.0358736515045166,0.0
all,0.0600,wor-active,532,0.031269192695617676,1.0
all,0.0600,wor-uniform,532,0.03533191978931427,1.0
all,0.0600,wor-active,533,0.030605003237724304,0.0
all,0.0600,wor-uniform,533,0.034663453698158264,0.0
all,0.0600,wor-active,534,0.031313300132751465,1.0
all,0.0600,wor-uniform,534,0.03596235811710358,1.0
all,0.0600,wor-active,535,0.03208816051483154,1.0
all,0.0600,wor-uniform,535,0.03663456439971924,1.0
all,0.0600,wor-active,536,0.03019183874130249,1.0
all,0.0600,wor-uniform,536,0.03298294544219971,1.0
all,0.0600,wor-active,537,0.030856415629386902,0.0
all,0.0600,wor-uniform,537,0.03453749418258667,1.0
all,0.0600,wor-active,538,0.03384286165237427,1.0
all,0.0600,wor-uniform,538,0.03418844938278198,1.0
all,0.0600,wor-active,539,0.03275783360004425,1.0
all,0.0600,wor-uniform,539,0.03577829897403717,1.0
all,0.0600,wor-active,540,0.0296364426612854,1.0
all,0.0600,wor-uniform,540,0.03650170564651489,1.0
all,0.0600,wor-active,541,0.028944149613380432,1.0
all,0.0600,wor-uniform,541,0.034877970814704895,1.0
all,0.0600,wor-active,542,0.03206890821456909,1.0
all,0.0600,wor-uniform,542,0.03376190364360809,1.0
all,0.0600,wor-active,543,0.030683398246765137,0.0
all,0.0600,wor-uniform,543,0.03419393301010132,1.0
all,0.0600,wor-active,544,0.032443568110466,1.0
all,0.0600,wor-uniform,544,0.035357117652893066,1.0
all,0.0600,wor-active,545,0.031979069113731384,1.0
all,0.0600,wor-uniform,545,0.034663379192352295,1.0
all,0.0600,wor-active,546,0.031211242079734802,1.0
all,0.0600,wor-uniform,546,0.036659643054008484,1.0
all,0.0600,wor-active,547,0.028781816363334656,1.0
all,0.0600,wor-uniform,547,0.034488365054130554,1.0
all,0.0600,wor-active,548,0.030795395374298096,1.0
all,0.0600,wor-uniform,548,0.03624127805233002,1.0
all,0.0600,wor-active,549,0.030113697052001953,1.0
all,0.0600,wor-uniform,549,0.0347442626953125,1.0
all,0.0600,wor-active,550,0.03058190643787384,1.0
all,0.0600,wor-uniform,550,0.03331449627876282,1.0
all,0.0600,wor-active,551,0.032694101333618164,1.0
all,0.0600,wor-uniform,551,0.037161096930503845,1.0
all,0.0600,wor-active,552,0.030169129371643066,1.0
all,0.0600,wor-uniform,552,0.03483028709888458,0.0
all,0.0600,wor-active,553,0.027865931391716003,1.0
all,0.0600,wor-uniform,553,0.033989861607551575,1.0
all,0.0600,wor-active,554,0.03174370527267456,1.0
all,0.0600,wor-uniform,554,0.03649131953716278,1.0
all,0.0600,wor-active,555,0.029250159859657288,1.0
all,0.0600,wor-uniform,555,0.035273730754852295,1.0
all,0.0600,wor-active,556,0.030993640422821045,1.0
all,0.0600,wor-uniform,556,0.034310221672058105,1.0
all,0.0600,wor-active,557,0.03254149854183197,1.0
all,0.0600,wor-uniform,557,0.03530716896057129,1.0
all,0.0600,wor-active,558,0.03370557725429535,1.0
all,0.0600,wor-uniform,558,0.035637855529785156,1.0
all,0.0600,wor-active,559,0.03328941762447357,1.0
all,0.0600,wor-uniform,559,0.03495176136493683,1.0
all,0.0600,wor-active,560,0.0293341726064682,1.0
all,0.0600,wor-uniform,560,0.03570520877838135,1.0
all,0.0600,wor-active,561,0.03277866542339325,1.0
all,0.0600,wor-uniform,561,0.03566896915435791,1.0
all,0.0600,wor-active,562,0.03672318160533905,1.0
all,0.0600,wor-uniform,562,0.033991336822509766,1.0
all,0.0600,wor-active,563,0.03159797191619873,1.0
all,0.0600,wor-uniform,563,0.03530073165893555,1.0
all,0.0600,wor-active,564,0.029628679156303406,1.0
all,0.0600,wor-uniform,564,0.03362497687339783,1.0
all,0.0600,wor-active,565,0.029855504631996155,1.0
all,0.0600,wor-uniform,565,0.033617183566093445,1.0
all,0.0600,wor-active,566,0.030337080359458923,1.0
all,0.0600,wor-uniform,566,0.03518807888031006,1.0
all,0.0600,wor-active,567,0.030631601810455322,1.0
all,0.0600,wor-uniform,567,0.035072922706604004,1.0
all,0.0600,wor-active,568,0.031470417976379395,1.0
all,0.0600,wor-uniform,568,0.037042513489723206,1.0
all,0.0600,wor-active,569,0.030040785670280457,1.0
all,0.0600,wor-uniform,569,0.03447164595127106,1.0
all,0.0600,wor-active,570,0.03110690414905548,1.0
all,0.0600,wor-uniform,570,0.034971773624420166,1.0
all,0.0600,wor-active,571,0.033071085810661316,1.0
all,0.0600,wor-uniform,571,0.03581458330154419,1.0
all,0.0600,wor-active,572,0.032634615898132324,1.0
all,0.0600,wor-uniform,572,0.03389458358287811,1.0
all,0.0600,wor-active,573,0.029886871576309204,0.0
all,0.0600,wor-uniform,573,0.03400735557079315,1.0
all,0.0600,wor-active,574,0.03256179392337799,1.0
all,0.0600,wor-uniform,574,0.03356754779815674,1.0
all,0.0600,wor-active,575,0.031597673892974854,1.0
all,0.0600,wor-uniform,575,0.033207908272743225,1.0
all,0.0600,wor-active,576,0.03136880695819855,1.0
all,0.0600,wor-uniform,576,0.037486568093299866,1.0
all,0.0600,wor-active,577,0.031218409538269043,1.0
all,0.0600,wor-uniform,577,0.034634172916412354,1.0
all,0.0600,wor-active,578,0.030090630054473877,1.0
all,0.0600,wor-uniform,578,0.0360909104347229,1.0
all,0.0600,wor-active,579,0.029972732067108154,1.0
all,0.0600,wor-uniform,579,0.03557020425796509,1.0
all,0.0600,wor-active,580,0.03067779541015625,1.0
all,0.0600,wor-uniform,580,0.03481374680995941,1.0
all,0.0600,wor-active,581,0.0280877947807312,1.0
all,0.0600,wor-uniform,581,0.03764605522155762,1.0
all,0.0600,wor-active,582,0.032707035541534424,1.0
all,0.0600,wor-uniform,582,0.035237595438957214,1.0
all,0.0600,wor-active,583,0.031035318970680237,1.0
all,0.0600,wor-uniform,583,0.03516557812690735,1.0
all,0.0600,wor-active,584,0.03150445222854614,1.0
all,0.0600,wor-uniform,584,0.03603844344615936,1.0
all,0.0600,wor-active,585,0.035603225231170654,1.0
all,0.0600,wor-uniform,585,0.03601755201816559,1.0
all,0.0600,wor-active,586,0.03241068124771118,1.0
all,0.0600,wor-uniform,586,0.03347991406917572,0.0
all,0.0600,wor-active,587,0.030397772789001465,1.0
all,0.0600,wor-uniform,587,0.035256147384643555,1.0
all,0.0600,wor-active,588,0.032929256558418274,1.0
all,0.0600,wor-uniform,588,0.03566640615463257,1.0
all,0.0600,wor-active,589,0.02894824743270874,1.0
all,0.0600,wor-uniform,589,0.03314310312271118,1.0
all,0.0600,wor-active,590,0.031782254576683044,1.0
all,0.0600,wor-uniform,590,0.03417927026748657,1.0
all,0.0600,wor-active,591,0.031488895416259766,1.0
all,0.0600,wor-uniform,591,0.033714115619659424,1.0
all,0.0600,wor-active,592,0.029938578605651855,1.0
all,0.0600,wor-uniform,592,0.03573048114776611,1.0
all,0.0600,wor-active,593,0.03247213363647461,1.0
all,0.0600,wor-uniform,593,0.03565031290054321,1.0
all,0.0600,wor-active,594,0.031320929527282715,1.0
all,0.0600,wor-uniform,594,0.03692591190338135,0.0
all,0.0600,wor-active,595,0.034574151039123535,1.0
all,0.0600,wor-uniform,595,0.034640952944755554,1.0
all,0.0600,wor-active,596,0.034206196665763855,1.0
all,0.0600,wor-uniform,596,0.03623408079147339,1.0
all,0.0600,wor-active,597,0.03370314836502075,1.0
all,0.0600,wor-uniform,597,0.03381901979446411,1.0
all,0.0600,wor-active,598,0.02887992560863495,0.0
all,0.0600,wor-uniform,598,0.036107420921325684,1.0
all,0.0600,wor-active,599,0.031065940856933594,1.0
all,0.0600,wor-uniform,599,0.036708712577819824,1.0
all,0.0600,wor-active,600,0.03303796052932739,1.0
all,0.0600,wor-uniform,600,0.036771759390830994,1.0
all,0.0600,wor-active,601,0.02885626256465912,1.0
all,0.0600,wor-uniform,601,0.03574126958847046,1.0
all,0.0600,wor-active,602,0.030733123421669006,1.0
all,0.0600,wor-uniform,602,0.03555554151535034,1.0
all,0.0600,wor-active,603,0.03178185224533081,1.0
all,0.0600,wor-uniform,603,0.03591163456439972,1.0
all,0.0600,wor-active,604,0.03042834997177124,1.0
all,0.0600,wor-uniform,604,0.03635376691818237,1.0
all,0.0600,wor-active,605,0.03308027982711792,1.0
all,0.0600,wor-uniform,605,0.036075472831726074,1.0
all,0.0600,wor-active,606,0.029553532600402832,1.0
all,0.0600,wor-uniform,606,0.0337790846824646,1.0
all,0.0600,wor-active,607,0.03127725422382355,1.0
all,0.0600,wor-uniform,607,0.036308884620666504,1.0
all,0.0600,wor-active,608,0.03276835381984711,1.0
all,0.0600,wor-uniform,608,0.03344011306762695,1.0
all,0.0600,wor-active,609,0.0363924503326416,1.0
all,0.0600,wor-uniform,609,0.0347529798746109,1.0
all,0.0600,wor-active,610,0.034714341163635254,1.0
all,0.0600,wor-uniform,610,0.03613311052322388,1.0
all,0.0600,wor-active,611,0.02962280809879303,1.0
all,0.0600,wor-uniform,611,0.035388246178627014,1.0
all,0.0600,wor-active,612,0.028569087386131287,1.0
all,0.0600,wor-uniform,612,0.037167444825172424,1.0
all,0.0600,wor-active,613,0.03006434440612793,1.0
all,0.0600,wor-uniform,613,0.03405606746673584,1.0
all,0.0600,wor-active,614,0.029457271099090576,1.0
all,0.0600,wor-uniform,614,0.03550773859024048,1.0
all,0.0600,wor-active,615,0.034446656703948975,1.0
all,0.0600,wor-uniform,615,0.035714149475097656,1.0
all,0.0600,wor-active,616,0.02979278564453125,1.0
all,0.0600,wor-uniform,616,0.03369636833667755,1.0
all,0.0600,wor-active,617,0.029506534337997437,1.0
all,0.0600,wor-uniform,617,0.034925997257232666,1.0
all,0.0600,wor-active,618,0.033283576369285583,1.0
all,0.0600,wor-uniform,618,0.034743234515190125,1.0
all,0.0600,wor-active,619,0.033147379755973816,1.0
all,0.0600,wor-uniform,619,0.03445029258728027,1.0
all,0.0600,wor-active,620,0.030628517270088196,1.0
all,0.0600,wor-uniform,620,0.03472626209259033,1.0
all,0.0600,wor-active,621,0.031208276748657227,1.0
all,0.0600,wor-uniform,621,0.03372916579246521,1.0
all,0.0600,wor-active,622,0.032418206334114075,1.0
all,0.0600,wor-uniform,622,0.035232678055763245,1.0
all,0.0600,wor-active,623,0.0317777544260025,1.0
all,0.0600,wor-uniform,623,0.03523904085159302,1.0
all,0.0600,wor-active,624,0.03214883804321289,1.0
all,0.0600,wor-uniform,624,0.03634828329086304,1.0
all,0.0600,wor-active,625,0.03259950876235962,1.0
all,0.0600,wor-uniform,625,0.03412330150604248,1.0
all,0.0600,wor-active,626,0.03473001718521118,1.0
all,0.0600,wor-uniform,626,0.034204721450805664,1.0
all,0.0600,wor-active,627,0.03140056133270264,1.0
all,0.0600,wor-uniform,627,0.03651648759841919,1.0
all,0.0600,wor-active,628,0.03171098232269287,1.0
all,0.0600,wor-uniform,628,0.036011457443237305,1.0
all,0.0600,wor-active,629,0.0326191782951355,1.0
all,0.0600,wor-uniform,629,0.03383238613605499,1.0
all,0.0600,wor-active,630,0.028757750988006592,1.0
all,0.0600,wor-uniform,630,0.03654313087463379,1.0
all,0.0600,wor-active,631,0.033147573471069336,1.0
all,0.0600,wor-uniform,631,0.035318076610565186,1.0
all,0.0600,wor-active,632,0.03368484973907471,1.0
all,0.0600,wor-uniform,632,0.03345267474651337,1.0
all,0.0600,wor-active,633,0.03444951772689819,1.0
all,0.0600,wor-uniform,633,0.03468310832977295,1.0
all,0.0600,wor-active,634,0.03296186029911041,1.0
all,0.0600,wor-uniform,634,0.03797352313995361,1.0
all,0.0600,wor-active,635,0.032804667949676514,1.0
all,0.0600,wor-uniform,635,0.0358005166053772,1.0
all,0.0600,wor-active,636,0.03202897310256958,1.0
all,0.0600,wor-uniform,636,0.03465592861175537,1.0
all,0.0600,wor-active,637,0.02941836416721344,1.0
all,0.0600,wor-uniform,637,0.03689892590045929,1.0
all,0.0600,wor-active,638,0.030818596482276917,1.0
all,0.0600,wor-uniform,638,0.03396458923816681,1.0
all,0.0600,wor-active,639,0.03077225387096405,1.0
all,0.0600,wor-uniform,639,0.0342181921005249,1.0
all,0.0600,wor-active,640,0.035292625427246094,1.0
all,0.0600,wor-uniform,640,0.03426814079284668,1.0
all,0.0600,wor-active,641,0.035100504755973816,1.0
all,0.0600,wor-uniform,641,0.03348834812641144,1.0
all,0.0600,wor-active,642,0.03203397989273071,1.0
all,0.0600,wor-uniform,642,0.03343462944030762,1.0
all,0.0600,wor-active,643,0.02926783263683319,1.0
all,0.0600,wor-uniform,643,0.03828887641429901,1.0
all,0.0600,wor-active,644,0.030274689197540283,1.0
all,0.0600,wor-uniform,644,0.03422635793685913,1.0
all,0.0600,wor-active,645,0.03242647647857666,1.0
all,0.0600,wor-uniform,645,0.035348474979400635,1.0
all,0.0600,wor-active,646,0.03187127411365509,1.0
all,0.0600,wor-uniform,646,0.03368818759918213,1.0
all,0.0600,wor-active,647,0.029058441519737244,1.0
all,0.0600,wor-uniform,647,0.03492099046707153,1.0
all,0.0600,wor-active,648,0.0307379812002182,1.0
all,0.0600,wor-uniform,648,0.03483940660953522,1.0
all,0.0600,wor-active,649,0.030483245849609375,1.0
all,0.0600,wor-uniform,649,0.03759920597076416,1.0
all,0.0600,wor-active,650,0.02769303321838379,1.0
all,0.0600,wor-uniform,650,0.03556114435195923,1.0
all,0.0600,wor-active,651,0.03602135181427002,1.0
all,0.0600,wor-uniform,651,0.03644184768199921,1.0
all,0.0600,wor-active,652,0.030952751636505127,1.0
all,0.0600,wor-uniform,652,0.036157429218292236,1.0
all,0.0600,wor-active,653,0.032767072319984436,1.0
all,0.0600,wor-uniform,653,0.034036725759506226,1.0
all,0.0600,wor-active,654,0.031360045075416565,1.0
all,0.0600,wor-uniform,654,0.03567802906036377,1.0
all,0.0600,wor-active,655,0.036077141761779785,0.0
all,0.0600,wor-uniform,655,0.03513777256011963,1.0
all,0.0600,wor-active,656,0.031018421053886414,1.0
all,0.0600,wor-uniform,656,0.03523141145706177,1.0
all,0.0600,wor-active,657,0.03315536677837372,1.0
all,0.0600,wor-uniform,657,0.03514300286769867,1.0
all,0.0600,wor-active,658,0.03227095305919647,1.0
all,0.0600,wor-uniform,658,0.03365558385848999,1.0
all,0.0600,wor-active,659,0.029199063777923584,1.0
all,0.0600,wor-uniform,659,0.03411126136779785,0.0
all,0.0600,wor-active,660,0.03495168685913086,1.0
all,0.0600,wor-uniform,660,0.03379888832569122,1.0
all,0.0600,wor-active,661,0.03326308727264404,1.0
all,0.0600,wor-uniform,661,0.034748539328575134,1.0
all,0.0600,wor-active,662,0.03310227394104004,1.0
all,0.0600,wor-uniform,662,0.03574612736701965,1.0
all,0.0600,wor-active,663,0.032650530338287354,1.0
all,0.0600,wor-uniform,663,0.03620941936969757,1.0
all,0.0600,wor-active,664,0.029222726821899414,1.0
all,0.0600,wor-uniform,664,0.03437560796737671,1.0
all,0.0600,wor-active,665,0.03375701606273651,1.0
all,0.0600,wor-uniform,665,0.03769299387931824,1.0
all,0.0700,wor-active,333,0.026873216032981873,1.0
all,0.0700,wor-uniform,333,0.03178580105304718,1.0
all,0.0700,wor-active,334,0.030893847346305847,1.0
all,0.0700,wor-uniform,334,0.03274381160736084,0.0
all,0.0700,wor-active,335,0.029248058795928955,1.0
all,0.0700,wor-uniform,335,0.03219330310821533,1.0
all,0.0700,wor-active,336,0.02748267352581024,1.0
all,0.0700,wor-uniform,336,0.03136058151721954,1.0
all,0.0700,wor-active,337,0.028750121593475342,1.0
all,0.0700,wor-uniform,337,0.03158211708068848,1.0
all,0.0700,wor-active,338,0.029073655605316162,1.0
all,0.0700,wor-uniform,338,0.03288473188877106,1.0
all,0.0700,wor-active,339,0.029404819011688232,1.0
all,0.0700,wor-uniform,339,0.03428006172180176,1.0
all,0.0700,wor-active,340,0.02915060520172119,1.0
all,0.0700,wor-uniform,340,0.03137320280075073,1.0
all,0.0700,wor-active,341,0.028364837169647217,1.0
all,0.0700,wor-uniform,341,0.03230561316013336,1.0
all,0.0700,wor-active,342,0.028291508555412292,1.0
all,0.0700,wor-uniform,342,0.0324786901473999,1.0
all,0.0700,wor-active,343,0.02769613265991211,1.0
all,0.0700,wor-uniform,343,0.031757473945617676,1.0
all,0.0700,wor-active,344,0.027331769466400146,1.0
all,0.0700,wor-uniform,344,0.033172741532325745,1.0
all,0.0700,wor-active,345,0.030828356742858887,0.0
all,0.0700,wor-uniform,345,0.0324028879404068,1.0
all,0.0700,wor-active,346,0.02896803617477417,1.0
all,0.0700,wor-uniform,346,0.03312420845031738,1.0
all,0.0700,wor-active,347,0.030101940035820007,1.0
all,0.0700,wor-uniform,347,0.03368103504180908,1.0
all,0.0700,wor-active,348,0.028200268745422363,1.0
all,0.0700,wor-uniform,348,0.03399515151977539,1.0
all,0.0700,wor-active,349,0.02929873764514923,1.0
all,0.0700,wor-uniform,349,0.03118439018726349,1.0
all,0.0700,wor-active,350,0.03074413537979126,1.0
all,0.0700,wor-uniform,350,0.032730042934417725,1.0
all,0.0700,wor-active,351,0.03014826774597168,1.0
all,0.0700,wor-uniform,351,0.03228282928466797,1.0
all,0.0700,wor-active,352,0.02867119014263153,1.0
all,0.0700,wor-uniform,352,0.03290976583957672,1.0
all,0.0700,wor-active,353,0.0301983505487442,1.0
all,0.0700,wor-uniform,353,0.03220325708389282,1.0
all,0.0700,wor-active,354,0.02986365556716919,1.0
all,0.0700,wor-uniform,354,0.03268410265445709,1.0
all,0.0700,wor-active,355,0.029881417751312256,1.0
all,0.0700,wor-uniform,355,0.03377087414264679,1.0
all,0.0700,wor-active,356,0.026277557015419006,1.0
all,0.0700,wor-uniform,356,0.03501099348068237,1.0
all,0.0700,wor-active,357,0.026563063263893127,1.0
all,0.0700,wor-uniform,357,0.030812397599220276,1.0
all,0.0700,wor-active,358,0.030535563826560974,1.0
all,0.0700,wor-uniform,358,0.030673682689666748,1.0
all,0.0700,wor-active,359,0.029455602169036865,1.0
all,0.0700,wor-uniform,359,0.03286755084991455,1.0
all,0.0700,wor-active,360,0.03073360025882721,1.0
all,0.0700,wor-uniform,360,0.030361875891685486,1.0
all,0.0700,wor-active,361,0.027281329035758972,1.0
all,0.0700,wor-uniform,361,0.03268074989318848,1.0
all,0.0700,wor-active,362,0.030335918068885803,1.0
all,0.0700,wor-uniform,362,0.031114771962165833,1.0
all,0.0700,wor-active,363,0.02848374843597412,1.0
all,0.0700,wor-uniform,363,0.03282143175601959,1.0
all,0.0700,wor-active,364,0.028065159916877747,1.0
all,0.0700,wor-uniform,364,0.03243134915828705,1.0
all,0.0700,wor-active,365,0.028367653489112854,1.0
all,0.0700,wor-uniform,365,0.031367480754852295,1.0
all,0.0700,wor-active,366,0.03091144561767578,1.0
all,0.0700,wor-uniform,366,0.033811986446380615,0.0
all,0.0700,wor-active,367,0.02627556025981903,1.0
all,0.0700,wor-uniform,367,0.03300940990447998,1.0
all,0.0700,wor-active,368,0.030057907104492188,1.0
all,0.0700,wor-uniform,368,0.03231300413608551,1.0
all,0.0700,wor-active,369,0.028255999088287354,1.0
all,0.0700,wor-uniform,369,0.03288578987121582,1.0
all,0.0700,wor-active,370,0.02814359962940216,1.0
all,0.0700,wor-uniform,370,0.03239351511001587,1.0
all,0.0700,wor-active,371,0.031273722648620605,1.0
all,0.0700,wor-uniform,371,0.03235912322998047,1.0
all,0.0700,wor-active,372,0.028563261032104492,1.0
all,0.0700,wor-uniform,372,0.033830463886260986,1.0
all,0.0700,wor-active,373,0.030318140983581543,1.0
all,0.0700,wor-uniform,373,0.031953632831573486,1.0
all,0.0700,wor-active,374,0.030040398240089417,1.0
all,0.0700,wor-uniform,374,0.03297150135040283,0.0
all,0.0700,wor-active,375,0.02680492401123047,1.0
all,0.0700,wor-uniform,375,0.032621145248413086,1.0
all,0.0700,wor-active,376,0.02932649850845337,1.0
all,0.0700,wor-uniform,376,0.03441816568374634,0.0
all,0.0700,wor-active,377,0.02810211479663849,1.0
all,0.0700,wor-uniform,377,0.03221607208251953,1.0
all,0.0700,wor-active,378,0.02688145637512207,1.0
all,0.0700,wor-uniform,378,0.03208814561367035,1.0
all,0.0700,wor-active,379,0.02989460527896881,1.0
all,0.0700,wor-uniform,379,0.03212618827819824,1.0
all,0.0700,wor-active,380,0.02683146297931671,1.0
all,0.0700,wor-uniform,380,0.030231386423110962,1.0
all,0.0700,wor-active,381,0.02697378396987915,1.0
all,0.0700,wor-uniform,381,0.03319638967514038,1.0
all,0.0700,wor-active,382,0.0278540700674057,1.0
all,0.0700,wor-uniform,382,0.0328172892332077,1.0
all,0.0700,wor-active,383,0.030311763286590576,1.0
all,0.0700,wor-uniform,383,0.03578972816467285,1.0
all,0.0700,wor-active,384,0.02701359987258911,1.0
all,0.0700,wor-uniform,384,0.033704325556755066,1.0
all,0.0700,wor-active,385,0.02862076461315155,1.0
all,0.0700,wor-uniform,385,0.03220200538635254,1.0
all,0.0700,wor-active,386,0.024344369769096375,1.0
all,0.0700,wor-uniform,386,0.031499236822128296,0.0
all,0.0700,wor-active,387,0.03045058250427246,1.0
all,0.0700,wor-uniform,387,0.032431259751319885,1.0
all,0.0700,wor-active,388,0.029818549752235413,1.0
all,0.0700,wor-uniform,388,0.03233952820301056,1.0
all,0.0700,wor-active,389,0.02927367389202118,0.0
all,0.0700,wor-uniform,389,0.033210575580596924,1.0
all,0.0700,wor-active,390,0.032386600971221924,1.0
all,0.0700,wor-uniform,390,0.03167222440242767,1.0
all,0.0700,wor-active,391,0.027948737144470215,1.0
all,0.0700,wor-uniform,391,0.031741321086883545,1.0
all,0.0700,wor-active,392,0.02755904197692871,1.0
all,0.0700,wor-uniform,392,0.030655622482299805,1.0
all,0.0700,wor-active,393,0.028248384594917297,1.0
all,0.0700,wor-uniform,393,0.03273932635784149,1.0
all,0.0700,wor-active,394,0.030345618724822998,1.0
all,0.0700,wor-uniform,394,0.03214383125305176,1.0
all,0.0700,wor-active,395,0.02733580768108368,1.0
all,0.0700,wor-uniform,395,0.03127254545688629,1.0
all,0.0700,wor-active,396,0.02910083532333374,1.0
all,0.0700,wor-uniform,396,0.03144758939743042,1.0
all,0.0700,wor-active,397,0.027595937252044678,1.0
all,0.0700,wor-uniform,397,0.030922427773475647,1.0
all,0.0700,wor-active,398,0.03027963638305664,1.0
all,0.0700,wor-uniform,398,0.03231406211853027,1.0
all,0.0700,wor-active,399,0.02845589816570282,1.0
all,0.0700,wor-uniform,399,0.0319913774728775,1.0
all,0.0700,wor-active,400,0.029386386275291443,1.0
all,0.0700,wor-uniform,400,0.032455503940582275,1.0
all,0.0700,wor-active,401,0.028391242027282715,1.0
all,0.0700,wor-uniform,401,0.030858919024467468,1.0
all,0.0700,wor-active,402,0.030219316482543945,1.0
all,0.0700,wor-uniform,402,0.030446141958236694,0.0
all,0.0700,wor-active,403,0.03008061647415161,1.0
all,0.0700,wor-uniform,403,0.032978832721710205,1.0
all,0.0700,wor-active,404,0.028342902660369873,1.0
all,0.0700,wor-uniform,404,0.032138705253601074,1.0
all,0.0700,wor-active,405,0.02925032377243042,1.0
all,0.0700,wor-uniform,405,0.03113989531993866,1.0
all,0.0700,wor-active,406,0.02711886167526245,1.0
all,0.0700,wor-uniform,406,0.03012995421886444,1.0
all,0.0700,wor-active,407,0.03065699338912964,1.0
all,0.0700,wor-uniform,407,0.032210350036621094,1.0
all,0.0700,wor-active,408,0.0319027304649353,1.0
all,0.0700,wor-uniform,408,0.03277789056301117,1.0
all,0.0700,wor-active,409,0.029481351375579834,1.0
all,0.0700,wor-uniform,409,0.03221313655376434,1.0
all,0.0700,wor-active,410,0.028080657124519348,1.0
all,0.0700,wor-uniform,410,0.03176228702068329,1.0
all,0.0700,wor-active,411,0.032040953636169434,1.0
all,0.0700,wor-uniform,411,0.03302186727523804,1.0
all,0.0700,wor-active,412,0.031806230545043945,1.0
all,0.0700,wor-uniform,412,0.030804291367530823,1.0
all,0.0700,wor-active,413,0.03142160177230835,1.0
all,0.0700,wor-uniform,413,0.032340168952941895,1.0
all,0.0700,wor-active,414,0.028800711035728455,1.0
all,0.0700,wor-uniform,414,0.0340573787689209,1.0
all,0.0700,wor-active,415,0.026936709880828857,1.0
all,0.0700,wor-uniform,415,0.03268897533416748,1.0
all,0.0700,wor-active,416,0.028303280472755432,1.0
all,0.0700,wor-uniform,416,0.03206050395965576,1.0
all,0.0700,wor-active,417,0.030087843537330627,1.0
all,0.0700,wor-uniform,417,0.03125685453414917,1.0
all,0.0700,wor-active,418,0.029136180877685547,1.0
all,0.0700,wor-uniform,418,0.030668973922729492,1.0
all,0.0700,wor-active,419,0.028621047735214233,1.0
all,0.0700,wor-uniform,419,0.0324399471282959,1.0
all,0.0700,wor-active,420,0.029051125049591064,1.0
all,0.0700,wor-uniform,420,0.031951069831848145,1.0
all,0.0700,wor-active,421,0.029848888516426086,1.0
all,0.0700,wor-uniform,421,0.032513126730918884,1.0
all,0.0700,wor-active,422,0.028665661811828613,1.0
all,0.0700,wor-uniform,422,0.03312946856021881,1.0
all,0.0700,wor-active,423,0.02783140540122986,0.0
all,0.0700,wor-uniform,423,0.033255934715270996,1.0
all,0.0700,wor-active,424,0.028519511222839355,1.0
all,0.0700,wor-uniform,424,0.03261859714984894,1.0
all,0.0700,wor-active,425,0.03155617415904999,1.0
all,0.0700,wor-uniform,425,0.03307467699050903,1.0
all,0.0700,wor-active,426,0.027946889400482178,1.0
all,0.0700,wor-uniform,426,0.033119380474090576,1.0
all,0.0700,wor-active,427,0.026106834411621094,0.0
all,0.0700,wor-uniform,427,0.03464329242706299,1.0
all,0.0700,wor-active,428,0.026739656925201416,1.0
all,0.0700,wor-uniform,428,0.03123779594898224,1.0
all,0.0700,wor-active,429,0.029866814613342285,1.0
all,0.0700,wor-uniform,429,0.033499881625175476,1.0
all,0.0700,wor-active,430,0.02834075689315796,1.0
all,0.0700,wor-uniform,430,0.032635509967803955,1.0
all,0.0700,wor-active,431,0.0293588787317276,1.0
all,0.0700,wor-uniform,431,0.03167366981506348,1.0
all,0.0700,wor-active,432,0.02875658869743347,1.0
all,0.0700,wor-uniform,432,0.033540621399879456,1.0
all,0.0700,wor-active,433,0.028962120413780212,1.0
all,0.0700,wor-uniform,433,0.032944679260253906,1.0
all,0.0700,wor-active,434,0.026488736271858215,1.0
all,0.0700,wor-uniform,434,0.03212285041809082,1.0
all,0.0700,wor-active,435,0.029748737812042236,1.0
all,0.0700,wor-uniform,435,0.03288908302783966,1.0
all,0.0700,wor-active,436,0.026503071188926697,1.0
all,0.0700,wor-uniform,436,0.03312122821807861,1.0
all,0.0700,wor-active,437,0.028802335262298584,1.0
all,0.0700,wor-uniform,437,0.03262811899185181,1.0
all,0.0700,wor-active,438,0.02866530418395996,1.0
all,0.0700,wor-uniform,438,0.032573819160461426,1.0
all,0.0700,wor-active,439,0.027762994170188904,1.0
all,0.0700,wor-uniform,439,0.031583353877067566,1.0
all,0.0700,wor-active,440,0.031618937849998474,1.0
all,0.0700,wor-uniform,440,0.031504154205322266,1.0
all,0.0700,wor-active,441,0.025814399123191833,1.0
all,0.0700,wor-uniform,441,0.03241908550262451,1.0
all,0.0700,wor-active,442,0.02935759723186493,1.0
all,0.0700,wor-uniform,442,0.031571269035339355,1.0
all,0.0700,wor-active,443,0.028439342975616455,1.0
all,0.0700,wor-uniform,443,0.03135627508163452,1.0
all,0.0700,wor-active,444,0.030069947242736816,1.0
all,0.0700,wor-uniform,444,0.033397555351257324,1.0
all,0.0700,wor-active,445,0.031022608280181885,1.0
all,0.0700,wor-uniform,445,0.033178746700286865,1.0
all,0.0700,wor-active,446,0.02725599706172943,1.0
all,0.0700,wor-uniform,446,0.032701537013053894,1.0
all,0.0700,wor-active,447,0.02910315990447998,1.0
all,0.0700,wor-uniform,447,0.030283823609352112,1.0
all,0.0700,wor-active,448,0.029003798961639404,1.0
all,0.0700,wor-uniform,448,0.03149259090423584,1.0
all,0.0700,wor-active,449,0.03095555305480957,1.0
all,0.0700,wor-uniform,449,0.03231102228164673,1.0
all,0.0700,wor-active,450,0.026983484625816345,1.0
all,0.0700,wor-uniform,450,0.03159734606742859,1.0
all,0.0700,wor-active,451,0.02800174057483673,1.0
all,0.0700,wor-uniform,451,0.030051231384277344,1.0
all,0.0700,wor-active,452,0.03099556267261505,1.0
all,0.0700,wor-uniform,452,0.032085299491882324,1.0
all,0.0700,wor-active,453,0.03008037805557251,1.0
all,0.0700,wor-uniform,453,0.03124423325061798,1.0
all,0.0700,wor-active,454,0.03038311004638672,1.0
all,0.0700,wor-uniform,454,0.03210866451263428,1.0
all,0.0700,wor-active,455,0.027714908123016357,1.0
all,0.0700,wor-uniform,455,0.033367738127708435,1.0
all,0.0700,wor-active,456,0.029909849166870117,1.0
all,0.0700,wor-uniform,456,0.03310234844684601,1.0
all,0.0700,wor-active,457,0.028351888060569763,1.0
all,0.0700,wor-uniform,457,0.03349006175994873,1.0
all,0.0700,wor-active,458,0.028712421655654907,1.0
all,0.0700,wor-uniform,458,0.032842278480529785,1.0
all,0.0700,wor-active,459,0.025064051151275635,1.0
all,0.0700,wor-uniform,459,0.03446429967880249,1.0
all,0.0700,wor-active,460,0.027598947286605835,1.0
all,0.0700,wor-uniform,460,0.03253166377544403,1.0
all,0.0700,wor-active,461,0.029002904891967773,1.0
all,0.0700,wor-uniform,461,0.03179579973220825,1.0
all,0.0700,wor-active,462,0.0323479026556015,1.0
all,0.0700,wor-uniform,462,0.03255349397659302,1.0
all,0.0700,wor-active,463,0.031071290373802185,1.0
all,0.0700,wor-uniform,463,0.03358179330825806,1.0
all,0.0700,wor-active,464,0.030715003609657288,1.0
all,0.0700,wor-uniform,464,0.031182587146759033,1.0
all,0.0700,wor-active,465,0.02979813516139984,1.0
all,0.0700,wor-uniform,465,0.03232377767562866,1.0
all,0.0700,wor-active,466,0.031154930591583252,1.0
all,0.0700,wor-uniform,466,0.03158758580684662,1.0
all,0.0700,wor-active,467,0.029227018356323242,1.0
all,0.0700,wor-uniform,467,0.034032344818115234,1.0
all,0.0700,wor-active,468,0.03133946657180786,1.0
all,0.0700,wor-uniform,468,0.034869492053985596,1.0
all,0.0700,wor-active,469,0.029104098677635193,1.0
all,0.0700,wor-uniform,469,0.03377257287502289,1.0
all,0.0700,wor-active,470,0.028202176094055176,1.0
all,0.0700,wor-uniform,470,0.032524943351745605,1.0
all,0.0700,wor-active,471,0.025289148092269897,1.0
all,0.0700,wor-uniform,471,0.03074812889099121,1.0
all,0.0700,wor-active,472,0.03034500777721405,1.0
all,0.0700,wor-uniform,472,0.033784136176109314,1.0
all,0.0700,wor-active,473,0.03008425235748291,1.0
all,0.0700,wor-uniform,473,0.03140050172805786,1.0
all,0.0700,wor-active,474,0.028402090072631836,1.0
all,0.0700,wor-uniform,474,0.03306776285171509,1.0
all,0.0700,wor-active,475,0.029142677783966064,1.0
all,0.0700,wor-uniform,475,0.03081221878528595,1.0
all,0.0700,wor-active,476,0.02798643708229065,1.0
all,0.0700,wor-uniform,476,0.029771268367767334,1.0
all,0.0700,wor-active,477,0.030136823654174805,1.0
all,0.0700,wor-uniform,477,0.032482877373695374,1.0
all,0.0700,wor-active,478,0.03189955651760101,1.0
all,0.0700,wor-uniform,478,0.031834304332733154,1.0
all,0.0700,wor-active,479,0.027796760201454163,1.0
all,0.0700,wor-uniform,479,0.032194554805755615,1.0
all,0.0700,wor-active,480,0.024128049612045288,0.0
all,0.0700,wor-uniform,480,0.030392587184906006,1.0
all,0.0700,wor-active,481,0.02948606014251709,1.0
all,0.0700,wor-uniform,481,0.03195220232009888,1.0
all,0.0700,wor-active,482,0.027353182435035706,1.0
all,0.0700,wor-uniform,482,0.03174842894077301,1.0
all,0.0700,wor-active,483,0.0264739990234375,1.0
all,0.0700,wor-uniform,483,0.03331547975540161,1.0
all,0.0700,wor-active,484,0.029600068926811218,1.0
all,0.0700,wor-uniform,484,0.031861498951911926,1.0
all,0.0700,wor-active,485,0.0295332670211792,1.0
all,0.0700,wor-uniform,485,0.033885955810546875,1.0
all,0.0700,wor-active,486,0.03410392999649048,0.0
all,0.0700,wor-uniform,486,0.0329134464263916,1.0
all,0.0700,wor-active,487,0.030661582946777344,1.0
all,0.0700,wor-uniform,487,0.032330214977264404,1.0
all,0.0700,wor-active,488,0.029886409640312195,1.0
all,0.0700,wor-uniform,488,0.031241267919540405,1.0
all,0.0700,wor-active,489,0.030018404126167297,1.0
all,0.0700,wor-uniform,489,0.03154861927032471,1.0
all,0.0700,wor-active,490,0.03205156326293945,1.0
all,0.0700,wor-uniform,490,0.0338912159204483,1.0
all,0.0700,wor-active,491,0.028447210788726807,1.0
all,0.0700,wor-uniform,491,0.03317451477050781,0.0
all,0.0700,wor-active,492,0.03109513223171234,1.0
all,0.0700,wor-uniform,492,0.0316886305809021,1.0
all,0.0700,wor-active,493,0.0289335697889328,1.0
all,0.0700,wor-uniform,493,0.03234165906906128,1.0
all,0.0700,wor-active,494,0.029874086380004883,1.0
all,0.0700,wor-uniform,494,0.03365767002105713,1.0
all,0.0700,wor-active,495,0.028088033199310303,1.0
all,0.0700,wor-uniform,495,0.03236442804336548,1.0
all,0.0700,wor-active,496,0.028519928455352783,1.0
all,0.0700,wor-uniform,496,0.03217284381389618,1.0
all,0.0700,wor-active,497,0.02890278398990631,1.0
all,0.0700,wor-uniform,497,0.03501462936401367,1.0
all,0.0700,wor-active,498,0.02810537815093994,1.0
all,0.0700,wor-uniform,498,0.03317993879318237,1.0
all,0.0700,wor-active,499,0.028602182865142822,1.0
all,0.0700,wor-uniform,499,0.03267116844654083,1.0
all,0.0700,wor-active,500,0.03296738862991333,1.0
all,0.0700,wor-uniform,500,0.03178839385509491,1.0
all,0.0700,wor-active,501,0.02940957248210907,1.0
all,0.0700,wor-uniform,501,0.03259378671646118,1.0
all,0.0700,wor-active,502,0.03000505268573761,1.0
all,0.0700,wor-uniform,502,0.03202319145202637,1.0
all,0.0700,wor-active,503,0.025264859199523926,1.0
all,0.0700,wor-uniform,503,0.03290647268295288,1.0
all,0.0700,wor-active,504,0.03042219579219818,1.0
all,0.0700,wor-uniform,504,0.03179216384887695,1.0
all,0.0700,wor-active,505,0.02810293436050415,1.0
all,0.0700,wor-uniform,505,0.032724976539611816,0.0
all,0.0700,wor-active,506,0.028318941593170166,1.0
all,0.0700,wor-uniform,506,0.03165413439273834,1.0
all,0.0700,wor-active,507,0.027834787964820862,1.0
all,0.0700,wor-uniform,507,0.03304468095302582,1.0
all,0.0700,wor-active,508,0.031025290489196777,1.0
all,0.0700,wor-uniform,508,0.03191472589969635,1.0
all,0.0700,wor-active,509,0.02982991933822632,1.0
all,0.0700,wor-uniform,509,0.03250688314437866,1.0
all,0.0700,wor-active,510,0.031161129474639893,1.0
all,0.0700,wor-uniform,510,0.03285419940948486,1.0
all,0.0700,wor-active,511,0.029529914259910583,1.0
all,0.0700,wor-uniform,511,0.03209042549133301,1.0
all,0.0700,wor-active,512,0.02706955373287201,0.0
all,0.0700,wor-uniform,512,0.033010125160217285,1.0
all,0.0700,wor-active,513,0.03066962957382202,1.0
all,0.0700,wor-uniform,513,0.03353261947631836,1.0
all,0.0700,wor-active,514,0.02751670777797699,1.0
all,0.0700,wor-uniform,514,0.033355116844177246,1.0
all,0.0700,wor-active,515,0.02623116970062256,1.0
all,0.0700,wor-uniform,515,0.03329348564147949,1.0
all,0.0700,wor-active,516,0.026888668537139893,1.0
all,0.0700,wor-uniform,516,0.029638662934303284,1.0
all,0.0700,wor-active,517,0.03018510341644287,1.0
all,0.0700,wor-uniform,517,0.03030361235141754,1.0
all,0.0700,wor-active,518,0.028848901391029358,1.0
all,0.0700,wor-uniform,518,0.03416097164154053,0.0
all,0.0700,wor-active,519,0.029757335782051086,1.0
all,0.0700,wor-uniform,519,0.03190332651138306,1.0
all,0.0700,wor-active,520,0.029010996222496033,1.0
all,0.0700,wor-uniform,520,0.03299252688884735,1.0
all,0.0700,wor-active,521,0.02658359706401825,1.0
all,0.0700,wor-uniform,521,0.03062404692173004,1.0
all,0.0700,wor-active,522,0.029328569769859314,1.0
all,0.0700,wor-uniform,522,0.03182901442050934,1.0
all,0.0700,wor-active,523,0.02873559296131134,1.0
all,0.0700,wor-uniform,523,0.03253328800201416,1.0
all,0.0700,wor-active,524,0.030272960662841797,1.0
all,0.0700,wor-uniform,524,0.031621694564819336,1.0
all,0.0700,wor-active,525,0.027148202061653137,1.0
all,0.0700,wor-uniform,525,0.031101465225219727,1.0
all,0.0700,wor-active,526,0.02692413330078125,1.0
all,0.0700,wor-uniform,526,0.03051336109638214,1.0
all,0.0700,wor-active,527,0.02973461151123047,1.0
all,0.0700,wor-uniform,527,0.03236132860183716,1.0
all,0.0700,wor-active,528,0.030216753482818604,1.0
all,0.0700,wor-uniform,528,0.030760779976844788,1.0
all,0.0700,wor-active,529,0.03186190128326416,1.0
all,0.0700,wor-uniform,529,0.033876001834869385,1.0
all,0.0700,wor-active,530,0.027539566159248352,1.0
all,0.0700,wor-uniform,530,0.03183664381504059,1.0
all,0.0700,wor-active,531,0.028408482670783997,1.0
all,0.0700,wor-uniform,531,0.0329708606004715,1.0
all,0.0700,wor-active,532,0.029224470257759094,1.0
all,0.0700,wor-uniform,532,0.03110659122467041,1.0
all,0.0700,wor-active,533,0.031199336051940918,1.0
all,0.0700,wor-uniform,533,0.03315545618534088,1.0
all,0.0700,wor-active,534,0.02816593647003174,1.0
all,0.0700,wor-uniform,534,0.03264057636260986,1.0
all,0.0700,wor-active,535,0.03158068656921387,0.0
all,0.0700,wor-uniform,535,0.031921058893203735,1.0
all,0.0700,wor-active,536,0.02702973783016205,1.0
all,0.0700,wor-uniform,536,0.03197106719017029,1.0
all,0.0700,wor-active,537,0.029898807406425476,1.0
all,0.0700,wor-uniform,537,0.03335994482040405,1.0
all,0.0700,wor-active,538,0.02831690013408661,1.0
all,0.0700,wor-uniform,538,0.03243577480316162,1.0
all,0.0700,wor-active,539,0.02944265305995941,1.0
all,0.0700,wor-uniform,539,0.03264707326889038,1.0
all,0.0700,wor-active,540,0.02742062509059906,0.0
all,0.0700,wor-uniform,540,0.03402668237686157,1.0
all,0.0700,wor-active,541,0.0282774418592453,1.0
all,0.0700,wor-uniform,541,0.03331233561038971,1.0
all,0.0700,wor-active,542,0.027163386344909668,1.0
all,0.0700,wor-uniform,542,0.029895782470703125,1.0
all,0.0700,wor-active,543,0.03025396168231964,1.0
all,0.0700,wor-uniform,543,0.03281897306442261,1.0
all,0.0700,wor-active,544,0.02905718982219696,1.0
all,0.0700,wor-uniform,544,0.03347848355770111,1.0
all,0.0700,wor-active,545,0.029956161975860596,1.0
all,0.0700,wor-uniform,545,0.030726969242095947,1.0
all,0.0700,wor-active,546,0.029106199741363525,1.0
all,0.0700,wor-uniform,546,0.03228498995304108,1.0
all,0.0700,wor-active,547,0.0279732346534729,1.0
all,0.0700,wor-uniform,547,0.03403210639953613,1.0
all,0.0700,wor-active,548,0.02974754571914673,1.0
all,0.0700,wor-uniform,548,0.03229732811450958,1.0
all,0.0700,wor-active,549,0.02953392267227173,1.0
all,0.0700,wor-uniform,549,0.03284125030040741,1.0
all,0.0700,wor-active,550,0.03053586184978485,1.0
all,0.0700,wor-uniform,550,0.033345937728881836,1.0
all,0.0700,wor-active,551,0.029699623584747314,1.0
all,0.0700,wor-uniform,551,0.03167437016963959,1.0
all,0.0700,wor-active,552,0.02991718053817749,1.0
all,0.0700,wor-uniform,552,0.032901227474212646,1.0
all,0.0700,wor-active,553,0.026723861694335938,1.0
all,0.0700,wor-uniform,553,0.034047290682792664,1.0
all,0.0700,wor-active,554,0.028005480766296387,1.0
all,0.0700,wor-uniform,554,0.03241604566574097,1.0
all,0.0700,wor-active,555,0.028727278113365173,1.0
all,0.0700,wor-uniform,555,0.03047071397304535,1.0
all,0.0700,wor-active,556,0.029308021068572998,1.0
all,0.0700,wor-uniform,556,0.032308220863342285,0.0
all,0.0700,wor-active,557,0.02893739938735962,1.0
all,0.0700,wor-uniform,557,0.032378435134887695,1.0
all,0.0700,wor-active,558,0.029360532760620117,1.0
all,0.0700,wor-uniform,558,0.03281889855861664,1.0
all,0.0700,wor-active,559,0.03064286708831787,1.0
all,0.0700,wor-uniform,559,0.02926035225391388,1.0
all,0.0700,wor-active,560,0.029362455010414124,1.0
all,0.0700,wor-uniform,560,0.030053675174713135,1.0
all,0.0700,wor-active,561,0.029347717761993408,1.0
all,0.0700,wor-uniform,561,0.03373461961746216,1.0
all,0.0700,wor-active,562,0.02906353771686554,1.0
all,0.0700,wor-uniform,562,0.03365667164325714,1.0
all,0.0700,wor-active,563,0.030043378472328186,1.0
all,0.0700,wor-uniform,563,0.0319095253944397,1.0
all,0.0700,wor-active,564,0.02855689823627472,1.0
all,0.0700,wor-uniform,564,0.030653059482574463,1.0
all,0.0700,wor-active,565,0.02928060293197632,1.0
all,0.0700,wor-uniform,565,0.03177976608276367,1.0
all,0.0700,wor-active,566,0.0290030837059021,1.0
all,0.0700,wor-uniform,566,0.03181426227092743,1.0
all,0.0700,wor-active,567,0.025695860385894775,1.0
all,0.0700,wor-uniform,567,0.03297513723373413,1.0
all,0.0700,wor-active,568,0.028119519352912903,1.0
all,0.0700,wor-uniform,568,0.03285104036331177,1.0
all,0.0700,wor-active,569,0.028023481369018555,1.0
all,0.0700,wor-uniform,569,0.033990517258644104,1.0
all,0.0700,wor-active,570,0.026226043701171875,1.0
all,0.0700,wor-uniform,570,0.031466782093048096,1.0
all,0.0700,wor-active,571,0.03024214506149292,1.0
all,0.0700,wor-uniform,571,0.031796813011169434,1.0
all,0.0700,wor-active,572,0.028187572956085205,1.0
all,0.0700,wor-uniform,572,0.033179402351379395,1.0
all,0.0700,wor-active,573,0.028497979044914246,0.0
all,0.0700,wor-uniform,573,0.031782329082489014,1.0
all,0.0700,wor-active,574,0.02992860972881317,1.0
all,0.0700,wor-uniform,574,0.031219124794006348,1.0
all,0.0700,wor-active,575,0.028596147894859314,1.0
all,0.0700,wor-uniform,575,0.03189367055892944,1.0
all,0.0700,wor-active,576,0.028961315751075745,1.0
all,0.0700,wor-uniform,576,0.032201215624809265,1.0
all,0.0700,wor-active,577,0.030202627182006836,1.0
all,0.0700,wor-uniform,577,0.031110301613807678,1.0
all,0.0700,wor-active,578,0.027569234371185303,1.0
all,0.0700,wor-uniform,578,0.034010156989097595,1.0
all,0.0700,wor-active,579,0.028910979628562927,1.0
all,0.0700,wor-uniform,579,0.032260775566101074,1.0
all,0.0700,wor-active,580,0.02940213680267334,1.0
all,0.0700,wor-uniform,580,0.032688483595848083,1.0
all,0.0700,wor-active,581,0.02838246524333954,1.0
all,0.0700,wor-uniform,581,0.031438469886779785,1.0
all,0.0700,wor-active,582,0.02796381711959839,1.0
all,0.0700,wor-uniform,582,0.031386494636535645,1.0
all,0.0700,wor-active,583,0.030881643295288086,1.0
all,0.0700,wor-uniform,583,0.03237557411193848,1.0
all,0.0700,wor-active,584,0.02657473087310791,1.0
all,0.0700,wor-uniform,584,0.032463014125823975,1.0
all,0.0700,wor-active,585,0.031809091567993164,1.0
all,0.0700,wor-uniform,585,0.03295964002609253,1.0
all,0.0700,wor-active,586,0.027298331260681152,1.0
all,0.0700,wor-uniform,586,0.03351682424545288,1.0
all,0.0700,wor-active,587,0.029861077666282654,1.0
all,0.0700,wor-uniform,587,0.03177283704280853,1.0
all,0.0700,wor-active,588,0.030476093292236328,1.0
all,0.0700,wor-uniform,588,0.03132146596908569,1.0
all,0.0700,wor-active,589,0.030124783515930176,1.0
all,0.0700,wor-uniform,589,0.032283008098602295,1.0
all,0.0700,wor-active,590,0.027051210403442383,1.0
all,0.0700,wor-uniform,590,0.032848700881004333,1.0
all,0.0700,wor-active,591,0.02930617332458496,1.0
all,0.0700,wor-uniform,591,0.03197348117828369,1.0
all,0.0700,wor-active,592,0.02789585292339325,1.0
all,0.0700,wor-uniform,592,0.03322598338127136,1.0
all,0.0700,wor-active,593,0.031123220920562744,1.0
all,0.0700,wor-uniform,593,0.031300127506256104,1.0
all,0.0700,wor-active,594,0.027691349387168884,1.0
all,0.0700,wor-uniform,594,0.03246523439884186,1.0
all,0.0700,wor-active,595,0.031104743480682373,1.0
all,0.0700,wor-uniform,595,0.03331585228443146,1.0
all,0.0700,wor-active,596,0.03344494104385376,1.0
all,0.0700,wor-uniform,596,0.030814632773399353,1.0
all,0.0700,wor-active,597,0.02769184112548828,0.0
all,0.0700,wor-uniform,597,0.032945528626441956,1.0
all,0.0700,wor-active,598,0.029424726963043213,1.0
all,0.0700,wor-uniform,598,0.03321570158004761,1.0
all,0.0700,wor-active,599,0.028059199452400208,1.0
all,0.0700,wor-uniform,599,0.03335052728652954,1.0
all,0.0700,wor-active,600,0.02937828004360199,1.0
all,0.0700,wor-uniform,600,0.03244858980178833,1.0
all,0.0700,wor-active,601,0.030361831188201904,1.0
all,0.0700,wor-uniform,601,0.032274067401885986,1.0
all,0.0700,wor-active,602,0.030832424759864807,1.0
all,0.0700,wor-uniform,602,0.03343075513839722,1.0
all,0.0700,wor-active,603,0.028012454509735107,1.0
all,0.0700,wor-uniform,603,0.033629536628723145,1.0
all,0.0700,wor-active,604,0.0304642915725708,1.0
all,0.0700,wor-uniform,604,0.034914612770080566,1.0
all,0.0700,wor-active,605,0.02731645107269287,1.0
all,0.0700,wor-uniform,605,0.03320145606994629,1.0
all,0.0700,wor-active,606,0.03139197826385498,1.0
all,0.0700,wor-uniform,606,0.03324033319950104,1.0
all,0.0700,wor-active,607,0.031288981437683105,1.0
all,0.0700,wor-uniform,607,0.03257101774215698,1.0
all,0.0700,wor-active,608,0.027684926986694336,1.0
all,0.0700,wor-uniform,608,0.03225143253803253,1.0
all,0.0700,wor-active,609,0.02893763780593872,1.0
all,0.0700,wor-uniform,609,0.03215347230434418,1.0
all,0.0700,wor-active,610,0.02646106481552124,1.0
all,0.0700,wor-uniform,610,0.03181380033493042,1.0
all,0.0700,wor-active,611,0.029604196548461914,1.0
all,0.0700,wor-uniform,611,0.03253871202468872,1.0
all,0.0700,wor-active,612,0.027022242546081543,1.0
all,0.0700,wor-uniform,612,0.03136199712753296,1.0
all,0.0700,wor-active,613,0.028505384922027588,1.0
all,0.0700,wor-uniform,613,0.03282889723777771,1.0
all,0.0700,wor-active,614,0.028333142399787903,1.0
all,0.0700,wor-uniform,614,0.03151404857635498,1.0
all,0.0700,wor-active,615,0.030652999877929688,1.0
all,0.0700,wor-uniform,615,0.03172522783279419,1.0
all,0.0700,wor-active,616,0.029607996344566345,1.0
all,0.0700,wor-uniform,616,0.032169610261917114,0.0
all,0.0700,wor-active,617,0.029398024082183838,1.0
all,0.0700,wor-uniform,617,0.032860755920410156,1.0
all,0.0700,wor-active,618,0.028483867645263672,1.0
all,0.0700,wor-uniform,618,0.03246837854385376,1.0
all,0.0700,wor-active,619,0.029201865196228027,1.0
all,0.0700,wor-uniform,619,0.03338778018951416,1.0
all,0.0700,wor-active,620,0.027104735374450684,1.0
all,0.0700,wor-uniform,620,0.03212721645832062,1.0
all,0.0700,wor-active,621,0.03137804567813873,1.0
all,0.0700,wor-uniform,621,0.032250016927719116,1.0
all,0.0700,wor-active,622,0.0294150710105896,1.0
all,0.0700,wor-uniform,622,0.03132791817188263,1.0
all,0.0700,wor-active,623,0.02761632204055786,1.0
all,0.0700,wor-uniform,623,0.03226041793823242,1.0
all,0.0700,wor-active,624,0.02670125663280487,1.0
all,0.0700,wor-uniform,624,0.03508096933364868,0.0
all,0.0700,wor-active,625,0.027864471077919006,1.0
all,0.0700,wor-uniform,625,0.03156329691410065,1.0
all,0.0700,wor-active,626,0.03051246702671051,1.0
all,0.0700,wor-uniform,626,0.031001687049865723,1.0
all,0.0700,wor-active,627,0.02904289960861206,1.0
all,0.0700,wor-uniform,627,0.032436251640319824,1.0
all,0.0700,wor-active,628,0.03039395809173584,1.0
all,0.0700,wor-uniform,628,0.0322684645652771,1.0
all,0.0700,wor-active,629,0.026895523071289062,1.0
all,0.0700,wor-uniform,629,0.03395503759384155,1.0
all,0.0700,wor-active,630,0.029027104377746582,1.0
all,0.0700,wor-uniform,630,0.0329580157995224,1.0
all,0.0700,wor-active,631,0.026291683316230774,1.0
all,0.0700,wor-uniform,631,0.03299880027770996,1.0
all,0.0700,wor-active,632,0.027608409523963928,1.0
all,0.0700,wor-uniform,632,0.03339731693267822,1.0
all,0.0700,wor-active,633,0.029498636722564697,1.0
all,0.0700,wor-uniform,633,0.0325780063867569,1.0
all,0.0700,wor-active,634,0.0281638503074646,1.0
all,0.0700,wor-uniform,634,0.031427979469299316,1.0
all,0.0700,wor-active,635,0.028798818588256836,1.0
all,0.0700,wor-uniform,635,0.03351014852523804,1.0
all,0.0700,wor-active,636,0.029816940426826477,1.0
all,0.0700,wor-uniform,636,0.030524268746376038,1.0
all,0.0700,wor-active,637,0.029905498027801514,1.0
all,0.0700,wor-uniform,637,0.033657610416412354,1.0
all,0.0700,wor-active,638,0.028720661997795105,1.0
all,0.0700,wor-uniform,638,0.0333021879196167,1.0
all,0.0700,wor-active,639,0.027785181999206543,1.0
all,0.0700,wor-uniform,639,0.03484781086444855,1.0
all,0.0700,wor-active,640,0.029506921768188477,1.0
all,0.0700,wor-uniform,640,0.03182123601436615,1.0
all,0.0700,wor-active,641,0.03070235252380371,1.0
all,0.0700,wor-uniform,641,0.032013773918151855,1.0
all,0.0700,wor-active,642,0.029808104038238525,1.0
all,0.0700,wor-uniform,642,0.03067035973072052,1.0
all,0.0700,wor-active,643,0.03109884262084961,1.0
all,0.0700,wor-uniform,643,0.03170466423034668,1.0
all,0.0700,wor-active,644,0.026758089661598206,1.0
all,0.0700,wor-uniform,644,0.030726581811904907,1.0
all,0.0700,wor-active,645,0.028020501136779785,1.0
all,0.0700,wor-uniform,645,0.03266429901123047,1.0
all,0.0700,wor-active,646,0.027837157249450684,1.0
all,0.0700,wor-uniform,646,0.031925976276397705,1.0
all,0.0700,wor-active,647,0.029329240322113037,1.0
all,0.0700,wor-uniform,647,0.03249603509902954,1.0
all,0.0700,wor-active,648,0.027932047843933105,1.0
all,0.0700,wor-uniform,648,0.032205045223236084,1.0
all,0.0700,wor-active,649,0.02779984474182129,1.0
all,0.0700,wor-uniform,649,0.031414151191711426,1.0
all,0.0700,wor-active,650,0.030231058597564697,1.0
all,0.0700,wor-uniform,650,0.0312536358833313,1.0
all,0.0700,wor-active,651,0.031004369258880615,1.0
all,0.0700,wor-uniform,651,0.03270798921585083,0.0
all,0.0700,wor-active,652,0.029658913612365723,1.0
all,0.0700,wor-uniform,652,0.03127752244472504,1.0
all,0.0700,wor-active,653,0.029261425137519836,1.0
all,0.0700,wor-uniform,653,0.03157621622085571,1.0
all,0.0700,wor-active,654,0.030638456344604492,1.0
all,0.0700,wor-uniform,654,0.031918421387672424,1.0
all,0.0700,wor-active,655,0.027897104620933533,1.0
all,0.0700,wor-uniform,655,0.03182585537433624,1.0
all,0.0700,wor-active,656,0.028200149536132812,1.0
all,0.0700,wor-uniform,656,0.03370708227157593,1.0
all,0.0700,wor-active,657,0.03228938579559326,1.0
all,0.0700,wor-uniform,657,0.032784417271614075,1.0
all,0.0700,wor-active,658,0.0268545001745224,1.0
all,0.0700,wor-uniform,658,0.03175739943981171,0.0
all,0.0700,wor-active,659,0.029309213161468506,1.0
all,0.0700,wor-uniform,659,0.0347672700881958,0.0
all,0.0700,wor-active,660,0.02690887451171875,1.0
all,0.0700,wor-uniform,660,0.033095598220825195,1.0
all,0.0700,wor-active,661,0.031761884689331055,1.0
all,0.0700,wor-uniform,661,0.03284323215484619,1.0
all,0.0700,wor-active,662,0.028793811798095703,1.0
all,0.0700,wor-uniform,662,0.03188152611255646,1.0
all,0.0700,wor-active,663,0.028619825839996338,1.0
all,0.0700,wor-uniform,663,0.03237330913543701,1.0
all,0.0700,wor-active,664,0.029151558876037598,1.0
all,0.0700,wor-uniform,664,0.03261305391788483,0.0
all,0.0700,wor-active,665,0.02703283727169037,0.0
all,0.0700,wor-uniform,665,0.032276004552841187,1.0
all,0.0800,wor-active,333,0.02661377191543579,1.0
all,0.0800,wor-uniform,333,0.031739428639411926,1.0
all,0.0800,wor-active,334,0.02694183588027954,1.0
all,0.0800,wor-uniform,334,0.028554171323776245,0.0
all,0.0800,wor-active,335,0.02658921480178833,1.0
all,0.0800,wor-uniform,335,0.02982085943222046,1.0
all,0.0800,wor-active,336,0.0281030535697937,1.0
all,0.0800,wor-uniform,336,0.030302107334136963,1.0
all,0.0800,wor-active,337,0.024866655468940735,1.0
all,0.0800,wor-uniform,337,0.029528915882110596,1.0
all,0.0800,wor-active,338,0.028825879096984863,1.0
all,0.0800,wor-uniform,338,0.030920743942260742,1.0
all,0.0800,wor-active,339,0.02970021963119507,1.0
all,0.0800,wor-uniform,339,0.029461681842803955,1.0
all,0.0800,wor-active,340,0.02651083469390869,1.0
all,0.0800,wor-uniform,340,0.030234992504119873,1.0
all,0.0800,wor-active,341,0.02721978724002838,1.0
all,0.0800,wor-uniform,341,0.03059394657611847,1.0
all,0.0800,wor-active,342,0.02622389793395996,1.0
all,0.0800,wor-uniform,342,0.029951751232147217,1.0
all,0.0800,wor-active,343,0.024953454732894897,1.0
all,0.0800,wor-uniform,343,0.028482019901275635,0.0
all,0.0800,wor-active,344,0.024826407432556152,1.0
all,0.0800,wor-uniform,344,0.03017587959766388,1.0
all,0.0800,wor-active,345,0.02672809362411499,1.0
all,0.0800,wor-uniform,345,0.03128570318222046,1.0
all,0.0800,wor-active,346,0.02819645404815674,1.0
all,0.0800,wor-uniform,346,0.0290234237909317,1.0
all,0.0800,wor-active,347,0.02760976552963257,1.0
all,0.0800,wor-uniform,347,0.0298345685005188,1.0
all,0.0800,wor-active,348,0.02606119215488434,1.0
all,0.0800,wor-uniform,348,0.03117525577545166,1.0
all,0.0800,wor-active,349,0.023508593440055847,1.0
all,0.0800,wor-uniform,349,0.02982141077518463,1.0
all,0.0800,wor-active,350,0.029518350958824158,1.0
all,0.0800,wor-uniform,350,0.0288659930229187,1.0
all,0.0800,wor-active,351,0.02729344367980957,1.0
all,0.0800,wor-uniform,351,0.03001415729522705,1.0
all,0.0800,wor-active,352,0.02709406614303589,0.0
all,0.0800,wor-uniform,352,0.030402183532714844,1.0
all,0.0800,wor-active,353,0.026347696781158447,1.0
all,0.0800,wor-uniform,353,0.028949737548828125,1.0
all,0.0800,wor-active,354,0.026259437203407288,1.0
all,0.0800,wor-uniform,354,0.028978630900382996,1.0
all,0.0800,wor-active,355,0.02622784674167633,1.0
all,0.0800,wor-uniform,355,0.030503764748573303,1.0
all,0.0800,wor-active,356,0.029155611991882324,0.0
all,0.0800,wor-uniform,356,0.03129446506500244,1.0
all,0.0800,wor-active,357,0.02649909257888794,1.0
all,0.0800,wor-uniform,357,0.031879544258117676,0.0
all,0.0800,wor-active,358,0.0254373699426651,1.0
all,0.0800,wor-uniform,358,0.031277596950531006,1.0
all,0.0800,wor-active,359,0.025361239910125732,1.0
all,0.0800,wor-uniform,359,0.02957308292388916,1.0
all,0.0800,wor-active,360,0.027998268604278564,1.0
all,0.0800,wor-uniform,360,0.03064495325088501,1.0
all,0.0800,wor-active,361,0.02547621726989746,1.0
all,0.0800,wor-uniform,361,0.029862940311431885,1.0
all,0.0800,wor-active,362,0.02638433873653412,1.0
all,0.0800,wor-uniform,362,0.03130483627319336,1.0
all,0.0800,wor-active,363,0.025741055607795715,1.0
all,0.0800,wor-uniform,363,0.03063081204891205,1.0
all,0.0800,wor-active,364,0.027366697788238525,1.0
all,0.0800,wor-uniform,364,0.031184986233711243,1.0
all,0.0800,wor-active,365,0.027381598949432373,1.0
all,0.0800,wor-uniform,365,0.030827954411506653,1.0
all,0.0800,wor-active,366,0.02646680176258087,1.0
all,0.0800,wor-uniform,366,0.030396416783332825,1.0
all,0.0800,wor-active,367,0.025805190205574036,1.0
all,0.0800,wor-uniform,367,0.02898392081260681,1.0
all,0.0800,wor-active,368,0.02797490358352661,1.0
all,0.0800,wor-uniform,368,0.030424952507019043,0.0
all,0.0800,wor-active,369,0.02666574716567993,1.0
all,0.0800,wor-uniform,369,0.029659569263458252,1.0
all,0.0800,wor-active,370,0.02805362641811371,1.0
all,0.0800,wor-uniform,370,0.029304325580596924,1.0
all,0.0800,wor-active,371,0.02668827772140503,1.0
all,0.0800,wor-uniform,371,0.03192245960235596,1.0
all,0.0800,wor-active,372,0.02886432409286499,1.0
all,0.0800,wor-uniform,372,0.029441460967063904,1.0
all,0.0800,wor-active,373,0.027054712176322937,1.0
all,0.0800,wor-uniform,373,0.0307779461145401,1.0
all,0.0800,wor-active,374,0.025119289755821228,1.0
all,0.0800,wor-uniform,374,0.02932000160217285,1.0
all,0.0800,wor-active,375,0.02618962526321411,1.0
all,0.0800,wor-uniform,375,0.029961392283439636,1.0
all,0.0800,wor-active,376,0.02664509415626526,1.0
all,0.0800,wor-uniform,376,0.029858052730560303,1.0
all,0.0800,wor-active,377,0.029621899127960205,1.0
all,0.0800,wor-uniform,377,0.030343234539031982,1.0
all,0.0800,wor-active,378,0.029114961624145508,1.0
all,0.0800,wor-uniform,378,0.02918495237827301,1.0
all,0.0800,wor-active,379,0.023615598678588867,1.0
all,0.0800,wor-uniform,379,0.03106696903705597,1.0
all,0.0800,wor-active,380,0.028304636478424072,1.0
all,0.0800,wor-uniform,380,0.030264779925346375,1.0
all,0.0800,wor-active,381,0.02701115608215332,1.0
all,0.0800,wor-uniform,381,0.03017866611480713,1.0
all,0.0800,wor-active,382,0.02809731662273407,1.0
all,0.0800,wor-uniform,382,0.031005501747131348,1.0
all,0.0800,wor-active,383,0.02697671949863434,1.0
all,0.0800,wor-uniform,383,0.031461700797080994,1.0
all,0.0800,wor-active,384,0.02615952491760254,1.0
all,0.0800,wor-uniform,384,0.028742864727973938,0.0
all,0.0800,wor-active,385,0.027137354016304016,1.0
all,0.0800,wor-uniform,385,0.030229613184928894,1.0
all,0.0800,wor-active,386,0.029461562633514404,1.0
all,0.0800,wor-uniform,386,0.031947553157806396,1.0
all,0.0800,wor-active,387,0.02610558271408081,1.0
all,0.0800,wor-uniform,387,0.030369579792022705,1.0
all,0.0800,wor-active,388,0.026494324207305908,1.0
all,0.0800,wor-uniform,388,0.0292271226644516,1.0
all,0.0800,wor-active,389,0.02522580325603485,1.0
all,0.0800,wor-uniform,389,0.028987184166908264,1.0
all,0.0800,wor-active,390,0.026633024215698242,1.0
all,0.0800,wor-uniform,390,0.03177917003631592,1.0
all,0.0800,wor-active,391,0.026780366897583008,1.0
all,0.0800,wor-uniform,391,0.03076845407485962,1.0
all,0.0800,wor-active,392,0.027282238006591797,1.0
all,0.0800,wor-uniform,392,0.02984720468521118,1.0
all,0.0800,wor-active,393,0.026800259947776794,1.0
all,0.0800,wor-uniform,393,0.030056104063987732,1.0
all,0.0800,wor-active,394,0.02769637107849121,1.0
all,0.0800,wor-uniform,394,0.029650047421455383,1.0
all,0.0800,wor-active,395,0.028007790446281433,1.0
all,0.0800,wor-uniform,395,0.02970050275325775,1.0
all,0.0800,wor-active,396,0.027504265308380127,1.0
all,0.0800,wor-uniform,396,0.03057199716567993,1.0
all,0.0800,wor-active,397,0.027363181114196777,1.0
all,0.0800,wor-uniform,397,0.029657676815986633,1.0
all,0.0800,wor-active,398,0.026740863919258118,1.0
all,0.0800,wor-uniform,398,0.028839603066444397,1.0
all,0.0800,wor-active,399,0.024236440658569336,0.0
all,0.0800,wor-uniform,399,0.03088541328907013,1.0
all,0.0800,wor-active,400,0.023297712206840515,1.0
all,0.0800,wor-uniform,400,0.02944198250770569,0.0
all,0.0800,wor-active,401,0.025972530245780945,1.0
all,0.0800,wor-uniform,401,0.030325010418891907,1.0
all,0.0800,wor-active,402,0.028428494930267334,0.0
all,0.0800,wor-uniform,402,0.030649006366729736,1.0
all,0.0800,wor-active,403,0.026984021067619324,1.0
all,0.0800,wor-uniform,403,0.028658270835876465,1.0
all,0.0800,wor-active,404,0.02584749460220337,1.0
all,0.0800,wor-uniform,404,0.029786258935928345,1.0
all,0.0800,wor-active,405,0.026103675365447998,1.0
all,0.0800,wor-uniform,405,0.03131932020187378,0.0
all,0.0800,wor-active,406,0.026881098747253418,1.0
all,0.0800,wor-uniform,406,0.031079545617103577,1.0
all,0.0800,wor-active,407,0.027651965618133545,1.0
all,0.0800,wor-uniform,407,0.029465794563293457,1.0
all,0.0800,wor-active,408,0.028253257274627686,1.0
all,0.0800,wor-uniform,408,0.031118586659431458,1.0
all,0.0800,wor-active,409,0.027416840195655823,1.0
all,0.0800,wor-uniform,409,0.029974952340126038,1.0
all,0.0800,wor-active,410,0.02532041072845459,1.0
all,0.0800,wor-uniform,410,0.03044569492340088,1.0
all,0.0800,wor-active,411,0.026481330394744873,1.0
all,0.0800,wor-uniform,411,0.029781028628349304,1.0
all,0.0800,wor-active,412,0.024626493453979492,1.0
all,0.0800,wor-uniform,412,0.030288711190223694,1.0
all,0.0800,wor-active,413,0.02751888334751129,0.0
all,0.0800,wor-uniform,413,0.030732274055480957,1.0
all,0.0800,wor-active,414,0.02619493007659912,1.0
all,0.0800,wor-uniform,414,0.030434563755989075,1.0
all,0.0800,wor-active,415,0.028601348400115967,1.0
all,0.0800,wor-uniform,415,0.02996145188808441,1.0
all,0.0800,wor-active,416,0.028391480445861816,1.0
all,0.0800,wor-uniform,416,0.029577434062957764,1.0
all,0.0800,wor-active,417,0.027738749980926514,1.0
all,0.0800,wor-uniform,417,0.029953420162200928,1.0
all,0.0800,wor-active,418,0.027823686599731445,1.0
all,0.0800,wor-uniform,418,0.029640257358551025,1.0
all,0.0800,wor-active,419,0.025358974933624268,1.0
all,0.0800,wor-uniform,419,0.030510947108268738,1.0
all,0.0800,wor-active,420,0.026118814945220947,1.0
all,0.0800,wor-uniform,420,0.029616817831993103,1.0
all,0.0800,wor-active,421,0.025013044476509094,1.0
all,0.0800,wor-uniform,421,0.03050374984741211,1.0
all,0.0800,wor-active,422,0.028744831681251526,1.0
all,0.0800,wor-uniform,422,0.030137673020362854,1.0
all,0.0800,wor-active,423,0.025097429752349854,1.0
all,0.0800,wor-uniform,423,0.03070169687271118,1.0
all,0.0800,wor-active,424,0.02680802345275879,1.0
all,0.0800,wor-uniform,424,0.030456900596618652,1.0
all,0.0800,wor-active,425,0.02875649929046631,1.0
all,0.0800,wor-uniform,425,0.02960313856601715,1.0
all,0.0800,wor-active,426,0.025736451148986816,1.0
all,0.0800,wor-uniform,426,0.030662119388580322,1.0
all,0.0800,wor-active,427,0.027223587036132812,1.0
all,0.0800,wor-uniform,427,0.03051435947418213,1.0
all,0.0800,wor-active,428,0.026799917221069336,1.0
all,0.0800,wor-uniform,428,0.030886873602867126,1.0
all,0.0800,wor-active,429,0.027984619140625,1.0
all,0.0800,wor-uniform,429,0.03091675043106079,1.0
all,0.0800,wor-active,430,0.026959598064422607,1.0
all,0.0800,wor-uniform,430,0.03114873170852661,1.0
all,0.0800,wor-active,431,0.025669574737548828,1.0
all,0.0800,wor-uniform,431,0.030074849724769592,1.0
all,0.0800,wor-active,432,0.02503986656665802,1.0
all,0.0800,wor-uniform,432,0.028885498642921448,1.0
all,0.0800,wor-active,433,0.023918285965919495,1.0
all,0.0800,wor-uniform,433,0.02948606014251709,1.0
all,0.0800,wor-active,434,0.0285443514585495,1.0
all,0.0800,wor-uniform,434,0.02888597548007965,1.0
all,0.0800,wor-active,435,0.026050090789794922,1.0
all,0.0800,wor-uniform,435,0.030125200748443604,1.0
all,0.0800,wor-active,436,0.028386473655700684,1.0
all,0.0800,wor-uniform,436,0.027850627899169922,1.0
all,0.0800,wor-active,437,0.027212023735046387,1.0
all,0.0800,wor-uniform,437,0.030830666422843933,1.0
all,0.0800,wor-active,438,0.026564836502075195,1.0
all,0.0800,wor-uniform,438,0.02968333661556244,1.0
all,0.0800,wor-active,439,0.02614733576774597,1.0
all,0.0800,wor-uniform,439,0.03133285045623779,1.0
all,0.0800,wor-active,440,0.026673361659049988,1.0
all,0.0800,wor-uniform,440,0.030205950140953064,1.0
all,0.0800,wor-active,441,0.028494849801063538,1.0
all,0.0800,wor-uniform,441,0.03083612024784088,1.0
all,0.0800,wor-active,442,0.028001785278320312,1.0
all,0.0800,wor-uniform,442,0.030365735292434692,0.0
all,0.0800,wor-active,443,0.025804102420806885,1.0
all,0.0800,wor-uniform,443,0.031107529997825623,1.0
all,0.0800,wor-active,444,0.02842158079147339,0.0
all,0.0800,wor-uniform,444,0.030939534306526184,1.0
all,0.0800,wor-active,445,0.025268077850341797,0.0
all,0.0800,wor-uniform,445,0.030030906200408936,1.0
all,0.0800,wor-active,446,0.027488350868225098,1.0
all,0.0800,wor-uniform,446,0.030549541115760803,1.0
all,0.0800,wor-active,447,0.02707231044769287,0.0
all,0.0800,wor-uniform,447,0.02978748083114624,1.0
all,0.0800,wor-active,448,0.02876560389995575,1.0
all,0.0800,wor-uniform,448,0.029483363032341003,1.0
all,0.0800,wor-active,449,0.02737601101398468,1.0
all,0.0800,wor-uniform,449,0.030314326286315918,1.0
all,0.0800,wor-active,450,0.02536720037460327,1.0
all,0.0800,wor-uniform,450,0.029924437403678894,1.0
all,0.0800,wor-active,451,0.024829208850860596,1.0
all,0.0800,wor-uniform,451,0.030754268169403076,1.0
all,0.0800,wor-active,452,0.026350438594818115,1.0
all,0.0800,wor-uniform,452,0.030917704105377197,1.0
all,0.0800,wor-active,453,0.025918662548065186,1.0
all,0.0800,wor-uniform,453,0.030424833297729492,1.0
all,0.0800,wor-active,454,0.02813589572906494,1.0
all,0.0800,wor-uniform,454,0.030668243765830994,1.0
all,0.0800,wor-active,455,0.025116965174674988,1.0
all,0.0800,wor-uniform,455,0.029385045170783997,1.0
all,0.0800,wor-active,456,0.028503164649009705,1.0
all,0.0800,wor-uniform,456,0.03088456392288208,1.0
all,0.0800,wor-active,457,0.026036560535430908,0.0
all,0.0800,wor-uniform,457,0.029995039105415344,1.0
all,0.0800,wor-active,458,0.028720557689666748,1.0
all,0.0800,wor-uniform,458,0.03046421706676483,1.0
all,0.0800,wor-active,459,0.027803465723991394,1.0
all,0.0800,wor-uniform,459,0.03196507692337036,1.0
all,0.0800,wor-active,460,0.030556082725524902,1.0
all,0.0800,wor-uniform,460,0.03142470121383667,1.0
all,0.0800,wor-active,461,0.02768145501613617,1.0
all,0.0800,wor-uniform,461,0.029180988669395447,1.0
all,0.0800,wor-active,462,0.026139214634895325,1.0
all,0.0800,wor-uniform,462,0.030640780925750732,1.0
all,0.0800,wor-active,463,0.026725709438323975,0.0
all,0.0800,wor-uniform,463,0.029168516397476196,0.0
all,0.0800,wor-active,464,0.025637105107307434,1.0
all,0.0800,wor-uniform,464,0.02881781756877899,1.0
all,0.0800,wor-active,465,0.027406036853790283,1.0
all,0.0800,wor-uniform,465,0.03049790859222412,1.0
all,0.0800,wor-active,466,0.02463388442993164,1.0
all,0.0800,wor-uniform,466,0.028903469443321228,1.0
all,0.0800,wor-active,467,0.027980268001556396,1.0
all,0.0800,wor-uniform,467,0.03153800964355469,1.0
all,0.0800,wor-active,468,0.028439700603485107,1.0
all,0.0800,wor-uniform,468,0.030269786715507507,1.0
all,0.0800,wor-active,469,0.024897843599319458,0.0
all,0.0800,wor-uniform,469,0.02990823984146118,1.0
all,0.0800,wor-active,470,0.02835714817047119,1.0
all,0.0800,wor-uniform,470,0.031243979930877686,1.0
all,0.0800,wor-active,471,0.026719868183135986,1.0
all,0.0800,wor-uniform,471,0.030774936079978943,1.0
all,0.0800,wor-active,472,0.02596721053123474,1.0
all,0.0800,wor-uniform,472,0.030197858810424805,1.0
all,0.0800,wor-active,473,0.025107398629188538,1.0
all,0.0800,wor-uniform,473,0.029463335871696472,1.0
all,0.0800,wor-active,474,0.027767837047576904,0.0
all,0.0800,wor-uniform,474,0.030267953872680664,1.0
all,0.0800,wor-active,475,0.027197420597076416,1.0
all,0.0800,wor-uniform,475,0.03025949001312256,1.0
all,0.0800,wor-active,476,0.027379393577575684,1.0
all,0.0800,wor-uniform,476,0.03049604594707489,1.0
all,0.0800,wor-active,477,0.025545179843902588,1.0
all,0.0800,wor-uniform,477,0.03080850839614868,1.0
all,0.0800,wor-active,478,0.024775207042694092,1.0
all,0.0800,wor-uniform,478,0.029891595244407654,0.0
all,0.0800,wor-active,479,0.025963857769966125,1.0
all,0.0800,wor-uniform,479,0.027840659022331238,0.0
all,0.0800,wor-active,480,0.027369141578674316,1.0
all,0.0800,wor-uniform,480,0.03044949471950531,1.0
all,0.0800,wor-active,481,0.0279732346534729,1.0
all,0.0800,wor-uniform,481,0.028370290994644165,0.0
all,0.0800,wor-active,482,0.027174577116966248,1.0
all,0.0800,wor-uniform,482,0.028842270374298096,1.0
all,0.0800,wor-active,483,0.02845054864883423,0.0
all,0.0800,wor-uniform,483,0.029730618000030518,1.0
all,0.0800,wor-active,484,0.02698761224746704,1.0
all,0.0800,wor-uniform,484,0.031158342957496643,1.0
all,0.0800,wor-active,485,0.02656160295009613,1.0
all,0.0800,wor-uniform,485,0.030398428440093994,1.0
all,0.0800,wor-active,486,0.02556765079498291,1.0
all,0.0800,wor-uniform,486,0.02913796901702881,1.0
all,0.0800,wor-active,487,0.026154696941375732,1.0
all,0.0800,wor-uniform,487,0.0305289626121521,1.0
all,0.0800,wor-active,488,0.026524841785430908,1.0
all,0.0800,wor-uniform,488,0.029065728187561035,1.0
all,0.0800,wor-active,489,0.028163477778434753,1.0
all,0.0800,wor-uniform,489,0.029748573899269104,1.0
all,0.0800,wor-active,490,0.02471284568309784,0.0
all,0.0800,wor-uniform,490,0.029988273978233337,1.0
all,0.0800,wor-active,491,0.02793651819229126,1.0
all,0.0800,wor-uniform,491,0.03086484968662262,1.0
all,0.0800,wor-active,492,0.0266684889793396,1.0
all,0.0800,wor-uniform,492,0.030067577958106995,1.0
all,0.0800,wor-active,493,0.027639523148536682,1.0
all,0.0800,wor-uniform,493,0.030820012092590332,1.0
all,0.0800,wor-active,494,0.02839253842830658,1.0
all,0.0800,wor-uniform,494,0.029256165027618408,1.0
all,0.0800,wor-active,495,0.02725428342819214,1.0
all,0.0800,wor-uniform,495,0.029129981994628906,1.0
all,0.0800,wor-active,496,0.026746273040771484,1.0
all,0.0800,wor-uniform,496,0.03017723560333252,1.0
all,0.0800,wor-active,497,0.024585992097854614,0.0
all,0.0800,wor-uniform,497,0.03066094219684601,1.0
all,0.0800,wor-active,498,0.027844607830047607,1.0
all,0.0800,wor-uniform,498,0.029155686497688293,0.0
all,0.0800,wor-active,499,0.025818467140197754,1.0
all,0.0800,wor-uniform,499,0.02981889247894287,1.0
all,0.0800,wor-active,500,0.025360167026519775,1.0
all,0.0800,wor-uniform,500,0.029925107955932617,1.0
all,0.0800,wor-active,501,0.02644425630569458,1.0
all,0.0800,wor-uniform,501,0.030726373195648193,1.0
all,0.0800,wor-active,502,0.02719348669052124,1.0
all,0.0800,wor-uniform,502,0.031358957290649414,1.0
all,0.0800,wor-active,503,0.02928052842617035,1.0
all,0.0800,wor-uniform,503,0.030869856476783752,1.0
all,0.0800,wor-active,504,0.02815258502960205,1.0
all,0.0800,wor-uniform,504,0.030636906623840332,1.0
all,0.0800,wor-active,505,0.025909066200256348,1.0
all,0.0800,wor-uniform,505,0.030377745628356934,1.0
all,0.0800,wor-active,506,0.027550026774406433,1.0
all,0.0800,wor-uniform,506,0.029879137873649597,1.0
all,0.0800,wor-active,507,0.028605282306671143,1.0
all,0.0800,wor-uniform,507,0.03143829107284546,1.0
all,0.0800,wor-active,508,0.02804724872112274,1.0
all,0.0800,wor-uniform,508,0.03220181167125702,1.0
all,0.0800,wor-active,509,0.026563093066215515,1.0
all,0.0800,wor-uniform,509,0.029632747173309326,1.0
all,0.0800,wor-active,510,0.02524210512638092,1.0
all,0.0800,wor-uniform,510,0.02983461320400238,1.0
all,0.0800,wor-active,511,0.026332572102546692,1.0
all,0.0800,wor-uniform,511,0.031018733978271484,1.0
all,0.0800,wor-active,512,0.026769697666168213,1.0
all,0.0800,wor-uniform,512,0.030072510242462158,1.0
all,0.0800,wor-active,513,0.026706799864768982,1.0
all,0.0800,wor-uniform,513,0.029600560665130615,1.0
all,0.0800,wor-active,514,0.02651280164718628,1.0
all,0.0800,wor-uniform,514,0.030278563499450684,1.0
all,0.0800,wor-active,515,0.02790123224258423,1.0
all,0.0800,wor-uniform,515,0.029890775680541992,1.0
all,0.0800,wor-active,516,0.025088533759117126,1.0
all,0.0800,wor-uniform,516,0.02999591827392578,1.0
all,0.0800,wor-active,517,0.02705712616443634,1.0
all,0.0800,wor-uniform,517,0.03044886887073517,1.0
all,0.0800,wor-active,518,0.027669668197631836,1.0
all,0.0800,wor-uniform,518,0.02919822931289673,1.0
all,0.0800,wor-active,519,0.026307135820388794,1.0
all,0.0800,wor-uniform,519,0.029680415987968445,1.0
all,0.0800,wor-active,520,0.024656057357788086,1.0
all,0.0800,wor-uniform,520,0.030483722686767578,1.0
all,0.0800,wor-active,521,0.026541948318481445,1.0
all,0.0800,wor-uniform,521,0.02981424331665039,1.0
all,0.0800,wor-active,522,0.026765167713165283,1.0
all,0.0800,wor-uniform,522,0.030631959438323975,1.0
all,0.0800,wor-active,523,0.027335062623023987,1.0
all,0.0800,wor-uniform,523,0.030943095684051514,1.0
all,0.0800,wor-active,524,0.02727322280406952,1.0
all,0.0800,wor-uniform,524,0.027863726019859314,1.0
all,0.0800,wor-active,525,0.025930941104888916,1.0
all,0.0800,wor-uniform,525,0.02877555787563324,0.0
all,0.0800,wor-active,526,0.025974571704864502,1.0
all,0.0800,wor-uniform,526,0.029688403010368347,1.0
all,0.0800,wor-active,527,0.02773141860961914,1.0
all,0.0800,wor-uniform,527,0.02963145077228546,1.0
all,0.0800,wor-active,528,0.025663718581199646,1.0
all,0.0800,wor-uniform,528,0.029845237731933594,1.0
all,0.0800,wor-active,529,0.02602696418762207,1.0
all,0.0800,wor-uniform,529,0.02913711965084076,1.0
all,0.0800,wor-active,530,0.02836465835571289,1.0
all,0.0800,wor-uniform,530,0.029716864228248596,1.0
all,0.0800,wor-active,531,0.027968034148216248,1.0
all,0.0800,wor-uniform,531,0.029751956462860107,0.0
all,0.0800,wor-active,532,0.02567453682422638,1.0
all,0.0800,wor-uniform,532,0.029631495475769043,1.0
all,0.0800,wor-active,533,0.0278119295835495,1.0
all,0.0800,wor-uniform,533,0.030389532446861267,1.0
all,0.0800,wor-active,534,0.02616138756275177,0.0
all,0.0800,wor-uniform,534,0.028571605682373047,1.0
all,0.0800,wor-active,535,0.02772103250026703,1.0
all,0.0800,wor-uniform,535,0.03010416030883789,1.0
all,0.0800,wor-active,536,0.027371808886528015,1.0
all,0.0800,wor-uniform,536,0.03077651560306549,1.0
all,0.0800,wor-active,537,0.027335286140441895,1.0
all,0.0800,wor-uniform,537,0.028628483414649963,1.0
all,0.0800,wor-active,538,0.030805110931396484,1.0
all,0.0800,wor-uniform,538,0.02944295108318329,1.0
all,0.0800,wor-active,539,0.026784658432006836,1.0
all,0.0800,wor-uniform,539,0.02973419427871704,0.0
all,0.0800,wor-active,540,0.026529252529144287,1.0
all,0.0800,wor-uniform,540,0.030920207500457764,1.0
all,0.0800,wor-active,541,0.027342915534973145,1.0
all,0.0800,wor-uniform,541,0.030227839946746826,1.0
all,0.0800,wor-active,542,0.027119532227516174,1.0
all,0.0800,wor-uniform,542,0.030634582042694092,1.0
all,0.0800,wor-active,543,0.027281522750854492,1.0
all,0.0800,wor-uniform,543,0.029069900512695312,1.0
all,0.0800,wor-active,544,0.027123749256134033,1.0
all,0.0800,wor-uniform,544,0.029755473136901855,1.0
all,0.0800,wor-active,545,0.02894127368927002,1.0
all,0.0800,wor-uniform,545,0.031136810779571533,1.0
all,0.0800,wor-active,546,0.02687525749206543,1.0
all,0.0800,wor-uniform,546,0.02928900718688965,1.0
all,0.0800,wor-active,547,0.02644824981689453,1.0
all,0.0800,wor-uniform,547,0.030092239379882812,1.0
all,0.0800,wor-active,548,0.026149094104766846,1.0
all,0.0800,wor-uniform,548,0.03014349937438965,1.0
all,0.0800,wor-active,549,0.02757352590560913,1.0
all,0.0800,wor-uniform,549,0.030307292938232422,1.0
all,0.0800,wor-active,550,0.027390584349632263,1.0
all,0.0800,wor-uniform,550,0.029799267649650574,1.0
all,0.0800,wor-active,551,0.027085259556770325,1.0
all,0.0800,wor-uniform,551,0.03035995364189148,0.0
all,0.0800,wor-active,552,0.026672378182411194,1.0
all,0.0800,wor-uniform,552,0.02907373011112213,1.0
all,0.0800,wor-active,553,0.02421487867832184,0.0
all,0.0800,wor-uniform,553,0.0304996520280838,1.0
all,0.0800,wor-active,554,0.025758415460586548,1.0
all,0.0800,wor-uniform,554,0.029874131083488464,1.0
all,0.0800,wor-active,555,0.030955612659454346,0.0
all,0.0800,wor-uniform,555,0.029721692204475403,1.0
all,0.0800,wor-active,556,0.026226311922073364,0.0
all,0.0800,wor-uniform,556,0.031320810317993164,1.0
all,0.0800,wor-active,557,0.026239559054374695,1.0
all,0.0800,wor-uniform,557,0.031924545764923096,1.0
all,0.0800,wor-active,558,0.02758924663066864,1.0
all,0.0800,wor-uniform,558,0.03130370378494263,1.0
all,0.0800,wor-active,559,0.02653294801712036,1.0
all,0.0800,wor-uniform,559,0.030352652072906494,1.0
all,0.0800,wor-active,560,0.02639251947402954,1.0
all,0.0800,wor-uniform,560,0.030266746878623962,1.0
all,0.0800,wor-active,561,0.027266323566436768,1.0
all,0.0800,wor-uniform,561,0.02943722903728485,1.0
all,0.0800,wor-active,562,0.02737945318222046,1.0
all,0.0800,wor-uniform,562,0.029266908764839172,1.0
all,0.0800,wor-active,563,0.027432799339294434,1.0
all,0.0800,wor-uniform,563,0.03117424249649048,1.0
all,0.0800,wor-active,564,0.027452826499938965,1.0
all,0.0800,wor-uniform,564,0.031012043356895447,1.0
all,0.0800,wor-active,565,0.026798725128173828,1.0
all,0.0800,wor-uniform,565,0.029859840869903564,1.0
all,0.0800,wor-active,566,0.025468647480010986,1.0
all,0.0800,wor-uniform,566,0.03151357173919678,1.0
all,0.0800,wor-active,567,0.025868594646453857,1.0
all,0.0800,wor-uniform,567,0.030379965901374817,1.0
all,0.0800,wor-active,568,0.029047787189483643,1.0
all,0.0800,wor-uniform,568,0.031779944896698,1.0
all,0.0800,wor-active,569,0.025471970438957214,1.0
all,0.0800,wor-uniform,569,0.03141099214553833,1.0
all,0.0800,wor-active,570,0.028298795223236084,1.0
all,0.0800,wor-uniform,570,0.029950380325317383,1.0
all,0.0800,wor-active,571,0.027788758277893066,1.0
all,0.0800,wor-uniform,571,0.03002995252609253,1.0
all,0.0800,wor-active,572,0.02667403221130371,1.0
all,0.0800,wor-uniform,572,0.030795171856880188,1.0
all,0.0800,wor-active,573,0.02590082585811615,1.0
all,0.0800,wor-uniform,573,0.02897810935974121,0.0
all,0.0800,wor-active,574,0.02490299940109253,0.0
all,0.0800,wor-uniform,574,0.03165680170059204,0.0
all,0.0800,wor-active,575,0.028409600257873535,0.0
all,0.0800,wor-uniform,575,0.031471848487854004,1.0
all,0.0800,wor-active,576,0.028981387615203857,1.0
all,0.0800,wor-uniform,576,0.03046603500843048,1.0
all,0.0800,wor-active,577,0.024762526154518127,0.0
all,0.0800,wor-uniform,577,0.028798982501029968,0.0
all,0.0800,wor-active,578,0.025383993983268738,1.0
all,0.0800,wor-uniform,578,0.03037172555923462,1.0
all,0.0800,wor-active,579,0.02438075840473175,1.0
all,0.0800,wor-uniform,579,0.03025059401988983,1.0
all,0.0800,wor-active,580,0.027111053466796875,1.0
all,0.0800,wor-uniform,580,0.029760941863059998,1.0
all,0.0800,wor-active,581,0.026468858122825623,1.0
all,0.0800,wor-uniform,581,0.02965068817138672,1.0
all,0.0800,wor-active,582,0.028296709060668945,1.0
all,0.0800,wor-uniform,582,0.03061807155609131,1.0
all,0.0800,wor-active,583,0.0259549617767334,1.0
all,0.0800,wor-uniform,583,0.031074196100234985,1.0
all,0.0800,wor-active,584,0.027339160442352295,1.0
all,0.0800,wor-uniform,584,0.031034231185913086,1.0
all,0.0800,wor-active,585,0.02592386305332184,1.0
all,0.0800,wor-uniform,585,0.03052198886871338,1.0
all,0.0800,wor-active,586,0.027590811252593994,1.0
all,0.0800,wor-uniform,586,0.02956479787826538,1.0
all,0.0800,wor-active,587,0.029684722423553467,1.0
all,0.0800,wor-uniform,587,0.029840096831321716,1.0
all,0.0800,wor-active,588,0.025251761078834534,1.0
all,0.0800,wor-uniform,588,0.028928712010383606,1.0
all,0.0800,wor-active,589,0.026083290576934814,1.0
all,0.0800,wor-uniform,589,0.03150361776351929,1.0
all,0.0800,wor-active,590,0.029856562614440918,1.0
all,0.0800,wor-uniform,590,0.02832704782485962,1.0
all,0.0800,wor-active,591,0.028112173080444336,0.0
all,0.0800,wor-uniform,591,0.029270291328430176,1.0
all,0.0800,wor-active,592,0.030262768268585205,1.0
all,0.0800,wor-uniform,592,0.03109760582447052,1.0
all,0.0800,wor-active,593,0.028187334537506104,1.0
all,0.0800,wor-uniform,593,0.030827030539512634,1.0
all,0.0800,wor-active,594,0.026772737503051758,1.0
all,0.0800,wor-uniform,594,0.029783666133880615,1.0
all,0.0800,wor-active,595,0.027540728449821472,1.0
all,0.0800,wor-uniform,595,0.030618295073509216,1.0
all,0.0800,wor-active,596,0.027057290077209473,1.0
all,0.0800,wor-uniform,596,0.02954542636871338,1.0
all,0.0800,wor-active,597,0.028829216957092285,1.0
all,0.0800,wor-uniform,597,0.029928982257843018,1.0
all,0.0800,wor-active,598,0.02825760841369629,1.0
all,0.0800,wor-uniform,598,0.03073585033416748,0.0
all,0.0800,wor-active,599,0.028675734996795654,1.0
all,0.0800,wor-uniform,599,0.029833391308784485,1.0
all,0.0800,wor-active,600,0.026405692100524902,1.0
all,0.0800,wor-uniform,600,0.030682265758514404,1.0
all,0.0800,wor-active,601,0.026084601879119873,0.0
all,0.0800,wor-uniform,601,0.029337003827095032,1.0
all,0.0800,wor-active,602,0.027699902653694153,1.0
all,0.0800,wor-uniform,602,0.030200332403182983,1.0
all,0.0800,wor-active,603,0.02710902690887451,1.0
all,0.0800,wor-uniform,603,0.02996361255645752,1.0
all,0.0800,wor-active,604,0.027353346347808838,1.0
all,0.0800,wor-uniform,604,0.02886117994785309,0.0
all,0.0800,wor-active,605,0.025950506329536438,1.0
all,0.0800,wor-uniform,605,0.030634745955467224,1.0
all,0.0800,wor-active,606,0.026097416877746582,1.0
all,0.0800,wor-uniform,606,0.028425201773643494,1.0
all,0.0800,wor-active,607,0.02960115671157837,1.0
all,0.0800,wor-uniform,607,0.031158968806266785,1.0
all,0.0800,wor-active,608,0.02667844295501709,1.0
all,0.0800,wor-uniform,608,0.02999436855316162,1.0
all,0.0800,wor-active,609,0.02497643232345581,1.0
all,0.0800,wor-uniform,609,0.029985785484313965,1.0
all,0.0800,wor-active,610,0.02560637891292572,1.0
all,0.0800,wor-uniform,610,0.030368804931640625,1.0
all,0.0800,wor-active,611,0.026105567812919617,1.0
all,0.0800,wor-uniform,611,0.02906481921672821,1.0
all,0.0800,wor-active,612,0.026484906673431396,1.0
all,0.0800,wor-uniform,612,0.028577372431755066,1.0
all,0.0800,wor-active,613,0.02716253697872162,1.0
all,0.0800,wor-uniform,613,0.03047330677509308,1.0
all,0.0800,wor-active,614,0.025376886129379272,0.0
all,0.0800,wor-uniform,614,0.030018210411071777,1.0
all,0.0800,wor-active,615,0.02793872356414795,1.0
all,0.0800,wor-uniform,615,0.031843364238739014,1.0
all,0.0800,wor-active,616,0.028677091002464294,1.0
all,0.0800,wor-uniform,616,0.03028237819671631,1.0
all,0.0800,wor-active,617,0.025794923305511475,0.0
all,0.0800,wor-uniform,617,0.02939128875732422,1.0
all,0.0800,wor-active,618,0.026045024394989014,1.0
all,0.0800,wor-uniform,618,0.03064495325088501,1.0
all,0.0800,wor-active,619,0.026518449187278748,1.0
all,0.0800,wor-uniform,619,0.02867133915424347,1.0
all,0.0800,wor-active,620,0.027163445949554443,1.0
all,0.0800,wor-uniform,620,0.030951380729675293,1.0
all,0.0800,wor-active,621,0.02855764329433441,1.0
all,0.0800,wor-uniform,621,0.030177906155586243,1.0
all,0.0800,wor-active,622,0.026937901973724365,0.0
all,0.0800,wor-uniform,622,0.03147488832473755,1.0
all,0.0800,wor-active,623,0.02588599920272827,1.0
all,0.0800,wor-uniform,623,0.0300796777009964,1.0
all,0.0800,wor-active,624,0.028594255447387695,1.0
all,0.0800,wor-uniform,624,0.02964794635772705,1.0
all,0.0800,wor-active,625,0.024796247482299805,1.0
all,0.0800,wor-uniform,625,0.03063225746154785,1.0
all,0.0800,wor-active,626,0.025124594569206238,1.0
all,0.0800,wor-uniform,626,0.030392423272132874,1.0
all,0.0800,wor-active,627,0.023933768272399902,1.0
all,0.0800,wor-uniform,627,0.028718173503875732,1.0
all,0.0800,wor-active,628,0.030969202518463135,1.0
all,0.0800,wor-uniform,628,0.030874356627464294,1.0
all,0.0800,wor-active,629,0.028984665870666504,1.0
all,0.0800,wor-uniform,629,0.03101813793182373,1.0
all,0.0800,wor-active,630,0.02780139446258545,1.0
all,0.0800,wor-uniform,630,0.0296199768781662,1.0
all,0.0800,wor-active,631,0.0283811092376709,1.0
all,0.0800,wor-uniform,631,0.03158235549926758,1.0
all,0.0800,wor-active,632,0.026688098907470703,1.0
all,0.0800,wor-uniform,632,0.03228963911533356,1.0
all,0.0800,wor-active,633,0.02620255947113037,1.0
all,0.0800,wor-uniform,633,0.02939438819885254,1.0
all,0.0800,wor-active,634,0.02917402982711792,1.0
all,0.0800,wor-uniform,634,0.030511677265167236,1.0
all,0.0800,wor-active,635,0.028821706771850586,1.0
all,0.0800,wor-uniform,635,0.030216291546821594,1.0
all,0.0800,wor-active,636,0.02860616147518158,1.0
all,0.0800,wor-uniform,636,0.030651390552520752,1.0
all,0.0800,wor-active,637,0.02391590178012848,1.0
all,0.0800,wor-uniform,637,0.030430540442466736,1.0
all,0.0800,wor-active,638,0.024376288056373596,1.0
all,0.0800,wor-uniform,638,0.028526663780212402,1.0
all,0.0800,wor-active,639,0.02453911304473877,1.0
all,0.0800,wor-uniform,639,0.029668033123016357,1.0
all,0.0800,wor-active,640,0.02607572078704834,1.0
all,0.0800,wor-uniform,640,0.02999180555343628,1.0
all,0.0800,wor-active,641,0.026503264904022217,1.0
all,0.0800,wor-uniform,641,0.03112424910068512,1.0
all,0.0800,wor-active,642,0.02814030647277832,1.0
all,0.0800,wor-uniform,642,0.03107750415802002,1.0
all,0.0800,wor-active,643,0.025155410170555115,0.0
all,0.0800,wor-uniform,643,0.02935604751110077,1.0
all,0.0800,wor-active,644,0.027026474475860596,1.0
all,0.0800,wor-uniform,644,0.03077884018421173,1.0
all,0.0800,wor-active,645,0.026815280318260193,1.0
all,0.0800,wor-uniform,645,0.03021061420440674,1.0
all,0.0800,wor-active,646,0.027820587158203125,1.0
all,0.0800,wor-uniform,646,0.031657397747039795,1.0
all,0.0800,wor-active,647,0.024686172604560852,1.0
all,0.0800,wor-uniform,647,0.03120112419128418,1.0
all,0.0800,wor-active,648,0.02825009822845459,1.0
all,0.0800,wor-uniform,648,0.028530776500701904,1.0
all,0.0800,wor-active,649,0.026890158653259277,1.0
all,0.0800,wor-uniform,649,0.030934572219848633,1.0
all,0.0800,wor-active,650,0.02866750955581665,1.0
all,0.0800,wor-uniform,650,0.028407081961631775,0.0
all,0.0800,wor-active,651,0.02659948170185089,1.0
all,0.0800,wor-uniform,651,0.029738515615463257,0.0
all,0.0800,wor-active,652,0.029474377632141113,0.0
all,0.0800,wor-uniform,652,0.02932029962539673,1.0
all,0.0800,wor-active,653,0.02701731026172638,1.0
all,0.0800,wor-uniform,653,0.030251145362854004,1.0
all,0.0800,wor-active,654,0.028913259506225586,0.0
all,0.0800,wor-uniform,654,0.031433939933776855,0.0
all,0.0800,wor-active,655,0.02712954580783844,1.0
all,0.0800,wor-uniform,655,0.030693352222442627,1.0
all,0.0800,wor-active,656,0.02436351776123047,1.0
all,0.0800,wor-uniform,656,0.03117971122264862,1.0
all,0.0800,wor-active,657,0.026683330535888672,1.0
all,0.0800,wor-uniform,657,0.030860066413879395,1.0
all,0.0800,wor-active,658,0.029377982020378113,1.0
all,0.0800,wor-uniform,658,0.030180811882019043,1.0
all,0.0800,wor-active,659,0.025010406970977783,1.0
all,0.0800,wor-uniform,659,0.030765950679779053,1.0
all,0.0800,wor-active,660,0.026234328746795654,1.0
all,0.0800,wor-uniform,660,0.029993176460266113,1.0
all,0.0800,wor-active,661,0.02774631977081299,1.0
all,0.0800,wor-uniform,661,0.03123563528060913,1.0
all,0.0800,wor-active,662,0.028746843338012695,1.0
all,0.0800,wor-uniform,662,0.029590055346488953,1.0
all,0.0800,wor-active,663,0.028442978858947754,1.0
all,0.0800,wor-uniform,663,0.030676722526550293,1.0
all,0.0800,wor-active,664,0.0278623104095459,1.0
all,0.0800,wor-uniform,664,0.028242826461791992,1.0
all,0.0800,wor-active,665,0.029637455940246582,1.0
all,0.0800,wor-uniform,665,0.029853641986846924,1.0
all,0.0900,wor-active,333,0.024597346782684326,1.0
all,0.0900,wor-uniform,333,0.02683168649673462,1.0
all,0.0900,wor-active,334,0.025607407093048096,1.0
all,0.0900,wor-uniform,334,0.02930271625518799,1.0
all,0.0900,wor-active,335,0.026321351528167725,1.0
all,0.0900,wor-uniform,335,0.028900980949401855,1.0
all,0.0900,wor-active,336,0.0244329571723938,1.0
all,0.0900,wor-uniform,336,0.02918875217437744,1.0
all,0.0900,wor-active,337,0.024353206157684326,1.0
all,0.0900,wor-uniform,337,0.027659252285957336,1.0
all,0.0900,wor-active,338,0.02317708730697632,1.0
all,0.0900,wor-uniform,338,0.028934121131896973,1.0
all,0.0900,wor-active,339,0.026392817497253418,1.0
all,0.0900,wor-uniform,339,0.028792962431907654,1.0
all,0.0900,wor-active,340,0.025690019130706787,1.0
all,0.0900,wor-uniform,340,0.028224050998687744,1.0
all,0.0900,wor-active,341,0.024021819233894348,1.0
all,0.0900,wor-uniform,341,0.02944725751876831,1.0
all,0.0900,wor-active,342,0.026307284832000732,1.0
all,0.0900,wor-uniform,342,0.028834044933319092,1.0
all,0.0900,wor-active,343,0.025113478302955627,1.0
all,0.0900,wor-uniform,343,0.028779923915863037,1.0
all,0.0900,wor-active,344,0.027435123920440674,0.0
all,0.0900,wor-uniform,344,0.02823460102081299,1.0
all,0.0900,wor-active,345,0.026265427470207214,1.0
all,0.0900,wor-uniform,345,0.02873176336288452,1.0
all,0.0900,wor-active,346,0.023523971438407898,0.0
all,0.0900,wor-uniform,346,0.02861684560775757,1.0
all,0.0900,wor-active,347,0.02525317668914795,1.0
all,0.0900,wor-uniform,347,0.027859926223754883,1.0
all,0.0900,wor-active,348,0.024297893047332764,1.0
all,0.0900,wor-uniform,348,0.02759586274623871,1.0
all,0.0900,wor-active,349,0.025777101516723633,1.0
all,0.0900,wor-uniform,349,0.028480008244514465,1.0
all,0.0900,wor-active,350,0.027286112308502197,0.0
all,0.0900,wor-uniform,350,0.028994083404541016,1.0
all,0.0900,wor-active,351,0.023828208446502686,1.0
all,0.0900,wor-uniform,351,0.029315948486328125,1.0
all,0.0900,wor-active,352,0.027460873126983643,1.0
all,0.0900,wor-uniform,352,0.028879478573799133,0.0
all,0.0900,wor-active,353,0.02635478973388672,1.0
all,0.0900,wor-uniform,353,0.02769617736339569,1.0
all,0.0900,wor-active,354,0.025076866149902344,1.0
all,0.0900,wor-uniform,354,0.027158081531524658,1.0
all,0.0900,wor-active,355,0.022087931632995605,1.0
all,0.0900,wor-uniform,355,0.02861732244491577,1.0
all,0.0900,wor-active,356,0.023578748106956482,1.0
all,0.0900,wor-uniform,356,0.027825891971588135,1.0
all,0.0900,wor-active,357,0.0238894522190094,0.0
all,0.0900,wor-uniform,357,0.027563512325286865,1.0
all,0.0900,wor-active,358,0.025028228759765625,1.0
all,0.0900,wor-uniform,358,0.028643250465393066,1.0
all,0.0900,wor-active,359,0.02556835114955902,1.0
all,0.0900,wor-uniform,359,0.028468012809753418,1.0
all,0.0900,wor-active,360,0.024997830390930176,1.0
all,0.0900,wor-uniform,360,0.028492853045463562,1.0
all,0.0900,wor-active,361,0.02591758966445923,1.0
all,0.0900,wor-uniform,361,0.029310405254364014,1.0
all,0.0900,wor-active,362,0.02747999131679535,1.0
all,0.0900,wor-uniform,362,0.027932703495025635,1.0
all,0.0900,wor-active,363,0.02533423900604248,1.0
all,0.0900,wor-uniform,363,0.02867823839187622,1.0
all,0.0900,wor-active,364,0.02556711435317993,1.0
all,0.0900,wor-uniform,364,0.02804851531982422,1.0
all,0.0900,wor-active,365,0.02800045907497406,1.0
all,0.0900,wor-uniform,365,0.028591454029083252,1.0
all,0.0900,wor-active,366,0.026681959629058838,1.0
all,0.0900,wor-uniform,366,0.028309166431427002,1.0
all,0.0900,wor-active,367,0.023334145545959473,1.0
all,0.0900,wor-uniform,367,0.02767491340637207,1.0
all,0.0900,wor-active,368,0.025239810347557068,1.0
all,0.0900,wor-uniform,368,0.030111312866210938,1.0
all,0.0900,wor-active,369,0.02362459897994995,1.0
all,0.0900,wor-uniform,369,0.027311071753501892,1.0
all,0.0900,wor-active,370,0.026339545845985413,1.0
all,0.0900,wor-uniform,370,0.028521835803985596,1.0
all,0.0900,wor-active,371,0.022764191031455994,0.0
all,0.0900,wor-uniform,371,0.027658045291900635,1.0
all,0.0900,wor-active,372,0.024399280548095703,1.0
all,0.0900,wor-uniform,372,0.02809697389602661,1.0
all,0.0900,wor-active,373,0.026555851101875305,1.0
all,0.0900,wor-uniform,373,0.02823035418987274,1.0
all,0.0900,wor-active,374,0.026182174682617188,1.0
all,0.0900,wor-uniform,374,0.027944132685661316,1.0
all,0.0900,wor-active,375,0.02398480474948883,1.0
all,0.0900,wor-uniform,375,0.028052449226379395,1.0
all,0.0900,wor-active,376,0.025603771209716797,1.0
all,0.0900,wor-uniform,376,0.029990434646606445,1.0
all,0.0900,wor-active,377,0.025824472308158875,1.0
all,0.0900,wor-uniform,377,0.02842976152896881,1.0
all,0.0900,wor-active,378,0.02586495876312256,1.0
all,0.0900,wor-uniform,378,0.027200639247894287,1.0
all,0.0900,wor-active,379,0.025725603103637695,1.0
all,0.0900,wor-uniform,379,0.02933897078037262,1.0
all,0.0900,wor-active,380,0.025471270084381104,1.0
all,0.0900,wor-uniform,380,0.02891397476196289,1.0
all,0.0900,wor-active,381,0.02534693479537964,1.0
all,0.0900,wor-uniform,381,0.02856917679309845,1.0
all,0.0900,wor-active,382,0.023126184940338135,1.0
all,0.0900,wor-uniform,382,0.02870224416255951,1.0
all,0.0900,wor-active,383,0.02444314956665039,1.0
all,0.0900,wor-uniform,383,0.030884921550750732,0.0
all,0.0900,wor-active,384,0.02446591854095459,1.0
all,0.0900,wor-uniform,384,0.027553275227546692,1.0
all,0.0900,wor-active,385,0.02460777759552002,1.0
all,0.0900,wor-uniform,385,0.02677874267101288,0.0
all,0.0900,wor-active,386,0.024066507816314697,1.0
all,0.0900,wor-uniform,386,0.02958577871322632,0.0
all,0.0900,wor-active,387,0.022615373134613037,1.0
all,0.0900,wor-uniform,387,0.027657926082611084,1.0
all,0.0900,wor-active,388,0.023419618606567383,1.0
all,0.0900,wor-uniform,388,0.028644979000091553,1.0
all,0.0900,wor-active,389,0.024155914783477783,1.0
all,0.0900,wor-uniform,389,0.02901376783847809,1.0
all,0.0900,wor-active,390,0.024549677968025208,1.0
all,0.0900,wor-uniform,390,0.027265608310699463,1.0
all,0.0900,wor-active,391,0.0250198096036911,1.0
all,0.0900,wor-uniform,391,0.028610646724700928,1.0
all,0.0900,wor-active,392,0.02512301504611969,1.0
all,0.0900,wor-uniform,392,0.02824622392654419,1.0
all,0.0900,wor-active,393,0.023894891142845154,1.0
all,0.0900,wor-uniform,393,0.02822686731815338,1.0
all,0.0900,wor-active,394,0.024167224764823914,1.0
all,0.0900,wor-uniform,394,0.029470622539520264,0.0
all,0.0900,wor-active,395,0.02540026605129242,1.0
all,0.0900,wor-uniform,395,0.027535557746887207,1.0
all,0.0900,wor-active,396,0.02429187297821045,1.0
all,0.0900,wor-uniform,396,0.028398767113685608,1.0
all,0.0900,wor-active,397,0.02578122913837433,1.0
all,0.0900,wor-uniform,397,0.028907954692840576,1.0
all,0.0900,wor-active,398,0.02508556842803955,1.0
all,0.0900,wor-uniform,398,0.027984455227851868,1.0
all,0.0900,wor-active,399,0.026079416275024414,1.0
all,0.0900,wor-uniform,399,0.027607381343841553,1.0
all,0.0900,wor-active,400,0.022215083241462708,1.0
all,0.0900,wor-uniform,400,0.028079986572265625,1.0
all,0.0900,wor-active,401,0.025676921010017395,1.0
all,0.0900,wor-uniform,401,0.027874350547790527,1.0
all,0.0900,wor-active,402,0.02810722589492798,1.0
all,0.0900,wor-uniform,402,0.02989649772644043,1.0
all,0.0900,wor-active,403,0.025737538933753967,1.0
all,0.0900,wor-uniform,403,0.03004378080368042,1.0
all,0.0900,wor-active,404,0.024563848972320557,1.0
all,0.0900,wor-uniform,404,0.02772878110408783,1.0
all,0.0900,wor-active,405,0.024208247661590576,1.0
all,0.0900,wor-uniform,405,0.0276079922914505,1.0
all,0.0900,wor-active,406,0.026445209980010986,1.0
all,0.0900,wor-uniform,406,0.028148531913757324,1.0
all,0.0900,wor-active,407,0.026024863123893738,1.0
all,0.0900,wor-uniform,407,0.028456568717956543,1.0
all,0.0900,wor-active,408,0.02589644491672516,1.0
all,0.0900,wor-uniform,408,0.030190274119377136,1.0
all,0.0900,wor-active,409,0.02507081627845764,1.0
all,0.0900,wor-uniform,409,0.02945011854171753,1.0
all,0.0900,wor-active,410,0.025424420833587646,1.0
all,0.0900,wor-uniform,410,0.029624104499816895,1.0
all,0.0900,wor-active,411,0.02522355318069458,1.0
all,0.0900,wor-uniform,411,0.029133975505828857,1.0
all,0.0900,wor-active,412,0.026089072227478027,1.0
all,0.0900,wor-uniform,412,0.028895318508148193,1.0
all,0.0900,wor-active,413,0.024777576327323914,1.0
all,0.0900,wor-uniform,413,0.027331963181495667,0.0
all,0.0900,wor-active,414,0.025386691093444824,1.0
all,0.0900,wor-uniform,414,0.028127431869506836,1.0
all,0.0900,wor-active,415,0.024998530745506287,1.0
all,0.0900,wor-uniform,415,0.028809070587158203,1.0
all,0.0900,wor-active,416,0.02306467294692993,1.0
all,0.0900,wor-uniform,416,0.028409719467163086,1.0
all,0.0900,wor-active,417,0.025799274444580078,1.0
all,0.0900,wor-uniform,417,0.027909845113754272,1.0
all,0.0900,wor-active,418,0.02478538453578949,1.0
all,0.0900,wor-uniform,418,0.027877002954483032,1.0
all,0.0900,wor-active,419,0.024890601634979248,1.0
all,0.0900,wor-uniform,419,0.027465716004371643,1.0
all,0.0900,wor-active,420,0.025566577911376953,1.0
all,0.0900,wor-uniform,420,0.028001487255096436,1.0
all,0.0900,wor-active,421,0.026173293590545654,1.0
all,0.0900,wor-uniform,421,0.028465688228607178,1.0
all,0.0900,wor-active,422,0.02686786651611328,1.0
all,0.0900,wor-uniform,422,0.02846813201904297,1.0
all,0.0900,wor-active,423,0.0256730318069458,1.0
all,0.0900,wor-uniform,423,0.02904951572418213,1.0
all,0.0900,wor-active,424,0.026173964142799377,1.0
all,0.0900,wor-uniform,424,0.02793949842453003,0.0
all,0.0900,wor-active,425,0.026314035058021545,1.0
all,0.0900,wor-uniform,425,0.028488993644714355,1.0
all,0.0900,wor-active,426,0.025749489665031433,1.0
all,0.0900,wor-uniform,426,0.027060315012931824,1.0
all,0.0900,wor-active,427,0.02670186758041382,1.0
all,0.0900,wor-uniform,427,0.02694171667098999,1.0
all,0.0900,wor-active,428,0.025291085243225098,1.0
all,0.0900,wor-uniform,428,0.027465268969535828,1.0
all,0.0900,wor-active,429,0.024145424365997314,1.0
all,0.0900,wor-uniform,429,0.028864145278930664,1.0
all,0.0900,wor-active,430,0.02630704641342163,1.0
all,0.0900,wor-uniform,430,0.02852708101272583,1.0
all,0.0900,wor-active,431,0.02702343463897705,1.0
all,0.0900,wor-uniform,431,0.029945671558380127,1.0
all,0.0900,wor-active,432,0.024554148316383362,1.0
all,0.0900,wor-uniform,432,0.0290488600730896,1.0
all,0.0900,wor-active,433,0.023347914218902588,1.0
all,0.0900,wor-uniform,433,0.02938711643218994,1.0
all,0.0900,wor-active,434,0.026704251766204834,1.0
all,0.0900,wor-uniform,434,0.028231263160705566,1.0
all,0.0900,wor-active,435,0.02851174771785736,1.0
all,0.0900,wor-uniform,435,0.02745327353477478,1.0
all,0.0900,wor-active,436,0.025454282760620117,1.0
all,0.0900,wor-uniform,436,0.028671741485595703,1.0
all,0.0900,wor-active,437,0.02613013982772827,1.0
all,0.0900,wor-uniform,437,0.028005793690681458,1.0
all,0.0900,wor-active,438,0.02687966823577881,1.0
all,0.0900,wor-uniform,438,0.02894735336303711,0.0
all,0.0900,wor-active,439,0.023611918091773987,1.0
all,0.0900,wor-uniform,439,0.026911884546279907,1.0
all,0.0900,wor-active,440,0.02588053047657013,1.0
all,0.0900,wor-uniform,440,0.027221322059631348,1.0
all,0.0900,wor-active,441,0.02571392059326172,1.0
all,0.0900,wor-uniform,441,0.02776496112346649,1.0
all,0.0900,wor-active,442,0.024275824427604675,1.0
all,0.0900,wor-uniform,442,0.02715587615966797,0.0
all,0.0900,wor-active,443,0.022563278675079346,1.0
all,0.0900,wor-uniform,443,0.028834596276283264,1.0
all,0.0900,wor-active,444,0.02710402011871338,1.0
all,0.0900,wor-uniform,444,0.02894192934036255,1.0
all,0.0900,wor-active,445,0.024113476276397705,1.0
all,0.0900,wor-uniform,445,0.02864539623260498,1.0
all,0.0900,wor-active,446,0.027985870838165283,1.0
all,0.0900,wor-uniform,446,0.027800992131233215,1.0
all,0.0900,wor-active,447,0.0263548344373703,1.0
all,0.0900,wor-uniform,447,0.029205620288848877,1.0
all,0.0900,wor-active,448,0.023546040058135986,1.0
all,0.0900,wor-uniform,448,0.028772413730621338,1.0
all,0.0900,wor-active,449,0.026393115520477295,1.0
all,0.0900,wor-uniform,449,0.029212355613708496,1.0
all,0.0900,wor-active,450,0.02453555166721344,1.0
all,0.0900,wor-uniform,450,0.028531908988952637,1.0
all,0.0900,wor-active,451,0.025580808520317078,1.0
all,0.0900,wor-uniform,451,0.02654603123664856,0.0
all,0.0900,wor-active,452,0.02525728940963745,1.0
all,0.0900,wor-uniform,452,0.02900584042072296,1.0
all,0.0900,wor-active,453,0.025287985801696777,1.0
all,0.0900,wor-uniform,453,0.028438016772270203,1.0
all,0.0900,wor-active,454,0.023931100964546204,1.0
all,0.0900,wor-uniform,454,0.029382959008216858,1.0
all,0.0900,wor-active,455,0.026217222213745117,1.0
all,0.0900,wor-uniform,455,0.02785390615463257,1.0
all,0.0900,wor-active,456,0.02232666313648224,1.0
all,0.0900,wor-uniform,456,0.02846457064151764,1.0
all,0.0900,wor-active,457,0.027385473251342773,1.0
all,0.0900,wor-uniform,457,0.027820110321044922,1.0
all,0.0900,wor-active,458,0.022526323795318604,1.0
all,0.0900,wor-uniform,458,0.028442859649658203,1.0
all,0.0900,wor-active,459,0.026253044605255127,1.0
all,0.0900,wor-uniform,459,0.02805304527282715,1.0
all,0.0900,wor-active,460,0.027531921863555908,0.0
all,0.0900,wor-uniform,460,0.027851879596710205,1.0
all,0.0900,wor-active,461,0.024988114833831787,1.0
all,0.0900,wor-uniform,461,0.0277443528175354,0.0
all,0.0900,wor-active,462,0.02370169758796692,1.0
all,0.0900,wor-uniform,462,0.028087735176086426,1.0
all,0.0900,wor-active,463,0.02571314573287964,1.0
all,0.0900,wor-uniform,463,0.028163015842437744,1.0
all,0.0900,wor-active,464,0.02732837200164795,1.0
all,0.0900,wor-uniform,464,0.028394758701324463,1.0
all,0.0900,wor-active,465,0.02679157257080078,1.0
all,0.0900,wor-uniform,465,0.027751147747039795,1.0
all,0.0900,wor-active,466,0.024605438113212585,1.0
all,0.0900,wor-uniform,466,0.02800208330154419,1.0
all,0.0900,wor-active,467,0.026089608669281006,1.0
all,0.0900,wor-uniform,467,0.02771162986755371,1.0
all,0.0900,wor-active,468,0.026382267475128174,1.0
all,0.0900,wor-uniform,468,0.02927321195602417,1.0
all,0.0900,wor-active,469,0.023421108722686768,1.0
all,0.0900,wor-uniform,469,0.029496967792510986,1.0
all,0.0900,wor-active,470,0.025936007499694824,1.0
all,0.0900,wor-uniform,470,0.0292971134185791,1.0
all,0.0900,wor-active,471,0.024278804659843445,1.0
all,0.0900,wor-uniform,471,0.027648761868476868,1.0
all,0.0900,wor-active,472,0.025737658143043518,1.0
all,0.0900,wor-uniform,472,0.02960282564163208,1.0
all,0.0900,wor-active,473,0.027033865451812744,1.0
all,0.0900,wor-uniform,473,0.027871176600456238,1.0
all,0.0900,wor-active,474,0.0236208438873291,1.0
all,0.0900,wor-uniform,474,0.029979273676872253,1.0
all,0.0900,wor-active,475,0.02571721374988556,1.0
all,0.0900,wor-uniform,475,0.028355196118354797,1.0
all,0.0900,wor-active,476,0.025039926171302795,1.0
all,0.0900,wor-uniform,476,0.028476595878601074,1.0
all,0.0900,wor-active,477,0.025714337825775146,1.0
all,0.0900,wor-uniform,477,0.028356537222862244,1.0
all,0.0900,wor-active,478,0.024320676922798157,1.0
all,0.0900,wor-uniform,478,0.028157532215118408,1.0
all,0.0900,wor-active,479,0.026886582374572754,1.0
all,0.0900,wor-uniform,479,0.02745234966278076,1.0
all,0.0900,wor-active,480,0.025547459721565247,1.0
all,0.0900,wor-uniform,480,0.029305830597877502,1.0
all,0.0900,wor-active,481,0.02302151918411255,1.0
all,0.0900,wor-uniform,481,0.02803325653076172,1.0
all,0.0900,wor-active,482,0.02711939811706543,1.0
all,0.0900,wor-uniform,482,0.028906866908073425,1.0
all,0.0900,wor-active,483,0.0247543603181839,1.0
all,0.0900,wor-uniform,483,0.028835296630859375,1.0
all,0.0900,wor-active,484,0.02599012851715088,1.0
all,0.0900,wor-uniform,484,0.027766063809394836,1.0
all,0.0900,wor-active,485,0.026044189929962158,1.0
all,0.0900,wor-uniform,485,0.029964208602905273,1.0
all,0.0900,wor-active,486,0.025248467922210693,1.0
all,0.0900,wor-uniform,486,0.028553545475006104,1.0
all,0.0900,wor-active,487,0.026065826416015625,1.0
all,0.0900,wor-uniform,487,0.028627708554267883,1.0
all,0.0900,wor-active,488,0.025717079639434814,1.0
all,0.0900,wor-uniform,488,0.02719150483608246,1.0
all,0.0900,wor-active,489,0.024925291538238525,0.0
all,0.0900,wor-uniform,489,0.028588399291038513,1.0
all,0.0900,wor-active,490,0.026890262961387634,1.0
all,0.0900,wor-uniform,490,0.02807033061981201,1.0
all,0.0900,wor-active,491,0.026853010058403015,1.0
all,0.0900,wor-uniform,491,0.029248163104057312,1.0
all,0.0900,wor-active,492,0.02597002685070038,1.0
all,0.0900,wor-uniform,492,0.02844470739364624,1.0
all,0.0900,wor-active,493,0.02574026584625244,1.0
all,0.0900,wor-uniform,493,0.02848033607006073,1.0
all,0.0900,wor-active,494,0.02416229248046875,1.0
all,0.0900,wor-uniform,494,0.027912020683288574,1.0
all,0.0900,wor-active,495,0.024843573570251465,1.0
all,0.0900,wor-uniform,495,0.028344616293907166,1.0
all,0.0900,wor-active,496,0.023966386914253235,1.0
all,0.0900,wor-uniform,496,0.02717272937297821,1.0
all,0.0900,wor-active,497,0.026116609573364258,1.0
all,0.0900,wor-uniform,497,0.027646005153656006,1.0
all,0.0900,wor-active,498,0.026623785495758057,1.0
all,0.0900,wor-uniform,498,0.028543055057525635,0.0
all,0.0900,wor-active,499,0.024223580956459045,1.0
all,0.0900,wor-uniform,499,0.02850903570652008,1.0
all,0.0900,wor-active,500,0.025699332356452942,1.0
all,0.0900,wor-uniform,500,0.02844524383544922,1.0
all,0.0900,wor-active,501,0.02643503248691559,1.0
all,0.0900,wor-uniform,501,0.028294920921325684,1.0
all,0.0900,wor-active,502,0.02667154371738434,1.0
all,0.0900,wor-uniform,502,0.028284668922424316,1.0
all,0.0900,wor-active,503,0.025436997413635254,1.0
all,0.0900,wor-uniform,503,0.027574658393859863,1.0
all,0.0900,wor-active,504,0.024509787559509277,1.0
all,0.0900,wor-uniform,504,0.028881147503852844,1.0
all,0.0900,wor-active,505,0.022772327065467834,0.0
all,0.0900,wor-uniform,505,0.028867319226264954,0.0
all,0.0900,wor-active,506,0.024346187710762024,1.0
all,0.0900,wor-uniform,506,0.028217673301696777,1.0
all,0.0900,wor-active,507,0.0255499929189682,1.0
all,0.0900,wor-uniform,507,0.02716974914073944,1.0
all,0.0900,wor-active,508,0.025806128978729248,1.0
all,0.0900,wor-uniform,508,0.02758835256099701,1.0
all,0.0900,wor-active,509,0.02646780014038086,1.0
all,0.0900,wor-uniform,509,0.02949202060699463,1.0
all,0.0900,wor-active,510,0.02667677402496338,1.0
all,0.0900,wor-uniform,510,0.026884138584136963,1.0
all,0.0900,wor-active,511,0.027553021907806396,1.0
all,0.0900,wor-uniform,511,0.028373122215270996,1.0
all,0.0900,wor-active,512,0.02444879710674286,1.0
all,0.0900,wor-uniform,512,0.028209611773490906,1.0
all,0.0900,wor-active,513,0.024077311158180237,1.0
all,0.0900,wor-uniform,513,0.028233766555786133,1.0
all,0.0900,wor-active,514,0.025630533695220947,1.0
all,0.0900,wor-uniform,514,0.028545498847961426,1.0
all,0.0900,wor-active,515,0.02515043318271637,1.0
all,0.0900,wor-uniform,515,0.02940058708190918,1.0
all,0.0900,wor-active,516,0.024483799934387207,1.0
all,0.0900,wor-uniform,516,0.028994649648666382,1.0
all,0.0900,wor-active,517,0.025411978363990784,1.0
all,0.0900,wor-uniform,517,0.02754443883895874,1.0
all,0.0900,wor-active,518,0.025586426258087158,1.0
all,0.0900,wor-uniform,518,0.02906644344329834,1.0
all,0.0900,wor-active,519,0.025355562567710876,1.0
all,0.0900,wor-uniform,519,0.02906978130340576,1.0
all,0.0900,wor-active,520,0.024442240595817566,1.0
all,0.0900,wor-uniform,520,0.02840125560760498,1.0
all,0.0900,wor-active,521,0.023532211780548096,1.0
all,0.0900,wor-uniform,521,0.02784264087677002,1.0
all,0.0900,wor-active,522,0.023979663848876953,1.0
all,0.0900,wor-uniform,522,0.029328763484954834,1.0
all,0.0900,wor-active,523,0.024133875966072083,1.0
all,0.0900,wor-uniform,523,0.02870917320251465,1.0
all,0.0900,wor-active,524,0.02457326650619507,1.0
all,0.0900,wor-uniform,524,0.02891041338443756,1.0
all,0.0900,wor-active,525,0.026066288352012634,1.0
all,0.0900,wor-uniform,525,0.027923166751861572,1.0
all,0.0900,wor-active,526,0.024649903178215027,1.0
all,0.0900,wor-uniform,526,0.02823483943939209,1.0
all,0.0900,wor-active,527,0.025621473789215088,1.0
all,0.0900,wor-uniform,527,0.028700590133666992,1.0
all,0.0900,wor-active,528,0.025501489639282227,1.0
all,0.0900,wor-uniform,528,0.028248369693756104,1.0
all,0.0900,wor-active,529,0.026439130306243896,1.0
all,0.0900,wor-uniform,529,0.02828150987625122,1.0
all,0.0900,wor-active,530,0.027787983417510986,1.0
all,0.0900,wor-uniform,530,0.029491424560546875,1.0
all,0.0900,wor-active,531,0.026113271713256836,1.0
all,0.0900,wor-uniform,531,0.02851736545562744,1.0
all,0.0900,wor-active,532,0.02521735429763794,1.0
all,0.0900,wor-uniform,532,0.02819789946079254,1.0
all,0.0900,wor-active,533,0.02527141571044922,1.0
all,0.0900,wor-uniform,533,0.028606057167053223,1.0
all,0.0900,wor-active,534,0.023339509963989258,1.0
all,0.0900,wor-uniform,534,0.028437092900276184,1.0
all,0.0900,wor-active,535,0.025902986526489258,1.0
all,0.0900,wor-uniform,535,0.029207229614257812,1.0
all,0.0900,wor-active,536,0.025722205638885498,1.0
all,0.0900,wor-uniform,536,0.030006885528564453,1.0
all,0.0900,wor-active,537,0.026982560753822327,1.0
all,0.0900,wor-uniform,537,0.02827674150466919,1.0
all,0.0900,wor-active,538,0.02346062660217285,1.0
all,0.0900,wor-uniform,538,0.029446661472320557,0.0
all,0.0900,wor-active,539,0.02391594648361206,1.0
all,0.0900,wor-uniform,539,0.027456939220428467,1.0
all,0.0900,wor-active,540,0.025365397334098816,1.0
all,0.0900,wor-uniform,540,0.02695995569229126,1.0
all,0.0900,wor-active,541,0.02631199359893799,1.0
all,0.0900,wor-uniform,541,0.02904975414276123,1.0
all,0.0900,wor-active,542,0.026237130165100098,1.0
all,0.0900,wor-uniform,542,0.027610838413238525,1.0
all,0.0900,wor-active,543,0.02496565878391266,1.0
all,0.0900,wor-uniform,543,0.027795732021331787,1.0
all,0.0900,wor-active,544,0.02764272689819336,1.0
all,0.0900,wor-uniform,544,0.029525041580200195,1.0
all,0.0900,wor-active,545,0.025199517607688904,1.0
all,0.0900,wor-uniform,545,0.029813945293426514,0.0
all,0.0900,wor-active,546,0.024298548698425293,1.0
all,0.0900,wor-uniform,546,0.027996838092803955,1.0
all,0.0900,wor-active,547,0.024497270584106445,1.0
all,0.0900,wor-uniform,547,0.028391003608703613,1.0
all,0.0900,wor-active,548,0.025932475924491882,1.0
all,0.0900,wor-uniform,548,0.028852760791778564,1.0
all,0.0900,wor-active,549,0.02512991428375244,1.0
all,0.0900,wor-uniform,549,0.02891641855239868,1.0
all,0.0900,wor-active,550,0.02433985471725464,1.0
all,0.0900,wor-uniform,550,0.028582796454429626,1.0
all,0.0900,wor-active,551,0.026439249515533447,1.0
all,0.0900,wor-uniform,551,0.027006477117538452,1.0
all,0.0900,wor-active,552,0.02428436279296875,1.0
all,0.0900,wor-uniform,552,0.02919621765613556,1.0
all,0.0900,wor-active,553,0.024262458086013794,1.0
all,0.0900,wor-uniform,553,0.029933154582977295,1.0
all,0.0900,wor-active,554,0.02769523859024048,1.0
all,0.0900,wor-uniform,554,0.02714867889881134,1.0
all,0.0900,wor-active,555,0.024864837527275085,1.0
all,0.0900,wor-uniform,555,0.028662368655204773,1.0
all,0.0900,wor-active,556,0.02519504725933075,1.0
all,0.0900,wor-uniform,556,0.029106855392456055,1.0
all,0.0900,wor-active,557,0.026865899562835693,1.0
all,0.0900,wor-uniform,557,0.02822527289390564,1.0
all,0.0900,wor-active,558,0.026417076587677002,1.0
all,0.0900,wor-uniform,558,0.0283663272857666,1.0
all,0.0900,wor-active,559,0.02415965497493744,1.0
all,0.0900,wor-uniform,559,0.028332531452178955,1.0
all,0.0900,wor-active,560,0.025271296501159668,1.0
all,0.0900,wor-uniform,560,0.02781064808368683,0.0
all,0.0900,wor-active,561,0.024835065007209778,1.0
all,0.0900,wor-uniform,561,0.028741762042045593,1.0
all,0.0900,wor-active,562,0.027363896369934082,1.0
all,0.0900,wor-uniform,562,0.02823096513748169,1.0
all,0.0900,wor-active,563,0.02332204580307007,1.0
all,0.0900,wor-uniform,563,0.02858138084411621,1.0
all,0.0900,wor-active,564,0.025430142879486084,1.0
all,0.0900,wor-uniform,564,0.028174877166748047,1.0
all,0.0900,wor-active,565,0.025796160101890564,1.0
all,0.0900,wor-uniform,565,0.0271320641040802,1.0
all,0.0900,wor-active,566,0.023712292313575745,1.0
all,0.0900,wor-uniform,566,0.02898240089416504,1.0
all,0.0900,wor-active,567,0.025449633598327637,1.0
all,0.0900,wor-uniform,567,0.028594970703125,1.0
all,0.0900,wor-active,568,0.025613367557525635,1.0
all,0.0900,wor-uniform,568,0.02894294261932373,1.0
all,0.0900,wor-active,569,0.026226982474327087,1.0
all,0.0900,wor-uniform,569,0.027951955795288086,1.0
all,0.0900,wor-active,570,0.024808332324028015,1.0
all,0.0900,wor-uniform,570,0.030147075653076172,1.0
all,0.0900,wor-active,571,0.0263938307762146,1.0
all,0.0900,wor-uniform,571,0.027583539485931396,1.0
all,0.0900,wor-active,572,0.024609863758087158,1.0
all,0.0900,wor-uniform,572,0.029267489910125732,1.0
all,0.0900,wor-active,573,0.025450944900512695,1.0
all,0.0900,wor-uniform,573,0.02731241285800934,1.0
all,0.0900,wor-active,574,0.024895906448364258,1.0
all,0.0900,wor-uniform,574,0.027982652187347412,1.0
all,0.0900,wor-active,575,0.026834309101104736,1.0
all,0.0900,wor-uniform,575,0.028030872344970703,1.0
all,0.0900,wor-active,576,0.026556968688964844,1.0
all,0.0900,wor-uniform,576,0.02878260612487793,1.0
all,0.0900,wor-active,577,0.025965750217437744,1.0
all,0.0900,wor-uniform,577,0.0279349684715271,1.0
all,0.0900,wor-active,578,0.02687978744506836,1.0
all,0.0900,wor-uniform,578,0.028519153594970703,1.0
all,0.0900,wor-active,579,0.025515958666801453,1.0
all,0.0900,wor-uniform,579,0.02845078706741333,1.0
all,0.0900,wor-active,580,0.025285497307777405,1.0
all,0.0900,wor-uniform,580,0.028639495372772217,1.0
all,0.0900,wor-active,581,0.025785624980926514,1.0
all,0.0900,wor-uniform,581,0.02963101863861084,1.0
all,0.0900,wor-active,582,0.02573394775390625,1.0
all,0.0900,wor-uniform,582,0.029590308666229248,1.0
all,0.0900,wor-active,583,0.0255049467086792,1.0
all,0.0900,wor-uniform,583,0.027934804558753967,1.0
all,0.0900,wor-active,584,0.025835275650024414,1.0
all,0.0900,wor-uniform,584,0.0287180095911026,1.0
all,0.0900,wor-active,585,0.025578737258911133,1.0
all,0.0900,wor-uniform,585,0.028522789478302002,1.0
all,0.0900,wor-active,586,0.02621161937713623,1.0
all,0.0900,wor-uniform,586,0.02812977135181427,1.0
all,0.0900,wor-active,587,0.02763843536376953,0.0
all,0.0900,wor-uniform,587,0.02923262119293213,0.0
all,0.0900,wor-active,588,0.024600684642791748,1.0
all,0.0900,wor-uniform,588,0.02973616123199463,1.0
all,0.0900,wor-active,589,0.024464204907417297,1.0
all,0.0900,wor-uniform,589,0.028747260570526123,1.0
all,0.0900,wor-active,590,0.024073302745819092,1.0
all,0.0900,wor-uniform,590,0.02805858850479126,1.0
all,0.0900,wor-active,591,0.022649943828582764,1.0
all,0.0900,wor-uniform,591,0.02711707353591919,1.0
all,0.0900,wor-active,592,0.023946478962898254,1.0
all,0.0900,wor-uniform,592,0.027221381664276123,1.0
all,0.0900,wor-active,593,0.02643914520740509,1.0
all,0.0900,wor-uniform,593,0.027625560760498047,1.0
all,0.0900,wor-active,594,0.023098528385162354,1.0
all,0.0900,wor-uniform,594,0.0282437801361084,1.0
all,0.0900,wor-active,595,0.025641724467277527,1.0
all,0.0900,wor-uniform,595,0.028333187103271484,1.0
all,0.0900,wor-active,596,0.025764286518096924,1.0
all,0.0900,wor-uniform,596,0.028690144419670105,1.0
all,0.0900,wor-active,597,0.026917651295661926,1.0
all,0.0900,wor-uniform,597,0.02804146707057953,1.0
all,0.0900,wor-active,598,0.026263713836669922,1.0
all,0.0900,wor-uniform,598,0.027793049812316895,1.0
all,0.0900,wor-active,599,0.02554696798324585,1.0
all,0.0900,wor-uniform,599,0.029508650302886963,0.0
all,0.0900,wor-active,600,0.02347511053085327,1.0
all,0.0900,wor-uniform,600,0.02680213749408722,1.0
all,0.0900,wor-active,601,0.02480417490005493,1.0
all,0.0900,wor-uniform,601,0.027707532048225403,1.0
all,0.0900,wor-active,602,0.026075348258018494,1.0
all,0.0900,wor-uniform,602,0.028154313564300537,1.0
all,0.0900,wor-active,603,0.025324344635009766,1.0
all,0.0900,wor-uniform,603,0.028075560927391052,1.0
all,0.0900,wor-active,604,0.022802099585533142,0.0
all,0.0900,wor-uniform,604,0.02752584218978882,1.0
all,0.0900,wor-active,605,0.024876296520233154,1.0
all,0.0900,wor-uniform,605,0.02804906666278839,1.0
all,0.0900,wor-active,606,0.025647640228271484,1.0
all,0.0900,wor-uniform,606,0.029657483100891113,1.0
all,0.0900,wor-active,607,0.02618461847305298,1.0
all,0.0900,wor-uniform,607,0.02838762104511261,1.0
all,0.0900,wor-active,608,0.027326107025146484,1.0
all,0.0900,wor-uniform,608,0.027934953570365906,1.0
all,0.0900,wor-active,609,0.024641022086143494,1.0
all,0.0900,wor-uniform,609,0.0291440486907959,1.0
all,0.0900,wor-active,610,0.02428537607192993,1.0
all,0.0900,wor-uniform,610,0.0283166766166687,1.0
all,0.0900,wor-active,611,0.02471017837524414,1.0
all,0.0900,wor-uniform,611,0.027128279209136963,1.0
all,0.0900,wor-active,612,0.02622663974761963,1.0
all,0.0900,wor-uniform,612,0.028170526027679443,1.0
all,0.0900,wor-active,613,0.02540379762649536,1.0
all,0.0900,wor-uniform,613,0.02829766273498535,1.0
all,0.0900,wor-active,614,0.026517510414123535,1.0
all,0.0900,wor-uniform,614,0.02906644344329834,1.0
all,0.0900,wor-active,615,0.022824525833129883,1.0
all,0.0900,wor-uniform,615,0.029250144958496094,1.0
all,0.0900,wor-active,616,0.02516932785511017,1.0
all,0.0900,wor-uniform,616,0.028704822063446045,1.0
all,0.0900,wor-active,617,0.024114906787872314,1.0
all,0.0900,wor-uniform,617,0.02863962948322296,1.0
all,0.0900,wor-active,618,0.02669060230255127,1.0
all,0.0900,wor-uniform,618,0.029012367129325867,1.0
all,0.0900,wor-active,619,0.02584083378314972,1.0
all,0.0900,wor-uniform,619,0.027827560901641846,1.0
all,0.0900,wor-active,620,0.025179028511047363,1.0
all,0.0900,wor-uniform,620,0.028039291501045227,1.0
all,0.0900,wor-active,621,0.025349795818328857,1.0
all,0.0900,wor-uniform,621,0.027926206588745117,1.0
all,0.0900,wor-active,622,0.027670979499816895,1.0
all,0.0900,wor-uniform,622,0.028371334075927734,1.0
all,0.0900,wor-active,623,0.026929259300231934,1.0
all,0.0900,wor-uniform,623,0.028633758425712585,1.0
all,0.0900,wor-active,624,0.02683335542678833,1.0
all,0.0900,wor-uniform,624,0.028538420796394348,1.0
all,0.0900,wor-active,625,0.025772809982299805,1.0
all,0.0900,wor-uniform,625,0.02810525894165039,1.0
all,0.0900,wor-active,626,0.02761484682559967,1.0
all,0.0900,wor-uniform,626,0.0289154052734375,1.0
all,0.0900,wor-active,627,0.026657462120056152,1.0
all,0.0900,wor-uniform,627,0.027407720685005188,1.0
all,0.0900,wor-active,628,0.023849710822105408,1.0
all,0.0900,wor-uniform,628,0.028623342514038086,1.0
all,0.0900,wor-active,629,0.023559823632240295,0.0
all,0.0900,wor-uniform,629,0.029094040393829346,1.0
all,0.0900,wor-active,630,0.02536088228225708,1.0
all,0.0900,wor-uniform,630,0.028073355555534363,1.0
all,0.0900,wor-active,631,0.02597220242023468,1.0
all,0.0900,wor-uniform,631,0.028515204787254333,1.0
all,0.0900,wor-active,632,0.02714252471923828,0.0
all,0.0900,wor-uniform,632,0.028710201382637024,1.0
all,0.0900,wor-active,633,0.025749221444129944,1.0
all,0.0900,wor-uniform,633,0.029205679893493652,1.0
all,0.0900,wor-active,634,0.02627873420715332,1.0
all,0.0900,wor-uniform,634,0.029021024703979492,1.0
all,0.0900,wor-active,635,0.025551795959472656,1.0
all,0.0900,wor-uniform,635,0.027273476123809814,1.0
all,0.0900,wor-active,636,0.024717390537261963,1.0
all,0.0900,wor-uniform,636,0.028853893280029297,1.0
all,0.0900,wor-active,637,0.02411772310733795,1.0
all,0.0900,wor-uniform,637,0.028805136680603027,1.0
all,0.0900,wor-active,638,0.025766804814338684,1.0
all,0.0900,wor-uniform,638,0.029376983642578125,1.0
all,0.0900,wor-active,639,0.024744316935539246,1.0
all,0.0900,wor-uniform,639,0.028719261288642883,1.0
all,0.0900,wor-active,640,0.02435995638370514,1.0
all,0.0900,wor-uniform,640,0.02657197415828705,1.0
all,0.0900,wor-active,641,0.025794625282287598,1.0
all,0.0900,wor-uniform,641,0.027763187885284424,1.0
all,0.0900,wor-active,642,0.025050565600395203,1.0
all,0.0900,wor-uniform,642,0.027993813157081604,1.0
all,0.0900,wor-active,643,0.024103790521621704,1.0
all,0.0900,wor-uniform,643,0.029843643307685852,1.0
all,0.0900,wor-active,644,0.02645719051361084,1.0
all,0.0900,wor-uniform,644,0.030310511589050293,1.0
all,0.0900,wor-active,645,0.026790738105773926,1.0
all,0.0900,wor-uniform,645,0.027926519513130188,1.0
all,0.0900,wor-active,646,0.025802239775657654,1.0
all,0.0900,wor-uniform,646,0.02832108736038208,1.0
all,0.0900,wor-active,647,0.02410280704498291,1.0
all,0.0900,wor-uniform,647,0.027698054909706116,1.0
all,0.0900,wor-active,648,0.023748338222503662,1.0
all,0.0900,wor-uniform,648,0.029639601707458496,1.0
all,0.0900,wor-active,649,0.02523462474346161,1.0
all,0.0900,wor-uniform,649,0.02861909568309784,1.0
all,0.0900,wor-active,650,0.025361597537994385,1.0
all,0.0900,wor-uniform,650,0.028088629245758057,1.0
all,0.0900,wor-active,651,0.02578701078891754,1.0
all,0.0900,wor-uniform,651,0.029001131653785706,1.0
all,0.0900,wor-active,652,0.025533854961395264,1.0
all,0.0900,wor-uniform,652,0.027741968631744385,1.0
all,0.0900,wor-active,653,0.023007988929748535,1.0
all,0.0900,wor-uniform,653,0.029562294483184814,1.0
all,0.0900,wor-active,654,0.025124430656433105,1.0
all,0.0900,wor-uniform,654,0.028518497943878174,1.0
all,0.0900,wor-active,655,0.023871004581451416,1.0
all,0.0900,wor-uniform,655,0.028022661805152893,1.0
all,0.0900,wor-active,656,0.025618910789489746,1.0
all,0.0900,wor-uniform,656,0.028805196285247803,1.0
all,0.0900,wor-active,657,0.026709437370300293,0.0
all,0.0900,wor-uniform,657,0.029867053031921387,1.0
all,0.0900,wor-active,658,0.024649739265441895,1.0
all,0.0900,wor-uniform,658,0.027962327003479004,1.0
all,0.0900,wor-active,659,0.025289759039878845,1.0
all,0.0900,wor-uniform,659,0.028209224343299866,1.0
all,0.0900,wor-active,660,0.0245974063873291,1.0
all,0.0900,wor-uniform,660,0.02823476493358612,1.0
all,0.0900,wor-active,661,0.023738086223602295,1.0
all,0.0900,wor-uniform,661,0.027707278728485107,1.0
all,0.0900,wor-active,662,0.023570820689201355,0.0
all,0.0900,wor-uniform,662,0.028880178928375244,1.0
all,0.0900,wor-active,663,0.02540987730026245,1.0
all,0.0900,wor-uniform,663,0.029617905616760254,1.0
all,0.0900,wor-active,664,0.025400638580322266,1.0
all,0.0900,wor-uniform,664,0.027133718132972717,1.0
all,0.0900,wor-active,665,0.025546371936798096,1.0
all,0.0900,wor-uniform,665,0.02773153781890869,1.0
all,0.1000,wor-active,333,0.02482980489730835,1.0
all,0.1000,wor-uniform,333,0.02599632740020752,1.0
all,0.1000,wor-active,334,0.023580193519592285,1.0
all,0.1000,wor-uniform,334,0.02582186460494995,1.0
all,0.1000,wor-active,335,0.022611334919929504,1.0
all,0.1000,wor-uniform,335,0.02833658456802368,1.0
all,0.1000,wor-active,336,0.022787928581237793,1.0
all,0.1000,wor-uniform,336,0.02650749683380127,1.0
all,0.1000,wor-active,337,0.02249002456665039,1.0
all,0.1000,wor-uniform,337,0.027767419815063477,1.0
all,0.1000,wor-active,338,0.024025186896324158,1.0
all,0.1000,wor-uniform,338,0.02729618549346924,1.0
all,0.1000,wor-active,339,0.024564921855926514,1.0
all,0.1000,wor-uniform,339,0.026658058166503906,1.0
all,0.1000,wor-active,340,0.023586079478263855,1.0
all,0.1000,wor-uniform,340,0.02546095848083496,1.0
all,0.1000,wor-active,341,0.02638411521911621,0.0
all,0.1000,wor-uniform,341,0.02568364143371582,1.0
all,0.1000,wor-active,342,0.022072434425354004,1.0
all,0.1000,wor-uniform,342,0.025634169578552246,1.0
all,0.1000,wor-active,343,0.024642646312713623,1.0
all,0.1000,wor-uniform,343,0.026441216468811035,1.0
all,0.1000,wor-active,344,0.022003918886184692,0.0
all,0.1000,wor-uniform,344,0.027488574385643005,1.0
all,0.1000,wor-active,345,0.02460789680480957,1.0
all,0.1000,wor-uniform,345,0.02787800133228302,1.0
all,0.1000,wor-active,346,0.022568941116333008,0.0
all,0.1000,wor-uniform,346,0.026498615741729736,1.0
all,0.1000,wor-active,347,0.02569139003753662,1.0
all,0.1000,wor-uniform,347,0.026647508144378662,1.0
all,0.1000,wor-active,348,0.02222411334514618,1.0
all,0.1000,wor-uniform,348,0.025394484400749207,1.0
all,0.1000,wor-active,349,0.02320133149623871,1.0
all,0.1000,wor-uniform,349,0.026201829314231873,1.0
all,0.1000,wor-active,350,0.023296132683753967,1.0
all,0.1000,wor-uniform,350,0.02584327757358551,1.0
all,0.1000,wor-active,351,0.02224743366241455,1.0
all,0.1000,wor-uniform,351,0.02677460014820099,1.0
all,0.1000,wor-active,352,0.02618175745010376,1.0
all,0.1000,wor-uniform,352,0.028172969818115234,1.0
all,0.1000,wor-active,353,0.022909581661224365,1.0
all,0.1000,wor-uniform,353,0.027344107627868652,1.0
all,0.1000,wor-active,354,0.023751452565193176,1.0
all,0.1000,wor-uniform,354,0.026305660605430603,1.0
all,0.1000,wor-active,355,0.025173082947731018,1.0
all,0.1000,wor-uniform,355,0.0272824764251709,1.0
all,0.1000,wor-active,356,0.023530781269073486,1.0
all,0.1000,wor-uniform,356,0.02610774338245392,1.0
all,0.1000,wor-active,357,0.023627519607543945,1.0
all,0.1000,wor-uniform,357,0.027630984783172607,1.0
all,0.1000,wor-active,358,0.024149060249328613,1.0
all,0.1000,wor-uniform,358,0.027308404445648193,1.0
all,0.1000,wor-active,359,0.023975014686584473,1.0
all,0.1000,wor-uniform,359,0.026808276772499084,1.0
all,0.1000,wor-active,360,0.022449374198913574,1.0
all,0.1000,wor-uniform,360,0.026572898030281067,1.0
all,0.1000,wor-active,361,0.022664502263069153,1.0
all,0.1000,wor-uniform,361,0.02661186456680298,1.0
all,0.1000,wor-active,362,0.024773821234703064,1.0
all,0.1000,wor-uniform,362,0.027217328548431396,1.0
all,0.1000,wor-active,363,0.023271963000297546,1.0
all,0.1000,wor-uniform,363,0.026526018977165222,1.0
all,0.1000,wor-active,364,0.024319469928741455,1.0
all,0.1000,wor-uniform,364,0.025883004069328308,1.0
all,0.1000,wor-active,365,0.022593915462493896,1.0
all,0.1000,wor-uniform,365,0.02568274736404419,1.0
all,0.1000,wor-active,366,0.02351456880569458,1.0
all,0.1000,wor-uniform,366,0.027092307806015015,1.0
all,0.1000,wor-active,367,0.024905428290367126,1.0
all,0.1000,wor-uniform,367,0.02712702751159668,1.0
all,0.1000,wor-active,368,0.023136377334594727,1.0
all,0.1000,wor-uniform,368,0.025887295603752136,1.0
all,0.1000,wor-active,369,0.024351537227630615,1.0
all,0.1000,wor-uniform,369,0.027048632502555847,1.0
all,0.1000,wor-active,370,0.02562493085861206,1.0
all,0.1000,wor-uniform,370,0.028095006942749023,1.0
all,0.1000,wor-active,371,0.02437204122543335,1.0
all,0.1000,wor-uniform,371,0.02729611098766327,1.0
all,0.1000,wor-active,372,0.022623389959335327,1.0
all,0.1000,wor-uniform,372,0.026171088218688965,1.0
all,0.1000,wor-active,373,0.023505568504333496,1.0
all,0.1000,wor-uniform,373,0.02667035162448883,1.0
all,0.1000,wor-active,374,0.023038402199745178,1.0
all,0.1000,wor-uniform,374,0.027161061763763428,1.0
all,0.1000,wor-active,375,0.023490548133850098,1.0
all,0.1000,wor-uniform,375,0.02764791250228882,1.0
all,0.1000,wor-active,376,0.025560438632965088,1.0
all,0.1000,wor-uniform,376,0.028179466724395752,1.0
all,0.1000,wor-active,377,0.024226665496826172,1.0
all,0.1000,wor-uniform,377,0.026843726634979248,1.0
all,0.1000,wor-active,378,0.024211227893829346,1.0
all,0.1000,wor-uniform,378,0.025584161281585693,1.0
all,0.1000,wor-active,379,0.02384638786315918,1.0
all,0.1000,wor-uniform,379,0.026429295539855957,1.0
all,0.1000,wor-active,380,0.02279628813266754,1.0
all,0.1000,wor-uniform,380,0.026609420776367188,1.0
all,0.1000,wor-active,381,0.02370058000087738,1.0
all,0.1000,wor-uniform,381,0.027622953057289124,1.0
all,0.1000,wor-active,382,0.02209019660949707,1.0
all,0.1000,wor-uniform,382,0.028058767318725586,0.0
all,0.1000,wor-active,383,0.02431279420852661,1.0
all,0.1000,wor-uniform,383,0.027410700917243958,1.0
all,0.1000,wor-active,384,0.024986982345581055,1.0
all,0.1000,wor-uniform,384,0.025504708290100098,1.0
all,0.1000,wor-active,385,0.023181572556495667,1.0
all,0.1000,wor-uniform,385,0.027068614959716797,1.0
all,0.1000,wor-active,386,0.0225154310464859,1.0
all,0.1000,wor-uniform,386,0.026352643966674805,1.0
all,0.1000,wor-active,387,0.024054601788520813,1.0
all,0.1000,wor-uniform,387,0.02692572772502899,1.0
all,0.1000,wor-active,388,0.021904096007347107,1.0
all,0.1000,wor-uniform,388,0.026145681738853455,1.0
all,0.1000,wor-active,389,0.024980783462524414,0.0
all,0.1000,wor-uniform,389,0.02774125337600708,0.0
all,0.1000,wor-active,390,0.023569568991661072,1.0
all,0.1000,wor-uniform,390,0.02625758945941925,1.0
all,0.1000,wor-active,391,0.022848665714263916,1.0
all,0.1000,wor-uniform,391,0.027030274271965027,1.0
all,0.1000,wor-active,392,0.022930994629859924,1.0
all,0.1000,wor-uniform,392,0.027676165103912354,1.0
all,0.1000,wor-active,393,0.024432018399238586,1.0
all,0.1000,wor-uniform,393,0.026534855365753174,1.0
all,0.1000,wor-active,394,0.021877437829971313,0.0
all,0.1000,wor-uniform,394,0.027742087841033936,1.0
all,0.1000,wor-active,395,0.024173438549041748,1.0
all,0.1000,wor-uniform,395,0.026643335819244385,1.0
all,0.1000,wor-active,396,0.02153921127319336,1.0
all,0.1000,wor-uniform,396,0.027611732482910156,1.0
all,0.1000,wor-active,397,0.023274123668670654,1.0
all,0.1000,wor-uniform,397,0.026923298835754395,1.0
all,0.1000,wor-active,398,0.023639202117919922,1.0
all,0.1000,wor-uniform,398,0.02782893180847168,1.0
all,0.1000,wor-active,399,0.02505052089691162,1.0
all,0.1000,wor-uniform,399,0.026709794998168945,1.0
all,0.1000,wor-active,400,0.024203777313232422,1.0
all,0.1000,wor-uniform,400,0.02633751928806305,1.0
all,0.1000,wor-active,401,0.022782444953918457,1.0
all,0.1000,wor-uniform,401,0.025267183780670166,1.0
all,0.1000,wor-active,402,0.024206101894378662,1.0
all,0.1000,wor-uniform,402,0.026708468794822693,1.0
all,0.1000,wor-active,403,0.024670124053955078,1.0
all,0.1000,wor-uniform,403,0.026321351528167725,1.0
all,0.1000,wor-active,404,0.024333134293556213,1.0
all,0.1000,wor-uniform,404,0.025538086891174316,1.0
all,0.1000,wor-active,405,0.02570199966430664,0.0
all,0.1000,wor-uniform,405,0.02699284255504608,1.0
all,0.1000,wor-active,406,0.02453899383544922,1.0
all,0.1000,wor-uniform,406,0.02681809663772583,0.0
all,0.1000,wor-active,407,0.02392512559890747,1.0
all,0.1000,wor-uniform,407,0.025748789310455322,1.0
all,0.1000,wor-active,408,0.023488685488700867,0.0
all,0.1000,wor-uniform,408,0.02674645185470581,1.0
all,0.1000,wor-active,409,0.02357374131679535,1.0
all,0.1000,wor-uniform,409,0.027833878993988037,1.0
all,0.1000,wor-active,410,0.02530848979949951,1.0
all,0.1000,wor-uniform,410,0.0277412086725235,1.0
all,0.1000,wor-active,411,0.025682583451271057,1.0
all,0.1000,wor-uniform,411,0.02661222219467163,1.0
all,0.1000,wor-active,412,0.023868843913078308,1.0
all,0.1000,wor-uniform,412,0.02647644281387329,1.0
all,0.1000,wor-active,413,0.022066667675971985,1.0
all,0.1000,wor-uniform,413,0.026704654097557068,1.0
all,0.1000,wor-active,414,0.026432156562805176,1.0
all,0.1000,wor-uniform,414,0.025832414627075195,1.0
all,0.1000,wor-active,415,0.023312270641326904,1.0
all,0.1000,wor-uniform,415,0.026990428566932678,1.0
all,0.1000,wor-active,416,0.02403700351715088,1.0
all,0.1000,wor-uniform,416,0.027159810066223145,1.0
all,0.1000,wor-active,417,0.02414792776107788,1.0
all,0.1000,wor-uniform,417,0.026128694415092468,1.0
all,0.1000,wor-active,418,0.023393750190734863,1.0
all,0.1000,wor-uniform,418,0.025787770748138428,1.0
all,0.1000,wor-active,419,0.023584112524986267,1.0
all,0.1000,wor-uniform,419,0.02639937400817871,1.0
all,0.1000,wor-active,420,0.023673996329307556,1.0
all,0.1000,wor-uniform,420,0.02649974822998047,1.0
all,0.1000,wor-active,421,0.023431777954101562,1.0
all,0.1000,wor-uniform,421,0.02694690227508545,1.0
all,0.1000,wor-active,422,0.024276629090309143,1.0
all,0.1000,wor-uniform,422,0.024801790714263916,0.0
all,0.1000,wor-active,423,0.02369624376296997,1.0
all,0.1000,wor-uniform,423,0.025443077087402344,1.0
all,0.1000,wor-active,424,0.023810923099517822,1.0
all,0.1000,wor-uniform,424,0.02553991973400116,1.0
all,0.1000,wor-active,425,0.024374738335609436,1.0
all,0.1000,wor-uniform,425,0.026443108916282654,1.0
all,0.1000,wor-active,426,0.023593366146087646,1.0
all,0.1000,wor-uniform,426,0.02749013900756836,1.0
all,0.1000,wor-active,427,0.02107459306716919,1.0
all,0.1000,wor-uniform,427,0.027472838759422302,1.0
all,0.1000,wor-active,428,0.022450745105743408,1.0
all,0.1000,wor-uniform,428,0.02662450075149536,1.0
all,0.1000,wor-active,429,0.022028237581253052,0.0
all,0.1000,wor-uniform,429,0.02540646493434906,1.0
all,0.1000,wor-active,430,0.021797776222229004,1.0
all,0.1000,wor-uniform,430,0.02656334638595581,1.0
all,0.1000,wor-active,431,0.025131046772003174,1.0
all,0.1000,wor-uniform,431,0.026410818099975586,1.0
all,0.1000,wor-active,432,0.024149954319000244,1.0
all,0.1000,wor-uniform,432,0.02681255340576172,1.0
all,0.1000,wor-active,433,0.023702025413513184,1.0
all,0.1000,wor-uniform,433,0.02767235040664673,1.0
all,0.1000,wor-active,434,0.023485779762268066,1.0
all,0.1000,wor-uniform,434,0.02669072151184082,1.0
all,0.1000,wor-active,435,0.0236855149269104,1.0
all,0.1000,wor-uniform,435,0.027834177017211914,1.0
all,0.1000,wor-active,436,0.020543545484542847,0.0
all,0.1000,wor-uniform,436,0.025482177734375,1.0
all,0.1000,wor-active,437,0.022883474826812744,1.0
all,0.1000,wor-uniform,437,0.02639247477054596,1.0
all,0.1000,wor-active,438,0.024253860116004944,1.0
all,0.1000,wor-uniform,438,0.027088820934295654,1.0
all,0.1000,wor-active,439,0.022628843784332275,1.0
all,0.1000,wor-uniform,439,0.02828747034072876,1.0
all,0.1000,wor-active,440,0.024964764714241028,1.0
all,0.1000,wor-uniform,440,0.027247413992881775,1.0
all,0.1000,wor-active,441,0.023479461669921875,1.0
all,0.1000,wor-uniform,441,0.025705575942993164,1.0
all,0.1000,wor-active,442,0.02597278356552124,1.0
all,0.1000,wor-uniform,442,0.026546120643615723,1.0
all,0.1000,wor-active,443,0.02277897298336029,1.0
all,0.1000,wor-uniform,443,0.027983427047729492,0.0
all,0.1000,wor-active,444,0.02261948585510254,1.0
all,0.1000,wor-uniform,444,0.0270729660987854,1.0
all,0.1000,wor-active,445,0.02728801965713501,1.0
all,0.1000,wor-uniform,445,0.027790844440460205,1.0
all,0.1000,wor-active,446,0.024633049964904785,0.0
all,0.1000,wor-uniform,446,0.025756657123565674,1.0
all,0.1000,wor-active,447,0.023665010929107666,1.0
all,0.1000,wor-uniform,447,0.02670346200466156,1.0
all,0.1000,wor-active,448,0.02322201430797577,1.0
all,0.1000,wor-uniform,448,0.027830183506011963,1.0
all,0.1000,wor-active,449,0.023687615990638733,1.0
all,0.1000,wor-uniform,449,0.025576353073120117,0.0
all,0.1000,wor-active,450,0.024057388305664062,1.0
all,0.1000,wor-uniform,450,0.027536392211914062,1.0
all,0.1000,wor-active,451,0.02358292043209076,1.0
all,0.1000,wor-uniform,451,0.026572421193122864,1.0
all,0.1000,wor-active,452,0.022644639015197754,1.0
all,0.1000,wor-uniform,452,0.02740137279033661,1.0
all,0.1000,wor-active,453,0.021515026688575745,1.0
all,0.1000,wor-uniform,453,0.02549697458744049,0.0
all,0.1000,wor-active,454,0.022359728813171387,1.0
all,0.1000,wor-uniform,454,0.02680647373199463,1.0
all,0.1000,wor-active,455,0.02435767650604248,1.0
all,0.1000,wor-uniform,455,0.025856494903564453,1.0
all,0.1000,wor-active,456,0.02310723066329956,1.0
all,0.1000,wor-uniform,456,0.027073249220848083,1.0
all,0.1000,wor-active,457,0.02262592315673828,1.0
all,0.1000,wor-uniform,457,0.026769161224365234,1.0
all,0.1000,wor-active,458,0.023149028420448303,1.0
all,0.1000,wor-uniform,458,0.027429938316345215,1.0
all,0.1000,wor-active,459,0.024674057960510254,1.0
all,0.1000,wor-uniform,459,0.02673216164112091,0.0
all,0.1000,wor-active,460,0.02691572904586792,0.0
all,0.1000,wor-uniform,460,0.02721959352493286,1.0
all,0.1000,wor-active,461,0.022683635354042053,1.0
all,0.1000,wor-uniform,461,0.02626033127307892,1.0
all,0.1000,wor-active,462,0.024004995822906494,1.0
all,0.1000,wor-uniform,462,0.026021495461463928,1.0
all,0.1000,wor-active,463,0.022958815097808838,1.0
all,0.1000,wor-uniform,463,0.028158128261566162,1.0
all,0.1000,wor-active,464,0.021621808409690857,1.0
all,0.1000,wor-uniform,464,0.026863396167755127,1.0
all,0.1000,wor-active,465,0.024253204464912415,1.0
all,0.1000,wor-uniform,465,0.02767348289489746,1.0
all,0.1000,wor-active,466,0.022372186183929443,1.0
all,0.1000,wor-uniform,466,0.026791051030158997,1.0
all,0.1000,wor-active,467,0.024030253291130066,1.0
all,0.1000,wor-uniform,467,0.025964796543121338,1.0
all,0.1000,wor-active,468,0.024727284908294678,1.0
all,0.1000,wor-uniform,468,0.026199042797088623,1.0
all,0.1000,wor-active,469,0.024540290236473083,1.0
all,0.1000,wor-uniform,469,0.026982173323631287,1.0
all,0.1000,wor-active,470,0.02327503263950348,1.0
all,0.1000,wor-uniform,470,0.02688354253768921,0.0
all,0.1000,wor-active,471,0.024656176567077637,1.0
all,0.1000,wor-uniform,471,0.027247831225395203,1.0
all,0.1000,wor-active,472,0.02335299551486969,0.0
all,0.1000,wor-uniform,472,0.02739328145980835,1.0
all,0.1000,wor-active,473,0.025550425052642822,1.0
all,0.1000,wor-uniform,473,0.027010560035705566,1.0
all,0.1000,wor-active,474,0.023840665817260742,1.0
all,0.1000,wor-uniform,474,0.02749115228652954,1.0
all,0.1000,wor-active,475,0.022486165165901184,1.0
all,0.1000,wor-uniform,475,0.02726714313030243,1.0
all,0.1000,wor-active,476,0.024002984166145325,1.0
all,0.1000,wor-uniform,476,0.02759169042110443,1.0
all,0.1000,wor-active,477,0.025323808193206787,1.0
all,0.1000,wor-uniform,477,0.026982605457305908,1.0
all,0.1000,wor-active,478,0.02491992712020874,1.0
all,0.1000,wor-uniform,478,0.02735280990600586,1.0
all,0.1000,wor-active,479,0.025578320026397705,1.0
all,0.1000,wor-uniform,479,0.027322053909301758,1.0
all,0.1000,wor-active,480,0.023962855339050293,1.0
all,0.1000,wor-uniform,480,0.026586472988128662,1.0
all,0.1000,wor-active,481,0.023231133818626404,1.0
all,0.1000,wor-uniform,481,0.02787911891937256,1.0
all,0.1000,wor-active,482,0.02394890785217285,1.0
all,0.1000,wor-uniform,482,0.028620049357414246,1.0
all,0.1000,wor-active,483,0.024060428142547607,1.0
all,0.1000,wor-uniform,483,0.025876879692077637,1.0
all,0.1000,wor-active,484,0.02385234832763672,1.0
all,0.1000,wor-uniform,484,0.027211666107177734,1.0
all,0.1000,wor-active,485,0.02362649142742157,1.0
all,0.1000,wor-uniform,485,0.02654498815536499,1.0
all,0.1000,wor-active,486,0.0247994065284729,1.0
all,0.1000,wor-uniform,486,0.025738462805747986,1.0
all,0.1000,wor-active,487,0.025145351886749268,1.0
all,0.1000,wor-uniform,487,0.025157883763313293,1.0
all,0.1000,wor-active,488,0.02323998510837555,1.0
all,0.1000,wor-uniform,488,0.027069255709648132,1.0
all,0.1000,wor-active,489,0.02312222123146057,0.0
all,0.1000,wor-uniform,489,0.026415586471557617,0.0
all,0.1000,wor-active,490,0.02196502685546875,1.0
all,0.1000,wor-uniform,490,0.027619019150733948,1.0
all,0.1000,wor-active,491,0.02512723207473755,1.0
all,0.1000,wor-uniform,491,0.02746988832950592,1.0
all,0.1000,wor-active,492,0.02393287420272827,1.0
all,0.1000,wor-uniform,492,0.027028918266296387,1.0
all,0.1000,wor-active,493,0.02197718620300293,1.0
all,0.1000,wor-uniform,493,0.026121139526367188,1.0
all,0.1000,wor-active,494,0.024157941341400146,1.0
all,0.1000,wor-uniform,494,0.026735901832580566,1.0
all,0.1000,wor-active,495,0.026234447956085205,1.0
all,0.1000,wor-uniform,495,0.026907265186309814,1.0
all,0.1000,wor-active,496,0.021879851818084717,1.0
all,0.1000,wor-uniform,496,0.026059746742248535,1.0
all,0.1000,wor-active,497,0.023282170295715332,0.0
all,0.1000,wor-uniform,497,0.026708051562309265,1.0
all,0.1000,wor-active,498,0.02228127419948578,1.0
all,0.1000,wor-uniform,498,0.02616839110851288,1.0
all,0.1000,wor-active,499,0.024140313267707825,1.0
all,0.1000,wor-uniform,499,0.026500999927520752,1.0
all,0.1000,wor-active,500,0.024931788444519043,1.0
all,0.1000,wor-uniform,500,0.026882469654083252,1.0
all,0.1000,wor-active,501,0.024555861949920654,1.0
all,0.1000,wor-uniform,501,0.02594846487045288,1.0
all,0.1000,wor-active,502,0.02508491277694702,1.0
all,0.1000,wor-uniform,502,0.02730405330657959,1.0
all,0.1000,wor-active,503,0.025097966194152832,1.0
all,0.1000,wor-uniform,503,0.026358529925346375,0.0
all,0.1000,wor-active,504,0.02323131263256073,1.0
all,0.1000,wor-uniform,504,0.02761942148208618,1.0
all,0.1000,wor-active,505,0.024299368262290955,1.0
all,0.1000,wor-uniform,505,0.02643132209777832,1.0
all,0.1000,wor-active,506,0.024197325110435486,1.0
all,0.1000,wor-uniform,506,0.025849416851997375,0.0
all,0.1000,wor-active,507,0.022230863571166992,1.0
all,0.1000,wor-uniform,507,0.02771492302417755,1.0
all,0.1000,wor-active,508,0.022249862551689148,1.0
all,0.1000,wor-uniform,508,0.02698950469493866,1.0
all,0.1000,wor-active,509,0.02461034059524536,1.0
all,0.1000,wor-uniform,509,0.028470277786254883,1.0
all,0.1000,wor-active,510,0.02397942543029785,1.0
all,0.1000,wor-uniform,510,0.026047810912132263,1.0
all,0.1000,wor-active,511,0.02335602045059204,1.0
all,0.1000,wor-uniform,511,0.02569960057735443,1.0
all,0.1000,wor-active,512,0.022849783301353455,1.0
all,0.1000,wor-uniform,512,0.027988910675048828,1.0
all,0.1000,wor-active,513,0.023474931716918945,1.0
all,0.1000,wor-uniform,513,0.02725660800933838,1.0
all,0.1000,wor-active,514,0.022936761379241943,1.0
all,0.1000,wor-uniform,514,0.027197659015655518,1.0
all,0.1000,wor-active,515,0.023507222533226013,1.0
all,0.1000,wor-uniform,515,0.026941955089569092,1.0
all,0.1000,wor-active,516,0.02341669797897339,1.0
all,0.1000,wor-uniform,516,0.02708876132965088,1.0
all,0.1000,wor-active,517,0.023430272936820984,1.0
all,0.1000,wor-uniform,517,0.027267172932624817,1.0
all,0.1000,wor-active,518,0.023008406162261963,1.0
all,0.1000,wor-uniform,518,0.02686208486557007,1.0
all,0.1000,wor-active,519,0.0247994065284729,1.0
all,0.1000,wor-uniform,519,0.028038546442985535,1.0
all,0.1000,wor-active,520,0.02337634563446045,1.0
all,0.1000,wor-uniform,520,0.026489272713661194,1.0
all,0.1000,wor-active,521,0.023830771446228027,1.0
all,0.1000,wor-uniform,521,0.02704806625843048,1.0
all,0.1000,wor-active,522,0.023476004600524902,1.0
all,0.1000,wor-uniform,522,0.02844899892807007,1.0
all,0.1000,wor-active,523,0.023014336824417114,0.0
all,0.1000,wor-uniform,523,0.026826098561286926,0.0
all,0.1000,wor-active,524,0.023324966430664062,1.0
all,0.1000,wor-uniform,524,0.025693342089653015,1.0
all,0.1000,wor-active,525,0.024310708045959473,1.0
all,0.1000,wor-uniform,525,0.026202917098999023,1.0
all,0.1000,wor-active,526,0.024256110191345215,1.0
all,0.1000,wor-uniform,526,0.025844261050224304,1.0
all,0.1000,wor-active,527,0.024635672569274902,1.0
all,0.1000,wor-uniform,527,0.02688772976398468,1.0
all,0.1000,wor-active,528,0.02321070432662964,1.0
all,0.1000,wor-uniform,528,0.02964383363723755,0.0
all,0.1000,wor-active,529,0.024489447474479675,1.0
all,0.1000,wor-uniform,529,0.027063027024269104,1.0
all,0.1000,wor-active,530,0.023093104362487793,1.0
all,0.1000,wor-uniform,530,0.02645742893218994,1.0
all,0.1000,wor-active,531,0.02289503812789917,1.0
all,0.1000,wor-uniform,531,0.02619093656539917,1.0
all,0.1000,wor-active,532,0.02395552396774292,1.0
all,0.1000,wor-uniform,532,0.02789705991744995,1.0
all,0.1000,wor-active,533,0.02359020709991455,1.0
all,0.1000,wor-uniform,533,0.027226150035858154,1.0
all,0.1000,wor-active,534,0.0219220370054245,1.0
all,0.1000,wor-uniform,534,0.02592259645462036,1.0
all,0.1000,wor-active,535,0.024840354919433594,1.0
all,0.1000,wor-uniform,535,0.026037439703941345,1.0
all,0.1000,wor-active,536,0.025450825691223145,1.0
all,0.1000,wor-uniform,536,0.026998326182365417,1.0
all,0.1000,wor-active,537,0.024067223072052002,1.0
all,0.1000,wor-uniform,537,0.026768803596496582,1.0
all,0.1000,wor-active,538,0.023323729634284973,1.0
all,0.1000,wor-uniform,538,0.026363268494606018,1.0
all,0.1000,wor-active,539,0.023901939392089844,1.0
all,0.1000,wor-uniform,539,0.026297330856323242,1.0
all,0.1000,wor-active,540,0.024367570877075195,1.0
all,0.1000,wor-uniform,540,0.026843830943107605,1.0
all,0.1000,wor-active,541,0.025391042232513428,1.0
all,0.1000,wor-uniform,541,0.02757968008518219,1.0
all,0.1000,wor-active,542,0.023260116577148438,1.0
all,0.1000,wor-uniform,542,0.027190998196601868,1.0
all,0.1000,wor-active,543,0.025640130043029785,1.0
all,0.1000,wor-uniform,543,0.025824740529060364,1.0
all,0.1000,wor-active,544,0.022971943020820618,1.0
all,0.1000,wor-uniform,544,0.02732008695602417,1.0
all,0.1000,wor-active,545,0.024394676089286804,1.0
all,0.1000,wor-uniform,545,0.026347443461418152,1.0
all,0.1000,wor-active,546,0.024488314986228943,1.0
all,0.1000,wor-uniform,546,0.02780306339263916,1.0
all,0.1000,wor-active,547,0.02294337749481201,1.0
all,0.1000,wor-uniform,547,0.02548404037952423,1.0
all,0.1000,wor-active,548,0.021986380219459534,1.0
all,0.1000,wor-uniform,548,0.027870938181877136,1.0
all,0.1000,wor-active,549,0.02316729724407196,1.0
all,0.1000,wor-uniform,549,0.027208805084228516,1.0
all,0.1000,wor-active,550,0.02332746982574463,1.0
all,0.1000,wor-uniform,550,0.02647380530834198,1.0
all,0.1000,wor-active,551,0.023053571581840515,1.0
all,0.1000,wor-uniform,551,0.02596224844455719,1.0
all,0.1000,wor-active,552,0.021655291318893433,0.0
all,0.1000,wor-uniform,552,0.02786850929260254,1.0
all,0.1000,wor-active,553,0.023291468620300293,1.0
all,0.1000,wor-uniform,553,0.026369497179985046,1.0
all,0.1000,wor-active,554,0.024030521512031555,1.0
all,0.1000,wor-uniform,554,0.026449203491210938,1.0
all,0.1000,wor-active,555,0.023372530937194824,1.0
all,0.1000,wor-uniform,555,0.026723504066467285,1.0
all,0.1000,wor-active,556,0.024020493030548096,1.0
all,0.1000,wor-uniform,556,0.026032760739326477,1.0
all,0.1000,wor-active,557,0.024987444281578064,1.0
all,0.1000,wor-uniform,557,0.026898875832557678,1.0
all,0.1000,wor-active,558,0.022630155086517334,1.0
all,0.1000,wor-uniform,558,0.027879714965820312,1.0
all,0.1000,wor-active,559,0.022949501872062683,1.0
all,0.1000,wor-uniform,559,0.02758486568927765,1.0
all,0.1000,wor-active,560,0.02426391839981079,1.0
all,0.1000,wor-uniform,560,0.026675522327423096,1.0
all,0.1000,wor-active,561,0.024466991424560547,1.0
all,0.1000,wor-uniform,561,0.02618885040283203,1.0
all,0.1000,wor-active,562,0.02226860821247101,1.0
all,0.1000,wor-uniform,562,0.02776956558227539,1.0
all,0.1000,wor-active,563,0.024748921394348145,1.0
all,0.1000,wor-uniform,563,0.027611136436462402,1.0
all,0.1000,wor-active,564,0.02535879611968994,1.0
all,0.1000,wor-uniform,564,0.024744421243667603,0.0
all,0.1000,wor-active,565,0.02357536554336548,1.0
all,0.1000,wor-uniform,565,0.026585742831230164,1.0
all,0.1000,wor-active,566,0.022575020790100098,1.0
all,0.1000,wor-uniform,566,0.027235329151153564,1.0
all,0.1000,wor-active,567,0.024576187133789062,1.0
all,0.1000,wor-uniform,567,0.027646660804748535,1.0
all,0.1000,wor-active,568,0.02278713881969452,1.0
all,0.1000,wor-uniform,568,0.026265203952789307,1.0
all,0.1000,wor-active,569,0.024811670184135437,1.0
all,0.1000,wor-uniform,569,0.025744572281837463,1.0
all,0.1000,wor-active,570,0.025204122066497803,1.0
all,0.1000,wor-uniform,570,0.02779977023601532,1.0
all,0.1000,wor-active,571,0.02412678301334381,1.0
all,0.1000,wor-uniform,571,0.025849342346191406,1.0
all,0.1000,wor-active,572,0.023419618606567383,1.0
all,0.1000,wor-uniform,572,0.027450740337371826,1.0
all,0.1000,wor-active,573,0.022750794887542725,1.0
all,0.1000,wor-uniform,573,0.02764226496219635,1.0
all,0.1000,wor-active,574,0.02306477725505829,1.0
all,0.1000,wor-uniform,574,0.02631978690624237,1.0
all,0.1000,wor-active,575,0.025510728359222412,1.0
all,0.1000,wor-uniform,575,0.026089489459991455,1.0
all,0.1000,wor-active,576,0.023389995098114014,0.0
all,0.1000,wor-uniform,576,0.025984421372413635,1.0
all,0.1000,wor-active,577,0.023160159587860107,1.0
all,0.1000,wor-uniform,577,0.02693992853164673,1.0
all,0.1000,wor-active,578,0.0234525203704834,1.0
all,0.1000,wor-uniform,578,0.026101484894752502,1.0
all,0.1000,wor-active,579,0.02380521595478058,1.0
all,0.1000,wor-uniform,579,0.026027977466583252,1.0
all,0.1000,wor-active,580,0.023373469710350037,1.0
all,0.1000,wor-uniform,580,0.02649034559726715,1.0
all,0.1000,wor-active,581,0.023249551653862,1.0
all,0.1000,wor-uniform,581,0.02706730365753174,1.0
all,0.1000,wor-active,582,0.023314878344535828,1.0
all,0.1000,wor-uniform,582,0.027353405952453613,1.0
all,0.1000,wor-active,583,0.02257348597049713,1.0
all,0.1000,wor-uniform,583,0.026541873812675476,1.0
all,0.1000,wor-active,584,0.025632083415985107,1.0
all,0.1000,wor-uniform,584,0.027225151658058167,1.0
all,0.1000,wor-active,585,0.024078533053398132,1.0
all,0.1000,wor-uniform,585,0.02712501585483551,1.0
all,0.1000,wor-active,586,0.02399866282939911,1.0
all,0.1000,wor-uniform,586,0.025837793946266174,1.0
all,0.1000,wor-active,587,0.022886261343955994,1.0
all,0.1000,wor-uniform,587,0.02717357873916626,1.0
all,0.1000,wor-active,588,0.02362293004989624,1.0
all,0.1000,wor-uniform,588,0.0269620418548584,1.0
all,0.1000,wor-active,589,0.02322542667388916,1.0
all,0.1000,wor-uniform,589,0.027623474597930908,1.0
all,0.1000,wor-active,590,0.024953126907348633,0.0
all,0.1000,wor-uniform,590,0.02653302252292633,1.0
all,0.1000,wor-active,591,0.023271411657333374,1.0
all,0.1000,wor-uniform,591,0.02608048915863037,1.0
all,0.1000,wor-active,592,0.024059593677520752,1.0
all,0.1000,wor-uniform,592,0.027273178100585938,1.0
all,0.1000,wor-active,593,0.02451835572719574,1.0
all,0.1000,wor-uniform,593,0.02742302417755127,1.0
all,0.1000,wor-active,594,0.022428572177886963,1.0
all,0.1000,wor-uniform,594,0.026816487312316895,1.0
all,0.1000,wor-active,595,0.023808300495147705,1.0
all,0.1000,wor-uniform,595,0.027348592877388,1.0
all,0.1000,wor-active,596,0.022337377071380615,1.0
all,0.1000,wor-uniform,596,0.027778148651123047,1.0
all,0.1000,wor-active,597,0.025473251938819885,1.0
all,0.1000,wor-uniform,597,0.027351126074790955,1.0
all,0.1000,wor-active,598,0.022320494055747986,0.0
all,0.1000,wor-uniform,598,0.026805564761161804,1.0
all,0.1000,wor-active,599,0.024561941623687744,1.0
all,0.1000,wor-uniform,599,0.026448309421539307,1.0
all,0.1000,wor-active,600,0.026073098182678223,1.0
all,0.1000,wor-uniform,600,0.02663099765777588,0.0
all,0.1000,wor-active,601,0.024973273277282715,1.0
all,0.1000,wor-uniform,601,0.026035547256469727,1.0
all,0.1000,wor-active,602,0.02461153268814087,1.0
all,0.1000,wor-uniform,602,0.027160227298736572,1.0
all,0.1000,wor-active,603,0.024323567748069763,1.0
all,0.1000,wor-uniform,603,0.026120707392692566,1.0
all,0.1000,wor-active,604,0.023411273956298828,1.0
all,0.1000,wor-uniform,604,0.026675060391426086,1.0
all,0.1000,wor-active,605,0.023765504360198975,1.0
all,0.1000,wor-uniform,605,0.027401745319366455,1.0
all,0.1000,wor-active,606,0.02471792697906494,1.0
all,0.1000,wor-uniform,606,0.026532486081123352,1.0
all,0.1000,wor-active,607,0.023836731910705566,0.0
all,0.1000,wor-uniform,607,0.027290165424346924,1.0
all,0.1000,wor-active,608,0.02411872148513794,0.0
all,0.1000,wor-uniform,608,0.02714747190475464,1.0
all,0.1000,wor-active,609,0.024452030658721924,1.0
all,0.1000,wor-uniform,609,0.02640557289123535,1.0
all,0.1000,wor-active,610,0.024344146251678467,1.0
all,0.1000,wor-uniform,610,0.027401044964790344,1.0
all,0.1000,wor-active,611,0.025142714381217957,1.0
all,0.1000,wor-uniform,611,0.027321696281433105,1.0
all,0.1000,wor-active,612,0.021738454699516296,1.0
all,0.1000,wor-uniform,612,0.02653871476650238,1.0
all,0.1000,wor-active,613,0.02514044940471649,1.0
all,0.1000,wor-uniform,613,0.02631954848766327,1.0
all,0.1000,wor-active,614,0.02479797601699829,0.0
all,0.1000,wor-uniform,614,0.027304604649543762,1.0
all,0.1000,wor-active,615,0.025069117546081543,1.0
all,0.1000,wor-uniform,615,0.026760637760162354,1.0
all,0.1000,wor-active,616,0.02303469181060791,1.0
all,0.1000,wor-uniform,616,0.02687174081802368,1.0
all,0.1000,wor-active,617,0.022613883018493652,1.0
all,0.1000,wor-uniform,617,0.025984525680541992,1.0
all,0.1000,wor-active,618,0.023292362689971924,1.0
all,0.1000,wor-uniform,618,0.027316510677337646,1.0
all,0.1000,wor-active,619,0.02443079650402069,1.0
all,0.1000,wor-uniform,619,0.026766464114189148,1.0
all,0.1000,wor-active,620,0.02260369062423706,1.0
all,0.1000,wor-uniform,620,0.027315735816955566,1.0
all,0.1000,wor-active,621,0.024430394172668457,1.0
all,0.1000,wor-uniform,621,0.02460038661956787,1.0
all,0.1000,wor-active,622,0.022291064262390137,1.0
all,0.1000,wor-uniform,622,0.026093721389770508,1.0
all,0.1000,wor-active,623,0.024049103260040283,1.0
all,0.1000,wor-uniform,623,0.026618704199790955,1.0
all,0.1000,wor-active,624,0.022064387798309326,1.0
all,0.1000,wor-uniform,624,0.02575165033340454,1.0
all,0.1000,wor-active,625,0.025877416133880615,1.0
all,0.1000,wor-uniform,625,0.027758851647377014,1.0
all,0.1000,wor-active,626,0.021836280822753906,1.0
all,0.1000,wor-uniform,626,0.026226654648780823,1.0
all,0.1000,wor-active,627,0.02277272939682007,1.0
all,0.1000,wor-uniform,627,0.0255773663520813,0.0
all,0.1000,wor-active,628,0.024594902992248535,1.0
all,0.1000,wor-uniform,628,0.025718331336975098,1.0
all,0.1000,wor-active,629,0.02327774465084076,1.0
all,0.1000,wor-uniform,629,0.027001962065696716,1.0
all,0.1000,wor-active,630,0.02370554208755493,1.0
all,0.1000,wor-uniform,630,0.02664513885974884,1.0
all,0.1000,wor-active,631,0.02406392991542816,1.0
all,0.1000,wor-uniform,631,0.028242528438568115,1.0
all,0.1000,wor-active,632,0.02470022439956665,1.0
all,0.1000,wor-uniform,632,0.026653707027435303,1.0
all,0.1000,wor-active,633,0.023560866713523865,1.0
all,0.1000,wor-uniform,633,0.02701948583126068,1.0
all,0.1000,wor-active,634,0.021435752511024475,1.0
all,0.1000,wor-uniform,634,0.027030348777770996,1.0
all,0.1000,wor-active,635,0.024385809898376465,1.0
all,0.1000,wor-uniform,635,0.02631223201751709,1.0
all,0.1000,wor-active,636,0.024328723549842834,1.0
all,0.1000,wor-uniform,636,0.02710503339767456,1.0
all,0.1000,wor-active,637,0.024053871631622314,1.0
all,0.1000,wor-uniform,637,0.0263252854347229,1.0
all,0.1000,wor-active,638,0.023033425211906433,1.0
all,0.1000,wor-uniform,638,0.02792799472808838,1.0
all,0.1000,wor-active,639,0.021506622433662415,1.0
all,0.1000,wor-uniform,639,0.027721300721168518,1.0
all,0.1000,wor-active,640,0.02580815553665161,1.0
all,0.1000,wor-uniform,640,0.02840101718902588,1.0
all,0.1000,wor-active,641,0.02452331781387329,1.0
all,0.1000,wor-uniform,641,0.02551710605621338,1.0
all,0.1000,wor-active,642,0.023395895957946777,1.0
all,0.1000,wor-uniform,642,0.027093052864074707,1.0
all,0.1000,wor-active,643,0.02660590410232544,0.0
all,0.1000,wor-uniform,643,0.02607695758342743,1.0
all,0.1000,wor-active,644,0.024127528071403503,1.0
all,0.1000,wor-uniform,644,0.027391955256462097,1.0
all,0.1000,wor-active,645,0.02282436192035675,1.0
all,0.1000,wor-uniform,645,0.025992408394813538,1.0
all,0.1000,wor-active,646,0.022729501128196716,1.0
all,0.1000,wor-uniform,646,0.026291489601135254,1.0
all,0.1000,wor-active,647,0.02429981529712677,1.0
all,0.1000,wor-uniform,647,0.026331916451454163,1.0
all,0.1000,wor-active,648,0.024761423468589783,1.0
all,0.1000,wor-uniform,648,0.02838282287120819,1.0
all,0.1000,wor-active,649,0.023672983050346375,1.0
all,0.1000,wor-uniform,649,0.028075575828552246,1.0
all,0.1000,wor-active,650,0.026192069053649902,1.0
all,0.1000,wor-uniform,650,0.025941520929336548,0.0
all,0.1000,wor-active,651,0.0244140625,1.0
all,0.1000,wor-uniform,651,0.02664250135421753,1.0
all,0.1000,wor-active,652,0.02597188949584961,1.0
all,0.1000,wor-uniform,652,0.027649566531181335,1.0
all,0.1000,wor-active,653,0.024973466992378235,1.0
all,0.1000,wor-uniform,653,0.02683800458908081,1.0
all,0.1000,wor-active,654,0.025160029530525208,1.0
all,0.1000,wor-uniform,654,0.027053117752075195,1.0
all,0.1000,wor-active,655,0.024735093116760254,1.0
all,0.1000,wor-uniform,655,0.028006941080093384,1.0
all,0.1000,wor-active,656,0.02324146032333374,1.0
all,0.1000,wor-uniform,656,0.028426289558410645,1.0
all,0.1000,wor-active,657,0.024698615074157715,1.0
all,0.1000,wor-uniform,657,0.026615962386131287,1.0
all,0.1000,wor-active,658,0.024485230445861816,1.0
all,0.1000,wor-uniform,658,0.026349857449531555,1.0
all,0.1000,wor-active,659,0.023849546909332275,1.0
all,0.1000,wor-uniform,659,0.027326107025146484,1.0
all,0.1000,wor-active,660,0.023547232151031494,1.0
all,0.1000,wor-uniform,660,0.026479482650756836,1.0
all,0.1000,wor-active,661,0.020855426788330078,1.0
all,0.1000,wor-uniform,661,0.026162102818489075,1.0
all,0.1000,wor-active,662,0.02362881600856781,1.0
all,0.1000,wor-uniform,662,0.02707904577255249,1.0
all,0.1000,wor-active,663,0.02345290780067444,1.0
all,0.1000,wor-uniform,663,0.027539610862731934,1.0
all,0.1000,wor-active,664,0.024343684315681458,1.0
all,0.1000,wor-uniform,664,0.02780371904373169,0.0
all,0.1000,wor-active,665,0.024304330348968506,1.0
all,0.1000,wor-uniform,665,0.026082754135131836,1.0
all,0.1100,wor-active,333,0.023663103580474854,1.0
all,0.1100,wor-uniform,333,0.025511249899864197,1.0
all,0.1100,wor-active,334,0.023228466510772705,1.0
all,0.1100,wor-uniform,334,0.025726914405822754,1.0
all,0.1100,wor-active,335,0.022287487983703613,1.0
all,0.1100,wor-uniform,335,0.025373220443725586,1.0
all,0.1100,wor-active,336,0.023112177848815918,1.0
all,0.1100,wor-uniform,336,0.025971725583076477,1.0
all,0.1100,wor-active,337,0.022432222962379456,1.0
all,0.1100,wor-uniform,337,0.025212928652763367,1.0
all,0.1100,wor-active,338,0.02361959218978882,1.0
all,0.1100,wor-uniform,338,0.02538275718688965,1.0
all,0.1100,wor-active,339,0.021317660808563232,1.0
all,0.1100,wor-uniform,339,0.026124298572540283,1.0
all,0.1100,wor-active,340,0.021410584449768066,1.0
all,0.1100,wor-uniform,340,0.025502681732177734,1.0
all,0.1100,wor-active,341,0.021870672702789307,1.0
all,0.1100,wor-uniform,341,0.024954378604888916,1.0
all,0.1100,wor-active,342,0.02341151237487793,1.0
all,0.1100,wor-uniform,342,0.02574300765991211,1.0
all,0.1100,wor-active,343,0.023389041423797607,1.0
all,0.1100,wor-uniform,343,0.024369359016418457,1.0
all,0.1100,wor-active,344,0.022574111819267273,1.0
all,0.1100,wor-uniform,344,0.026560306549072266,1.0
all,0.1100,wor-active,345,0.020659148693084717,1.0
all,0.1100,wor-uniform,345,0.02614462375640869,1.0
all,0.1100,wor-active,346,0.023246347904205322,1.0
all,0.1100,wor-uniform,346,0.025906264781951904,1.0
all,0.1100,wor-active,347,0.02278842031955719,1.0
all,0.1100,wor-uniform,347,0.025613531470298767,1.0
all,0.1100,wor-active,348,0.02307504415512085,1.0
all,0.1100,wor-uniform,348,0.025951147079467773,1.0
all,0.1100,wor-active,349,0.02086162567138672,1.0
all,0.1100,wor-uniform,349,0.025523126125335693,1.0
all,0.1100,wor-active,350,0.022642478346824646,1.0
all,0.1100,wor-uniform,350,0.026176869869232178,1.0
all,0.1100,wor-active,351,0.02168029546737671,1.0
all,0.1100,wor-uniform,351,0.024815157055854797,1.0
all,0.1100,wor-active,352,0.023002922534942627,1.0
all,0.1100,wor-uniform,352,0.02553868293762207,0.0
all,0.1100,wor-active,353,0.022456347942352295,1.0
all,0.1100,wor-uniform,353,0.025848805904388428,0.0
all,0.1100,wor-active,354,0.02435159683227539,1.0
all,0.1100,wor-uniform,354,0.025688588619232178,1.0
all,0.1100,wor-active,355,0.023270800709724426,1.0
all,0.1100,wor-uniform,355,0.026094630360603333,1.0
all,0.1100,wor-active,356,0.024432480335235596,0.0
all,0.1100,wor-uniform,356,0.024101123213768005,1.0
all,0.1100,wor-active,357,0.02323019504547119,1.0
all,0.1100,wor-uniform,357,0.024445712566375732,1.0
all,0.1100,wor-active,358,0.02236942946910858,1.0
all,0.1100,wor-uniform,358,0.026288866996765137,1.0
all,0.1100,wor-active,359,0.02196483314037323,1.0
all,0.1100,wor-uniform,359,0.02513909339904785,1.0
all,0.1100,wor-active,360,0.021551772952079773,1.0
all,0.1100,wor-uniform,360,0.02686728537082672,1.0
all,0.1100,wor-active,361,0.022722378373146057,1.0
all,0.1100,wor-uniform,361,0.024635329842567444,1.0
all,0.1100,wor-active,362,0.02162468433380127,1.0
all,0.1100,wor-uniform,362,0.025684475898742676,1.0
all,0.1100,wor-active,363,0.021403953433036804,1.0
all,0.1100,wor-uniform,363,0.02498573064804077,1.0
all,0.1100,wor-active,364,0.02311033010482788,1.0
all,0.1100,wor-uniform,364,0.02614504098892212,1.0
all,0.1100,wor-active,365,0.021692514419555664,1.0
all,0.1100,wor-uniform,365,0.025896430015563965,1.0
all,0.1100,wor-active,366,0.023281753063201904,1.0
all,0.1100,wor-uniform,366,0.026011541485786438,1.0
all,0.1100,wor-active,367,0.022682860493659973,1.0
all,0.1100,wor-uniform,367,0.02534542977809906,1.0
all,0.1100,wor-active,368,0.02252870798110962,1.0
all,0.1100,wor-uniform,368,0.025345146656036377,1.0
all,0.1100,wor-active,369,0.022798657417297363,1.0
all,0.1100,wor-uniform,369,0.025261536240577698,1.0
all,0.1100,wor-active,370,0.022318363189697266,1.0
all,0.1100,wor-uniform,370,0.025796890258789062,1.0
all,0.1100,wor-active,371,0.022463738918304443,1.0
all,0.1100,wor-uniform,371,0.024470254778862,1.0
all,0.1100,wor-active,372,0.02287358045578003,1.0
all,0.1100,wor-uniform,372,0.02586553990840912,1.0
all,0.1100,wor-active,373,0.02213466167449951,1.0
all,0.1100,wor-uniform,373,0.02427220344543457,1.0
all,0.1100,wor-active,374,0.02248305082321167,1.0
all,0.1100,wor-uniform,374,0.0264207124710083,1.0
all,0.1100,wor-active,375,0.023285791277885437,1.0
all,0.1100,wor-uniform,375,0.025491908192634583,1.0
all,0.1100,wor-active,376,0.022676944732666016,1.0
all,0.1100,wor-uniform,376,0.024792253971099854,1.0
all,0.1100,wor-active,377,0.022543713450431824,1.0
all,0.1100,wor-uniform,377,0.024338603019714355,1.0
all,0.1100,wor-active,378,0.021297991275787354,1.0
all,0.1100,wor-uniform,378,0.024901151657104492,1.0
all,0.1100,wor-active,379,0.022335126996040344,1.0
all,0.1100,wor-uniform,379,0.02594001591205597,1.0
all,0.1100,wor-active,380,0.02197730541229248,1.0
all,0.1100,wor-uniform,380,0.024331435561180115,1.0
all,0.1100,wor-active,381,0.022781193256378174,1.0
all,0.1100,wor-uniform,381,0.02652895450592041,1.0
all,0.1100,wor-active,382,0.022780120372772217,1.0
all,0.1100,wor-uniform,382,0.02436669170856476,1.0
all,0.1100,wor-active,383,0.022776782512664795,1.0
all,0.1100,wor-uniform,383,0.025797009468078613,1.0
all,0.1100,wor-active,384,0.024205446243286133,1.0
all,0.1100,wor-uniform,384,0.025824248790740967,1.0
all,0.1100,wor-active,385,0.021841540932655334,1.0
all,0.1100,wor-uniform,385,0.025259435176849365,1.0
all,0.1100,wor-active,386,0.023578599095344543,1.0
all,0.1100,wor-uniform,386,0.02513168752193451,1.0
all,0.1100,wor-active,387,0.021933376789093018,1.0
all,0.1100,wor-uniform,387,0.026046335697174072,1.0
all,0.1100,wor-active,388,0.02363578975200653,1.0
all,0.1100,wor-uniform,388,0.026363015174865723,1.0
all,0.1100,wor-active,389,0.024132370948791504,1.0
all,0.1100,wor-uniform,389,0.025078728795051575,1.0
all,0.1100,wor-active,390,0.022003397345542908,1.0
all,0.1100,wor-uniform,390,0.025928080081939697,1.0
all,0.1100,wor-active,391,0.021106839179992676,1.0
all,0.1100,wor-uniform,391,0.02504056692123413,1.0
all,0.1100,wor-active,392,0.021597519516944885,1.0
all,0.1100,wor-uniform,392,0.024875521659851074,1.0
all,0.1100,wor-active,393,0.023105844855308533,1.0
all,0.1100,wor-uniform,393,0.02611936628818512,1.0
all,0.1100,wor-active,394,0.022164881229400635,1.0
all,0.1100,wor-uniform,394,0.025982394814491272,1.0
all,0.1100,wor-active,395,0.021851539611816406,1.0
all,0.1100,wor-uniform,395,0.024954453110694885,1.0
all,0.1100,wor-active,396,0.021163687109947205,1.0
all,0.1100,wor-uniform,396,0.02513045072555542,1.0
all,0.1100,wor-active,397,0.022592008113861084,1.0
all,0.1100,wor-uniform,397,0.025220200419425964,1.0
all,0.1100,wor-active,398,0.021448910236358643,1.0
all,0.1100,wor-uniform,398,0.025429368019104004,1.0
all,0.1100,wor-active,399,0.02152717113494873,1.0
all,0.1100,wor-uniform,399,0.025266647338867188,1.0
all,0.1100,wor-active,400,0.021611154079437256,1.0
all,0.1100,wor-uniform,400,0.02613919973373413,1.0
all,0.1100,wor-active,401,0.02176763117313385,1.0
all,0.1100,wor-uniform,401,0.025620102882385254,1.0
all,0.1100,wor-active,402,0.02280646562576294,1.0
all,0.1100,wor-uniform,402,0.02492886781692505,1.0
all,0.1100,wor-active,403,0.02151024341583252,1.0
all,0.1100,wor-uniform,403,0.02655881643295288,1.0
all,0.1100,wor-active,404,0.02119886875152588,1.0
all,0.1100,wor-uniform,404,0.025162994861602783,1.0
all,0.1100,wor-active,405,0.022221803665161133,1.0
all,0.1100,wor-uniform,405,0.02514636516571045,1.0
all,0.1100,wor-active,406,0.02382338047027588,1.0
all,0.1100,wor-uniform,406,0.02504660189151764,1.0
all,0.1100,wor-active,407,0.020488500595092773,1.0
all,0.1100,wor-uniform,407,0.024611830711364746,1.0
all,0.1100,wor-active,408,0.023574471473693848,1.0
all,0.1100,wor-uniform,408,0.024188503623008728,1.0
all,0.1100,wor-active,409,0.022812142968177795,1.0
all,0.1100,wor-uniform,409,0.02502429485321045,1.0
all,0.1100,wor-active,410,0.02253115177154541,1.0
all,0.1100,wor-uniform,410,0.025170043110847473,0.0
all,0.1100,wor-active,411,0.02272486686706543,1.0
all,0.1100,wor-uniform,411,0.02620135247707367,1.0
all,0.1100,wor-active,412,0.02252267301082611,1.0
all,0.1100,wor-uniform,412,0.02541162073612213,1.0
all,0.1100,wor-active,413,0.022244691848754883,1.0
all,0.1100,wor-uniform,413,0.02654552459716797,1.0
all,0.1100,wor-active,414,0.02392280101776123,1.0
all,0.1100,wor-uniform,414,0.024755775928497314,1.0
all,0.1100,wor-active,415,0.02164684236049652,1.0
all,0.1100,wor-uniform,415,0.02657616138458252,0.0
all,0.1100,wor-active,416,0.019830331206321716,1.0
all,0.1100,wor-uniform,416,0.025866374373435974,1.0
all,0.1100,wor-active,417,0.023896336555480957,0.0
all,0.1100,wor-uniform,417,0.024221226572990417,1.0
all,0.1100,wor-active,418,0.02269655466079712,1.0
all,0.1100,wor-uniform,418,0.025279104709625244,1.0
all,0.1100,wor-active,419,0.02239680290222168,1.0
all,0.1100,wor-uniform,419,0.024883747100830078,1.0
all,0.1100,wor-active,420,0.02138584852218628,1.0
all,0.1100,wor-uniform,420,0.024454057216644287,1.0
all,0.1100,wor-active,421,0.022437989711761475,1.0
all,0.1100,wor-uniform,421,0.025757014751434326,1.0
all,0.1100,wor-active,422,0.02179962396621704,1.0
all,0.1100,wor-uniform,422,0.02609419822692871,1.0
all,0.1100,wor-active,423,0.02210313081741333,1.0
all,0.1100,wor-uniform,423,0.025758743286132812,1.0
all,0.1100,wor-active,424,0.022981703281402588,1.0
all,0.1100,wor-uniform,424,0.02631218731403351,1.0
all,0.1100,wor-active,425,0.02356886863708496,1.0
all,0.1100,wor-uniform,425,0.02613133192062378,1.0
all,0.1100,wor-active,426,0.023000240325927734,1.0
all,0.1100,wor-uniform,426,0.025002241134643555,1.0
all,0.1100,wor-active,427,0.02126963436603546,1.0
all,0.1100,wor-uniform,427,0.024531424045562744,1.0
all,0.1100,wor-active,428,0.02230536937713623,1.0
all,0.1100,wor-uniform,428,0.026316985487937927,1.0
all,0.1100,wor-active,429,0.022789061069488525,1.0
all,0.1100,wor-uniform,429,0.0255582332611084,1.0
all,0.1100,wor-active,430,0.021596193313598633,1.0
all,0.1100,wor-uniform,430,0.025284945964813232,1.0
all,0.1100,wor-active,431,0.021465778350830078,1.0
all,0.1100,wor-uniform,431,0.02518540620803833,1.0
all,0.1100,wor-active,432,0.022226393222808838,1.0
all,0.1100,wor-uniform,432,0.024995386600494385,1.0
all,0.1100,wor-active,433,0.02295386791229248,1.0
all,0.1100,wor-uniform,433,0.0257604718208313,1.0
all,0.1100,wor-active,434,0.02291017770767212,1.0
all,0.1100,wor-uniform,434,0.025710582733154297,1.0
all,0.1100,wor-active,435,0.02122342586517334,1.0
all,0.1100,wor-uniform,435,0.02728933095932007,1.0
all,0.1100,wor-active,436,0.02288752794265747,1.0
all,0.1100,wor-uniform,436,0.025586485862731934,1.0
all,0.1100,wor-active,437,0.022571265697479248,1.0
all,0.1100,wor-uniform,437,0.025490283966064453,1.0
all,0.1100,wor-active,438,0.023686647415161133,0.0
all,0.1100,wor-uniform,438,0.025102004408836365,1.0
all,0.1100,wor-active,439,0.022660374641418457,1.0
all,0.1100,wor-uniform,439,0.02567864954471588,1.0
all,0.1100,wor-active,440,0.02172650396823883,1.0
all,0.1100,wor-uniform,440,0.02467222511768341,1.0
all,0.1100,wor-active,441,0.022659793496131897,1.0
all,0.1100,wor-uniform,441,0.025496259331703186,1.0
all,0.1100,wor-active,442,0.02123488485813141,1.0
all,0.1100,wor-uniform,442,0.025129079818725586,1.0
all,0.1100,wor-active,443,0.022095516324043274,1.0
all,0.1100,wor-uniform,443,0.02675814926624298,1.0
all,0.1100,wor-active,444,0.022017166018486023,1.0
all,0.1100,wor-uniform,444,0.025109604001045227,1.0
all,0.1100,wor-active,445,0.02353304624557495,1.0
all,0.1100,wor-uniform,445,0.025370121002197266,1.0
all,0.1100,wor-active,446,0.023279249668121338,1.0
all,0.1100,wor-uniform,446,0.024320244789123535,1.0
all,0.1100,wor-active,447,0.022785767912864685,1.0
all,0.1100,wor-uniform,447,0.025233224034309387,1.0
all,0.1100,wor-active,448,0.02448374032974243,1.0
all,0.1100,wor-uniform,448,0.026320993900299072,1.0
all,0.1100,wor-active,449,0.02324998378753662,1.0
all,0.1100,wor-uniform,449,0.025135383009910583,1.0
all,0.1100,wor-active,450,0.02251666784286499,1.0
all,0.1100,wor-uniform,450,0.025043070316314697,1.0
all,0.1100,wor-active,451,0.02214781939983368,1.0
all,0.1100,wor-uniform,451,0.02593158185482025,1.0
all,0.1100,wor-active,452,0.022636428475379944,1.0
all,0.1100,wor-uniform,452,0.025623247027397156,1.0
all,0.1100,wor-active,453,0.021815061569213867,1.0
all,0.1100,wor-uniform,453,0.02410951256752014,1.0
all,0.1100,wor-active,454,0.022828206419944763,1.0
all,0.1100,wor-uniform,454,0.025037109851837158,1.0
all,0.1100,wor-active,455,0.02292482554912567,1.0
all,0.1100,wor-uniform,455,0.024945423007011414,1.0
all,0.1100,wor-active,456,0.02127283811569214,1.0
all,0.1100,wor-uniform,456,0.025905728340148926,1.0
all,0.1100,wor-active,457,0.02223384380340576,1.0
all,0.1100,wor-uniform,457,0.026821494102478027,1.0
all,0.1100,wor-active,458,0.021969079971313477,1.0
all,0.1100,wor-uniform,458,0.025055810809135437,1.0
all,0.1100,wor-active,459,0.02401334047317505,1.0
all,0.1100,wor-uniform,459,0.024315491318702698,1.0
all,0.1100,wor-active,460,0.021839261054992676,1.0
all,0.1100,wor-uniform,460,0.024363458156585693,1.0
all,0.1100,wor-active,461,0.02445310354232788,1.0
all,0.1100,wor-uniform,461,0.02543044090270996,1.0
all,0.1100,wor-active,462,0.02277296781539917,1.0
all,0.1100,wor-uniform,462,0.02592293918132782,1.0
all,0.1100,wor-active,463,0.02330547571182251,1.0
all,0.1100,wor-uniform,463,0.025203362107276917,1.0
all,0.1100,wor-active,464,0.02305997908115387,1.0
all,0.1100,wor-uniform,464,0.02617485821247101,1.0
all,0.1100,wor-active,465,0.02260671555995941,1.0
all,0.1100,wor-uniform,465,0.025672972202301025,1.0
all,0.1100,wor-active,466,0.020939752459526062,1.0
all,0.1100,wor-uniform,466,0.02632005512714386,1.0
all,0.1100,wor-active,467,0.021365895867347717,0.0
all,0.1100,wor-uniform,467,0.025780975818634033,1.0
all,0.1100,wor-active,468,0.020230114459991455,1.0
all,0.1100,wor-uniform,468,0.02513986825942993,1.0
all,0.1100,wor-active,469,0.023489773273468018,1.0
all,0.1100,wor-uniform,469,0.025386646389961243,1.0
all,0.1100,wor-active,470,0.022742509841918945,1.0
all,0.1100,wor-uniform,470,0.025024518370628357,1.0
all,0.1100,wor-active,471,0.022150173783302307,1.0
all,0.1100,wor-uniform,471,0.02441781759262085,1.0
all,0.1100,wor-active,472,0.02122056484222412,1.0
all,0.1100,wor-uniform,472,0.025401949882507324,1.0
all,0.1100,wor-active,473,0.021940991282463074,1.0
all,0.1100,wor-uniform,473,0.02697545289993286,1.0
all,0.1100,wor-active,474,0.024093329906463623,1.0
all,0.1100,wor-uniform,474,0.025146201252937317,1.0
all,0.1100,wor-active,475,0.02207903563976288,1.0
all,0.1100,wor-uniform,475,0.02526213228702545,1.0
all,0.1100,wor-active,476,0.021585702896118164,1.0
all,0.1100,wor-uniform,476,0.02437587082386017,1.0
all,0.1100,wor-active,477,0.0236971378326416,1.0
all,0.1100,wor-uniform,477,0.025818422436714172,1.0
all,0.1100,wor-active,478,0.022707998752593994,1.0
all,0.1100,wor-uniform,478,0.02577054500579834,1.0
all,0.1100,wor-active,479,0.024023830890655518,1.0
all,0.1100,wor-uniform,479,0.025133788585662842,1.0
all,0.1100,wor-active,480,0.024091646075248718,1.0
all,0.1100,wor-uniform,480,0.0250941663980484,1.0
all,0.1100,wor-active,481,0.022090554237365723,1.0
all,0.1100,wor-uniform,481,0.023599132895469666,1.0
all,0.1100,wor-active,482,0.023877441883087158,1.0
all,0.1100,wor-uniform,482,0.025066807866096497,1.0
all,0.1100,wor-active,483,0.023417890071868896,1.0
all,0.1100,wor-uniform,483,0.025121524930000305,1.0
all,0.1100,wor-active,484,0.02336917817592621,1.0
all,0.1100,wor-uniform,484,0.024976611137390137,1.0
all,0.1100,wor-active,485,0.022440627217292786,1.0
all,0.1100,wor-uniform,485,0.02565746009349823,1.0
all,0.1100,wor-active,486,0.021974384784698486,1.0
all,0.1100,wor-uniform,486,0.025533616542816162,0.0
all,0.1100,wor-active,487,0.02297598123550415,1.0
all,0.1100,wor-uniform,487,0.025820031762123108,1.0
all,0.1100,wor-active,488,0.020550265908241272,1.0
all,0.1100,wor-uniform,488,0.025434911251068115,1.0
all,0.1100,wor-active,489,0.022548377513885498,1.0
all,0.1100,wor-uniform,489,0.025967419147491455,1.0
all,0.1100,wor-active,490,0.022916629910469055,1.0
all,0.1100,wor-uniform,490,0.026092752814292908,1.0
all,0.1100,wor-active,491,0.02275669574737549,1.0
all,0.1100,wor-uniform,491,0.026510417461395264,1.0
all,0.1100,wor-active,492,0.02259737253189087,1.0
all,0.1100,wor-uniform,492,0.024448677897453308,1.0
all,0.1100,wor-active,493,0.02235281467437744,1.0
all,0.1100,wor-uniform,493,0.024127289652824402,1.0
all,0.1100,wor-active,494,0.02348923683166504,1.0
all,0.1100,wor-uniform,494,0.025301024317741394,1.0
all,0.1100,wor-active,495,0.02220456302165985,1.0
all,0.1100,wor-uniform,495,0.025303542613983154,1.0
all,0.1100,wor-active,496,0.023235559463500977,1.0
all,0.1100,wor-uniform,496,0.02697688341140747,1.0
all,0.1100,wor-active,497,0.024380996823310852,1.0
all,0.1100,wor-uniform,497,0.02434830367565155,0.0
all,0.1100,wor-active,498,0.02415633201599121,1.0
all,0.1100,wor-uniform,498,0.025636836886405945,1.0
all,0.1100,wor-active,499,0.02161496877670288,1.0
all,0.1100,wor-uniform,499,0.025371551513671875,1.0
all,0.1100,wor-active,500,0.02179516851902008,1.0
all,0.1100,wor-uniform,500,0.025078579783439636,1.0
all,0.1100,wor-active,501,0.02269035577774048,1.0
all,0.1100,wor-uniform,501,0.026494547724723816,1.0
all,0.1100,wor-active,502,0.024773061275482178,1.0
all,0.1100,wor-uniform,502,0.026667416095733643,1.0
all,0.1100,wor-active,503,0.021594420075416565,1.0
all,0.1100,wor-uniform,503,0.02624422311782837,1.0
all,0.1100,wor-active,504,0.02163451910018921,1.0
all,0.1100,wor-uniform,504,0.025149405002593994,1.0
all,0.1100,wor-active,505,0.022733137011528015,1.0
all,0.1100,wor-uniform,505,0.025494694709777832,1.0
all,0.1100,wor-active,506,0.022577881813049316,1.0
all,0.1100,wor-uniform,506,0.024843856692314148,1.0
all,0.1100,wor-active,507,0.020839795470237732,1.0
all,0.1100,wor-uniform,507,0.024495139718055725,0.0
all,0.1100,wor-active,508,0.02171623706817627,1.0
all,0.1100,wor-uniform,508,0.02554410696029663,1.0
all,0.1100,wor-active,509,0.02294790744781494,1.0
all,0.1100,wor-uniform,509,0.02606499195098877,0.0
all,0.1100,wor-active,510,0.021264195442199707,1.0
all,0.1100,wor-uniform,510,0.025031745433807373,1.0
all,0.1100,wor-active,511,0.024408116936683655,1.0
all,0.1100,wor-uniform,511,0.025087594985961914,1.0
all,0.1100,wor-active,512,0.021391376852989197,1.0
all,0.1100,wor-uniform,512,0.025519371032714844,1.0
all,0.1100,wor-active,513,0.022012054920196533,1.0
all,0.1100,wor-uniform,513,0.026209935545921326,1.0
all,0.1100,wor-active,514,0.022770285606384277,1.0
all,0.1100,wor-uniform,514,0.024638518691062927,1.0
all,0.1100,wor-active,515,0.023983299732208252,1.0
all,0.1100,wor-uniform,515,0.02522987127304077,1.0
all,0.1100,wor-active,516,0.0221979022026062,1.0
all,0.1100,wor-uniform,516,0.0244024395942688,1.0
all,0.1100,wor-active,517,0.023078545928001404,1.0
all,0.1100,wor-uniform,517,0.025523722171783447,1.0
all,0.1100,wor-active,518,0.022666141390800476,1.0
all,0.1100,wor-uniform,518,0.02563387155532837,1.0
all,0.1100,wor-active,519,0.020522549748420715,1.0
all,0.1100,wor-uniform,519,0.025274038314819336,1.0
all,0.1100,wor-active,520,0.022221580147743225,1.0
all,0.1100,wor-uniform,520,0.025380194187164307,1.0
all,0.1100,wor-active,521,0.02113892138004303,0.0
all,0.1100,wor-uniform,521,0.025813043117523193,1.0
all,0.1100,wor-active,522,0.02230452001094818,1.0
all,0.1100,wor-uniform,522,0.02577531337738037,1.0
all,0.1100,wor-active,523,0.023619115352630615,1.0
all,0.1100,wor-uniform,523,0.026644527912139893,1.0
all,0.1100,wor-active,524,0.023125112056732178,0.0
all,0.1100,wor-uniform,524,0.02617257833480835,1.0
all,0.1100,wor-active,525,0.022728264331817627,1.0
all,0.1100,wor-uniform,525,0.024842500686645508,1.0
all,0.1100,wor-active,526,0.022659778594970703,1.0
all,0.1100,wor-uniform,526,0.02614724636077881,1.0
all,0.1100,wor-active,527,0.02237379550933838,1.0
all,0.1100,wor-uniform,527,0.025725916028022766,1.0
all,0.1100,wor-active,528,0.0223463773727417,1.0
all,0.1100,wor-uniform,528,0.024806976318359375,1.0
all,0.1100,wor-active,529,0.024500489234924316,1.0
all,0.1100,wor-uniform,529,0.025114357471466064,1.0
all,0.1100,wor-active,530,0.023463472723960876,1.0
all,0.1100,wor-uniform,530,0.025644496083259583,1.0
all,0.1100,wor-active,531,0.023356080055236816,1.0
all,0.1100,wor-uniform,531,0.024688541889190674,1.0
all,0.1100,wor-active,532,0.023184359073638916,1.0
all,0.1100,wor-uniform,532,0.02481234073638916,1.0
all,0.1100,wor-active,533,0.021662354469299316,1.0
all,0.1100,wor-uniform,533,0.02596484124660492,1.0
all,0.1100,wor-active,534,0.021728217601776123,1.0
all,0.1100,wor-uniform,534,0.024789035320281982,1.0
all,0.1100,wor-active,535,0.02358800172805786,1.0
all,0.1100,wor-uniform,535,0.025344207882881165,1.0
all,0.1100,wor-active,536,0.024153172969818115,1.0
all,0.1100,wor-uniform,536,0.025743961334228516,1.0
all,0.1100,wor-active,537,0.022868752479553223,1.0
all,0.1100,wor-uniform,537,0.026651665568351746,1.0
all,0.1100,wor-active,538,0.023796603083610535,1.0
all,0.1100,wor-uniform,538,0.025008976459503174,1.0
all,0.1100,wor-active,539,0.02039998769760132,1.0
all,0.1100,wor-uniform,539,0.02570308744907379,1.0
all,0.1100,wor-active,540,0.021041974425315857,1.0
all,0.1100,wor-uniform,540,0.024423956871032715,1.0
all,0.1100,wor-active,541,0.023385047912597656,1.0
all,0.1100,wor-uniform,541,0.024154573678970337,1.0
all,0.1100,wor-active,542,0.022751986980438232,0.0
all,0.1100,wor-uniform,542,0.024917423725128174,1.0
all,0.1100,wor-active,543,0.022807300090789795,1.0
all,0.1100,wor-uniform,543,0.024779364466667175,1.0
all,0.1100,wor-active,544,0.022801756858825684,1.0
all,0.1100,wor-uniform,544,0.02517394721508026,1.0
all,0.1100,wor-active,545,0.02315729856491089,1.0
all,0.1100,wor-uniform,545,0.0249272882938385,1.0
all,0.1100,wor-active,546,0.022420108318328857,1.0
all,0.1100,wor-uniform,546,0.025375351309776306,1.0
all,0.1100,wor-active,547,0.02183210849761963,1.0
all,0.1100,wor-uniform,547,0.025696516036987305,1.0
all,0.1100,wor-active,548,0.02095407247543335,1.0
all,0.1100,wor-uniform,548,0.027342617511749268,1.0
all,0.1100,wor-active,549,0.022621795535087585,1.0
all,0.1100,wor-uniform,549,0.02509617805480957,1.0
all,0.1100,wor-active,550,0.024026989936828613,1.0
all,0.1100,wor-uniform,550,0.026243895292282104,0.0
all,0.1100,wor-active,551,0.022681117057800293,1.0
all,0.1100,wor-uniform,551,0.025036737322807312,1.0
all,0.1100,wor-active,552,0.022361263632774353,1.0
all,0.1100,wor-uniform,552,0.02520531415939331,1.0
all,0.1100,wor-active,553,0.02356112003326416,1.0
all,0.1100,wor-uniform,553,0.02487635612487793,1.0
all,0.1100,wor-active,554,0.022802889347076416,1.0
all,0.1100,wor-uniform,554,0.025454819202423096,1.0
all,0.1100,wor-active,555,0.02266533672809601,1.0
all,0.1100,wor-uniform,555,0.025288760662078857,1.0
all,0.1100,wor-active,556,0.024766743183135986,0.0
all,0.1100,wor-uniform,556,0.02513575553894043,1.0
all,0.1100,wor-active,557,0.02345670759677887,1.0
all,0.1100,wor-uniform,557,0.026391029357910156,1.0
all,0.1100,wor-active,558,0.02449047565460205,1.0
all,0.1100,wor-uniform,558,0.025228023529052734,0.0
all,0.1100,wor-active,559,0.02245105803012848,1.0
all,0.1100,wor-uniform,559,0.02629554271697998,1.0
all,0.1100,wor-active,560,0.022387072443962097,1.0
all,0.1100,wor-uniform,560,0.025043010711669922,1.0
all,0.1100,wor-active,561,0.021274223923683167,1.0
all,0.1100,wor-uniform,561,0.024874135851860046,1.0
all,0.1100,wor-active,562,0.023480713367462158,1.0
all,0.1100,wor-uniform,562,0.02624589204788208,1.0
all,0.1100,wor-active,563,0.022781789302825928,1.0
all,0.1100,wor-uniform,563,0.02421410381793976,1.0
all,0.1100,wor-active,564,0.02307415008544922,1.0
all,0.1100,wor-uniform,564,0.025454267859458923,1.0
all,0.1100,wor-active,565,0.021578386425971985,1.0
all,0.1100,wor-uniform,565,0.024910882115364075,0.0
all,0.1100,wor-active,566,0.02094551920890808,0.0
all,0.1100,wor-uniform,566,0.024231940507888794,0.0
all,0.1100,wor-active,567,0.02221095561981201,1.0
all,0.1100,wor-uniform,567,0.02575784921646118,1.0
all,0.1100,wor-active,568,0.02321504056453705,1.0
all,0.1100,wor-uniform,568,0.025354400277137756,1.0
all,0.1100,wor-active,569,0.021827757358551025,1.0
all,0.1100,wor-uniform,569,0.025738537311553955,1.0
all,0.1100,wor-active,570,0.021358489990234375,1.0
all,0.1100,wor-uniform,570,0.024890780448913574,1.0
all,0.1100,wor-active,571,0.023302435874938965,1.0
all,0.1100,wor-uniform,571,0.026594161987304688,1.0
all,0.1100,wor-active,572,0.020666658878326416,1.0
all,0.1100,wor-uniform,572,0.025450944900512695,1.0
all,0.1100,wor-active,573,0.022908508777618408,1.0
all,0.1100,wor-uniform,573,0.02632814645767212,1.0
all,0.1100,wor-active,574,0.02231501042842865,1.0
all,0.1100,wor-uniform,574,0.026034533977508545,1.0
all,0.1100,wor-active,575,0.022284701466560364,0.0
all,0.1100,wor-uniform,575,0.025006771087646484,1.0
all,0.1100,wor-active,576,0.02179586887359619,1.0
all,0.1100,wor-uniform,576,0.026131093502044678,1.0
all,0.1100,wor-active,577,0.022332370281219482,0.0
all,0.1100,wor-uniform,577,0.025543928146362305,1.0
all,0.1100,wor-active,578,0.023076698184013367,1.0
all,0.1100,wor-uniform,578,0.025247633457183838,1.0
all,0.1100,wor-active,579,0.021626710891723633,1.0
all,0.1100,wor-uniform,579,0.02501535415649414,1.0
all,0.1100,wor-active,580,0.022833168506622314,1.0
all,0.1100,wor-uniform,580,0.025075480341911316,1.0
all,0.1100,wor-active,581,0.022694289684295654,1.0
all,0.1100,wor-uniform,581,0.02566707134246826,1.0
all,0.1100,wor-active,582,0.021198943257331848,1.0
all,0.1100,wor-uniform,582,0.024570420384407043,0.0
all,0.1100,wor-active,583,0.0232088565826416,1.0
all,0.1100,wor-uniform,583,0.02585124969482422,1.0
all,0.1100,wor-active,584,0.02332913875579834,1.0
all,0.1100,wor-uniform,584,0.025898218154907227,1.0
all,0.1100,wor-active,585,0.022728383541107178,1.0
all,0.1100,wor-uniform,585,0.025466322898864746,1.0
all,0.1100,wor-active,586,0.0235508531332016,1.0
all,0.1100,wor-uniform,586,0.025637030601501465,1.0
all,0.1100,wor-active,587,0.02369658648967743,1.0
all,0.1100,wor-uniform,587,0.024708867073059082,1.0
all,0.1100,wor-active,588,0.02242814004421234,1.0
all,0.1100,wor-uniform,588,0.025609329342842102,1.0
all,0.1100,wor-active,589,0.0218924880027771,1.0
all,0.1100,wor-uniform,589,0.025103211402893066,1.0
all,0.1100,wor-active,590,0.022003591060638428,1.0
all,0.1100,wor-uniform,590,0.025388896465301514,1.0
all,0.1100,wor-active,591,0.022674620151519775,1.0
all,0.1100,wor-uniform,591,0.023449495434761047,0.0
all,0.1100,wor-active,592,0.0231361985206604,1.0
all,0.1100,wor-uniform,592,0.025906294584274292,1.0
all,0.1100,wor-active,593,0.02373063564300537,1.0
all,0.1100,wor-uniform,593,0.025355264544487,1.0
all,0.1100,wor-active,594,0.022026121616363525,1.0
all,0.1100,wor-uniform,594,0.02510066330432892,1.0
all,0.1100,wor-active,595,0.02298767864704132,1.0
all,0.1100,wor-uniform,595,0.02541835606098175,1.0
all,0.1100,wor-active,596,0.02344459295272827,0.0
all,0.1100,wor-uniform,596,0.02592863142490387,1.0
all,0.1100,wor-active,597,0.02247561514377594,1.0
all,0.1100,wor-uniform,597,0.02502685785293579,1.0
all,0.1100,wor-active,598,0.02237468957901001,1.0
all,0.1100,wor-uniform,598,0.02553778886795044,1.0
all,0.1100,wor-active,599,0.021895229816436768,1.0
all,0.1100,wor-uniform,599,0.026356160640716553,1.0
all,0.1100,wor-active,600,0.02374786138534546,1.0
all,0.1100,wor-uniform,600,0.025843501091003418,1.0
all,0.1100,wor-active,601,0.021212518215179443,1.0
all,0.1100,wor-uniform,601,0.025460362434387207,1.0
all,0.1100,wor-active,602,0.022502794861793518,1.0
all,0.1100,wor-uniform,602,0.025438785552978516,1.0
all,0.1100,wor-active,603,0.021625980734825134,1.0
all,0.1100,wor-uniform,603,0.02483302354812622,1.0
all,0.1100,wor-active,604,0.02165144681930542,1.0
all,0.1100,wor-uniform,604,0.023960962891578674,0.0
all,0.1100,wor-active,605,0.022428467869758606,1.0
all,0.1100,wor-uniform,605,0.025989294052124023,1.0
all,0.1100,wor-active,606,0.022078320384025574,1.0
all,0.1100,wor-uniform,606,0.02596306800842285,1.0
all,0.1100,wor-active,607,0.023584961891174316,1.0
all,0.1100,wor-uniform,607,0.024729058146476746,1.0
all,0.1100,wor-active,608,0.022709906101226807,1.0
all,0.1100,wor-uniform,608,0.02591758966445923,1.0
all,0.1100,wor-active,609,0.02149808406829834,1.0
all,0.1100,wor-uniform,609,0.02580481767654419,1.0
all,0.1100,wor-active,610,0.021150648593902588,1.0
all,0.1100,wor-uniform,610,0.024571537971496582,1.0
all,0.1100,wor-active,611,0.0238950252532959,1.0
all,0.1100,wor-uniform,611,0.02535402774810791,1.0
all,0.1100,wor-active,612,0.02277010679244995,1.0
all,0.1100,wor-uniform,612,0.02509075403213501,1.0
all,0.1100,wor-active,613,0.023609817028045654,1.0
all,0.1100,wor-uniform,613,0.026036500930786133,1.0
all,0.1100,wor-active,614,0.02273935079574585,1.0
all,0.1100,wor-uniform,614,0.02544456720352173,1.0
all,0.1100,wor-active,615,0.02371537685394287,1.0
all,0.1100,wor-uniform,615,0.024813219904899597,1.0
all,0.1100,wor-active,616,0.022884070873260498,1.0
all,0.1100,wor-uniform,616,0.025486662983894348,1.0
all,0.1100,wor-active,617,0.020293116569519043,0.0
all,0.1100,wor-uniform,617,0.02553720772266388,1.0
all,0.1100,wor-active,618,0.022137776017189026,1.0
all,0.1100,wor-uniform,618,0.024851977825164795,1.0
all,0.1100,wor-active,619,0.02085210382938385,1.0
all,0.1100,wor-uniform,619,0.023756638169288635,1.0
all,0.1100,wor-active,620,0.02266305685043335,1.0
all,0.1100,wor-uniform,620,0.026600420475006104,0.0
all,0.1100,wor-active,621,0.02123337984085083,1.0
all,0.1100,wor-uniform,621,0.025735557079315186,1.0
all,0.1100,wor-active,622,0.022610902786254883,1.0
all,0.1100,wor-uniform,622,0.025596141815185547,1.0
all,0.1100,wor-active,623,0.020711615681648254,1.0
all,0.1100,wor-uniform,623,0.025561273097991943,1.0
all,0.1100,wor-active,624,0.02223294973373413,1.0
all,0.1100,wor-uniform,624,0.02391362190246582,1.0
all,0.1100,wor-active,625,0.022039294242858887,1.0
all,0.1100,wor-uniform,625,0.02541656792163849,1.0
all,0.1100,wor-active,626,0.022341981530189514,1.0
all,0.1100,wor-uniform,626,0.024787545204162598,1.0
all,0.1100,wor-active,627,0.021210625767707825,1.0
all,0.1100,wor-uniform,627,0.024960219860076904,1.0
all,0.1100,wor-active,628,0.023801863193511963,1.0
all,0.1100,wor-uniform,628,0.024456024169921875,1.0
all,0.1100,wor-active,629,0.02195228636264801,1.0
all,0.1100,wor-uniform,629,0.025708436965942383,1.0
all,0.1100,wor-active,630,0.022770822048187256,1.0
all,0.1100,wor-uniform,630,0.026358187198638916,0.0
all,0.1100,wor-active,631,0.021448254585266113,1.0
all,0.1100,wor-uniform,631,0.026205897331237793,1.0
all,0.1100,wor-active,632,0.022022709250450134,1.0
all,0.1100,wor-uniform,632,0.025856614112854004,1.0
all,0.1100,wor-active,633,0.02369236946105957,1.0
all,0.1100,wor-uniform,633,0.024861931800842285,1.0
all,0.1100,wor-active,634,0.022064149379730225,1.0
all,0.1100,wor-uniform,634,0.02465641498565674,1.0
all,0.1100,wor-active,635,0.022792935371398926,1.0
all,0.1100,wor-uniform,635,0.024550065398216248,1.0
all,0.1100,wor-active,636,0.020377323031425476,1.0
all,0.1100,wor-uniform,636,0.02566605806350708,1.0
all,0.1100,wor-active,637,0.023536041378974915,1.0
all,0.1100,wor-uniform,637,0.025925353169441223,1.0
all,0.1100,wor-active,638,0.022976979613304138,1.0
all,0.1100,wor-uniform,638,0.026340961456298828,1.0
all,0.1100,wor-active,639,0.022758662700653076,1.0
all,0.1100,wor-uniform,639,0.024640321731567383,1.0
all,0.1100,wor-active,640,0.02324730157852173,1.0
all,0.1100,wor-uniform,640,0.024371445178985596,1.0
all,0.1100,wor-active,641,0.022812753915786743,0.0
all,0.1100,wor-uniform,641,0.026341557502746582,1.0
all,0.1100,wor-active,642,0.02095969021320343,0.0
all,0.1100,wor-uniform,642,0.025416389107704163,1.0
all,0.1100,wor-active,643,0.02378624677658081,1.0
all,0.1100,wor-uniform,643,0.026665568351745605,1.0
all,0.1100,wor-active,644,0.023946940898895264,1.0
all,0.1100,wor-uniform,644,0.026364505290985107,1.0
all,0.1100,wor-active,645,0.02302350103855133,1.0
all,0.1100,wor-uniform,645,0.025677666068077087,1.0
all,0.1100,wor-active,646,0.023247703909873962,1.0
all,0.1100,wor-uniform,646,0.02469879388809204,1.0
all,0.1100,wor-active,647,0.02350345253944397,1.0
all,0.1100,wor-uniform,647,0.025824308395385742,1.0
all,0.1100,wor-active,648,0.021691441535949707,1.0
all,0.1100,wor-uniform,648,0.02452552318572998,1.0
all,0.1100,wor-active,649,0.022199243307113647,1.0
all,0.1100,wor-uniform,649,0.025605082511901855,1.0
all,0.1100,wor-active,650,0.022774934768676758,1.0
all,0.1100,wor-uniform,650,0.0246770977973938,1.0
all,0.1100,wor-active,651,0.0229833722114563,1.0
all,0.1100,wor-uniform,651,0.025949060916900635,1.0
all,0.1100,wor-active,652,0.022137224674224854,1.0
all,0.1100,wor-uniform,652,0.024863258004188538,1.0
all,0.1100,wor-active,653,0.023101806640625,1.0
all,0.1100,wor-uniform,653,0.025401964783668518,1.0
all,0.1100,wor-active,654,0.022888481616973877,1.0
all,0.1100,wor-uniform,654,0.025696590542793274,0.0
all,0.1100,wor-active,655,0.024986326694488525,1.0
all,0.1100,wor-uniform,655,0.024420425295829773,1.0
all,0.1100,wor-active,656,0.023932278156280518,0.0
all,0.1100,wor-uniform,656,0.0269891619682312,1.0
all,0.1100,wor-active,657,0.02484184503555298,0.0
all,0.1100,wor-uniform,657,0.02542048692703247,1.0
all,0.1100,wor-active,658,0.022160351276397705,1.0
all,0.1100,wor-uniform,658,0.025918543338775635,1.0
all,0.1100,wor-active,659,0.023462340235710144,1.0
all,0.1100,wor-uniform,659,0.02541463077068329,1.0
all,0.1100,wor-active,660,0.020658448338508606,1.0
all,0.1100,wor-uniform,660,0.026370525360107422,1.0
all,0.1100,wor-active,661,0.0230027437210083,1.0
all,0.1100,wor-uniform,661,0.024848580360412598,1.0
all,0.1100,wor-active,662,0.022855043411254883,1.0
all,0.1100,wor-uniform,662,0.0257149338722229,1.0
all,0.1100,wor-active,663,0.02434563636779785,1.0
all,0.1100,wor-uniform,663,0.026141047477722168,1.0
all,0.1100,wor-active,664,0.020971179008483887,1.0
all,0.1100,wor-uniform,664,0.026705801486968994,1.0
all,0.1100,wor-active,665,0.021262407302856445,1.0
all,0.1100,wor-uniform,665,0.025191351771354675,1.0
all,0.1200,wor-active,333,0.020795270800590515,1.0
all,0.1200,wor-uniform,333,0.025301575660705566,1.0
all,0.1200,wor-active,334,0.022711217403411865,0.0
all,0.1200,wor-uniform,334,0.024897709488868713,1.0
all,0.1200,wor-active,335,0.021748781204223633,1.0
all,0.1200,wor-uniform,335,0.024419009685516357,1.0
all,0.1200,wor-active,336,0.02157139778137207,1.0
all,0.1200,wor-uniform,336,0.02458888292312622,1.0
all,0.1200,wor-active,337,0.02071094512939453,1.0
all,0.1200,wor-uniform,337,0.023506149649620056,1.0
all,0.1200,wor-active,338,0.020557761192321777,1.0
all,0.1200,wor-uniform,338,0.023932233452796936,1.0
all,0.1200,wor-active,339,0.022352874279022217,1.0
all,0.1200,wor-uniform,339,0.023092925548553467,1.0
all,0.1200,wor-active,340,0.020020559430122375,1.0
all,0.1200,wor-uniform,340,0.024173960089683533,1.0
all,0.1200,wor-active,341,0.02223259210586548,1.0
all,0.1200,wor-uniform,341,0.024083122611045837,1.0
all,0.1200,wor-active,342,0.02121424674987793,1.0
all,0.1200,wor-uniform,342,0.02312171459197998,1.0
all,0.1200,wor-active,343,0.021915733814239502,1.0
all,0.1200,wor-uniform,343,0.02399986982345581,1.0
all,0.1200,wor-active,344,0.022309958934783936,1.0
all,0.1200,wor-uniform,344,0.02447277307510376,1.0
all,0.1200,wor-active,345,0.02170179784297943,1.0
all,0.1200,wor-uniform,345,0.02466164529323578,1.0
all,0.1200,wor-active,346,0.021242395043373108,1.0
all,0.1200,wor-uniform,346,0.02337728440761566,1.0
all,0.1200,wor-active,347,0.021288752555847168,1.0
all,0.1200,wor-uniform,347,0.024844706058502197,1.0
all,0.1200,wor-active,348,0.021475985646247864,1.0
all,0.1200,wor-uniform,348,0.023155808448791504,1.0
all,0.1200,wor-active,349,0.023082315921783447,1.0
all,0.1200,wor-uniform,349,0.024352505803108215,1.0
all,0.1200,wor-active,350,0.02164018154144287,1.0
all,0.1200,wor-uniform,350,0.02307295799255371,1.0
all,0.1200,wor-active,351,0.022355303168296814,1.0
all,0.1200,wor-uniform,351,0.02343672513961792,1.0
all,0.1200,wor-active,352,0.021192312240600586,1.0
all,0.1200,wor-uniform,352,0.025347411632537842,1.0
all,0.1200,wor-active,353,0.0216992050409317,1.0
all,0.1200,wor-uniform,353,0.023508891463279724,0.0
all,0.1200,wor-active,354,0.021785736083984375,1.0
all,0.1200,wor-uniform,354,0.024360552430152893,1.0
all,0.1200,wor-active,355,0.020668193697929382,1.0
all,0.1200,wor-uniform,355,0.024713993072509766,1.0
all,0.1200,wor-active,356,0.020777836441993713,1.0
all,0.1200,wor-uniform,356,0.02378915250301361,1.0
all,0.1200,wor-active,357,0.02171093225479126,1.0
all,0.1200,wor-uniform,357,0.023207426071166992,1.0
all,0.1200,wor-active,358,0.020787164568901062,1.0
all,0.1200,wor-uniform,358,0.02426867187023163,1.0
all,0.1200,wor-active,359,0.020343661308288574,1.0
all,0.1200,wor-uniform,359,0.02364283800125122,1.0
all,0.1200,wor-active,360,0.019816026091575623,1.0
all,0.1200,wor-uniform,360,0.02519160509109497,1.0
all,0.1200,wor-active,361,0.021450459957122803,1.0
all,0.1200,wor-uniform,361,0.023834586143493652,1.0
all,0.1200,wor-active,362,0.02221226692199707,1.0
all,0.1200,wor-uniform,362,0.024072766304016113,1.0
all,0.1200,wor-active,363,0.02049309015274048,1.0
all,0.1200,wor-uniform,363,0.02546602487564087,1.0
all,0.1200,wor-active,364,0.020036891102790833,1.0
all,0.1200,wor-uniform,364,0.02370123565196991,1.0
all,0.1200,wor-active,365,0.019876062870025635,1.0
all,0.1200,wor-uniform,365,0.02348172664642334,1.0
all,0.1200,wor-active,366,0.022361695766448975,1.0
all,0.1200,wor-uniform,366,0.02402891218662262,1.0
all,0.1200,wor-active,367,0.021853625774383545,1.0
all,0.1200,wor-uniform,367,0.024353444576263428,1.0
all,0.1200,wor-active,368,0.02134007215499878,1.0
all,0.1200,wor-uniform,368,0.02429334819316864,1.0
all,0.1200,wor-active,369,0.02178482711315155,1.0
all,0.1200,wor-uniform,369,0.024547502398490906,1.0
all,0.1200,wor-active,370,0.020874381065368652,1.0
all,0.1200,wor-uniform,370,0.023037195205688477,1.0
all,0.1200,wor-active,371,0.022134900093078613,1.0
all,0.1200,wor-uniform,371,0.02422185242176056,1.0
all,0.1200,wor-active,372,0.021320343017578125,1.0
all,0.1200,wor-uniform,372,0.02360635995864868,1.0
all,0.1200,wor-active,373,0.023518025875091553,1.0
all,0.1200,wor-uniform,373,0.024282991886138916,1.0
all,0.1200,wor-active,374,0.022481203079223633,1.0
all,0.1200,wor-uniform,374,0.023715361952781677,1.0
all,0.1200,wor-active,375,0.022674039006233215,1.0
all,0.1200,wor-uniform,375,0.02428591251373291,1.0
all,0.1200,wor-active,376,0.02253425121307373,1.0
all,0.1200,wor-uniform,376,0.023460865020751953,1.0
all,0.1200,wor-active,377,0.02150791883468628,1.0
all,0.1200,wor-uniform,377,0.024233222007751465,1.0
all,0.1200,wor-active,378,0.021885037422180176,1.0
all,0.1200,wor-uniform,378,0.023733198642730713,1.0
all,0.1200,wor-active,379,0.020588457584381104,1.0
all,0.1200,wor-uniform,379,0.024598658084869385,1.0
all,0.1200,wor-active,380,0.020320892333984375,1.0
all,0.1200,wor-uniform,380,0.023590028285980225,1.0
all,0.1200,wor-active,381,0.02089996635913849,1.0
all,0.1200,wor-uniform,381,0.025195181369781494,1.0
all,0.1200,wor-active,382,0.02201741933822632,1.0
all,0.1200,wor-uniform,382,0.024049997329711914,1.0
all,0.1200,wor-active,383,0.01982797682285309,1.0
all,0.1200,wor-uniform,383,0.02368384599685669,1.0
all,0.1200,wor-active,384,0.020722508430480957,1.0
all,0.1200,wor-uniform,384,0.02414005994796753,1.0
all,0.1200,wor-active,385,0.02120751142501831,1.0
all,0.1200,wor-uniform,385,0.02586531639099121,1.0
all,0.1200,wor-active,386,0.021180927753448486,1.0
all,0.1200,wor-uniform,386,0.02455228567123413,1.0
all,0.1200,wor-active,387,0.020231246948242188,1.0
all,0.1200,wor-uniform,387,0.02412194013595581,1.0
all,0.1200,wor-active,388,0.021217167377471924,1.0
all,0.1200,wor-uniform,388,0.023568734526634216,1.0
all,0.1200,wor-active,389,0.020800039172172546,1.0
all,0.1200,wor-uniform,389,0.02413712441921234,1.0
all,0.1200,wor-active,390,0.021480143070220947,1.0
all,0.1200,wor-uniform,390,0.024003028869628906,1.0
all,0.1200,wor-active,391,0.02160423994064331,1.0
all,0.1200,wor-uniform,391,0.023752212524414062,1.0
all,0.1200,wor-active,392,0.020978674292564392,1.0
all,0.1200,wor-uniform,392,0.02496659755706787,1.0
all,0.1200,wor-active,393,0.022751793265342712,1.0
all,0.1200,wor-uniform,393,0.024425148963928223,0.0
all,0.1200,wor-active,394,0.022574186325073242,1.0
all,0.1200,wor-uniform,394,0.024279356002807617,1.0
all,0.1200,wor-active,395,0.022643446922302246,1.0
all,0.1200,wor-uniform,395,0.024175167083740234,1.0
all,0.1200,wor-active,396,0.020861342549324036,1.0
all,0.1200,wor-uniform,396,0.02375650405883789,1.0
all,0.1200,wor-active,397,0.021552205085754395,1.0
all,0.1200,wor-uniform,397,0.02542787790298462,0.0
all,0.1200,wor-active,398,0.020818591117858887,1.0
all,0.1200,wor-uniform,398,0.023704230785369873,1.0
all,0.1200,wor-active,399,0.020519539713859558,1.0
all,0.1200,wor-uniform,399,0.023630797863006592,1.0
all,0.1200,wor-active,400,0.020408689975738525,1.0
all,0.1200,wor-uniform,400,0.02493743598461151,1.0
all,0.1200,wor-active,401,0.02062368392944336,1.0
all,0.1200,wor-uniform,401,0.02521449327468872,1.0
all,0.1200,wor-active,402,0.02040766179561615,1.0
all,0.1200,wor-uniform,402,0.02424556016921997,1.0
all,0.1200,wor-active,403,0.02101767063140869,1.0
all,0.1200,wor-uniform,403,0.023971855640411377,1.0
all,0.1200,wor-active,404,0.021098971366882324,1.0
all,0.1200,wor-uniform,404,0.023744061589241028,1.0
all,0.1200,wor-active,405,0.021773576736450195,1.0
all,0.1200,wor-uniform,405,0.023784637451171875,1.0
all,0.1200,wor-active,406,0.020244911313056946,1.0
all,0.1200,wor-uniform,406,0.023595288395881653,1.0
all,0.1200,wor-active,407,0.02209019660949707,1.0
all,0.1200,wor-uniform,407,0.025035440921783447,1.0
all,0.1200,wor-active,408,0.021717071533203125,1.0
all,0.1200,wor-uniform,408,0.024576961994171143,1.0
all,0.1200,wor-active,409,0.02135789394378662,1.0
all,0.1200,wor-uniform,409,0.02452082931995392,1.0
all,0.1200,wor-active,410,0.020646214485168457,1.0
all,0.1200,wor-uniform,410,0.024638772010803223,0.0
all,0.1200,wor-active,411,0.02195851504802704,1.0
all,0.1200,wor-uniform,411,0.024291694164276123,1.0
all,0.1200,wor-active,412,0.021039068698883057,1.0
all,0.1200,wor-uniform,412,0.024350881576538086,0.0
all,0.1200,wor-active,413,0.021322906017303467,1.0
all,0.1200,wor-uniform,413,0.024765074253082275,1.0
all,0.1200,wor-active,414,0.0209771990776062,1.0
all,0.1200,wor-uniform,414,0.023492231965065002,1.0
all,0.1200,wor-active,415,0.020594820380210876,1.0
all,0.1200,wor-uniform,415,0.02445971965789795,1.0
all,0.1200,wor-active,416,0.02256244421005249,1.0
all,0.1200,wor-uniform,416,0.024510040879249573,1.0
all,0.1200,wor-active,417,0.021590352058410645,1.0
all,0.1200,wor-uniform,417,0.025317490100860596,1.0
all,0.1200,wor-active,418,0.021220922470092773,1.0
all,0.1200,wor-uniform,418,0.02304781973361969,1.0
all,0.1200,wor-active,419,0.022392094135284424,1.0
all,0.1200,wor-uniform,419,0.024087369441986084,1.0
all,0.1200,wor-active,420,0.020241543650627136,1.0
all,0.1200,wor-uniform,420,0.023658931255340576,1.0
all,0.1200,wor-active,421,0.021915778517723083,1.0
all,0.1200,wor-uniform,421,0.024199381470680237,1.0
all,0.1200,wor-active,422,0.020541012287139893,1.0
all,0.1200,wor-uniform,422,0.024810612201690674,1.0
all,0.1200,wor-active,423,0.01964813470840454,1.0
all,0.1200,wor-uniform,423,0.024110078811645508,1.0
all,0.1200,wor-active,424,0.021365568041801453,1.0
all,0.1200,wor-uniform,424,0.023419499397277832,1.0
all,0.1200,wor-active,425,0.022305309772491455,1.0
all,0.1200,wor-uniform,425,0.023367658257484436,1.0
all,0.1200,wor-active,426,0.02177482843399048,1.0
all,0.1200,wor-uniform,426,0.023598745465278625,1.0
all,0.1200,wor-active,427,0.021383166313171387,1.0
all,0.1200,wor-uniform,427,0.02457369863986969,1.0
all,0.1200,wor-active,428,0.021409273147583008,1.0
all,0.1200,wor-uniform,428,0.024127721786499023,0.0
all,0.1200,wor-active,429,0.022438466548919678,1.0
all,0.1200,wor-uniform,429,0.02430570125579834,1.0
all,0.1200,wor-active,430,0.021201610565185547,1.0
all,0.1200,wor-uniform,430,0.02464503049850464,1.0
all,0.1200,wor-active,431,0.021476447582244873,1.0
all,0.1200,wor-uniform,431,0.024978280067443848,1.0
all,0.1200,wor-active,432,0.021402418613433838,1.0
all,0.1200,wor-uniform,432,0.02380150556564331,1.0
all,0.1200,wor-active,433,0.02142256498336792,1.0
all,0.1200,wor-uniform,433,0.023762941360473633,1.0
all,0.1200,wor-active,434,0.02251128852367401,1.0
all,0.1200,wor-uniform,434,0.024341940879821777,1.0
all,0.1200,wor-active,435,0.02156245708465576,1.0
all,0.1200,wor-uniform,435,0.024345338344573975,1.0
all,0.1200,wor-active,436,0.022214531898498535,1.0
all,0.1200,wor-uniform,436,0.024826109409332275,1.0
all,0.1200,wor-active,437,0.020957782864570618,1.0
all,0.1200,wor-uniform,437,0.024281546473503113,1.0
all,0.1200,wor-active,438,0.021177947521209717,1.0
all,0.1200,wor-uniform,438,0.024349689483642578,1.0
all,0.1200,wor-active,439,0.021031036972999573,1.0
all,0.1200,wor-uniform,439,0.024341657757759094,1.0
all,0.1200,wor-active,440,0.022416695952415466,1.0
all,0.1200,wor-uniform,440,0.024817168712615967,1.0
all,0.1200,wor-active,441,0.02142965793609619,1.0
all,0.1200,wor-uniform,441,0.024355828762054443,1.0
all,0.1200,wor-active,442,0.02140633761882782,1.0
all,0.1200,wor-uniform,442,0.023898601531982422,1.0
all,0.1200,wor-active,443,0.02169787883758545,1.0
all,0.1200,wor-uniform,443,0.02398848533630371,1.0
all,0.1200,wor-active,444,0.022316932678222656,0.0
all,0.1200,wor-uniform,444,0.0246209055185318,1.0
all,0.1200,wor-active,445,0.021025002002716064,1.0
all,0.1200,wor-uniform,445,0.025396227836608887,1.0
all,0.1200,wor-active,446,0.021422505378723145,1.0
all,0.1200,wor-uniform,446,0.025051593780517578,1.0
all,0.1200,wor-active,447,0.02250373363494873,1.0
all,0.1200,wor-uniform,447,0.025333821773529053,1.0
all,0.1200,wor-active,448,0.02013993263244629,1.0
all,0.1200,wor-uniform,448,0.024503350257873535,1.0
all,0.1200,wor-active,449,0.021400928497314453,1.0
all,0.1200,wor-uniform,449,0.023902952671051025,1.0
all,0.1200,wor-active,450,0.022589921951293945,1.0
all,0.1200,wor-uniform,450,0.024387717247009277,1.0
all,0.1200,wor-active,451,0.02176964282989502,1.0
all,0.1200,wor-uniform,451,0.02400815486907959,1.0
all,0.1200,wor-active,452,0.021694377064704895,1.0
all,0.1200,wor-uniform,452,0.02366010844707489,1.0
all,0.1200,wor-active,453,0.02196347713470459,1.0
all,0.1200,wor-uniform,453,0.02455991506576538,1.0
all,0.1200,wor-active,454,0.022524893283843994,1.0
all,0.1200,wor-uniform,454,0.023571312427520752,1.0
all,0.1200,wor-active,455,0.02047063410282135,1.0
all,0.1200,wor-uniform,455,0.023937270045280457,1.0
all,0.1200,wor-active,456,0.020873725414276123,1.0
all,0.1200,wor-uniform,456,0.02303999662399292,1.0
all,0.1200,wor-active,457,0.02137601375579834,1.0
all,0.1200,wor-uniform,457,0.024481356143951416,1.0
all,0.1200,wor-active,458,0.023389995098114014,1.0
all,0.1200,wor-uniform,458,0.024866953492164612,1.0
all,0.1200,wor-active,459,0.02171957492828369,0.0
all,0.1200,wor-uniform,459,0.024074256420135498,1.0
all,0.1200,wor-active,460,0.02238255739212036,1.0
all,0.1200,wor-uniform,460,0.024561181664466858,1.0
all,0.1200,wor-active,461,0.020919188857078552,1.0
all,0.1200,wor-uniform,461,0.024812936782836914,1.0
all,0.1200,wor-active,462,0.02067035436630249,1.0
all,0.1200,wor-uniform,462,0.02336251735687256,1.0
all,0.1200,wor-active,463,0.02362668514251709,1.0
all,0.1200,wor-uniform,463,0.023951351642608643,1.0
all,0.1200,wor-active,464,0.022669076919555664,1.0
all,0.1200,wor-uniform,464,0.024275600910186768,1.0
all,0.1200,wor-active,465,0.02446281909942627,0.0
all,0.1200,wor-uniform,465,0.025513112545013428,1.0
all,0.1200,wor-active,466,0.019983112812042236,1.0
all,0.1200,wor-uniform,466,0.023961171507835388,1.0
all,0.1200,wor-active,467,0.0209161639213562,1.0
all,0.1200,wor-uniform,467,0.024113193154335022,1.0
all,0.1200,wor-active,468,0.023671984672546387,1.0
all,0.1200,wor-uniform,468,0.024374783039093018,1.0
all,0.1200,wor-active,469,0.023212194442749023,1.0
all,0.1200,wor-uniform,469,0.02432878315448761,1.0
all,0.1200,wor-active,470,0.02133321762084961,1.0
all,0.1200,wor-uniform,470,0.024397432804107666,1.0
all,0.1200,wor-active,471,0.021316826343536377,1.0
all,0.1200,wor-uniform,471,0.02328312397003174,1.0
all,0.1200,wor-active,472,0.02086055278778076,1.0
all,0.1200,wor-uniform,472,0.023625031113624573,1.0
all,0.1200,wor-active,473,0.022349536418914795,1.0
all,0.1200,wor-uniform,473,0.02429737150669098,1.0
all,0.1200,wor-active,474,0.021063566207885742,1.0
all,0.1200,wor-uniform,474,0.024359285831451416,1.0
all,0.1200,wor-active,475,0.02135753631591797,1.0
all,0.1200,wor-uniform,475,0.024591639637947083,1.0
all,0.1200,wor-active,476,0.022623538970947266,1.0
all,0.1200,wor-uniform,476,0.02329277992248535,1.0
all,0.1200,wor-active,477,0.02178734540939331,1.0
all,0.1200,wor-uniform,477,0.02388995885848999,1.0
all,0.1200,wor-active,478,0.02099156379699707,1.0
all,0.1200,wor-uniform,478,0.023967981338500977,1.0
all,0.1200,wor-active,479,0.020414039492607117,1.0
all,0.1200,wor-uniform,479,0.0250103622674942,1.0
all,0.1200,wor-active,480,0.022271275520324707,1.0
all,0.1200,wor-uniform,480,0.024539709091186523,0.0
all,0.1200,wor-active,481,0.022085189819335938,1.0
all,0.1200,wor-uniform,481,0.024202123284339905,1.0
all,0.1200,wor-active,482,0.021188676357269287,1.0
all,0.1200,wor-uniform,482,0.023667454719543457,1.0
all,0.1200,wor-active,483,0.02053225040435791,1.0
all,0.1200,wor-uniform,483,0.024819791316986084,1.0
all,0.1200,wor-active,484,0.02095818519592285,1.0
all,0.1200,wor-uniform,484,0.023582935333251953,1.0
all,0.1200,wor-active,485,0.02156364917755127,1.0
all,0.1200,wor-uniform,485,0.02411353588104248,1.0
all,0.1200,wor-active,486,0.022909879684448242,1.0
all,0.1200,wor-uniform,486,0.023885607719421387,1.0
all,0.1200,wor-active,487,0.021633997559547424,1.0
all,0.1200,wor-uniform,487,0.024845018982887268,1.0
all,0.1200,wor-active,488,0.02171945571899414,1.0
all,0.1200,wor-uniform,488,0.02405954897403717,1.0
all,0.1200,wor-active,489,0.021483227610588074,1.0
all,0.1200,wor-uniform,489,0.023751959204673767,1.0
all,0.1200,wor-active,490,0.021118640899658203,1.0
all,0.1200,wor-uniform,490,0.025095343589782715,1.0
all,0.1200,wor-active,491,0.02120375633239746,1.0
all,0.1200,wor-uniform,491,0.024611935019493103,1.0
all,0.1200,wor-active,492,0.021655574440956116,1.0
all,0.1200,wor-uniform,492,0.024041473865509033,1.0
all,0.1200,wor-active,493,0.0205623060464859,1.0
all,0.1200,wor-uniform,493,0.02349984645843506,1.0
all,0.1200,wor-active,494,0.02160090208053589,1.0
all,0.1200,wor-uniform,494,0.023867309093475342,1.0
all,0.1200,wor-active,495,0.020186305046081543,1.0
all,0.1200,wor-uniform,495,0.023288488388061523,1.0
all,0.1200,wor-active,496,0.02054716646671295,1.0
all,0.1200,wor-uniform,496,0.023571252822875977,1.0
all,0.1200,wor-active,497,0.021145939826965332,1.0
all,0.1200,wor-uniform,497,0.024410173296928406,1.0
all,0.1200,wor-active,498,0.020476162433624268,1.0
all,0.1200,wor-uniform,498,0.024385273456573486,1.0
all,0.1200,wor-active,499,0.021277472376823425,1.0
all,0.1200,wor-uniform,499,0.024598360061645508,1.0
all,0.1200,wor-active,500,0.021307289600372314,1.0
all,0.1200,wor-uniform,500,0.024138271808624268,1.0
all,0.1200,wor-active,501,0.02253711223602295,1.0
all,0.1200,wor-uniform,501,0.023712769150733948,1.0
all,0.1200,wor-active,502,0.021752044558525085,1.0
all,0.1200,wor-uniform,502,0.023736178874969482,1.0
all,0.1200,wor-active,503,0.020243048667907715,1.0
all,0.1200,wor-uniform,503,0.02288493514060974,0.0
all,0.1200,wor-active,504,0.021702036261558533,1.0
all,0.1200,wor-uniform,504,0.023391082882881165,1.0
all,0.1200,wor-active,505,0.020236656069755554,1.0
all,0.1200,wor-uniform,505,0.024081707000732422,1.0
all,0.1200,wor-active,506,0.021017596125602722,1.0
all,0.1200,wor-uniform,506,0.023296788334846497,1.0
all,0.1200,wor-active,507,0.0212525874376297,1.0
all,0.1200,wor-uniform,507,0.024280861020088196,1.0
all,0.1200,wor-active,508,0.02114182710647583,1.0
all,0.1200,wor-uniform,508,0.02492135763168335,1.0
all,0.1200,wor-active,509,0.022249877452850342,1.0
all,0.1200,wor-uniform,509,0.023883819580078125,1.0
all,0.1200,wor-active,510,0.021632850170135498,1.0
all,0.1200,wor-uniform,510,0.02388143539428711,1.0
all,0.1200,wor-active,511,0.021052733063697815,1.0
all,0.1200,wor-uniform,511,0.02463853359222412,1.0
all,0.1200,wor-active,512,0.02180039882659912,1.0
all,0.1200,wor-uniform,512,0.02500896155834198,1.0
all,0.1200,wor-active,513,0.020900249481201172,1.0
all,0.1200,wor-uniform,513,0.02465212345123291,1.0
all,0.1200,wor-active,514,0.021741926670074463,0.0
all,0.1200,wor-uniform,514,0.02459549903869629,1.0
all,0.1200,wor-active,515,0.02215076982975006,1.0
all,0.1200,wor-uniform,515,0.024165451526641846,1.0
all,0.1200,wor-active,516,0.02179408073425293,1.0
all,0.1200,wor-uniform,516,0.023612558841705322,1.0
all,0.1200,wor-active,517,0.02008134126663208,1.0
all,0.1200,wor-uniform,517,0.02437657117843628,1.0
all,0.1200,wor-active,518,0.020931899547576904,1.0
all,0.1200,wor-uniform,518,0.023951709270477295,1.0
all,0.1200,wor-active,519,0.02349179983139038,0.0
all,0.1200,wor-uniform,519,0.02393929660320282,0.0
all,0.1200,wor-active,520,0.020568549633026123,0.0
all,0.1200,wor-uniform,520,0.024396106600761414,1.0
all,0.1200,wor-active,521,0.02112966775894165,1.0
all,0.1200,wor-uniform,521,0.02295634150505066,0.0
all,0.1200,wor-active,522,0.021187961101531982,1.0
all,0.1200,wor-uniform,522,0.02310258150100708,1.0
all,0.1200,wor-active,523,0.021907389163970947,1.0
all,0.1200,wor-uniform,523,0.023767828941345215,0.0
all,0.1200,wor-active,524,0.01984703540802002,1.0
all,0.1200,wor-uniform,524,0.02328580617904663,1.0
all,0.1200,wor-active,525,0.020332366228103638,1.0
all,0.1200,wor-uniform,525,0.023806393146514893,1.0
all,0.1200,wor-active,526,0.02200247347354889,1.0
all,0.1200,wor-uniform,526,0.024237453937530518,1.0
all,0.1200,wor-active,527,0.02139991521835327,1.0
all,0.1200,wor-uniform,527,0.024630308151245117,1.0
all,0.1200,wor-active,528,0.021668553352355957,1.0
all,0.1200,wor-uniform,528,0.02406156063079834,1.0
all,0.1200,wor-active,529,0.019150033593177795,0.0
all,0.1200,wor-uniform,529,0.025351285934448242,1.0
all,0.1200,wor-active,530,0.02173735201358795,1.0
all,0.1200,wor-uniform,530,0.023920893669128418,1.0
all,0.1200,wor-active,531,0.021758615970611572,1.0
all,0.1200,wor-uniform,531,0.024687960743904114,1.0
all,0.1200,wor-active,532,0.021975234150886536,1.0
all,0.1200,wor-uniform,532,0.023158609867095947,1.0
all,0.1200,wor-active,533,0.02166573703289032,1.0
all,0.1200,wor-uniform,533,0.0247039794921875,1.0
all,0.1200,wor-active,534,0.019682228565216064,1.0
all,0.1200,wor-uniform,534,0.023664548993110657,1.0
all,0.1200,wor-active,535,0.021306350827217102,1.0
all,0.1200,wor-uniform,535,0.023704364895820618,1.0
all,0.1200,wor-active,536,0.02121025323867798,1.0
all,0.1200,wor-uniform,536,0.024153128266334534,1.0
all,0.1200,wor-active,537,0.02099543809890747,1.0
all,0.1200,wor-uniform,537,0.024483680725097656,1.0
all,0.1200,wor-active,538,0.02188652753829956,1.0
all,0.1200,wor-uniform,538,0.024476826190948486,1.0
all,0.1200,wor-active,539,0.0210418701171875,1.0
all,0.1200,wor-uniform,539,0.023453786969184875,1.0
all,0.1200,wor-active,540,0.021661147475242615,1.0
all,0.1200,wor-uniform,540,0.024236023426055908,1.0
all,0.1200,wor-active,541,0.020801901817321777,1.0
all,0.1200,wor-uniform,541,0.02340511977672577,1.0
all,0.1200,wor-active,542,0.020688176155090332,1.0
all,0.1200,wor-uniform,542,0.024069130420684814,1.0
all,0.1200,wor-active,543,0.022961199283599854,1.0
all,0.1200,wor-uniform,543,0.024133607745170593,1.0
all,0.1200,wor-active,544,0.021313726902008057,1.0
all,0.1200,wor-uniform,544,0.02361176908016205,1.0
all,0.1200,wor-active,545,0.019529595971107483,1.0
all,0.1200,wor-uniform,545,0.024517416954040527,1.0
all,0.1200,wor-active,546,0.02164153754711151,1.0
all,0.1200,wor-uniform,546,0.024301528930664062,1.0
all,0.1200,wor-active,547,0.022112473845481873,1.0
all,0.1200,wor-uniform,547,0.02396087348461151,1.0
all,0.1200,wor-active,548,0.022592291235923767,1.0
all,0.1200,wor-uniform,548,0.02456676959991455,1.0
all,0.1200,wor-active,549,0.02087630331516266,1.0
all,0.1200,wor-uniform,549,0.024415135383605957,1.0
all,0.1200,wor-active,550,0.022725403308868408,1.0
all,0.1200,wor-uniform,550,0.02347905933856964,1.0
all,0.1200,wor-active,551,0.022081732749938965,1.0
all,0.1200,wor-uniform,551,0.0242120623588562,1.0
all,0.1200,wor-active,552,0.02074187994003296,1.0
all,0.1200,wor-uniform,552,0.024278342723846436,1.0
all,0.1200,wor-active,553,0.019623398780822754,1.0
all,0.1200,wor-uniform,553,0.024678930640220642,1.0
all,0.1200,wor-active,554,0.022251665592193604,1.0
all,0.1200,wor-uniform,554,0.023385420441627502,1.0
all,0.1200,wor-active,555,0.02174079418182373,1.0
all,0.1200,wor-uniform,555,0.024020016193389893,1.0
all,0.1200,wor-active,556,0.02250218391418457,1.0
all,0.1200,wor-uniform,556,0.024647653102874756,1.0
all,0.1200,wor-active,557,0.021795451641082764,1.0
all,0.1200,wor-uniform,557,0.023225858807563782,1.0
all,0.1200,wor-active,558,0.02249675989151001,1.0
all,0.1200,wor-uniform,558,0.025040730834007263,1.0
all,0.1200,wor-active,559,0.022519588470458984,1.0
all,0.1200,wor-uniform,559,0.024841010570526123,1.0
all,0.1200,wor-active,560,0.022344350814819336,1.0
all,0.1200,wor-uniform,560,0.024974286556243896,1.0
all,0.1200,wor-active,561,0.023543179035186768,1.0
all,0.1200,wor-uniform,561,0.024760186672210693,1.0
all,0.1200,wor-active,562,0.02068549394607544,1.0
all,0.1200,wor-uniform,562,0.024500489234924316,1.0
all,0.1200,wor-active,563,0.020659923553466797,1.0
all,0.1200,wor-uniform,563,0.024453401565551758,1.0
all,0.1200,wor-active,564,0.021080613136291504,1.0
all,0.1200,wor-uniform,564,0.024447619915008545,1.0
all,0.1200,wor-active,565,0.021166861057281494,1.0
all,0.1200,wor-uniform,565,0.023247957229614258,1.0
all,0.1200,wor-active,566,0.022203564643859863,1.0
all,0.1200,wor-uniform,566,0.02549147605895996,1.0
all,0.1200,wor-active,567,0.021340325474739075,1.0
all,0.1200,wor-uniform,567,0.02346131205558777,0.0
all,0.1200,wor-active,568,0.022017180919647217,1.0
all,0.1200,wor-uniform,568,0.024867534637451172,1.0
all,0.1200,wor-active,569,0.02204321324825287,1.0
all,0.1200,wor-uniform,569,0.024522840976715088,1.0
all,0.1200,wor-active,570,0.0221712589263916,1.0
all,0.1200,wor-uniform,570,0.024295449256896973,1.0
all,0.1200,wor-active,571,0.021316707134246826,1.0
all,0.1200,wor-uniform,571,0.024202123284339905,1.0
all,0.1200,wor-active,572,0.021832048892974854,1.0
all,0.1200,wor-uniform,572,0.023362308740615845,0.0
all,0.1200,wor-active,573,0.021100685000419617,1.0
all,0.1200,wor-uniform,573,0.02367137372493744,1.0
all,0.1200,wor-active,574,0.02143198251724243,1.0
all,0.1200,wor-uniform,574,0.02438664436340332,1.0
all,0.1200,wor-active,575,0.020299434661865234,1.0
all,0.1200,wor-uniform,575,0.02351623773574829,1.0
all,0.1200,wor-active,576,0.02354341745376587,1.0
all,0.1200,wor-uniform,576,0.02475893497467041,1.0
all,0.1200,wor-active,577,0.021749064326286316,1.0
all,0.1200,wor-uniform,577,0.023230910301208496,1.0
all,0.1200,wor-active,578,0.021158874034881592,1.0
all,0.1200,wor-uniform,578,0.02433723211288452,1.0
all,0.1200,wor-active,579,0.019447073340415955,0.0
all,0.1200,wor-uniform,579,0.023495852947235107,1.0
all,0.1200,wor-active,580,0.02357494831085205,0.0
all,0.1200,wor-uniform,580,0.0236331969499588,1.0
all,0.1200,wor-active,581,0.020466089248657227,0.0
all,0.1200,wor-uniform,581,0.0237388014793396,1.0
all,0.1200,wor-active,582,0.01969723403453827,1.0
all,0.1200,wor-uniform,582,0.02488403022289276,1.0
all,0.1200,wor-active,583,0.021586596965789795,1.0
all,0.1200,wor-uniform,583,0.024589478969573975,1.0
all,0.1200,wor-active,584,0.02024756371974945,0.0
all,0.1200,wor-uniform,584,0.023538485169410706,1.0
all,0.1200,wor-active,585,0.023015201091766357,1.0
all,0.1200,wor-uniform,585,0.024561524391174316,1.0
all,0.1200,wor-active,586,0.022462904453277588,1.0
all,0.1200,wor-uniform,586,0.02414405345916748,1.0
all,0.1200,wor-active,587,0.022284209728240967,1.0
all,0.1200,wor-uniform,587,0.0236167311668396,1.0
all,0.1200,wor-active,588,0.021819040179252625,1.0
all,0.1200,wor-uniform,588,0.023790448904037476,0.0
all,0.1200,wor-active,589,0.02056044340133667,1.0
all,0.1200,wor-uniform,589,0.023925229907035828,1.0
all,0.1200,wor-active,590,0.02160198986530304,1.0
all,0.1200,wor-uniform,590,0.0237148255109787,1.0
all,0.1200,wor-active,591,0.021111488342285156,1.0
all,0.1200,wor-uniform,591,0.02498924732208252,1.0
all,0.1200,wor-active,592,0.021267712116241455,1.0
all,0.1200,wor-uniform,592,0.024164065718650818,1.0
all,0.1200,wor-active,593,0.021875500679016113,1.0
all,0.1200,wor-uniform,593,0.0247955322265625,1.0
all,0.1200,wor-active,594,0.020338237285614014,1.0
all,0.1200,wor-uniform,594,0.02429354190826416,1.0
all,0.1200,wor-active,595,0.022160649299621582,1.0
all,0.1200,wor-uniform,595,0.024233877658843994,1.0
all,0.1200,wor-active,596,0.020447298884391785,1.0
all,0.1200,wor-uniform,596,0.02494986355304718,1.0
all,0.1200,wor-active,597,0.021577179431915283,1.0
all,0.1200,wor-uniform,597,0.024276986718177795,1.0
all,0.1200,wor-active,598,0.021370232105255127,1.0
all,0.1200,wor-uniform,598,0.0247800350189209,1.0
all,0.1200,wor-active,599,0.021947205066680908,1.0
all,0.1200,wor-uniform,599,0.022689998149871826,0.0
all,0.1200,wor-active,600,0.020317792892456055,1.0
all,0.1200,wor-uniform,600,0.023599639534950256,1.0
all,0.1200,wor-active,601,0.021588727831840515,1.0
all,0.1200,wor-uniform,601,0.02381141483783722,1.0
all,0.1200,wor-active,602,0.022296011447906494,1.0
all,0.1200,wor-uniform,602,0.024184584617614746,1.0
all,0.1200,wor-active,603,0.02119620144367218,1.0
all,0.1200,wor-uniform,603,0.024200797080993652,1.0
all,0.1200,wor-active,604,0.0228080153465271,1.0
all,0.1200,wor-uniform,604,0.02414160966873169,1.0
all,0.1200,wor-active,605,0.0214155912399292,1.0
all,0.1200,wor-uniform,605,0.02411840856075287,1.0
all,0.1200,wor-active,606,0.022273600101470947,1.0
all,0.1200,wor-uniform,606,0.023426249623298645,1.0
all,0.1200,wor-active,607,0.02140176296234131,1.0
all,0.1200,wor-uniform,607,0.02389468252658844,1.0
all,0.1200,wor-active,608,0.022364675998687744,1.0
all,0.1200,wor-uniform,608,0.02460712194442749,1.0
all,0.1200,wor-active,609,0.02004373073577881,1.0
all,0.1200,wor-uniform,609,0.02542555332183838,1.0
all,0.1200,wor-active,610,0.02183598279953003,1.0
all,0.1200,wor-uniform,610,0.023716330528259277,1.0
all,0.1200,wor-active,611,0.02189624309539795,1.0
all,0.1200,wor-uniform,611,0.023524627089500427,1.0
all,0.1200,wor-active,612,0.02185159921646118,1.0
all,0.1200,wor-uniform,612,0.02404564619064331,1.0
all,0.1200,wor-active,613,0.021374106407165527,1.0
all,0.1200,wor-uniform,613,0.023947477340698242,1.0
all,0.1200,wor-active,614,0.021140754222869873,1.0
all,0.1200,wor-uniform,614,0.023715421557426453,1.0
all,0.1200,wor-active,615,0.02234959602355957,1.0
all,0.1200,wor-uniform,615,0.023663640022277832,1.0
all,0.1200,wor-active,616,0.021428406238555908,1.0
all,0.1200,wor-uniform,616,0.02409517765045166,1.0
all,0.1200,wor-active,617,0.022624075412750244,1.0
all,0.1200,wor-uniform,617,0.024780094623565674,1.0
all,0.1200,wor-active,618,0.019335508346557617,1.0
all,0.1200,wor-uniform,618,0.023655712604522705,1.0
all,0.1200,wor-active,619,0.021934017539024353,1.0
all,0.1200,wor-uniform,619,0.02328658103942871,0.0
all,0.1200,wor-active,620,0.021867215633392334,1.0
all,0.1200,wor-uniform,620,0.02384994924068451,1.0
all,0.1200,wor-active,621,0.021106958389282227,1.0
all,0.1200,wor-uniform,621,0.024242445826530457,1.0
all,0.1200,wor-active,622,0.02110445499420166,1.0
all,0.1200,wor-uniform,622,0.024884462356567383,1.0
all,0.1200,wor-active,623,0.02065521478652954,1.0
all,0.1200,wor-uniform,623,0.024508878588676453,1.0
all,0.1200,wor-active,624,0.02299654483795166,1.0
all,0.1200,wor-uniform,624,0.023904308676719666,1.0
all,0.1200,wor-active,625,0.01961614191532135,1.0
all,0.1200,wor-uniform,625,0.02384905517101288,1.0
all,0.1200,wor-active,626,0.02076113224029541,1.0
all,0.1200,wor-uniform,626,0.02370893955230713,1.0
all,0.1200,wor-active,627,0.021914049983024597,1.0
all,0.1200,wor-uniform,627,0.023902416229248047,1.0
all,0.1200,wor-active,628,0.021949410438537598,1.0
all,0.1200,wor-uniform,628,0.022519513964653015,1.0
all,0.1200,wor-active,629,0.022938787937164307,1.0
all,0.1200,wor-uniform,629,0.023997128009796143,1.0
all,0.1200,wor-active,630,0.021190881729125977,1.0
all,0.1200,wor-uniform,630,0.023994728922843933,1.0
all,0.1200,wor-active,631,0.021354854106903076,1.0
all,0.1200,wor-uniform,631,0.023917466402053833,1.0
all,0.1200,wor-active,632,0.021220922470092773,1.0
all,0.1200,wor-uniform,632,0.024715125560760498,1.0
all,0.1200,wor-active,633,0.023171186447143555,1.0
all,0.1200,wor-uniform,633,0.024047911167144775,1.0
all,0.1200,wor-active,634,0.02040153741836548,1.0
all,0.1200,wor-uniform,634,0.025079071521759033,1.0
all,0.1200,wor-active,635,0.02030278742313385,0.0
all,0.1200,wor-uniform,635,0.023709356784820557,1.0
all,0.1200,wor-active,636,0.019986867904663086,1.0
all,0.1200,wor-uniform,636,0.02312581241130829,1.0
all,0.1200,wor-active,637,0.021986782550811768,1.0
all,0.1200,wor-uniform,637,0.02452409267425537,1.0
all,0.1200,wor-active,638,0.021424055099487305,1.0
all,0.1200,wor-uniform,638,0.024253368377685547,1.0
all,0.1200,wor-active,639,0.022015631198883057,1.0
all,0.1200,wor-uniform,639,0.024271905422210693,1.0
all,0.1200,wor-active,640,0.02111886441707611,1.0
all,0.1200,wor-uniform,640,0.024881958961486816,1.0
all,0.1200,wor-active,641,0.022864103317260742,1.0
all,0.1200,wor-uniform,641,0.024488985538482666,1.0
all,0.1200,wor-active,642,0.02167898416519165,1.0
all,0.1200,wor-uniform,642,0.02429288625717163,1.0
all,0.1200,wor-active,643,0.020317673683166504,1.0
all,0.1200,wor-uniform,643,0.023252129554748535,0.0
all,0.1200,wor-active,644,0.021071672439575195,1.0
all,0.1200,wor-uniform,644,0.02531355619430542,1.0
all,0.1200,wor-active,645,0.02204984426498413,1.0
all,0.1200,wor-uniform,645,0.024792909622192383,1.0
all,0.1200,wor-active,646,0.02061241865158081,1.0
all,0.1200,wor-uniform,646,0.02416086196899414,1.0
all,0.1200,wor-active,647,0.0223844051361084,1.0
all,0.1200,wor-uniform,647,0.02442413568496704,1.0
all,0.1200,wor-active,648,0.020630106329917908,1.0
all,0.1200,wor-uniform,648,0.023968398571014404,1.0
all,0.1200,wor-active,649,0.021896496415138245,1.0
all,0.1200,wor-uniform,649,0.024169430136680603,1.0
all,0.1200,wor-active,650,0.02209460735321045,1.0
all,0.1200,wor-uniform,650,0.02464771270751953,1.0
all,0.1200,wor-active,651,0.022785604000091553,1.0
all,0.1200,wor-uniform,651,0.023962631821632385,1.0
all,0.1200,wor-active,652,0.021013498306274414,1.0
all,0.1200,wor-uniform,652,0.024461865425109863,1.0
all,0.1200,wor-active,653,0.021676599979400635,1.0
all,0.1200,wor-uniform,653,0.02459108829498291,0.0
all,0.1200,wor-active,654,0.020763710141181946,1.0
all,0.1200,wor-uniform,654,0.023129642009735107,1.0
all,0.1200,wor-active,655,0.021349981427192688,1.0
all,0.1200,wor-uniform,655,0.024733901023864746,1.0
all,0.1200,wor-active,656,0.021724283695220947,1.0
all,0.1200,wor-uniform,656,0.02434748411178589,1.0
all,0.1200,wor-active,657,0.020382940769195557,1.0
all,0.1200,wor-uniform,657,0.02523130178451538,1.0
all,0.1200,wor-active,658,0.02188389003276825,1.0
all,0.1200,wor-uniform,658,0.02467609941959381,1.0
all,0.1200,wor-active,659,0.02026507258415222,1.0
all,0.1200,wor-uniform,659,0.024998724460601807,1.0
all,0.1200,wor-active,660,0.020569205284118652,1.0
all,0.1200,wor-uniform,660,0.024465978145599365,1.0
all,0.1200,wor-active,661,0.022467315196990967,1.0
all,0.1200,wor-uniform,661,0.024821758270263672,1.0
all,0.1200,wor-active,662,0.020861566066741943,1.0
all,0.1200,wor-uniform,662,0.02421790361404419,1.0
all,0.1200,wor-active,663,0.02143561840057373,1.0
all,0.1200,wor-uniform,663,0.025385871529579163,1.0
all,0.1200,wor-active,664,0.02013842761516571,1.0
all,0.1200,wor-uniform,664,0.0253867506980896,1.0
all,0.1200,wor-active,665,0.019679367542266846,1.0
all,0.1200,wor-uniform,665,0.024127304553985596,1.0
all,0.1300,wor-active,333,0.02120286226272583,1.0
all,0.1300,wor-uniform,333,0.0226442813873291,1.0
all,0.1300,wor-active,334,0.022662460803985596,1.0
all,0.1300,wor-uniform,334,0.02347397804260254,1.0
all,0.1300,wor-active,335,0.018991529941558838,1.0
all,0.1300,wor-uniform,335,0.02256770431995392,1.0
all,0.1300,wor-active,336,0.01930716633796692,0.0
all,0.1300,wor-uniform,336,0.023092910647392273,1.0
all,0.1300,wor-active,337,0.02039313316345215,1.0
all,0.1300,wor-uniform,337,0.02283354103565216,1.0
all,0.1300,wor-active,338,0.020143628120422363,1.0
all,0.1300,wor-uniform,338,0.022655248641967773,1.0
all,0.1300,wor-active,339,0.020363226532936096,1.0
all,0.1300,wor-uniform,339,0.02307446300983429,1.0
all,0.1300,wor-active,340,0.020743906497955322,1.0
all,0.1300,wor-uniform,340,0.02334386110305786,1.0
all,0.1300,wor-active,341,0.020001932978630066,1.0
all,0.1300,wor-uniform,341,0.02282404899597168,1.0
all,0.1300,wor-active,342,0.02063794434070587,1.0
all,0.1300,wor-uniform,342,0.023267269134521484,1.0
all,0.1300,wor-active,343,0.019793808460235596,1.0
all,0.1300,wor-uniform,343,0.02384883165359497,0.0
all,0.1300,wor-active,344,0.018030524253845215,1.0
all,0.1300,wor-uniform,344,0.023324131965637207,1.0
all,0.1300,wor-active,345,0.02052360773086548,1.0
all,0.1300,wor-uniform,345,0.02283191680908203,1.0
all,0.1300,wor-active,346,0.021187663078308105,1.0
all,0.1300,wor-uniform,346,0.023430287837982178,1.0
all,0.1300,wor-active,347,0.020930945873260498,1.0
all,0.1300,wor-uniform,347,0.021784424781799316,0.0
all,0.1300,wor-active,348,0.020258188247680664,1.0
all,0.1300,wor-uniform,348,0.02284371852874756,1.0
all,0.1300,wor-active,349,0.020208895206451416,1.0
all,0.1300,wor-uniform,349,0.022937536239624023,1.0
all,0.1300,wor-active,350,0.020213305950164795,1.0
all,0.1300,wor-uniform,350,0.02333080768585205,1.0
all,0.1300,wor-active,351,0.02039472758769989,1.0
all,0.1300,wor-uniform,351,0.023580849170684814,1.0
all,0.1300,wor-active,352,0.019955813884735107,1.0
all,0.1300,wor-uniform,352,0.023611411452293396,1.0
all,0.1300,wor-active,353,0.020931243896484375,1.0
all,0.1300,wor-uniform,353,0.023141443729400635,1.0
all,0.1300,wor-active,354,0.020056501030921936,1.0
all,0.1300,wor-uniform,354,0.022953927516937256,1.0
all,0.1300,wor-active,355,0.020684286952018738,1.0
all,0.1300,wor-uniform,355,0.02335512638092041,1.0
all,0.1300,wor-active,356,0.020966053009033203,1.0
all,0.1300,wor-uniform,356,0.023659229278564453,0.0
all,0.1300,wor-active,357,0.020007774233818054,1.0
all,0.1300,wor-uniform,357,0.022522389888763428,1.0
all,0.1300,wor-active,358,0.020771920680999756,1.0
all,0.1300,wor-uniform,358,0.023926138877868652,1.0
all,0.1300,wor-active,359,0.020064473152160645,1.0
all,0.1300,wor-uniform,359,0.021980643272399902,1.0
all,0.1300,wor-active,360,0.020675182342529297,1.0
all,0.1300,wor-uniform,360,0.02302876114845276,0.0
all,0.1300,wor-active,361,0.020100802183151245,1.0
all,0.1300,wor-uniform,361,0.022951781749725342,1.0
all,0.1300,wor-active,362,0.02031540870666504,1.0
all,0.1300,wor-uniform,362,0.022337138652801514,1.0
all,0.1300,wor-active,363,0.021075978875160217,1.0
all,0.1300,wor-uniform,363,0.023415029048919678,1.0
all,0.1300,wor-active,364,0.020851776003837585,1.0
all,0.1300,wor-uniform,364,0.022976815700531006,1.0
all,0.1300,wor-active,365,0.020122051239013672,1.0
all,0.1300,wor-uniform,365,0.023152828216552734,1.0
all,0.1300,wor-active,366,0.021114230155944824,1.0
all,0.1300,wor-uniform,366,0.022738277912139893,1.0
all,0.1300,wor-active,367,0.019977927207946777,1.0
all,0.1300,wor-uniform,367,0.02319502830505371,1.0
all,0.1300,wor-active,368,0.021801412105560303,1.0
all,0.1300,wor-uniform,368,0.022926047444343567,1.0
all,0.1300,wor-active,369,0.02172785997390747,1.0
all,0.1300,wor-uniform,369,0.022953391075134277,1.0
all,0.1300,wor-active,370,0.021136999130249023,1.0
all,0.1300,wor-uniform,370,0.024322211742401123,1.0
all,0.1300,wor-active,371,0.020106986165046692,1.0
all,0.1300,wor-uniform,371,0.024164021015167236,0.0
all,0.1300,wor-active,372,0.02018904685974121,1.0
all,0.1300,wor-uniform,372,0.02307446300983429,1.0
all,0.1300,wor-active,373,0.021437302231788635,1.0
all,0.1300,wor-uniform,373,0.02229537069797516,1.0
all,0.1300,wor-active,374,0.02114969491958618,1.0
all,0.1300,wor-uniform,374,0.02243518829345703,1.0
all,0.1300,wor-active,375,0.021321117877960205,1.0
all,0.1300,wor-uniform,375,0.02299964427947998,1.0
all,0.1300,wor-active,376,0.019861936569213867,1.0
all,0.1300,wor-uniform,376,0.022960782051086426,1.0
all,0.1300,wor-active,377,0.019817546010017395,1.0
all,0.1300,wor-uniform,377,0.02359621226787567,1.0
all,0.1300,wor-active,378,0.019315600395202637,1.0
all,0.1300,wor-uniform,378,0.023100674152374268,1.0
all,0.1300,wor-active,379,0.020263120532035828,1.0
all,0.1300,wor-uniform,379,0.02296316623687744,1.0
all,0.1300,wor-active,380,0.020519495010375977,1.0
all,0.1300,wor-uniform,380,0.023878514766693115,1.0
all,0.1300,wor-active,381,0.020389080047607422,1.0
all,0.1300,wor-uniform,381,0.022655680775642395,1.0
all,0.1300,wor-active,382,0.022485017776489258,0.0
all,0.1300,wor-uniform,382,0.023900508880615234,0.0
all,0.1300,wor-active,383,0.019588634371757507,1.0
all,0.1300,wor-uniform,383,0.022441163659095764,1.0
all,0.1300,wor-active,384,0.021634697914123535,1.0
all,0.1300,wor-uniform,384,0.02259385585784912,1.0
all,0.1300,wor-active,385,0.020889103412628174,1.0
all,0.1300,wor-uniform,385,0.02329172194004059,1.0
all,0.1300,wor-active,386,0.02015554904937744,1.0
all,0.1300,wor-uniform,386,0.022437289357185364,1.0
all,0.1300,wor-active,387,0.01900641620159149,1.0
all,0.1300,wor-uniform,387,0.023140907287597656,0.0
all,0.1300,wor-active,388,0.020637035369873047,1.0
all,0.1300,wor-uniform,388,0.022892966866493225,1.0
all,0.1300,wor-active,389,0.01897422969341278,0.0
all,0.1300,wor-uniform,389,0.022791579365730286,1.0
all,0.1300,wor-active,390,0.020927786827087402,1.0
all,0.1300,wor-uniform,390,0.02289465069770813,1.0
all,0.1300,wor-active,391,0.020685136318206787,1.0
all,0.1300,wor-uniform,391,0.022383153438568115,1.0
all,0.1300,wor-active,392,0.02211052179336548,1.0
all,0.1300,wor-uniform,392,0.0229262113571167,1.0
all,0.1300,wor-active,393,0.019568070769309998,1.0
all,0.1300,wor-uniform,393,0.022918343544006348,1.0
all,0.1300,wor-active,394,0.0215262770652771,1.0
all,0.1300,wor-uniform,394,0.0231655091047287,1.0
all,0.1300,wor-active,395,0.020791172981262207,0.0
all,0.1300,wor-uniform,395,0.023457393050193787,1.0
all,0.1300,wor-active,396,0.020204901695251465,1.0
all,0.1300,wor-uniform,396,0.023170247673988342,1.0
all,0.1300,wor-active,397,0.021086454391479492,1.0
all,0.1300,wor-uniform,397,0.02383744716644287,1.0
all,0.1300,wor-active,398,0.020504534244537354,1.0
all,0.1300,wor-uniform,398,0.02311384677886963,1.0
all,0.1300,wor-active,399,0.020854294300079346,1.0
all,0.1300,wor-uniform,399,0.02229483425617218,1.0
all,0.1300,wor-active,400,0.020783841609954834,1.0
all,0.1300,wor-uniform,400,0.022715091705322266,1.0
all,0.1300,wor-active,401,0.01844647526741028,0.0
all,0.1300,wor-uniform,401,0.023229777812957764,1.0
all,0.1300,wor-active,402,0.020971238613128662,1.0
all,0.1300,wor-uniform,402,0.022632360458374023,1.0
all,0.1300,wor-active,403,0.02166086435317993,1.0
all,0.1300,wor-uniform,403,0.023035287857055664,1.0
all,0.1300,wor-active,404,0.019461870193481445,1.0
all,0.1300,wor-uniform,404,0.0228387713432312,1.0
all,0.1300,wor-active,405,0.02173912525177002,1.0
all,0.1300,wor-uniform,405,0.02269148826599121,1.0
all,0.1300,wor-active,406,0.021140381693840027,1.0
all,0.1300,wor-uniform,406,0.023347079753875732,0.0
all,0.1300,wor-active,407,0.021604716777801514,1.0
all,0.1300,wor-uniform,407,0.02334447205066681,1.0
all,0.1300,wor-active,408,0.019110918045043945,1.0
all,0.1300,wor-uniform,408,0.023715317249298096,1.0
all,0.1300,wor-active,409,0.021365806460380554,1.0
all,0.1300,wor-uniform,409,0.02331717312335968,1.0
all,0.1300,wor-active,410,0.021764159202575684,1.0
all,0.1300,wor-uniform,410,0.02372562885284424,1.0
all,0.1300,wor-active,411,0.021227046847343445,1.0
all,0.1300,wor-uniform,411,0.023131802678108215,1.0
all,0.1300,wor-active,412,0.019709095358848572,1.0
all,0.1300,wor-uniform,412,0.02263355255126953,1.0
all,0.1300,wor-active,413,0.02085334062576294,1.0
all,0.1300,wor-uniform,413,0.022564470767974854,1.0
all,0.1300,wor-active,414,0.02174834907054901,1.0
all,0.1300,wor-uniform,414,0.023522615432739258,1.0
all,0.1300,wor-active,415,0.0197952538728714,1.0
all,0.1300,wor-uniform,415,0.02199631929397583,1.0
all,0.1300,wor-active,416,0.02028721570968628,1.0
all,0.1300,wor-uniform,416,0.023270294070243835,1.0
all,0.1300,wor-active,417,0.021488383412361145,1.0
all,0.1300,wor-uniform,417,0.02247750759124756,1.0
all,0.1300,wor-active,418,0.019695639610290527,1.0
all,0.1300,wor-uniform,418,0.022979259490966797,1.0
all,0.1300,wor-active,419,0.02072620391845703,1.0
all,0.1300,wor-uniform,419,0.023335590958595276,1.0
all,0.1300,wor-active,420,0.019902586936950684,1.0
all,0.1300,wor-uniform,420,0.022257506847381592,0.0
all,0.1300,wor-active,421,0.020553290843963623,1.0
all,0.1300,wor-uniform,421,0.02231013774871826,0.0
all,0.1300,wor-active,422,0.019688740372657776,1.0
all,0.1300,wor-uniform,422,0.023094892501831055,1.0
all,0.1300,wor-active,423,0.020793259143829346,1.0
all,0.1300,wor-uniform,423,0.023787379264831543,1.0
all,0.1300,wor-active,424,0.01815032958984375,1.0
all,0.1300,wor-uniform,424,0.02227623760700226,0.0
all,0.1300,wor-active,425,0.021462202072143555,1.0
all,0.1300,wor-uniform,425,0.022055014967918396,1.0
all,0.1300,wor-active,426,0.020812228322029114,1.0
all,0.1300,wor-uniform,426,0.023921549320220947,1.0
all,0.1300,wor-active,427,0.020679786801338196,1.0
all,0.1300,wor-uniform,427,0.023199737071990967,1.0
all,0.1300,wor-active,428,0.022235453128814697,0.0
all,0.1300,wor-uniform,428,0.022857487201690674,1.0
all,0.1300,wor-active,429,0.02068762481212616,1.0
all,0.1300,wor-uniform,429,0.02358829975128174,0.0
all,0.1300,wor-active,430,0.020443260669708252,1.0
all,0.1300,wor-uniform,430,0.02289515733718872,1.0
all,0.1300,wor-active,431,0.019627928733825684,1.0
all,0.1300,wor-uniform,431,0.023373842239379883,1.0
all,0.1300,wor-active,432,0.020555391907691956,1.0
all,0.1300,wor-uniform,432,0.02280813455581665,1.0
all,0.1300,wor-active,433,0.020652294158935547,1.0
all,0.1300,wor-uniform,433,0.0231703519821167,1.0
all,0.1300,wor-active,434,0.020374596118927002,1.0
all,0.1300,wor-uniform,434,0.02338385581970215,1.0
all,0.1300,wor-active,435,0.02109074592590332,1.0
all,0.1300,wor-uniform,435,0.023591697216033936,1.0
all,0.1300,wor-active,436,0.020443812012672424,1.0
all,0.1300,wor-uniform,436,0.022745132446289062,1.0
all,0.1300,wor-active,437,0.019543766975402832,1.0
all,0.1300,wor-uniform,437,0.023220419883728027,1.0
all,0.1300,wor-active,438,0.019201457500457764,1.0
all,0.1300,wor-uniform,438,0.023364722728729248,1.0
all,0.1300,wor-active,439,0.021045759320259094,1.0
all,0.1300,wor-uniform,439,0.023269712924957275,1.0
all,0.1300,wor-active,440,0.019512325525283813,0.0
all,0.1300,wor-uniform,440,0.024020254611968994,1.0
all,0.1300,wor-active,441,0.023065149784088135,1.0
all,0.1300,wor-uniform,441,0.023467719554901123,1.0
all,0.1300,wor-active,442,0.02119588851928711,1.0
all,0.1300,wor-uniform,442,0.022805631160736084,1.0
all,0.1300,wor-active,443,0.019971847534179688,1.0
all,0.1300,wor-uniform,443,0.02360779047012329,1.0
all,0.1300,wor-active,444,0.020100414752960205,1.0
all,0.1300,wor-uniform,444,0.02287513017654419,1.0
all,0.1300,wor-active,445,0.02099788188934326,1.0
all,0.1300,wor-uniform,445,0.02225436270236969,0.0
all,0.1300,wor-active,446,0.020503699779510498,1.0
all,0.1300,wor-uniform,446,0.022494852542877197,1.0
all,0.1300,wor-active,447,0.020911037921905518,1.0
all,0.1300,wor-uniform,447,0.02343529462814331,0.0
all,0.1300,wor-active,448,0.021385014057159424,1.0
all,0.1300,wor-uniform,448,0.023219048976898193,1.0
all,0.1300,wor-active,449,0.02084827423095703,1.0
all,0.1300,wor-uniform,449,0.023915648460388184,1.0
all,0.1300,wor-active,450,0.02016359567642212,1.0
all,0.1300,wor-uniform,450,0.022793292999267578,1.0
all,0.1300,wor-active,451,0.020012855529785156,1.0
all,0.1300,wor-uniform,451,0.023243173956871033,1.0
all,0.1300,wor-active,452,0.020237460732460022,1.0
all,0.1300,wor-uniform,452,0.02310997247695923,1.0
all,0.1300,wor-active,453,0.020006954669952393,1.0
all,0.1300,wor-uniform,453,0.022924423217773438,0.0
all,0.1300,wor-active,454,0.018653318285942078,1.0
all,0.1300,wor-uniform,454,0.023117005825042725,1.0
all,0.1300,wor-active,455,0.020059600472450256,1.0
all,0.1300,wor-uniform,455,0.024136677384376526,1.0
all,0.1300,wor-active,456,0.020100295543670654,1.0
all,0.1300,wor-uniform,456,0.02357877790927887,1.0
all,0.1300,wor-active,457,0.019688546657562256,1.0
all,0.1300,wor-uniform,457,0.023385703563690186,1.0
all,0.1300,wor-active,458,0.020387589931488037,1.0
all,0.1300,wor-uniform,458,0.023189961910247803,1.0
all,0.1300,wor-active,459,0.020592570304870605,1.0
all,0.1300,wor-uniform,459,0.02381366491317749,1.0
all,0.1300,wor-active,460,0.019650399684906006,1.0
all,0.1300,wor-uniform,460,0.023424208164215088,1.0
all,0.1300,wor-active,461,0.02064289152622223,1.0
all,0.1300,wor-uniform,461,0.023241877555847168,1.0
all,0.1300,wor-active,462,0.02058124542236328,1.0
all,0.1300,wor-uniform,462,0.022456228733062744,1.0
all,0.1300,wor-active,463,0.020792171359062195,1.0
all,0.1300,wor-uniform,463,0.023020640015602112,1.0
all,0.1300,wor-active,464,0.02101755142211914,1.0
all,0.1300,wor-uniform,464,0.023159369826316833,1.0
all,0.1300,wor-active,465,0.020495712757110596,1.0
all,0.1300,wor-uniform,465,0.023284301161766052,1.0
all,0.1300,wor-active,466,0.019853532314300537,1.0
all,0.1300,wor-uniform,466,0.02303929626941681,1.0
all,0.1300,wor-active,467,0.019154146313667297,1.0
all,0.1300,wor-uniform,467,0.02209886908531189,0.0
all,0.1300,wor-active,468,0.02178303897380829,1.0
all,0.1300,wor-uniform,468,0.022710606455802917,0.0
all,0.1300,wor-active,469,0.019156813621520996,1.0
all,0.1300,wor-uniform,469,0.02252131700515747,1.0
all,0.1300,wor-active,470,0.020520389080047607,1.0
all,0.1300,wor-uniform,470,0.02388209104537964,1.0
all,0.1300,wor-active,471,0.01905643939971924,1.0
all,0.1300,wor-uniform,471,0.0234004408121109,1.0
all,0.1300,wor-active,472,0.021803617477416992,0.0
all,0.1300,wor-uniform,472,0.023023128509521484,0.0
all,0.1300,wor-active,473,0.019979819655418396,1.0
all,0.1300,wor-uniform,473,0.02327752113342285,1.0
all,0.1300,wor-active,474,0.01927894353866577,1.0
all,0.1300,wor-uniform,474,0.022568106651306152,1.0
all,0.1300,wor-active,475,0.020951569080352783,1.0
all,0.1300,wor-uniform,475,0.023088157176971436,1.0
all,0.1300,wor-active,476,0.02042412757873535,1.0
all,0.1300,wor-uniform,476,0.02314227819442749,1.0
all,0.1300,wor-active,477,0.02015988528728485,1.0
all,0.1300,wor-uniform,477,0.023892641067504883,1.0
all,0.1300,wor-active,478,0.02006399631500244,1.0
all,0.1300,wor-uniform,478,0.023038312792778015,1.0
all,0.1300,wor-active,479,0.021551430225372314,1.0
all,0.1300,wor-uniform,479,0.02270852029323578,1.0
all,0.1300,wor-active,480,0.020528241991996765,1.0
all,0.1300,wor-uniform,480,0.02318018674850464,1.0
all,0.1300,wor-active,481,0.020840704441070557,1.0
all,0.1300,wor-uniform,481,0.022915586829185486,1.0
all,0.1300,wor-active,482,0.020269930362701416,1.0
all,0.1300,wor-uniform,482,0.023646414279937744,1.0
all,0.1300,wor-active,483,0.02133166790008545,1.0
all,0.1300,wor-uniform,483,0.02353036403656006,1.0
all,0.1300,wor-active,484,0.020124658942222595,1.0
all,0.1300,wor-uniform,484,0.023237988352775574,1.0
all,0.1300,wor-active,485,0.020437955856323242,1.0
all,0.1300,wor-uniform,485,0.02317368984222412,1.0
all,0.1300,wor-active,486,0.020655453205108643,1.0
all,0.1300,wor-uniform,486,0.023121416568756104,1.0
all,0.1300,wor-active,487,0.02008998394012451,1.0
all,0.1300,wor-uniform,487,0.02253800630569458,1.0
all,0.1300,wor-active,488,0.01874290406703949,1.0
all,0.1300,wor-uniform,488,0.02268505096435547,1.0
all,0.1300,wor-active,489,0.01956385374069214,1.0
all,0.1300,wor-uniform,489,0.022199168801307678,1.0
all,0.1300,wor-active,490,0.019309818744659424,1.0
all,0.1300,wor-uniform,490,0.023662984371185303,0.0
all,0.1300,wor-active,491,0.019452035427093506,1.0
all,0.1300,wor-uniform,491,0.0232316255569458,1.0
all,0.1300,wor-active,492,0.021355703473091125,1.0
all,0.1300,wor-uniform,492,0.022863224148750305,1.0
all,0.1300,wor-active,493,0.018949970602989197,1.0
all,0.1300,wor-uniform,493,0.022733628749847412,1.0
all,0.1300,wor-active,494,0.020610034465789795,1.0
all,0.1300,wor-uniform,494,0.02288001775741577,1.0
all,0.1300,wor-active,495,0.022040188312530518,1.0
all,0.1300,wor-uniform,495,0.02301393449306488,1.0
all,0.1300,wor-active,496,0.021093130111694336,1.0
all,0.1300,wor-uniform,496,0.023327231407165527,1.0
all,0.1300,wor-active,497,0.02004237473011017,1.0
all,0.1300,wor-uniform,497,0.02318626642227173,1.0
all,0.1300,wor-active,498,0.021036088466644287,1.0
all,0.1300,wor-uniform,498,0.023504197597503662,1.0
all,0.1300,wor-active,499,0.019853726029396057,1.0
all,0.1300,wor-uniform,499,0.02472887933254242,1.0
all,0.1300,wor-active,500,0.02071160078048706,1.0
all,0.1300,wor-uniform,500,0.023146390914916992,1.0
all,0.1300,wor-active,501,0.02198702096939087,1.0
all,0.1300,wor-uniform,501,0.022862359881401062,1.0
all,0.1300,wor-active,502,0.01978510618209839,1.0
all,0.1300,wor-uniform,502,0.023158594965934753,1.0
all,0.1300,wor-active,503,0.020381450653076172,1.0
all,0.1300,wor-uniform,503,0.023834526538848877,0.0
all,0.1300,wor-active,504,0.02006399631500244,1.0
all,0.1300,wor-uniform,504,0.023381352424621582,1.0
all,0.1300,wor-active,505,0.019999980926513672,1.0
all,0.1300,wor-uniform,505,0.024056613445281982,1.0
all,0.1300,wor-active,506,0.021022498607635498,1.0
all,0.1300,wor-uniform,506,0.023196101188659668,1.0
all,0.1300,wor-active,507,0.019954025745391846,1.0
all,0.1300,wor-uniform,507,0.02322542667388916,1.0
all,0.1300,wor-active,508,0.02134948968887329,1.0
all,0.1300,wor-uniform,508,0.02330690622329712,1.0
all,0.1300,wor-active,509,0.01985347270965576,1.0
all,0.1300,wor-uniform,509,0.021632537245750427,1.0
all,0.1300,wor-active,510,0.019709467887878418,1.0
all,0.1300,wor-uniform,510,0.023236796259880066,1.0
all,0.1300,wor-active,511,0.02135443687438965,0.0
all,0.1300,wor-uniform,511,0.02284705638885498,1.0
all,0.1300,wor-active,512,0.021437227725982666,1.0
all,0.1300,wor-uniform,512,0.02356898784637451,1.0
all,0.1300,wor-active,513,0.020728349685668945,1.0
all,0.1300,wor-uniform,513,0.02335524559020996,1.0
all,0.1300,wor-active,514,0.019701659679412842,1.0
all,0.1300,wor-uniform,514,0.022762954235076904,1.0
all,0.1300,wor-active,515,0.020817220211029053,1.0
all,0.1300,wor-uniform,515,0.02213875949382782,1.0
all,0.1300,wor-active,516,0.02074854075908661,1.0
all,0.1300,wor-uniform,516,0.022409021854400635,1.0
all,0.1300,wor-active,517,0.021344661712646484,1.0
all,0.1300,wor-uniform,517,0.02274961769580841,1.0
all,0.1300,wor-active,518,0.02134709060192108,1.0
all,0.1300,wor-uniform,518,0.02269887924194336,1.0
all,0.1300,wor-active,519,0.022336721420288086,1.0
all,0.1300,wor-uniform,519,0.023396730422973633,1.0
all,0.1300,wor-active,520,0.020441055297851562,1.0
all,0.1300,wor-uniform,520,0.02322477102279663,1.0
all,0.1300,wor-active,521,0.02124476432800293,1.0
all,0.1300,wor-uniform,521,0.022606074810028076,1.0
all,0.1300,wor-active,522,0.018609583377838135,0.0
all,0.1300,wor-uniform,522,0.022744163870811462,1.0
all,0.1300,wor-active,523,0.020591631531715393,1.0
all,0.1300,wor-uniform,523,0.023601233959197998,1.0
all,0.1300,wor-active,524,0.019719228148460388,0.0
all,0.1300,wor-uniform,524,0.022944748401641846,1.0
all,0.1300,wor-active,525,0.020129680633544922,1.0
all,0.1300,wor-uniform,525,0.022182390093803406,1.0
all,0.1300,wor-active,526,0.020863652229309082,1.0
all,0.1300,wor-uniform,526,0.021998688578605652,1.0
all,0.1300,wor-active,527,0.019858062267303467,1.0
all,0.1300,wor-uniform,527,0.023700416088104248,0.0
all,0.1300,wor-active,528,0.021180808544158936,0.0
all,0.1300,wor-uniform,528,0.023090258240699768,1.0
all,0.1300,wor-active,529,0.019592300057411194,1.0
all,0.1300,wor-uniform,529,0.023514047265052795,1.0
all,0.1300,wor-active,530,0.02054600417613983,1.0
all,0.1300,wor-uniform,530,0.022333189845085144,1.0
all,0.1300,wor-active,531,0.021224498748779297,1.0
all,0.1300,wor-uniform,531,0.023230433464050293,1.0
all,0.1300,wor-active,532,0.021115779876708984,1.0
all,0.1300,wor-uniform,532,0.023757174611091614,1.0
all,0.1300,wor-active,533,0.02087622880935669,1.0
all,0.1300,wor-uniform,533,0.022552132606506348,1.0
all,0.1300,wor-active,534,0.02211815118789673,1.0
all,0.1300,wor-uniform,534,0.023482084274291992,1.0
all,0.1300,wor-active,535,0.020068109035491943,1.0
all,0.1300,wor-uniform,535,0.023089170455932617,1.0
all,0.1300,wor-active,536,0.020046532154083252,1.0
all,0.1300,wor-uniform,536,0.022366821765899658,0.0
all,0.1300,wor-active,537,0.020239874720573425,1.0
all,0.1300,wor-uniform,537,0.02325393259525299,1.0
all,0.1300,wor-active,538,0.02074456214904785,1.0
all,0.1300,wor-uniform,538,0.02443106472492218,1.0
all,0.1300,wor-active,539,0.021305859088897705,1.0
all,0.1300,wor-uniform,539,0.023417606949806213,1.0
all,0.1300,wor-active,540,0.02105717360973358,1.0
all,0.1300,wor-uniform,540,0.023418888449668884,1.0
all,0.1300,wor-active,541,0.020634725689888,1.0
all,0.1300,wor-uniform,541,0.022169724106788635,1.0
all,0.1300,wor-active,542,0.01798182725906372,1.0
all,0.1300,wor-uniform,542,0.023399412631988525,1.0
all,0.1300,wor-active,543,0.020854651927947998,1.0
all,0.1300,wor-uniform,543,0.023583009839057922,1.0
all,0.1300,wor-active,544,0.01917123794555664,1.0
all,0.1300,wor-uniform,544,0.022226855158805847,1.0
all,0.1300,wor-active,545,0.021295785903930664,1.0
all,0.1300,wor-uniform,545,0.023352324962615967,1.0
all,0.1300,wor-active,546,0.020220652222633362,1.0
all,0.1300,wor-uniform,546,0.024104058742523193,1.0
all,0.1300,wor-active,547,0.019767165184020996,1.0
all,0.1300,wor-uniform,547,0.023154020309448242,1.0
all,0.1300,wor-active,548,0.02025395631790161,1.0
all,0.1300,wor-uniform,548,0.02372080087661743,1.0
all,0.1300,wor-active,549,0.019958630204200745,1.0
all,0.1300,wor-uniform,549,0.023104846477508545,1.0
all,0.1300,wor-active,550,0.021127283573150635,1.0
all,0.1300,wor-uniform,550,0.023205623030662537,1.0
all,0.1300,wor-active,551,0.02007991075515747,1.0
all,0.1300,wor-uniform,551,0.022324010729789734,1.0
all,0.1300,wor-active,552,0.019365251064300537,1.0
all,0.1300,wor-uniform,552,0.023234903812408447,1.0
all,0.1300,wor-active,553,0.020711466670036316,1.0
all,0.1300,wor-uniform,553,0.023041844367980957,1.0
all,0.1300,wor-active,554,0.021067380905151367,1.0
all,0.1300,wor-uniform,554,0.02342844009399414,1.0
all,0.1300,wor-active,555,0.021215617656707764,1.0
all,0.1300,wor-uniform,555,0.023300647735595703,1.0
all,0.1300,wor-active,556,0.02188551425933838,1.0
all,0.1300,wor-uniform,556,0.023156166076660156,1.0
all,0.1300,wor-active,557,0.01927991211414337,1.0
all,0.1300,wor-uniform,557,0.023632168769836426,1.0
all,0.1300,wor-active,558,0.019175589084625244,1.0
all,0.1300,wor-uniform,558,0.023110628128051758,1.0
all,0.1300,wor-active,559,0.019693374633789062,1.0
all,0.1300,wor-uniform,559,0.02370840311050415,1.0
all,0.1300,wor-active,560,0.01980067789554596,1.0
all,0.1300,wor-uniform,560,0.02410660684108734,1.0
all,0.1300,wor-active,561,0.020142674446105957,1.0
all,0.1300,wor-uniform,561,0.022003933787345886,0.0
all,0.1300,wor-active,562,0.020158112049102783,1.0
all,0.1300,wor-uniform,562,0.023618340492248535,1.0
all,0.1300,wor-active,563,0.020872533321380615,1.0
all,0.1300,wor-uniform,563,0.02289217710494995,1.0
all,0.1300,wor-active,564,0.021879732608795166,1.0
all,0.1300,wor-uniform,564,0.022217437624931335,1.0
all,0.1300,wor-active,565,0.0196036696434021,1.0
all,0.1300,wor-uniform,565,0.02284342050552368,1.0
all,0.1300,wor-active,566,0.02004338800907135,1.0
all,0.1300,wor-uniform,566,0.023572877049446106,1.0
all,0.1300,wor-active,567,0.0185328871011734,0.0
all,0.1300,wor-uniform,567,0.023947715759277344,1.0
all,0.1300,wor-active,568,0.020651400089263916,1.0
all,0.1300,wor-uniform,568,0.02382008731365204,1.0
all,0.1300,wor-active,569,0.020822227001190186,1.0
all,0.1300,wor-uniform,569,0.024529755115509033,1.0
all,0.1300,wor-active,570,0.019058629870414734,1.0
all,0.1300,wor-uniform,570,0.02262425422668457,1.0
all,0.1300,wor-active,571,0.020791590213775635,1.0
all,0.1300,wor-uniform,571,0.022552430629730225,1.0
all,0.1300,wor-active,572,0.020484089851379395,1.0
all,0.1300,wor-uniform,572,0.023190081119537354,1.0
all,0.1300,wor-active,573,0.02032148838043213,1.0
all,0.1300,wor-uniform,573,0.02352839708328247,1.0
all,0.1300,wor-active,574,0.02054917812347412,1.0
all,0.1300,wor-uniform,574,0.0228852778673172,1.0
all,0.1300,wor-active,575,0.02130979299545288,1.0
all,0.1300,wor-uniform,575,0.0228814035654068,1.0
all,0.1300,wor-active,576,0.020188644528388977,1.0
all,0.1300,wor-uniform,576,0.02217864990234375,1.0
all,0.1300,wor-active,577,0.02118915319442749,1.0
all,0.1300,wor-uniform,577,0.022317886352539062,1.0
all,0.1300,wor-active,578,0.01935476064682007,1.0
all,0.1300,wor-uniform,578,0.02337568998336792,1.0
all,0.1300,wor-active,579,0.018484652042388916,1.0
all,0.1300,wor-uniform,579,0.02302446961402893,0.0
all,0.1300,wor-active,580,0.019630059599876404,1.0
all,0.1300,wor-uniform,580,0.023034915328025818,1.0
all,0.1300,wor-active,581,0.019899234175682068,1.0
all,0.1300,wor-uniform,581,0.02329123020172119,1.0
all,0.1300,wor-active,582,0.01979231834411621,1.0
all,0.1300,wor-uniform,582,0.022653937339782715,1.0
all,0.1300,wor-active,583,0.020031452178955078,1.0
all,0.1300,wor-uniform,583,0.022529661655426025,1.0
all,0.1300,wor-active,584,0.019639477133750916,1.0
all,0.1300,wor-uniform,584,0.023766562342643738,1.0
all,0.1300,wor-active,585,0.021455764770507812,0.0
all,0.1300,wor-uniform,585,0.02373260259628296,1.0
all,0.1300,wor-active,586,0.01983712613582611,1.0
all,0.1300,wor-uniform,586,0.023572266101837158,1.0
all,0.1300,wor-active,587,0.019583284854888916,1.0
all,0.1300,wor-uniform,587,0.023613154888153076,1.0
all,0.1300,wor-active,588,0.020136013627052307,1.0
all,0.1300,wor-uniform,588,0.0233575701713562,1.0
all,0.1300,wor-active,589,0.0194094181060791,1.0
all,0.1300,wor-uniform,589,0.023345530033111572,1.0
all,0.1300,wor-active,590,0.020416542887687683,1.0
all,0.1300,wor-uniform,590,0.022182106971740723,1.0
all,0.1300,wor-active,591,0.02045571804046631,1.0
all,0.1300,wor-uniform,591,0.023410961031913757,1.0
all,0.1300,wor-active,592,0.020381435751914978,1.0
all,0.1300,wor-uniform,592,0.022605299949645996,1.0
all,0.1300,wor-active,593,0.019087329506874084,0.0
all,0.1300,wor-uniform,593,0.02296285331249237,1.0
all,0.1300,wor-active,594,0.020191550254821777,1.0
all,0.1300,wor-uniform,594,0.022270724177360535,1.0
all,0.1300,wor-active,595,0.019681572914123535,1.0
all,0.1300,wor-uniform,595,0.023649394512176514,1.0
all,0.1300,wor-active,596,0.023242712020874023,0.0
all,0.1300,wor-uniform,596,0.02274090051651001,1.0
all,0.1300,wor-active,597,0.020622193813323975,1.0
all,0.1300,wor-uniform,597,0.022686854004859924,1.0
all,0.1300,wor-active,598,0.02086538076400757,1.0
all,0.1300,wor-uniform,598,0.022131681442260742,0.0
all,0.1300,wor-active,599,0.020213544368743896,1.0
all,0.1300,wor-uniform,599,0.023010268807411194,1.0
all,0.1300,wor-active,600,0.020342111587524414,1.0
all,0.1300,wor-uniform,600,0.02320687472820282,1.0
all,0.1300,wor-active,601,0.01991577446460724,1.0
all,0.1300,wor-uniform,601,0.02285027503967285,1.0
all,0.1300,wor-active,602,0.020594000816345215,1.0
all,0.1300,wor-uniform,602,0.02326659858226776,1.0
all,0.1300,wor-active,603,0.019563257694244385,1.0
all,0.1300,wor-uniform,603,0.023856043815612793,1.0
all,0.1300,wor-active,604,0.019333481788635254,1.0
all,0.1300,wor-uniform,604,0.02287358045578003,1.0
all,0.1300,wor-active,605,0.02204352617263794,1.0
all,0.1300,wor-uniform,605,0.02273094654083252,1.0
all,0.1300,wor-active,606,0.020839214324951172,1.0
all,0.1300,wor-uniform,606,0.023677945137023926,1.0
all,0.1300,wor-active,607,0.020948350429534912,1.0
all,0.1300,wor-uniform,607,0.023121356964111328,1.0
all,0.1300,wor-active,608,0.020587265491485596,1.0
all,0.1300,wor-uniform,608,0.023832082748413086,1.0
all,0.1300,wor-active,609,0.020451053977012634,1.0
all,0.1300,wor-uniform,609,0.022338971495628357,1.0
all,0.1300,wor-active,610,0.019322752952575684,1.0
all,0.1300,wor-uniform,610,0.022979795932769775,1.0
all,0.1300,wor-active,611,0.019682660698890686,1.0
all,0.1300,wor-uniform,611,0.023072540760040283,1.0
all,0.1300,wor-active,612,0.020989537239074707,1.0
all,0.1300,wor-uniform,612,0.022517129778862,1.0
all,0.1300,wor-active,613,0.02072852849960327,1.0
all,0.1300,wor-uniform,613,0.023162126541137695,1.0
all,0.1300,wor-active,614,0.02099078893661499,1.0
all,0.1300,wor-uniform,614,0.022987201809883118,1.0
all,0.1300,wor-active,615,0.020173966884613037,1.0
all,0.1300,wor-uniform,615,0.022616088390350342,1.0
all,0.1300,wor-active,616,0.020295336842536926,1.0
all,0.1300,wor-uniform,616,0.023451387882232666,1.0
all,0.1300,wor-active,617,0.019351065158843994,1.0
all,0.1300,wor-uniform,617,0.022037222981452942,1.0
all,0.1300,wor-active,618,0.02064305543899536,1.0
all,0.1300,wor-uniform,618,0.023327454924583435,1.0
all,0.1300,wor-active,619,0.0214996337890625,1.0
all,0.1300,wor-uniform,619,0.024163365364074707,1.0
all,0.1300,wor-active,620,0.02052992582321167,1.0
all,0.1300,wor-uniform,620,0.02310967445373535,1.0
all,0.1300,wor-active,621,0.019345417618751526,1.0
all,0.1300,wor-uniform,621,0.023131847381591797,1.0
all,0.1300,wor-active,622,0.021268606185913086,1.0
all,0.1300,wor-uniform,622,0.02290995419025421,1.0
all,0.1300,wor-active,623,0.021461009979248047,1.0
all,0.1300,wor-uniform,623,0.022850647568702698,1.0
all,0.1300,wor-active,624,0.020421102643013,1.0
all,0.1300,wor-uniform,624,0.02245064079761505,1.0
all,0.1300,wor-active,625,0.022212684154510498,1.0
all,0.1300,wor-uniform,625,0.023516938090324402,1.0
all,0.1300,wor-active,626,0.02026619017124176,1.0
all,0.1300,wor-uniform,626,0.022678449749946594,1.0
all,0.1300,wor-active,627,0.021656036376953125,1.0
all,0.1300,wor-uniform,627,0.023779332637786865,0.0
all,0.1300,wor-active,628,0.020915135741233826,1.0
all,0.1300,wor-uniform,628,0.02308332920074463,1.0
all,0.1300,wor-active,629,0.020726799964904785,1.0
all,0.1300,wor-uniform,629,0.022236764430999756,1.0
all,0.1300,wor-active,630,0.021726608276367188,1.0
all,0.1300,wor-uniform,630,0.022613361477851868,1.0
all,0.1300,wor-active,631,0.021407365798950195,0.0
all,0.1300,wor-uniform,631,0.022900521755218506,1.0
all,0.1300,wor-active,632,0.020689189434051514,1.0
all,0.1300,wor-uniform,632,0.02263742685317993,1.0
all,0.1300,wor-active,633,0.01907186210155487,1.0
all,0.1300,wor-uniform,633,0.023060739040374756,1.0
all,0.1300,wor-active,634,0.019544661045074463,1.0
all,0.1300,wor-uniform,634,0.024021565914154053,1.0
all,0.1300,wor-active,635,0.020465567708015442,1.0
all,0.1300,wor-uniform,635,0.022844910621643066,1.0
all,0.1300,wor-active,636,0.01957191526889801,1.0
all,0.1300,wor-uniform,636,0.023373544216156006,1.0
all,0.1300,wor-active,637,0.02104473114013672,1.0
all,0.1300,wor-uniform,637,0.023084521293640137,1.0
all,0.1300,wor-active,638,0.020590007305145264,1.0
all,0.1300,wor-uniform,638,0.023536011576652527,1.0
all,0.1300,wor-active,639,0.020598873496055603,1.0
all,0.1300,wor-uniform,639,0.02311396598815918,1.0
all,0.1300,wor-active,640,0.019796311855316162,1.0
all,0.1300,wor-uniform,640,0.023152709007263184,1.0
all,0.1300,wor-active,641,0.02024143934249878,1.0
all,0.1300,wor-uniform,641,0.02406543493270874,1.0
all,0.1300,wor-active,642,0.021436631679534912,1.0
all,0.1300,wor-uniform,642,0.022851109504699707,1.0
all,0.1300,wor-active,643,0.020367801189422607,1.0
all,0.1300,wor-uniform,643,0.0229528546333313,1.0
all,0.1300,wor-active,644,0.019767269492149353,1.0
all,0.1300,wor-uniform,644,0.022809624671936035,1.0
all,0.1300,wor-active,645,0.020804166793823242,1.0
all,0.1300,wor-uniform,645,0.02286072075366974,1.0
all,0.1300,wor-active,646,0.02175164222717285,1.0
all,0.1300,wor-uniform,646,0.0233004093170166,1.0
all,0.1300,wor-active,647,0.019620239734649658,1.0
all,0.1300,wor-uniform,647,0.022926151752471924,1.0
all,0.1300,wor-active,648,0.02038419246673584,1.0
all,0.1300,wor-uniform,648,0.023767828941345215,1.0
all,0.1300,wor-active,649,0.020230203866958618,1.0
all,0.1300,wor-uniform,649,0.0240127295255661,1.0
all,0.1300,wor-active,650,0.019772708415985107,1.0
all,0.1300,wor-uniform,650,0.02388852834701538,0.0
all,0.1300,wor-active,651,0.020865321159362793,1.0
all,0.1300,wor-uniform,651,0.02265287935733795,1.0
all,0.1300,wor-active,652,0.020802557468414307,1.0
all,0.1300,wor-uniform,652,0.023428499698638916,1.0
all,0.1300,wor-active,653,0.019858255982398987,1.0
all,0.1300,wor-uniform,653,0.02370220422744751,1.0
all,0.1300,wor-active,654,0.021221742033958435,1.0
all,0.1300,wor-uniform,654,0.023329749703407288,1.0
all,0.1300,wor-active,655,0.02010023593902588,1.0
all,0.1300,wor-uniform,655,0.02243196964263916,1.0
all,0.1300,wor-active,656,0.020199492573738098,1.0
all,0.1300,wor-uniform,656,0.023959830403327942,1.0
all,0.1300,wor-active,657,0.020132049918174744,1.0
all,0.1300,wor-uniform,657,0.023165881633758545,1.0
all,0.1300,wor-active,658,0.02032458782196045,1.0
all,0.1300,wor-uniform,658,0.02346833050251007,1.0
all,0.1300,wor-active,659,0.020287692546844482,1.0
all,0.1300,wor-uniform,659,0.022454500198364258,1.0
all,0.1300,wor-active,660,0.02145785093307495,1.0
all,0.1300,wor-uniform,660,0.023656129837036133,1.0
all,0.1300,wor-active,661,0.020481109619140625,1.0
all,0.1300,wor-uniform,661,0.022566139698028564,1.0
all,0.1300,wor-active,662,0.019557714462280273,1.0
all,0.1300,wor-uniform,662,0.02356743812561035,1.0
all,0.1300,wor-active,663,0.018173232674598694,0.0
all,0.1300,wor-uniform,663,0.02299177646636963,1.0
all,0.1300,wor-active,664,0.020417049527168274,1.0
all,0.1300,wor-uniform,664,0.023325905203819275,1.0
all,0.1300,wor-active,665,0.019952133297920227,1.0
all,0.1300,wor-uniform,665,0.022712886333465576,1.0
all,0.1400,wor-active,333,0.019514858722686768,1.0
all,0.1400,wor-uniform,333,0.022321462631225586,1.0
all,0.1400,wor-active,334,0.01919063925743103,1.0
all,0.1400,wor-uniform,334,0.022498860955238342,1.0
all,0.1400,wor-active,335,0.018123850226402283,1.0
all,0.1400,wor-uniform,335,0.02239006757736206,1.0
all,0.1400,wor-active,336,0.0192410945892334,1.0
all,0.1400,wor-uniform,336,0.02316826581954956,1.0
all,0.1400,wor-active,337,0.019473910331726074,1.0
all,0.1400,wor-uniform,337,0.022164344787597656,1.0
all,0.1400,wor-active,338,0.019442439079284668,1.0
all,0.1400,wor-uniform,338,0.021560728549957275,1.0
all,0.1400,wor-active,339,0.0202062726020813,1.0
all,0.1400,wor-uniform,339,0.021692335605621338,1.0
all,0.1400,wor-active,340,0.021097183227539062,1.0
all,0.1400,wor-uniform,340,0.022652670741081238,1.0
all,0.1400,wor-active,341,0.018377840518951416,1.0
all,0.1400,wor-uniform,341,0.02215290069580078,1.0
all,0.1400,wor-active,342,0.020542144775390625,1.0
all,0.1400,wor-uniform,342,0.022186145186424255,1.0
all,0.1400,wor-active,343,0.01995062828063965,1.0
all,0.1400,wor-uniform,343,0.022032737731933594,1.0
all,0.1400,wor-active,344,0.01966017484664917,1.0
all,0.1400,wor-uniform,344,0.022962793707847595,1.0
all,0.1400,wor-active,345,0.019527435302734375,1.0
all,0.1400,wor-uniform,345,0.022238805890083313,1.0
all,0.1400,wor-active,346,0.020653173327445984,1.0
all,0.1400,wor-uniform,346,0.023418009281158447,1.0
all,0.1400,wor-active,347,0.019328057765960693,1.0
all,0.1400,wor-uniform,347,0.022586286067962646,1.0
all,0.1400,wor-active,348,0.020167052745819092,1.0
all,0.1400,wor-uniform,348,0.022493422031402588,1.0
all,0.1400,wor-active,349,0.019518673419952393,1.0
all,0.1400,wor-uniform,349,0.022755205631256104,1.0
all,0.1400,wor-active,350,0.018579348921775818,1.0
all,0.1400,wor-uniform,350,0.021289244294166565,1.0
all,0.1400,wor-active,351,0.019283965229988098,1.0
all,0.1400,wor-uniform,351,0.022386416792869568,1.0
all,0.1400,wor-active,352,0.019183874130249023,1.0
all,0.1400,wor-uniform,352,0.02086511254310608,1.0
all,0.1400,wor-active,353,0.019987180829048157,1.0
all,0.1400,wor-uniform,353,0.02257077395915985,1.0
all,0.1400,wor-active,354,0.020038247108459473,1.0
all,0.1400,wor-uniform,354,0.022427141666412354,1.0
all,0.1400,wor-active,355,0.019770264625549316,1.0
all,0.1400,wor-uniform,355,0.022429347038269043,1.0
all,0.1400,wor-active,356,0.019989892840385437,1.0
all,0.1400,wor-uniform,356,0.0215798020362854,1.0
all,0.1400,wor-active,357,0.01932471990585327,1.0
all,0.1400,wor-uniform,357,0.022518739104270935,1.0
all,0.1400,wor-active,358,0.019119277596473694,0.0
all,0.1400,wor-uniform,358,0.022957786917686462,1.0
all,0.1400,wor-active,359,0.019200801849365234,1.0
all,0.1400,wor-uniform,359,0.022839903831481934,1.0
all,0.1400,wor-active,360,0.019765451550483704,1.0
all,0.1400,wor-uniform,360,0.022276148200035095,1.0
all,0.1400,wor-active,361,0.019795775413513184,1.0
all,0.1400,wor-uniform,361,0.022007927298545837,1.0
all,0.1400,wor-active,362,0.020197466015815735,1.0
all,0.1400,wor-uniform,362,0.022249162197113037,1.0
all,0.1400,wor-active,363,0.020327463746070862,1.0
all,0.1400,wor-uniform,363,0.02243722975254059,1.0
all,0.1400,wor-active,364,0.01993173360824585,1.0
all,0.1400,wor-uniform,364,0.022015631198883057,1.0
all,0.1400,wor-active,365,0.020661234855651855,1.0
all,0.1400,wor-uniform,365,0.021964862942695618,1.0
all,0.1400,wor-active,366,0.020173177123069763,1.0
all,0.1400,wor-uniform,366,0.021743416786193848,1.0
all,0.1400,wor-active,367,0.01887446641921997,1.0
all,0.1400,wor-uniform,367,0.022025153040885925,1.0
all,0.1400,wor-active,368,0.019706085324287415,1.0
all,0.1400,wor-uniform,368,0.02160392701625824,1.0
all,0.1400,wor-active,369,0.018443405628204346,1.0
all,0.1400,wor-uniform,369,0.02201808989048004,1.0
all,0.1400,wor-active,370,0.020199239253997803,1.0
all,0.1400,wor-uniform,370,0.022048473358154297,1.0
all,0.1400,wor-active,371,0.020592570304870605,1.0
all,0.1400,wor-uniform,371,0.02233487367630005,1.0
all,0.1400,wor-active,372,0.019023895263671875,1.0
all,0.1400,wor-uniform,372,0.023231089115142822,1.0
all,0.1400,wor-active,373,0.019576430320739746,1.0
all,0.1400,wor-uniform,373,0.021824046969413757,1.0
all,0.1400,wor-active,374,0.02045762538909912,1.0
all,0.1400,wor-uniform,374,0.021782681345939636,1.0
all,0.1400,wor-active,375,0.01948779821395874,1.0
all,0.1400,wor-uniform,375,0.022365212440490723,1.0
all,0.1400,wor-active,376,0.018979787826538086,1.0
all,0.1400,wor-uniform,376,0.02199956774711609,0.0
all,0.1400,wor-active,377,0.020458340644836426,1.0
all,0.1400,wor-uniform,377,0.021177545189857483,1.0
all,0.1400,wor-active,378,0.019991710782051086,1.0
all,0.1400,wor-uniform,378,0.021743476390838623,1.0
all,0.1400,wor-active,379,0.019641220569610596,1.0
all,0.1400,wor-uniform,379,0.02135711908340454,1.0
all,0.1400,wor-active,380,0.021573126316070557,1.0
all,0.1400,wor-uniform,380,0.021651506423950195,1.0
all,0.1400,wor-active,381,0.01941758394241333,1.0
all,0.1400,wor-uniform,381,0.022455573081970215,1.0
all,0.1400,wor-active,382,0.019648313522338867,1.0
all,0.1400,wor-uniform,382,0.02124480903148651,1.0
all,0.1400,wor-active,383,0.0193941593170166,1.0
all,0.1400,wor-uniform,383,0.02229905128479004,1.0
all,0.1400,wor-active,384,0.019474685192108154,1.0
all,0.1400,wor-uniform,384,0.022137388586997986,1.0
all,0.1400,wor-active,385,0.018844664096832275,1.0
all,0.1400,wor-uniform,385,0.022895455360412598,1.0
all,0.1400,wor-active,386,0.020335093140602112,1.0
all,0.1400,wor-uniform,386,0.021787360310554504,1.0
all,0.1400,wor-active,387,0.019359290599822998,1.0
all,0.1400,wor-uniform,387,0.02139289677143097,1.0
all,0.1400,wor-active,388,0.017977416515350342,1.0
all,0.1400,wor-uniform,388,0.021605849266052246,1.0
all,0.1400,wor-active,389,0.019481122493743896,1.0
all,0.1400,wor-uniform,389,0.022555530071258545,1.0
all,0.1400,wor-active,390,0.019508421421051025,1.0
all,0.1400,wor-uniform,390,0.021554484963417053,1.0
all,0.1400,wor-active,391,0.018835604190826416,1.0
all,0.1400,wor-uniform,391,0.022199615836143494,1.0
all,0.1400,wor-active,392,0.020350277423858643,1.0
all,0.1400,wor-uniform,392,0.02217644453048706,1.0
all,0.1400,wor-active,393,0.01798418164253235,0.0
all,0.1400,wor-uniform,393,0.022409260272979736,1.0
all,0.1400,wor-active,394,0.018846750259399414,1.0
all,0.1400,wor-uniform,394,0.02097862958908081,1.0
all,0.1400,wor-active,395,0.01956421136856079,1.0
all,0.1400,wor-uniform,395,0.022445201873779297,1.0
all,0.1400,wor-active,396,0.01891528069972992,1.0
all,0.1400,wor-uniform,396,0.02213466167449951,1.0
all,0.1400,wor-active,397,0.01936657726764679,1.0
all,0.1400,wor-uniform,397,0.022463664412498474,1.0
all,0.1400,wor-active,398,0.019939005374908447,1.0
all,0.1400,wor-uniform,398,0.021783947944641113,1.0
all,0.1400,wor-active,399,0.01898394525051117,1.0
all,0.1400,wor-uniform,399,0.022030413150787354,1.0
all,0.1400,wor-active,400,0.019008085131645203,1.0
all,0.1400,wor-uniform,400,0.02238352596759796,1.0
all,0.1400,wor-active,401,0.018012866377830505,1.0
all,0.1400,wor-uniform,401,0.02213108539581299,1.0
all,0.1400,wor-active,402,0.02002161741256714,0.0
all,0.1400,wor-uniform,402,0.022499024868011475,1.0
all,0.1400,wor-active,403,0.02171391248703003,1.0
all,0.1400,wor-uniform,403,0.022033512592315674,1.0
all,0.1400,wor-active,404,0.019349098205566406,1.0
all,0.1400,wor-uniform,404,0.022376298904418945,1.0
all,0.1400,wor-active,405,0.019633471965789795,1.0
all,0.1400,wor-uniform,405,0.021724283695220947,1.0
all,0.1400,wor-active,406,0.01893310248851776,1.0
all,0.1400,wor-uniform,406,0.022126853466033936,1.0
all,0.1400,wor-active,407,0.018486857414245605,1.0
all,0.1400,wor-uniform,407,0.02296656370162964,1.0
all,0.1400,wor-active,408,0.020149052143096924,1.0
all,0.1400,wor-uniform,408,0.02213233709335327,1.0
all,0.1400,wor-active,409,0.018773511052131653,1.0
all,0.1400,wor-uniform,409,0.0221584290266037,1.0
all,0.1400,wor-active,410,0.020268023014068604,1.0
all,0.1400,wor-uniform,410,0.02171081304550171,1.0
all,0.1400,wor-active,411,0.01906883716583252,1.0
all,0.1400,wor-uniform,411,0.022890090942382812,1.0
all,0.1400,wor-active,412,0.019966483116149902,1.0
all,0.1400,wor-uniform,412,0.022177815437316895,1.0
all,0.1400,wor-active,413,0.0197332501411438,1.0
all,0.1400,wor-uniform,413,0.02220223844051361,1.0
all,0.1400,wor-active,414,0.01926565170288086,1.0
all,0.1400,wor-uniform,414,0.02190542221069336,1.0
all,0.1400,wor-active,415,0.019302770495414734,1.0
all,0.1400,wor-uniform,415,0.02204596996307373,1.0
all,0.1400,wor-active,416,0.018445655703544617,1.0
all,0.1400,wor-uniform,416,0.021817848086357117,1.0
all,0.1400,wor-active,417,0.018868207931518555,1.0
all,0.1400,wor-uniform,417,0.02185612916946411,1.0
all,0.1400,wor-active,418,0.02105766534805298,1.0
all,0.1400,wor-uniform,418,0.02198953926563263,1.0
all,0.1400,wor-active,419,0.020392239093780518,1.0
all,0.1400,wor-uniform,419,0.02286498248577118,1.0
all,0.1400,wor-active,420,0.019207298755645752,1.0
all,0.1400,wor-uniform,420,0.02225486934185028,1.0
all,0.1400,wor-active,421,0.020021140575408936,1.0
all,0.1400,wor-uniform,421,0.021044716238975525,0.0
all,0.1400,wor-active,422,0.019335269927978516,1.0
all,0.1400,wor-uniform,422,0.022341370582580566,1.0
all,0.1400,wor-active,423,0.020331203937530518,1.0
all,0.1400,wor-uniform,423,0.021849557757377625,1.0
all,0.1400,wor-active,424,0.019716322422027588,1.0
all,0.1400,wor-uniform,424,0.02257061004638672,1.0
all,0.1400,wor-active,425,0.01900768280029297,1.0
all,0.1400,wor-uniform,425,0.021642088890075684,1.0
all,0.1400,wor-active,426,0.01999962329864502,0.0
all,0.1400,wor-uniform,426,0.02143220603466034,1.0
all,0.1400,wor-active,427,0.018522262573242188,1.0
all,0.1400,wor-uniform,427,0.02234327793121338,1.0
all,0.1400,wor-active,428,0.02006305754184723,1.0
all,0.1400,wor-uniform,428,0.022084832191467285,1.0
all,0.1400,wor-active,429,0.021635055541992188,1.0
all,0.1400,wor-uniform,429,0.021864891052246094,1.0
all,0.1400,wor-active,430,0.020121634006500244,1.0
all,0.1400,wor-uniform,430,0.022266030311584473,1.0
all,0.1400,wor-active,431,0.019922569394111633,1.0
all,0.1400,wor-uniform,431,0.02217133343219757,1.0
all,0.1400,wor-active,432,0.019593223929405212,1.0
all,0.1400,wor-uniform,432,0.02161175012588501,1.0
all,0.1400,wor-active,433,0.021770715713500977,1.0
all,0.1400,wor-uniform,433,0.022364243865013123,1.0
all,0.1400,wor-active,434,0.019942760467529297,1.0
all,0.1400,wor-uniform,434,0.02256840467453003,1.0
all,0.1400,wor-active,435,0.018057897686958313,1.0
all,0.1400,wor-uniform,435,0.022099241614341736,1.0
all,0.1400,wor-active,436,0.019871756434440613,1.0
all,0.1400,wor-uniform,436,0.022390544414520264,1.0
all,0.1400,wor-active,437,0.019109070301055908,1.0
all,0.1400,wor-uniform,437,0.020933985710144043,1.0
all,0.1400,wor-active,438,0.019175469875335693,1.0
all,0.1400,wor-uniform,438,0.021848678588867188,1.0
all,0.1400,wor-active,439,0.017371296882629395,1.0
all,0.1400,wor-uniform,439,0.02200073003768921,1.0
all,0.1400,wor-active,440,0.01928029954433441,1.0
all,0.1400,wor-uniform,440,0.0222741961479187,1.0
all,0.1400,wor-active,441,0.020599663257598877,1.0
all,0.1400,wor-uniform,441,0.022296056151390076,1.0
all,0.1400,wor-active,442,0.019830822944641113,1.0
all,0.1400,wor-uniform,442,0.021925494074821472,1.0
all,0.1400,wor-active,443,0.020181775093078613,1.0
all,0.1400,wor-uniform,443,0.02204430103302002,1.0
all,0.1400,wor-active,444,0.019738197326660156,1.0
all,0.1400,wor-uniform,444,0.021888330578804016,1.0
all,0.1400,wor-active,445,0.019785165786743164,1.0
all,0.1400,wor-uniform,445,0.022261202335357666,1.0
all,0.1400,wor-active,446,0.019892632961273193,1.0
all,0.1400,wor-uniform,446,0.021703362464904785,1.0
all,0.1400,wor-active,447,0.019773229956626892,1.0
all,0.1400,wor-uniform,447,0.02187637984752655,1.0
all,0.1400,wor-active,448,0.019757211208343506,0.0
all,0.1400,wor-uniform,448,0.02242732048034668,1.0
all,0.1400,wor-active,449,0.02117885649204254,1.0
all,0.1400,wor-uniform,449,0.021973341703414917,1.0
all,0.1400,wor-active,450,0.020579829812049866,1.0
all,0.1400,wor-uniform,450,0.022098854184150696,1.0
all,0.1400,wor-active,451,0.020275160670280457,1.0
all,0.1400,wor-uniform,451,0.022610902786254883,1.0
all,0.1400,wor-active,452,0.0193302184343338,1.0
all,0.1400,wor-uniform,452,0.022126659750938416,1.0
all,0.1400,wor-active,453,0.020219862461090088,1.0
all,0.1400,wor-uniform,453,0.02192540466785431,1.0
all,0.1400,wor-active,454,0.020032882690429688,1.0
all,0.1400,wor-uniform,454,0.021760836243629456,1.0
all,0.1400,wor-active,455,0.020132899284362793,0.0
all,0.1400,wor-uniform,455,0.02178013324737549,1.0
all,0.1400,wor-active,456,0.01815040409564972,1.0
all,0.1400,wor-uniform,456,0.02116180956363678,1.0
all,0.1400,wor-active,457,0.019826412200927734,1.0
all,0.1400,wor-uniform,457,0.02266228199005127,1.0
all,0.1400,wor-active,458,0.019486308097839355,1.0
all,0.1400,wor-uniform,458,0.02163355052471161,1.0
all,0.1400,wor-active,459,0.019747138023376465,1.0
all,0.1400,wor-uniform,459,0.02123391628265381,1.0
all,0.1400,wor-active,460,0.019277572631835938,1.0
all,0.1400,wor-uniform,460,0.022280752658843994,1.0
all,0.1400,wor-active,461,0.019743800163269043,1.0
all,0.1400,wor-uniform,461,0.02272588014602661,1.0
all,0.1400,wor-active,462,0.01983731985092163,1.0
all,0.1400,wor-uniform,462,0.023009970784187317,1.0
all,0.1400,wor-active,463,0.018357619643211365,1.0
all,0.1400,wor-uniform,463,0.021877646446228027,1.0
all,0.1400,wor-active,464,0.019853293895721436,1.0
all,0.1400,wor-uniform,464,0.022059738636016846,1.0
all,0.1400,wor-active,465,0.018513694405555725,1.0
all,0.1400,wor-uniform,465,0.02241446077823639,1.0
all,0.1400,wor-active,466,0.020039141178131104,1.0
all,0.1400,wor-uniform,466,0.0223085880279541,1.0
all,0.1400,wor-active,467,0.019095495343208313,1.0
all,0.1400,wor-uniform,467,0.02257680892944336,1.0
all,0.1400,wor-active,468,0.019984662532806396,1.0
all,0.1400,wor-uniform,468,0.022423312067985535,1.0
all,0.1400,wor-active,469,0.019831299781799316,1.0
all,0.1400,wor-uniform,469,0.02270364761352539,1.0
all,0.1400,wor-active,470,0.020888984203338623,1.0
all,0.1400,wor-uniform,470,0.022435367107391357,1.0
all,0.1400,wor-active,471,0.018491670489311218,0.0
all,0.1400,wor-uniform,471,0.02279512584209442,1.0
all,0.1400,wor-active,472,0.02004826068878174,1.0
all,0.1400,wor-uniform,472,0.021746888756752014,1.0
all,0.1400,wor-active,473,0.019465327262878418,1.0
all,0.1400,wor-uniform,473,0.022126317024230957,1.0
all,0.1400,wor-active,474,0.019135519862174988,1.0
all,0.1400,wor-uniform,474,0.022540807723999023,1.0
all,0.1400,wor-active,475,0.021487653255462646,1.0
all,0.1400,wor-uniform,475,0.022301197052001953,1.0
all,0.1400,wor-active,476,0.01774410903453827,1.0
all,0.1400,wor-uniform,476,0.021811485290527344,1.0
all,0.1400,wor-active,477,0.019791901111602783,1.0
all,0.1400,wor-uniform,477,0.022014006972312927,1.0
all,0.1400,wor-active,478,0.01954507827758789,1.0
all,0.1400,wor-uniform,478,0.021425604820251465,1.0
all,0.1400,wor-active,479,0.018915832042694092,1.0
all,0.1400,wor-uniform,479,0.022466003894805908,1.0
all,0.1400,wor-active,480,0.02045440673828125,1.0
all,0.1400,wor-uniform,480,0.02216358482837677,1.0
all,0.1400,wor-active,481,0.01952904462814331,1.0
all,0.1400,wor-uniform,481,0.022553861141204834,1.0
all,0.1400,wor-active,482,0.019581139087677002,1.0
all,0.1400,wor-uniform,482,0.021415352821350098,1.0
all,0.1400,wor-active,483,0.018630370497703552,1.0
all,0.1400,wor-uniform,483,0.022582828998565674,1.0
all,0.1400,wor-active,484,0.019357621669769287,1.0
all,0.1400,wor-uniform,484,0.022484183311462402,1.0
all,0.1400,wor-active,485,0.020313695073127747,1.0
all,0.1400,wor-uniform,485,0.022547021508216858,1.0
all,0.1400,wor-active,486,0.02002120018005371,1.0
all,0.1400,wor-uniform,486,0.020869970321655273,1.0
all,0.1400,wor-active,487,0.019261658191680908,1.0
all,0.1400,wor-uniform,487,0.022559165954589844,1.0
all,0.1400,wor-active,488,0.02057667076587677,1.0
all,0.1400,wor-uniform,488,0.02140909433364868,1.0
all,0.1400,wor-active,489,0.019671425223350525,1.0
all,0.1400,wor-uniform,489,0.022757887840270996,1.0
all,0.1400,wor-active,490,0.019764229655265808,1.0
all,0.1400,wor-uniform,490,0.02216869592666626,1.0
all,0.1400,wor-active,491,0.01975931227207184,1.0
all,0.1400,wor-uniform,491,0.023217201232910156,1.0
all,0.1400,wor-active,492,0.01935446262359619,1.0
all,0.1400,wor-uniform,492,0.0223463773727417,1.0
all,0.1400,wor-active,493,0.019890204071998596,1.0
all,0.1400,wor-uniform,493,0.021698474884033203,1.0
all,0.1400,wor-active,494,0.020843565464019775,1.0
all,0.1400,wor-uniform,494,0.022455334663391113,1.0
all,0.1400,wor-active,495,0.020177021622657776,1.0
all,0.1400,wor-uniform,495,0.022278666496276855,1.0
all,0.1400,wor-active,496,0.0191461443901062,1.0
all,0.1400,wor-uniform,496,0.022534966468811035,1.0
all,0.1400,wor-active,497,0.020235583186149597,1.0
all,0.1400,wor-uniform,497,0.02271449565887451,1.0
all,0.1400,wor-active,498,0.020568549633026123,1.0
all,0.1400,wor-uniform,498,0.02232004702091217,1.0
all,0.1400,wor-active,499,0.020659208297729492,1.0
all,0.1400,wor-uniform,499,0.02203167974948883,1.0
all,0.1400,wor-active,500,0.018577411770820618,1.0
all,0.1400,wor-uniform,500,0.022119343280792236,1.0
all,0.1400,wor-active,501,0.01947343349456787,1.0
all,0.1400,wor-uniform,501,0.02318817377090454,0.0
all,0.1400,wor-active,502,0.018369659781455994,1.0
all,0.1400,wor-uniform,502,0.022062599658966064,1.0
all,0.1400,wor-active,503,0.02030855417251587,1.0
all,0.1400,wor-uniform,503,0.022046566009521484,1.0
all,0.1400,wor-active,504,0.019104182720184326,1.0
all,0.1400,wor-uniform,504,0.022059738636016846,1.0
all,0.1400,wor-active,505,0.01839520037174225,1.0
all,0.1400,wor-uniform,505,0.022229567170143127,0.0
all,0.1400,wor-active,506,0.019473254680633545,1.0
all,0.1400,wor-uniform,506,0.02156519889831543,1.0
all,0.1400,wor-active,507,0.020021066069602966,1.0
all,0.1400,wor-uniform,507,0.021344974637031555,1.0
all,0.1400,wor-active,508,0.019988656044006348,1.0
all,0.1400,wor-uniform,508,0.022554874420166016,1.0
all,0.1400,wor-active,509,0.019550859928131104,1.0
all,0.1400,wor-uniform,509,0.023059502243995667,1.0
all,0.1400,wor-active,510,0.019015908241271973,1.0
all,0.1400,wor-uniform,510,0.021966740489006042,1.0
all,0.1400,wor-active,511,0.019290268421173096,1.0
all,0.1400,wor-uniform,511,0.02244560420513153,1.0
all,0.1400,wor-active,512,0.019235745072364807,1.0
all,0.1400,wor-uniform,512,0.02274547517299652,1.0
all,0.1400,wor-active,513,0.019350051879882812,1.0
all,0.1400,wor-uniform,513,0.022660017013549805,1.0
all,0.1400,wor-active,514,0.01962047815322876,1.0
all,0.1400,wor-uniform,514,0.02235238254070282,1.0
all,0.1400,wor-active,515,0.01965409517288208,1.0
all,0.1400,wor-uniform,515,0.022359251976013184,1.0
all,0.1400,wor-active,516,0.018840372562408447,1.0
all,0.1400,wor-uniform,516,0.02161957323551178,1.0
all,0.1400,wor-active,517,0.018657758831977844,1.0
all,0.1400,wor-uniform,517,0.02170586585998535,1.0
all,0.1400,wor-active,518,0.020137548446655273,1.0
all,0.1400,wor-uniform,518,0.022687554359436035,1.0
all,0.1400,wor-active,519,0.019773900508880615,1.0
all,0.1400,wor-uniform,519,0.02251887321472168,1.0
all,0.1400,wor-active,520,0.01889735460281372,1.0
all,0.1400,wor-uniform,520,0.02230525016784668,1.0
all,0.1400,wor-active,521,0.020039916038513184,1.0
all,0.1400,wor-uniform,521,0.022394657135009766,1.0
all,0.1400,wor-active,522,0.01863686740398407,1.0
all,0.1400,wor-uniform,522,0.021485015749931335,1.0
all,0.1400,wor-active,523,0.018956288695335388,1.0
all,0.1400,wor-uniform,523,0.022326231002807617,1.0
all,0.1400,wor-active,524,0.0202181339263916,1.0
all,0.1400,wor-uniform,524,0.021768808364868164,1.0
all,0.1400,wor-active,525,0.018305703997612,1.0
all,0.1400,wor-uniform,525,0.021156534552574158,1.0
all,0.1400,wor-active,526,0.02136099338531494,1.0
all,0.1400,wor-uniform,526,0.022359266877174377,1.0
all,0.1400,wor-active,527,0.01941913366317749,1.0
all,0.1400,wor-uniform,527,0.022144794464111328,1.0
all,0.1400,wor-active,528,0.01855352520942688,0.0
all,0.1400,wor-uniform,528,0.022250652313232422,1.0
all,0.1400,wor-active,529,0.01944136619567871,1.0
all,0.1400,wor-uniform,529,0.022274255752563477,1.0
all,0.1400,wor-active,530,0.019700944423675537,1.0
all,0.1400,wor-uniform,530,0.021823614835739136,1.0
all,0.1400,wor-active,531,0.020042717456817627,1.0
all,0.1400,wor-uniform,531,0.021733999252319336,1.0
all,0.1400,wor-active,532,0.01973891258239746,1.0
all,0.1400,wor-uniform,532,0.022612571716308594,1.0
all,0.1400,wor-active,533,0.018790721893310547,1.0
all,0.1400,wor-uniform,533,0.022180616855621338,1.0
all,0.1400,wor-active,534,0.020115017890930176,1.0
all,0.1400,wor-uniform,534,0.02156543731689453,1.0
all,0.1400,wor-active,535,0.01910346746444702,1.0
all,0.1400,wor-uniform,535,0.02228786051273346,1.0
all,0.1400,wor-active,536,0.017955660820007324,1.0
all,0.1400,wor-uniform,536,0.022047147154808044,1.0
all,0.1400,wor-active,537,0.020180046558380127,0.0
all,0.1400,wor-uniform,537,0.021668121218681335,1.0
all,0.1400,wor-active,538,0.01998467743396759,1.0
all,0.1400,wor-uniform,538,0.02241569757461548,1.0
all,0.1400,wor-active,539,0.019876599311828613,1.0
all,0.1400,wor-uniform,539,0.021665021777153015,1.0
all,0.1400,wor-active,540,0.020151376724243164,1.0
all,0.1400,wor-uniform,540,0.022387325763702393,1.0
all,0.1400,wor-active,541,0.01903557777404785,1.0
all,0.1400,wor-uniform,541,0.022298946976661682,1.0
all,0.1400,wor-active,542,0.01915210485458374,0.0
all,0.1400,wor-uniform,542,0.02269876003265381,1.0
all,0.1400,wor-active,543,0.022089138627052307,1.0
all,0.1400,wor-uniform,543,0.0220029354095459,1.0
all,0.1400,wor-active,544,0.020177602767944336,1.0
all,0.1400,wor-uniform,544,0.021902307868003845,1.0
all,0.1400,wor-active,545,0.02039305865764618,1.0
all,0.1400,wor-uniform,545,0.02266514301300049,1.0
all,0.1400,wor-active,546,0.020499110221862793,1.0
all,0.1400,wor-uniform,546,0.02247782051563263,1.0
all,0.1400,wor-active,547,0.020248353481292725,0.0
all,0.1400,wor-uniform,547,0.021470025181770325,1.0
all,0.1400,wor-active,548,0.02005469799041748,1.0
all,0.1400,wor-uniform,548,0.021406888961791992,1.0
all,0.1400,wor-active,549,0.020278990268707275,1.0
all,0.1400,wor-uniform,549,0.02176898717880249,1.0
all,0.1400,wor-active,550,0.01843327283859253,1.0
all,0.1400,wor-uniform,550,0.0220918208360672,1.0
all,0.1400,wor-active,551,0.0203477144241333,1.0
all,0.1400,wor-uniform,551,0.021660521626472473,1.0
all,0.1400,wor-active,552,0.020212888717651367,0.0
all,0.1400,wor-uniform,552,0.02262634038925171,1.0
all,0.1400,wor-active,553,0.0202028751373291,1.0
all,0.1400,wor-uniform,553,0.02274930477142334,1.0
all,0.1400,wor-active,554,0.019359469413757324,0.0
all,0.1400,wor-uniform,554,0.022585704922676086,1.0
all,0.1400,wor-active,555,0.019845545291900635,1.0
all,0.1400,wor-uniform,555,0.02250373363494873,1.0
all,0.1400,wor-active,556,0.0198964923620224,1.0
all,0.1400,wor-uniform,556,0.021415874361991882,1.0
all,0.1400,wor-active,557,0.019012674689292908,1.0
all,0.1400,wor-uniform,557,0.022028639912605286,1.0
all,0.1400,wor-active,558,0.01923072338104248,1.0
all,0.1400,wor-uniform,558,0.022499501705169678,1.0
all,0.1400,wor-active,559,0.018458738923072815,0.0
all,0.1400,wor-uniform,559,0.021772906184196472,1.0
all,0.1400,wor-active,560,0.019025519490242004,1.0
all,0.1400,wor-uniform,560,0.02266073226928711,1.0
all,0.1400,wor-active,561,0.019873499870300293,1.0
all,0.1400,wor-uniform,561,0.02255260944366455,1.0
all,0.1400,wor-active,562,0.020018503069877625,1.0
all,0.1400,wor-uniform,562,0.022780954837799072,1.0
all,0.1400,wor-active,563,0.018745839595794678,1.0
all,0.1400,wor-uniform,563,0.021773263812065125,1.0
all,0.1400,wor-active,564,0.020192205905914307,1.0
all,0.1400,wor-uniform,564,0.022992610931396484,1.0
all,0.1400,wor-active,565,0.01953941583633423,1.0
all,0.1400,wor-uniform,565,0.022212699055671692,1.0
all,0.1400,wor-active,566,0.018866896629333496,1.0
all,0.1400,wor-uniform,566,0.021279647946357727,1.0
all,0.1400,wor-active,567,0.021128535270690918,0.0
all,0.1400,wor-uniform,567,0.0221710205078125,1.0
all,0.1400,wor-active,568,0.019261062145233154,1.0
all,0.1400,wor-uniform,568,0.022192344069480896,1.0
all,0.1400,wor-active,569,0.019346117973327637,1.0
all,0.1400,wor-uniform,569,0.023013591766357422,1.0
all,0.1400,wor-active,570,0.021682143211364746,1.0
all,0.1400,wor-uniform,570,0.02179683744907379,1.0
all,0.1400,wor-active,571,0.01988975703716278,1.0
all,0.1400,wor-uniform,571,0.023052752017974854,1.0
all,0.1400,wor-active,572,0.019607052206993103,1.0
all,0.1400,wor-uniform,572,0.022516250610351562,1.0
all,0.1400,wor-active,573,0.019735530018806458,1.0
all,0.1400,wor-uniform,573,0.02189701795578003,1.0
all,0.1400,wor-active,574,0.018763378262519836,1.0
all,0.1400,wor-uniform,574,0.022476911544799805,1.0
all,0.1400,wor-active,575,0.01970607042312622,1.0
all,0.1400,wor-uniform,575,0.022323206067085266,1.0
all,0.1400,wor-active,576,0.019423842430114746,1.0
all,0.1400,wor-uniform,576,0.023019492626190186,1.0
all,0.1400,wor-active,577,0.017687678337097168,1.0
all,0.1400,wor-uniform,577,0.02234901487827301,1.0
all,0.1400,wor-active,578,0.01913394033908844,1.0
all,0.1400,wor-uniform,578,0.022810637950897217,1.0
all,0.1400,wor-active,579,0.018788829445838928,1.0
all,0.1400,wor-uniform,579,0.022266924381256104,1.0
all,0.1400,wor-active,580,0.020989179611206055,1.0
all,0.1400,wor-uniform,580,0.021944403648376465,1.0
all,0.1400,wor-active,581,0.02029605209827423,1.0
all,0.1400,wor-uniform,581,0.02232980728149414,1.0
all,0.1400,wor-active,582,0.017791390419006348,1.0
all,0.1400,wor-uniform,582,0.02236074209213257,1.0
all,0.1400,wor-active,583,0.020060956478118896,1.0
all,0.1400,wor-uniform,583,0.02138465642929077,1.0
all,0.1400,wor-active,584,0.01991093158721924,1.0
all,0.1400,wor-uniform,584,0.02166213095188141,1.0
all,0.1400,wor-active,585,0.02067047357559204,1.0
all,0.1400,wor-uniform,585,0.02246755361557007,1.0
all,0.1400,wor-active,586,0.021030724048614502,1.0
all,0.1400,wor-uniform,586,0.022258400917053223,1.0
all,0.1400,wor-active,587,0.019796788692474365,1.0
all,0.1400,wor-uniform,587,0.02147035300731659,1.0
all,0.1400,wor-active,588,0.019141018390655518,1.0
all,0.1400,wor-uniform,588,0.02241462469100952,1.0
all,0.1400,wor-active,589,0.018736302852630615,1.0
all,0.1400,wor-uniform,589,0.023162901401519775,0.0
all,0.1400,wor-active,590,0.018800437450408936,1.0
all,0.1400,wor-uniform,590,0.02268880605697632,1.0
all,0.1400,wor-active,591,0.0190809965133667,1.0
all,0.1400,wor-uniform,591,0.02158200740814209,1.0
all,0.1400,wor-active,592,0.01947861909866333,1.0
all,0.1400,wor-uniform,592,0.02172766625881195,1.0
all,0.1400,wor-active,593,0.020370662212371826,1.0
all,0.1400,wor-uniform,593,0.021945059299468994,1.0
all,0.1400,wor-active,594,0.019937634468078613,1.0
all,0.1400,wor-uniform,594,0.021840617060661316,1.0
all,0.1400,wor-active,595,0.020373880863189697,1.0
all,0.1400,wor-uniform,595,0.022155463695526123,1.0
all,0.1400,wor-active,596,0.01905609667301178,1.0
all,0.1400,wor-uniform,596,0.022210776805877686,1.0
all,0.1400,wor-active,597,0.018392518162727356,1.0
all,0.1400,wor-uniform,597,0.0217132568359375,1.0
all,0.1400,wor-active,598,0.020534813404083252,1.0
all,0.1400,wor-uniform,598,0.022433459758758545,1.0
all,0.1400,wor-active,599,0.018436312675476074,1.0
all,0.1400,wor-uniform,599,0.02257119119167328,1.0
all,0.1400,wor-active,600,0.019883692264556885,1.0
all,0.1400,wor-uniform,600,0.022505760192871094,1.0
all,0.1400,wor-active,601,0.02132701873779297,1.0
all,0.1400,wor-uniform,601,0.02197486162185669,1.0
all,0.1400,wor-active,602,0.019794046878814697,1.0
all,0.1400,wor-uniform,602,0.02208690345287323,1.0
all,0.1400,wor-active,603,0.020029783248901367,1.0
all,0.1400,wor-uniform,603,0.022169604897499084,1.0
all,0.1400,wor-active,604,0.01965385675430298,1.0
all,0.1400,wor-uniform,604,0.021995946764945984,1.0
all,0.1400,wor-active,605,0.02053976058959961,1.0
all,0.1400,wor-uniform,605,0.021449729800224304,1.0
all,0.1400,wor-active,606,0.01999843120574951,1.0
all,0.1400,wor-uniform,606,0.022696182131767273,1.0
all,0.1400,wor-active,607,0.02031940221786499,1.0
all,0.1400,wor-uniform,607,0.02175283432006836,1.0
all,0.1400,wor-active,608,0.020155608654022217,1.0
all,0.1400,wor-uniform,608,0.022432029247283936,1.0
all,0.1400,wor-active,609,0.020569980144500732,1.0
all,0.1400,wor-uniform,609,0.022547006607055664,1.0
all,0.1400,wor-active,610,0.01922309398651123,1.0
all,0.1400,wor-uniform,610,0.02181701362133026,1.0
all,0.1400,wor-active,611,0.020967721939086914,1.0
all,0.1400,wor-uniform,611,0.02210259437561035,1.0
all,0.1400,wor-active,612,0.019474908709526062,1.0
all,0.1400,wor-uniform,612,0.02222496271133423,0.0
all,0.1400,wor-active,613,0.021065175533294678,1.0
all,0.1400,wor-uniform,613,0.021797731518745422,1.0
all,0.1400,wor-active,614,0.019902408123016357,1.0
all,0.1400,wor-uniform,614,0.021934151649475098,1.0
all,0.1400,wor-active,615,0.020142018795013428,1.0
all,0.1400,wor-uniform,615,0.021655812859535217,1.0
all,0.1400,wor-active,616,0.019155681133270264,1.0
all,0.1400,wor-uniform,616,0.022298619151115417,1.0
all,0.1400,wor-active,617,0.017412647604942322,0.0
all,0.1400,wor-uniform,617,0.021916016936302185,1.0
all,0.1400,wor-active,618,0.020007535815238953,1.0
all,0.1400,wor-uniform,618,0.022906720638275146,1.0
all,0.1400,wor-active,619,0.0200842022895813,1.0
all,0.1400,wor-uniform,619,0.022365525364875793,1.0
all,0.1400,wor-active,620,0.019856512546539307,1.0
all,0.1400,wor-uniform,620,0.022196397185325623,1.0
all,0.1400,wor-active,621,0.01955169439315796,1.0
all,0.1400,wor-uniform,621,0.02286350727081299,1.0
all,0.1400,wor-active,622,0.019565045833587646,1.0
all,0.1400,wor-uniform,622,0.021542370319366455,1.0
all,0.1400,wor-active,623,0.019871234893798828,1.0
all,0.1400,wor-uniform,623,0.020673558115959167,0.0
all,0.1400,wor-active,624,0.020973801612854004,1.0
all,0.1400,wor-uniform,624,0.02266979217529297,1.0
all,0.1400,wor-active,625,0.01970440149307251,1.0
all,0.1400,wor-uniform,625,0.02224147319793701,1.0
all,0.1400,wor-active,626,0.01988762617111206,1.0
all,0.1400,wor-uniform,626,0.021363794803619385,1.0
all,0.1400,wor-active,627,0.01946033537387848,1.0
all,0.1400,wor-uniform,627,0.022367477416992188,1.0
all,0.1400,wor-active,628,0.019771024584770203,1.0
all,0.1400,wor-uniform,628,0.02146117389202118,1.0
all,0.1400,wor-active,629,0.020431697368621826,1.0
all,0.1400,wor-uniform,629,0.020936787128448486,1.0
all,0.1400,wor-active,630,0.020181119441986084,1.0
all,0.1400,wor-uniform,630,0.021777451038360596,1.0
all,0.1400,wor-active,631,0.02040255069732666,1.0
all,0.1400,wor-uniform,631,0.021571531891822815,1.0
all,0.1400,wor-active,632,0.01925426721572876,1.0
all,0.1400,wor-uniform,632,0.022342264652252197,1.0
all,0.1400,wor-active,633,0.018084153532981873,1.0
all,0.1400,wor-uniform,633,0.021679818630218506,1.0
all,0.1400,wor-active,634,0.01912619173526764,1.0
all,0.1400,wor-uniform,634,0.02270108461380005,1.0
all,0.1400,wor-active,635,0.019060373306274414,1.0
all,0.1400,wor-uniform,635,0.02191843092441559,1.0
all,0.1400,wor-active,636,0.021076366305351257,1.0
all,0.1400,wor-uniform,636,0.022271573543548584,1.0
all,0.1400,wor-active,637,0.019287288188934326,1.0
all,0.1400,wor-uniform,637,0.022149786353111267,1.0
all,0.1400,wor-active,638,0.018870696425437927,0.0
all,0.1400,wor-uniform,638,0.02205139398574829,1.0
all,0.1400,wor-active,639,0.02000325918197632,0.0
all,0.1400,wor-uniform,639,0.021560072898864746,1.0
all,0.1400,wor-active,640,0.018692195415496826,1.0
all,0.1400,wor-uniform,640,0.022131815552711487,1.0
all,0.1400,wor-active,641,0.020942330360412598,1.0
all,0.1400,wor-uniform,641,0.022076725959777832,1.0
all,0.1400,wor-active,642,0.02034825086593628,1.0
all,0.1400,wor-uniform,642,0.0220135897397995,1.0
all,0.1400,wor-active,643,0.018043607473373413,0.0
all,0.1400,wor-uniform,643,0.0219690203666687,1.0
all,0.1400,wor-active,644,0.01990300416946411,0.0
all,0.1400,wor-uniform,644,0.02326124906539917,1.0
all,0.1400,wor-active,645,0.018532991409301758,1.0
all,0.1400,wor-uniform,645,0.02168126404285431,1.0
all,0.1400,wor-active,646,0.01901686191558838,1.0
all,0.1400,wor-uniform,646,0.02183091640472412,1.0
all,0.1400,wor-active,647,0.019136354327201843,1.0
all,0.1400,wor-uniform,647,0.02197284996509552,1.0
all,0.1400,wor-active,648,0.019445717334747314,1.0
all,0.1400,wor-uniform,648,0.021869227290153503,1.0
all,0.1400,wor-active,649,0.019401133060455322,1.0
all,0.1400,wor-uniform,649,0.022899329662322998,1.0
all,0.1400,wor-active,650,0.019137918949127197,1.0
all,0.1400,wor-uniform,650,0.022521913051605225,1.0
all,0.1400,wor-active,651,0.020558059215545654,1.0
all,0.1400,wor-uniform,651,0.022562742233276367,1.0
all,0.1400,wor-active,652,0.018712401390075684,1.0
all,0.1400,wor-uniform,652,0.021669626235961914,1.0
all,0.1400,wor-active,653,0.01983112096786499,1.0
all,0.1400,wor-uniform,653,0.021917223930358887,1.0
all,0.1400,wor-active,654,0.019292905926704407,1.0
all,0.1400,wor-uniform,654,0.021643683314323425,1.0
all,0.1400,wor-active,655,0.020512044429779053,1.0
all,0.1400,wor-uniform,655,0.022128403186798096,1.0
all,0.1400,wor-active,656,0.019745036959648132,1.0
all,0.1400,wor-uniform,656,0.021515563130378723,1.0
all,0.1400,wor-active,657,0.01966404914855957,1.0
all,0.1400,wor-uniform,657,0.02214229106903076,1.0
all,0.1400,wor-active,658,0.02037632465362549,1.0
all,0.1400,wor-uniform,658,0.022520005702972412,1.0
all,0.1400,wor-active,659,0.018972158432006836,1.0
all,0.1400,wor-uniform,659,0.022521138191223145,1.0
all,0.1400,wor-active,660,0.02102869749069214,1.0
all,0.1400,wor-uniform,660,0.021479532122612,1.0
all,0.1400,wor-active,661,0.019894838333129883,1.0
all,0.1400,wor-uniform,661,0.022102713584899902,1.0
all,0.1400,wor-active,662,0.018745720386505127,1.0
all,0.1400,wor-uniform,662,0.022692084312438965,1.0
all,0.1400,wor-active,663,0.018470406532287598,1.0
all,0.1400,wor-uniform,663,0.02176821231842041,0.0
all,0.1400,wor-active,664,0.019676104187965393,1.0
all,0.1400,wor-uniform,664,0.022739827632904053,1.0
all,0.1400,wor-active,665,0.01970851421356201,1.0
all,0.1400,wor-uniform,665,0.022388413548469543,1.0
all,0.1500,wor-active,333,0.018882393836975098,1.0
all,0.1500,wor-uniform,333,0.021055161952972412,1.0
all,0.1500,wor-active,334,0.019159674644470215,1.0
all,0.1500,wor-uniform,334,0.02127145230770111,1.0
all,0.1500,wor-active,335,0.019644975662231445,1.0
all,0.1500,wor-uniform,335,0.020780622959136963,1.0
all,0.1500,wor-active,336,0.018469154834747314,1.0
all,0.1500,wor-uniform,336,0.02148681879043579,1.0
all,0.1500,wor-active,337,0.019482910633087158,1.0
all,0.1500,wor-uniform,337,0.021931052207946777,1.0
all,0.1500,wor-active,338,0.01869732141494751,1.0
all,0.1500,wor-uniform,338,0.020764052867889404,1.0
all,0.1500,wor-active,339,0.019842147827148438,1.0
all,0.1500,wor-uniform,339,0.02160966396331787,1.0
all,0.1500,wor-active,340,0.018099069595336914,1.0
all,0.1500,wor-uniform,340,0.021117568016052246,1.0
all,0.1500,wor-active,341,0.01895618438720703,1.0
all,0.1500,wor-uniform,341,0.021806836128234863,1.0
all,0.1500,wor-active,342,0.01849418878555298,1.0
all,0.1500,wor-uniform,342,0.02176278829574585,1.0
all,0.1500,wor-active,343,0.018765151500701904,1.0
all,0.1500,wor-uniform,343,0.0216943621635437,1.0
all,0.1500,wor-active,344,0.019284546375274658,1.0
all,0.1500,wor-uniform,344,0.02138417959213257,1.0
all,0.1500,wor-active,345,0.01803213357925415,1.0
all,0.1500,wor-uniform,345,0.022123336791992188,1.0
all,0.1500,wor-active,346,0.019302427768707275,1.0
all,0.1500,wor-uniform,346,0.021205663681030273,1.0
all,0.1500,wor-active,347,0.019186675548553467,1.0
all,0.1500,wor-uniform,347,0.021269142627716064,1.0
all,0.1500,wor-active,348,0.01948559284210205,0.0
all,0.1500,wor-uniform,348,0.021748065948486328,1.0
all,0.1500,wor-active,349,0.01828867197036743,1.0
all,0.1500,wor-uniform,349,0.021229147911071777,1.0
all,0.1500,wor-active,350,0.019295021891593933,1.0
all,0.1500,wor-uniform,350,0.02144843339920044,1.0
all,0.1500,wor-active,351,0.01975005865097046,1.0
all,0.1500,wor-uniform,351,0.02153259515762329,1.0
all,0.1500,wor-active,352,0.01956653594970703,1.0
all,0.1500,wor-uniform,352,0.021113023161888123,0.0
all,0.1500,wor-active,353,0.018990397453308105,1.0
all,0.1500,wor-uniform,353,0.021223783493041992,1.0
all,0.1500,wor-active,354,0.019800245761871338,1.0
all,0.1500,wor-uniform,354,0.021236062049865723,1.0
all,0.1500,wor-active,355,0.019054055213928223,1.0
all,0.1500,wor-uniform,355,0.021344423294067383,1.0
all,0.1500,wor-active,356,0.018978357315063477,1.0
all,0.1500,wor-uniform,356,0.021039962768554688,1.0
all,0.1500,wor-active,357,0.01874011754989624,1.0
all,0.1500,wor-uniform,357,0.020893022418022156,1.0
all,0.1500,wor-active,358,0.018609657883644104,1.0
all,0.1500,wor-uniform,358,0.020700320601463318,1.0
all,0.1500,wor-active,359,0.017450809478759766,1.0
all,0.1500,wor-uniform,359,0.021532177925109863,1.0
all,0.1500,wor-active,360,0.01878410577774048,1.0
all,0.1500,wor-uniform,360,0.021099209785461426,1.0
all,0.1500,wor-active,361,0.019120633602142334,1.0
all,0.1500,wor-uniform,361,0.020218074321746826,1.0
all,0.1500,wor-active,362,0.019970238208770752,1.0
all,0.1500,wor-uniform,362,0.02083003520965576,1.0
all,0.1500,wor-active,363,0.019249796867370605,1.0
all,0.1500,wor-uniform,363,0.021038100123405457,1.0
all,0.1500,wor-active,364,0.018200457096099854,1.0
all,0.1500,wor-uniform,364,0.02129267156124115,1.0
all,0.1500,wor-active,365,0.019076883792877197,1.0
all,0.1500,wor-uniform,365,0.021066144108772278,1.0
all,0.1500,wor-active,366,0.01972043514251709,0.0
all,0.1500,wor-uniform,366,0.020763874053955078,1.0
all,0.1500,wor-active,367,0.018412232398986816,1.0
all,0.1500,wor-uniform,367,0.020856812596321106,0.0
all,0.1500,wor-active,368,0.01932060718536377,1.0
all,0.1500,wor-uniform,368,0.020132407546043396,0.0
all,0.1500,wor-active,369,0.017943918704986572,1.0
all,0.1500,wor-uniform,369,0.021656975150108337,1.0
all,0.1500,wor-active,370,0.01845221221446991,1.0
all,0.1500,wor-uniform,370,0.02147519588470459,1.0
all,0.1500,wor-active,371,0.018576860427856445,1.0
all,0.1500,wor-uniform,371,0.02172856032848358,1.0
all,0.1500,wor-active,372,0.019408568739891052,1.0
all,0.1500,wor-uniform,372,0.02108931541442871,1.0
all,0.1500,wor-active,373,0.01792675256729126,1.0
all,0.1500,wor-uniform,373,0.021465256810188293,1.0
all,0.1500,wor-active,374,0.018596947193145752,1.0
all,0.1500,wor-uniform,374,0.020674288272857666,1.0
all,0.1500,wor-active,375,0.018677949905395508,1.0
all,0.1500,wor-uniform,375,0.021603703498840332,1.0
all,0.1500,wor-active,376,0.019548237323760986,1.0
all,0.1500,wor-uniform,376,0.021146714687347412,1.0
all,0.1500,wor-active,377,0.018693387508392334,1.0
all,0.1500,wor-uniform,377,0.021766960620880127,1.0
all,0.1500,wor-active,378,0.018019378185272217,1.0
all,0.1500,wor-uniform,378,0.021175727248191833,1.0
all,0.1500,wor-active,379,0.018912792205810547,1.0
all,0.1500,wor-uniform,379,0.021497666835784912,1.0
all,0.1500,wor-active,380,0.018337666988372803,1.0
all,0.1500,wor-uniform,380,0.021306633949279785,1.0
all,0.1500,wor-active,381,0.017718330025672913,1.0
all,0.1500,wor-uniform,381,0.02093946933746338,1.0
all,0.1500,wor-active,382,0.018858730792999268,1.0
all,0.1500,wor-uniform,382,0.02114969491958618,1.0
all,0.1500,wor-active,383,0.01851290464401245,1.0
all,0.1500,wor-uniform,383,0.021002545952796936,1.0
all,0.1500,wor-active,384,0.01851975917816162,1.0
all,0.1500,wor-uniform,384,0.020830929279327393,1.0
all,0.1500,wor-active,385,0.01977938413619995,0.0
all,0.1500,wor-uniform,385,0.02082616090774536,1.0
all,0.1500,wor-active,386,0.01893150806427002,1.0
all,0.1500,wor-uniform,386,0.02139490842819214,1.0
all,0.1500,wor-active,387,0.01869887113571167,1.0
all,0.1500,wor-uniform,387,0.021444261074066162,1.0
all,0.1500,wor-active,388,0.019135162234306335,1.0
all,0.1500,wor-uniform,388,0.021364346146583557,1.0
all,0.1500,wor-active,389,0.018348827958106995,1.0
all,0.1500,wor-uniform,389,0.021419763565063477,1.0
all,0.1500,wor-active,390,0.019275173544883728,1.0
all,0.1500,wor-uniform,390,0.02116994559764862,1.0
all,0.1500,wor-active,391,0.018626630306243896,1.0
all,0.1500,wor-uniform,391,0.021483421325683594,1.0
all,0.1500,wor-active,392,0.019774675369262695,1.0
all,0.1500,wor-uniform,392,0.021135076880455017,0.0
all,0.1500,wor-active,393,0.01895362138748169,1.0
all,0.1500,wor-uniform,393,0.021482393145561218,1.0
all,0.1500,wor-active,394,0.018858134746551514,1.0
all,0.1500,wor-uniform,394,0.02096647024154663,1.0
all,0.1500,wor-active,395,0.01795785129070282,1.0
all,0.1500,wor-uniform,395,0.021121203899383545,1.0
all,0.1500,wor-active,396,0.018022939562797546,1.0
all,0.1500,wor-uniform,396,0.022268235683441162,1.0
all,0.1500,wor-active,397,0.018986940383911133,1.0
all,0.1500,wor-uniform,397,0.021694615483283997,1.0
all,0.1500,wor-active,398,0.018907010555267334,1.0
all,0.1500,wor-uniform,398,0.022449612617492676,1.0
all,0.1500,wor-active,399,0.019219577312469482,1.0
all,0.1500,wor-uniform,399,0.021698832511901855,1.0
all,0.1500,wor-active,400,0.01946049928665161,1.0
all,0.1500,wor-uniform,400,0.021380066871643066,1.0
all,0.1500,wor-active,401,0.018053188920021057,1.0
all,0.1500,wor-uniform,401,0.02106933295726776,1.0
all,0.1500,wor-active,402,0.02103114128112793,1.0
all,0.1500,wor-uniform,402,0.02140021324157715,1.0
all,0.1500,wor-active,403,0.019182443618774414,1.0
all,0.1500,wor-uniform,403,0.021647155284881592,1.0
all,0.1500,wor-active,404,0.01871912181377411,1.0
all,0.1500,wor-uniform,404,0.021221518516540527,1.0
all,0.1500,wor-active,405,0.01795075833797455,1.0
all,0.1500,wor-uniform,405,0.02189028263092041,1.0
all,0.1500,wor-active,406,0.017882168292999268,1.0
all,0.1500,wor-uniform,406,0.021602928638458252,1.0
all,0.1500,wor-active,407,0.018035411834716797,1.0
all,0.1500,wor-uniform,407,0.021167337894439697,1.0
all,0.1500,wor-active,408,0.018760383129119873,1.0
all,0.1500,wor-uniform,408,0.02122408151626587,1.0
all,0.1500,wor-active,409,0.019730448722839355,1.0
all,0.1500,wor-uniform,409,0.021045193076133728,1.0
all,0.1500,wor-active,410,0.01867838203907013,1.0
all,0.1500,wor-uniform,410,0.021186158061027527,1.0
all,0.1500,wor-active,411,0.017925739288330078,1.0
all,0.1500,wor-uniform,411,0.021571338176727295,1.0
all,0.1500,wor-active,412,0.017898261547088623,1.0
all,0.1500,wor-uniform,412,0.021360576152801514,1.0
all,0.1500,wor-active,413,0.020146861672401428,1.0
all,0.1500,wor-uniform,413,0.021092966198921204,1.0
all,0.1500,wor-active,414,0.019154012203216553,1.0
all,0.1500,wor-uniform,414,0.02113749086856842,1.0
all,0.1500,wor-active,415,0.019372224807739258,1.0
all,0.1500,wor-uniform,415,0.02160637080669403,1.0
all,0.1500,wor-active,416,0.01843714714050293,1.0
all,0.1500,wor-uniform,416,0.020811617374420166,1.0
all,0.1500,wor-active,417,0.0182332843542099,1.0
all,0.1500,wor-uniform,417,0.02151985466480255,1.0
all,0.1500,wor-active,418,0.018685653805732727,1.0
all,0.1500,wor-uniform,418,0.020697548985481262,1.0
all,0.1500,wor-active,419,0.018829703330993652,1.0
all,0.1500,wor-uniform,419,0.02048313617706299,1.0
all,0.1500,wor-active,420,0.018589138984680176,1.0
all,0.1500,wor-uniform,420,0.021431684494018555,1.0
all,0.1500,wor-active,421,0.0193479061126709,1.0
all,0.1500,wor-uniform,421,0.02069091796875,1.0
all,0.1500,wor-active,422,0.0189969539642334,1.0
all,0.1500,wor-uniform,422,0.021075963973999023,1.0
all,0.1500,wor-active,423,0.018908023834228516,1.0
all,0.1500,wor-uniform,423,0.021279215812683105,1.0
all,0.1500,wor-active,424,0.018408656120300293,1.0
all,0.1500,wor-uniform,424,0.021100342273712158,1.0
all,0.1500,wor-active,425,0.019452452659606934,1.0
all,0.1500,wor-uniform,425,0.02062484622001648,0.0
all,0.1500,wor-active,426,0.019081726670265198,1.0
all,0.1500,wor-uniform,426,0.02126656472682953,1.0
all,0.1500,wor-active,427,0.01901710033416748,1.0
all,0.1500,wor-uniform,427,0.02144007384777069,1.0
all,0.1500,wor-active,428,0.018579527735710144,1.0
all,0.1500,wor-uniform,428,0.02151733636856079,1.0
all,0.1500,wor-active,429,0.019091665744781494,1.0
all,0.1500,wor-uniform,429,0.02109454572200775,1.0
all,0.1500,wor-active,430,0.019106566905975342,1.0
all,0.1500,wor-uniform,430,0.02119654417037964,0.0
all,0.1500,wor-active,431,0.019412994384765625,1.0
all,0.1500,wor-uniform,431,0.021419525146484375,1.0
all,0.1500,wor-active,432,0.020096957683563232,1.0
all,0.1500,wor-uniform,432,0.020832538604736328,1.0
all,0.1500,wor-active,433,0.018368780612945557,1.0
all,0.1500,wor-uniform,433,0.02082104980945587,0.0
all,0.1500,wor-active,434,0.018337354063987732,1.0
all,0.1500,wor-uniform,434,0.020925462245941162,1.0
all,0.1500,wor-active,435,0.01874251663684845,1.0
all,0.1500,wor-uniform,435,0.020596563816070557,1.0
all,0.1500,wor-active,436,0.01913273334503174,1.0
all,0.1500,wor-uniform,436,0.021345436573028564,1.0
all,0.1500,wor-active,437,0.019273802638053894,1.0
all,0.1500,wor-uniform,437,0.022082269191741943,1.0
all,0.1500,wor-active,438,0.01880897581577301,1.0
all,0.1500,wor-uniform,438,0.020702913403511047,1.0
all,0.1500,wor-active,439,0.01807093620300293,1.0
all,0.1500,wor-uniform,439,0.0218743234872818,1.0
all,0.1500,wor-active,440,0.01878964900970459,1.0
all,0.1500,wor-uniform,440,0.021245896816253662,1.0
all,0.1500,wor-active,441,0.019269704818725586,1.0
all,0.1500,wor-uniform,441,0.022439047694206238,1.0
all,0.1500,wor-active,442,0.019091010093688965,1.0
all,0.1500,wor-uniform,442,0.020223185420036316,1.0
all,0.1500,wor-active,443,0.01816171407699585,1.0
all,0.1500,wor-uniform,443,0.02142244577407837,1.0
all,0.1500,wor-active,444,0.02011781930923462,1.0
all,0.1500,wor-uniform,444,0.0211603045463562,1.0
all,0.1500,wor-active,445,0.01933133602142334,1.0
all,0.1500,wor-uniform,445,0.021178126335144043,1.0
all,0.1500,wor-active,446,0.019138693809509277,1.0
all,0.1500,wor-uniform,446,0.02175319194793701,0.0
all,0.1500,wor-active,447,0.01720494031906128,1.0
all,0.1500,wor-uniform,447,0.022028326988220215,1.0
all,0.1500,wor-active,448,0.017648518085479736,1.0
all,0.1500,wor-uniform,448,0.02096724510192871,1.0
all,0.1500,wor-active,449,0.019626736640930176,1.0
all,0.1500,wor-uniform,449,0.021431386470794678,1.0
all,0.1500,wor-active,450,0.019586622714996338,0.0
all,0.1500,wor-uniform,450,0.02160102128982544,1.0
all,0.1500,wor-active,451,0.018404141068458557,1.0
all,0.1500,wor-uniform,451,0.022389113903045654,1.0
all,0.1500,wor-active,452,0.01828843355178833,1.0
all,0.1500,wor-uniform,452,0.020862221717834473,1.0
all,0.1500,wor-active,453,0.01723763346672058,0.0
all,0.1500,wor-uniform,453,0.02171194553375244,1.0
all,0.1500,wor-active,454,0.018896088004112244,1.0
all,0.1500,wor-uniform,454,0.021551966667175293,1.0
all,0.1500,wor-active,455,0.01981055736541748,1.0
all,0.1500,wor-uniform,455,0.021432995796203613,0.0
all,0.1500,wor-active,456,0.018418490886688232,1.0
all,0.1500,wor-uniform,456,0.020739853382110596,1.0
all,0.1500,wor-active,457,0.01842135190963745,1.0
all,0.1500,wor-uniform,457,0.020276963710784912,1.0
all,0.1500,wor-active,458,0.01828761398792267,1.0
all,0.1500,wor-uniform,458,0.021722793579101562,1.0
all,0.1500,wor-active,459,0.018255949020385742,1.0
all,0.1500,wor-uniform,459,0.021923184394836426,1.0
all,0.1500,wor-active,460,0.01998227834701538,1.0
all,0.1500,wor-uniform,460,0.02194267511367798,1.0
all,0.1500,wor-active,461,0.01959840953350067,1.0
all,0.1500,wor-uniform,461,0.0208711177110672,1.0
all,0.1500,wor-active,462,0.01940453052520752,1.0
all,0.1500,wor-uniform,462,0.020621880888938904,1.0
all,0.1500,wor-active,463,0.01865595579147339,1.0
all,0.1500,wor-uniform,463,0.021777868270874023,1.0
all,0.1500,wor-active,464,0.0200272798538208,1.0
all,0.1500,wor-uniform,464,0.02141493558883667,1.0
all,0.1500,wor-active,465,0.019987404346466064,0.0
all,0.1500,wor-uniform,465,0.021238625049591064,1.0
all,0.1500,wor-active,466,0.018659889698028564,1.0
all,0.1500,wor-uniform,466,0.022028803825378418,1.0
all,0.1500,wor-active,467,0.018447518348693848,1.0
all,0.1500,wor-uniform,467,0.021484196186065674,1.0
all,0.1500,wor-active,468,0.018723562359809875,1.0
all,0.1500,wor-uniform,468,0.021581590175628662,1.0
all,0.1500,wor-active,469,0.019398987293243408,1.0
all,0.1500,wor-uniform,469,0.021202117204666138,0.0
all,0.1500,wor-active,470,0.018963932991027832,1.0
all,0.1500,wor-uniform,470,0.02047586441040039,1.0
all,0.1500,wor-active,471,0.01915431022644043,1.0
all,0.1500,wor-uniform,471,0.020915448665618896,1.0
all,0.1500,wor-active,472,0.018575593829154968,1.0
all,0.1500,wor-uniform,472,0.02096611261367798,1.0
all,0.1500,wor-active,473,0.01906454563140869,1.0
all,0.1500,wor-uniform,473,0.021313786506652832,1.0
all,0.1500,wor-active,474,0.018890738487243652,1.0
all,0.1500,wor-uniform,474,0.02065129578113556,1.0
all,0.1500,wor-active,475,0.017639830708503723,1.0
all,0.1500,wor-uniform,475,0.02107638120651245,1.0
all,0.1500,wor-active,476,0.01952318847179413,1.0
all,0.1500,wor-uniform,476,0.021117448806762695,1.0
all,0.1500,wor-active,477,0.018233180046081543,1.0
all,0.1500,wor-uniform,477,0.022218406200408936,1.0
all,0.1500,wor-active,478,0.017940759658813477,1.0
all,0.1500,wor-uniform,478,0.02153785526752472,1.0
all,0.1500,wor-active,479,0.0187261700630188,1.0
all,0.1500,wor-uniform,479,0.022124767303466797,0.0
all,0.1500,wor-active,480,0.019165456295013428,1.0
all,0.1500,wor-uniform,480,0.020954862236976624,1.0
all,0.1500,wor-active,481,0.019232571125030518,1.0
all,0.1500,wor-uniform,481,0.02160501480102539,1.0
all,0.1500,wor-active,482,0.018799766898155212,1.0
all,0.1500,wor-uniform,482,0.02146945893764496,1.0
all,0.1500,wor-active,483,0.019269227981567383,1.0
all,0.1500,wor-uniform,483,0.02111959457397461,1.0
all,0.1500,wor-active,484,0.02000020444393158,1.0
all,0.1500,wor-uniform,484,0.021702170372009277,1.0
all,0.1500,wor-active,485,0.018426313996315002,1.0
all,0.1500,wor-uniform,485,0.020890533924102783,1.0
all,0.1500,wor-active,486,0.018548622727394104,1.0
all,0.1500,wor-uniform,486,0.0209893137216568,1.0
all,0.1500,wor-active,487,0.018308594822883606,1.0
all,0.1500,wor-uniform,487,0.021465107798576355,1.0
all,0.1500,wor-active,488,0.019751012325286865,1.0
all,0.1500,wor-uniform,488,0.02085624635219574,1.0
all,0.1500,wor-active,489,0.019180938601493835,0.0
all,0.1500,wor-uniform,489,0.02114267647266388,1.0
all,0.1500,wor-active,490,0.020132601261138916,1.0
all,0.1500,wor-uniform,490,0.022165372967720032,1.0
all,0.1500,wor-active,491,0.017448946833610535,1.0
all,0.1500,wor-uniform,491,0.02085717022418976,1.0
all,0.1500,wor-active,492,0.018341168761253357,1.0
all,0.1500,wor-uniform,492,0.022220909595489502,1.0
all,0.1500,wor-active,493,0.01822267472743988,1.0
all,0.1500,wor-uniform,493,0.020780503749847412,1.0
all,0.1500,wor-active,494,0.019046053290367126,1.0
all,0.1500,wor-uniform,494,0.021674737334251404,1.0
all,0.1500,wor-active,495,0.01923239231109619,1.0
all,0.1500,wor-uniform,495,0.021337151527404785,1.0
all,0.1500,wor-active,496,0.017793476581573486,1.0
all,0.1500,wor-uniform,496,0.02055346965789795,1.0
all,0.1500,wor-active,497,0.018144145607948303,1.0
all,0.1500,wor-uniform,497,0.021212980151176453,1.0
all,0.1500,wor-active,498,0.018697023391723633,1.0
all,0.1500,wor-uniform,498,0.021580770611763,1.0
all,0.1500,wor-active,499,0.017776846885681152,1.0
all,0.1500,wor-uniform,499,0.021209776401519775,1.0
all,0.1500,wor-active,500,0.018435105681419373,1.0
all,0.1500,wor-uniform,500,0.02027173340320587,1.0
all,0.1500,wor-active,501,0.019193589687347412,1.0
all,0.1500,wor-uniform,501,0.02163100242614746,1.0
all,0.1500,wor-active,502,0.01882869005203247,1.0
all,0.1500,wor-uniform,502,0.022462129592895508,1.0
all,0.1500,wor-active,503,0.01922553777694702,1.0
all,0.1500,wor-uniform,503,0.021436288952827454,1.0
all,0.1500,wor-active,504,0.01804278790950775,1.0
all,0.1500,wor-uniform,504,0.021267235279083252,1.0
all,0.1500,wor-active,505,0.0188562273979187,1.0
all,0.1500,wor-uniform,505,0.021722868084907532,1.0
all,0.1500,wor-active,506,0.01745736598968506,1.0
all,0.1500,wor-uniform,506,0.020810946822166443,1.0
all,0.1500,wor-active,507,0.01867818832397461,1.0
all,0.1500,wor-uniform,507,0.02210080623626709,1.0
all,0.1500,wor-active,508,0.019514262676239014,1.0
all,0.1500,wor-uniform,508,0.02082185447216034,1.0
all,0.1500,wor-active,509,0.018999934196472168,1.0
all,0.1500,wor-uniform,509,0.02105778455734253,1.0
all,0.1500,wor-active,510,0.018411636352539062,1.0
all,0.1500,wor-uniform,510,0.021602869033813477,1.0
all,0.1500,wor-active,511,0.018143117427825928,1.0
all,0.1500,wor-uniform,511,0.021296381950378418,1.0
all,0.1500,wor-active,512,0.020103037357330322,1.0
all,0.1500,wor-uniform,512,0.02112710475921631,1.0
all,0.1500,wor-active,513,0.01883530616760254,1.0
all,0.1500,wor-uniform,513,0.021448612213134766,1.0
all,0.1500,wor-active,514,0.018871411681175232,1.0
all,0.1500,wor-uniform,514,0.02133244276046753,1.0
all,0.1500,wor-active,515,0.01842498779296875,1.0
all,0.1500,wor-uniform,515,0.021062910556793213,1.0
all,0.1500,wor-active,516,0.01918894052505493,1.0
all,0.1500,wor-uniform,516,0.021413445472717285,1.0
all,0.1500,wor-active,517,0.018204212188720703,1.0
all,0.1500,wor-uniform,517,0.0216091126203537,1.0
all,0.1500,wor-active,518,0.018254876136779785,1.0
all,0.1500,wor-uniform,518,0.02154064178466797,1.0
all,0.1500,wor-active,519,0.018762484192848206,1.0
all,0.1500,wor-uniform,519,0.02156388759613037,1.0
all,0.1500,wor-active,520,0.019633233547210693,1.0
all,0.1500,wor-uniform,520,0.021355867385864258,1.0
all,0.1500,wor-active,521,0.019046247005462646,1.0
all,0.1500,wor-uniform,521,0.02106858789920807,1.0
all,0.1500,wor-active,522,0.018141567707061768,1.0
all,0.1500,wor-uniform,522,0.02101266384124756,0.0
all,0.1500,wor-active,523,0.018041908740997314,1.0
all,0.1500,wor-uniform,523,0.021943554282188416,1.0
all,0.1500,wor-active,524,0.01966702938079834,0.0
all,0.1500,wor-uniform,524,0.020659714937210083,0.0
all,0.1500,wor-active,525,0.01884007453918457,1.0
all,0.1500,wor-uniform,525,0.02112501859664917,1.0
all,0.1500,wor-active,526,0.01920950412750244,1.0
all,0.1500,wor-uniform,526,0.02128058671951294,1.0
all,0.1500,wor-active,527,0.019605815410614014,1.0
all,0.1500,wor-uniform,527,0.020491480827331543,1.0
all,0.1500,wor-active,528,0.018561720848083496,1.0
all,0.1500,wor-uniform,528,0.021263182163238525,1.0
all,0.1500,wor-active,529,0.018423795700073242,0.0
all,0.1500,wor-uniform,529,0.02132362127304077,1.0
all,0.1500,wor-active,530,0.017827093601226807,1.0
all,0.1500,wor-uniform,530,0.02180272340774536,0.0
all,0.1500,wor-active,531,0.019910871982574463,1.0
all,0.1500,wor-uniform,531,0.021475791931152344,1.0
all,0.1500,wor-active,532,0.019356489181518555,1.0
all,0.1500,wor-uniform,532,0.02140909433364868,1.0
all,0.1500,wor-active,533,0.019602954387664795,1.0
all,0.1500,wor-uniform,533,0.02121502161026001,1.0
all,0.1500,wor-active,534,0.018341347575187683,0.0
all,0.1500,wor-uniform,534,0.02172762155532837,1.0
all,0.1500,wor-active,535,0.018876388669013977,1.0
all,0.1500,wor-uniform,535,0.02108718454837799,0.0
all,0.1500,wor-active,536,0.018966853618621826,1.0
all,0.1500,wor-uniform,536,0.021684467792510986,1.0
all,0.1500,wor-active,537,0.01827836036682129,1.0
all,0.1500,wor-uniform,537,0.02193230390548706,1.0
all,0.1500,wor-active,538,0.01928466558456421,1.0
all,0.1500,wor-uniform,538,0.020067259669303894,1.0
all,0.1500,wor-active,539,0.019841790199279785,1.0
all,0.1500,wor-uniform,539,0.021169885993003845,1.0
all,0.1500,wor-active,540,0.019023418426513672,1.0
all,0.1500,wor-uniform,540,0.020700454711914062,1.0
all,0.1500,wor-active,541,0.018628478050231934,1.0
all,0.1500,wor-uniform,541,0.02181394398212433,1.0
all,0.1500,wor-active,542,0.018693268299102783,1.0
all,0.1500,wor-uniform,542,0.021607935428619385,1.0
all,0.1500,wor-active,543,0.019142985343933105,1.0
all,0.1500,wor-uniform,543,0.02032625675201416,1.0
all,0.1500,wor-active,544,0.017280876636505127,1.0
all,0.1500,wor-uniform,544,0.021775320172309875,1.0
all,0.1500,wor-active,545,0.019186437129974365,1.0
all,0.1500,wor-uniform,545,0.021340027451515198,1.0
all,0.1500,wor-active,546,0.019471287727355957,1.0
all,0.1500,wor-uniform,546,0.020509779453277588,1.0
all,0.1500,wor-active,547,0.01859736442565918,1.0
all,0.1500,wor-uniform,547,0.02120298147201538,1.0
all,0.1500,wor-active,548,0.02034693956375122,1.0
all,0.1500,wor-uniform,548,0.021269023418426514,1.0
all,0.1500,wor-active,549,0.018695831298828125,1.0
all,0.1500,wor-uniform,549,0.021004438400268555,1.0
all,0.1500,wor-active,550,0.018608510494232178,1.0
all,0.1500,wor-uniform,550,0.021148785948753357,1.0
all,0.1500,wor-active,551,0.01846897602081299,1.0
all,0.1500,wor-uniform,551,0.021580040454864502,1.0
all,0.1500,wor-active,552,0.01851046085357666,1.0
all,0.1500,wor-uniform,552,0.020885705947875977,1.0
all,0.1500,wor-active,553,0.018174588680267334,1.0
all,0.1500,wor-uniform,553,0.020981326699256897,1.0
all,0.1500,wor-active,554,0.019641578197479248,1.0
all,0.1500,wor-uniform,554,0.02050936222076416,1.0
all,0.1500,wor-active,555,0.01894402503967285,1.0
all,0.1500,wor-uniform,555,0.021791577339172363,1.0
all,0.1500,wor-active,556,0.018437504768371582,1.0
all,0.1500,wor-uniform,556,0.020913556218147278,1.0
all,0.1500,wor-active,557,0.018722236156463623,1.0
all,0.1500,wor-uniform,557,0.02138453722000122,1.0
all,0.1500,wor-active,558,0.018488571047782898,1.0
all,0.1500,wor-uniform,558,0.020890235900878906,1.0
all,0.1500,wor-active,559,0.017763808369636536,1.0
all,0.1500,wor-uniform,559,0.022210419178009033,0.0
all,0.1500,wor-active,560,0.019773364067077637,1.0
all,0.1500,wor-uniform,560,0.020628228783607483,1.0
all,0.1500,wor-active,561,0.018848419189453125,1.0
all,0.1500,wor-uniform,561,0.021449223160743713,1.0
all,0.1500,wor-active,562,0.018974944949150085,1.0
all,0.1500,wor-uniform,562,0.021003425121307373,1.0
all,0.1500,wor-active,563,0.019442811608314514,1.0
all,0.1500,wor-uniform,563,0.02107977867126465,1.0
all,0.1500,wor-active,564,0.01961040496826172,1.0
all,0.1500,wor-uniform,564,0.02195030450820923,1.0
all,0.1500,wor-active,565,0.01917344331741333,1.0
all,0.1500,wor-uniform,565,0.021326959133148193,1.0
all,0.1500,wor-active,566,0.01925627887248993,1.0
all,0.1500,wor-uniform,566,0.021104291081428528,1.0
all,0.1500,wor-active,567,0.01939713954925537,1.0
all,0.1500,wor-uniform,567,0.020862475037574768,1.0
all,0.1500,wor-active,568,0.018169954419136047,1.0
all,0.1500,wor-uniform,568,0.02138066291809082,1.0
all,0.1500,wor-active,569,0.017259180545806885,1.0
all,0.1500,wor-uniform,569,0.021679341793060303,1.0
all,0.1500,wor-active,570,0.01791803538799286,1.0
all,0.1500,wor-uniform,570,0.0210675448179245,1.0
all,0.1500,wor-active,571,0.019970953464508057,1.0
all,0.1500,wor-uniform,571,0.02143937349319458,1.0
all,0.1500,wor-active,572,0.0197373628616333,1.0
all,0.1500,wor-uniform,572,0.021231412887573242,1.0
all,0.1500,wor-active,573,0.019008144736289978,1.0
all,0.1500,wor-uniform,573,0.021349191665649414,1.0
all,0.1500,wor-active,574,0.019228041172027588,1.0
all,0.1500,wor-uniform,574,0.02118295431137085,1.0
all,0.1500,wor-active,575,0.018309295177459717,1.0
all,0.1500,wor-uniform,575,0.020936250686645508,1.0
all,0.1500,wor-active,576,0.018118441104888916,1.0
all,0.1500,wor-uniform,576,0.021999597549438477,1.0
all,0.1500,wor-active,577,0.018835529685020447,1.0
all,0.1500,wor-uniform,577,0.02099621295928955,1.0
all,0.1500,wor-active,578,0.01849067211151123,1.0
all,0.1500,wor-uniform,578,0.021446526050567627,1.0
all,0.1500,wor-active,579,0.018879354000091553,1.0
all,0.1500,wor-uniform,579,0.02061915397644043,1.0
all,0.1500,wor-active,580,0.018510162830352783,1.0
all,0.1500,wor-uniform,580,0.021335840225219727,0.0
all,0.1500,wor-active,581,0.018812254071235657,1.0
all,0.1500,wor-uniform,581,0.021494507789611816,1.0
all,0.1500,wor-active,582,0.01938791573047638,1.0
all,0.1500,wor-uniform,582,0.021447062492370605,1.0
all,0.1500,wor-active,583,0.018659114837646484,1.0
all,0.1500,wor-uniform,583,0.021573424339294434,1.0
all,0.1500,wor-active,584,0.018859267234802246,1.0
all,0.1500,wor-uniform,584,0.021256744861602783,1.0
all,0.1500,wor-active,585,0.01836007833480835,1.0
all,0.1500,wor-uniform,585,0.021087169647216797,1.0
all,0.1500,wor-active,586,0.01952505111694336,1.0
all,0.1500,wor-uniform,586,0.021825969219207764,1.0
all,0.1500,wor-active,587,0.019492819905281067,1.0
all,0.1500,wor-uniform,587,0.021274447441101074,1.0
all,0.1500,wor-active,588,0.019659340381622314,1.0
all,0.1500,wor-uniform,588,0.021742522716522217,1.0
all,0.1500,wor-active,589,0.020309627056121826,0.0
all,0.1500,wor-uniform,589,0.021304666996002197,1.0
all,0.1500,wor-active,590,0.018787145614624023,1.0
all,0.1500,wor-uniform,590,0.021225348114967346,1.0
all,0.1500,wor-active,591,0.01862233877182007,1.0
all,0.1500,wor-uniform,591,0.021694764494895935,1.0
all,0.1500,wor-active,592,0.017803236842155457,1.0
all,0.1500,wor-uniform,592,0.020779132843017578,1.0
all,0.1500,wor-active,593,0.018356487154960632,1.0
all,0.1500,wor-uniform,593,0.021377146244049072,1.0
all,0.1500,wor-active,594,0.01901829242706299,1.0
all,0.1500,wor-uniform,594,0.021300509572029114,1.0
all,0.1500,wor-active,595,0.020059704780578613,1.0
all,0.1500,wor-uniform,595,0.021670222282409668,1.0
all,0.1500,wor-active,596,0.0186346173286438,1.0
all,0.1500,wor-uniform,596,0.020569324493408203,0.0
all,0.1500,wor-active,597,0.01883941888809204,1.0
all,0.1500,wor-uniform,597,0.021151721477508545,1.0
all,0.1500,wor-active,598,0.018493175506591797,1.0
all,0.1500,wor-uniform,598,0.021212264895439148,1.0
all,0.1500,wor-active,599,0.019189417362213135,1.0
all,0.1500,wor-uniform,599,0.021198034286499023,1.0
all,0.1500,wor-active,600,0.01881389319896698,1.0
all,0.1500,wor-uniform,600,0.021419227123260498,1.0
all,0.1500,wor-active,601,0.01888960599899292,1.0
all,0.1500,wor-uniform,601,0.021195650100708008,1.0
all,0.1500,wor-active,602,0.020039081573486328,1.0
all,0.1500,wor-uniform,602,0.021261513233184814,1.0
all,0.1500,wor-active,603,0.01763881742954254,1.0
all,0.1500,wor-uniform,603,0.02151113748550415,1.0
all,0.1500,wor-active,604,0.018362224102020264,1.0
all,0.1500,wor-uniform,604,0.021860763430595398,1.0
all,0.1500,wor-active,605,0.01965278387069702,1.0
all,0.1500,wor-uniform,605,0.021441996097564697,1.0
all,0.1500,wor-active,606,0.019602715969085693,1.0
all,0.1500,wor-uniform,606,0.020821556448936462,1.0
all,0.1500,wor-active,607,0.01864667236804962,1.0
all,0.1500,wor-uniform,607,0.021180152893066406,1.0
all,0.1500,wor-active,608,0.01787775754928589,1.0
all,0.1500,wor-uniform,608,0.02028217911720276,1.0
all,0.1500,wor-active,609,0.019301816821098328,1.0
all,0.1500,wor-uniform,609,0.0214918851852417,1.0
all,0.1500,wor-active,610,0.017215266823768616,0.0
all,0.1500,wor-uniform,610,0.020884916186332703,1.0
all,0.1500,wor-active,611,0.01854991912841797,1.0
all,0.1500,wor-uniform,611,0.020505964756011963,1.0
all,0.1500,wor-active,612,0.01867014169692993,1.0
all,0.1500,wor-uniform,612,0.021402478218078613,1.0
all,0.1500,wor-active,613,0.017933860421180725,1.0
all,0.1500,wor-uniform,613,0.02092289924621582,1.0
all,0.1500,wor-active,614,0.018773674964904785,1.0
all,0.1500,wor-uniform,614,0.021499693393707275,1.0
all,0.1500,wor-active,615,0.019366860389709473,1.0
all,0.1500,wor-uniform,615,0.021788299083709717,1.0
all,0.1500,wor-active,616,0.018900275230407715,1.0
all,0.1500,wor-uniform,616,0.02167642116546631,1.0
all,0.1500,wor-active,617,0.019535720348358154,1.0
all,0.1500,wor-uniform,617,0.021132290363311768,1.0
all,0.1500,wor-active,618,0.01872807741165161,1.0
all,0.1500,wor-uniform,618,0.02240288257598877,1.0
all,0.1500,wor-active,619,0.019580423831939697,1.0
all,0.1500,wor-uniform,619,0.020933687686920166,1.0
all,0.1500,wor-active,620,0.019513428211212158,1.0
all,0.1500,wor-uniform,620,0.02210843563079834,1.0
all,0.1500,wor-active,621,0.018899545073509216,1.0
all,0.1500,wor-uniform,621,0.021405160427093506,1.0
all,0.1500,wor-active,622,0.018709540367126465,1.0
all,0.1500,wor-uniform,622,0.022226572036743164,0.0
all,0.1500,wor-active,623,0.01834265887737274,1.0
all,0.1500,wor-uniform,623,0.02169591188430786,1.0
all,0.1500,wor-active,624,0.02043825387954712,0.0
all,0.1500,wor-uniform,624,0.020172119140625,1.0
all,0.1500,wor-active,625,0.018864691257476807,1.0
all,0.1500,wor-uniform,625,0.021377742290496826,1.0
all,0.1500,wor-active,626,0.02030205726623535,0.0
all,0.1500,wor-uniform,626,0.021602153778076172,1.0
all,0.1500,wor-active,627,0.019056662917137146,1.0
all,0.1500,wor-uniform,627,0.02156996726989746,1.0
all,0.1500,wor-active,628,0.018616199493408203,1.0
all,0.1500,wor-uniform,628,0.02096685767173767,0.0
all,0.1500,wor-active,629,0.019126296043395996,1.0
all,0.1500,wor-uniform,629,0.021115198731422424,0.0
all,0.1500,wor-active,630,0.018850088119506836,1.0
all,0.1500,wor-uniform,630,0.022001206874847412,1.0
all,0.1500,wor-active,631,0.019618749618530273,1.0
all,0.1500,wor-uniform,631,0.02141129970550537,1.0
all,0.1500,wor-active,632,0.01867525279521942,1.0
all,0.1500,wor-uniform,632,0.02053026854991913,0.0
all,0.1500,wor-active,633,0.019596636295318604,1.0
all,0.1500,wor-uniform,633,0.021567106246948242,1.0
all,0.1500,wor-active,634,0.019110798835754395,1.0
all,0.1500,wor-uniform,634,0.02163034677505493,1.0
all,0.1500,wor-active,635,0.018800437450408936,1.0
all,0.1500,wor-uniform,635,0.021347463130950928,1.0
all,0.1500,wor-active,636,0.018629729747772217,1.0
all,0.1500,wor-uniform,636,0.021404370665550232,1.0
all,0.1500,wor-active,637,0.01929771900177002,1.0
all,0.1500,wor-uniform,637,0.021571218967437744,1.0
all,0.1500,wor-active,638,0.01927042007446289,1.0
all,0.1500,wor-uniform,638,0.021115124225616455,1.0
all,0.1500,wor-active,639,0.018839478492736816,1.0
all,0.1500,wor-uniform,639,0.02126443386077881,1.0
all,0.1500,wor-active,640,0.01965177059173584,1.0
all,0.1500,wor-uniform,640,0.02135080099105835,1.0
all,0.1500,wor-active,641,0.019547581672668457,1.0
all,0.1500,wor-uniform,641,0.02109706401824951,1.0
all,0.1500,wor-active,642,0.018486499786376953,1.0
all,0.1500,wor-uniform,642,0.02058735489845276,0.0
all,0.1500,wor-active,643,0.017844095826148987,0.0
all,0.1500,wor-uniform,643,0.021390259265899658,1.0
all,0.1500,wor-active,644,0.01883828639984131,1.0
all,0.1500,wor-uniform,644,0.02157038450241089,1.0
all,0.1500,wor-active,645,0.01955258846282959,1.0
all,0.1500,wor-uniform,645,0.021757423877716064,1.0
all,0.1500,wor-active,646,0.016133546829223633,1.0
all,0.1500,wor-uniform,646,0.020574212074279785,1.0
all,0.1500,wor-active,647,0.01830899715423584,1.0
all,0.1500,wor-uniform,647,0.021195530891418457,1.0
all,0.1500,wor-active,648,0.01785409450531006,1.0
all,0.1500,wor-uniform,648,0.021508634090423584,1.0
all,0.1500,wor-active,649,0.018941402435302734,1.0
all,0.1500,wor-uniform,649,0.021616756916046143,1.0
all,0.1500,wor-active,650,0.017819702625274658,1.0
all,0.1500,wor-uniform,650,0.021449923515319824,1.0
all,0.1500,wor-active,651,0.018458008766174316,1.0
all,0.1500,wor-uniform,651,0.02137601375579834,1.0
all,0.1500,wor-active,652,0.017595499753952026,0.0
all,0.1500,wor-uniform,652,0.021268263459205627,1.0
all,0.1500,wor-active,653,0.01839040219783783,1.0
all,0.1500,wor-uniform,653,0.021128728985786438,1.0
all,0.1500,wor-active,654,0.01820141077041626,1.0
all,0.1500,wor-uniform,654,0.021004796028137207,1.0
all,0.1500,wor-active,655,0.019356966018676758,1.0
all,0.1500,wor-uniform,655,0.020905837416648865,1.0
all,0.1500,wor-active,656,0.019061565399169922,1.0
all,0.1500,wor-uniform,656,0.021285951137542725,1.0
all,0.1500,wor-active,657,0.019883573055267334,0.0
all,0.1500,wor-uniform,657,0.02140432596206665,1.0
all,0.1500,wor-active,658,0.01917123794555664,1.0
all,0.1500,wor-uniform,658,0.021221980452537537,1.0
all,0.1500,wor-active,659,0.01848059892654419,1.0
all,0.1500,wor-uniform,659,0.021001562476158142,1.0
all,0.1500,wor-active,660,0.018578410148620605,1.0
all,0.1500,wor-uniform,660,0.02073599398136139,1.0
all,0.1500,wor-active,661,0.019638538360595703,1.0
all,0.1500,wor-uniform,661,0.021082818508148193,1.0
all,0.1500,wor-active,662,0.017771542072296143,1.0
all,0.1500,wor-uniform,662,0.02211529016494751,1.0
all,0.1500,wor-active,663,0.01985025405883789,1.0
all,0.1500,wor-uniform,663,0.021556571125984192,1.0
all,0.1500,wor-active,664,0.019024252891540527,1.0
all,0.1500,wor-uniform,664,0.02053631842136383,1.0
all,0.1500,wor-active,665,0.01833796501159668,1.0
all,0.1500,wor-uniform,665,0.02066284418106079,1.0
all,0.1600,wor-active,333,0.018780171871185303,1.0
all,0.1600,wor-uniform,333,0.020920172333717346,1.0
all,0.1600,wor-active,334,0.019111216068267822,1.0
all,0.1600,wor-uniform,334,0.021130546927452087,1.0
all,0.1600,wor-active,335,0.017935171723365784,1.0
all,0.1600,wor-uniform,335,0.02054375410079956,1.0
all,0.1600,wor-active,336,0.01835465431213379,1.0
all,0.1600,wor-uniform,336,0.020108401775360107,1.0
all,0.1600,wor-active,337,0.01699519157409668,1.0
all,0.1600,wor-uniform,337,0.020832613110542297,1.0
all,0.1600,wor-active,338,0.018715858459472656,1.0
all,0.1600,wor-uniform,338,0.020981386303901672,1.0
all,0.1600,wor-active,339,0.019357264041900635,1.0
all,0.1600,wor-uniform,339,0.020302236080169678,1.0
all,0.1600,wor-active,340,0.018388763070106506,1.0
all,0.1600,wor-uniform,340,0.019774168729782104,1.0
all,0.1600,wor-active,341,0.019276022911071777,1.0
all,0.1600,wor-uniform,341,0.020838677883148193,1.0
all,0.1600,wor-active,342,0.018170475959777832,1.0
all,0.1600,wor-uniform,342,0.02043686807155609,1.0
all,0.1600,wor-active,343,0.018155217170715332,0.0
all,0.1600,wor-uniform,343,0.02063995599746704,1.0
all,0.1600,wor-active,344,0.01737213134765625,1.0
all,0.1600,wor-uniform,344,0.02038675546646118,1.0
all,0.1600,wor-active,345,0.018398404121398926,1.0
all,0.1600,wor-uniform,345,0.021030426025390625,1.0
all,0.1600,wor-active,346,0.018877387046813965,1.0
all,0.1600,wor-uniform,346,0.020499587059020996,1.0
all,0.1600,wor-active,347,0.01939791440963745,1.0
all,0.1600,wor-uniform,347,0.020512044429779053,1.0
all,0.1600,wor-active,348,0.01885610818862915,1.0
all,0.1600,wor-uniform,348,0.02035003900527954,1.0
all,0.1600,wor-active,349,0.01782757043838501,1.0
all,0.1600,wor-uniform,349,0.021206557750701904,1.0
all,0.1600,wor-active,350,0.018610432744026184,1.0
all,0.1600,wor-uniform,350,0.020723283290863037,1.0
all,0.1600,wor-active,351,0.017667174339294434,1.0
all,0.1600,wor-uniform,351,0.020950958132743835,1.0
all,0.1600,wor-active,352,0.018646180629730225,1.0
all,0.1600,wor-uniform,352,0.02038531005382538,1.0
all,0.1600,wor-active,353,0.018443584442138672,1.0
all,0.1600,wor-uniform,353,0.02101314067840576,1.0
all,0.1600,wor-active,354,0.019026517868041992,1.0
all,0.1600,wor-uniform,354,0.020445287227630615,1.0
all,0.1600,wor-active,355,0.01768392324447632,1.0
all,0.1600,wor-uniform,355,0.02099621295928955,1.0
all,0.1600,wor-active,356,0.018075287342071533,1.0
all,0.1600,wor-uniform,356,0.02116292715072632,1.0
all,0.1600,wor-active,357,0.01758114993572235,1.0
all,0.1600,wor-uniform,357,0.020082831382751465,1.0
all,0.1600,wor-active,358,0.019122600555419922,1.0
all,0.1600,wor-uniform,358,0.0206030011177063,1.0
all,0.1600,wor-active,359,0.017947018146514893,1.0
all,0.1600,wor-uniform,359,0.0200120210647583,1.0
all,0.1600,wor-active,360,0.01744711399078369,1.0
all,0.1600,wor-uniform,360,0.020746931433677673,1.0
all,0.1600,wor-active,361,0.018212273716926575,0.0
all,0.1600,wor-uniform,361,0.020529210567474365,1.0
all,0.1600,wor-active,362,0.01875150203704834,1.0
all,0.1600,wor-uniform,362,0.02013719081878662,1.0
all,0.1600,wor-active,363,0.01746082305908203,1.0
all,0.1600,wor-uniform,363,0.020568788051605225,1.0
all,0.1600,wor-active,364,0.01825791597366333,1.0
all,0.1600,wor-uniform,364,0.020979762077331543,1.0
all,0.1600,wor-active,365,0.017395690083503723,1.0
all,0.1600,wor-uniform,365,0.020416319370269775,1.0
all,0.1600,wor-active,366,0.01817333698272705,1.0
all,0.1600,wor-uniform,366,0.020280838012695312,1.0
all,0.1600,wor-active,367,0.017424702644348145,1.0
all,0.1600,wor-uniform,367,0.020536914467811584,1.0
all,0.1600,wor-active,368,0.01906871795654297,1.0
all,0.1600,wor-uniform,368,0.020590364933013916,1.0
all,0.1600,wor-active,369,0.016817212104797363,1.0
all,0.1600,wor-uniform,369,0.0206974595785141,1.0
all,0.1600,wor-active,370,0.017839133739471436,1.0
all,0.1600,wor-uniform,370,0.01958627998828888,1.0
all,0.1600,wor-active,371,0.018563449382781982,1.0
all,0.1600,wor-uniform,371,0.020570918917655945,1.0
all,0.1600,wor-active,372,0.01794464886188507,1.0
all,0.1600,wor-uniform,372,0.02048701047897339,1.0
all,0.1600,wor-active,373,0.017108798027038574,1.0
all,0.1600,wor-uniform,373,0.0201919823884964,1.0
all,0.1600,wor-active,374,0.018345892429351807,1.0
all,0.1600,wor-uniform,374,0.02014918625354767,1.0
all,0.1600,wor-active,375,0.017450392246246338,1.0
all,0.1600,wor-uniform,375,0.020720109343528748,1.0
all,0.1600,wor-active,376,0.01820993423461914,1.0
all,0.1600,wor-uniform,376,0.02018105983734131,1.0
all,0.1600,wor-active,377,0.01747971773147583,1.0
all,0.1600,wor-uniform,377,0.02005136013031006,1.0
all,0.1600,wor-active,378,0.01696312427520752,1.0
all,0.1600,wor-uniform,378,0.019895687699317932,1.0
all,0.1600,wor-active,379,0.017534196376800537,1.0
all,0.1600,wor-uniform,379,0.02029120922088623,1.0
all,0.1600,wor-active,380,0.01692676544189453,0.0
all,0.1600,wor-uniform,380,0.020775318145751953,1.0
all,0.1600,wor-active,381,0.019336044788360596,1.0
all,0.1600,wor-uniform,381,0.02000880241394043,1.0
all,0.1600,wor-active,382,0.017706871032714844,1.0
all,0.1600,wor-uniform,382,0.020810365676879883,1.0
all,0.1600,wor-active,383,0.016999483108520508,1.0
all,0.1600,wor-uniform,383,0.020305097103118896,1.0
all,0.1600,wor-active,384,0.017979145050048828,1.0
all,0.1600,wor-uniform,384,0.02009664475917816,1.0
all,0.1600,wor-active,385,0.018248096108436584,1.0
all,0.1600,wor-uniform,385,0.020890653133392334,1.0
all,0.1600,wor-active,386,0.017312943935394287,1.0
all,0.1600,wor-uniform,386,0.020910143852233887,1.0
all,0.1600,wor-active,387,0.0182650089263916,1.0
all,0.1600,wor-uniform,387,0.020873844623565674,1.0
all,0.1600,wor-active,388,0.01776719093322754,1.0
all,0.1600,wor-uniform,388,0.020617902278900146,0.0
all,0.1600,wor-active,389,0.017805039882659912,1.0
all,0.1600,wor-uniform,389,0.020422443747520447,1.0
all,0.1600,wor-active,390,0.018096923828125,1.0
all,0.1600,wor-uniform,390,0.02017204463481903,1.0
all,0.1600,wor-active,391,0.017422795295715332,0.0
all,0.1600,wor-uniform,391,0.019980981945991516,1.0
all,0.1600,wor-active,392,0.017940878868103027,1.0
all,0.1600,wor-uniform,392,0.019520699977874756,0.0
all,0.1600,wor-active,393,0.018548250198364258,1.0
all,0.1600,wor-uniform,393,0.021216079592704773,1.0
all,0.1600,wor-active,394,0.018071308732032776,1.0
all,0.1600,wor-uniform,394,0.02074456214904785,0.0
all,0.1600,wor-active,395,0.01794266700744629,1.0
all,0.1600,wor-uniform,395,0.02031703293323517,1.0
all,0.1600,wor-active,396,0.018554747104644775,1.0
all,0.1600,wor-uniform,396,0.020398736000061035,1.0
all,0.1600,wor-active,397,0.016711771488189697,1.0
all,0.1600,wor-uniform,397,0.020397305488586426,1.0
all,0.1600,wor-active,398,0.01776134967803955,1.0
all,0.1600,wor-uniform,398,0.021012425422668457,1.0
all,0.1600,wor-active,399,0.018416285514831543,1.0
all,0.1600,wor-uniform,399,0.02008497714996338,1.0
all,0.1600,wor-active,400,0.01851809024810791,1.0
all,0.1600,wor-uniform,400,0.02044123411178589,1.0
all,0.1600,wor-active,401,0.01827561855316162,1.0
all,0.1600,wor-uniform,401,0.02041594684123993,1.0
all,0.1600,wor-active,402,0.017443180084228516,1.0
all,0.1600,wor-uniform,402,0.020848453044891357,1.0
all,0.1600,wor-active,403,0.018082618713378906,1.0
all,0.1600,wor-uniform,403,0.02094852924346924,1.0
all,0.1600,wor-active,404,0.01765359938144684,1.0
all,0.1600,wor-uniform,404,0.020734310150146484,1.0
all,0.1600,wor-active,405,0.018760263919830322,1.0
all,0.1600,wor-uniform,405,0.01978139579296112,1.0
all,0.1600,wor-active,406,0.018477335572242737,1.0
all,0.1600,wor-uniform,406,0.021165192127227783,1.0
all,0.1600,wor-active,407,0.018781185150146484,1.0
all,0.1600,wor-uniform,407,0.019815638661384583,1.0
all,0.1600,wor-active,408,0.018783271312713623,1.0
all,0.1600,wor-uniform,408,0.020716309547424316,1.0
all,0.1600,wor-active,409,0.018575429916381836,1.0
all,0.1600,wor-uniform,409,0.020616427063941956,1.0
all,0.1600,wor-active,410,0.017750322818756104,1.0
all,0.1600,wor-uniform,410,0.020419001579284668,1.0
all,0.1600,wor-active,411,0.019053295254707336,1.0
all,0.1600,wor-uniform,411,0.02009420096874237,1.0
all,0.1600,wor-active,412,0.01857106387615204,1.0
all,0.1600,wor-uniform,412,0.020659267902374268,1.0
all,0.1600,wor-active,413,0.01825706660747528,1.0
all,0.1600,wor-uniform,413,0.02011924982070923,1.0
all,0.1600,wor-active,414,0.0188559889793396,1.0
all,0.1600,wor-uniform,414,0.02037014067173004,1.0
all,0.1600,wor-active,415,0.01747901737689972,1.0
all,0.1600,wor-uniform,415,0.020774543285369873,1.0
all,0.1600,wor-active,416,0.0175897479057312,1.0
all,0.1600,wor-uniform,416,0.020588457584381104,1.0
all,0.1600,wor-active,417,0.01780100166797638,1.0
all,0.1600,wor-uniform,417,0.020070314407348633,1.0
all,0.1600,wor-active,418,0.01749718189239502,1.0
all,0.1600,wor-uniform,418,0.02004922926425934,1.0
all,0.1600,wor-active,419,0.018569648265838623,1.0
all,0.1600,wor-uniform,419,0.020365074276924133,1.0
all,0.1600,wor-active,420,0.019592583179473877,1.0
all,0.1600,wor-uniform,420,0.020825564861297607,1.0
all,0.1600,wor-active,421,0.01860743761062622,1.0
all,0.1600,wor-uniform,421,0.02022308111190796,1.0
all,0.1600,wor-active,422,0.01776374876499176,1.0
all,0.1600,wor-uniform,422,0.02121371030807495,1.0
all,0.1600,wor-active,423,0.018418073654174805,0.0
all,0.1600,wor-uniform,423,0.020186960697174072,1.0
all,0.1600,wor-active,424,0.018282949924468994,1.0
all,0.1600,wor-uniform,424,0.020166754722595215,0.0
all,0.1600,wor-active,425,0.0170811265707016,1.0
all,0.1600,wor-uniform,425,0.020441710948944092,1.0
all,0.1600,wor-active,426,0.01822066307067871,1.0
all,0.1600,wor-uniform,426,0.021092891693115234,1.0
all,0.1600,wor-active,427,0.01845240592956543,1.0
all,0.1600,wor-uniform,427,0.020610570907592773,1.0
all,0.1600,wor-active,428,0.018447577953338623,1.0
all,0.1600,wor-uniform,428,0.020538151264190674,1.0
all,0.1600,wor-active,429,0.018080294132232666,1.0
all,0.1600,wor-uniform,429,0.02016197144985199,0.0
all,0.1600,wor-active,430,0.018437206745147705,1.0
all,0.1600,wor-uniform,430,0.020759165287017822,1.0
all,0.1600,wor-active,431,0.019202768802642822,1.0
all,0.1600,wor-uniform,431,0.020421981811523438,1.0
all,0.1600,wor-active,432,0.018028616905212402,1.0
all,0.1600,wor-uniform,432,0.020816564559936523,1.0
all,0.1600,wor-active,433,0.01819401979446411,1.0
all,0.1600,wor-uniform,433,0.020681381225585938,1.0
all,0.1600,wor-active,434,0.017707884311676025,1.0
all,0.1600,wor-uniform,434,0.019942522048950195,1.0
all,0.1600,wor-active,435,0.018594682216644287,1.0
all,0.1600,wor-uniform,435,0.02033001184463501,1.0
all,0.1600,wor-active,436,0.01763080060482025,1.0
all,0.1600,wor-uniform,436,0.02034968137741089,1.0
all,0.1600,wor-active,437,0.018337860703468323,1.0
all,0.1600,wor-uniform,437,0.02022629976272583,1.0
all,0.1600,wor-active,438,0.018800020217895508,1.0
all,0.1600,wor-uniform,438,0.020866453647613525,1.0
all,0.1600,wor-active,439,0.018295183777809143,1.0
all,0.1600,wor-uniform,439,0.020381107926368713,1.0
all,0.1600,wor-active,440,0.01796811819076538,1.0
all,0.1600,wor-uniform,440,0.02074986696243286,1.0
all,0.1600,wor-active,441,0.01897430419921875,1.0
all,0.1600,wor-uniform,441,0.020418405532836914,1.0
all,0.1600,wor-active,442,0.018890380859375,1.0
all,0.1600,wor-uniform,442,0.020680665969848633,1.0
all,0.1600,wor-active,443,0.019382834434509277,0.0
all,0.1600,wor-uniform,443,0.02065974473953247,1.0
all,0.1600,wor-active,444,0.018984436988830566,1.0
all,0.1600,wor-uniform,444,0.02060377597808838,1.0
all,0.1600,wor-active,445,0.01777738332748413,1.0
all,0.1600,wor-uniform,445,0.02044278383255005,1.0
all,0.1600,wor-active,446,0.017937660217285156,1.0
all,0.1600,wor-uniform,446,0.02070564031600952,1.0
all,0.1600,wor-active,447,0.0182572603225708,1.0
all,0.1600,wor-uniform,447,0.02100849151611328,1.0
all,0.1600,wor-active,448,0.017898067831993103,0.0
all,0.1600,wor-uniform,448,0.021151423454284668,0.0
all,0.1600,wor-active,449,0.018437638878822327,1.0
all,0.1600,wor-uniform,449,0.021320223808288574,1.0
all,0.1600,wor-active,450,0.017576932907104492,1.0
all,0.1600,wor-uniform,450,0.021401330828666687,1.0
all,0.1600,wor-active,451,0.018266260623931885,1.0
all,0.1600,wor-uniform,451,0.020410314202308655,1.0
all,0.1600,wor-active,452,0.018508493900299072,1.0
all,0.1600,wor-uniform,452,0.020239710807800293,1.0
all,0.1600,wor-active,453,0.018757998943328857,0.0
all,0.1600,wor-uniform,453,0.02043074369430542,1.0
all,0.1600,wor-active,454,0.018223941326141357,1.0
all,0.1600,wor-uniform,454,0.02050834894180298,1.0
all,0.1600,wor-active,455,0.017733708024024963,1.0
all,0.1600,wor-uniform,455,0.02043074369430542,1.0
all,0.1600,wor-active,456,0.018329858779907227,1.0
all,0.1600,wor-uniform,456,0.020154476165771484,1.0
all,0.1600,wor-active,457,0.017660677433013916,1.0
all,0.1600,wor-uniform,457,0.020250797271728516,1.0
all,0.1600,wor-active,458,0.018295705318450928,1.0
all,0.1600,wor-uniform,458,0.020925164222717285,1.0
all,0.1600,wor-active,459,0.017302989959716797,1.0
all,0.1600,wor-uniform,459,0.019865572452545166,1.0
all,0.1600,wor-active,460,0.017938002943992615,1.0
all,0.1600,wor-uniform,460,0.02010810375213623,1.0
all,0.1600,wor-active,461,0.018338263034820557,1.0
all,0.1600,wor-uniform,461,0.0211523175239563,1.0
all,0.1600,wor-active,462,0.018118128180503845,1.0
all,0.1600,wor-uniform,462,0.019933640956878662,1.0
all,0.1600,wor-active,463,0.0177374929189682,1.0
all,0.1600,wor-uniform,463,0.02075868844985962,1.0
all,0.1600,wor-active,464,0.01894962787628174,1.0
all,0.1600,wor-uniform,464,0.020517930388450623,1.0
all,0.1600,wor-active,465,0.017969802021980286,1.0
all,0.1600,wor-uniform,465,0.02130568027496338,1.0
all,0.1600,wor-active,466,0.01844799518585205,1.0
all,0.1600,wor-uniform,466,0.020644649863243103,1.0
all,0.1600,wor-active,467,0.017449557781219482,1.0
all,0.1600,wor-uniform,467,0.02053135633468628,1.0
all,0.1600,wor-active,468,0.01785147190093994,1.0
all,0.1600,wor-uniform,468,0.02071678638458252,1.0
all,0.1600,wor-active,469,0.018198370933532715,1.0
all,0.1600,wor-uniform,469,0.02003486454486847,1.0
all,0.1600,wor-active,470,0.018101200461387634,1.0
all,0.1600,wor-uniform,470,0.02060002088546753,1.0
all,0.1600,wor-active,471,0.01837557554244995,1.0
all,0.1600,wor-uniform,471,0.02050316333770752,1.0
all,0.1600,wor-active,472,0.018047884106636047,1.0
all,0.1600,wor-uniform,472,0.020010098814964294,1.0
all,0.1600,wor-active,473,0.017925918102264404,1.0
all,0.1600,wor-uniform,473,0.020487606525421143,1.0
all,0.1600,wor-active,474,0.019007086753845215,1.0
all,0.1600,wor-uniform,474,0.01991090178489685,1.0
all,0.1600,wor-active,475,0.018528878688812256,1.0
all,0.1600,wor-uniform,475,0.020826637744903564,1.0
all,0.1600,wor-active,476,0.01837676763534546,1.0
all,0.1600,wor-uniform,476,0.021083533763885498,1.0
all,0.1600,wor-active,477,0.01807999610900879,1.0
all,0.1600,wor-uniform,477,0.02007250487804413,1.0
all,0.1600,wor-active,478,0.018789157271385193,1.0
all,0.1600,wor-uniform,478,0.01998065412044525,1.0
all,0.1600,wor-active,479,0.01895761489868164,1.0
all,0.1600,wor-uniform,479,0.019987642765045166,1.0
all,0.1600,wor-active,480,0.017306432127952576,1.0
all,0.1600,wor-uniform,480,0.020406126976013184,1.0
all,0.1600,wor-active,481,0.018687427043914795,1.0
all,0.1600,wor-uniform,481,0.02017514407634735,1.0
all,0.1600,wor-active,482,0.017413079738616943,1.0
all,0.1600,wor-uniform,482,0.02059374749660492,1.0
all,0.1600,wor-active,483,0.01726381480693817,1.0
all,0.1600,wor-uniform,483,0.020981743931770325,1.0
all,0.1600,wor-active,484,0.01800568401813507,1.0
all,0.1600,wor-uniform,484,0.02098250389099121,1.0
all,0.1600,wor-active,485,0.018291711807250977,1.0
all,0.1600,wor-uniform,485,0.02076822519302368,1.0
all,0.1600,wor-active,486,0.018237650394439697,1.0
all,0.1600,wor-uniform,486,0.02074931561946869,1.0
all,0.1600,wor-active,487,0.018714547157287598,1.0
all,0.1600,wor-uniform,487,0.020628631114959717,1.0
all,0.1600,wor-active,488,0.01850259304046631,1.0
all,0.1600,wor-uniform,488,0.020381510257720947,1.0
all,0.1600,wor-active,489,0.017321541905403137,1.0
all,0.1600,wor-uniform,489,0.019991397857666016,1.0
all,0.1600,wor-active,490,0.018752753734588623,1.0
all,0.1600,wor-uniform,490,0.020275548100471497,1.0
all,0.1600,wor-active,491,0.017095565795898438,1.0
all,0.1600,wor-uniform,491,0.020376086235046387,1.0
all,0.1600,wor-active,492,0.01832026243209839,1.0
all,0.1600,wor-uniform,492,0.01987987756729126,1.0
all,0.1600,wor-active,493,0.017476320266723633,1.0
all,0.1600,wor-uniform,493,0.02045123279094696,1.0
all,0.1600,wor-active,494,0.017870008945465088,1.0
all,0.1600,wor-uniform,494,0.019695281982421875,1.0
all,0.1600,wor-active,495,0.01880049705505371,1.0
all,0.1600,wor-uniform,495,0.02101457118988037,1.0
all,0.1600,wor-active,496,0.016826152801513672,1.0
all,0.1600,wor-uniform,496,0.020895063877105713,1.0
all,0.1600,wor-active,497,0.017522498965263367,0.0
all,0.1600,wor-uniform,497,0.02004404366016388,1.0
all,0.1600,wor-active,498,0.017473459243774414,1.0
all,0.1600,wor-uniform,498,0.020750761032104492,1.0
all,0.1600,wor-active,499,0.017794549465179443,1.0
all,0.1600,wor-uniform,499,0.021322131156921387,1.0
all,0.1600,wor-active,500,0.018121540546417236,1.0
all,0.1600,wor-uniform,500,0.020615801215171814,1.0
all,0.1600,wor-active,501,0.018460869789123535,1.0
all,0.1600,wor-uniform,501,0.019748151302337646,1.0
all,0.1600,wor-active,502,0.01879584789276123,1.0
all,0.1600,wor-uniform,502,0.021052882075309753,1.0
all,0.1600,wor-active,503,0.017412200570106506,1.0
all,0.1600,wor-uniform,503,0.02065277099609375,1.0
all,0.1600,wor-active,504,0.01792508363723755,1.0
all,0.1600,wor-uniform,504,0.019688263535499573,1.0
all,0.1600,wor-active,505,0.01779186725616455,0.0
all,0.1600,wor-uniform,505,0.02106243371963501,1.0
all,0.1600,wor-active,506,0.017857611179351807,1.0
all,0.1600,wor-uniform,506,0.020155131816864014,1.0
all,0.1600,wor-active,507,0.01741938292980194,1.0
all,0.1600,wor-uniform,507,0.02136683464050293,1.0
all,0.1600,wor-active,508,0.01808011531829834,1.0
all,0.1600,wor-uniform,508,0.020387351512908936,1.0
all,0.1600,wor-active,509,0.018088221549987793,1.0
all,0.1600,wor-uniform,509,0.020381271839141846,1.0
all,0.1600,wor-active,510,0.01846545934677124,1.0
all,0.1600,wor-uniform,510,0.020727992057800293,1.0
all,0.1600,wor-active,511,0.019550979137420654,1.0
all,0.1600,wor-uniform,511,0.020772814750671387,1.0
all,0.1600,wor-active,512,0.017798960208892822,1.0
all,0.1600,wor-uniform,512,0.021443843841552734,1.0
all,0.1600,wor-active,513,0.01736891269683838,1.0
all,0.1600,wor-uniform,513,0.020765960216522217,1.0
all,0.1600,wor-active,514,0.01847749948501587,1.0
all,0.1600,wor-uniform,514,0.02030235528945923,1.0
all,0.1600,wor-active,515,0.017761647701263428,1.0
all,0.1600,wor-uniform,515,0.020987510681152344,1.0
all,0.1600,wor-active,516,0.018205344676971436,1.0
all,0.1600,wor-uniform,516,0.02044469118118286,1.0
all,0.1600,wor-active,517,0.01907205581665039,1.0
all,0.1600,wor-uniform,517,0.021399319171905518,1.0
all,0.1600,wor-active,518,0.018489599227905273,1.0
all,0.1600,wor-uniform,518,0.020764723420143127,1.0
all,0.1600,wor-active,519,0.01733545958995819,1.0
all,0.1600,wor-uniform,519,0.021516501903533936,1.0
all,0.1600,wor-active,520,0.017822444438934326,1.0
all,0.1600,wor-uniform,520,0.020225703716278076,1.0
all,0.1600,wor-active,521,0.01764392852783203,1.0
all,0.1600,wor-uniform,521,0.01988619565963745,1.0
all,0.1600,wor-active,522,0.019066572189331055,1.0
all,0.1600,wor-uniform,522,0.021243035793304443,0.0
all,0.1600,wor-active,523,0.01715424656867981,0.0
all,0.1600,wor-uniform,523,0.020394504070281982,1.0
all,0.1600,wor-active,524,0.01803833246231079,1.0
all,0.1600,wor-uniform,524,0.020618557929992676,1.0
all,0.1600,wor-active,525,0.017822623252868652,1.0
all,0.1600,wor-uniform,525,0.019514471292495728,0.0
all,0.1600,wor-active,526,0.01773160696029663,1.0
all,0.1600,wor-uniform,526,0.020260408520698547,1.0
all,0.1600,wor-active,527,0.01778554916381836,1.0
all,0.1600,wor-uniform,527,0.020732834935188293,1.0
all,0.1600,wor-active,528,0.01739002764225006,1.0
all,0.1600,wor-uniform,528,0.0209043025970459,1.0
all,0.1600,wor-active,529,0.017238035798072815,1.0
all,0.1600,wor-uniform,529,0.020647302269935608,1.0
all,0.1600,wor-active,530,0.018992722034454346,1.0
all,0.1600,wor-uniform,530,0.01970672607421875,1.0
all,0.1600,wor-active,531,0.018580317497253418,1.0
all,0.1600,wor-uniform,531,0.01956695318222046,1.0
all,0.1600,wor-active,532,0.01795637607574463,1.0
all,0.1600,wor-uniform,532,0.020260140299797058,1.0
all,0.1600,wor-active,533,0.0181121826171875,1.0
all,0.1600,wor-uniform,533,0.020115256309509277,1.0
all,0.1600,wor-active,534,0.01704573631286621,1.0
all,0.1600,wor-uniform,534,0.020306244492530823,1.0
all,0.1600,wor-active,535,0.01853303611278534,1.0
all,0.1600,wor-uniform,535,0.020785629749298096,1.0
all,0.1600,wor-active,536,0.016537070274353027,1.0
all,0.1600,wor-uniform,536,0.02043832838535309,0.0
all,0.1600,wor-active,537,0.018175184726715088,1.0
all,0.1600,wor-uniform,537,0.020465850830078125,1.0
all,0.1600,wor-active,538,0.01799243688583374,1.0
all,0.1600,wor-uniform,538,0.01954616606235504,1.0
all,0.1600,wor-active,539,0.01826876401901245,1.0
all,0.1600,wor-uniform,539,0.021057069301605225,1.0
all,0.1600,wor-active,540,0.019002974033355713,1.0
all,0.1600,wor-uniform,540,0.02025991678237915,1.0
all,0.1600,wor-active,541,0.018405556678771973,1.0
all,0.1600,wor-uniform,541,0.020437002182006836,1.0
all,0.1600,wor-active,542,0.017618179321289062,0.0
all,0.1600,wor-uniform,542,0.020125508308410645,1.0
all,0.1600,wor-active,543,0.017507538199424744,1.0
all,0.1600,wor-uniform,543,0.020666882395744324,1.0
all,0.1600,wor-active,544,0.018189117312431335,1.0
all,0.1600,wor-uniform,544,0.020931243896484375,0.0
all,0.1600,wor-active,545,0.01770174503326416,1.0
all,0.1600,wor-uniform,545,0.020502880215644836,1.0
all,0.1600,wor-active,546,0.017877280712127686,1.0
all,0.1600,wor-uniform,546,0.020120084285736084,1.0
all,0.1600,wor-active,547,0.01763153076171875,1.0
all,0.1600,wor-uniform,547,0.020999610424041748,1.0
all,0.1600,wor-active,548,0.017858684062957764,1.0
all,0.1600,wor-uniform,548,0.020602568984031677,1.0
all,0.1600,wor-active,549,0.018354058265686035,1.0
all,0.1600,wor-uniform,549,0.0197945237159729,1.0
all,0.1600,wor-active,550,0.01951688528060913,1.0
all,0.1600,wor-uniform,550,0.020594239234924316,1.0
all,0.1600,wor-active,551,0.01862923800945282,1.0
all,0.1600,wor-uniform,551,0.020896688103675842,1.0
all,0.1600,wor-active,552,0.018814504146575928,1.0
all,0.1600,wor-uniform,552,0.020724952220916748,1.0
all,0.1600,wor-active,553,0.018387019634246826,1.0
all,0.1600,wor-uniform,553,0.01977376639842987,1.0
all,0.1600,wor-active,554,0.01916438341140747,1.0
all,0.1600,wor-uniform,554,0.02060796320438385,1.0
all,0.1600,wor-active,555,0.01758795976638794,1.0
all,0.1600,wor-uniform,555,0.02063274383544922,0.0
all,0.1600,wor-active,556,0.01716308295726776,1.0
all,0.1600,wor-uniform,556,0.021248459815979004,1.0
all,0.1600,wor-active,557,0.018360495567321777,1.0
all,0.1600,wor-uniform,557,0.019711434841156006,1.0
all,0.1600,wor-active,558,0.01722407341003418,1.0
all,0.1600,wor-uniform,558,0.020775243639945984,1.0
all,0.1600,wor-active,559,0.019603431224822998,1.0
all,0.1600,wor-uniform,559,0.019726157188415527,1.0
all,0.1600,wor-active,560,0.017648115754127502,1.0
all,0.1600,wor-uniform,560,0.020192444324493408,1.0
all,0.1600,wor-active,561,0.018208205699920654,1.0
all,0.1600,wor-uniform,561,0.01983286440372467,1.0
all,0.1600,wor-active,562,0.01759558916091919,1.0
all,0.1600,wor-uniform,562,0.019903361797332764,1.0
all,0.1600,wor-active,563,0.01766115427017212,1.0
all,0.1600,wor-uniform,563,0.02073746919631958,1.0
all,0.1600,wor-active,564,0.018122494220733643,1.0
all,0.1600,wor-uniform,564,0.02075481414794922,1.0
all,0.1600,wor-active,565,0.017554402351379395,1.0
all,0.1600,wor-uniform,565,0.020018085837364197,1.0
all,0.1600,wor-active,566,0.017986714839935303,1.0
all,0.1600,wor-uniform,566,0.020440876483917236,1.0
all,0.1600,wor-active,567,0.01755392551422119,1.0
all,0.1600,wor-uniform,567,0.020748436450958252,1.0
all,0.1600,wor-active,568,0.018267154693603516,1.0
all,0.1600,wor-uniform,568,0.02047443389892578,1.0
all,0.1600,wor-active,569,0.01825721561908722,1.0
all,0.1600,wor-uniform,569,0.02071070671081543,1.0
all,0.1600,wor-active,570,0.017859160900115967,1.0
all,0.1600,wor-uniform,570,0.02055460214614868,1.0
all,0.1600,wor-active,571,0.01795363426208496,1.0
all,0.1600,wor-uniform,571,0.020400479435920715,1.0
all,0.1600,wor-active,572,0.017961621284484863,1.0
all,0.1600,wor-uniform,572,0.020149528980255127,1.0
all,0.1600,wor-active,573,0.017436504364013672,1.0
all,0.1600,wor-uniform,573,0.020033538341522217,1.0
all,0.1600,wor-active,574,0.01798492670059204,1.0
all,0.1600,wor-uniform,574,0.020595848560333252,1.0
all,0.1600,wor-active,575,0.018396496772766113,1.0
all,0.1600,wor-uniform,575,0.020009055733680725,1.0
all,0.1600,wor-active,576,0.017698392271995544,1.0
all,0.1600,wor-uniform,576,0.020371273159980774,0.0
all,0.1600,wor-active,577,0.01744711399078369,1.0
all,0.1600,wor-uniform,577,0.020712435245513916,1.0
all,0.1600,wor-active,578,0.019069314002990723,1.0
all,0.1600,wor-uniform,578,0.020783662796020508,1.0
all,0.1600,wor-active,579,0.01843559741973877,1.0
all,0.1600,wor-uniform,579,0.020648539066314697,1.0
all,0.1600,wor-active,580,0.01846027374267578,1.0
all,0.1600,wor-uniform,580,0.020410403609275818,1.0
all,0.1600,wor-active,581,0.018518805503845215,1.0
all,0.1600,wor-uniform,581,0.020558476448059082,1.0
all,0.1600,wor-active,582,0.019769489765167236,1.0
all,0.1600,wor-uniform,582,0.021062776446342468,1.0
all,0.1600,wor-active,583,0.01801343262195587,1.0
all,0.1600,wor-uniform,583,0.020453229546546936,1.0
all,0.1600,wor-active,584,0.018194198608398438,1.0
all,0.1600,wor-uniform,584,0.020879924297332764,1.0
all,0.1600,wor-active,585,0.017970561981201172,1.0
all,0.1600,wor-uniform,585,0.02018439769744873,1.0
all,0.1600,wor-active,586,0.017623305320739746,1.0
all,0.1600,wor-uniform,586,0.02033334970474243,1.0
all,0.1600,wor-active,587,0.01757092773914337,0.0
all,0.1600,wor-uniform,587,0.02043139934539795,1.0
all,0.1600,wor-active,588,0.017736315727233887,1.0
all,0.1600,wor-uniform,588,0.02049773931503296,1.0
all,0.1600,wor-active,589,0.017270326614379883,1.0
all,0.1600,wor-uniform,589,0.02035844326019287,1.0
all,0.1600,wor-active,590,0.017407715320587158,1.0
all,0.1600,wor-uniform,590,0.020312249660491943,1.0
all,0.1600,wor-active,591,0.017955705523490906,1.0
all,0.1600,wor-uniform,591,0.020676374435424805,1.0
all,0.1600,wor-active,592,0.018288075923919678,1.0
all,0.1600,wor-uniform,592,0.02011007070541382,1.0
all,0.1600,wor-active,593,0.01744776964187622,1.0
all,0.1600,wor-uniform,593,0.020606502890586853,1.0
all,0.1600,wor-active,594,0.01872934401035309,1.0
all,0.1600,wor-uniform,594,0.020619094371795654,1.0
all,0.1600,wor-active,595,0.017685413360595703,1.0
all,0.1600,wor-uniform,595,0.020223021507263184,1.0
all,0.1600,wor-active,596,0.01815342903137207,1.0
all,0.1600,wor-uniform,596,0.02077731490135193,0.0
all,0.1600,wor-active,597,0.01793050765991211,1.0
all,0.1600,wor-uniform,597,0.021205365657806396,0.0
all,0.1600,wor-active,598,0.018437683582305908,1.0
all,0.1600,wor-uniform,598,0.0207023024559021,1.0
all,0.1600,wor-active,599,0.018911302089691162,0.0
all,0.1600,wor-uniform,599,0.020185068249702454,0.0
all,0.1600,wor-active,600,0.019247233867645264,1.0
all,0.1600,wor-uniform,600,0.02104628086090088,1.0
all,0.1600,wor-active,601,0.017531633377075195,1.0
all,0.1600,wor-uniform,601,0.02115209400653839,1.0
all,0.1600,wor-active,602,0.01887589693069458,1.0
all,0.1600,wor-uniform,602,0.0208398699760437,1.0
all,0.1600,wor-active,603,0.018160343170166016,1.0
all,0.1600,wor-uniform,603,0.020885571837425232,1.0
all,0.1600,wor-active,604,0.017781496047973633,1.0
all,0.1600,wor-uniform,604,0.019978895783424377,1.0
all,0.1600,wor-active,605,0.017054840922355652,1.0
all,0.1600,wor-uniform,605,0.020475342869758606,1.0
all,0.1600,wor-active,606,0.01940464973449707,0.0
all,0.1600,wor-uniform,606,0.02052628993988037,1.0
all,0.1600,wor-active,607,0.017820358276367188,1.0
all,0.1600,wor-uniform,607,0.020691275596618652,1.0
all,0.1600,wor-active,608,0.017331436276435852,1.0
all,0.1600,wor-uniform,608,0.020353317260742188,1.0
all,0.1600,wor-active,609,0.018398404121398926,1.0
all,0.1600,wor-uniform,609,0.020628750324249268,0.0
all,0.1600,wor-active,610,0.01844966411590576,1.0
all,0.1600,wor-uniform,610,0.021214962005615234,1.0
all,0.1600,wor-active,611,0.018690869212150574,1.0
all,0.1600,wor-uniform,611,0.020842894911766052,1.0
all,0.1600,wor-active,612,0.019205033779144287,1.0
all,0.1600,wor-uniform,612,0.019975140690803528,0.0
all,0.1600,wor-active,613,0.01868617534637451,1.0
all,0.1600,wor-uniform,613,0.020555734634399414,1.0
all,0.1600,wor-active,614,0.01792287826538086,1.0
all,0.1600,wor-uniform,614,0.020893454551696777,1.0
all,0.1600,wor-active,615,0.01783566176891327,1.0
all,0.1600,wor-uniform,615,0.020585715770721436,1.0
all,0.1600,wor-active,616,0.017594218254089355,0.0
all,0.1600,wor-uniform,616,0.020531371235847473,1.0
all,0.1600,wor-active,617,0.019369184970855713,1.0
all,0.1600,wor-uniform,617,0.020509541034698486,1.0
all,0.1600,wor-active,618,0.0179329514503479,1.0
all,0.1600,wor-uniform,618,0.020670056343078613,1.0
all,0.1600,wor-active,619,0.01822030544281006,1.0
all,0.1600,wor-uniform,619,0.020471572875976562,1.0
all,0.1600,wor-active,620,0.017639577388763428,1.0
all,0.1600,wor-uniform,620,0.020761609077453613,1.0
all,0.1600,wor-active,621,0.01753300428390503,1.0
all,0.1600,wor-uniform,621,0.02026534080505371,1.0
all,0.1600,wor-active,622,0.017316162586212158,1.0
all,0.1600,wor-uniform,622,0.019413530826568604,1.0
all,0.1600,wor-active,623,0.019280433654785156,1.0
all,0.1600,wor-uniform,623,0.020962536334991455,1.0
all,0.1600,wor-active,624,0.01747281849384308,1.0
all,0.1600,wor-uniform,624,0.02024531364440918,1.0
all,0.1600,wor-active,625,0.01837402582168579,1.0
all,0.1600,wor-uniform,625,0.02128082513809204,1.0
all,0.1600,wor-active,626,0.016970455646514893,1.0
all,0.1600,wor-uniform,626,0.020556271076202393,1.0
all,0.1600,wor-active,627,0.018510818481445312,1.0
all,0.1600,wor-uniform,627,0.021040141582489014,1.0
all,0.1600,wor-active,628,0.017456531524658203,1.0
all,0.1600,wor-uniform,628,0.02065223455429077,1.0
all,0.1600,wor-active,629,0.017769932746887207,1.0
all,0.1600,wor-uniform,629,0.020058676600456238,1.0
all,0.1600,wor-active,630,0.018747583031654358,1.0
all,0.1600,wor-uniform,630,0.021121084690093994,1.0
all,0.1600,wor-active,631,0.017657577991485596,1.0
all,0.1600,wor-uniform,631,0.019958078861236572,1.0
all,0.1600,wor-active,632,0.017033278942108154,1.0
all,0.1600,wor-uniform,632,0.021162033081054688,1.0
all,0.1600,wor-active,633,0.01765686273574829,1.0
all,0.1600,wor-uniform,633,0.020583972334861755,1.0
all,0.1600,wor-active,634,0.017694532871246338,1.0
all,0.1600,wor-uniform,634,0.02080094814300537,1.0
all,0.1600,wor-active,635,0.01844608783721924,1.0
all,0.1600,wor-uniform,635,0.020727619528770447,1.0
all,0.1600,wor-active,636,0.01997053623199463,1.0
all,0.1600,wor-uniform,636,0.0200301855802536,1.0
all,0.1600,wor-active,637,0.0162811279296875,0.0
all,0.1600,wor-uniform,637,0.02009187638759613,1.0
all,0.1600,wor-active,638,0.017576754093170166,1.0
all,0.1600,wor-uniform,638,0.020777687430381775,1.0
all,0.1600,wor-active,639,0.018844783306121826,1.0
all,0.1600,wor-uniform,639,0.020638227462768555,1.0
all,0.1600,wor-active,640,0.018248021602630615,1.0
all,0.1600,wor-uniform,640,0.0205763578414917,1.0
all,0.1600,wor-active,641,0.01909196376800537,1.0
all,0.1600,wor-uniform,641,0.02003425359725952,1.0
all,0.1600,wor-active,642,0.017555534839630127,1.0
all,0.1600,wor-uniform,642,0.01987755298614502,1.0
all,0.1600,wor-active,643,0.017809271812438965,1.0
all,0.1600,wor-uniform,643,0.021276652812957764,1.0
all,0.1600,wor-active,644,0.018063843250274658,1.0
all,0.1600,wor-uniform,644,0.020559489727020264,1.0
all,0.1600,wor-active,645,0.01921766996383667,1.0
all,0.1600,wor-uniform,645,0.021629616618156433,1.0
all,0.1600,wor-active,646,0.017734885215759277,1.0
all,0.1600,wor-uniform,646,0.020307719707489014,1.0
all,0.1600,wor-active,647,0.017516538500785828,1.0
all,0.1600,wor-uniform,647,0.02088463306427002,1.0
all,0.1600,wor-active,648,0.017115309834480286,1.0
all,0.1600,wor-uniform,648,0.020686447620391846,1.0
all,0.1600,wor-active,649,0.018006563186645508,1.0
all,0.1600,wor-uniform,649,0.02041006088256836,1.0
all,0.1600,wor-active,650,0.01857195794582367,1.0
all,0.1600,wor-uniform,650,0.020394742488861084,1.0
all,0.1600,wor-active,651,0.01724827289581299,1.0
all,0.1600,wor-uniform,651,0.021633505821228027,1.0
all,0.1600,wor-active,652,0.018713876605033875,1.0
all,0.1600,wor-uniform,652,0.02044554054737091,1.0
all,0.1600,wor-active,653,0.018101990222930908,1.0
all,0.1600,wor-uniform,653,0.02014446258544922,1.0
all,0.1600,wor-active,654,0.01911449432373047,1.0
all,0.1600,wor-uniform,654,0.019517481327056885,1.0
all,0.1600,wor-active,655,0.018134117126464844,1.0
all,0.1600,wor-uniform,655,0.020400449633598328,1.0
all,0.1600,wor-active,656,0.01866990327835083,1.0
all,0.1600,wor-uniform,656,0.02051079273223877,1.0
all,0.1600,wor-active,657,0.01739293336868286,1.0
all,0.1600,wor-uniform,657,0.020084083080291748,1.0
all,0.1600,wor-active,658,0.018334493041038513,1.0
all,0.1600,wor-uniform,658,0.0205538272857666,1.0
all,0.1600,wor-active,659,0.019035518169403076,1.0
all,0.1600,wor-uniform,659,0.020120710134506226,0.0
all,0.1600,wor-active,660,0.018025383353233337,1.0
all,0.1600,wor-uniform,660,0.020562872290611267,1.0
all,0.1600,wor-active,661,0.01748974621295929,1.0
all,0.1600,wor-uniform,661,0.02083265781402588,1.0
all,0.1600,wor-active,662,0.018471404910087585,1.0
all,0.1600,wor-uniform,662,0.019954919815063477,1.0
all,0.1600,wor-active,663,0.018098056316375732,1.0
all,0.1600,wor-uniform,663,0.02078622579574585,1.0
all,0.1600,wor-active,664,0.017594873905181885,1.0
all,0.1600,wor-uniform,664,0.019953429698944092,1.0
all,0.1600,wor-active,665,0.018772542476654053,1.0
all,0.1600,wor-uniform,665,0.02059471607208252,1.0
all,0.1700,wor-active,333,0.016772568225860596,1.0
all,0.1700,wor-uniform,333,0.019374966621398926,1.0
all,0.1700,wor-active,334,0.01683489978313446,1.0
all,0.1700,wor-uniform,334,0.020071491599082947,1.0
all,0.1700,wor-active,335,0.017331480979919434,1.0
all,0.1700,wor-uniform,335,0.02024984359741211,1.0
all,0.1700,wor-active,336,0.016154810786247253,0.0
all,0.1700,wor-uniform,336,0.01973263919353485,1.0
all,0.1700,wor-active,337,0.017381012439727783,1.0
all,0.1700,wor-uniform,337,0.01970219612121582,1.0
all,0.1700,wor-active,338,0.017253518104553223,1.0
all,0.1700,wor-uniform,338,0.019792139530181885,1.0
all,0.1700,wor-active,339,0.01681363582611084,1.0
all,0.1700,wor-uniform,339,0.01977086067199707,1.0
all,0.1700,wor-active,340,0.017046630382537842,1.0
all,0.1700,wor-uniform,340,0.019649013876914978,1.0
all,0.1700,wor-active,341,0.017898961901664734,1.0
all,0.1700,wor-uniform,341,0.019809365272521973,0.0
all,0.1700,wor-active,342,0.018805265426635742,1.0
all,0.1700,wor-uniform,342,0.020339250564575195,1.0
all,0.1700,wor-active,343,0.01835954189300537,1.0
all,0.1700,wor-uniform,343,0.020310699939727783,1.0
all,0.1700,wor-active,344,0.01845252513885498,1.0
all,0.1700,wor-uniform,344,0.019085288047790527,1.0
all,0.1700,wor-active,345,0.017453432083129883,1.0
all,0.1700,wor-uniform,345,0.0202302485704422,1.0
all,0.1700,wor-active,346,0.017372965812683105,1.0
all,0.1700,wor-uniform,346,0.019527435302734375,1.0
all,0.1700,wor-active,347,0.01736629009246826,1.0
all,0.1700,wor-uniform,347,0.01948404312133789,1.0
all,0.1700,wor-active,348,0.017899811267852783,1.0
all,0.1700,wor-uniform,348,0.020398855209350586,1.0
all,0.1700,wor-active,349,0.01729559898376465,1.0
all,0.1700,wor-uniform,349,0.019894659519195557,1.0
all,0.1700,wor-active,350,0.01799100637435913,1.0
all,0.1700,wor-uniform,350,0.02082371711730957,1.0
all,0.1700,wor-active,351,0.017646774649620056,1.0
all,0.1700,wor-uniform,351,0.02044147253036499,1.0
all,0.1700,wor-active,352,0.018318772315979004,1.0
all,0.1700,wor-uniform,352,0.019650518894195557,1.0
all,0.1700,wor-active,353,0.017607033252716064,1.0
all,0.1700,wor-uniform,353,0.020451486110687256,1.0
all,0.1700,wor-active,354,0.017080798745155334,1.0
all,0.1700,wor-uniform,354,0.019748151302337646,1.0
all,0.1700,wor-active,355,0.01874333620071411,1.0
all,0.1700,wor-uniform,355,0.020190179347991943,1.0
all,0.1700,wor-active,356,0.017974913120269775,1.0
all,0.1700,wor-uniform,356,0.019562646746635437,1.0
all,0.1700,wor-active,357,0.01709657907485962,1.0
all,0.1700,wor-uniform,357,0.019585490226745605,1.0
all,0.1700,wor-active,358,0.017501890659332275,1.0
all,0.1700,wor-uniform,358,0.019746139645576477,1.0
all,0.1700,wor-active,359,0.018426895141601562,1.0
all,0.1700,wor-uniform,359,0.019623100757598877,1.0
all,0.1700,wor-active,360,0.01664574444293976,1.0
all,0.1700,wor-uniform,360,0.019461527466773987,1.0
all,0.1700,wor-active,361,0.01789337396621704,1.0
all,0.1700,wor-uniform,361,0.01996326446533203,1.0
all,0.1700,wor-active,362,0.0175398588180542,1.0
all,0.1700,wor-uniform,362,0.020038306713104248,1.0
all,0.1700,wor-active,363,0.01725780963897705,1.0
all,0.1700,wor-uniform,363,0.019826173782348633,1.0
all,0.1700,wor-active,364,0.017252087593078613,1.0
all,0.1700,wor-uniform,364,0.020180106163024902,1.0
all,0.1700,wor-active,365,0.017735779285430908,1.0
all,0.1700,wor-uniform,365,0.020128846168518066,0.0
all,0.1700,wor-active,366,0.016635313630104065,1.0
all,0.1700,wor-uniform,366,0.019150197505950928,0.0
all,0.1700,wor-active,367,0.01699763536453247,1.0
all,0.1700,wor-uniform,367,0.020232856273651123,1.0
all,0.1700,wor-active,368,0.016667664051055908,1.0
all,0.1700,wor-uniform,368,0.0194319486618042,1.0
all,0.1700,wor-active,369,0.01771724224090576,1.0
all,0.1700,wor-uniform,369,0.019302427768707275,1.0
all,0.1700,wor-active,370,0.01774805784225464,1.0
all,0.1700,wor-uniform,370,0.019721686840057373,1.0
all,0.1700,wor-active,371,0.01754206418991089,1.0
all,0.1700,wor-uniform,371,0.019844233989715576,1.0
all,0.1700,wor-active,372,0.01764005422592163,1.0
all,0.1700,wor-uniform,372,0.01953284442424774,1.0
all,0.1700,wor-active,373,0.017422720789909363,1.0
all,0.1700,wor-uniform,373,0.02032369375228882,1.0
all,0.1700,wor-active,374,0.018071651458740234,1.0
all,0.1700,wor-uniform,374,0.020276248455047607,1.0
all,0.1700,wor-active,375,0.017625391483306885,1.0
all,0.1700,wor-uniform,375,0.02019035816192627,1.0
all,0.1700,wor-active,376,0.0171625018119812,1.0
all,0.1700,wor-uniform,376,0.018942415714263916,1.0
all,0.1700,wor-active,377,0.016719520092010498,1.0
all,0.1700,wor-uniform,377,0.019336000084877014,1.0
all,0.1700,wor-active,378,0.016386643052101135,1.0
all,0.1700,wor-uniform,378,0.019992932677268982,1.0
all,0.1700,wor-active,379,0.017189517617225647,1.0
all,0.1700,wor-uniform,379,0.020454704761505127,0.0
all,0.1700,wor-active,380,0.017804980278015137,1.0
all,0.1700,wor-uniform,380,0.02042841911315918,1.0
all,0.1700,wor-active,381,0.0176774263381958,1.0
all,0.1700,wor-uniform,381,0.020128488540649414,1.0
all,0.1700,wor-active,382,0.017413556575775146,1.0
all,0.1700,wor-uniform,382,0.01950836181640625,1.0
all,0.1700,wor-active,383,0.017549797892570496,1.0
all,0.1700,wor-uniform,383,0.021094918251037598,1.0
all,0.1700,wor-active,384,0.016976118087768555,0.0
all,0.1700,wor-uniform,384,0.01979641616344452,1.0
all,0.1700,wor-active,385,0.01632159948348999,1.0
all,0.1700,wor-uniform,385,0.01949942111968994,1.0
all,0.1700,wor-active,386,0.01683741807937622,1.0
all,0.1700,wor-uniform,386,0.01961839199066162,1.0
all,0.1700,wor-active,387,0.0174141526222229,1.0
all,0.1700,wor-uniform,387,0.019020676612854004,1.0
all,0.1700,wor-active,388,0.017321422696113586,1.0
all,0.1700,wor-uniform,388,0.019739627838134766,1.0
all,0.1700,wor-active,389,0.0166018009185791,1.0
all,0.1700,wor-uniform,389,0.02033066749572754,1.0
all,0.1700,wor-active,390,0.01769988238811493,1.0
all,0.1700,wor-uniform,390,0.019989147782325745,1.0
all,0.1700,wor-active,391,0.018105342984199524,1.0
all,0.1700,wor-uniform,391,0.01967686414718628,1.0
all,0.1700,wor-active,392,0.01735299825668335,1.0
all,0.1700,wor-uniform,392,0.02069753408432007,1.0
all,0.1700,wor-active,393,0.017167627811431885,1.0
all,0.1700,wor-uniform,393,0.019548282027244568,1.0
all,0.1700,wor-active,394,0.016878023743629456,1.0
all,0.1700,wor-uniform,394,0.0195004940032959,1.0
all,0.1700,wor-active,395,0.017411112785339355,1.0
all,0.1700,wor-uniform,395,0.020051240921020508,1.0
all,0.1700,wor-active,396,0.016824454069137573,0.0
all,0.1700,wor-uniform,396,0.020269691944122314,1.0
all,0.1700,wor-active,397,0.017293348908424377,1.0
all,0.1700,wor-uniform,397,0.019958794116973877,1.0
all,0.1700,wor-active,398,0.017595350742340088,1.0
all,0.1700,wor-uniform,398,0.019952893257141113,1.0
all,0.1700,wor-active,399,0.01785486936569214,1.0
all,0.1700,wor-uniform,399,0.01997929811477661,1.0
all,0.1700,wor-active,400,0.017263352870941162,1.0
all,0.1700,wor-uniform,400,0.019676387310028076,1.0
all,0.1700,wor-active,401,0.016789138317108154,1.0
all,0.1700,wor-uniform,401,0.020144164562225342,1.0
all,0.1700,wor-active,402,0.017168521881103516,1.0
all,0.1700,wor-uniform,402,0.019655287265777588,1.0
all,0.1700,wor-active,403,0.01786428689956665,1.0
all,0.1700,wor-uniform,403,0.01937645673751831,1.0
all,0.1700,wor-active,404,0.017008766531944275,1.0
all,0.1700,wor-uniform,404,0.019878745079040527,1.0
all,0.1700,wor-active,405,0.01690208911895752,1.0
all,0.1700,wor-uniform,405,0.020276427268981934,1.0
all,0.1700,wor-active,406,0.018409907817840576,1.0
all,0.1700,wor-uniform,406,0.02039390802383423,1.0
all,0.1700,wor-active,407,0.018199265003204346,1.0
all,0.1700,wor-uniform,407,0.0208970308303833,1.0
all,0.1700,wor-active,408,0.017408311367034912,1.0
all,0.1700,wor-uniform,408,0.020101189613342285,1.0
all,0.1700,wor-active,409,0.01743495464324951,1.0
all,0.1700,wor-uniform,409,0.019738972187042236,1.0
all,0.1700,wor-active,410,0.018316805362701416,1.0
all,0.1700,wor-uniform,410,0.01955409348011017,1.0
all,0.1700,wor-active,411,0.017932593822479248,1.0
all,0.1700,wor-uniform,411,0.019653022289276123,1.0
all,0.1700,wor-active,412,0.017908036708831787,1.0
all,0.1700,wor-uniform,412,0.01966756582260132,1.0
all,0.1700,wor-active,413,0.017558321356773376,1.0
all,0.1700,wor-uniform,413,0.020099446177482605,1.0
all,0.1700,wor-active,414,0.01791226863861084,1.0
all,0.1700,wor-uniform,414,0.019573688507080078,1.0
all,0.1700,wor-active,415,0.017487525939941406,1.0
all,0.1700,wor-uniform,415,0.0195237398147583,1.0
all,0.1700,wor-active,416,0.017134487628936768,1.0
all,0.1700,wor-uniform,416,0.019866645336151123,1.0
all,0.1700,wor-active,417,0.01817309856414795,1.0
all,0.1700,wor-uniform,417,0.019796982407569885,1.0
all,0.1700,wor-active,418,0.016932904720306396,1.0
all,0.1700,wor-uniform,418,0.019321098923683167,1.0
all,0.1700,wor-active,419,0.016718506813049316,1.0
all,0.1700,wor-uniform,419,0.0201023668050766,1.0
all,0.1700,wor-active,420,0.01825648546218872,1.0
all,0.1700,wor-uniform,420,0.02039891481399536,1.0
all,0.1700,wor-active,421,0.016913607716560364,0.0
all,0.1700,wor-uniform,421,0.019927561283111572,1.0
all,0.1700,wor-active,422,0.017261803150177002,1.0
all,0.1700,wor-uniform,422,0.01974998414516449,1.0
all,0.1700,wor-active,423,0.017930924892425537,1.0
all,0.1700,wor-uniform,423,0.019758939743041992,1.0
all,0.1700,wor-active,424,0.017269417643547058,1.0
all,0.1700,wor-uniform,424,0.019023418426513672,1.0
all,0.1700,wor-active,425,0.01694399118423462,1.0
all,0.1700,wor-uniform,425,0.01956087350845337,1.0
all,0.1700,wor-active,426,0.017656385898590088,1.0
all,0.1700,wor-uniform,426,0.020031392574310303,1.0
all,0.1700,wor-active,427,0.017498105764389038,0.0
all,0.1700,wor-uniform,427,0.020297124981880188,1.0
all,0.1700,wor-active,428,0.01761537790298462,1.0
all,0.1700,wor-uniform,428,0.01997959613800049,1.0
all,0.1700,wor-active,429,0.017094537615776062,1.0
all,0.1700,wor-uniform,429,0.020192131400108337,1.0
all,0.1700,wor-active,430,0.017177477478981018,1.0
all,0.1700,wor-uniform,430,0.01974327862262726,1.0
all,0.1700,wor-active,431,0.017740070819854736,1.0
all,0.1700,wor-uniform,431,0.020652711391448975,1.0
all,0.1700,wor-active,432,0.01699376106262207,0.0
all,0.1700,wor-uniform,432,0.019494831562042236,1.0
all,0.1700,wor-active,433,0.017186343669891357,1.0
all,0.1700,wor-uniform,433,0.019887208938598633,1.0
all,0.1700,wor-active,434,0.01711653172969818,1.0
all,0.1700,wor-uniform,434,0.01984339952468872,1.0
all,0.1700,wor-active,435,0.018973827362060547,0.0
all,0.1700,wor-uniform,435,0.020057737827301025,1.0
all,0.1700,wor-active,436,0.017680823802947998,1.0
all,0.1700,wor-uniform,436,0.01974165439605713,1.0
all,0.1700,wor-active,437,0.01728498935699463,1.0
all,0.1700,wor-uniform,437,0.02011096477508545,1.0
all,0.1700,wor-active,438,0.017441630363464355,1.0
all,0.1700,wor-uniform,438,0.020194530487060547,1.0
all,0.1700,wor-active,439,0.017032340168952942,1.0
all,0.1700,wor-uniform,439,0.01990610361099243,1.0
all,0.1700,wor-active,440,0.016767695546150208,1.0
all,0.1700,wor-uniform,440,0.019563615322113037,1.0
all,0.1700,wor-active,441,0.017696425318717957,1.0
all,0.1700,wor-uniform,441,0.019755065441131592,1.0
all,0.1700,wor-active,442,0.018874168395996094,1.0
all,0.1700,wor-uniform,442,0.019992589950561523,1.0
all,0.1700,wor-active,443,0.017119169235229492,1.0
all,0.1700,wor-uniform,443,0.019897401332855225,1.0
all,0.1700,wor-active,444,0.018054187297821045,1.0
all,0.1700,wor-uniform,444,0.019446536898612976,1.0
all,0.1700,wor-active,445,0.01664566993713379,1.0
all,0.1700,wor-uniform,445,0.019092023372650146,1.0
all,0.1700,wor-active,446,0.016770318150520325,1.0
all,0.1700,wor-uniform,446,0.020182669162750244,1.0
all,0.1700,wor-active,447,0.01766514778137207,1.0
all,0.1700,wor-uniform,447,0.019792363047599792,1.0
all,0.1700,wor-active,448,0.01752948760986328,1.0
all,0.1700,wor-uniform,448,0.019917190074920654,1.0
all,0.1700,wor-active,449,0.018483221530914307,1.0
all,0.1700,wor-uniform,449,0.02019268274307251,1.0
all,0.1700,wor-active,450,0.018703103065490723,1.0
all,0.1700,wor-uniform,450,0.01989537477493286,1.0
all,0.1700,wor-active,451,0.01851654052734375,1.0
all,0.1700,wor-uniform,451,0.02029961347579956,1.0
all,0.1700,wor-active,452,0.01775813102722168,0.0
all,0.1700,wor-uniform,452,0.019655823707580566,1.0
all,0.1700,wor-active,453,0.01640111207962036,1.0
all,0.1700,wor-uniform,453,0.0197761207818985,1.0
all,0.1700,wor-active,454,0.01775747537612915,1.0
all,0.1700,wor-uniform,454,0.01989305019378662,1.0
all,0.1700,wor-active,455,0.017371177673339844,1.0
all,0.1700,wor-uniform,455,0.01960432529449463,1.0
all,0.1700,wor-active,456,0.017719686031341553,1.0
all,0.1700,wor-uniform,456,0.019869863986968994,1.0
all,0.1700,wor-active,457,0.016836583614349365,1.0
all,0.1700,wor-uniform,457,0.019366800785064697,1.0
all,0.1700,wor-active,458,0.016608193516731262,1.0
all,0.1700,wor-uniform,458,0.020193815231323242,1.0
all,0.1700,wor-active,459,0.01747262477874756,1.0
all,0.1700,wor-uniform,459,0.019447624683380127,1.0
all,0.1700,wor-active,460,0.018306851387023926,1.0
all,0.1700,wor-uniform,460,0.019844114780426025,1.0
all,0.1700,wor-active,461,0.01691979169845581,1.0
all,0.1700,wor-uniform,461,0.020066797733306885,1.0
all,0.1700,wor-active,462,0.017130494117736816,1.0
all,0.1700,wor-uniform,462,0.019803330302238464,1.0
all,0.1700,wor-active,463,0.016999125480651855,1.0
all,0.1700,wor-uniform,463,0.019625723361968994,1.0
all,0.1700,wor-active,464,0.01853621006011963,1.0
all,0.1700,wor-uniform,464,0.019939899444580078,1.0
all,0.1700,wor-active,465,0.018925905227661133,1.0
all,0.1700,wor-uniform,465,0.019608929753303528,1.0
all,0.1700,wor-active,466,0.01783531904220581,1.0
all,0.1700,wor-uniform,466,0.019659698009490967,1.0
all,0.1700,wor-active,467,0.016758307814598083,1.0
all,0.1700,wor-uniform,467,0.019613221287727356,0.0
all,0.1700,wor-active,468,0.01721400022506714,1.0
all,0.1700,wor-uniform,468,0.019918859004974365,1.0
all,0.1700,wor-active,469,0.01736992597579956,1.0
all,0.1700,wor-uniform,469,0.02045297622680664,1.0
all,0.1700,wor-active,470,0.018182337284088135,1.0
all,0.1700,wor-uniform,470,0.01930539309978485,1.0
all,0.1700,wor-active,471,0.01804739236831665,1.0
all,0.1700,wor-uniform,471,0.019581109285354614,0.0
all,0.1700,wor-active,472,0.01680433750152588,1.0
all,0.1700,wor-uniform,472,0.02041606605052948,1.0
all,0.1700,wor-active,473,0.01726841926574707,1.0
all,0.1700,wor-uniform,473,0.02020259201526642,1.0
all,0.1700,wor-active,474,0.01652735471725464,0.0
all,0.1700,wor-uniform,474,0.02004903554916382,1.0
all,0.1700,wor-active,475,0.017652258276939392,1.0
all,0.1700,wor-uniform,475,0.02017289400100708,1.0
all,0.1700,wor-active,476,0.017873823642730713,1.0
all,0.1700,wor-uniform,476,0.020019233226776123,1.0
all,0.1700,wor-active,477,0.01757526397705078,1.0
all,0.1700,wor-uniform,477,0.0192955881357193,1.0
all,0.1700,wor-active,478,0.01822185516357422,1.0
all,0.1700,wor-uniform,478,0.019859015941619873,1.0
all,0.1700,wor-active,479,0.017017662525177002,1.0
all,0.1700,wor-uniform,479,0.019843339920043945,1.0
all,0.1700,wor-active,480,0.017992258071899414,1.0
all,0.1700,wor-uniform,480,0.020147979259490967,1.0
all,0.1700,wor-active,481,0.017435327172279358,1.0
all,0.1700,wor-uniform,481,0.01934492588043213,1.0
all,0.1700,wor-active,482,0.018163904547691345,1.0
all,0.1700,wor-uniform,482,0.020022332668304443,1.0
all,0.1700,wor-active,483,0.018990397453308105,1.0
all,0.1700,wor-uniform,483,0.01937311887741089,1.0
all,0.1700,wor-active,484,0.01710033416748047,1.0
all,0.1700,wor-uniform,484,0.020049870014190674,0.0
all,0.1700,wor-active,485,0.018364131450653076,1.0
all,0.1700,wor-uniform,485,0.0200842022895813,1.0
all,0.1700,wor-active,486,0.01728874444961548,1.0
all,0.1700,wor-uniform,486,0.020055100321769714,1.0
all,0.1700,wor-active,487,0.017994403839111328,1.0
all,0.1700,wor-uniform,487,0.02012018859386444,1.0
all,0.1700,wor-active,488,0.01724103093147278,0.0
all,0.1700,wor-uniform,488,0.01996190845966339,1.0
all,0.1700,wor-active,489,0.017194285988807678,1.0
all,0.1700,wor-uniform,489,0.020131826400756836,1.0
all,0.1700,wor-active,490,0.01764094829559326,1.0
all,0.1700,wor-uniform,490,0.019755065441131592,1.0
all,0.1700,wor-active,491,0.01773250102996826,1.0
all,0.1700,wor-uniform,491,0.019771873950958252,1.0
all,0.1700,wor-active,492,0.017869889736175537,1.0
all,0.1700,wor-uniform,492,0.019927814602851868,1.0
all,0.1700,wor-active,493,0.016779422760009766,1.0
all,0.1700,wor-uniform,493,0.01980191469192505,1.0
all,0.1700,wor-active,494,0.01752650737762451,1.0
all,0.1700,wor-uniform,494,0.019518733024597168,1.0
all,0.1700,wor-active,495,0.017902731895446777,1.0
all,0.1700,wor-uniform,495,0.020311295986175537,1.0
all,0.1700,wor-active,496,0.017624378204345703,1.0
all,0.1700,wor-uniform,496,0.019670531153678894,1.0
all,0.1700,wor-active,497,0.018043816089630127,1.0
all,0.1700,wor-uniform,497,0.020223557949066162,1.0
all,0.1700,wor-active,498,0.017485201358795166,1.0
all,0.1700,wor-uniform,498,0.019996047019958496,1.0
all,0.1700,wor-active,499,0.017692431807518005,1.0
all,0.1700,wor-uniform,499,0.02019411325454712,1.0
all,0.1700,wor-active,500,0.017431065440177917,1.0
all,0.1700,wor-uniform,500,0.019545435905456543,1.0
all,0.1700,wor-active,501,0.017627179622650146,1.0
all,0.1700,wor-uniform,501,0.019318073987960815,0.0
all,0.1700,wor-active,502,0.01758629083633423,1.0
all,0.1700,wor-uniform,502,0.019757330417633057,1.0
all,0.1700,wor-active,503,0.01730644702911377,1.0
all,0.1700,wor-uniform,503,0.01900215446949005,1.0
all,0.1700,wor-active,504,0.01807272434234619,1.0
all,0.1700,wor-uniform,504,0.0192631334066391,1.0
all,0.1700,wor-active,505,0.016857340931892395,1.0
all,0.1700,wor-uniform,505,0.019796326756477356,1.0
all,0.1700,wor-active,506,0.018178224563598633,1.0
all,0.1700,wor-uniform,506,0.019387245178222656,1.0
all,0.1700,wor-active,507,0.019143342971801758,1.0
all,0.1700,wor-uniform,507,0.019983157515525818,1.0
all,0.1700,wor-active,508,0.017429113388061523,1.0
all,0.1700,wor-uniform,508,0.020608127117156982,1.0
all,0.1700,wor-active,509,0.018332064151763916,1.0
all,0.1700,wor-uniform,509,0.020134851336479187,1.0
all,0.1700,wor-active,510,0.017281293869018555,1.0
all,0.1700,wor-uniform,510,0.01987968385219574,1.0
all,0.1700,wor-active,511,0.017207980155944824,1.0
all,0.1700,wor-uniform,511,0.01984471082687378,1.0
all,0.1700,wor-active,512,0.017930686473846436,1.0
all,0.1700,wor-uniform,512,0.020061686635017395,1.0
all,0.1700,wor-active,513,0.01728421449661255,1.0
all,0.1700,wor-uniform,513,0.019353270530700684,1.0
all,0.1700,wor-active,514,0.016846001148223877,1.0
all,0.1700,wor-uniform,514,0.01991593837738037,1.0
all,0.1700,wor-active,515,0.016964852809906006,1.0
all,0.1700,wor-uniform,515,0.019752562046051025,1.0
all,0.1700,wor-active,516,0.01774895191192627,1.0
all,0.1700,wor-uniform,516,0.019546568393707275,1.0
all,0.1700,wor-active,517,0.0180208683013916,1.0
all,0.1700,wor-uniform,517,0.020285367965698242,1.0
all,0.1700,wor-active,518,0.017920076847076416,1.0
all,0.1700,wor-uniform,518,0.0204315185546875,1.0
all,0.1700,wor-active,519,0.017835021018981934,1.0
all,0.1700,wor-uniform,519,0.020234227180480957,1.0
all,0.1700,wor-active,520,0.01771456003189087,1.0
all,0.1700,wor-uniform,520,0.020028293132781982,1.0
all,0.1700,wor-active,521,0.018457874655723572,1.0
all,0.1700,wor-uniform,521,0.019979313015937805,1.0
all,0.1700,wor-active,522,0.018020272254943848,1.0
all,0.1700,wor-uniform,522,0.020484045147895813,1.0
all,0.1700,wor-active,523,0.016585931181907654,1.0
all,0.1700,wor-uniform,523,0.01924610137939453,1.0
all,0.1700,wor-active,524,0.018188893795013428,1.0
all,0.1700,wor-uniform,524,0.020189642906188965,1.0
all,0.1700,wor-active,525,0.017888426780700684,1.0
all,0.1700,wor-uniform,525,0.019721150398254395,1.0
all,0.1700,wor-active,526,0.017181098461151123,1.0
all,0.1700,wor-uniform,526,0.020048856735229492,1.0
all,0.1700,wor-active,527,0.018120110034942627,0.0
all,0.1700,wor-uniform,527,0.01931290328502655,1.0
all,0.1700,wor-active,528,0.018100321292877197,1.0
all,0.1700,wor-uniform,528,0.01962198317050934,1.0
all,0.1700,wor-active,529,0.017551064491271973,1.0
all,0.1700,wor-uniform,529,0.01955568790435791,1.0
all,0.1700,wor-active,530,0.017070233821868896,1.0
all,0.1700,wor-uniform,530,0.01979929208755493,1.0
all,0.1700,wor-active,531,0.016443371772766113,1.0
all,0.1700,wor-uniform,531,0.019313976168632507,1.0
all,0.1700,wor-active,532,0.01745462417602539,1.0
all,0.1700,wor-uniform,532,0.020031094551086426,1.0
all,0.1700,wor-active,533,0.01692420244216919,1.0
all,0.1700,wor-uniform,533,0.02006065845489502,1.0
all,0.1700,wor-active,534,0.018086254596710205,0.0
all,0.1700,wor-uniform,534,0.020122647285461426,1.0
all,0.1700,wor-active,535,0.016945064067840576,1.0
all,0.1700,wor-uniform,535,0.02057206630706787,1.0
all,0.1700,wor-active,536,0.01763904094696045,1.0
all,0.1700,wor-uniform,536,0.02032114565372467,1.0
all,0.1700,wor-active,537,0.018174052238464355,1.0
all,0.1700,wor-uniform,537,0.019910559058189392,0.0
all,0.1700,wor-active,538,0.017421916127204895,1.0
all,0.1700,wor-uniform,538,0.01932646334171295,1.0
all,0.1700,wor-active,539,0.017176374793052673,1.0
all,0.1700,wor-uniform,539,0.01967829465866089,1.0
all,0.1700,wor-active,540,0.01691758632659912,0.0
all,0.1700,wor-uniform,540,0.019592583179473877,1.0
all,0.1700,wor-active,541,0.017960727214813232,1.0
all,0.1700,wor-uniform,541,0.019723892211914062,1.0
all,0.1700,wor-active,542,0.017543256282806396,1.0
all,0.1700,wor-uniform,542,0.01985485851764679,1.0
all,0.1700,wor-active,543,0.01839536428451538,1.0
all,0.1700,wor-uniform,543,0.019902899861335754,1.0
all,0.1700,wor-active,544,0.017543315887451172,1.0
all,0.1700,wor-uniform,544,0.02037590742111206,1.0
all,0.1700,wor-active,545,0.016595065593719482,1.0
all,0.1700,wor-uniform,545,0.01997131109237671,1.0
all,0.1700,wor-active,546,0.01719355583190918,1.0
all,0.1700,wor-uniform,546,0.02050398290157318,1.0
all,0.1700,wor-active,547,0.016903266310691833,1.0
all,0.1700,wor-uniform,547,0.019993841648101807,1.0
all,0.1700,wor-active,548,0.016999363899230957,1.0
all,0.1700,wor-uniform,548,0.019579648971557617,1.0
all,0.1700,wor-active,549,0.01646430790424347,1.0
all,0.1700,wor-uniform,549,0.020163893699645996,1.0
all,0.1700,wor-active,550,0.01846456527709961,1.0
all,0.1700,wor-uniform,550,0.020036324858665466,1.0
all,0.1700,wor-active,551,0.016499266028404236,1.0
all,0.1700,wor-uniform,551,0.019900262355804443,1.0
all,0.1700,wor-active,552,0.017170071601867676,1.0
all,0.1700,wor-uniform,552,0.01969325542449951,1.0
all,0.1700,wor-active,553,0.018283963203430176,1.0
all,0.1700,wor-uniform,553,0.01943230628967285,1.0
all,0.1700,wor-active,554,0.0189325213432312,0.0
all,0.1700,wor-uniform,554,0.019820809364318848,1.0
all,0.1700,wor-active,555,0.018581390380859375,1.0
all,0.1700,wor-uniform,555,0.019831284880638123,1.0
all,0.1700,wor-active,556,0.018061161041259766,1.0
all,0.1700,wor-uniform,556,0.01985543966293335,1.0
all,0.1700,wor-active,557,0.01743781566619873,1.0
all,0.1700,wor-uniform,557,0.020324483513832092,1.0
all,0.1700,wor-active,558,0.016523972153663635,1.0
all,0.1700,wor-uniform,558,0.019769728183746338,1.0
all,0.1700,wor-active,559,0.017288193106651306,1.0
all,0.1700,wor-uniform,559,0.01978832483291626,1.0
all,0.1700,wor-active,560,0.01843804121017456,1.0
all,0.1700,wor-uniform,560,0.019767343997955322,1.0
all,0.1700,wor-active,561,0.01733553409576416,1.0
all,0.1700,wor-uniform,561,0.019029870629310608,1.0
all,0.1700,wor-active,562,0.017253026366233826,1.0
all,0.1700,wor-uniform,562,0.01997019350528717,1.0
all,0.1700,wor-active,563,0.017424151301383972,1.0
all,0.1700,wor-uniform,563,0.019436419010162354,1.0
all,0.1700,wor-active,564,0.01713782548904419,1.0
all,0.1700,wor-uniform,564,0.019495680928230286,1.0
all,0.1700,wor-active,565,0.01743781566619873,1.0
all,0.1700,wor-uniform,565,0.01915942132472992,1.0
all,0.1700,wor-active,566,0.019763052463531494,0.0
all,0.1700,wor-uniform,566,0.019490644335746765,1.0
all,0.1700,wor-active,567,0.016478240489959717,1.0
all,0.1700,wor-uniform,567,0.020164430141448975,1.0
all,0.1700,wor-active,568,0.015900135040283203,1.0
all,0.1700,wor-uniform,568,0.019425630569458008,1.0
all,0.1700,wor-active,569,0.01778101921081543,1.0
all,0.1700,wor-uniform,569,0.01933157444000244,1.0
all,0.1700,wor-active,570,0.017157182097434998,1.0
all,0.1700,wor-uniform,570,0.020380377769470215,1.0
all,0.1700,wor-active,571,0.01789337396621704,1.0
all,0.1700,wor-uniform,571,0.019209444522857666,1.0
all,0.1700,wor-active,572,0.017721235752105713,0.0
all,0.1700,wor-uniform,572,0.020154297351837158,1.0
all,0.1700,wor-active,573,0.017579853534698486,1.0
all,0.1700,wor-uniform,573,0.020072877407073975,1.0
all,0.1700,wor-active,574,0.01733100414276123,1.0
all,0.1700,wor-uniform,574,0.020346760749816895,1.0
all,0.1700,wor-active,575,0.017101064324378967,1.0
all,0.1700,wor-uniform,575,0.02005775272846222,1.0
all,0.1700,wor-active,576,0.01828104257583618,1.0
all,0.1700,wor-uniform,576,0.020210444927215576,1.0
all,0.1700,wor-active,577,0.018134281039237976,1.0
all,0.1700,wor-uniform,577,0.02014690637588501,1.0
all,0.1700,wor-active,578,0.01842474937438965,1.0
all,0.1700,wor-uniform,578,0.020425453782081604,1.0
all,0.1700,wor-active,579,0.01714348793029785,1.0
all,0.1700,wor-uniform,579,0.01949232816696167,1.0
all,0.1700,wor-active,580,0.01574808359146118,1.0
all,0.1700,wor-uniform,580,0.018973588943481445,1.0
all,0.1700,wor-active,581,0.01752619445323944,1.0
all,0.1700,wor-uniform,581,0.019627273082733154,1.0
all,0.1700,wor-active,582,0.017561256885528564,1.0
all,0.1700,wor-uniform,582,0.019360005855560303,1.0
all,0.1700,wor-active,583,0.01915872097015381,0.0
all,0.1700,wor-uniform,583,0.020187973976135254,1.0
all,0.1700,wor-active,584,0.01736164093017578,1.0
all,0.1700,wor-uniform,584,0.01890791952610016,1.0
all,0.1700,wor-active,585,0.0176466703414917,1.0
all,0.1700,wor-uniform,585,0.01934713125228882,1.0
all,0.1700,wor-active,586,0.017242714762687683,1.0
all,0.1700,wor-uniform,586,0.01980459690093994,1.0
all,0.1700,wor-active,587,0.018506288528442383,1.0
all,0.1700,wor-uniform,587,0.02007424831390381,1.0
all,0.1700,wor-active,588,0.018144428730010986,1.0
all,0.1700,wor-uniform,588,0.020359039306640625,1.0
all,0.1700,wor-active,589,0.017589807510375977,1.0
all,0.1700,wor-uniform,589,0.019596636295318604,1.0
all,0.1700,wor-active,590,0.01800858974456787,0.0
all,0.1700,wor-uniform,590,0.020337462425231934,1.0
all,0.1700,wor-active,591,0.01794809103012085,1.0
all,0.1700,wor-uniform,591,0.01991128921508789,1.0
all,0.1700,wor-active,592,0.017203688621520996,1.0
all,0.1700,wor-uniform,592,0.019220992922782898,0.0
all,0.1700,wor-active,593,0.017809629440307617,1.0
all,0.1700,wor-uniform,593,0.020150065422058105,1.0
all,0.1700,wor-active,594,0.017336130142211914,1.0
all,0.1700,wor-uniform,594,0.020036637783050537,1.0
all,0.1700,wor-active,595,0.017516672611236572,1.0
all,0.1700,wor-uniform,595,0.020179271697998047,1.0
all,0.1700,wor-active,596,0.018112123012542725,1.0
all,0.1700,wor-uniform,596,0.01939481496810913,1.0
all,0.1700,wor-active,597,0.016465172171592712,1.0
all,0.1700,wor-uniform,597,0.02011936902999878,1.0
all,0.1700,wor-active,598,0.01800537109375,1.0
all,0.1700,wor-uniform,598,0.020060241222381592,1.0
all,0.1700,wor-active,599,0.017267465591430664,1.0
all,0.1700,wor-uniform,599,0.019609510898590088,1.0
all,0.1700,wor-active,600,0.018571972846984863,1.0
all,0.1700,wor-uniform,600,0.01982121169567108,1.0
all,0.1700,wor-active,601,0.017140448093414307,1.0
all,0.1700,wor-uniform,601,0.02047628164291382,1.0
all,0.1700,wor-active,602,0.016380682587623596,1.0
all,0.1700,wor-uniform,602,0.01933431625366211,1.0
all,0.1700,wor-active,603,0.017426609992980957,1.0
all,0.1700,wor-uniform,603,0.020004168152809143,1.0
all,0.1700,wor-active,604,0.017347991466522217,1.0
all,0.1700,wor-uniform,604,0.01969820261001587,1.0
all,0.1700,wor-active,605,0.01610875129699707,1.0
all,0.1700,wor-uniform,605,0.02007526159286499,1.0
all,0.1700,wor-active,606,0.017466843128204346,1.0
all,0.1700,wor-uniform,606,0.020284101366996765,1.0
all,0.1700,wor-active,607,0.017321765422821045,1.0
all,0.1700,wor-uniform,607,0.019598647952079773,1.0
all,0.1700,wor-active,608,0.01654757559299469,1.0
all,0.1700,wor-uniform,608,0.01953047513961792,1.0
all,0.1700,wor-active,609,0.016390517354011536,1.0
all,0.1700,wor-uniform,609,0.019595563411712646,1.0
all,0.1700,wor-active,610,0.0159761905670166,0.0
all,0.1700,wor-uniform,610,0.02013695240020752,1.0
all,0.1700,wor-active,611,0.017379939556121826,1.0
all,0.1700,wor-uniform,611,0.01949840784072876,1.0
all,0.1700,wor-active,612,0.019279897212982178,1.0
all,0.1700,wor-uniform,612,0.020902574062347412,1.0
all,0.1700,wor-active,613,0.01685279607772827,1.0
all,0.1700,wor-uniform,613,0.019534945487976074,1.0
all,0.1700,wor-active,614,0.017611339688301086,1.0
all,0.1700,wor-uniform,614,0.019677937030792236,1.0
all,0.1700,wor-active,615,0.01789359748363495,1.0
all,0.1700,wor-uniform,615,0.019574403762817383,1.0
all,0.1700,wor-active,616,0.01740868389606476,1.0
all,0.1700,wor-uniform,616,0.020119071006774902,1.0
all,0.1700,wor-active,617,0.01648610830307007,1.0
all,0.1700,wor-uniform,617,0.019388139247894287,1.0
all,0.1700,wor-active,618,0.017956078052520752,1.0
all,0.1700,wor-uniform,618,0.020410001277923584,1.0
all,0.1700,wor-active,619,0.016663148999214172,1.0
all,0.1700,wor-uniform,619,0.01943846046924591,1.0
all,0.1700,wor-active,620,0.016199707984924316,1.0
all,0.1700,wor-uniform,620,0.020407795906066895,1.0
all,0.1700,wor-active,621,0.01750706136226654,1.0
all,0.1700,wor-uniform,621,0.019975975155830383,1.0
all,0.1700,wor-active,622,0.01734030246734619,1.0
all,0.1700,wor-uniform,622,0.02013714611530304,1.0
all,0.1700,wor-active,623,0.016666531562805176,1.0
all,0.1700,wor-uniform,623,0.020176172256469727,1.0
all,0.1700,wor-active,624,0.01812189817428589,1.0
all,0.1700,wor-uniform,624,0.01971299946308136,1.0
all,0.1700,wor-active,625,0.017519116401672363,1.0
all,0.1700,wor-uniform,625,0.019330278038978577,0.0
all,0.1700,wor-active,626,0.01742851734161377,1.0
all,0.1700,wor-uniform,626,0.01996225118637085,1.0
all,0.1700,wor-active,627,0.01775294542312622,1.0
all,0.1700,wor-uniform,627,0.019523561000823975,1.0
all,0.1700,wor-active,628,0.01812112331390381,1.0
all,0.1700,wor-uniform,628,0.019225120544433594,1.0
all,0.1700,wor-active,629,0.017319023609161377,0.0
all,0.1700,wor-uniform,629,0.019571974873542786,1.0
all,0.1700,wor-active,630,0.01712411642074585,1.0
all,0.1700,wor-uniform,630,0.019541382789611816,1.0
all,0.1700,wor-active,631,0.015792563557624817,1.0
all,0.1700,wor-uniform,631,0.01960933208465576,1.0
all,0.1700,wor-active,632,0.017893433570861816,1.0
all,0.1700,wor-uniform,632,0.019835233688354492,1.0
all,0.1700,wor-active,633,0.016737163066864014,1.0
all,0.1700,wor-uniform,633,0.019575774669647217,1.0
all,0.1700,wor-active,634,0.016777098178863525,1.0
all,0.1700,wor-uniform,634,0.019616827368736267,1.0
all,0.1700,wor-active,635,0.017493486404418945,1.0
all,0.1700,wor-uniform,635,0.020078793168067932,1.0
all,0.1700,wor-active,636,0.019179224967956543,1.0
all,0.1700,wor-uniform,636,0.01900799572467804,0.0
all,0.1700,wor-active,637,0.016121089458465576,1.0
all,0.1700,wor-uniform,637,0.020510315895080566,1.0
all,0.1700,wor-active,638,0.016607940196990967,1.0
all,0.1700,wor-uniform,638,0.0203629732131958,1.0
all,0.1700,wor-active,639,0.016878783702850342,1.0
all,0.1700,wor-uniform,639,0.019730091094970703,1.0
all,0.1700,wor-active,640,0.01734262704849243,1.0
all,0.1700,wor-uniform,640,0.019982516765594482,1.0
all,0.1700,wor-active,641,0.017743945121765137,1.0
all,0.1700,wor-uniform,641,0.020032048225402832,1.0
all,0.1700,wor-active,642,0.016967594623565674,1.0
all,0.1700,wor-uniform,642,0.019848942756652832,1.0
all,0.1700,wor-active,643,0.017848670482635498,1.0
all,0.1700,wor-uniform,643,0.01896536350250244,1.0
all,0.1700,wor-active,644,0.018087327480316162,1.0
all,0.1700,wor-uniform,644,0.02032458782196045,1.0
all,0.1700,wor-active,645,0.01697331666946411,1.0
all,0.1700,wor-uniform,645,0.020165979862213135,1.0
all,0.1700,wor-active,646,0.017421185970306396,1.0
all,0.1700,wor-uniform,646,0.019899487495422363,1.0
all,0.1700,wor-active,647,0.01915639638900757,1.0
all,0.1700,wor-uniform,647,0.019942641258239746,1.0
all,0.1700,wor-active,648,0.018453121185302734,0.0
all,0.1700,wor-uniform,648,0.019626080989837646,1.0
all,0.1700,wor-active,649,0.018137335777282715,1.0
all,0.1700,wor-uniform,649,0.019730567932128906,1.0
all,0.1700,wor-active,650,0.01783353090286255,1.0
all,0.1700,wor-uniform,650,0.019522428512573242,1.0
all,0.1700,wor-active,651,0.017325758934020996,1.0
all,0.1700,wor-uniform,651,0.020198464393615723,1.0
all,0.1700,wor-active,652,0.017287373542785645,1.0
all,0.1700,wor-uniform,652,0.01924090087413788,1.0
all,0.1700,wor-active,653,0.017535865306854248,1.0
all,0.1700,wor-uniform,653,0.019541606307029724,1.0
all,0.1700,wor-active,654,0.01714223623275757,1.0
all,0.1700,wor-uniform,654,0.01963771879673004,1.0
all,0.1700,wor-active,655,0.017668768763542175,1.0
all,0.1700,wor-uniform,655,0.01993405818939209,1.0
all,0.1700,wor-active,656,0.01744168996810913,1.0
all,0.1700,wor-uniform,656,0.0199967622756958,1.0
all,0.1700,wor-active,657,0.017609775066375732,1.0
all,0.1700,wor-uniform,657,0.02005910873413086,0.0
all,0.1700,wor-active,658,0.018471181392669678,1.0
all,0.1700,wor-uniform,658,0.019048616290092468,1.0
all,0.1700,wor-active,659,0.017964541912078857,1.0
all,0.1700,wor-uniform,659,0.020150601863861084,1.0
all,0.1700,wor-active,660,0.017111361026763916,1.0
all,0.1700,wor-uniform,660,0.02013033628463745,1.0
all,0.1700,wor-active,661,0.016095995903015137,1.0
all,0.1700,wor-uniform,661,0.01953279972076416,1.0
all,0.1700,wor-active,662,0.01732701063156128,1.0
all,0.1700,wor-uniform,662,0.019517481327056885,1.0
all,0.1700,wor-active,663,0.016560673713684082,1.0
all,0.1700,wor-uniform,663,0.019708141684532166,1.0
all,0.1700,wor-active,664,0.01664721965789795,1.0
all,0.1700,wor-uniform,664,0.02026975154876709,0.0
all,0.1700,wor-active,665,0.017417430877685547,1.0
all,0.1700,wor-uniform,665,0.02030526101589203,1.0
all,0.1800,wor-active,333,0.016633808612823486,1.0
all,0.1800,wor-uniform,333,0.019241929054260254,1.0
all,0.1800,wor-active,334,0.01721322536468506,1.0
all,0.1800,wor-uniform,334,0.018822237849235535,1.0
all,0.1800,wor-active,335,0.016747117042541504,1.0
all,0.1800,wor-uniform,335,0.018480271100997925,0.0
all,0.1800,wor-active,336,0.0175551176071167,1.0
all,0.1800,wor-uniform,336,0.01955634355545044,1.0
all,0.1800,wor-active,337,0.017398297786712646,1.0
all,0.1800,wor-uniform,337,0.019261181354522705,1.0
all,0.1800,wor-active,338,0.017360031604766846,1.0
all,0.1800,wor-uniform,338,0.01914525032043457,1.0
all,0.1800,wor-active,339,0.01729583740234375,1.0
all,0.1800,wor-uniform,339,0.01970040798187256,1.0
all,0.1800,wor-active,340,0.01753389835357666,1.0
all,0.1800,wor-uniform,340,0.019558370113372803,1.0
all,0.1800,wor-active,341,0.01799929141998291,1.0
all,0.1800,wor-uniform,341,0.019273102283477783,1.0
all,0.1800,wor-active,342,0.017055928707122803,1.0
all,0.1800,wor-uniform,342,0.01856696605682373,1.0
all,0.1800,wor-active,343,0.016973674297332764,1.0
all,0.1800,wor-uniform,343,0.018715977668762207,1.0
all,0.1800,wor-active,344,0.01607877016067505,1.0
all,0.1800,wor-uniform,344,0.0193416029214859,1.0
all,0.1800,wor-active,345,0.017397820949554443,1.0
all,0.1800,wor-uniform,345,0.019000887870788574,1.0
all,0.1800,wor-active,346,0.017807722091674805,0.0
all,0.1800,wor-uniform,346,0.018377482891082764,0.0
all,0.1800,wor-active,347,0.017610713839530945,1.0
all,0.1800,wor-uniform,347,0.01889924705028534,1.0
all,0.1800,wor-active,348,0.017120644450187683,1.0
all,0.1800,wor-uniform,348,0.0184747576713562,1.0
all,0.1800,wor-active,349,0.016184568405151367,1.0
all,0.1800,wor-uniform,349,0.018807485699653625,1.0
all,0.1800,wor-active,350,0.016977325081825256,1.0
all,0.1800,wor-uniform,350,0.01938682794570923,0.0
all,0.1800,wor-active,351,0.016892969608306885,1.0
all,0.1800,wor-uniform,351,0.01967144012451172,1.0
all,0.1800,wor-active,352,0.016955018043518066,1.0
all,0.1800,wor-uniform,352,0.019691765308380127,1.0
all,0.1800,wor-active,353,0.01624453067779541,1.0
all,0.1800,wor-uniform,353,0.019287705421447754,1.0
all,0.1800,wor-active,354,0.017968177795410156,1.0
all,0.1800,wor-uniform,354,0.01901434361934662,1.0
all,0.1800,wor-active,355,0.016726255416870117,1.0
all,0.1800,wor-uniform,355,0.01899588108062744,1.0
all,0.1800,wor-active,356,0.01603299379348755,1.0
all,0.1800,wor-uniform,356,0.019068434834480286,1.0
all,0.1800,wor-active,357,0.017685413360595703,1.0
all,0.1800,wor-uniform,357,0.019417524337768555,1.0
all,0.1800,wor-active,358,0.01682180166244507,1.0
all,0.1800,wor-uniform,358,0.018903255462646484,1.0
all,0.1800,wor-active,359,0.01702338457107544,1.0
all,0.1800,wor-uniform,359,0.019043803215026855,1.0
all,0.1800,wor-active,360,0.016522586345672607,1.0
all,0.1800,wor-uniform,360,0.01895451545715332,1.0
all,0.1800,wor-active,361,0.015788137912750244,1.0
all,0.1800,wor-uniform,361,0.019521772861480713,1.0
all,0.1800,wor-active,362,0.016246914863586426,1.0
all,0.1800,wor-uniform,362,0.01857014000415802,1.0
all,0.1800,wor-active,363,0.016527235507965088,1.0
all,0.1800,wor-uniform,363,0.019014358520507812,1.0
all,0.1800,wor-active,364,0.01575368642807007,1.0
all,0.1800,wor-uniform,364,0.019191324710845947,1.0
all,0.1800,wor-active,365,0.01738739013671875,1.0
all,0.1800,wor-uniform,365,0.019253015518188477,1.0
all,0.1800,wor-active,366,0.015874281525611877,1.0
all,0.1800,wor-uniform,366,0.019099771976470947,1.0
all,0.1800,wor-active,367,0.016818642616271973,1.0
all,0.1800,wor-uniform,367,0.0187065452337265,1.0
all,0.1800,wor-active,368,0.016932547092437744,1.0
all,0.1800,wor-uniform,368,0.019011199474334717,1.0
all,0.1800,wor-active,369,0.01697486639022827,1.0
all,0.1800,wor-uniform,369,0.01933211088180542,1.0
all,0.1800,wor-active,370,0.01631610095500946,1.0
all,0.1800,wor-uniform,370,0.018830597400665283,1.0
all,0.1800,wor-active,371,0.01664574444293976,1.0
all,0.1800,wor-uniform,371,0.019269168376922607,1.0
all,0.1800,wor-active,372,0.01688086986541748,1.0
all,0.1800,wor-uniform,372,0.01913188397884369,1.0
all,0.1800,wor-active,373,0.016662418842315674,1.0
all,0.1800,wor-uniform,373,0.01978236436843872,1.0
all,0.1800,wor-active,374,0.01655679941177368,1.0
all,0.1800,wor-uniform,374,0.018874406814575195,1.0
all,0.1800,wor-active,375,0.017445147037506104,1.0
all,0.1800,wor-uniform,375,0.01923924684524536,1.0
all,0.1800,wor-active,376,0.017957866191864014,1.0
all,0.1800,wor-uniform,376,0.01932734251022339,1.0
all,0.1800,wor-active,377,0.017425477504730225,1.0
all,0.1800,wor-uniform,377,0.01867358386516571,1.0
all,0.1800,wor-active,378,0.01710289716720581,1.0
all,0.1800,wor-uniform,378,0.01937580108642578,1.0
all,0.1800,wor-active,379,0.017354920506477356,1.0
all,0.1800,wor-uniform,379,0.019564568996429443,1.0
all,0.1800,wor-active,380,0.016922414302825928,1.0
all,0.1800,wor-uniform,380,0.019857168197631836,1.0
all,0.1800,wor-active,381,0.015809953212738037,1.0
all,0.1800,wor-uniform,381,0.01937234401702881,1.0
all,0.1800,wor-active,382,0.017590045928955078,1.0
all,0.1800,wor-uniform,382,0.018234074115753174,1.0
all,0.1800,wor-active,383,0.016934692859649658,1.0
all,0.1800,wor-uniform,383,0.018863335251808167,1.0
all,0.1800,wor-active,384,0.01658688485622406,1.0
all,0.1800,wor-uniform,384,0.01891183853149414,1.0
all,0.1800,wor-active,385,0.016402781009674072,1.0
all,0.1800,wor-uniform,385,0.019069358706474304,1.0
all,0.1800,wor-active,386,0.016591131687164307,1.0
all,0.1800,wor-uniform,386,0.019240081310272217,1.0
all,0.1800,wor-active,387,0.015942111611366272,1.0
all,0.1800,wor-uniform,387,0.018974855542182922,1.0
all,0.1800,wor-active,388,0.01677340269088745,1.0
all,0.1800,wor-uniform,388,0.018906116485595703,1.0
all,0.1800,wor-active,389,0.01721791923046112,1.0
all,0.1800,wor-uniform,389,0.01958078145980835,1.0
all,0.1800,wor-active,390,0.017442643642425537,1.0
all,0.1800,wor-uniform,390,0.018331825733184814,1.0
all,0.1800,wor-active,391,0.017030715942382812,1.0
all,0.1800,wor-uniform,391,0.018900275230407715,1.0
all,0.1800,wor-active,392,0.016773149371147156,1.0
all,0.1800,wor-uniform,392,0.019563257694244385,1.0
all,0.1800,wor-active,393,0.016886889934539795,1.0
all,0.1800,wor-uniform,393,0.01891791820526123,1.0
all,0.1800,wor-active,394,0.01725107431411743,1.0
all,0.1800,wor-uniform,394,0.01935654878616333,1.0
all,0.1800,wor-active,395,0.017838358879089355,0.0
all,0.1800,wor-uniform,395,0.018973588943481445,1.0
all,0.1800,wor-active,396,0.01590210199356079,1.0
all,0.1800,wor-uniform,396,0.018481314182281494,1.0
all,0.1800,wor-active,397,0.0174560546875,1.0
all,0.1800,wor-uniform,397,0.019553139805793762,1.0
all,0.1800,wor-active,398,0.01730881631374359,1.0
all,0.1800,wor-uniform,398,0.019138216972351074,1.0
all,0.1800,wor-active,399,0.018098771572113037,1.0
all,0.1800,wor-uniform,399,0.019950568675994873,1.0
all,0.1800,wor-active,400,0.016500353813171387,1.0
all,0.1800,wor-uniform,400,0.0191614031791687,1.0
all,0.1800,wor-active,401,0.017131567001342773,1.0
all,0.1800,wor-uniform,401,0.019043028354644775,1.0
all,0.1800,wor-active,402,0.016828715801239014,1.0
all,0.1800,wor-uniform,402,0.018803581595420837,1.0
all,0.1800,wor-active,403,0.017397582530975342,1.0
all,0.1800,wor-uniform,403,0.01920275390148163,1.0
all,0.1800,wor-active,404,0.01740194857120514,1.0
all,0.1800,wor-uniform,404,0.01881815493106842,1.0
all,0.1800,wor-active,405,0.01650691032409668,1.0
all,0.1800,wor-uniform,405,0.01842808723449707,1.0
all,0.1800,wor-active,406,0.01695460081100464,1.0
all,0.1800,wor-uniform,406,0.01848970353603363,0.0
all,0.1800,wor-active,407,0.016862154006958008,1.0
all,0.1800,wor-uniform,407,0.019314467906951904,1.0
all,0.1800,wor-active,408,0.016630113124847412,1.0
all,0.1800,wor-uniform,408,0.01920117437839508,1.0
all,0.1800,wor-active,409,0.01702880859375,1.0
all,0.1800,wor-uniform,409,0.019453421235084534,1.0
all,0.1800,wor-active,410,0.01667851209640503,1.0
all,0.1800,wor-uniform,410,0.018845081329345703,1.0
all,0.1800,wor-active,411,0.017375096678733826,1.0
all,0.1800,wor-uniform,411,0.018383294343948364,0.0
all,0.1800,wor-active,412,0.016672730445861816,1.0
all,0.1800,wor-uniform,412,0.01915597915649414,1.0
all,0.1800,wor-active,413,0.01613856852054596,1.0
all,0.1800,wor-uniform,413,0.01922011375427246,1.0
all,0.1800,wor-active,414,0.01688319444656372,1.0
all,0.1800,wor-uniform,414,0.019391655921936035,1.0
all,0.1800,wor-active,415,0.016689717769622803,1.0
all,0.1800,wor-uniform,415,0.01989912986755371,1.0
all,0.1800,wor-active,416,0.01732492446899414,1.0
all,0.1800,wor-uniform,416,0.018473640084266663,1.0
all,0.1800,wor-active,417,0.016624808311462402,1.0
all,0.1800,wor-uniform,417,0.01949632167816162,1.0
all,0.1800,wor-active,418,0.017159759998321533,1.0
all,0.1800,wor-uniform,418,0.01907193660736084,1.0
all,0.1800,wor-active,419,0.017233431339263916,1.0
all,0.1800,wor-uniform,419,0.019099161028862,1.0
all,0.1800,wor-active,420,0.01664765179157257,1.0
all,0.1800,wor-uniform,420,0.01905345916748047,1.0
all,0.1800,wor-active,421,0.017653286457061768,1.0
all,0.1800,wor-uniform,421,0.019993841648101807,1.0
all,0.1800,wor-active,422,0.01689469814300537,1.0
all,0.1800,wor-uniform,422,0.019152164459228516,1.0
all,0.1800,wor-active,423,0.01665206253528595,1.0
all,0.1800,wor-uniform,423,0.01898282766342163,1.0
all,0.1800,wor-active,424,0.016788482666015625,1.0
all,0.1800,wor-uniform,424,0.01935417950153351,1.0
all,0.1800,wor-active,425,0.016590595245361328,1.0
all,0.1800,wor-uniform,425,0.019126534461975098,1.0
all,0.1800,wor-active,426,0.015915632247924805,1.0
all,0.1800,wor-uniform,426,0.019834697246551514,1.0
all,0.1800,wor-active,427,0.016781210899353027,1.0
all,0.1800,wor-uniform,427,0.018640533089637756,1.0
all,0.1800,wor-active,428,0.017405688762664795,1.0
all,0.1800,wor-uniform,428,0.018615543842315674,1.0
all,0.1800,wor-active,429,0.01751500368118286,1.0
all,0.1800,wor-uniform,429,0.019139379262924194,0.0
all,0.1800,wor-active,430,0.016942620277404785,1.0
all,0.1800,wor-uniform,430,0.019361436367034912,1.0
all,0.1800,wor-active,431,0.01748967170715332,1.0
all,0.1800,wor-uniform,431,0.01943260431289673,1.0
all,0.1800,wor-active,432,0.015922725200653076,1.0
all,0.1800,wor-uniform,432,0.019573211669921875,1.0
all,0.1800,wor-active,433,0.016858085989952087,1.0
all,0.1800,wor-uniform,433,0.019684195518493652,1.0
all,0.1800,wor-active,434,0.016093969345092773,1.0
all,0.1800,wor-uniform,434,0.019114255905151367,1.0
all,0.1800,wor-active,435,0.017587125301361084,1.0
all,0.1800,wor-uniform,435,0.019408106803894043,1.0
all,0.1800,wor-active,436,0.016425371170043945,1.0
all,0.1800,wor-uniform,436,0.019604384899139404,1.0
all,0.1800,wor-active,437,0.017187654972076416,1.0
all,0.1800,wor-uniform,437,0.01873736083507538,1.0
all,0.1800,wor-active,438,0.0178910493850708,1.0
all,0.1800,wor-uniform,438,0.019237041473388672,1.0
all,0.1800,wor-active,439,0.016415953636169434,1.0
all,0.1800,wor-uniform,439,0.018828153610229492,1.0
all,0.1800,wor-active,440,0.015477165579795837,1.0
all,0.1800,wor-uniform,440,0.01899021863937378,1.0
all,0.1800,wor-active,441,0.016450241208076477,1.0
all,0.1800,wor-uniform,441,0.018988952040672302,1.0
all,0.1800,wor-active,442,0.01675647497177124,1.0
all,0.1800,wor-uniform,442,0.018976151943206787,1.0
all,0.1800,wor-active,443,0.016638994216918945,1.0
all,0.1800,wor-uniform,443,0.019538044929504395,1.0
all,0.1800,wor-active,444,0.016131103038787842,1.0
all,0.1800,wor-uniform,444,0.019328713417053223,1.0
all,0.1800,wor-active,445,0.017000436782836914,1.0
all,0.1800,wor-uniform,445,0.019445478916168213,1.0
all,0.1800,wor-active,446,0.016095057129859924,1.0
all,0.1800,wor-uniform,446,0.019132673740386963,1.0
all,0.1800,wor-active,447,0.015905261039733887,1.0
all,0.1800,wor-uniform,447,0.01905357837677002,1.0
all,0.1800,wor-active,448,0.01649230718612671,1.0
all,0.1800,wor-uniform,448,0.019023239612579346,1.0
all,0.1800,wor-active,449,0.017555594444274902,1.0
all,0.1800,wor-uniform,449,0.019354820251464844,1.0
all,0.1800,wor-active,450,0.01668393611907959,1.0
all,0.1800,wor-uniform,450,0.019273102283477783,1.0
all,0.1800,wor-active,451,0.01721423864364624,1.0
all,0.1800,wor-uniform,451,0.019295990467071533,1.0
all,0.1800,wor-active,452,0.017437398433685303,1.0
all,0.1800,wor-uniform,452,0.019454896450042725,1.0
all,0.1800,wor-active,453,0.016751274466514587,1.0
all,0.1800,wor-uniform,453,0.0191037654876709,1.0
all,0.1800,wor-active,454,0.017379701137542725,0.0
all,0.1800,wor-uniform,454,0.018967941403388977,1.0
all,0.1800,wor-active,455,0.01639723777770996,1.0
all,0.1800,wor-uniform,455,0.0193365216255188,0.0
all,0.1800,wor-active,456,0.01734226942062378,1.0
all,0.1800,wor-uniform,456,0.01863931119441986,0.0
all,0.1800,wor-active,457,0.016837477684020996,1.0
all,0.1800,wor-uniform,457,0.01859372854232788,1.0
all,0.1800,wor-active,458,0.016760721802711487,1.0
all,0.1800,wor-uniform,458,0.020038604736328125,1.0
all,0.1800,wor-active,459,0.01761537790298462,1.0
all,0.1800,wor-uniform,459,0.018963053822517395,1.0
all,0.1800,wor-active,460,0.016802847385406494,1.0
all,0.1800,wor-uniform,460,0.019146308302879333,1.0
all,0.1800,wor-active,461,0.016369715332984924,0.0
all,0.1800,wor-uniform,461,0.01890110969543457,1.0
all,0.1800,wor-active,462,0.01760256290435791,1.0
all,0.1800,wor-uniform,462,0.019181489944458008,1.0
all,0.1800,wor-active,463,0.01733773946762085,1.0
all,0.1800,wor-uniform,463,0.019569575786590576,1.0
all,0.1800,wor-active,464,0.016690373420715332,1.0
all,0.1800,wor-uniform,464,0.018806949257850647,1.0
all,0.1800,wor-active,465,0.01675291359424591,1.0
all,0.1800,wor-uniform,465,0.019467294216156006,1.0
all,0.1800,wor-active,466,0.017395973205566406,1.0
all,0.1800,wor-uniform,466,0.01967090368270874,1.0
all,0.1800,wor-active,467,0.01692068576812744,1.0
all,0.1800,wor-uniform,467,0.019394636154174805,1.0
all,0.1800,wor-active,468,0.016945287585258484,1.0
all,0.1800,wor-uniform,468,0.018280506134033203,1.0
all,0.1800,wor-active,469,0.016380608081817627,1.0
all,0.1800,wor-uniform,469,0.019549131393432617,1.0
all,0.1800,wor-active,470,0.0160672664642334,1.0
all,0.1800,wor-uniform,470,0.018910706043243408,1.0
all,0.1800,wor-active,471,0.017182648181915283,0.0
all,0.1800,wor-uniform,471,0.019350290298461914,1.0
all,0.1800,wor-active,472,0.017121851444244385,1.0
all,0.1800,wor-uniform,472,0.019796907901763916,1.0
all,0.1800,wor-active,473,0.017200469970703125,1.0
all,0.1800,wor-uniform,473,0.019313648343086243,1.0
all,0.1800,wor-active,474,0.01715165376663208,1.0
all,0.1800,wor-uniform,474,0.018863439559936523,1.0
all,0.1800,wor-active,475,0.01636330783367157,1.0
all,0.1800,wor-uniform,475,0.01919567584991455,1.0
all,0.1800,wor-active,476,0.017694175243377686,1.0
all,0.1800,wor-uniform,476,0.0190088152885437,1.0
all,0.1800,wor-active,477,0.016764342784881592,1.0
all,0.1800,wor-uniform,477,0.019445672631263733,1.0
all,0.1800,wor-active,478,0.016535580158233643,1.0
all,0.1800,wor-uniform,478,0.019231632351875305,1.0
all,0.1800,wor-active,479,0.01657205820083618,0.0
all,0.1800,wor-uniform,479,0.01944197714328766,1.0
all,0.1800,wor-active,480,0.0171697735786438,1.0
all,0.1800,wor-uniform,480,0.019041672348976135,1.0
all,0.1800,wor-active,481,0.01675325632095337,1.0
all,0.1800,wor-uniform,481,0.01885509490966797,1.0
all,0.1800,wor-active,482,0.017309382557868958,1.0
all,0.1800,wor-uniform,482,0.01930677890777588,1.0
all,0.1800,wor-active,483,0.016314148902893066,1.0
all,0.1800,wor-uniform,483,0.018828928470611572,1.0
all,0.1800,wor-active,484,0.015942156314849854,1.0
all,0.1800,wor-uniform,484,0.019268393516540527,1.0
all,0.1800,wor-active,485,0.017326951026916504,1.0
all,0.1800,wor-uniform,485,0.019431352615356445,1.0
all,0.1800,wor-active,486,0.01635563373565674,1.0
all,0.1800,wor-uniform,486,0.019147634506225586,1.0
all,0.1800,wor-active,487,0.017604365944862366,1.0
all,0.1800,wor-uniform,487,0.019138991832733154,1.0
all,0.1800,wor-active,488,0.01745319366455078,0.0
all,0.1800,wor-uniform,488,0.019169926643371582,0.0
all,0.1800,wor-active,489,0.01706509292125702,1.0
all,0.1800,wor-uniform,489,0.019504249095916748,1.0
all,0.1800,wor-active,490,0.01757746934890747,1.0
all,0.1800,wor-uniform,490,0.019673332571983337,1.0
all,0.1800,wor-active,491,0.016750290989875793,1.0
all,0.1800,wor-uniform,491,0.018728896975517273,1.0
all,0.1800,wor-active,492,0.01648610830307007,1.0
all,0.1800,wor-uniform,492,0.019301369786262512,1.0
all,0.1800,wor-active,493,0.01718759536743164,1.0
all,0.1800,wor-uniform,493,0.019031524658203125,1.0
all,0.1800,wor-active,494,0.017635703086853027,1.0
all,0.1800,wor-uniform,494,0.019359856843948364,0.0
all,0.1800,wor-active,495,0.016574561595916748,1.0
all,0.1800,wor-uniform,495,0.018951773643493652,1.0
all,0.1800,wor-active,496,0.016852274537086487,1.0
all,0.1800,wor-uniform,496,0.019653677940368652,1.0
all,0.1800,wor-active,497,0.016680121421813965,1.0
all,0.1800,wor-uniform,497,0.01850201189517975,1.0
all,0.1800,wor-active,498,0.01755499839782715,1.0
all,0.1800,wor-uniform,498,0.01875661313533783,1.0
all,0.1800,wor-active,499,0.016931116580963135,1.0
all,0.1800,wor-uniform,499,0.019160866737365723,1.0
all,0.1800,wor-active,500,0.01577579975128174,1.0
all,0.1800,wor-uniform,500,0.019171401858329773,1.0
all,0.1800,wor-active,501,0.017343759536743164,1.0
all,0.1800,wor-uniform,501,0.019531965255737305,1.0
all,0.1800,wor-active,502,0.017070353031158447,1.0
all,0.1800,wor-uniform,502,0.018396958708763123,1.0
all,0.1800,wor-active,503,0.017054855823516846,1.0
all,0.1800,wor-uniform,503,0.019616365432739258,1.0
all,0.1800,wor-active,504,0.017077863216400146,1.0
all,0.1800,wor-uniform,504,0.01870739459991455,1.0
all,0.1800,wor-active,505,0.016911685466766357,1.0
all,0.1800,wor-uniform,505,0.018909871578216553,1.0
all,0.1800,wor-active,506,0.01702946424484253,1.0
all,0.1800,wor-uniform,506,0.01864105463027954,1.0
all,0.1800,wor-active,507,0.016264989972114563,1.0
all,0.1800,wor-uniform,507,0.0184822678565979,1.0
all,0.1800,wor-active,508,0.016715779900550842,1.0
all,0.1800,wor-uniform,508,0.019335448741912842,1.0
all,0.1800,wor-active,509,0.016803786158561707,1.0
all,0.1800,wor-uniform,509,0.019744470715522766,1.0
all,0.1800,wor-active,510,0.01751500368118286,1.0
all,0.1800,wor-uniform,510,0.018939554691314697,1.0
all,0.1800,wor-active,511,0.016565442085266113,1.0
all,0.1800,wor-uniform,511,0.01893766224384308,1.0
all,0.1800,wor-active,512,0.0175742506980896,1.0
all,0.1800,wor-uniform,512,0.019670486450195312,1.0
all,0.1800,wor-active,513,0.016801297664642334,1.0
all,0.1800,wor-uniform,513,0.019155994057655334,1.0
all,0.1800,wor-active,514,0.01705777645111084,1.0
all,0.1800,wor-uniform,514,0.019613802433013916,1.0
all,0.1800,wor-active,515,0.016418635845184326,1.0
all,0.1800,wor-uniform,515,0.019491255283355713,1.0
all,0.1800,wor-active,516,0.017154693603515625,1.0
all,0.1800,wor-uniform,516,0.01914423704147339,1.0
all,0.1800,wor-active,517,0.01732553541660309,1.0
all,0.1800,wor-uniform,517,0.019057512283325195,1.0
all,0.1800,wor-active,518,0.016128942370414734,0.0
all,0.1800,wor-uniform,518,0.01938854157924652,1.0
all,0.1800,wor-active,519,0.01747506856918335,1.0
all,0.1800,wor-uniform,519,0.019324123859405518,1.0
all,0.1800,wor-active,520,0.016768231987953186,1.0
all,0.1800,wor-uniform,520,0.018845990300178528,1.0
all,0.1800,wor-active,521,0.016438066959381104,1.0
all,0.1800,wor-uniform,521,0.019138574600219727,1.0
all,0.1800,wor-active,522,0.016280844807624817,1.0
all,0.1800,wor-uniform,522,0.019450515508651733,0.0
all,0.1800,wor-active,523,0.017354369163513184,1.0
all,0.1800,wor-uniform,523,0.018844425678253174,1.0
all,0.1800,wor-active,524,0.017604291439056396,1.0
all,0.1800,wor-uniform,524,0.019111931324005127,1.0
all,0.1800,wor-active,525,0.01665675640106201,1.0
all,0.1800,wor-uniform,525,0.01934683322906494,1.0
all,0.1800,wor-active,526,0.016914591193199158,1.0
all,0.1800,wor-uniform,526,0.018942654132843018,1.0
all,0.1800,wor-active,527,0.01706761121749878,1.0
all,0.1800,wor-uniform,527,0.019356369972229004,1.0
all,0.1800,wor-active,528,0.015899285674095154,1.0
all,0.1800,wor-uniform,528,0.018760085105895996,1.0
all,0.1800,wor-active,529,0.016327574849128723,1.0
all,0.1800,wor-uniform,529,0.019064411520957947,0.0
all,0.1800,wor-active,530,0.01713728904724121,1.0
all,0.1800,wor-uniform,530,0.019299685955047607,1.0
all,0.1800,wor-active,531,0.016682982444763184,1.0
all,0.1800,wor-uniform,531,0.019375383853912354,1.0
all,0.1800,wor-active,532,0.01571553945541382,1.0
all,0.1800,wor-uniform,532,0.019167408347129822,1.0
all,0.1800,wor-active,533,0.017108619213104248,1.0
all,0.1800,wor-uniform,533,0.019063711166381836,1.0
all,0.1800,wor-active,534,0.017336666584014893,1.0
all,0.1800,wor-uniform,534,0.01850821077823639,1.0
all,0.1800,wor-active,535,0.017287254333496094,1.0
all,0.1800,wor-uniform,535,0.01917821168899536,1.0
all,0.1800,wor-active,536,0.01647627353668213,1.0
all,0.1800,wor-uniform,536,0.01863795518875122,1.0
all,0.1800,wor-active,537,0.017129182815551758,1.0
all,0.1800,wor-uniform,537,0.01957012712955475,1.0
all,0.1800,wor-active,538,0.01725684106349945,1.0
all,0.1800,wor-uniform,538,0.019266843795776367,1.0
all,0.1800,wor-active,539,0.01769554615020752,1.0
all,0.1800,wor-uniform,539,0.019521236419677734,1.0
all,0.1800,wor-active,540,0.01636432111263275,1.0
all,0.1800,wor-uniform,540,0.018705740571022034,1.0
all,0.1800,wor-active,541,0.016349315643310547,1.0
all,0.1800,wor-uniform,541,0.01946812868118286,1.0
all,0.1800,wor-active,542,0.017539680004119873,1.0
all,0.1800,wor-uniform,542,0.01905035972595215,1.0
all,0.1800,wor-active,543,0.01605290174484253,1.0
all,0.1800,wor-uniform,543,0.01945936679840088,1.0
all,0.1800,wor-active,544,0.017065763473510742,1.0
all,0.1800,wor-uniform,544,0.018869102001190186,1.0
all,0.1800,wor-active,545,0.01732659339904785,1.0
all,0.1800,wor-uniform,545,0.019459545612335205,1.0
all,0.1800,wor-active,546,0.017098724842071533,1.0
all,0.1800,wor-uniform,546,0.01924419403076172,1.0
all,0.1800,wor-active,547,0.016710102558135986,1.0
all,0.1800,wor-uniform,547,0.019219741225242615,1.0
all,0.1800,wor-active,548,0.017108559608459473,1.0
all,0.1800,wor-uniform,548,0.01877690851688385,1.0
all,0.1800,wor-active,549,0.016308605670928955,1.0
all,0.1800,wor-uniform,549,0.019109904766082764,1.0
all,0.1800,wor-active,550,0.017066776752471924,1.0
all,0.1800,wor-uniform,550,0.018605276942253113,1.0
all,0.1800,wor-active,551,0.016208112239837646,1.0
all,0.1800,wor-uniform,551,0.01937168836593628,1.0
all,0.1800,wor-active,552,0.016630470752716064,1.0
all,0.1800,wor-uniform,552,0.01914791762828827,1.0
all,0.1800,wor-active,553,0.017844021320343018,1.0
all,0.1800,wor-uniform,553,0.01901412010192871,1.0
all,0.1800,wor-active,554,0.017332732677459717,1.0
all,0.1800,wor-uniform,554,0.01835767924785614,1.0
all,0.1800,wor-active,555,0.01780921220779419,1.0
all,0.1800,wor-uniform,555,0.019105389714241028,1.0
all,0.1800,wor-active,556,0.015841960906982422,1.0
all,0.1800,wor-uniform,556,0.019146814942359924,1.0
all,0.1800,wor-active,557,0.016476452350616455,1.0
all,0.1800,wor-uniform,557,0.01899176836013794,1.0
all,0.1800,wor-active,558,0.01726919412612915,1.0
all,0.1800,wor-uniform,558,0.0191306471824646,1.0
all,0.1800,wor-active,559,0.01599152386188507,1.0
all,0.1800,wor-uniform,559,0.019607648253440857,1.0
all,0.1800,wor-active,560,0.017585650086402893,1.0
all,0.1800,wor-uniform,560,0.01862657070159912,1.0
all,0.1800,wor-active,561,0.016954481601715088,1.0
all,0.1800,wor-uniform,561,0.019574761390686035,1.0
all,0.1800,wor-active,562,0.016212284564971924,1.0
all,0.1800,wor-uniform,562,0.019405439496040344,1.0
all,0.1800,wor-active,563,0.016659975051879883,1.0
all,0.1800,wor-uniform,563,0.01960688829421997,1.0
all,0.1800,wor-active,564,0.016813576221466064,1.0
all,0.1800,wor-uniform,564,0.019455671310424805,1.0
all,0.1800,wor-active,565,0.016909241676330566,1.0
all,0.1800,wor-uniform,565,0.0190201997756958,1.0
all,0.1800,wor-active,566,0.01590907573699951,1.0
all,0.1800,wor-uniform,566,0.019236862659454346,1.0
all,0.1800,wor-active,567,0.016251519322395325,1.0
all,0.1800,wor-uniform,567,0.01947200298309326,1.0
all,0.1800,wor-active,568,0.0159834623336792,1.0
all,0.1800,wor-uniform,568,0.01908724009990692,1.0
all,0.1800,wor-active,569,0.015762805938720703,1.0
all,0.1800,wor-uniform,569,0.019116997718811035,1.0
all,0.1800,wor-active,570,0.016671955585479736,1.0
all,0.1800,wor-uniform,570,0.019188836216926575,1.0
all,0.1800,wor-active,571,0.01683872938156128,0.0
all,0.1800,wor-uniform,571,0.019014939665794373,1.0
all,0.1800,wor-active,572,0.016468346118927002,1.0
all,0.1800,wor-uniform,572,0.019474327564239502,1.0
all,0.1800,wor-active,573,0.017313122749328613,1.0
all,0.1800,wor-uniform,573,0.019162878394126892,1.0
all,0.1800,wor-active,574,0.016758382320404053,1.0
all,0.1800,wor-uniform,574,0.019201815128326416,1.0
all,0.1800,wor-active,575,0.017216742038726807,0.0
all,0.1800,wor-uniform,575,0.019016683101654053,0.0
all,0.1800,wor-active,576,0.01662343740463257,1.0
all,0.1800,wor-uniform,576,0.018891826272010803,1.0
all,0.1800,wor-active,577,0.016518354415893555,1.0
all,0.1800,wor-uniform,577,0.0194387286901474,1.0
all,0.1800,wor-active,578,0.016102492809295654,1.0
all,0.1800,wor-uniform,578,0.0190533846616745,1.0
all,0.1800,wor-active,579,0.01671256124973297,1.0
all,0.1800,wor-uniform,579,0.01839524507522583,1.0
all,0.1800,wor-active,580,0.017683327198028564,1.0
all,0.1800,wor-uniform,580,0.019064009189605713,1.0
all,0.1800,wor-active,581,0.01724618673324585,1.0
all,0.1800,wor-uniform,581,0.018689453601837158,1.0
all,0.1800,wor-active,582,0.0170365571975708,1.0
all,0.1800,wor-uniform,582,0.019835472106933594,1.0
all,0.1800,wor-active,583,0.01681564748287201,1.0
all,0.1800,wor-uniform,583,0.01936495304107666,1.0
all,0.1800,wor-active,584,0.01741689443588257,1.0
all,0.1800,wor-uniform,584,0.01910579204559326,1.0
all,0.1800,wor-active,585,0.017298638820648193,1.0
all,0.1800,wor-uniform,585,0.019630253314971924,1.0
all,0.1800,wor-active,586,0.016840755939483643,1.0
all,0.1800,wor-uniform,586,0.018818438053131104,1.0
all,0.1800,wor-active,587,0.017194926738739014,1.0
all,0.1800,wor-uniform,587,0.0196874737739563,1.0
all,0.1800,wor-active,588,0.01646667718887329,1.0
all,0.1800,wor-uniform,588,0.019406914710998535,1.0
all,0.1800,wor-active,589,0.016537189483642578,0.0
all,0.1800,wor-uniform,589,0.019042491912841797,1.0
all,0.1800,wor-active,590,0.01679062843322754,1.0
all,0.1800,wor-uniform,590,0.019417166709899902,1.0
all,0.1800,wor-active,591,0.01631903648376465,1.0
all,0.1800,wor-uniform,591,0.019284367561340332,1.0
all,0.1800,wor-active,592,0.016489684581756592,1.0
all,0.1800,wor-uniform,592,0.018131494522094727,1.0
all,0.1800,wor-active,593,0.01652073860168457,1.0
all,0.1800,wor-uniform,593,0.018829524517059326,1.0
all,0.1800,wor-active,594,0.016490519046783447,1.0
all,0.1800,wor-uniform,594,0.01911228895187378,1.0
all,0.1800,wor-active,595,0.01750922203063965,1.0
all,0.1800,wor-uniform,595,0.01952725648880005,1.0
all,0.1800,wor-active,596,0.016933023929595947,1.0
all,0.1800,wor-uniform,596,0.01938779652118683,1.0
all,0.1800,wor-active,597,0.017266929149627686,1.0
all,0.1800,wor-uniform,597,0.019490480422973633,1.0
all,0.1800,wor-active,598,0.016975820064544678,1.0
all,0.1800,wor-uniform,598,0.019231393933296204,1.0
all,0.1800,wor-active,599,0.016843274235725403,1.0
all,0.1800,wor-uniform,599,0.01976032555103302,1.0
all,0.1800,wor-active,600,0.01711559295654297,1.0
all,0.1800,wor-uniform,600,0.018848776817321777,1.0
all,0.1800,wor-active,601,0.01816391944885254,1.0
all,0.1800,wor-uniform,601,0.01872090995311737,1.0
all,0.1800,wor-active,602,0.017037510871887207,1.0
all,0.1800,wor-uniform,602,0.018477439880371094,1.0
all,0.1800,wor-active,603,0.017194151878356934,1.0
all,0.1800,wor-uniform,603,0.0192146897315979,0.0
all,0.1800,wor-active,604,0.0172034353017807,1.0
all,0.1800,wor-uniform,604,0.01938241720199585,1.0
all,0.1800,wor-active,605,0.016636908054351807,1.0
all,0.1800,wor-uniform,605,0.01896035671234131,1.0
all,0.1800,wor-active,606,0.016900181770324707,1.0
all,0.1800,wor-uniform,606,0.019411563873291016,1.0
all,0.1800,wor-active,607,0.01579868793487549,1.0
all,0.1800,wor-uniform,607,0.01882326602935791,1.0
all,0.1800,wor-active,608,0.01626281440258026,1.0
all,0.1800,wor-uniform,608,0.018922150135040283,1.0
all,0.1800,wor-active,609,0.01760774850845337,1.0
all,0.1800,wor-uniform,609,0.019621968269348145,1.0
all,0.1800,wor-active,610,0.018051624298095703,1.0
all,0.1800,wor-uniform,610,0.019246995449066162,1.0
all,0.1800,wor-active,611,0.016381025314331055,1.0
all,0.1800,wor-uniform,611,0.019056573510169983,1.0
all,0.1800,wor-active,612,0.017596185207366943,1.0
all,0.1800,wor-uniform,612,0.019559144973754883,1.0
all,0.1800,wor-active,613,0.016956865787506104,1.0
all,0.1800,wor-uniform,613,0.01924222707748413,1.0
all,0.1800,wor-active,614,0.017577767372131348,1.0
all,0.1800,wor-uniform,614,0.018913879990577698,1.0
all,0.1800,wor-active,615,0.01698434352874756,1.0
all,0.1800,wor-uniform,615,0.019104480743408203,1.0
all,0.1800,wor-active,616,0.017149999737739563,1.0
all,0.1800,wor-uniform,616,0.017696082592010498,1.0
all,0.1800,wor-active,617,0.016503095626831055,1.0
all,0.1800,wor-uniform,617,0.019381940364837646,1.0
all,0.1800,wor-active,618,0.018046200275421143,1.0
all,0.1800,wor-uniform,618,0.018660739064216614,1.0
all,0.1800,wor-active,619,0.01647716760635376,1.0
all,0.1800,wor-uniform,619,0.019871950149536133,0.0
all,0.1800,wor-active,620,0.016562357544898987,1.0
all,0.1800,wor-uniform,620,0.018637314438819885,1.0
all,0.1800,wor-active,621,0.016640126705169678,1.0
all,0.1800,wor-uniform,621,0.019276320934295654,1.0
all,0.1800,wor-active,622,0.015687301754951477,1.0
all,0.1800,wor-uniform,622,0.018551170825958252,1.0
all,0.1800,wor-active,623,0.0170668363571167,1.0
all,0.1800,wor-uniform,623,0.019152343273162842,1.0
all,0.1800,wor-active,624,0.016749024391174316,1.0
all,0.1800,wor-uniform,624,0.01900959014892578,1.0
all,0.1800,wor-active,625,0.016631439328193665,1.0
all,0.1800,wor-uniform,625,0.018530458211898804,0.0
all,0.1800,wor-active,626,0.016642391681671143,1.0
all,0.1800,wor-uniform,626,0.019170522689819336,1.0
all,0.1800,wor-active,627,0.017377376556396484,1.0
all,0.1800,wor-uniform,627,0.018781065940856934,1.0
all,0.1800,wor-active,628,0.01792740821838379,1.0
all,0.1800,wor-uniform,628,0.019357144832611084,1.0
all,0.1800,wor-active,629,0.017051398754119873,1.0
all,0.1800,wor-uniform,629,0.018948093056678772,1.0
all,0.1800,wor-active,630,0.018245458602905273,1.0
all,0.1800,wor-uniform,630,0.018967345356941223,1.0
all,0.1800,wor-active,631,0.01727193593978882,1.0
all,0.1800,wor-uniform,631,0.019055798649787903,1.0
all,0.1800,wor-active,632,0.016978010535240173,1.0
all,0.1800,wor-uniform,632,0.01900506019592285,1.0
all,0.1800,wor-active,633,0.017061293125152588,1.0
all,0.1800,wor-uniform,633,0.019535422325134277,1.0
all,0.1800,wor-active,634,0.01685565710067749,1.0
all,0.1800,wor-uniform,634,0.018977642059326172,1.0
all,0.1800,wor-active,635,0.01698191463947296,1.0
all,0.1800,wor-uniform,635,0.018995806574821472,1.0
all,0.1800,wor-active,636,0.016789361834526062,1.0
all,0.1800,wor-uniform,636,0.018690884113311768,1.0
all,0.1800,wor-active,637,0.01680237054824829,1.0
all,0.1800,wor-uniform,637,0.018741965293884277,1.0
all,0.1800,wor-active,638,0.017069563269615173,1.0
all,0.1800,wor-uniform,638,0.01943337917327881,1.0
all,0.1800,wor-active,639,0.018011093139648438,1.0
all,0.1800,wor-uniform,639,0.019275963306427002,1.0
all,0.1800,wor-active,640,0.016346216201782227,1.0
all,0.1800,wor-uniform,640,0.019139587879180908,1.0
all,0.1800,wor-active,641,0.017448842525482178,1.0
all,0.1800,wor-uniform,641,0.01841294765472412,1.0
all,0.1800,wor-active,642,0.01616048812866211,1.0
all,0.1800,wor-uniform,642,0.019134581089019775,1.0
all,0.1800,wor-active,643,0.01699364185333252,1.0
all,0.1800,wor-uniform,643,0.019384026527404785,1.0
all,0.1800,wor-active,644,0.016786441206932068,1.0
all,0.1800,wor-uniform,644,0.01867467164993286,1.0
all,0.1800,wor-active,645,0.01679295301437378,1.0
all,0.1800,wor-uniform,645,0.01863962411880493,1.0
all,0.1800,wor-active,646,0.016702473163604736,1.0
all,0.1800,wor-uniform,646,0.019222915172576904,0.0
all,0.1800,wor-active,647,0.016832590103149414,1.0
all,0.1800,wor-uniform,647,0.018568873405456543,1.0
all,0.1800,wor-active,648,0.016408085823059082,1.0
all,0.1800,wor-uniform,648,0.018505915999412537,1.0
all,0.1800,wor-active,649,0.01605004072189331,1.0
all,0.1800,wor-uniform,649,0.01884603500366211,1.0
all,0.1800,wor-active,650,0.016922056674957275,1.0
all,0.1800,wor-uniform,650,0.01901865005493164,1.0
all,0.1800,wor-active,651,0.016793906688690186,1.0
all,0.1800,wor-uniform,651,0.01889072358608246,1.0
all,0.1800,wor-active,652,0.01741325855255127,1.0
all,0.1800,wor-uniform,652,0.018934965133666992,1.0
all,0.1800,wor-active,653,0.016872048377990723,1.0
all,0.1800,wor-uniform,653,0.019142210483551025,1.0
all,0.1800,wor-active,654,0.01669710874557495,1.0
all,0.1800,wor-uniform,654,0.019372761249542236,1.0
all,0.1800,wor-active,655,0.016414523124694824,1.0
all,0.1800,wor-uniform,655,0.018986806273460388,1.0
all,0.1800,wor-active,656,0.01639719307422638,1.0
all,0.1800,wor-uniform,656,0.018352866172790527,0.0
all,0.1800,wor-active,657,0.016582056879997253,1.0
all,0.1800,wor-uniform,657,0.019153296947479248,1.0
all,0.1800,wor-active,658,0.016817331314086914,1.0
all,0.1800,wor-uniform,658,0.019223138689994812,1.0
all,0.1800,wor-active,659,0.016830086708068848,1.0
all,0.1800,wor-uniform,659,0.019164517521858215,1.0
all,0.1800,wor-active,660,0.016318440437316895,1.0
all,0.1800,wor-uniform,660,0.018565118312835693,1.0
all,0.1800,wor-active,661,0.017019808292388916,1.0
all,0.1800,wor-uniform,661,0.01924997568130493,1.0
all,0.1800,wor-active,662,0.01752549409866333,1.0
all,0.1800,wor-uniform,662,0.01885586977005005,1.0
all,0.1800,wor-active,663,0.016601845622062683,1.0
all,0.1800,wor-uniform,663,0.0189284086227417,1.0
all,0.1800,wor-active,664,0.01771247386932373,1.0
all,0.1800,wor-uniform,664,0.01944059133529663,1.0
all,0.1800,wor-active,665,0.01675628125667572,1.0
all,0.1800,wor-uniform,665,0.018956109881401062,1.0
all,0.1900,wor-active,333,0.01725184917449951,0.0
all,0.1900,wor-uniform,333,0.018411889672279358,1.0
all,0.1900,wor-active,334,0.01657325029373169,1.0
all,0.1900,wor-uniform,334,0.01821446418762207,1.0
all,0.1900,wor-active,335,0.015311256051063538,1.0
all,0.1900,wor-uniform,335,0.018608689308166504,1.0
all,0.1900,wor-active,336,0.016354858875274658,1.0
all,0.1900,wor-uniform,336,0.018134132027626038,1.0
all,0.1900,wor-active,337,0.015448927879333496,1.0
all,0.1900,wor-uniform,337,0.018364429473876953,1.0
all,0.1900,wor-active,338,0.016326069831848145,1.0
all,0.1900,wor-uniform,338,0.019301116466522217,1.0
all,0.1900,wor-active,339,0.015419304370880127,1.0
all,0.1900,wor-uniform,339,0.019307076930999756,0.0
all,0.1900,wor-active,340,0.016801536083221436,1.0
all,0.1900,wor-uniform,340,0.01777207851409912,1.0
all,0.1900,wor-active,341,0.014946207404136658,0.0
all,0.1900,wor-uniform,341,0.018386945128440857,1.0
all,0.1900,wor-active,342,0.01653808355331421,1.0
all,0.1900,wor-uniform,342,0.018500015139579773,1.0
all,0.1900,wor-active,343,0.016142189502716064,1.0
all,0.1900,wor-uniform,343,0.018722474575042725,1.0
all,0.1900,wor-active,344,0.016737759113311768,1.0
all,0.1900,wor-uniform,344,0.018055126070976257,1.0
all,0.1900,wor-active,345,0.017078042030334473,1.0
all,0.1900,wor-uniform,345,0.018502354621887207,0.0
all,0.1900,wor-active,346,0.015428796410560608,1.0
all,0.1900,wor-uniform,346,0.0186653733253479,1.0
all,0.1900,wor-active,347,0.016253292560577393,1.0
all,0.1900,wor-uniform,347,0.018313586711883545,1.0
all,0.1900,wor-active,348,0.0160866379737854,1.0
all,0.1900,wor-uniform,348,0.018881484866142273,1.0
all,0.1900,wor-active,349,0.016906872391700745,1.0
all,0.1900,wor-uniform,349,0.01902824640274048,1.0
all,0.1900,wor-active,350,0.016728639602661133,1.0
all,0.1900,wor-uniform,350,0.018682047724723816,1.0
all,0.1900,wor-active,351,0.016139566898345947,1.0
all,0.1900,wor-uniform,351,0.018855631351470947,0.0
all,0.1900,wor-active,352,0.01609581708908081,1.0
all,0.1900,wor-uniform,352,0.018027305603027344,1.0
all,0.1900,wor-active,353,0.01600515842437744,1.0
all,0.1900,wor-uniform,353,0.018388867378234863,1.0
all,0.1900,wor-active,354,0.017536580562591553,1.0
all,0.1900,wor-uniform,354,0.01848413050174713,1.0
all,0.1900,wor-active,355,0.01634889841079712,1.0
all,0.1900,wor-uniform,355,0.01855003833770752,1.0
all,0.1900,wor-active,356,0.016746699810028076,1.0
all,0.1900,wor-uniform,356,0.01850847899913788,1.0
all,0.1900,wor-active,357,0.01632511615753174,1.0
all,0.1900,wor-uniform,357,0.01859581470489502,1.0
all,0.1900,wor-active,358,0.01680237054824829,1.0
all,0.1900,wor-uniform,358,0.01878376305103302,1.0
all,0.1900,wor-active,359,0.015250936150550842,1.0
all,0.1900,wor-uniform,359,0.01771014928817749,1.0
all,0.1900,wor-active,360,0.015152707695960999,1.0
all,0.1900,wor-uniform,360,0.01866801083087921,1.0
all,0.1900,wor-active,361,0.016485095024108887,1.0
all,0.1900,wor-uniform,361,0.018673479557037354,1.0
all,0.1900,wor-active,362,0.015699774026870728,0.0
all,0.1900,wor-uniform,362,0.01842580735683441,1.0
all,0.1900,wor-active,363,0.01586085557937622,1.0
all,0.1900,wor-uniform,363,0.01868462562561035,1.0
all,0.1900,wor-active,364,0.01641857624053955,1.0
all,0.1900,wor-uniform,364,0.01752859354019165,1.0
all,0.1900,wor-active,365,0.016463875770568848,1.0
all,0.1900,wor-uniform,365,0.018851399421691895,1.0
all,0.1900,wor-active,366,0.016404464840888977,1.0
all,0.1900,wor-uniform,366,0.018827617168426514,1.0
all,0.1900,wor-active,367,0.017158567905426025,1.0
all,0.1900,wor-uniform,367,0.018317267298698425,1.0
all,0.1900,wor-active,368,0.01602071523666382,1.0
all,0.1900,wor-uniform,368,0.01866006851196289,1.0
all,0.1900,wor-active,369,0.016403675079345703,1.0
all,0.1900,wor-uniform,369,0.018745243549346924,1.0
all,0.1900,wor-active,370,0.01635265350341797,1.0
all,0.1900,wor-uniform,370,0.018509387969970703,1.0
all,0.1900,wor-active,371,0.016279220581054688,1.0
all,0.1900,wor-uniform,371,0.018212318420410156,1.0
all,0.1900,wor-active,372,0.016619741916656494,1.0
all,0.1900,wor-uniform,372,0.018328651785850525,1.0
all,0.1900,wor-active,373,0.0167999267578125,1.0
all,0.1900,wor-uniform,373,0.017655596137046814,0.0
all,0.1900,wor-active,374,0.016181766986846924,1.0
all,0.1900,wor-uniform,374,0.017477110028266907,1.0
all,0.1900,wor-active,375,0.015857279300689697,1.0
all,0.1900,wor-uniform,375,0.01890254020690918,1.0
all,0.1900,wor-active,376,0.016699135303497314,1.0
all,0.1900,wor-uniform,376,0.01847688853740692,1.0
all,0.1900,wor-active,377,0.016929924488067627,1.0
all,0.1900,wor-uniform,377,0.01877206563949585,1.0
all,0.1900,wor-active,378,0.015305638313293457,1.0
all,0.1900,wor-uniform,378,0.018284320831298828,1.0
all,0.1900,wor-active,379,0.015986666083335876,1.0
all,0.1900,wor-uniform,379,0.018834128975868225,1.0
all,0.1900,wor-active,380,0.01599651575088501,1.0
all,0.1900,wor-uniform,380,0.018756628036499023,1.0
all,0.1900,wor-active,381,0.016474783420562744,1.0
all,0.1900,wor-uniform,381,0.018674254417419434,1.0
all,0.1900,wor-active,382,0.01650822162628174,1.0
all,0.1900,wor-uniform,382,0.018709346652030945,1.0
all,0.1900,wor-active,383,0.016453921794891357,1.0
all,0.1900,wor-uniform,383,0.017959892749786377,1.0
all,0.1900,wor-active,384,0.017255008220672607,0.0
all,0.1900,wor-uniform,384,0.01812681555747986,0.0
all,0.1900,wor-active,385,0.016065850853919983,0.0
all,0.1900,wor-uniform,385,0.018226683139801025,1.0
all,0.1900,wor-active,386,0.0159798264503479,1.0
all,0.1900,wor-uniform,386,0.01863199472427368,1.0
all,0.1900,wor-active,387,0.016065359115600586,1.0
all,0.1900,wor-uniform,387,0.018781840801239014,0.0
all,0.1900,wor-active,388,0.01617477834224701,1.0
all,0.1900,wor-uniform,388,0.018535137176513672,1.0
all,0.1900,wor-active,389,0.0163801908493042,1.0
all,0.1900,wor-uniform,389,0.018589913845062256,1.0
all,0.1900,wor-active,390,0.016471385955810547,1.0
all,0.1900,wor-uniform,390,0.01819920539855957,1.0
all,0.1900,wor-active,391,0.015899166464805603,1.0
all,0.1900,wor-uniform,391,0.018529117107391357,1.0
all,0.1900,wor-active,392,0.016584575176239014,1.0
all,0.1900,wor-uniform,392,0.018158897757530212,1.0
all,0.1900,wor-active,393,0.016392171382904053,1.0
all,0.1900,wor-uniform,393,0.01885998249053955,1.0
all,0.1900,wor-active,394,0.015704989433288574,1.0
all,0.1900,wor-uniform,394,0.01835612952709198,1.0
all,0.1900,wor-active,395,0.01605549454689026,0.0
all,0.1900,wor-uniform,395,0.018957674503326416,1.0
all,0.1900,wor-active,396,0.015926122665405273,1.0
all,0.1900,wor-uniform,396,0.01842479407787323,1.0
all,0.1900,wor-active,397,0.015973150730133057,1.0
all,0.1900,wor-uniform,397,0.017982468008995056,1.0
all,0.1900,wor-active,398,0.016831696033477783,1.0
all,0.1900,wor-uniform,398,0.01871369779109955,1.0
all,0.1900,wor-active,399,0.01569885015487671,1.0
all,0.1900,wor-uniform,399,0.018724754452705383,1.0
all,0.1900,wor-active,400,0.01702219247817993,1.0
all,0.1900,wor-uniform,400,0.018293187022209167,1.0
all,0.1900,wor-active,401,0.015885472297668457,1.0
all,0.1900,wor-uniform,401,0.018443524837493896,1.0
all,0.1900,wor-active,402,0.016822218894958496,0.0
all,0.1900,wor-uniform,402,0.01879209280014038,1.0
all,0.1900,wor-active,403,0.01614503562450409,1.0
all,0.1900,wor-uniform,403,0.01906280219554901,1.0
all,0.1900,wor-active,404,0.01627148687839508,1.0
all,0.1900,wor-uniform,404,0.018789947032928467,1.0
all,0.1900,wor-active,405,0.01658719778060913,1.0
all,0.1900,wor-uniform,405,0.01863718032836914,0.0
all,0.1900,wor-active,406,0.01678907871246338,1.0
all,0.1900,wor-uniform,406,0.019061744213104248,1.0
all,0.1900,wor-active,407,0.016220033168792725,1.0
all,0.1900,wor-uniform,407,0.018046557903289795,1.0
all,0.1900,wor-active,408,0.016216039657592773,1.0
all,0.1900,wor-uniform,408,0.01864039897918701,1.0
all,0.1900,wor-active,409,0.015906929969787598,1.0
all,0.1900,wor-uniform,409,0.018350422382354736,1.0
all,0.1900,wor-active,410,0.01683938503265381,1.0
all,0.1900,wor-uniform,410,0.019247189164161682,1.0
all,0.1900,wor-active,411,0.01687180995941162,0.0
all,0.1900,wor-uniform,411,0.01865999400615692,1.0
all,0.1900,wor-active,412,0.016551613807678223,1.0
all,0.1900,wor-uniform,412,0.01811055839061737,1.0
all,0.1900,wor-active,413,0.01719599962234497,1.0
all,0.1900,wor-uniform,413,0.01882314682006836,1.0
all,0.1900,wor-active,414,0.016022726893424988,1.0
all,0.1900,wor-uniform,414,0.018554091453552246,1.0
all,0.1900,wor-active,415,0.015872642397880554,1.0
all,0.1900,wor-uniform,415,0.01865766942501068,1.0
all,0.1900,wor-active,416,0.01561427116394043,0.0
all,0.1900,wor-uniform,416,0.017996370792388916,1.0
all,0.1900,wor-active,417,0.01653420925140381,1.0
all,0.1900,wor-uniform,417,0.01885986328125,1.0
all,0.1900,wor-active,418,0.01592870056629181,1.0
all,0.1900,wor-uniform,418,0.018737509846687317,1.0
all,0.1900,wor-active,419,0.016302645206451416,1.0
all,0.1900,wor-uniform,419,0.018544256687164307,1.0
all,0.1900,wor-active,420,0.01656973361968994,1.0
all,0.1900,wor-uniform,420,0.0184747576713562,1.0
all,0.1900,wor-active,421,0.01720327138900757,1.0
all,0.1900,wor-uniform,421,0.018569782376289368,1.0
all,0.1900,wor-active,422,0.01587092876434326,1.0
all,0.1900,wor-uniform,422,0.018301308155059814,1.0
all,0.1900,wor-active,423,0.015732064843177795,1.0
all,0.1900,wor-uniform,423,0.01820625364780426,1.0
all,0.1900,wor-active,424,0.016212880611419678,1.0
all,0.1900,wor-uniform,424,0.01890641450881958,1.0
all,0.1900,wor-active,425,0.016310453414916992,1.0
all,0.1900,wor-uniform,425,0.01925051212310791,0.0
all,0.1900,wor-active,426,0.016016364097595215,1.0
all,0.1900,wor-uniform,426,0.01893007755279541,1.0
all,0.1900,wor-active,427,0.016060635447502136,1.0
all,0.1900,wor-uniform,427,0.018337368965148926,1.0
all,0.1900,wor-active,428,0.0162355899810791,1.0
all,0.1900,wor-uniform,428,0.018443048000335693,1.0
all,0.1900,wor-active,429,0.016071245074272156,1.0
all,0.1900,wor-uniform,429,0.018597960472106934,1.0
all,0.1900,wor-active,430,0.017019987106323242,1.0
all,0.1900,wor-uniform,430,0.018671393394470215,1.0
all,0.1900,wor-active,431,0.017297163605690002,1.0
all,0.1900,wor-uniform,431,0.01881532371044159,1.0
all,0.1900,wor-active,432,0.0165979266166687,1.0
all,0.1900,wor-uniform,432,0.018471121788024902,1.0
all,0.1900,wor-active,433,0.01596468687057495,1.0
all,0.1900,wor-uniform,433,0.019010305404663086,1.0
all,0.1900,wor-active,434,0.015835165977478027,1.0
all,0.1900,wor-uniform,434,0.018862411379814148,1.0
all,0.1900,wor-active,435,0.015914499759674072,1.0
all,0.1900,wor-uniform,435,0.018275916576385498,1.0
all,0.1900,wor-active,436,0.016445636749267578,1.0
all,0.1900,wor-uniform,436,0.018732771277427673,1.0
all,0.1900,wor-active,437,0.016329169273376465,0.0
all,0.1900,wor-uniform,437,0.018200203776359558,1.0
all,0.1900,wor-active,438,0.016198202967643738,1.0
all,0.1900,wor-uniform,438,0.018578454852104187,1.0
all,0.1900,wor-active,439,0.015810489654541016,1.0
all,0.1900,wor-uniform,439,0.01835256814956665,1.0
all,0.1900,wor-active,440,0.016092374920845032,1.0
all,0.1900,wor-uniform,440,0.018423378467559814,1.0
all,0.1900,wor-active,441,0.016961336135864258,1.0
all,0.1900,wor-uniform,441,0.018457353115081787,0.0
all,0.1900,wor-active,442,0.017000019550323486,1.0
all,0.1900,wor-uniform,442,0.018815696239471436,1.0
all,0.1900,wor-active,443,0.01689004898071289,1.0
all,0.1900,wor-uniform,443,0.01807183027267456,1.0
all,0.1900,wor-active,444,0.015400409698486328,1.0
all,0.1900,wor-uniform,444,0.018713057041168213,1.0
all,0.1900,wor-active,445,0.016405999660491943,1.0
all,0.1900,wor-uniform,445,0.019027113914489746,1.0
all,0.1900,wor-active,446,0.01570683717727661,1.0
all,0.1900,wor-uniform,446,0.018525540828704834,1.0
all,0.1900,wor-active,447,0.017139270901679993,1.0
all,0.1900,wor-uniform,447,0.0185014009475708,1.0
all,0.1900,wor-active,448,0.017064690589904785,1.0
all,0.1900,wor-uniform,448,0.018416225910186768,1.0
all,0.1900,wor-active,449,0.01582390069961548,1.0
all,0.1900,wor-uniform,449,0.018020212650299072,1.0
all,0.1900,wor-active,450,0.01628120243549347,1.0
all,0.1900,wor-uniform,450,0.018728137016296387,1.0
all,0.1900,wor-active,451,0.01708090305328369,1.0
all,0.1900,wor-uniform,451,0.018703654408454895,1.0
all,0.1900,wor-active,452,0.016101062297821045,1.0
all,0.1900,wor-uniform,452,0.017798423767089844,1.0
all,0.1900,wor-active,453,0.016179487109184265,1.0
all,0.1900,wor-uniform,453,0.018360838294029236,1.0
all,0.1900,wor-active,454,0.01676386594772339,1.0
all,0.1900,wor-uniform,454,0.018056169152259827,1.0
all,0.1900,wor-active,455,0.016318798065185547,0.0
all,0.1900,wor-uniform,455,0.019115746021270752,1.0
all,0.1900,wor-active,456,0.01628144085407257,1.0
all,0.1900,wor-uniform,456,0.01869100332260132,1.0
all,0.1900,wor-active,457,0.01677834987640381,1.0
all,0.1900,wor-uniform,457,0.01898692548274994,1.0
all,0.1900,wor-active,458,0.016379237174987793,1.0
all,0.1900,wor-uniform,458,0.018962621688842773,1.0
all,0.1900,wor-active,459,0.015840530395507812,1.0
all,0.1900,wor-uniform,459,0.018664762377738953,1.0
all,0.1900,wor-active,460,0.016869544982910156,1.0
all,0.1900,wor-uniform,460,0.018460392951965332,1.0
all,0.1900,wor-active,461,0.01654571294784546,1.0
all,0.1900,wor-uniform,461,0.01902562379837036,1.0
all,0.1900,wor-active,462,0.016374409198760986,1.0
all,0.1900,wor-uniform,462,0.01825129985809326,1.0
all,0.1900,wor-active,463,0.01622939109802246,1.0
all,0.1900,wor-uniform,463,0.018422305583953857,1.0
all,0.1900,wor-active,464,0.01667916774749756,1.0
all,0.1900,wor-uniform,464,0.018114611506462097,1.0
all,0.1900,wor-active,465,0.015579745173454285,1.0
all,0.1900,wor-uniform,465,0.018845558166503906,1.0
all,0.1900,wor-active,466,0.017795681953430176,0.0
all,0.1900,wor-uniform,466,0.01882404088973999,1.0
all,0.1900,wor-active,467,0.016352474689483643,1.0
all,0.1900,wor-uniform,467,0.01856595277786255,1.0
all,0.1900,wor-active,468,0.01579493284225464,1.0
all,0.1900,wor-uniform,468,0.018382549285888672,1.0
all,0.1900,wor-active,469,0.016547679901123047,1.0
all,0.1900,wor-uniform,469,0.01844310760498047,1.0
all,0.1900,wor-active,470,0.015592575073242188,1.0
all,0.1900,wor-uniform,470,0.01886647939682007,1.0
all,0.1900,wor-active,471,0.016828835010528564,1.0
all,0.1900,wor-uniform,471,0.018945157527923584,1.0
all,0.1900,wor-active,472,0.01635676622390747,1.0
all,0.1900,wor-uniform,472,0.01860499382019043,1.0
all,0.1900,wor-active,473,0.015510916709899902,1.0
all,0.1900,wor-uniform,473,0.01886570453643799,1.0
all,0.1900,wor-active,474,0.016778290271759033,1.0
all,0.1900,wor-uniform,474,0.0185735821723938,1.0
all,0.1900,wor-active,475,0.017513632774353027,0.0
all,0.1900,wor-uniform,475,0.018028974533081055,1.0
all,0.1900,wor-active,476,0.01603621244430542,1.0
all,0.1900,wor-uniform,476,0.017842397093772888,1.0
all,0.1900,wor-active,477,0.015991687774658203,1.0
all,0.1900,wor-uniform,477,0.018315434455871582,1.0
all,0.1900,wor-active,478,0.016354188323020935,1.0
all,0.1900,wor-uniform,478,0.01889204978942871,1.0
all,0.1900,wor-active,479,0.015700042247772217,1.0
all,0.1900,wor-uniform,479,0.01856130361557007,1.0
all,0.1900,wor-active,480,0.016105473041534424,1.0
all,0.1900,wor-uniform,480,0.018741250038146973,1.0
all,0.1900,wor-active,481,0.016159668564796448,1.0
all,0.1900,wor-uniform,481,0.018109440803527832,1.0
all,0.1900,wor-active,482,0.017243921756744385,1.0
all,0.1900,wor-uniform,482,0.018070757389068604,1.0
all,0.1900,wor-active,483,0.015941917896270752,1.0
all,0.1900,wor-uniform,483,0.018727123737335205,1.0
all,0.1900,wor-active,484,0.01593536138534546,0.0
all,0.1900,wor-uniform,484,0.018478989601135254,1.0
all,0.1900,wor-active,485,0.01676267385482788,1.0
all,0.1900,wor-uniform,485,0.01894688606262207,1.0
all,0.1900,wor-active,486,0.017202138900756836,1.0
all,0.1900,wor-uniform,486,0.01867043972015381,1.0
all,0.1900,wor-active,487,0.016090169548988342,0.0
all,0.1900,wor-uniform,487,0.01868528127670288,1.0
all,0.1900,wor-active,488,0.01660919189453125,1.0
all,0.1900,wor-uniform,488,0.018440842628479004,1.0
all,0.1900,wor-active,489,0.016195431351661682,1.0
all,0.1900,wor-uniform,489,0.018521428108215332,1.0
all,0.1900,wor-active,490,0.015079915523529053,0.0
all,0.1900,wor-uniform,490,0.018005236983299255,1.0
all,0.1900,wor-active,491,0.015683487057685852,1.0
all,0.1900,wor-uniform,491,0.01833277940750122,1.0
all,0.1900,wor-active,492,0.016715049743652344,0.0
all,0.1900,wor-uniform,492,0.018658041954040527,1.0
all,0.1900,wor-active,493,0.016129150986671448,1.0
all,0.1900,wor-uniform,493,0.01802164316177368,1.0
all,0.1900,wor-active,494,0.016304731369018555,1.0
all,0.1900,wor-uniform,494,0.018194496631622314,1.0
all,0.1900,wor-active,495,0.016084730625152588,1.0
all,0.1900,wor-uniform,495,0.018455028533935547,1.0
all,0.1900,wor-active,496,0.016007661819458008,1.0
all,0.1900,wor-uniform,496,0.018433749675750732,1.0
all,0.1900,wor-active,497,0.015184924006462097,0.0
all,0.1900,wor-uniform,497,0.017891645431518555,1.0
all,0.1900,wor-active,498,0.015731975436210632,1.0
all,0.1900,wor-uniform,498,0.018589958548545837,1.0
all,0.1900,wor-active,499,0.017017945647239685,1.0
all,0.1900,wor-uniform,499,0.01882082223892212,1.0
all,0.1900,wor-active,500,0.01673203706741333,1.0
all,0.1900,wor-uniform,500,0.018701136112213135,1.0
all,0.1900,wor-active,501,0.015461564064025879,1.0
all,0.1900,wor-uniform,501,0.01845407485961914,1.0
all,0.1900,wor-active,502,0.016407668590545654,1.0
all,0.1900,wor-uniform,502,0.018511950969696045,1.0
all,0.1900,wor-active,503,0.01587897539138794,0.0
all,0.1900,wor-uniform,503,0.018824219703674316,1.0
all,0.1900,wor-active,504,0.016073226928710938,1.0
all,0.1900,wor-uniform,504,0.01850712299346924,1.0
all,0.1900,wor-active,505,0.015716388821601868,1.0
all,0.1900,wor-uniform,505,0.018986940383911133,1.0
all,0.1900,wor-active,506,0.01691603660583496,1.0
all,0.1900,wor-uniform,506,0.018455564975738525,1.0
all,0.1900,wor-active,507,0.01613032817840576,0.0
all,0.1900,wor-uniform,507,0.018380597233772278,1.0
all,0.1900,wor-active,508,0.01629035174846649,1.0
all,0.1900,wor-uniform,508,0.018506526947021484,1.0
all,0.1900,wor-active,509,0.016441822052001953,1.0
all,0.1900,wor-uniform,509,0.0183822363615036,1.0
all,0.1900,wor-active,510,0.016221225261688232,1.0
all,0.1900,wor-uniform,510,0.018142104148864746,1.0
all,0.1900,wor-active,511,0.016266345977783203,1.0
all,0.1900,wor-uniform,511,0.01896423101425171,1.0
all,0.1900,wor-active,512,0.016035377979278564,1.0
all,0.1900,wor-uniform,512,0.01841963827610016,1.0
all,0.1900,wor-active,513,0.016931772232055664,1.0
all,0.1900,wor-uniform,513,0.01861649751663208,1.0
all,0.1900,wor-active,514,0.016145646572113037,1.0
all,0.1900,wor-uniform,514,0.01830613613128662,1.0
all,0.1900,wor-active,515,0.01612897217273712,1.0
all,0.1900,wor-uniform,515,0.01873093843460083,1.0
all,0.1900,wor-active,516,0.015974581241607666,1.0
all,0.1900,wor-uniform,516,0.018469929695129395,1.0
all,0.1900,wor-active,517,0.01605069637298584,1.0
all,0.1900,wor-uniform,517,0.019124329090118408,1.0
all,0.1900,wor-active,518,0.016299858689308167,1.0
all,0.1900,wor-uniform,518,0.01844179630279541,1.0
all,0.1900,wor-active,519,0.01605159044265747,1.0
all,0.1900,wor-uniform,519,0.018536344170570374,1.0
all,0.1900,wor-active,520,0.015795990824699402,1.0
all,0.1900,wor-uniform,520,0.0183727890253067,1.0
all,0.1900,wor-active,521,0.015284836292266846,1.0
all,0.1900,wor-uniform,521,0.01836913824081421,1.0
all,0.1900,wor-active,522,0.016031399369239807,1.0
all,0.1900,wor-uniform,522,0.018495023250579834,1.0
all,0.1900,wor-active,523,0.015952706336975098,1.0
all,0.1900,wor-uniform,523,0.01940244436264038,1.0
all,0.1900,wor-active,524,0.016811668872833252,1.0
all,0.1900,wor-uniform,524,0.018821120262145996,1.0
all,0.1900,wor-active,525,0.01650160551071167,1.0
all,0.1900,wor-uniform,525,0.018636241555213928,1.0
all,0.1900,wor-active,526,0.015792950987815857,1.0
all,0.1900,wor-uniform,526,0.017872393131256104,1.0
all,0.1900,wor-active,527,0.01578313112258911,1.0
all,0.1900,wor-uniform,527,0.01842445135116577,1.0
all,0.1900,wor-active,528,0.01711094379425049,1.0
all,0.1900,wor-uniform,528,0.018409550189971924,1.0
all,0.1900,wor-active,529,0.016351044178009033,1.0
all,0.1900,wor-uniform,529,0.018835827708244324,1.0
all,0.1900,wor-active,530,0.016891062259674072,1.0
all,0.1900,wor-uniform,530,0.018875181674957275,1.0
all,0.1900,wor-active,531,0.01690472662448883,1.0
all,0.1900,wor-uniform,531,0.018090590834617615,1.0
all,0.1900,wor-active,532,0.016904592514038086,1.0
all,0.1900,wor-uniform,532,0.018727481365203857,1.0
all,0.1900,wor-active,533,0.01603245735168457,1.0
all,0.1900,wor-uniform,533,0.01844996213912964,0.0
all,0.1900,wor-active,534,0.016421616077423096,1.0
all,0.1900,wor-uniform,534,0.01846402883529663,1.0
all,0.1900,wor-active,535,0.016764938831329346,1.0
all,0.1900,wor-uniform,535,0.018777549266815186,1.0
all,0.1900,wor-active,536,0.015617728233337402,1.0
all,0.1900,wor-uniform,536,0.018302619457244873,1.0
all,0.1900,wor-active,537,0.016180992126464844,1.0
all,0.1900,wor-uniform,537,0.018825531005859375,1.0
all,0.1900,wor-active,538,0.017529726028442383,1.0
all,0.1900,wor-uniform,538,0.01863102614879608,1.0
all,0.1900,wor-active,539,0.01604515314102173,1.0
all,0.1900,wor-uniform,539,0.01874256134033203,1.0
all,0.1900,wor-active,540,0.016273364424705505,1.0
all,0.1900,wor-uniform,540,0.018144741654396057,1.0
all,0.1900,wor-active,541,0.016163766384124756,1.0
all,0.1900,wor-uniform,541,0.018534347414970398,1.0
all,0.1900,wor-active,542,0.015729978680610657,1.0
all,0.1900,wor-uniform,542,0.018164098262786865,1.0
all,0.1900,wor-active,543,0.01660078763961792,1.0
all,0.1900,wor-uniform,543,0.018509387969970703,1.0
all,0.1900,wor-active,544,0.016378983855247498,1.0
all,0.1900,wor-uniform,544,0.018557488918304443,1.0
all,0.1900,wor-active,545,0.01658797264099121,1.0
all,0.1900,wor-uniform,545,0.018430277705192566,1.0
all,0.1900,wor-active,546,0.016635775566101074,0.0
all,0.1900,wor-uniform,546,0.01855456829071045,1.0
all,0.1900,wor-active,547,0.015449881553649902,1.0
all,0.1900,wor-uniform,547,0.01902669668197632,1.0
all,0.1900,wor-active,548,0.015937983989715576,1.0
all,0.1900,wor-uniform,548,0.01841999590396881,1.0
all,0.1900,wor-active,549,0.016610324382781982,1.0
all,0.1900,wor-uniform,549,0.0188140869140625,1.0
all,0.1900,wor-active,550,0.01667366921901703,1.0
all,0.1900,wor-uniform,550,0.018843352794647217,1.0
all,0.1900,wor-active,551,0.015374064445495605,1.0
all,0.1900,wor-uniform,551,0.017907798290252686,1.0
all,0.1900,wor-active,552,0.016164541244506836,1.0
all,0.1900,wor-uniform,552,0.018521547317504883,1.0
all,0.1900,wor-active,553,0.016923978924751282,1.0
all,0.1900,wor-uniform,553,0.018096938729286194,1.0
all,0.1900,wor-active,554,0.01622450351715088,1.0
all,0.1900,wor-uniform,554,0.01829133927822113,1.0
all,0.1900,wor-active,555,0.015811964869499207,1.0
all,0.1900,wor-uniform,555,0.01789158582687378,1.0
all,0.1900,wor-active,556,0.016544342041015625,1.0
all,0.1900,wor-uniform,556,0.018458425998687744,1.0
all,0.1900,wor-active,557,0.016758441925048828,1.0
all,0.1900,wor-uniform,557,0.018092989921569824,1.0
all,0.1900,wor-active,558,0.015615478157997131,1.0
all,0.1900,wor-uniform,558,0.01810324192047119,1.0
all,0.1900,wor-active,559,0.017812252044677734,0.0
all,0.1900,wor-uniform,559,0.018830418586730957,1.0
all,0.1900,wor-active,560,0.01675647497177124,1.0
all,0.1900,wor-uniform,560,0.01830470561981201,1.0
all,0.1900,wor-active,561,0.015898525714874268,1.0
all,0.1900,wor-uniform,561,0.01890939474105835,1.0
all,0.1900,wor-active,562,0.01563471555709839,1.0
all,0.1900,wor-uniform,562,0.01893705129623413,1.0
all,0.1900,wor-active,563,0.01598954200744629,1.0
all,0.1900,wor-uniform,563,0.0181158185005188,1.0
all,0.1900,wor-active,564,0.016385257244110107,1.0
all,0.1900,wor-uniform,564,0.01836031675338745,1.0
all,0.1900,wor-active,565,0.016666114330291748,1.0
all,0.1900,wor-uniform,565,0.0188988596200943,1.0
all,0.1900,wor-active,566,0.01639658212661743,1.0
all,0.1900,wor-uniform,566,0.018978416919708252,1.0
all,0.1900,wor-active,567,0.016876280307769775,1.0
all,0.1900,wor-uniform,567,0.01841755211353302,1.0
all,0.1900,wor-active,568,0.01596677303314209,1.0
all,0.1900,wor-uniform,568,0.01807926595211029,1.0
all,0.1900,wor-active,569,0.017364203929901123,1.0
all,0.1900,wor-uniform,569,0.018175259232521057,0.0
all,0.1900,wor-active,570,0.016310393810272217,1.0
all,0.1900,wor-uniform,570,0.018657609820365906,1.0
all,0.1900,wor-active,571,0.01709568500518799,1.0
all,0.1900,wor-uniform,571,0.018560290336608887,1.0
all,0.1900,wor-active,572,0.01649296283721924,1.0
all,0.1900,wor-uniform,572,0.018759846687316895,1.0
all,0.1900,wor-active,573,0.017281532287597656,1.0
all,0.1900,wor-uniform,573,0.01895761489868164,1.0
all,0.1900,wor-active,574,0.018009543418884277,0.0
all,0.1900,wor-uniform,574,0.018734216690063477,1.0
all,0.1900,wor-active,575,0.016685232520103455,1.0
all,0.1900,wor-uniform,575,0.01863473653793335,1.0
all,0.1900,wor-active,576,0.015952706336975098,1.0
all,0.1900,wor-uniform,576,0.018850386142730713,1.0
all,0.1900,wor-active,577,0.015454590320587158,1.0
all,0.1900,wor-uniform,577,0.018291771411895752,1.0
all,0.1900,wor-active,578,0.01598459482192993,1.0
all,0.1900,wor-uniform,578,0.018678784370422363,1.0
all,0.1900,wor-active,579,0.016109049320220947,1.0
all,0.1900,wor-uniform,579,0.017949283123016357,1.0
all,0.1900,wor-active,580,0.017070770263671875,1.0
all,0.1900,wor-uniform,580,0.01847296953201294,1.0
all,0.1900,wor-active,581,0.016362667083740234,1.0
all,0.1900,wor-uniform,581,0.018449679017066956,1.0
all,0.1900,wor-active,582,0.01697707176208496,1.0
all,0.1900,wor-uniform,582,0.018803536891937256,1.0
all,0.1900,wor-active,583,0.01643151044845581,1.0
all,0.1900,wor-uniform,583,0.01886725425720215,1.0
all,0.1900,wor-active,584,0.015869498252868652,1.0
all,0.1900,wor-uniform,584,0.01868671178817749,1.0
all,0.1900,wor-active,585,0.01568704843521118,1.0
all,0.1900,wor-uniform,585,0.018765389919281006,1.0
all,0.1900,wor-active,586,0.01606893539428711,1.0
all,0.1900,wor-uniform,586,0.018298804759979248,1.0
all,0.1900,wor-active,587,0.016523241996765137,1.0
all,0.1900,wor-uniform,587,0.01875925064086914,1.0
all,0.1900,wor-active,588,0.016569554805755615,1.0
all,0.1900,wor-uniform,588,0.01838231086730957,1.0
all,0.1900,wor-active,589,0.01582622528076172,1.0
all,0.1900,wor-uniform,589,0.018170461058616638,1.0
all,0.1900,wor-active,590,0.016672909259796143,1.0
all,0.1900,wor-uniform,590,0.018953025341033936,1.0
all,0.1900,wor-active,591,0.015444621443748474,1.0
all,0.1900,wor-uniform,591,0.01925790309906006,1.0
all,0.1900,wor-active,592,0.016498401761054993,1.0
all,0.1900,wor-uniform,592,0.01872992515563965,1.0
all,0.1900,wor-active,593,0.016306638717651367,1.0
all,0.1900,wor-uniform,593,0.01887071132659912,1.0
all,0.1900,wor-active,594,0.01689237356185913,1.0
all,0.1900,wor-uniform,594,0.018174543976783752,1.0
all,0.1900,wor-active,595,0.01583307981491089,1.0
all,0.1900,wor-uniform,595,0.0182621031999588,1.0
all,0.1900,wor-active,596,0.016272202134132385,1.0
all,0.1900,wor-uniform,596,0.01863633096218109,1.0
all,0.1900,wor-active,597,0.016154170036315918,1.0
all,0.1900,wor-uniform,597,0.018315911293029785,1.0
all,0.1900,wor-active,598,0.016342878341674805,1.0
all,0.1900,wor-uniform,598,0.018485799431800842,1.0
all,0.1900,wor-active,599,0.016052961349487305,1.0
all,0.1900,wor-uniform,599,0.018252193927764893,1.0
all,0.1900,wor-active,600,0.017237365245819092,1.0
all,0.1900,wor-uniform,600,0.018461763858795166,1.0
all,0.1900,wor-active,601,0.016882717609405518,1.0
all,0.1900,wor-uniform,601,0.018063783645629883,1.0
all,0.1900,wor-active,602,0.016568481922149658,1.0
all,0.1900,wor-uniform,602,0.017981529235839844,1.0
all,0.1900,wor-active,603,0.016570866107940674,1.0
all,0.1900,wor-uniform,603,0.018190249800682068,1.0
all,0.1900,wor-active,604,0.016277849674224854,1.0
all,0.1900,wor-uniform,604,0.018328189849853516,1.0
all,0.1900,wor-active,605,0.016895592212677002,1.0
all,0.1900,wor-uniform,605,0.018178462982177734,1.0
all,0.1900,wor-active,606,0.01629282534122467,1.0
all,0.1900,wor-uniform,606,0.01887071132659912,1.0
all,0.1900,wor-active,607,0.015857994556427002,1.0
all,0.1900,wor-uniform,607,0.019253969192504883,1.0
all,0.1900,wor-active,608,0.016406238079071045,1.0
all,0.1900,wor-uniform,608,0.018561556935310364,1.0
all,0.1900,wor-active,609,0.016196325421333313,1.0
all,0.1900,wor-uniform,609,0.017974495887756348,1.0
all,0.1900,wor-active,610,0.015858232975006104,1.0
all,0.1900,wor-uniform,610,0.018503546714782715,1.0
all,0.1900,wor-active,611,0.01742720603942871,0.0
all,0.1900,wor-uniform,611,0.018216058611869812,1.0
all,0.1900,wor-active,612,0.01704925298690796,1.0
all,0.1900,wor-uniform,612,0.018815159797668457,1.0
all,0.1900,wor-active,613,0.01602041721343994,1.0
all,0.1900,wor-uniform,613,0.018805980682373047,1.0
all,0.1900,wor-active,614,0.015986517071723938,1.0
all,0.1900,wor-uniform,614,0.019036948680877686,1.0
all,0.1900,wor-active,615,0.016820073127746582,1.0
all,0.1900,wor-uniform,615,0.018521010875701904,1.0
all,0.1900,wor-active,616,0.0157167911529541,1.0
all,0.1900,wor-uniform,616,0.017934322357177734,1.0
all,0.1900,wor-active,617,0.01645900309085846,1.0
all,0.1900,wor-uniform,617,0.01782149076461792,1.0
all,0.1900,wor-active,618,0.01608586311340332,1.0
all,0.1900,wor-uniform,618,0.01903635263442993,1.0
all,0.1900,wor-active,619,0.017070353031158447,1.0
all,0.1900,wor-uniform,619,0.018722474575042725,1.0
all,0.1900,wor-active,620,0.015680566430091858,1.0
all,0.1900,wor-uniform,620,0.018799543380737305,1.0
all,0.1900,wor-active,621,0.016971588134765625,0.0
all,0.1900,wor-uniform,621,0.01823514699935913,1.0
all,0.1900,wor-active,622,0.016937315464019775,1.0
all,0.1900,wor-uniform,622,0.018636763095855713,1.0
all,0.1900,wor-active,623,0.016766786575317383,1.0
all,0.1900,wor-uniform,623,0.018781661987304688,1.0
all,0.1900,wor-active,624,0.016124427318572998,1.0
all,0.1900,wor-uniform,624,0.018602848052978516,1.0
all,0.1900,wor-active,625,0.017132282257080078,1.0
all,0.1900,wor-uniform,625,0.01860940456390381,1.0
all,0.1900,wor-active,626,0.016216516494750977,1.0
all,0.1900,wor-uniform,626,0.01892755925655365,1.0
all,0.1900,wor-active,627,0.01640266180038452,1.0
all,0.1900,wor-uniform,627,0.018906235694885254,1.0
all,0.1900,wor-active,628,0.015943050384521484,1.0
all,0.1900,wor-uniform,628,0.018385425209999084,1.0
all,0.1900,wor-active,629,0.016129910945892334,1.0
all,0.1900,wor-uniform,629,0.018674686551094055,1.0
all,0.1900,wor-active,630,0.0158655047416687,1.0
all,0.1900,wor-uniform,630,0.018570125102996826,1.0
all,0.1900,wor-active,631,0.01546865701675415,1.0
all,0.1900,wor-uniform,631,0.018086135387420654,1.0
all,0.1900,wor-active,632,0.015566825866699219,1.0
all,0.1900,wor-uniform,632,0.01889108121395111,1.0
all,0.1900,wor-active,633,0.01706141233444214,1.0
all,0.1900,wor-uniform,633,0.018218040466308594,1.0
all,0.1900,wor-active,634,0.016291499137878418,1.0
all,0.1900,wor-uniform,634,0.018982887268066406,0.0
all,0.1900,wor-active,635,0.01645606756210327,1.0
all,0.1900,wor-uniform,635,0.01899653673171997,1.0
all,0.1900,wor-active,636,0.01681363582611084,1.0
all,0.1900,wor-uniform,636,0.018717125058174133,1.0
all,0.1900,wor-active,637,0.015808045864105225,1.0
all,0.1900,wor-uniform,637,0.018229350447654724,1.0
all,0.1900,wor-active,638,0.01669830083847046,1.0
all,0.1900,wor-uniform,638,0.01851099729537964,1.0
all,0.1900,wor-active,639,0.015317052602767944,0.0
all,0.1900,wor-uniform,639,0.018428608775138855,1.0
all,0.1900,wor-active,640,0.015515625476837158,0.0
all,0.1900,wor-uniform,640,0.01873403787612915,1.0
all,0.1900,wor-active,641,0.01655632257461548,1.0
all,0.1900,wor-uniform,641,0.018944859504699707,1.0
all,0.1900,wor-active,642,0.01588749885559082,1.0
all,0.1900,wor-uniform,642,0.018277272582054138,1.0
all,0.1900,wor-active,643,0.015788301825523376,1.0
all,0.1900,wor-uniform,643,0.018277838826179504,1.0
all,0.1900,wor-active,644,0.01661086082458496,1.0
all,0.1900,wor-uniform,644,0.018563807010650635,1.0
all,0.1900,wor-active,645,0.016182243824005127,1.0
all,0.1900,wor-uniform,645,0.01845872402191162,1.0
all,0.1900,wor-active,646,0.015066280961036682,1.0
all,0.1900,wor-uniform,646,0.018027842044830322,1.0
all,0.1900,wor-active,647,0.01619011163711548,1.0
all,0.1900,wor-uniform,647,0.01891911029815674,0.0
all,0.1900,wor-active,648,0.015910327434539795,1.0
all,0.1900,wor-uniform,648,0.018316924571990967,1.0
all,0.1900,wor-active,649,0.01672220230102539,1.0
all,0.1900,wor-uniform,649,0.01874709129333496,1.0
all,0.1900,wor-active,650,0.015893101692199707,1.0
all,0.1900,wor-uniform,650,0.018330112099647522,1.0
all,0.1900,wor-active,651,0.015989303588867188,1.0
all,0.1900,wor-uniform,651,0.01828455924987793,1.0
all,0.1900,wor-active,652,0.01555556058883667,1.0
all,0.1900,wor-uniform,652,0.018632233142852783,1.0
all,0.1900,wor-active,653,0.016309380531311035,1.0
all,0.1900,wor-uniform,653,0.01890343427658081,1.0
all,0.1900,wor-active,654,0.015645146369934082,1.0
all,0.1900,wor-uniform,654,0.019349515438079834,1.0
all,0.1900,wor-active,655,0.016121864318847656,1.0
all,0.1900,wor-uniform,655,0.01878213882446289,1.0
all,0.1900,wor-active,656,0.016675829887390137,1.0
all,0.1900,wor-uniform,656,0.018252313137054443,1.0
all,0.1900,wor-active,657,0.015778720378875732,1.0
all,0.1900,wor-uniform,657,0.018436729907989502,1.0
all,0.1900,wor-active,658,0.01595771312713623,1.0
all,0.1900,wor-uniform,658,0.01803635060787201,1.0
all,0.1900,wor-active,659,0.015913650393486023,1.0
all,0.1900,wor-uniform,659,0.018282994627952576,1.0
all,0.1900,wor-active,660,0.015619993209838867,1.0
all,0.1900,wor-uniform,660,0.018170833587646484,1.0
all,0.1900,wor-active,661,0.016124293208122253,1.0
all,0.1900,wor-uniform,661,0.018522754311561584,1.0
all,0.1900,wor-active,662,0.01593749225139618,1.0
all,0.1900,wor-uniform,662,0.018682003021240234,1.0
all,0.1900,wor-active,663,0.01628202199935913,1.0
all,0.1900,wor-uniform,663,0.018185555934906006,1.0
all,0.1900,wor-active,664,0.01635158061981201,1.0
all,0.1900,wor-uniform,664,0.01854027807712555,1.0
all,0.1900,wor-active,665,0.016839802265167236,1.0
all,0.1900,wor-uniform,665,0.018531247973442078,1.0
all,0.2000,wor-active,333,0.015322446823120117,1.0
all,0.2000,wor-uniform,333,0.017931267619132996,1.0
all,0.2000,wor-active,334,0.015711620450019836,1.0
all,0.2000,wor-uniform,334,0.018064185976982117,1.0
all,0.2000,wor-active,335,0.01570744812488556,1.0
all,0.2000,wor-uniform,335,0.017628908157348633,1.0
all,0.2000,wor-active,336,0.016170084476470947,1.0
all,0.2000,wor-uniform,336,0.017833709716796875,1.0
all,0.2000,wor-active,337,0.015936434268951416,1.0
all,0.2000,wor-uniform,337,0.018322721123695374,1.0
all,0.2000,wor-active,338,0.015652358531951904,1.0
all,0.2000,wor-uniform,338,0.017736956477165222,1.0
all,0.2000,wor-active,339,0.01625770330429077,1.0
all,0.2000,wor-uniform,339,0.01773667335510254,1.0
all,0.2000,wor-active,340,0.01569390296936035,1.0
all,0.2000,wor-uniform,340,0.01789844036102295,1.0
all,0.2000,wor-active,341,0.015840470790863037,1.0
all,0.2000,wor-uniform,341,0.018161609768867493,1.0
all,0.2000,wor-active,342,0.015977323055267334,1.0
all,0.2000,wor-uniform,342,0.017923668026924133,1.0
all,0.2000,wor-active,343,0.015687167644500732,1.0
all,0.2000,wor-uniform,343,0.017925426363945007,1.0
all,0.2000,wor-active,344,0.01600337028503418,1.0
all,0.2000,wor-uniform,344,0.018535196781158447,1.0
all,0.2000,wor-active,345,0.015080153942108154,1.0
all,0.2000,wor-uniform,345,0.017882883548736572,1.0
all,0.2000,wor-active,346,0.01628345251083374,1.0
all,0.2000,wor-uniform,346,0.018077358603477478,1.0
all,0.2000,wor-active,347,0.015372112393379211,1.0
all,0.2000,wor-uniform,347,0.018320143222808838,1.0
all,0.2000,wor-active,348,0.015980660915374756,1.0
all,0.2000,wor-uniform,348,0.017813801765441895,1.0
all,0.2000,wor-active,349,0.014601469039916992,1.0
all,0.2000,wor-uniform,349,0.017998993396759033,1.0
all,0.2000,wor-active,350,0.01614326238632202,1.0
all,0.2000,wor-uniform,350,0.017802953720092773,1.0
all,0.2000,wor-active,351,0.016610026359558105,1.0
all,0.2000,wor-uniform,351,0.017937257885932922,1.0
all,0.2000,wor-active,352,0.016599833965301514,1.0
all,0.2000,wor-uniform,352,0.018078848719596863,1.0
all,0.2000,wor-active,353,0.015347003936767578,1.0
all,0.2000,wor-uniform,353,0.0182725191116333,1.0
all,0.2000,wor-active,354,0.016083478927612305,1.0
all,0.2000,wor-uniform,354,0.01826488971710205,1.0
all,0.2000,wor-active,355,0.015500068664550781,1.0
all,0.2000,wor-uniform,355,0.0180739164352417,1.0
all,0.2000,wor-active,356,0.016216039657592773,1.0
all,0.2000,wor-uniform,356,0.018227100372314453,1.0
all,0.2000,wor-active,357,0.01634448766708374,1.0
all,0.2000,wor-uniform,357,0.01785939931869507,1.0
all,0.2000,wor-active,358,0.015777960419654846,1.0
all,0.2000,wor-uniform,358,0.01793251931667328,1.0
all,0.2000,wor-active,359,0.015832066535949707,1.0
all,0.2000,wor-uniform,359,0.017984449863433838,1.0
all,0.2000,wor-active,360,0.015792548656463623,1.0
all,0.2000,wor-uniform,360,0.0181349515914917,1.0
all,0.2000,wor-active,361,0.015490114688873291,1.0
all,0.2000,wor-uniform,361,0.018635988235473633,1.0
all,0.2000,wor-active,362,0.015762686729431152,1.0
all,0.2000,wor-uniform,362,0.017666742205619812,1.0
all,0.2000,wor-active,363,0.01625007390975952,1.0
all,0.2000,wor-uniform,363,0.017817795276641846,1.0
all,0.2000,wor-active,364,0.015498638153076172,1.0
all,0.2000,wor-uniform,364,0.017989933490753174,1.0
all,0.2000,wor-active,365,0.016163170337677002,1.0
all,0.2000,wor-uniform,365,0.017959654331207275,1.0
all,0.2000,wor-active,366,0.01542942225933075,1.0
all,0.2000,wor-uniform,366,0.017857849597930908,1.0
all,0.2000,wor-active,367,0.016266509890556335,1.0
all,0.2000,wor-uniform,367,0.018467962741851807,1.0
all,0.2000,wor-active,368,0.015535891056060791,1.0
all,0.2000,wor-uniform,368,0.018287599086761475,1.0
all,0.2000,wor-active,369,0.014755964279174805,1.0
all,0.2000,wor-uniform,369,0.018015041947364807,1.0
all,0.2000,wor-active,370,0.01589888334274292,1.0
all,0.2000,wor-uniform,370,0.017506837844848633,1.0
all,0.2000,wor-active,371,0.015360474586486816,1.0
all,0.2000,wor-uniform,371,0.018110930919647217,0.0
all,0.2000,wor-active,372,0.01602339744567871,1.0
all,0.2000,wor-uniform,372,0.01795254647731781,1.0
all,0.2000,wor-active,373,0.016121268272399902,1.0
all,0.2000,wor-uniform,373,0.017504513263702393,1.0
all,0.2000,wor-active,374,0.015652239322662354,1.0
all,0.2000,wor-uniform,374,0.018187284469604492,1.0
all,0.2000,wor-active,375,0.015386536717414856,1.0
all,0.2000,wor-uniform,375,0.017689287662506104,1.0
all,0.2000,wor-active,376,0.015275657176971436,1.0
all,0.2000,wor-uniform,376,0.01780073344707489,1.0
all,0.2000,wor-active,377,0.015826821327209473,1.0
all,0.2000,wor-uniform,377,0.017420127987861633,1.0
all,0.2000,wor-active,378,0.015085458755493164,1.0
all,0.2000,wor-uniform,378,0.018114641308784485,1.0
all,0.2000,wor-active,379,0.015570536255836487,1.0
all,0.2000,wor-uniform,379,0.01776033639907837,1.0
all,0.2000,wor-active,380,0.014966130256652832,1.0
all,0.2000,wor-uniform,380,0.018424272537231445,1.0
all,0.2000,wor-active,381,0.015175223350524902,1.0
all,0.2000,wor-uniform,381,0.01854121685028076,1.0
all,0.2000,wor-active,382,0.015355944633483887,1.0
all,0.2000,wor-uniform,382,0.017578125,1.0
all,0.2000,wor-active,383,0.015371501445770264,1.0
all,0.2000,wor-uniform,383,0.017997682094573975,1.0
all,0.2000,wor-active,384,0.01607269048690796,1.0
all,0.2000,wor-uniform,384,0.018076539039611816,1.0
all,0.2000,wor-active,385,0.015795886516571045,1.0
all,0.2000,wor-uniform,385,0.017902135848999023,1.0
all,0.2000,wor-active,386,0.015409588813781738,1.0
all,0.2000,wor-uniform,386,0.01822948455810547,1.0
all,0.2000,wor-active,387,0.01605425775051117,1.0
all,0.2000,wor-uniform,387,0.018123388290405273,1.0
all,0.2000,wor-active,388,0.015275537967681885,1.0
all,0.2000,wor-uniform,388,0.018298208713531494,1.0
all,0.2000,wor-active,389,0.01616126298904419,1.0
all,0.2000,wor-uniform,389,0.01809215545654297,1.0
all,0.2000,wor-active,390,0.015766024589538574,1.0
all,0.2000,wor-uniform,390,0.018091320991516113,1.0
all,0.2000,wor-active,391,0.015879154205322266,0.0
all,0.2000,wor-uniform,391,0.018245398998260498,1.0
all,0.2000,wor-active,392,0.015566542744636536,1.0
all,0.2000,wor-uniform,392,0.018256962299346924,1.0
all,0.2000,wor-active,393,0.015388965606689453,1.0
all,0.2000,wor-uniform,393,0.017834961414337158,1.0
all,0.2000,wor-active,394,0.01554638147354126,1.0
all,0.2000,wor-uniform,394,0.01876729726791382,1.0
all,0.2000,wor-active,395,0.014639854431152344,1.0
all,0.2000,wor-uniform,395,0.017757833003997803,1.0
all,0.2000,wor-active,396,0.015475630760192871,1.0
all,0.2000,wor-uniform,396,0.01805378496646881,1.0
all,0.2000,wor-active,397,0.016390621662139893,1.0
all,0.2000,wor-uniform,397,0.01895284652709961,0.0
all,0.2000,wor-active,398,0.01569223403930664,1.0
all,0.2000,wor-uniform,398,0.017772391438484192,1.0
all,0.2000,wor-active,399,0.01592850685119629,1.0
all,0.2000,wor-uniform,399,0.018361330032348633,1.0
all,0.2000,wor-active,400,0.015815913677215576,1.0
all,0.2000,wor-uniform,400,0.01790057122707367,1.0
all,0.2000,wor-active,401,0.015395164489746094,1.0
all,0.2000,wor-uniform,401,0.017469286918640137,1.0
all,0.2000,wor-active,402,0.015643775463104248,1.0
all,0.2000,wor-uniform,402,0.01841866970062256,1.0
all,0.2000,wor-active,403,0.016804933547973633,0.0
all,0.2000,wor-uniform,403,0.01899254322052002,1.0
all,0.2000,wor-active,404,0.015507102012634277,1.0
all,0.2000,wor-uniform,404,0.01831042766571045,1.0
all,0.2000,wor-active,405,0.01592850685119629,1.0
all,0.2000,wor-uniform,405,0.017758354544639587,1.0
all,0.2000,wor-active,406,0.015262186527252197,1.0
all,0.2000,wor-uniform,406,0.0181959867477417,1.0
all,0.2000,wor-active,407,0.01598435640335083,1.0
all,0.2000,wor-uniform,407,0.018117070198059082,1.0
all,0.2000,wor-active,408,0.016278252005577087,1.0
all,0.2000,wor-uniform,408,0.018343687057495117,1.0
all,0.2000,wor-active,409,0.016363084316253662,1.0
all,0.2000,wor-uniform,409,0.018544912338256836,1.0
all,0.2000,wor-active,410,0.015980303287506104,1.0
all,0.2000,wor-uniform,410,0.018185436725616455,1.0
all,0.2000,wor-active,411,0.016142189502716064,1.0
all,0.2000,wor-uniform,411,0.018065527081489563,1.0
all,0.2000,wor-active,412,0.015933871269226074,1.0
all,0.2000,wor-uniform,412,0.01780746877193451,1.0
all,0.2000,wor-active,413,0.015281379222869873,1.0
all,0.2000,wor-uniform,413,0.018289804458618164,1.0
all,0.2000,wor-active,414,0.01613737642765045,1.0
all,0.2000,wor-uniform,414,0.01800583302974701,1.0
all,0.2000,wor-active,415,0.015739738941192627,1.0
all,0.2000,wor-uniform,415,0.017674177885055542,0.0
all,0.2000,wor-active,416,0.01593245565891266,1.0
all,0.2000,wor-uniform,416,0.017497792840003967,1.0
all,0.2000,wor-active,417,0.015610277652740479,0.0
all,0.2000,wor-uniform,417,0.01806454360485077,1.0
all,0.2000,wor-active,418,0.015603244304656982,1.0
all,0.2000,wor-uniform,418,0.01773880422115326,1.0
all,0.2000,wor-active,419,0.015367865562438965,1.0
all,0.2000,wor-uniform,419,0.01828324794769287,1.0
all,0.2000,wor-active,420,0.01651608943939209,1.0
all,0.2000,wor-uniform,420,0.0182114839553833,1.0
all,0.2000,wor-active,421,0.015852689743041992,1.0
all,0.2000,wor-uniform,421,0.018088117241859436,1.0
all,0.2000,wor-active,422,0.01584327220916748,1.0
all,0.2000,wor-uniform,422,0.017698347568511963,1.0
all,0.2000,wor-active,423,0.016261816024780273,1.0
all,0.2000,wor-uniform,423,0.017635107040405273,1.0
all,0.2000,wor-active,424,0.016126036643981934,1.0
all,0.2000,wor-uniform,424,0.017838820815086365,1.0
all,0.2000,wor-active,425,0.015380322933197021,1.0
all,0.2000,wor-uniform,425,0.018501698970794678,1.0
all,0.2000,wor-active,426,0.015485882759094238,1.0
all,0.2000,wor-uniform,426,0.0178372859954834,1.0
all,0.2000,wor-active,427,0.015604957938194275,1.0
all,0.2000,wor-uniform,427,0.01785987615585327,1.0
all,0.2000,wor-active,428,0.015500962734222412,1.0
all,0.2000,wor-uniform,428,0.01848149299621582,1.0
all,0.2000,wor-active,429,0.01652364432811737,1.0
all,0.2000,wor-uniform,429,0.018171682953834534,1.0
all,0.2000,wor-active,430,0.016020849347114563,1.0
all,0.2000,wor-uniform,430,0.018535137176513672,1.0
all,0.2000,wor-active,431,0.01595824956893921,1.0
all,0.2000,wor-uniform,431,0.017512544989585876,1.0
all,0.2000,wor-active,432,0.01643127202987671,1.0
all,0.2000,wor-uniform,432,0.017994403839111328,1.0
all,0.2000,wor-active,433,0.016514405608177185,1.0
all,0.2000,wor-uniform,433,0.018115758895874023,1.0
all,0.2000,wor-active,434,0.015668943524360657,1.0
all,0.2000,wor-uniform,434,0.018054604530334473,1.0
all,0.2000,wor-active,435,0.015575885772705078,1.0
all,0.2000,wor-uniform,435,0.017626404762268066,1.0
all,0.2000,wor-active,436,0.01561129093170166,1.0
all,0.2000,wor-uniform,436,0.018775522708892822,1.0
all,0.2000,wor-active,437,0.015033304691314697,1.0
all,0.2000,wor-uniform,437,0.017576277256011963,1.0
all,0.2000,wor-active,438,0.015088975429534912,1.0
all,0.2000,wor-uniform,438,0.017972886562347412,1.0
all,0.2000,wor-active,439,0.015453696250915527,1.0
all,0.2000,wor-uniform,439,0.017997384071350098,1.0
all,0.2000,wor-active,440,0.016328394412994385,1.0
all,0.2000,wor-uniform,440,0.017693117260932922,1.0
all,0.2000,wor-active,441,0.016718804836273193,1.0
all,0.2000,wor-uniform,441,0.01818937063217163,1.0
all,0.2000,wor-active,442,0.01537400484085083,1.0
all,0.2000,wor-uniform,442,0.017914414405822754,1.0
all,0.2000,wor-active,443,0.016746222972869873,1.0
all,0.2000,wor-uniform,443,0.018206536769866943,1.0
all,0.2000,wor-active,444,0.016004204750061035,1.0
all,0.2000,wor-uniform,444,0.017620041966438293,0.0
all,0.2000,wor-active,445,0.015832960605621338,1.0
all,0.2000,wor-uniform,445,0.018065571784973145,1.0
all,0.2000,wor-active,446,0.016214728355407715,1.0
all,0.2000,wor-uniform,446,0.017865300178527832,1.0
all,0.2000,wor-active,447,0.01575314998626709,1.0
all,0.2000,wor-uniform,447,0.018117129802703857,1.0
all,0.2000,wor-active,448,0.015880882740020752,1.0
all,0.2000,wor-uniform,448,0.017799213528633118,1.0
all,0.2000,wor-active,449,0.016254186630249023,1.0
all,0.2000,wor-uniform,449,0.017981529235839844,1.0
all,0.2000,wor-active,450,0.016038239002227783,1.0
all,0.2000,wor-uniform,450,0.017961323261260986,1.0
all,0.2000,wor-active,451,0.01614511013031006,1.0
all,0.2000,wor-uniform,451,0.01804894208908081,1.0
all,0.2000,wor-active,452,0.015301287174224854,1.0
all,0.2000,wor-uniform,452,0.01795215904712677,1.0
all,0.2000,wor-active,453,0.015691816806793213,1.0
all,0.2000,wor-uniform,453,0.01806485652923584,1.0
all,0.2000,wor-active,454,0.01557093858718872,1.0
all,0.2000,wor-uniform,454,0.018362760543823242,1.0
all,0.2000,wor-active,455,0.015277788043022156,1.0
all,0.2000,wor-uniform,455,0.017979681491851807,1.0
all,0.2000,wor-active,456,0.015702128410339355,1.0
all,0.2000,wor-uniform,456,0.01808750629425049,1.0
all,0.2000,wor-active,457,0.016143321990966797,1.0
all,0.2000,wor-uniform,457,0.017963334918022156,1.0
all,0.2000,wor-active,458,0.015505596995353699,1.0
all,0.2000,wor-uniform,458,0.017924413084983826,1.0
all,0.2000,wor-active,459,0.015958786010742188,1.0
all,0.2000,wor-uniform,459,0.018537461757659912,1.0
all,0.2000,wor-active,460,0.017145514488220215,1.0
all,0.2000,wor-uniform,460,0.01878798007965088,1.0
all,0.2000,wor-active,461,0.01525723934173584,1.0
all,0.2000,wor-uniform,461,0.018265679478645325,1.0
all,0.2000,wor-active,462,0.015530839562416077,1.0
all,0.2000,wor-uniform,462,0.01803421974182129,1.0
all,0.2000,wor-active,463,0.015281438827514648,1.0
all,0.2000,wor-uniform,463,0.017907604575157166,1.0
all,0.2000,wor-active,464,0.01567089557647705,1.0
all,0.2000,wor-uniform,464,0.017772197723388672,1.0
all,0.2000,wor-active,465,0.015106216073036194,1.0
all,0.2000,wor-uniform,465,0.018133878707885742,1.0
all,0.2000,wor-active,466,0.015471339225769043,1.0
all,0.2000,wor-uniform,466,0.01755470037460327,1.0
all,0.2000,wor-active,467,0.015853047370910645,1.0
all,0.2000,wor-uniform,467,0.018369868397712708,1.0
all,0.2000,wor-active,468,0.016443848609924316,1.0
all,0.2000,wor-uniform,468,0.0178096741437912,1.0
all,0.2000,wor-active,469,0.01523137092590332,1.0
all,0.2000,wor-uniform,469,0.018161654472351074,1.0
all,0.2000,wor-active,470,0.01533806324005127,1.0
all,0.2000,wor-uniform,470,0.017701148986816406,1.0
all,0.2000,wor-active,471,0.015952885150909424,1.0
all,0.2000,wor-uniform,471,0.01787567138671875,1.0
all,0.2000,wor-active,472,0.01575493812561035,1.0
all,0.2000,wor-uniform,472,0.017796039581298828,1.0
all,0.2000,wor-active,473,0.016349375247955322,1.0
all,0.2000,wor-uniform,473,0.018107116222381592,1.0
all,0.2000,wor-active,474,0.01454491913318634,1.0
all,0.2000,wor-uniform,474,0.01851409673690796,1.0
all,0.2000,wor-active,475,0.016515374183654785,1.0
all,0.2000,wor-uniform,475,0.017854154109954834,1.0
all,0.2000,wor-active,476,0.015325307846069336,1.0
all,0.2000,wor-uniform,476,0.017959892749786377,1.0
all,0.2000,wor-active,477,0.015137016773223877,1.0
all,0.2000,wor-uniform,477,0.01828312873840332,1.0
all,0.2000,wor-active,478,0.01587212085723877,1.0
all,0.2000,wor-uniform,478,0.018109798431396484,1.0
all,0.2000,wor-active,479,0.015901505947113037,1.0
all,0.2000,wor-uniform,479,0.017568111419677734,1.0
all,0.2000,wor-active,480,0.01463945209980011,1.0
all,0.2000,wor-uniform,480,0.017405495047569275,1.0
all,0.2000,wor-active,481,0.016019880771636963,1.0
all,0.2000,wor-uniform,481,0.017890751361846924,1.0
all,0.2000,wor-active,482,0.016398489475250244,1.0
all,0.2000,wor-uniform,482,0.017895162105560303,1.0
all,0.2000,wor-active,483,0.015871405601501465,1.0
all,0.2000,wor-uniform,483,0.017762720584869385,1.0
all,0.2000,wor-active,484,0.016197383403778076,1.0
all,0.2000,wor-uniform,484,0.018371284008026123,1.0
all,0.2000,wor-active,485,0.01550273597240448,1.0
all,0.2000,wor-uniform,485,0.017705917358398438,1.0
all,0.2000,wor-active,486,0.015660762786865234,1.0
all,0.2000,wor-uniform,486,0.018339455127716064,1.0
all,0.2000,wor-active,487,0.016625702381134033,1.0
all,0.2000,wor-uniform,487,0.01741468906402588,1.0
all,0.2000,wor-active,488,0.015192404389381409,0.0
all,0.2000,wor-uniform,488,0.017996609210968018,1.0
all,0.2000,wor-active,489,0.015755057334899902,1.0
all,0.2000,wor-uniform,489,0.018361330032348633,1.0
all,0.2000,wor-active,490,0.0160457044839859,1.0
all,0.2000,wor-uniform,490,0.01796102523803711,1.0
all,0.2000,wor-active,491,0.01588273048400879,1.0
all,0.2000,wor-uniform,491,0.018030405044555664,1.0
all,0.2000,wor-active,492,0.01614701747894287,1.0
all,0.2000,wor-uniform,492,0.01782315969467163,1.0
all,0.2000,wor-active,493,0.01536513864994049,1.0
all,0.2000,wor-uniform,493,0.018217384815216064,1.0
all,0.2000,wor-active,494,0.016105175018310547,1.0
all,0.2000,wor-uniform,494,0.017668113112449646,1.0
all,0.2000,wor-active,495,0.01581937074661255,1.0
all,0.2000,wor-uniform,495,0.01837456226348877,1.0
all,0.2000,wor-active,496,0.015755534172058105,1.0
all,0.2000,wor-uniform,496,0.01800084114074707,1.0
all,0.2000,wor-active,497,0.015262484550476074,1.0
all,0.2000,wor-uniform,497,0.01757633686065674,1.0
all,0.2000,wor-active,498,0.016110897064208984,1.0
all,0.2000,wor-uniform,498,0.017872393131256104,1.0
all,0.2000,wor-active,499,0.015516519546508789,1.0
all,0.2000,wor-uniform,499,0.01837770640850067,1.0
all,0.2000,wor-active,500,0.01542598009109497,1.0
all,0.2000,wor-uniform,500,0.01811438798904419,1.0
all,0.2000,wor-active,501,0.015521466732025146,1.0
all,0.2000,wor-uniform,501,0.018157005310058594,1.0
all,0.2000,wor-active,502,0.015352129936218262,1.0
all,0.2000,wor-uniform,502,0.017764627933502197,1.0
all,0.2000,wor-active,503,0.016742944717407227,1.0
all,0.2000,wor-uniform,503,0.017984330654144287,1.0
all,0.2000,wor-active,504,0.015378594398498535,1.0
all,0.2000,wor-uniform,504,0.01806795597076416,0.0
all,0.2000,wor-active,505,0.015578880906105042,1.0
all,0.2000,wor-uniform,505,0.017172083258628845,0.0
all,0.2000,wor-active,506,0.015960946679115295,1.0
all,0.2000,wor-uniform,506,0.017706215381622314,1.0
all,0.2000,wor-active,507,0.015141859650611877,1.0
all,0.2000,wor-uniform,507,0.017791330814361572,1.0
all,0.2000,wor-active,508,0.01619023084640503,1.0
all,0.2000,wor-uniform,508,0.018506288528442383,0.0
all,0.2000,wor-active,509,0.016408979892730713,1.0
all,0.2000,wor-uniform,509,0.01808685064315796,1.0
all,0.2000,wor-active,510,0.016646385192871094,1.0
all,0.2000,wor-uniform,510,0.017567813396453857,1.0
all,0.2000,wor-active,511,0.015594959259033203,1.0
all,0.2000,wor-uniform,511,0.01858752965927124,1.0
all,0.2000,wor-active,512,0.015942677855491638,1.0
all,0.2000,wor-uniform,512,0.0173797607421875,1.0
all,0.2000,wor-active,513,0.016273081302642822,1.0
all,0.2000,wor-uniform,513,0.017696797847747803,1.0
all,0.2000,wor-active,514,0.015749752521514893,1.0
all,0.2000,wor-uniform,514,0.018138229846954346,1.0
all,0.2000,wor-active,515,0.015003785490989685,1.0
all,0.2000,wor-uniform,515,0.018253669142723083,1.0
all,0.2000,wor-active,516,0.016392827033996582,1.0
all,0.2000,wor-uniform,516,0.018002808094024658,1.0
all,0.2000,wor-active,517,0.015733107924461365,1.0
all,0.2000,wor-uniform,517,0.018311917781829834,1.0
all,0.2000,wor-active,518,0.016361892223358154,1.0
all,0.2000,wor-uniform,518,0.017303884029388428,1.0
all,0.2000,wor-active,519,0.014892578125,1.0
all,0.2000,wor-uniform,519,0.017835915088653564,1.0
all,0.2000,wor-active,520,0.016344904899597168,1.0
all,0.2000,wor-uniform,520,0.01804649829864502,1.0
all,0.2000,wor-active,521,0.016620218753814697,1.0
all,0.2000,wor-uniform,521,0.017602041363716125,1.0
all,0.2000,wor-active,522,0.015114560723304749,1.0
all,0.2000,wor-uniform,522,0.018146038055419922,1.0
all,0.2000,wor-active,523,0.01575826108455658,1.0
all,0.2000,wor-uniform,523,0.018015682697296143,1.0
all,0.2000,wor-active,524,0.016154885292053223,1.0
all,0.2000,wor-uniform,524,0.017747357487678528,0.0
all,0.2000,wor-active,525,0.015197142958641052,1.0
all,0.2000,wor-uniform,525,0.017629563808441162,1.0
all,0.2000,wor-active,526,0.01547861099243164,1.0
all,0.2000,wor-uniform,526,0.017729461193084717,1.0
all,0.2000,wor-active,527,0.0159684419631958,1.0
all,0.2000,wor-uniform,527,0.017948031425476074,1.0
all,0.2000,wor-active,528,0.01515747606754303,1.0
all,0.2000,wor-uniform,528,0.01781362295150757,1.0
all,0.2000,wor-active,529,0.015829086303710938,1.0
all,0.2000,wor-uniform,529,0.01817244291305542,1.0
all,0.2000,wor-active,530,0.01563096046447754,1.0
all,0.2000,wor-uniform,530,0.017610669136047363,1.0
all,0.2000,wor-active,531,0.01551884412765503,1.0
all,0.2000,wor-uniform,531,0.017541006207466125,1.0
all,0.2000,wor-active,532,0.015600129961967468,1.0
all,0.2000,wor-uniform,532,0.01778888702392578,1.0
all,0.2000,wor-active,533,0.015427470207214355,1.0
all,0.2000,wor-uniform,533,0.01824730634689331,1.0
all,0.2000,wor-active,534,0.016338825225830078,1.0
all,0.2000,wor-uniform,534,0.01787322759628296,1.0
all,0.2000,wor-active,535,0.01515573263168335,1.0
all,0.2000,wor-uniform,535,0.018281176686286926,1.0
all,0.2000,wor-active,536,0.016621291637420654,1.0
all,0.2000,wor-uniform,536,0.01814591884613037,1.0
all,0.2000,wor-active,537,0.015398383140563965,1.0
all,0.2000,wor-uniform,537,0.017781853675842285,1.0
all,0.2000,wor-active,538,0.01640903949737549,1.0
all,0.2000,wor-uniform,538,0.018220484256744385,1.0
all,0.2000,wor-active,539,0.01596689224243164,1.0
all,0.2000,wor-uniform,539,0.017841994762420654,1.0
all,0.2000,wor-active,540,0.015098989009857178,1.0
all,0.2000,wor-uniform,540,0.01861393451690674,1.0
all,0.2000,wor-active,541,0.016118407249450684,1.0
all,0.2000,wor-uniform,541,0.018742918968200684,0.0
all,0.2000,wor-active,542,0.01519988477230072,1.0
all,0.2000,wor-uniform,542,0.017700254917144775,1.0
all,0.2000,wor-active,543,0.015453040599822998,1.0
all,0.2000,wor-uniform,543,0.01806396245956421,1.0
all,0.2000,wor-active,544,0.015553370118141174,0.0
all,0.2000,wor-uniform,544,0.017859280109405518,1.0
all,0.2000,wor-active,545,0.014976203441619873,1.0
all,0.2000,wor-uniform,545,0.0182076096534729,1.0
all,0.2000,wor-active,546,0.01602095365524292,1.0
all,0.2000,wor-uniform,546,0.018115803599357605,1.0
all,0.2000,wor-active,547,0.016366243362426758,1.0
all,0.2000,wor-uniform,547,0.0182114839553833,1.0
all,0.2000,wor-active,548,0.01559072732925415,1.0
all,0.2000,wor-uniform,548,0.01808774471282959,1.0
all,0.2000,wor-active,549,0.015860676765441895,1.0
all,0.2000,wor-uniform,549,0.017678067088127136,1.0
all,0.2000,wor-active,550,0.01614278554916382,1.0
all,0.2000,wor-uniform,550,0.01798403263092041,1.0
all,0.2000,wor-active,551,0.016241729259490967,1.0
all,0.2000,wor-uniform,551,0.018263280391693115,1.0
all,0.2000,wor-active,552,0.01650846004486084,1.0
all,0.2000,wor-uniform,552,0.017622768878936768,1.0
all,0.2000,wor-active,553,0.015971481800079346,1.0
all,0.2000,wor-uniform,553,0.018604397773742676,0.0
all,0.2000,wor-active,554,0.016143321990966797,1.0
all,0.2000,wor-uniform,554,0.01783895492553711,1.0
all,0.2000,wor-active,555,0.016745805740356445,1.0
all,0.2000,wor-uniform,555,0.01816105842590332,0.0
all,0.2000,wor-active,556,0.015962719917297363,1.0
all,0.2000,wor-uniform,556,0.017963111400604248,1.0
all,0.2000,wor-active,557,0.01681351661682129,1.0
all,0.2000,wor-uniform,557,0.01801896095275879,1.0
all,0.2000,wor-active,558,0.015689969062805176,1.0
all,0.2000,wor-uniform,558,0.018278777599334717,1.0
all,0.2000,wor-active,559,0.01573854684829712,1.0
all,0.2000,wor-uniform,559,0.018273532390594482,1.0
all,0.2000,wor-active,560,0.01682138442993164,1.0
all,0.2000,wor-uniform,560,0.01729421317577362,0.0
all,0.2000,wor-active,561,0.01637166738510132,1.0
all,0.2000,wor-uniform,561,0.01805824041366577,1.0
all,0.2000,wor-active,562,0.015815436840057373,1.0
all,0.2000,wor-uniform,562,0.01750887930393219,1.0
all,0.2000,wor-active,563,0.0157318115234375,1.0
all,0.2000,wor-uniform,563,0.01835101842880249,1.0
all,0.2000,wor-active,564,0.01584070920944214,1.0
all,0.2000,wor-uniform,564,0.01824474334716797,0.0
all,0.2000,wor-active,565,0.01540982723236084,1.0
all,0.2000,wor-uniform,565,0.018265485763549805,1.0
all,0.2000,wor-active,566,0.016545474529266357,1.0
all,0.2000,wor-uniform,566,0.017411455512046814,0.0
all,0.2000,wor-active,567,0.015343859791755676,1.0
all,0.2000,wor-uniform,567,0.01853245496749878,1.0
all,0.2000,wor-active,568,0.016213953495025635,1.0
all,0.2000,wor-uniform,568,0.017875075340270996,1.0
all,0.2000,wor-active,569,0.016064807772636414,0.0
all,0.2000,wor-uniform,569,0.017903625965118408,0.0
all,0.2000,wor-active,570,0.015267133712768555,1.0
all,0.2000,wor-uniform,570,0.01872342824935913,1.0
all,0.2000,wor-active,571,0.015300452709197998,1.0
all,0.2000,wor-uniform,571,0.01796106994152069,0.0
all,0.2000,wor-active,572,0.015089631080627441,1.0
all,0.2000,wor-uniform,572,0.017781734466552734,1.0
all,0.2000,wor-active,573,0.01661062240600586,1.0
all,0.2000,wor-uniform,573,0.017548799514770508,1.0
all,0.2000,wor-active,574,0.015483483672142029,1.0
all,0.2000,wor-uniform,574,0.018076062202453613,1.0
all,0.2000,wor-active,575,0.016151368618011475,1.0
all,0.2000,wor-uniform,575,0.017954111099243164,1.0
all,0.2000,wor-active,576,0.015770792961120605,1.0
all,0.2000,wor-uniform,576,0.01746635138988495,1.0
all,0.2000,wor-active,577,0.015334591269493103,1.0
all,0.2000,wor-uniform,577,0.017716825008392334,1.0
all,0.2000,wor-active,578,0.015573084354400635,1.0
all,0.2000,wor-uniform,578,0.01820915937423706,1.0
all,0.2000,wor-active,579,0.01581507921218872,1.0
all,0.2000,wor-uniform,579,0.01810668408870697,1.0
all,0.2000,wor-active,580,0.015947997570037842,1.0
all,0.2000,wor-uniform,580,0.01793771982192993,1.0
all,0.2000,wor-active,581,0.015973389148712158,1.0
all,0.2000,wor-uniform,581,0.017762422561645508,1.0
all,0.2000,wor-active,582,0.01565462350845337,1.0
all,0.2000,wor-uniform,582,0.01828014850616455,1.0
all,0.2000,wor-active,583,0.016463398933410645,1.0
all,0.2000,wor-uniform,583,0.017894864082336426,1.0
all,0.2000,wor-active,584,0.01573014259338379,1.0
all,0.2000,wor-uniform,584,0.018352091312408447,1.0
all,0.2000,wor-active,585,0.015806734561920166,1.0
all,0.2000,wor-uniform,585,0.017993628978729248,1.0
all,0.2000,wor-active,586,0.01512366533279419,1.0
all,0.2000,wor-uniform,586,0.018537700176239014,1.0
all,0.2000,wor-active,587,0.01527637243270874,1.0
all,0.2000,wor-uniform,587,0.018006548285484314,1.0
all,0.2000,wor-active,588,0.0165594220161438,1.0
all,0.2000,wor-uniform,588,0.017815053462982178,1.0
all,0.2000,wor-active,589,0.016256392002105713,1.0
all,0.2000,wor-uniform,589,0.01766037940979004,1.0
all,0.2000,wor-active,590,0.01512618362903595,1.0
all,0.2000,wor-uniform,590,0.01802186667919159,1.0
all,0.2000,wor-active,591,0.01575016975402832,1.0
all,0.2000,wor-uniform,591,0.01843082904815674,1.0
all,0.2000,wor-active,592,0.014589488506317139,0.0
all,0.2000,wor-uniform,592,0.01789708435535431,1.0
all,0.2000,wor-active,593,0.01629459857940674,1.0
all,0.2000,wor-uniform,593,0.01784801483154297,1.0
all,0.2000,wor-active,594,0.016133904457092285,1.0
all,0.2000,wor-uniform,594,0.018374741077423096,1.0
all,0.2000,wor-active,595,0.015703320503234863,1.0
all,0.2000,wor-uniform,595,0.017698824405670166,1.0
all,0.2000,wor-active,596,0.0159376859664917,1.0
all,0.2000,wor-uniform,596,0.01862800121307373,0.0
all,0.2000,wor-active,597,0.015554964542388916,1.0
all,0.2000,wor-uniform,597,0.01802438497543335,1.0
all,0.2000,wor-active,598,0.014721274375915527,0.0
all,0.2000,wor-uniform,598,0.01766878366470337,1.0
all,0.2000,wor-active,599,0.016116023063659668,1.0
all,0.2000,wor-uniform,599,0.01800978183746338,1.0
all,0.2000,wor-active,600,0.014486834406852722,0.0
all,0.2000,wor-uniform,600,0.01788771152496338,1.0
all,0.2000,wor-active,601,0.015527009963989258,1.0
all,0.2000,wor-uniform,601,0.017911136150360107,1.0
all,0.2000,wor-active,602,0.016421020030975342,1.0
all,0.2000,wor-uniform,602,0.01792389154434204,1.0
all,0.2000,wor-active,603,0.015775978565216064,1.0
all,0.2000,wor-uniform,603,0.018128693103790283,1.0
all,0.2000,wor-active,604,0.015755176544189453,1.0
all,0.2000,wor-uniform,604,0.018279731273651123,1.0
all,0.2000,wor-active,605,0.015477001667022705,1.0
all,0.2000,wor-uniform,605,0.018788814544677734,0.0
all,0.2000,wor-active,606,0.016444504261016846,1.0
all,0.2000,wor-uniform,606,0.018147706985473633,1.0
all,0.2000,wor-active,607,0.015770256519317627,1.0
all,0.2000,wor-uniform,607,0.018029332160949707,1.0
all,0.2000,wor-active,608,0.015546917915344238,1.0
all,0.2000,wor-uniform,608,0.017880678176879883,1.0
all,0.2000,wor-active,609,0.015464305877685547,1.0
all,0.2000,wor-uniform,609,0.018011748790740967,1.0
all,0.2000,wor-active,610,0.015282034873962402,1.0
all,0.2000,wor-uniform,610,0.018194839358329773,1.0
all,0.2000,wor-active,611,0.016011834144592285,1.0
all,0.2000,wor-uniform,611,0.017558753490447998,1.0
all,0.2000,wor-active,612,0.016218945384025574,1.0
all,0.2000,wor-uniform,612,0.018152356147766113,1.0
all,0.2000,wor-active,613,0.015252947807312012,0.0
all,0.2000,wor-uniform,613,0.017482474446296692,1.0
all,0.2000,wor-active,614,0.015329718589782715,1.0
all,0.2000,wor-uniform,614,0.018098533153533936,1.0
all,0.2000,wor-active,615,0.014960229396820068,1.0
all,0.2000,wor-uniform,615,0.017661988735198975,1.0
all,0.2000,wor-active,616,0.016063034534454346,1.0
all,0.2000,wor-uniform,616,0.01741170883178711,1.0
all,0.2000,wor-active,617,0.015167057514190674,1.0
all,0.2000,wor-uniform,617,0.01815873384475708,1.0
all,0.2000,wor-active,618,0.015540778636932373,1.0
all,0.2000,wor-uniform,618,0.018254876136779785,1.0
all,0.2000,wor-active,619,0.015914618968963623,1.0
all,0.2000,wor-uniform,619,0.017547667026519775,1.0
all,0.2000,wor-active,620,0.015869140625,1.0
all,0.2000,wor-uniform,620,0.017925620079040527,1.0
all,0.2000,wor-active,621,0.015309691429138184,1.0
all,0.2000,wor-uniform,621,0.018219053745269775,1.0
all,0.2000,wor-active,622,0.016022086143493652,1.0
all,0.2000,wor-uniform,622,0.01807767152786255,1.0
all,0.2000,wor-active,623,0.0157928466796875,1.0
all,0.2000,wor-uniform,623,0.018414437770843506,1.0
all,0.2000,wor-active,624,0.016638100147247314,1.0
all,0.2000,wor-uniform,624,0.017642930150032043,1.0
all,0.2000,wor-active,625,0.016084253787994385,1.0
all,0.2000,wor-uniform,625,0.01811915636062622,1.0
all,0.2000,wor-active,626,0.015795350074768066,1.0
all,0.2000,wor-uniform,626,0.01751941442489624,1.0
all,0.2000,wor-active,627,0.01649683713912964,1.0
all,0.2000,wor-uniform,627,0.018590033054351807,1.0
all,0.2000,wor-active,628,0.015712201595306396,1.0
all,0.2000,wor-uniform,628,0.018085896968841553,1.0
all,0.2000,wor-active,629,0.015043199062347412,1.0
all,0.2000,wor-uniform,629,0.017811059951782227,1.0
all,0.2000,wor-active,630,0.01616460084915161,1.0
all,0.2000,wor-uniform,630,0.018708348274230957,1.0
all,0.2000,wor-active,631,0.01666039228439331,1.0
all,0.2000,wor-uniform,631,0.017822086811065674,1.0
all,0.2000,wor-active,632,0.015392720699310303,1.0
all,0.2000,wor-uniform,632,0.01795792579650879,1.0
all,0.2000,wor-active,633,0.014938175678253174,1.0
all,0.2000,wor-uniform,633,0.018288850784301758,1.0
all,0.2000,wor-active,634,0.016719579696655273,1.0
all,0.2000,wor-uniform,634,0.018651247024536133,0.0
all,0.2000,wor-active,635,0.016070127487182617,1.0
all,0.2000,wor-uniform,635,0.018126249313354492,1.0
all,0.2000,wor-active,636,0.015977203845977783,0.0
all,0.2000,wor-uniform,636,0.018202483654022217,1.0
all,0.2000,wor-active,637,0.016482770442962646,1.0
all,0.2000,wor-uniform,637,0.018287718296051025,1.0
all,0.2000,wor-active,638,0.01576298475265503,1.0
all,0.2000,wor-uniform,638,0.018414735794067383,1.0
all,0.2000,wor-active,639,0.016614139080047607,1.0
all,0.2000,wor-uniform,639,0.017948612570762634,1.0
all,0.2000,wor-active,640,0.015672743320465088,1.0
all,0.2000,wor-uniform,640,0.018172800540924072,1.0
all,0.2000,wor-active,641,0.01568572223186493,1.0
all,0.2000,wor-uniform,641,0.017505168914794922,1.0
all,0.2000,wor-active,642,0.016155719757080078,1.0
all,0.2000,wor-uniform,642,0.018248796463012695,0.0
all,0.2000,wor-active,643,0.015236899256706238,0.0
all,0.2000,wor-uniform,643,0.018311381340026855,1.0
all,0.2000,wor-active,644,0.016374170780181885,0.0
all,0.2000,wor-uniform,644,0.017873406410217285,1.0
all,0.2000,wor-active,645,0.016192138195037842,1.0
all,0.2000,wor-uniform,645,0.01824045181274414,1.0
all,0.2000,wor-active,646,0.015569329261779785,1.0
all,0.2000,wor-uniform,646,0.017600789666175842,1.0
all,0.2000,wor-active,647,0.016483783721923828,0.0
all,0.2000,wor-uniform,647,0.018395841121673584,0.0
all,0.2000,wor-active,648,0.01539599895477295,1.0
all,0.2000,wor-uniform,648,0.01831883192062378,1.0
all,0.2000,wor-active,649,0.016118288040161133,1.0
all,0.2000,wor-uniform,649,0.01849156618118286,1.0
all,0.2000,wor-active,650,0.01458597183227539,1.0
all,0.2000,wor-uniform,650,0.018105819821357727,1.0
all,0.2000,wor-active,651,0.015535369515419006,1.0
all,0.2000,wor-uniform,651,0.017743587493896484,1.0
all,0.2000,wor-active,652,0.01535363495349884,1.0
all,0.2000,wor-uniform,652,0.017675578594207764,1.0
all,0.2000,wor-active,653,0.014722466468811035,0.0
all,0.2000,wor-uniform,653,0.018258213996887207,1.0
all,0.2000,wor-active,654,0.015732526779174805,1.0
all,0.2000,wor-uniform,654,0.01825624704360962,1.0
all,0.2000,wor-active,655,0.01625007390975952,1.0
all,0.2000,wor-uniform,655,0.017542123794555664,1.0
all,0.2000,wor-active,656,0.01582658290863037,1.0
all,0.2000,wor-uniform,656,0.017866849899291992,1.0
all,0.2000,wor-active,657,0.016084492206573486,1.0
all,0.2000,wor-uniform,657,0.018001556396484375,1.0
all,0.2000,wor-active,658,0.015584945678710938,1.0
all,0.2000,wor-uniform,658,0.017736494541168213,1.0
all,0.2000,wor-active,659,0.01571740210056305,1.0
all,0.2000,wor-uniform,659,0.01776254177093506,1.0
all,0.2000,wor-active,660,0.016018688678741455,1.0
all,0.2000,wor-uniform,660,0.017991721630096436,1.0
all,0.2000,wor-active,661,0.015776634216308594,1.0
all,0.2000,wor-uniform,661,0.018336474895477295,1.0
all,0.2000,wor-active,662,0.01661229133605957,1.0
all,0.2000,wor-uniform,662,0.017992854118347168,1.0
all,0.2000,wor-active,663,0.016184687614440918,1.0
all,0.2000,wor-uniform,663,0.017637208104133606,1.0
all,0.2000,wor-active,664,0.015155494213104248,1.0
all,0.2000,wor-uniform,664,0.01720203459262848,0.0
all,0.2000,wor-active,665,0.016352534294128418,1.0
all,0.2000,wor-uniform,665,0.017604097723960876,1.0
