group,prop_budget,method,seed,width,coverage
all,0.0100,wor-active,0,0.09002365171909332,1.0
all,0.0100,wor-uniform,0,0.08960728347301483,1.0
all,0.0100,wor-active,1,0.06398546695709229,1.0
all,0.0100,wor-uniform,1,0.09870477020740509,1.0
all,0.0100,wor-active,2,0.07050731778144836,0.0
all,0.0100,wor-uniform,2,0.08101767301559448,1.0
all,0.0100,wor-active,3,0.08198967576026917,1.0
all,0.0100,wor-uniform,3,0.09465265274047852,1.0
all,0.0100,wor-active,4,0.08431269228458405,1.0
all,0.0100,wor-uniform,4,0.09966617822647095,1.0
all,0.0100,wor-active,5,0.08781041204929352,1.0
all,0.0100,wor-uniform,5,0.08567194640636444,1.0
all,0.0100,wor-active,6,0.08011585474014282,0.0
all,0.0100,wor-uniform,6,0.09095728397369385,1.0
all,0.0100,wor-active,7,0.06267867982387543,1.0
all,0.0100,wor-uniform,7,0.09325367212295532,1.0
all,0.0100,wor-active,8,0.05094532668590546,0.0
all,0.0100,wor-uniform,8,0.0872061550617218,1.0
all,0.0100,wor-active,9,0.06313520669937134,1.0
all,0.0100,wor-uniform,9,0.0750654935836792,1.0
all,0.0100,wor-active,10,0.07703013718128204,1.0
all,0.0100,wor-uniform,10,0.08486820757389069,1.0
all,0.0100,wor-active,11,0.06908583641052246,0.0
all,0.0100,wor-uniform,11,0.081560418009758,1.0
all,0.0100,wor-active,12,0.06669583916664124,1.0
all,0.0100,wor-uniform,12,0.09026758372783661,1.0
all,0.0100,wor-active,13,0.06901228427886963,1.0
all,0.0100,wor-uniform,13,0.0806841254234314,1.0
all,0.0100,wor-active,14,0.08295345306396484,1.0
all,0.0100,wor-uniform,14,0.09493720531463623,0.0
all,0.0100,wor-active,15,0.06882503628730774,1.0
all,0.0100,wor-uniform,15,0.08133025467395782,1.0
all,0.0100,wor-active,16,0.07206720113754272,1.0
all,0.0100,wor-uniform,16,0.08242899179458618,1.0
all,0.0100,wor-active,17,0.0932801216840744,1.0
all,0.0100,wor-uniform,17,0.09377193450927734,1.0
all,0.0100,wor-active,18,0.09118843078613281,1.0
all,0.0100,wor-uniform,18,0.08364641666412354,1.0
all,0.0100,wor-active,19,0.07145839929580688,1.0
all,0.0100,wor-uniform,19,0.09124487638473511,1.0
all,0.0100,wor-active,20,0.09004111588001251,1.0
all,0.0100,wor-uniform,20,0.09582877159118652,0.0
all,0.0100,wor-active,21,0.07540446519851685,1.0
all,0.0100,wor-uniform,21,0.08697791397571564,1.0
all,0.0100,wor-active,22,0.06731465458869934,0.0
all,0.0100,wor-uniform,22,0.0933077484369278,1.0
all,0.0100,wor-active,23,0.06661109626293182,1.0
all,0.0100,wor-uniform,23,0.08507539331912994,1.0
all,0.0100,wor-active,24,0.09288109838962555,1.0
all,0.0100,wor-uniform,24,0.08187921345233917,1.0
all,0.0100,wor-active,25,0.06736500561237335,1.0
all,0.0100,wor-uniform,25,0.09657858312129974,1.0
all,0.0100,wor-active,26,0.09025169909000397,1.0
all,0.0100,wor-uniform,26,0.08861106634140015,1.0
all,0.0100,wor-active,27,0.08426773548126221,1.0
all,0.0100,wor-uniform,27,0.08225852251052856,1.0
all,0.0100,wor-active,28,0.08868713676929474,1.0
all,0.0100,wor-uniform,28,0.10034072399139404,1.0
all,0.0100,wor-active,29,0.06967693567276001,1.0
all,0.0100,wor-uniform,29,0.09604372084140778,1.0
all,0.0100,wor-active,30,0.06929123401641846,1.0
all,0.0100,wor-uniform,30,0.08800077438354492,1.0
all,0.0100,wor-active,31,0.07654500007629395,1.0
all,0.0100,wor-uniform,31,0.10321682691574097,1.0
all,0.0100,wor-active,32,0.0854257345199585,1.0
all,0.0100,wor-uniform,32,0.09466563165187836,1.0
all,0.0100,wor-active,33,0.07664461433887482,1.0
all,0.0100,wor-uniform,33,0.10670040547847748,1.0
all,0.0100,wor-active,34,0.09293794631958008,1.0
all,0.0100,wor-uniform,34,0.0878366231918335,1.0
all,0.0100,wor-active,35,0.07758873701095581,1.0
all,0.0100,wor-uniform,35,0.0819786787033081,1.0
all,0.0100,wor-active,36,0.08001194894313812,1.0
all,0.0100,wor-uniform,36,0.09178847074508667,1.0
all,0.0100,wor-active,37,0.128636434674263,1.0
all,0.0100,wor-uniform,37,0.07970081269741058,1.0
all,0.0100,wor-active,38,0.07918111979961395,1.0
all,0.0100,wor-uniform,38,0.0693475604057312,1.0
all,0.0100,wor-active,39,0.08394478261470795,1.0
all,0.0100,wor-uniform,39,0.08642852306365967,1.0
all,0.0100,wor-active,40,0.09415990114212036,0.0
all,0.0100,wor-uniform,40,0.1002126932144165,1.0
all,0.0100,wor-active,41,0.0850980281829834,1.0
all,0.0100,wor-uniform,41,0.0765114277601242,1.0
all,0.0100,wor-active,42,0.0739491730928421,1.0
all,0.0100,wor-uniform,42,0.07456658780574799,1.0
all,0.0100,wor-active,43,0.06240580976009369,1.0
all,0.0100,wor-uniform,43,0.08385215699672699,1.0
all,0.0100,wor-active,44,0.09643779695034027,1.0
all,0.0100,wor-uniform,44,0.0984412431716919,1.0
all,0.0100,wor-active,45,0.09041517972946167,1.0
all,0.0100,wor-uniform,45,0.08865928649902344,1.0
all,0.0100,wor-active,46,0.08081559836864471,1.0
all,0.0100,wor-uniform,46,0.08537441492080688,1.0
all,0.0100,wor-active,47,0.07457339763641357,1.0
all,0.0100,wor-uniform,47,0.08630478382110596,1.0
all,0.0100,wor-active,48,0.07425056397914886,1.0
all,0.0100,wor-uniform,48,0.08962428569793701,1.0
all,0.0100,wor-active,49,0.06742466986179352,0.0
all,0.0100,wor-uniform,49,0.08921325206756592,1.0
all,0.0100,wor-active,50,0.07416801154613495,1.0
all,0.0100,wor-uniform,50,0.09572845697402954,1.0
all,0.0100,wor-active,51,0.07467831671237946,1.0
all,0.0100,wor-uniform,51,0.08163140714168549,1.0
all,0.0100,wor-active,52,0.08787240087985992,1.0
all,0.0100,wor-uniform,52,0.09067767858505249,1.0
all,0.0100,wor-active,53,0.08281153440475464,1.0
all,0.0100,wor-uniform,53,0.09497958421707153,1.0
all,0.0100,wor-active,54,0.08044014871120453,1.0
all,0.0100,wor-uniform,54,0.06950539350509644,1.0
all,0.0100,wor-active,55,0.07633846998214722,1.0
all,0.0100,wor-uniform,55,0.07871560752391815,1.0
all,0.0100,wor-active,56,0.07648690044879913,1.0
all,0.0100,wor-uniform,56,0.09282863140106201,1.0
all,0.0100,wor-active,57,0.0708804726600647,1.0
all,0.0100,wor-uniform,57,0.08247536420822144,1.0
all,0.0100,wor-active,58,0.06972718238830566,1.0
all,0.0100,wor-uniform,58,0.10176265239715576,1.0
all,0.0100,wor-active,59,0.06367230415344238,1.0
all,0.0100,wor-uniform,59,0.08673413097858429,1.0
all,0.0100,wor-active,60,0.07592242956161499,1.0
all,0.0100,wor-uniform,60,0.08962798118591309,1.0
all,0.0100,wor-active,61,0.07418492436408997,1.0
all,0.0100,wor-uniform,61,0.08250786364078522,1.0
all,0.0100,wor-active,62,0.060131609439849854,1.0
all,0.0100,wor-uniform,62,0.09224247932434082,1.0
all,0.0100,wor-active,63,0.06859266757965088,1.0
all,0.0100,wor-uniform,63,0.09577065706253052,1.0
all,0.0100,wor-active,64,0.07748953998088837,1.0
all,0.0100,wor-uniform,64,0.09456004202365875,1.0
all,0.0100,wor-active,65,0.0625685453414917,1.0
all,0.0100,wor-uniform,65,0.08710688352584839,1.0
all,0.0100,wor-active,66,0.09138967096805573,1.0
all,0.0100,wor-uniform,66,0.0848347544670105,1.0
all,0.0100,wor-active,67,0.06560555100440979,1.0
all,0.0100,wor-uniform,67,0.09314174950122833,1.0
all,0.0100,wor-active,68,0.09075386822223663,1.0
all,0.0100,wor-uniform,68,0.08994050323963165,1.0
all,0.0100,wor-active,69,0.08955192565917969,1.0
all,0.0100,wor-uniform,69,0.08395594358444214,1.0
all,0.0100,wor-active,70,0.07659488916397095,1.0
all,0.0100,wor-uniform,70,0.08675169944763184,1.0
all,0.0100,wor-active,71,0.05025644600391388,0.0
all,0.0100,wor-uniform,71,0.07932700216770172,1.0
all,0.0100,wor-active,72,0.08798907697200775,1.0
all,0.0100,wor-uniform,72,0.09820467233657837,0.0
all,0.0100,wor-active,73,0.09574775397777557,1.0
all,0.0100,wor-uniform,73,0.08117538690567017,1.0
all,0.0100,wor-active,74,0.07008987665176392,1.0
all,0.0100,wor-uniform,74,0.08802029490470886,1.0
all,0.0100,wor-active,75,0.09769658744335175,1.0
all,0.0100,wor-uniform,75,0.07341122627258301,1.0
all,0.0100,wor-active,76,0.09489832818508148,0.0
all,0.0100,wor-uniform,76,0.08942711353302002,1.0
all,0.0100,wor-active,77,0.07389754056930542,1.0
all,0.0100,wor-uniform,77,0.08822476863861084,1.0
all,0.0100,wor-active,78,0.06536339223384857,1.0
all,0.0100,wor-uniform,78,0.0902184396982193,1.0
all,0.0100,wor-active,79,0.06543028354644775,1.0
all,0.0100,wor-uniform,79,0.10197538137435913,0.0
all,0.0100,wor-active,80,0.07993566989898682,1.0
all,0.0100,wor-uniform,80,0.09165944159030914,1.0
all,0.0100,wor-active,81,0.07842695713043213,1.0
all,0.0100,wor-uniform,81,0.08959825336933136,1.0
all,0.0100,wor-active,82,0.0858488380908966,1.0
all,0.0100,wor-uniform,82,0.08531665802001953,1.0
all,0.0100,wor-active,83,0.07485838234424591,1.0
all,0.0100,wor-uniform,83,0.08050316572189331,1.0
all,0.0100,wor-active,84,0.05934464931488037,1.0
all,0.0100,wor-uniform,84,0.07532179355621338,1.0
all,0.0100,wor-active,85,0.10263945162296295,1.0
all,0.0100,wor-uniform,85,0.0897914469242096,1.0
all,0.0100,wor-active,86,0.08925700187683105,1.0
all,0.0100,wor-uniform,86,0.07469695806503296,1.0
all,0.0100,wor-active,87,0.08321379125118256,1.0
all,0.0100,wor-uniform,87,0.09135401248931885,1.0
all,0.0100,wor-active,88,0.05358584225177765,1.0
all,0.0100,wor-uniform,88,0.08723358809947968,1.0
all,0.0100,wor-active,89,0.08412551879882812,1.0
all,0.0100,wor-uniform,89,0.07222756743431091,1.0
all,0.0100,wor-active,90,0.09265679121017456,1.0
all,0.0100,wor-uniform,90,0.08414331078529358,1.0
all,0.0100,wor-active,91,0.06399786472320557,1.0
all,0.0100,wor-uniform,91,0.09248334169387817,1.0
all,0.0100,wor-active,92,0.07629907131195068,1.0
all,0.0100,wor-uniform,92,0.07079243659973145,0.0
all,0.0100,wor-active,93,0.07517445087432861,1.0
all,0.0100,wor-uniform,93,0.0867270678281784,1.0
all,0.0100,wor-active,94,0.09174394607543945,1.0
all,0.0100,wor-uniform,94,0.09827220439910889,1.0
all,0.0100,wor-active,95,0.08692938089370728,1.0
all,0.0100,wor-uniform,95,0.08875155448913574,1.0
all,0.0100,wor-active,96,0.06569916009902954,1.0
all,0.0100,wor-uniform,96,0.07484787702560425,1.0
all,0.0100,wor-active,97,0.09297072887420654,1.0
all,0.0100,wor-uniform,97,0.0835975706577301,1.0
all,0.0100,wor-active,98,0.10100269317626953,0.0
all,0.0100,wor-uniform,98,0.08156552910804749,1.0
all,0.0100,wor-active,99,0.07368884980678558,1.0
all,0.0100,wor-uniform,99,0.099580779671669,1.0
all,0.0100,wor-active,100,0.06059759855270386,1.0
all,0.0100,wor-uniform,100,0.07389378547668457,1.0
all,0.0100,wor-active,101,0.08171956241130829,1.0
all,0.0100,wor-uniform,101,0.0890217125415802,1.0
all,0.0100,wor-active,102,0.06907123327255249,1.0
all,0.0100,wor-uniform,102,0.08690398931503296,1.0
all,0.0100,wor-active,103,0.07394152879714966,1.0
all,0.0100,wor-uniform,103,0.07054229080677032,1.0
all,0.0100,wor-active,104,0.07284247875213623,1.0
all,0.0100,wor-uniform,104,0.10065509378910065,1.0
all,0.0100,wor-active,105,0.06860338151454926,1.0
all,0.0100,wor-uniform,105,0.08984538912773132,1.0
all,0.0100,wor-active,106,0.078274667263031,1.0
all,0.0100,wor-uniform,106,0.07293353974819183,1.0
all,0.0100,wor-active,107,0.07560449838638306,1.0
all,0.0100,wor-uniform,107,0.08137054741382599,1.0
all,0.0100,wor-active,108,0.08910176157951355,1.0
all,0.0100,wor-uniform,108,0.08912390470504761,0.0
all,0.0100,wor-active,109,0.07422840595245361,1.0
all,0.0100,wor-uniform,109,0.09214150905609131,1.0
all,0.0100,wor-active,110,0.0945538878440857,1.0
all,0.0100,wor-uniform,110,0.09459185600280762,1.0
all,0.0100,wor-active,111,0.08619479835033417,1.0
all,0.0100,wor-uniform,111,0.0899697095155716,1.0
all,0.0100,wor-active,112,0.07179850339889526,1.0
all,0.0100,wor-uniform,112,0.07797868549823761,1.0
all,0.0100,wor-active,113,0.07546763122081757,1.0
all,0.0100,wor-uniform,113,0.08908271789550781,1.0
all,0.0100,wor-active,114,0.06577914953231812,1.0
all,0.0100,wor-uniform,114,0.0990290641784668,1.0
all,0.0100,wor-active,115,0.10463935136795044,1.0
all,0.0100,wor-uniform,115,0.10614866018295288,1.0
all,0.0100,wor-active,116,0.09458616375923157,1.0
all,0.0100,wor-uniform,116,0.07449793815612793,1.0
all,0.0100,wor-active,117,0.07464483380317688,1.0
all,0.0100,wor-uniform,117,0.08344733715057373,1.0
all,0.0100,wor-active,118,0.07672442495822906,0.0
all,0.0100,wor-uniform,118,0.08265438675880432,1.0
all,0.0100,wor-active,119,0.046475768089294434,1.0
all,0.0100,wor-uniform,119,0.08673638105392456,1.0
all,0.0100,wor-active,120,0.088070347905159,1.0
all,0.0100,wor-uniform,120,0.08247414231300354,1.0
all,0.0100,wor-active,121,0.0724443644285202,1.0
all,0.0100,wor-uniform,121,0.08695241808891296,1.0
all,0.0100,wor-active,122,0.08020934462547302,1.0
all,0.0100,wor-uniform,122,0.08491674065589905,0.0
all,0.0100,wor-active,123,0.0887511670589447,1.0
all,0.0100,wor-uniform,123,0.09494847059249878,1.0
all,0.0100,wor-active,124,0.07953092455863953,1.0
all,0.0100,wor-uniform,124,0.09374789893627167,1.0
all,0.0100,wor-active,125,0.06595590710639954,1.0
all,0.0100,wor-uniform,125,0.08147585391998291,1.0
all,0.0100,wor-active,126,0.07914656400680542,1.0
all,0.0100,wor-uniform,126,0.09479963779449463,1.0
all,0.0100,wor-active,127,0.07247596979141235,1.0
all,0.0100,wor-uniform,127,0.10031753778457642,1.0
all,0.0100,wor-active,128,0.06770145893096924,1.0
all,0.0100,wor-uniform,128,0.0745621919631958,1.0
all,0.0100,wor-active,129,0.07107622921466827,1.0
all,0.0100,wor-uniform,129,0.0896640419960022,1.0
all,0.0100,wor-active,130,0.061238646507263184,1.0
all,0.0100,wor-uniform,130,0.09276396036148071,1.0
all,0.0100,wor-active,131,0.07993203401565552,1.0
all,0.0100,wor-uniform,131,0.06971177458763123,0.0
all,0.0100,wor-active,132,0.08997999131679535,1.0
all,0.0100,wor-uniform,132,0.07720582187175751,1.0
all,0.0100,wor-active,133,0.07594060897827148,1.0
all,0.0100,wor-uniform,133,0.09559887647628784,1.0
all,0.0100,wor-active,134,0.07832854986190796,1.0
all,0.0100,wor-uniform,134,0.09357054531574249,1.0
all,0.0100,wor-active,135,0.061086416244506836,0.0
all,0.0100,wor-uniform,135,0.08343303203582764,1.0
all,0.0100,wor-active,136,0.07221448421478271,1.0
all,0.0100,wor-uniform,136,0.09313271939754486,1.0
all,0.0100,wor-active,137,0.08303159475326538,1.0
all,0.0100,wor-uniform,137,0.09423136711120605,1.0
all,0.0100,wor-active,138,0.0816994458436966,1.0
all,0.0100,wor-uniform,138,0.07931213080883026,1.0
all,0.0100,wor-active,139,0.0865182876586914,1.0
all,0.0100,wor-uniform,139,0.08020907640457153,1.0
all,0.0100,wor-active,140,0.07872456312179565,1.0
all,0.0100,wor-uniform,140,0.09763871133327484,1.0
all,0.0100,wor-active,141,0.0777629017829895,1.0
all,0.0100,wor-uniform,141,0.08170932531356812,1.0
all,0.0100,wor-active,142,0.07261037826538086,1.0
all,0.0100,wor-uniform,142,0.10036228597164154,1.0
all,0.0100,wor-active,143,0.0885615348815918,1.0
all,0.0100,wor-uniform,143,0.08330054581165314,1.0
all,0.0100,wor-active,144,0.08111362159252167,1.0
all,0.0100,wor-uniform,144,0.07406240701675415,1.0
all,0.0100,wor-active,145,0.06458543241024017,0.0
all,0.0100,wor-uniform,145,0.0885394811630249,1.0
all,0.0100,wor-active,146,0.10397577285766602,1.0
all,0.0100,wor-uniform,146,0.08736133575439453,1.0
all,0.0100,wor-active,147,0.06171274185180664,0.0
all,0.0100,wor-uniform,147,0.0768575519323349,1.0
all,0.0100,wor-active,148,0.07042056322097778,1.0
all,0.0100,wor-uniform,148,0.08537536859512329,1.0
all,0.0100,wor-active,149,0.10598945617675781,0.0
all,0.0100,wor-uniform,149,0.08993256092071533,1.0
all,0.0100,wor-active,150,0.08295737206935883,1.0
all,0.0100,wor-uniform,150,0.0706942081451416,0.0
all,0.0100,wor-active,151,0.04502534866333008,0.0
all,0.0100,wor-uniform,151,0.09100639820098877,1.0
all,0.0100,wor-active,152,0.08098317682743073,1.0
all,0.0100,wor-uniform,152,0.08563823997974396,1.0
all,0.0100,wor-active,153,0.08677154779434204,1.0
all,0.0100,wor-uniform,153,0.08766302466392517,1.0
all,0.0100,wor-active,154,0.05842694640159607,1.0
all,0.0100,wor-uniform,154,0.08654098212718964,1.0
all,0.0100,wor-active,155,0.09570534527301788,1.0
all,0.0100,wor-uniform,155,0.0883704423904419,1.0
all,0.0100,wor-active,156,0.07056820392608643,1.0
all,0.0100,wor-uniform,156,0.09797805547714233,1.0
all,0.0100,wor-active,157,0.088176429271698,1.0
all,0.0100,wor-uniform,157,0.07760661840438843,1.0
all,0.0100,wor-active,158,0.08460688591003418,1.0
all,0.0100,wor-uniform,158,0.07793937623500824,1.0
all,0.0100,wor-active,159,0.0617063045501709,1.0
all,0.0100,wor-uniform,159,0.10368645191192627,1.0
all,0.0100,wor-active,160,0.08127684891223907,1.0
all,0.0100,wor-uniform,160,0.0885850191116333,1.0
all,0.0100,wor-active,161,0.08775673806667328,1.0
all,0.0100,wor-uniform,161,0.0781552791595459,1.0
all,0.0100,wor-active,162,0.07975608110427856,1.0
all,0.0100,wor-uniform,162,0.08263993263244629,1.0
all,0.0100,wor-active,163,0.0578116774559021,1.0
all,0.0100,wor-uniform,163,0.08067141473293304,1.0
all,0.0100,wor-active,164,0.08051033318042755,1.0
all,0.0100,wor-uniform,164,0.08317999541759491,1.0
all,0.0100,wor-active,165,0.0863051563501358,1.0
all,0.0100,wor-uniform,165,0.09316250681877136,1.0
all,0.0100,wor-active,166,0.07219505310058594,1.0
all,0.0100,wor-uniform,166,0.09305839240550995,1.0
all,0.0100,wor-active,167,0.06937022507190704,1.0
all,0.0100,wor-uniform,167,0.09188328683376312,1.0
all,0.0100,wor-active,168,0.08082348108291626,1.0
all,0.0100,wor-uniform,168,0.08559811115264893,1.0
all,0.0100,wor-active,169,0.09110407531261444,1.0
all,0.0100,wor-uniform,169,0.09485286474227905,1.0
all,0.0100,wor-active,170,0.06889081001281738,1.0
all,0.0100,wor-uniform,170,0.07000619173049927,1.0
all,0.0100,wor-active,171,0.1014171838760376,1.0
all,0.0100,wor-uniform,171,0.08576101064682007,1.0
all,0.0100,wor-active,172,0.07649877667427063,1.0
all,0.0100,wor-uniform,172,0.09230750799179077,1.0
all,0.0100,wor-active,173,0.06580555438995361,1.0
all,0.0100,wor-uniform,173,0.08546407520771027,1.0
all,0.0100,wor-active,174,0.09435480833053589,1.0
all,0.0100,wor-uniform,174,0.08411215245723724,1.0
all,0.0100,wor-active,175,0.07241268455982208,1.0
all,0.0100,wor-uniform,175,0.08568859100341797,1.0
all,0.0100,wor-active,176,0.09851515293121338,1.0
all,0.0100,wor-uniform,176,0.089276984333992,1.0
all,0.0100,wor-active,177,0.07421207427978516,1.0
all,0.0100,wor-uniform,177,0.09214290976524353,1.0
all,0.0100,wor-active,178,0.07142883539199829,1.0
all,0.0100,wor-uniform,178,0.08310991525650024,1.0
all,0.0100,wor-active,179,0.07563984394073486,1.0
all,0.0100,wor-uniform,179,0.07471814751625061,1.0
all,0.0100,wor-active,180,0.08364957571029663,1.0
all,0.0100,wor-uniform,180,0.10326237976551056,1.0
all,0.0100,wor-active,181,0.07481276988983154,1.0
all,0.0100,wor-uniform,181,0.09152770042419434,1.0
all,0.0100,wor-active,182,0.08168584108352661,1.0
all,0.0100,wor-uniform,182,0.08676278591156006,0.0
all,0.0100,wor-active,183,0.07927840948104858,1.0
all,0.0100,wor-uniform,183,0.0823514461517334,1.0
all,0.0100,wor-active,184,0.09588663280010223,1.0
all,0.0100,wor-uniform,184,0.08689594268798828,1.0
all,0.0100,wor-active,185,0.10483413934707642,1.0
all,0.0100,wor-uniform,185,0.08323732018470764,1.0
all,0.0100,wor-active,186,0.07903134822845459,1.0
all,0.0100,wor-uniform,186,0.08743435144424438,1.0
all,0.0100,wor-active,187,0.09099388122558594,1.0
all,0.0100,wor-uniform,187,0.09667688608169556,0.0
all,0.0100,wor-active,188,0.078066885471344,1.0
all,0.0100,wor-uniform,188,0.1020938903093338,1.0
all,0.0100,wor-active,189,0.08603455126285553,1.0
all,0.0100,wor-uniform,189,0.07916736602783203,1.0
all,0.0100,wor-active,190,0.08070844411849976,1.0
all,0.0100,wor-uniform,190,0.0837235301733017,1.0
all,0.0100,wor-active,191,0.08091634511947632,1.0
all,0.0100,wor-uniform,191,0.09372009336948395,0.0
all,0.0100,wor-active,192,0.07922269403934479,1.0
all,0.0100,wor-uniform,192,0.08253870904445648,0.0
all,0.0100,wor-active,193,0.067596435546875,1.0
all,0.0100,wor-uniform,193,0.09087181091308594,1.0
all,0.0100,wor-active,194,0.08178746700286865,1.0
all,0.0100,wor-uniform,194,0.07646811008453369,1.0
all,0.0100,wor-active,195,0.08896176517009735,1.0
all,0.0100,wor-uniform,195,0.08697095513343811,1.0
all,0.0100,wor-active,196,0.0751909613609314,0.0
all,0.0100,wor-uniform,196,0.08668403327465057,1.0
all,0.0100,wor-active,197,0.07989268004894257,1.0
all,0.0100,wor-uniform,197,0.0894896388053894,1.0
all,0.0100,wor-active,198,0.05594635009765625,1.0
all,0.0100,wor-uniform,198,0.0786823183298111,1.0
all,0.0100,wor-active,199,0.08513396978378296,1.0
all,0.0100,wor-uniform,199,0.0842822790145874,1.0
all,0.0100,wor-active,200,0.09915703535079956,1.0
all,0.0100,wor-uniform,200,0.07840403914451599,1.0
all,0.0100,wor-active,201,0.07639795541763306,1.0
all,0.0100,wor-uniform,201,0.08127345144748688,1.0
all,0.0100,wor-active,202,0.07173082232475281,1.0
all,0.0100,wor-uniform,202,0.07860958576202393,1.0
all,0.0100,wor-active,203,0.06116308271884918,1.0
all,0.0100,wor-uniform,203,0.09761068224906921,1.0
all,0.0100,wor-active,204,0.0820075273513794,1.0
all,0.0100,wor-uniform,204,0.07329161465167999,1.0
all,0.0100,wor-active,205,0.06897687911987305,1.0
all,0.0100,wor-uniform,205,0.08862584829330444,1.0
all,0.0100,wor-active,206,0.06048285961151123,1.0
all,0.0100,wor-uniform,206,0.08774620294570923,1.0
all,0.0100,wor-active,207,0.04795880615711212,0.0
all,0.0100,wor-uniform,207,0.08082520961761475,1.0
all,0.0100,wor-active,208,0.06005539000034332,1.0
all,0.0100,wor-uniform,208,0.08939686417579651,1.0
all,0.0100,wor-active,209,0.07678420841693878,1.0
all,0.0100,wor-uniform,209,0.08474218845367432,1.0
all,0.0100,wor-active,210,0.06464993953704834,1.0
all,0.0100,wor-uniform,210,0.08007103204727173,1.0
all,0.0100,wor-active,211,0.0887986272573471,1.0
all,0.0100,wor-uniform,211,0.08734208345413208,1.0
all,0.0100,wor-active,212,0.06536214053630829,1.0
all,0.0100,wor-uniform,212,0.09148406982421875,1.0
all,0.0100,wor-active,213,0.08038398623466492,1.0
all,0.0100,wor-uniform,213,0.10002803802490234,1.0
all,0.0100,wor-active,214,0.09442514181137085,1.0
all,0.0100,wor-uniform,214,0.10367704927921295,1.0
all,0.0100,wor-active,215,0.08882851898670197,1.0
all,0.0100,wor-uniform,215,0.09249544143676758,1.0
all,0.0100,wor-active,216,0.07117585837841034,1.0
all,0.0100,wor-uniform,216,0.08267131447792053,1.0
all,0.0100,wor-active,217,0.08320219814777374,1.0
all,0.0100,wor-uniform,217,0.09504067897796631,1.0
all,0.0100,wor-active,218,0.08024173974990845,1.0
all,0.0100,wor-uniform,218,0.09886400401592255,1.0
all,0.0100,wor-active,219,0.07258617877960205,1.0
all,0.0100,wor-uniform,219,0.07707160711288452,1.0
all,0.0100,wor-active,220,0.08112910389900208,1.0
all,0.0100,wor-uniform,220,0.08228638768196106,0.0
all,0.0100,wor-active,221,0.07726670801639557,1.0
all,0.0100,wor-uniform,221,0.08198447525501251,1.0
all,0.0100,wor-active,222,0.09027780592441559,1.0
all,0.0100,wor-uniform,222,0.0898112803697586,1.0
all,0.0100,wor-active,223,0.05231809616088867,0.0
all,0.0100,wor-uniform,223,0.08687925338745117,1.0
all,0.0100,wor-active,224,0.0864400863647461,1.0
all,0.0100,wor-uniform,224,0.07234017550945282,1.0
all,0.0100,wor-active,225,0.07372596859931946,1.0
all,0.0100,wor-uniform,225,0.0902712345123291,0.0
all,0.0100,wor-active,226,0.0842132568359375,1.0
all,0.0100,wor-uniform,226,0.08484983444213867,1.0
all,0.0100,wor-active,227,0.08928434550762177,1.0
all,0.0100,wor-uniform,227,0.0942983627319336,1.0
all,0.0100,wor-active,228,0.07554808259010315,1.0
all,0.0100,wor-uniform,228,0.08213770389556885,1.0
all,0.0100,wor-active,229,0.07100017368793488,1.0
all,0.0100,wor-uniform,229,0.07083237171173096,1.0
all,0.0100,wor-active,230,0.08059261739253998,1.0
all,0.0100,wor-uniform,230,0.10525721311569214,0.0
all,0.0100,wor-active,231,0.0659034252166748,1.0
all,0.0100,wor-uniform,231,0.06485266983509064,0.0
all,0.0100,wor-active,232,0.07901766896247864,1.0
all,0.0100,wor-uniform,232,0.08679449558258057,1.0
all,0.0100,wor-active,233,0.09851932525634766,1.0
all,0.0100,wor-uniform,233,0.08815647661685944,1.0
all,0.0100,wor-active,234,0.061615630984306335,1.0
all,0.0100,wor-uniform,234,0.08331310749053955,1.0
all,0.0100,wor-active,235,0.06092514097690582,1.0
all,0.0100,wor-uniform,235,0.0925137996673584,0.0
all,0.0100,wor-active,236,0.09617120027542114,1.0
all,0.0100,wor-uniform,236,0.08991296589374542,1.0
all,0.0100,wor-active,237,0.08167079091072083,1.0
all,0.0100,wor-uniform,237,0.09329725801944733,1.0
all,0.0100,wor-active,238,0.0798259973526001,1.0
all,0.0100,wor-uniform,238,0.09342926740646362,1.0
all,0.0100,wor-active,239,0.06695982813835144,1.0
all,0.0100,wor-uniform,239,0.07948796451091766,1.0
all,0.0100,wor-active,240,0.06513392925262451,1.0
all,0.0100,wor-uniform,240,0.0836859941482544,1.0
all,0.0100,wor-active,241,0.06703692674636841,1.0
all,0.0100,wor-uniform,241,0.0914289653301239,1.0
all,0.0100,wor-active,242,0.08612693846225739,1.0
all,0.0100,wor-uniform,242,0.08274856209754944,1.0
all,0.0100,wor-active,243,0.06315773725509644,1.0
all,0.0100,wor-uniform,243,0.07931818068027496,1.0
all,0.0100,wor-active,244,0.047878190875053406,1.0
all,0.0100,wor-uniform,244,0.08755534887313843,1.0
all,0.0100,wor-active,245,0.09329909086227417,1.0
all,0.0100,wor-uniform,245,0.10290883481502533,1.0
all,0.0100,wor-active,246,0.09287187457084656,1.0
all,0.0100,wor-uniform,246,0.08985966444015503,1.0
all,0.0100,wor-active,247,0.0614786297082901,1.0
all,0.0100,wor-uniform,247,0.09746052324771881,1.0
all,0.0100,wor-active,248,0.07024115324020386,1.0
all,0.0100,wor-uniform,248,0.0878279060125351,1.0
all,0.0100,wor-active,249,0.06782597303390503,1.0
all,0.0100,wor-uniform,249,0.08165216445922852,1.0
all,0.0100,wor-active,250,0.07262831926345825,1.0
all,0.0100,wor-uniform,250,0.08491118252277374,1.0
all,0.0100,wor-active,251,0.08733916282653809,1.0
all,0.0100,wor-uniform,251,0.08014877140522003,1.0
all,0.0100,wor-active,252,0.09577739238739014,1.0
all,0.0100,wor-uniform,252,0.08470331132411957,1.0
all,0.0100,wor-active,253,0.06229333579540253,1.0
all,0.0100,wor-uniform,253,0.09533491730690002,1.0
all,0.0100,wor-active,254,0.0710906982421875,1.0
all,0.0100,wor-uniform,254,0.08943760395050049,1.0
all,0.0100,wor-active,255,0.07731980085372925,1.0
all,0.0100,wor-uniform,255,0.0892774909734726,1.0
all,0.0100,wor-active,256,0.08633328974246979,1.0
all,0.0100,wor-uniform,256,0.08677685260772705,1.0
all,0.0100,wor-active,257,0.06124398112297058,0.0
all,0.0100,wor-uniform,257,0.08830200135707855,1.0
all,0.0100,wor-active,258,0.07294933497905731,1.0
all,0.0100,wor-uniform,258,0.08537042140960693,1.0
all,0.0100,wor-active,259,0.08176666498184204,1.0
all,0.0100,wor-uniform,259,0.08277159929275513,1.0
all,0.0100,wor-active,260,0.07061347365379333,1.0
all,0.0100,wor-uniform,260,0.08874182403087616,1.0
all,0.0100,wor-active,261,0.07841406762599945,1.0
all,0.0100,wor-uniform,261,0.08508676290512085,1.0
all,0.0100,wor-active,262,0.07838551700115204,1.0
all,0.0100,wor-uniform,262,0.0950312614440918,1.0
all,0.0100,wor-active,263,0.0828125923871994,1.0
all,0.0100,wor-uniform,263,0.08276452124118805,1.0
all,0.0100,wor-active,264,0.09391020238399506,1.0
all,0.0100,wor-uniform,264,0.08558064699172974,1.0
all,0.0100,wor-active,265,0.07167446613311768,1.0
all,0.0100,wor-uniform,265,0.07655151188373566,1.0
all,0.0100,wor-active,266,0.09645742177963257,1.0
all,0.0100,wor-uniform,266,0.09714138507843018,1.0
all,0.0100,wor-active,267,0.0801093578338623,1.0
all,0.0100,wor-uniform,267,0.08115333318710327,1.0
all,0.0100,wor-active,268,0.07249951362609863,1.0
all,0.0100,wor-uniform,268,0.08081993460655212,0.0
all,0.0100,wor-active,269,0.09860223531723022,1.0
all,0.0100,wor-uniform,269,0.09030115604400635,1.0
all,0.0100,wor-active,270,0.09136144816875458,1.0
all,0.0100,wor-uniform,270,0.08517381548881531,1.0
all,0.0100,wor-active,271,0.09117931127548218,1.0
all,0.0100,wor-uniform,271,0.09151935577392578,1.0
all,0.0100,wor-active,272,0.08606433868408203,1.0
all,0.0100,wor-uniform,272,0.10327915847301483,1.0
all,0.0100,wor-active,273,0.056605637073516846,1.0
all,0.0100,wor-uniform,273,0.08639055490493774,1.0
all,0.0100,wor-active,274,0.09646846354007721,1.0
all,0.0100,wor-uniform,274,0.08252137899398804,1.0
all,0.0100,wor-active,275,0.08171361684799194,1.0
all,0.0100,wor-uniform,275,0.08659768104553223,1.0
all,0.0100,wor-active,276,0.08738672733306885,1.0
all,0.0100,wor-uniform,276,0.08896180987358093,1.0
all,0.0100,wor-active,277,0.07164843380451202,1.0
all,0.0100,wor-uniform,277,0.09417319297790527,1.0
all,0.0100,wor-active,278,0.07874220609664917,1.0
all,0.0100,wor-uniform,278,0.09518104791641235,1.0
all,0.0100,wor-active,279,0.08438415825366974,1.0
all,0.0100,wor-uniform,279,0.09333926439285278,1.0
all,0.0100,wor-active,280,0.07924692332744598,0.0
all,0.0100,wor-uniform,280,0.08829885721206665,1.0
all,0.0100,wor-active,281,0.07333910465240479,0.0
all,0.0100,wor-uniform,281,0.08698362112045288,1.0
all,0.0100,wor-active,282,0.07289911806583405,1.0
all,0.0100,wor-uniform,282,0.08418722450733185,1.0
all,0.0100,wor-active,283,0.07710607349872589,1.0
all,0.0100,wor-uniform,283,0.08593809604644775,1.0
all,0.0100,wor-active,284,0.0716092586517334,1.0
all,0.0100,wor-uniform,284,0.09373193979263306,1.0
all,0.0100,wor-active,285,0.08084332942962646,1.0
all,0.0100,wor-uniform,285,0.08407576382160187,1.0
all,0.0100,wor-active,286,0.06924518942832947,1.0
all,0.0100,wor-uniform,286,0.09012573957443237,1.0
all,0.0100,wor-active,287,0.07099360227584839,1.0
all,0.0100,wor-uniform,287,0.09465683996677399,1.0
all,0.0100,wor-active,288,0.10009074211120605,1.0
all,0.0100,wor-uniform,288,0.0813235342502594,1.0
all,0.0100,wor-active,289,0.09599000215530396,0.0
all,0.0100,wor-uniform,289,0.09371453523635864,1.0
all,0.0100,wor-active,290,0.07718251645565033,1.0
all,0.0100,wor-uniform,290,0.09232586622238159,1.0
all,0.0100,wor-active,291,0.06641751527786255,1.0
all,0.0100,wor-uniform,291,0.09790855646133423,0.0
all,0.0100,wor-active,292,0.07234062254428864,1.0
all,0.0100,wor-uniform,292,0.09534662961959839,1.0
all,0.0100,wor-active,293,0.06961095333099365,1.0
all,0.0100,wor-uniform,293,0.06646142899990082,1.0
all,0.0100,wor-active,294,0.07066746056079865,1.0
all,0.0100,wor-uniform,294,0.0944318175315857,1.0
all,0.0100,wor-active,295,0.06524968147277832,1.0
all,0.0100,wor-uniform,295,0.08452963829040527,0.0
all,0.0100,wor-active,296,0.08297847211360931,1.0
all,0.0100,wor-uniform,296,0.09066247940063477,0.0
all,0.0100,wor-active,297,0.08717004954814911,1.0
all,0.0100,wor-uniform,297,0.09050846099853516,1.0
all,0.0100,wor-active,298,0.06570062041282654,1.0
all,0.0100,wor-uniform,298,0.07940018177032471,1.0
all,0.0100,wor-active,299,0.08908678591251373,1.0
all,0.0100,wor-uniform,299,0.09119462966918945,0.0
all,0.0100,wor-active,300,0.06575727462768555,1.0
all,0.0100,wor-uniform,300,0.07368536293506622,1.0
all,0.0100,wor-active,301,0.09097182750701904,1.0
all,0.0100,wor-uniform,301,0.08274629712104797,1.0
all,0.0100,wor-active,302,0.10012459754943848,1.0
all,0.0100,wor-uniform,302,0.09061610698699951,0.0
all,0.0100,wor-active,303,0.06423354148864746,1.0
all,0.0100,wor-uniform,303,0.09003263711929321,1.0
all,0.0100,wor-active,304,0.06659314036369324,0.0
all,0.0100,wor-uniform,304,0.08451049029827118,1.0
all,0.0100,wor-active,305,0.0830683708190918,1.0
all,0.0100,wor-uniform,305,0.08232302963733673,1.0
all,0.0100,wor-active,306,0.08900155127048492,1.0
all,0.0100,wor-uniform,306,0.09910447895526886,1.0
all,0.0100,wor-active,307,0.0656883716583252,1.0
all,0.0100,wor-uniform,307,0.09312707185745239,1.0
all,0.0100,wor-active,308,0.07435464859008789,1.0
all,0.0100,wor-uniform,308,0.08734267950057983,1.0
all,0.0100,wor-active,309,0.05892831087112427,0.0
all,0.0100,wor-uniform,309,0.08419352769851685,1.0
all,0.0100,wor-active,310,0.06490087509155273,1.0
all,0.0100,wor-uniform,310,0.07658533751964569,1.0
all,0.0100,wor-active,311,0.08596713840961456,1.0
all,0.0100,wor-uniform,311,0.08266091346740723,1.0
all,0.0100,wor-active,312,0.08393704891204834,1.0
all,0.0100,wor-uniform,312,0.09163069725036621,0.0
all,0.0100,wor-active,313,0.0758422315120697,1.0
all,0.0100,wor-uniform,313,0.0748821496963501,1.0
all,0.0100,wor-active,314,0.0864715576171875,1.0
all,0.0100,wor-uniform,314,0.08625447750091553,0.0
all,0.0100,wor-active,315,0.07586292922496796,1.0
all,0.0100,wor-uniform,315,0.09645992517471313,1.0
all,0.0100,wor-active,316,0.08789318799972534,1.0
all,0.0100,wor-uniform,316,0.09280788898468018,1.0
all,0.0100,wor-active,317,0.07723093032836914,1.0
all,0.0100,wor-uniform,317,0.0911484807729721,1.0
all,0.0100,wor-active,318,0.07689724862575531,1.0
all,0.0100,wor-uniform,318,0.09206123650074005,1.0
all,0.0100,wor-active,319,0.07992909848690033,1.0
all,0.0100,wor-uniform,319,0.09945793449878693,1.0
all,0.0100,wor-active,320,0.07521915435791016,1.0
all,0.0100,wor-uniform,320,0.09999030828475952,0.0
all,0.0100,wor-active,321,0.0733024924993515,1.0
all,0.0100,wor-uniform,321,0.09296318888664246,1.0
all,0.0100,wor-active,322,0.07715743780136108,1.0
all,0.0100,wor-uniform,322,0.08362925052642822,1.0
all,0.0100,wor-active,323,0.08118599653244019,1.0
all,0.0100,wor-uniform,323,0.09048795700073242,1.0
all,0.0100,wor-active,324,0.09813320636749268,1.0
all,0.0100,wor-uniform,324,0.09691226482391357,1.0
all,0.0100,wor-active,325,0.06776976585388184,1.0
all,0.0100,wor-uniform,325,0.07932466268539429,1.0
all,0.0100,wor-active,326,0.08415190875530243,1.0
all,0.0100,wor-uniform,326,0.09859359264373779,1.0
all,0.0100,wor-active,327,0.07748973369598389,1.0
all,0.0100,wor-uniform,327,0.08284568786621094,1.0
all,0.0100,wor-active,328,0.0705379992723465,1.0
all,0.0100,wor-uniform,328,0.080760657787323,1.0
all,0.0100,wor-active,329,0.08854508399963379,1.0
all,0.0100,wor-uniform,329,0.08311343193054199,1.0
all,0.0100,wor-active,330,0.0717799961566925,1.0
all,0.0100,wor-uniform,330,0.10130378603935242,1.0
all,0.0100,wor-active,331,0.08817191421985626,1.0
all,0.0100,wor-uniform,331,0.09389328956604004,1.0
all,0.0100,wor-active,332,0.08469325304031372,1.0
all,0.0100,wor-uniform,332,0.09066231548786163,1.0
all,0.0200,wor-active,0,0.0509943813085556,1.0
all,0.0200,wor-uniform,0,0.05735914409160614,1.0
all,0.0200,wor-active,1,0.05370563268661499,1.0
all,0.0200,wor-uniform,1,0.06455333530902863,1.0
all,0.0200,wor-active,2,0.05313082039356232,1.0
all,0.0200,wor-uniform,2,0.06085707247257233,1.0
all,0.0200,wor-active,3,0.0576099157333374,1.0
all,0.0200,wor-uniform,3,0.058863818645477295,1.0
all,0.0200,wor-active,4,0.05876505374908447,1.0
all,0.0200,wor-uniform,4,0.06064318120479584,1.0
all,0.0200,wor-active,5,0.06052136421203613,1.0
all,0.0200,wor-uniform,5,0.06878356635570526,1.0
all,0.0200,wor-active,6,0.04510714113712311,1.0
all,0.0200,wor-uniform,6,0.056891217827796936,1.0
all,0.0200,wor-active,7,0.05228869616985321,1.0
all,0.0200,wor-uniform,7,0.06263893842697144,1.0
all,0.0200,wor-active,8,0.057171449065208435,1.0
all,0.0200,wor-uniform,8,0.061746180057525635,1.0
all,0.0200,wor-active,9,0.047700703144073486,1.0
all,0.0200,wor-uniform,9,0.05619315803050995,1.0
all,0.0200,wor-active,10,0.04700346291065216,1.0
all,0.0200,wor-uniform,10,0.0590437650680542,1.0
all,0.0200,wor-active,11,0.050303101539611816,1.0
all,0.0200,wor-uniform,11,0.059829890727996826,1.0
all,0.0200,wor-active,12,0.06418156623840332,0.0
all,0.0200,wor-uniform,12,0.06817995011806488,1.0
all,0.0200,wor-active,13,0.057253286242485046,0.0
all,0.0200,wor-uniform,13,0.06600537896156311,1.0
all,0.0200,wor-active,14,0.05686628818511963,1.0
all,0.0200,wor-uniform,14,0.06283843517303467,1.0
all,0.0200,wor-active,15,0.05765840411186218,1.0
all,0.0200,wor-uniform,15,0.06435030698776245,1.0
all,0.0200,wor-active,16,0.059743285179138184,1.0
all,0.0200,wor-uniform,16,0.06076228618621826,1.0
all,0.0200,wor-active,17,0.04887668788433075,1.0
all,0.0200,wor-uniform,17,0.05456629395484924,1.0
all,0.0200,wor-active,18,0.05575568974018097,1.0
all,0.0200,wor-uniform,18,0.05512513220310211,0.0
all,0.0200,wor-active,19,0.055779263377189636,1.0
all,0.0200,wor-uniform,19,0.05700850486755371,1.0
all,0.0200,wor-active,20,0.051248595118522644,1.0
all,0.0200,wor-uniform,20,0.06196610629558563,1.0
all,0.0200,wor-active,21,0.05178403854370117,1.0
all,0.0200,wor-uniform,21,0.05985414981842041,1.0
all,0.0200,wor-active,22,0.04498603940010071,1.0
all,0.0200,wor-uniform,22,0.06096048653125763,1.0
all,0.0200,wor-active,23,0.05241675674915314,1.0
all,0.0200,wor-uniform,23,0.05710117518901825,1.0
all,0.0200,wor-active,24,0.0527583509683609,1.0
all,0.0200,wor-uniform,24,0.05898134410381317,1.0
all,0.0200,wor-active,25,0.057112738490104675,1.0
all,0.0200,wor-uniform,25,0.056847721338272095,1.0
all,0.0200,wor-active,26,0.06286126375198364,1.0
all,0.0200,wor-uniform,26,0.06401664018630981,1.0
all,0.0200,wor-active,27,0.05189774930477142,1.0
all,0.0200,wor-uniform,27,0.0612635612487793,1.0
all,0.0200,wor-active,28,0.04708439111709595,1.0
all,0.0200,wor-uniform,28,0.06183207035064697,1.0
all,0.0200,wor-active,29,0.06347548961639404,1.0
all,0.0200,wor-uniform,29,0.06740057468414307,1.0
all,0.0200,wor-active,30,0.06200587749481201,1.0
all,0.0200,wor-uniform,30,0.05671857297420502,1.0
all,0.0200,wor-active,31,0.05623064935207367,1.0
all,0.0200,wor-uniform,31,0.06445854902267456,1.0
all,0.0200,wor-active,32,0.05648721754550934,1.0
all,0.0200,wor-uniform,32,0.061361223459243774,1.0
all,0.0200,wor-active,33,0.05184905230998993,0.0
all,0.0200,wor-uniform,33,0.058979570865631104,1.0
all,0.0200,wor-active,34,0.05332821607589722,1.0
all,0.0200,wor-uniform,34,0.06444019079208374,1.0
all,0.0200,wor-active,35,0.04854881763458252,1.0
all,0.0200,wor-uniform,35,0.06049357354640961,1.0
all,0.0200,wor-active,36,0.05972050130367279,1.0
all,0.0200,wor-uniform,36,0.06554543972015381,1.0
all,0.0200,wor-active,37,0.05378730595111847,1.0
all,0.0200,wor-uniform,37,0.06326836347579956,1.0
all,0.0200,wor-active,38,0.0566524863243103,1.0
all,0.0200,wor-uniform,38,0.05841803550720215,1.0
all,0.0200,wor-active,39,0.05081342160701752,1.0
all,0.0200,wor-uniform,39,0.06588512659072876,1.0
all,0.0200,wor-active,40,0.05984215438365936,1.0
all,0.0200,wor-uniform,40,0.0622294545173645,1.0
all,0.0200,wor-active,41,0.056228041648864746,1.0
all,0.0200,wor-uniform,41,0.06996215879917145,1.0
all,0.0200,wor-active,42,0.04783777892589569,1.0
all,0.0200,wor-uniform,42,0.06597954034805298,1.0
all,0.0200,wor-active,43,0.057895079255104065,1.0
all,0.0200,wor-uniform,43,0.05649641156196594,0.0
all,0.0200,wor-active,44,0.04767008125782013,1.0
all,0.0200,wor-uniform,44,0.0661153644323349,1.0
all,0.0200,wor-active,45,0.05235294997692108,1.0
all,0.0200,wor-uniform,45,0.06119883060455322,1.0
all,0.0200,wor-active,46,0.05995643138885498,1.0
all,0.0200,wor-uniform,46,0.06583797931671143,1.0
all,0.0200,wor-active,47,0.05190734565258026,1.0
all,0.0200,wor-uniform,47,0.06975942850112915,1.0
all,0.0200,wor-active,48,0.05683790147304535,1.0
all,0.0200,wor-uniform,48,0.061755284667015076,1.0
all,0.0200,wor-active,49,0.05624796450138092,1.0
all,0.0200,wor-uniform,49,0.0540352463722229,1.0
all,0.0200,wor-active,50,0.05849266052246094,1.0
all,0.0200,wor-uniform,50,0.06405478715896606,1.0
all,0.0200,wor-active,51,0.04429998993873596,1.0
all,0.0200,wor-uniform,51,0.05983258783817291,1.0
all,0.0200,wor-active,52,0.04679395258426666,1.0
all,0.0200,wor-uniform,52,0.06271223723888397,1.0
all,0.0200,wor-active,53,0.060094282031059265,1.0
all,0.0200,wor-uniform,53,0.058666035532951355,1.0
all,0.0200,wor-active,54,0.050379395484924316,1.0
all,0.0200,wor-uniform,54,0.06633782386779785,1.0
all,0.0200,wor-active,55,0.049180492758750916,1.0
all,0.0200,wor-uniform,55,0.07192689180374146,1.0
all,0.0200,wor-active,56,0.060404300689697266,1.0
all,0.0200,wor-uniform,56,0.0646945983171463,1.0
all,0.0200,wor-active,57,0.05346229672431946,1.0
all,0.0200,wor-uniform,57,0.06302207708358765,1.0
all,0.0200,wor-active,58,0.05529855191707611,1.0
all,0.0200,wor-uniform,58,0.06492054462432861,1.0
all,0.0200,wor-active,59,0.05258065462112427,1.0
all,0.0200,wor-uniform,59,0.06526100635528564,1.0
all,0.0200,wor-active,60,0.0457131564617157,1.0
all,0.0200,wor-uniform,60,0.06229682266712189,1.0
all,0.0200,wor-active,61,0.054845765233039856,1.0
all,0.0200,wor-uniform,61,0.06289766728878021,1.0
all,0.0200,wor-active,62,0.047138869762420654,1.0
all,0.0200,wor-uniform,62,0.05757072567939758,1.0
all,0.0200,wor-active,63,0.04990363121032715,1.0
all,0.0200,wor-uniform,63,0.06613069772720337,1.0
all,0.0200,wor-active,64,0.048249900341033936,1.0
all,0.0200,wor-uniform,64,0.06410430371761322,1.0
all,0.0200,wor-active,65,0.05256962776184082,1.0
all,0.0200,wor-uniform,65,0.0699160099029541,1.0
all,0.0200,wor-active,66,0.0493040531873703,1.0
all,0.0200,wor-uniform,66,0.06419062614440918,1.0
all,0.0200,wor-active,67,0.05003480613231659,1.0
all,0.0200,wor-uniform,67,0.07001161575317383,1.0
all,0.0200,wor-active,68,0.06156367063522339,1.0
all,0.0200,wor-uniform,68,0.06035558879375458,1.0
all,0.0200,wor-active,69,0.06272262334823608,1.0
all,0.0200,wor-uniform,69,0.057554200291633606,1.0
all,0.0200,wor-active,70,0.04757681488990784,1.0
all,0.0200,wor-uniform,70,0.06450742483139038,1.0
all,0.0200,wor-active,71,0.061287328600883484,1.0
all,0.0200,wor-uniform,71,0.05701172351837158,1.0
all,0.0200,wor-active,72,0.06055957078933716,1.0
all,0.0200,wor-uniform,72,0.0582415908575058,1.0
all,0.0200,wor-active,73,0.06701171398162842,1.0
all,0.0200,wor-uniform,73,0.05518200993537903,1.0
all,0.0200,wor-active,74,0.05394071340560913,1.0
all,0.0200,wor-uniform,74,0.05755043029785156,1.0
all,0.0200,wor-active,75,0.054592862725257874,1.0
all,0.0200,wor-uniform,75,0.06338723003864288,1.0
all,0.0200,wor-active,76,0.049945324659347534,1.0
all,0.0200,wor-uniform,76,0.06421728432178497,1.0
all,0.0200,wor-active,77,0.05312696099281311,1.0
all,0.0200,wor-uniform,77,0.06614558398723602,1.0
all,0.0200,wor-active,78,0.04762864112854004,1.0
all,0.0200,wor-uniform,78,0.06668531894683838,0.0
all,0.0200,wor-active,79,0.05540311336517334,1.0
all,0.0200,wor-uniform,79,0.06703244149684906,1.0
all,0.0200,wor-active,80,0.05005526542663574,1.0
all,0.0200,wor-uniform,80,0.07109247148036957,1.0
all,0.0200,wor-active,81,0.06057380139827728,1.0
all,0.0200,wor-uniform,81,0.05849428474903107,1.0
all,0.0200,wor-active,82,0.0520709753036499,1.0
all,0.0200,wor-uniform,82,0.05800427496433258,1.0
all,0.0200,wor-active,83,0.049350008368492126,1.0
all,0.0200,wor-uniform,83,0.06512701511383057,1.0
all,0.0200,wor-active,84,0.05373823642730713,0.0
all,0.0200,wor-uniform,84,0.06032697856426239,1.0
all,0.0200,wor-active,85,0.05529625713825226,1.0
all,0.0200,wor-uniform,85,0.061687171459198,1.0
all,0.0200,wor-active,86,0.060773253440856934,1.0
all,0.0200,wor-uniform,86,0.053129762411117554,1.0
all,0.0200,wor-active,87,0.05724692344665527,1.0
all,0.0200,wor-uniform,87,0.05944359302520752,1.0
all,0.0200,wor-active,88,0.05338038504123688,1.0
all,0.0200,wor-uniform,88,0.05648446083068848,1.0
all,0.0200,wor-active,89,0.06921929121017456,1.0
all,0.0200,wor-uniform,89,0.0674554705619812,1.0
all,0.0200,wor-active,90,0.04604828357696533,1.0
all,0.0200,wor-uniform,90,0.05911010503768921,1.0
all,0.0200,wor-active,91,0.05080372095108032,1.0
all,0.0200,wor-uniform,91,0.07076489925384521,1.0
all,0.0200,wor-active,92,0.053525447845458984,1.0
all,0.0200,wor-uniform,92,0.060190752148628235,1.0
all,0.0200,wor-active,93,0.05548553168773651,1.0
all,0.0200,wor-uniform,93,0.05543987452983856,1.0
all,0.0200,wor-active,94,0.052439868450164795,1.0
all,0.0200,wor-uniform,94,0.06851314008235931,1.0
all,0.0200,wor-active,95,0.04688963294029236,1.0
all,0.0200,wor-uniform,95,0.06546884775161743,1.0
all,0.0200,wor-active,96,0.054773569107055664,1.0
all,0.0200,wor-uniform,96,0.06593078374862671,1.0
all,0.0200,wor-active,97,0.055448129773139954,1.0
all,0.0200,wor-uniform,97,0.06409066915512085,1.0
all,0.0200,wor-active,98,0.06428562104701996,1.0
all,0.0200,wor-uniform,98,0.06827521324157715,1.0
all,0.0200,wor-active,99,0.06785814464092255,1.0
all,0.0200,wor-uniform,99,0.058629393577575684,0.0
all,0.0200,wor-active,100,0.06065589189529419,1.0
all,0.0200,wor-uniform,100,0.05826525390148163,1.0
all,0.0200,wor-active,101,0.05457925796508789,1.0
all,0.0200,wor-uniform,101,0.06317128241062164,1.0
all,0.0200,wor-active,102,0.058569133281707764,1.0
all,0.0200,wor-uniform,102,0.059707239270210266,1.0
all,0.0200,wor-active,103,0.05304861068725586,1.0
all,0.0200,wor-uniform,103,0.05273681879043579,1.0
all,0.0200,wor-active,104,0.06036464869976044,1.0
all,0.0200,wor-uniform,104,0.0653933435678482,1.0
all,0.0200,wor-active,105,0.053616419434547424,1.0
all,0.0200,wor-uniform,105,0.0581132173538208,1.0
all,0.0200,wor-active,106,0.056058213114738464,1.0
all,0.0200,wor-uniform,106,0.06289985775947571,1.0
all,0.0200,wor-active,107,0.050059929490089417,1.0
all,0.0200,wor-uniform,107,0.0683329701423645,1.0
all,0.0200,wor-active,108,0.06934523582458496,1.0
all,0.0200,wor-uniform,108,0.06066243350505829,1.0
all,0.0200,wor-active,109,0.06178081035614014,1.0
all,0.0200,wor-uniform,109,0.06511580944061279,1.0
all,0.0200,wor-active,110,0.0406518280506134,0.0
all,0.0200,wor-uniform,110,0.06296296417713165,1.0
all,0.0200,wor-active,111,0.04740592837333679,1.0
all,0.0200,wor-uniform,111,0.060999155044555664,1.0
all,0.0200,wor-active,112,0.04767557978630066,1.0
all,0.0200,wor-uniform,112,0.06272518634796143,1.0
all,0.0200,wor-active,113,0.05669723451137543,0.0
all,0.0200,wor-uniform,113,0.0620570182800293,1.0
all,0.0200,wor-active,114,0.052458107471466064,1.0
all,0.0200,wor-uniform,114,0.06327879428863525,1.0
all,0.0200,wor-active,115,0.050919681787490845,1.0
all,0.0200,wor-uniform,115,0.0684366226196289,1.0
all,0.0200,wor-active,116,0.05410188436508179,1.0
all,0.0200,wor-uniform,116,0.06204742193222046,1.0
all,0.0200,wor-active,117,0.056090667843818665,1.0
all,0.0200,wor-uniform,117,0.06086896359920502,1.0
all,0.0200,wor-active,118,0.05820448696613312,1.0
all,0.0200,wor-uniform,118,0.061290040612220764,1.0
all,0.0200,wor-active,119,0.0498947948217392,1.0
all,0.0200,wor-uniform,119,0.06498754024505615,1.0
all,0.0200,wor-active,120,0.062214791774749756,1.0
all,0.0200,wor-uniform,120,0.05949056148529053,1.0
all,0.0200,wor-active,121,0.050462037324905396,1.0
all,0.0200,wor-uniform,121,0.06658808887004852,1.0
all,0.0200,wor-active,122,0.06280755996704102,1.0
all,0.0200,wor-uniform,122,0.06074535846710205,1.0
all,0.0200,wor-active,123,0.05648614466190338,1.0
all,0.0200,wor-uniform,123,0.058826953172683716,0.0
all,0.0200,wor-active,124,0.05463859438896179,1.0
all,0.0200,wor-uniform,124,0.06058265268802643,1.0
all,0.0200,wor-active,125,0.05302071571350098,1.0
all,0.0200,wor-uniform,125,0.06494593620300293,1.0
all,0.0200,wor-active,126,0.05345571041107178,1.0
all,0.0200,wor-uniform,126,0.05858924984931946,1.0
all,0.0200,wor-active,127,0.06279627978801727,1.0
all,0.0200,wor-uniform,127,0.06351977586746216,1.0
all,0.0200,wor-active,128,0.060119107365608215,1.0
all,0.0200,wor-uniform,128,0.06121683120727539,1.0
all,0.0200,wor-active,129,0.05615144968032837,1.0
all,0.0200,wor-uniform,129,0.05670580267906189,1.0
all,0.0200,wor-active,130,0.053345248103141785,1.0
all,0.0200,wor-uniform,130,0.06245619058609009,1.0
all,0.0200,wor-active,131,0.054604291915893555,1.0
all,0.0200,wor-uniform,131,0.06509405374526978,1.0
all,0.0200,wor-active,132,0.05499185621738434,1.0
all,0.0200,wor-uniform,132,0.06505167484283447,1.0
all,0.0200,wor-active,133,0.059947848320007324,1.0
all,0.0200,wor-uniform,133,0.06526052951812744,1.0
all,0.0200,wor-active,134,0.060035690665245056,1.0
all,0.0200,wor-uniform,134,0.054674237966537476,1.0
all,0.0200,wor-active,135,0.04935920238494873,1.0
all,0.0200,wor-uniform,135,0.055625975131988525,1.0
all,0.0200,wor-active,136,0.04589606821537018,1.0
all,0.0200,wor-uniform,136,0.06216523051261902,1.0
all,0.0200,wor-active,137,0.05632169544696808,1.0
all,0.0200,wor-uniform,137,0.05927753448486328,1.0
all,0.0200,wor-active,138,0.04947483539581299,1.0
all,0.0200,wor-uniform,138,0.0638311505317688,1.0
all,0.0200,wor-active,139,0.0561477392911911,1.0
all,0.0200,wor-uniform,139,0.06466634571552277,1.0
all,0.0200,wor-active,140,0.04924649000167847,1.0
all,0.0200,wor-uniform,140,0.06841498613357544,1.0
all,0.0200,wor-active,141,0.04718144237995148,1.0
all,0.0200,wor-uniform,141,0.06216675043106079,1.0
all,0.0200,wor-active,142,0.06874006986618042,0.0
all,0.0200,wor-uniform,142,0.06060589849948883,1.0
all,0.0200,wor-active,143,0.05349847674369812,1.0
all,0.0200,wor-uniform,143,0.06685304641723633,1.0
all,0.0200,wor-active,144,0.058777689933776855,1.0
all,0.0200,wor-uniform,144,0.06094413995742798,1.0
all,0.0200,wor-active,145,0.05455033481121063,1.0
all,0.0200,wor-uniform,145,0.062269970774650574,1.0
all,0.0200,wor-active,146,0.052966341376304626,1.0
all,0.0200,wor-uniform,146,0.07108248770236969,1.0
all,0.0200,wor-active,147,0.056456685066223145,1.0
all,0.0200,wor-uniform,147,0.06188960373401642,1.0
all,0.0200,wor-active,148,0.0602947473526001,1.0
all,0.0200,wor-uniform,148,0.062006786465644836,1.0
all,0.0200,wor-active,149,0.051536187529563904,1.0
all,0.0200,wor-uniform,149,0.06163090467453003,1.0
all,0.0200,wor-active,150,0.0507432222366333,1.0
all,0.0200,wor-uniform,150,0.06154768168926239,1.0
all,0.0200,wor-active,151,0.05793642997741699,1.0
all,0.0200,wor-uniform,151,0.06098902225494385,1.0
all,0.0200,wor-active,152,0.054391756653785706,1.0
all,0.0200,wor-uniform,152,0.05497942864894867,1.0
all,0.0200,wor-active,153,0.06228983402252197,1.0
all,0.0200,wor-uniform,153,0.05961081385612488,1.0
all,0.0200,wor-active,154,0.052025556564331055,1.0
all,0.0200,wor-uniform,154,0.06849093735218048,1.0
all,0.0200,wor-active,155,0.05070996284484863,1.0
all,0.0200,wor-uniform,155,0.05969785153865814,1.0
all,0.0200,wor-active,156,0.05395399034023285,1.0
all,0.0200,wor-uniform,156,0.06165426969528198,1.0
all,0.0200,wor-active,157,0.05819298326969147,1.0
all,0.0200,wor-uniform,157,0.05835266411304474,0.0
all,0.0200,wor-active,158,0.06351310014724731,1.0
all,0.0200,wor-uniform,158,0.06389214098453522,1.0
all,0.0200,wor-active,159,0.06218302249908447,1.0
all,0.0200,wor-uniform,159,0.06292104721069336,1.0
all,0.0200,wor-active,160,0.049560606479644775,1.0
all,0.0200,wor-uniform,160,0.060534656047821045,1.0
all,0.0200,wor-active,161,0.06990212202072144,1.0
all,0.0200,wor-uniform,161,0.056155428290367126,1.0
all,0.0200,wor-active,162,0.05400337278842926,1.0
all,0.0200,wor-uniform,162,0.06081438064575195,1.0
all,0.0200,wor-active,163,0.052473247051239014,1.0
all,0.0200,wor-uniform,163,0.06189155578613281,1.0
all,0.0200,wor-active,164,0.06495469808578491,1.0
all,0.0200,wor-uniform,164,0.062284648418426514,1.0
all,0.0200,wor-active,165,0.0665045827627182,1.0
all,0.0200,wor-uniform,165,0.06629584729671478,1.0
all,0.0200,wor-active,166,0.05183309316635132,1.0
all,0.0200,wor-uniform,166,0.06456960737705231,1.0
all,0.0200,wor-active,167,0.054619014263153076,1.0
all,0.0200,wor-uniform,167,0.06143014132976532,1.0
all,0.0200,wor-active,168,0.054909348487854004,1.0
all,0.0200,wor-uniform,168,0.07025998830795288,1.0
all,0.0200,wor-active,169,0.06201767921447754,1.0
all,0.0200,wor-uniform,169,0.05760246515274048,1.0
all,0.0200,wor-active,170,0.0597718209028244,1.0
all,0.0200,wor-uniform,170,0.06523996591567993,1.0
all,0.0200,wor-active,171,0.055793121457099915,1.0
all,0.0200,wor-uniform,171,0.06357944011688232,0.0
all,0.0200,wor-active,172,0.05759109556674957,1.0
all,0.0200,wor-uniform,172,0.04951409995555878,1.0
all,0.0200,wor-active,173,0.049594953656196594,1.0
all,0.0200,wor-uniform,173,0.06245620548725128,1.0
all,0.0200,wor-active,174,0.0552142858505249,1.0
all,0.0200,wor-uniform,174,0.06356525421142578,1.0
all,0.0200,wor-active,175,0.0640745759010315,1.0
all,0.0200,wor-uniform,175,0.06878964602947235,1.0
all,0.0200,wor-active,176,0.04664488136768341,1.0
all,0.0200,wor-uniform,176,0.05619765818119049,1.0
all,0.0200,wor-active,177,0.05872076749801636,1.0
all,0.0200,wor-uniform,177,0.06836956739425659,1.0
all,0.0200,wor-active,178,0.053665101528167725,1.0
all,0.0200,wor-uniform,178,0.06028828024864197,1.0
all,0.0200,wor-active,179,0.06126435101032257,1.0
all,0.0200,wor-uniform,179,0.06296557188034058,1.0
all,0.0200,wor-active,180,0.0636855959892273,1.0
all,0.0200,wor-uniform,180,0.06144142150878906,1.0
all,0.0200,wor-active,181,0.056409597396850586,1.0
all,0.0200,wor-uniform,181,0.0595414936542511,1.0
all,0.0200,wor-active,182,0.0610467791557312,1.0
all,0.0200,wor-uniform,182,0.062065839767456055,1.0
all,0.0200,wor-active,183,0.04794931411743164,1.0
all,0.0200,wor-uniform,183,0.06444770097732544,1.0
all,0.0200,wor-active,184,0.05890722572803497,1.0
all,0.0200,wor-uniform,184,0.06088918447494507,1.0
all,0.0200,wor-active,185,0.06433087587356567,1.0
all,0.0200,wor-uniform,185,0.06295707821846008,1.0
all,0.0200,wor-active,186,0.05528762936592102,0.0
all,0.0200,wor-uniform,186,0.060547053813934326,1.0
all,0.0200,wor-active,187,0.052880048751831055,1.0
all,0.0200,wor-uniform,187,0.06536589562892914,1.0
all,0.0200,wor-active,188,0.0662771463394165,1.0
all,0.0200,wor-uniform,188,0.05995835363864899,1.0
all,0.0200,wor-active,189,0.0699557512998581,1.0
all,0.0200,wor-uniform,189,0.05922262370586395,1.0
all,0.0200,wor-active,190,0.06739737093448639,1.0
all,0.0200,wor-uniform,190,0.06451646983623505,1.0
all,0.0200,wor-active,191,0.06074720621109009,1.0
all,0.0200,wor-uniform,191,0.06330108642578125,1.0
all,0.0200,wor-active,192,0.059646427631378174,1.0
all,0.0200,wor-uniform,192,0.06858651340007782,1.0
all,0.0200,wor-active,193,0.04748181998729706,1.0
all,0.0200,wor-uniform,193,0.06407850980758667,1.0
all,0.0200,wor-active,194,0.0559946745634079,1.0
all,0.0200,wor-uniform,194,0.05734521150588989,1.0
all,0.0200,wor-active,195,0.059977948665618896,1.0
all,0.0200,wor-uniform,195,0.060285985469818115,1.0
all,0.0200,wor-active,196,0.048724353313446045,1.0
all,0.0200,wor-uniform,196,0.058788418769836426,1.0
all,0.0200,wor-active,197,0.053642988204956055,1.0
all,0.0200,wor-uniform,197,0.06610269844532013,1.0
all,0.0200,wor-active,198,0.061772748827934265,1.0
all,0.0200,wor-uniform,198,0.061510562896728516,1.0
all,0.0200,wor-active,199,0.05811375379562378,1.0
all,0.0200,wor-uniform,199,0.05422866344451904,1.0
all,0.0200,wor-active,200,0.05873590707778931,1.0
all,0.0200,wor-uniform,200,0.05878166854381561,1.0
all,0.0200,wor-active,201,0.05051034688949585,1.0
all,0.0200,wor-uniform,201,0.0644892007112503,1.0
all,0.0200,wor-active,202,0.05779670178890228,1.0
all,0.0200,wor-uniform,202,0.06088420748710632,1.0
all,0.0200,wor-active,203,0.0477772057056427,0.0
all,0.0200,wor-uniform,203,0.05535963177680969,1.0
all,0.0200,wor-active,204,0.05501759052276611,1.0
all,0.0200,wor-uniform,204,0.0675203800201416,1.0
all,0.0200,wor-active,205,0.04970012605190277,1.0
all,0.0200,wor-uniform,205,0.06654742360115051,1.0
all,0.0200,wor-active,206,0.05870342254638672,1.0
all,0.0200,wor-uniform,206,0.06252050399780273,1.0
all,0.0200,wor-active,207,0.05210590362548828,1.0
all,0.0200,wor-uniform,207,0.06798528134822845,1.0
all,0.0200,wor-active,208,0.0522458553314209,1.0
all,0.0200,wor-uniform,208,0.06298412382602692,1.0
all,0.0200,wor-active,209,0.04621529579162598,1.0
all,0.0200,wor-uniform,209,0.06260436773300171,1.0
all,0.0200,wor-active,210,0.05259034037590027,0.0
all,0.0200,wor-uniform,210,0.06116481125354767,1.0
all,0.0200,wor-active,211,0.06445878744125366,1.0
all,0.0200,wor-uniform,211,0.05955876410007477,1.0
all,0.0200,wor-active,212,0.06068800389766693,1.0
all,0.0200,wor-uniform,212,0.06277686357498169,1.0
all,0.0200,wor-active,213,0.044740453362464905,1.0
all,0.0200,wor-uniform,213,0.05612999200820923,1.0
all,0.0200,wor-active,214,0.05001328885555267,1.0
all,0.0200,wor-uniform,214,0.062383756041526794,1.0
all,0.0200,wor-active,215,0.060387372970581055,1.0
all,0.0200,wor-uniform,215,0.060576051473617554,1.0
all,0.0200,wor-active,216,0.04967181384563446,1.0
all,0.0200,wor-uniform,216,0.06328535079956055,1.0
all,0.0200,wor-active,217,0.0637550950050354,1.0
all,0.0200,wor-uniform,217,0.06257611513137817,1.0
all,0.0200,wor-active,218,0.05150717496871948,1.0
all,0.0200,wor-uniform,218,0.058406755328178406,1.0
all,0.0200,wor-active,219,0.05676144361495972,1.0
all,0.0200,wor-uniform,219,0.053198471665382385,0.0
all,0.0200,wor-active,220,0.05968840420246124,1.0
all,0.0200,wor-uniform,220,0.06629814207553864,1.0
all,0.0200,wor-active,221,0.05489112436771393,1.0
all,0.0200,wor-uniform,221,0.05991192162036896,1.0
all,0.0200,wor-active,222,0.05509746074676514,1.0
all,0.0200,wor-uniform,222,0.06318807601928711,1.0
all,0.0200,wor-active,223,0.04711301624774933,1.0
all,0.0200,wor-uniform,223,0.06340700387954712,0.0
all,0.0200,wor-active,224,0.06385880708694458,1.0
all,0.0200,wor-uniform,224,0.06388920545578003,1.0
all,0.0200,wor-active,225,0.05347800254821777,1.0
all,0.0200,wor-uniform,225,0.0598909854888916,1.0
all,0.0200,wor-active,226,0.05406804382801056,1.0
all,0.0200,wor-uniform,226,0.062216803431510925,1.0
all,0.0200,wor-active,227,0.05813576281070709,1.0
all,0.0200,wor-uniform,227,0.061390697956085205,0.0
all,0.0200,wor-active,228,0.04980306327342987,1.0
all,0.0200,wor-uniform,228,0.05961938202381134,1.0
all,0.0200,wor-active,229,0.06074082851409912,1.0
all,0.0200,wor-uniform,229,0.05667434632778168,1.0
all,0.0200,wor-active,230,0.05484503507614136,1.0
all,0.0200,wor-uniform,230,0.05739767849445343,0.0
all,0.0200,wor-active,231,0.054376959800720215,1.0
all,0.0200,wor-uniform,231,0.062313854694366455,1.0
all,0.0200,wor-active,232,0.04499240219593048,1.0
all,0.0200,wor-uniform,232,0.06738471984863281,1.0
all,0.0200,wor-active,233,0.0489426851272583,1.0
all,0.0200,wor-uniform,233,0.058331310749053955,1.0
all,0.0200,wor-active,234,0.055677011609077454,1.0
all,0.0200,wor-uniform,234,0.06707353889942169,1.0
all,0.0200,wor-active,235,0.047852545976638794,1.0
all,0.0200,wor-uniform,235,0.06164172291755676,1.0
all,0.0200,wor-active,236,0.05387324094772339,1.0
all,0.0200,wor-uniform,236,0.06876742839813232,1.0
all,0.0200,wor-active,237,0.05678887665271759,1.0
all,0.0200,wor-uniform,237,0.06460559368133545,1.0
all,0.0200,wor-active,238,0.0651479959487915,1.0
all,0.0200,wor-uniform,238,0.0640445351600647,1.0
all,0.0200,wor-active,239,0.05596470832824707,1.0
all,0.0200,wor-uniform,239,0.06402911245822906,1.0
all,0.0200,wor-active,240,0.05962824821472168,1.0
all,0.0200,wor-uniform,240,0.06281831860542297,1.0
all,0.0200,wor-active,241,0.0685420036315918,1.0
all,0.0200,wor-uniform,241,0.062591552734375,1.0
all,0.0200,wor-active,242,0.05030030012130737,1.0
all,0.0200,wor-uniform,242,0.06581372022628784,1.0
all,0.0200,wor-active,243,0.055467426776885986,1.0
all,0.0200,wor-uniform,243,0.06473296880722046,1.0
all,0.0200,wor-active,244,0.05185896158218384,1.0
all,0.0200,wor-uniform,244,0.06217287480831146,1.0
all,0.0200,wor-active,245,0.04698708653450012,0.0
all,0.0200,wor-uniform,245,0.06725752353668213,1.0
all,0.0200,wor-active,246,0.0656476765871048,1.0
all,0.0200,wor-uniform,246,0.058923423290252686,1.0
all,0.0200,wor-active,247,0.04578404128551483,1.0
all,0.0200,wor-uniform,247,0.06653684377670288,0.0
all,0.0200,wor-active,248,0.051588550209999084,1.0
all,0.0200,wor-uniform,248,0.06244175136089325,1.0
all,0.0200,wor-active,249,0.05660434067249298,1.0
all,0.0200,wor-uniform,249,0.05252303183078766,1.0
all,0.0200,wor-active,250,0.05428808927536011,1.0
all,0.0200,wor-uniform,250,0.061368778347969055,1.0
all,0.0200,wor-active,251,0.05652989447116852,1.0
all,0.0200,wor-uniform,251,0.06138503551483154,1.0
all,0.0200,wor-active,252,0.05646789073944092,1.0
all,0.0200,wor-uniform,252,0.06414420902729034,1.0
all,0.0200,wor-active,253,0.0595615953207016,1.0
all,0.0200,wor-uniform,253,0.05969029664993286,1.0
all,0.0200,wor-active,254,0.05075940489768982,1.0
all,0.0200,wor-uniform,254,0.06463378667831421,1.0
all,0.0200,wor-active,255,0.045377492904663086,1.0
all,0.0200,wor-uniform,255,0.06184607744216919,1.0
all,0.0200,wor-active,256,0.0658676028251648,1.0
all,0.0200,wor-uniform,256,0.05610080063343048,1.0
all,0.0200,wor-active,257,0.053858935832977295,1.0
all,0.0200,wor-uniform,257,0.060303330421447754,1.0
all,0.0200,wor-active,258,0.05972254276275635,1.0
all,0.0200,wor-uniform,258,0.058727070689201355,1.0
all,0.0200,wor-active,259,0.05529683828353882,1.0
all,0.0200,wor-uniform,259,0.06384146213531494,1.0
all,0.0200,wor-active,260,0.067513108253479,1.0
all,0.0200,wor-uniform,260,0.05821734666824341,1.0
all,0.0200,wor-active,261,0.053704798221588135,1.0
all,0.0200,wor-uniform,261,0.0595153272151947,1.0
all,0.0200,wor-active,262,0.0603756308555603,1.0
all,0.0200,wor-uniform,262,0.06118816137313843,1.0
all,0.0200,wor-active,263,0.062354207038879395,1.0
all,0.0200,wor-uniform,263,0.054945364594459534,1.0
all,0.0200,wor-active,264,0.056294381618499756,1.0
all,0.0200,wor-uniform,264,0.06340892612934113,1.0
all,0.0200,wor-active,265,0.058138370513916016,1.0
all,0.0200,wor-uniform,265,0.06768453121185303,1.0
all,0.0200,wor-active,266,0.04712575674057007,1.0
all,0.0200,wor-uniform,266,0.06509822607040405,1.0
all,0.0200,wor-active,267,0.05546724796295166,1.0
all,0.0200,wor-uniform,267,0.05881309509277344,0.0
all,0.0200,wor-active,268,0.0565527081489563,1.0
all,0.0200,wor-uniform,268,0.06274861097335815,1.0
all,0.0200,wor-active,269,0.06597389280796051,1.0
all,0.0200,wor-uniform,269,0.07162880897521973,1.0
all,0.0200,wor-active,270,0.0650295615196228,1.0
all,0.0200,wor-uniform,270,0.059880077838897705,1.0
all,0.0200,wor-active,271,0.05624741315841675,1.0
all,0.0200,wor-uniform,271,0.06502729654312134,1.0
all,0.0200,wor-active,272,0.060024797916412354,1.0
all,0.0200,wor-uniform,272,0.056182414293289185,0.0
all,0.0200,wor-active,273,0.05525004863739014,1.0
all,0.0200,wor-uniform,273,0.058600589632987976,1.0
all,0.0200,wor-active,274,0.055669546127319336,1.0
all,0.0200,wor-uniform,274,0.05910061299800873,1.0
all,0.0200,wor-active,275,0.059985578060150146,1.0
all,0.0200,wor-uniform,275,0.06466591358184814,1.0
all,0.0200,wor-active,276,0.06000518798828125,1.0
all,0.0200,wor-uniform,276,0.059788912534713745,0.0
all,0.0200,wor-active,277,0.04627867043018341,1.0
all,0.0200,wor-uniform,277,0.06682427227497101,1.0
all,0.0200,wor-active,278,0.0569944828748703,1.0
all,0.0200,wor-uniform,278,0.06700251996517181,1.0
all,0.0200,wor-active,279,0.053395941853523254,1.0
all,0.0200,wor-uniform,279,0.06872594356536865,0.0
all,0.0200,wor-active,280,0.058077797293663025,1.0
all,0.0200,wor-uniform,280,0.06438583135604858,1.0
all,0.0200,wor-active,281,0.06097954511642456,1.0
all,0.0200,wor-uniform,281,0.06078219413757324,1.0
all,0.0200,wor-active,282,0.05406594276428223,1.0
all,0.0200,wor-uniform,282,0.06592094898223877,1.0
all,0.0200,wor-active,283,0.0544511079788208,1.0
all,0.0200,wor-uniform,283,0.05817312002182007,1.0
all,0.0200,wor-active,284,0.04610924422740936,1.0
all,0.0200,wor-uniform,284,0.059690043330192566,1.0
all,0.0200,wor-active,285,0.048999592661857605,1.0
all,0.0200,wor-uniform,285,0.06308545172214508,1.0
all,0.0200,wor-active,286,0.0631573349237442,1.0
all,0.0200,wor-uniform,286,0.06453800201416016,1.0
all,0.0200,wor-active,287,0.0601985901594162,1.0
all,0.0200,wor-uniform,287,0.06654548645019531,1.0
all,0.0200,wor-active,288,0.05455683171749115,1.0
all,0.0200,wor-uniform,288,0.05944134294986725,1.0
all,0.0200,wor-active,289,0.05770981311798096,1.0
all,0.0200,wor-uniform,289,0.0569310188293457,1.0
all,0.0200,wor-active,290,0.04996037483215332,1.0
all,0.0200,wor-uniform,290,0.0614246129989624,1.0
all,0.0200,wor-active,291,0.05427485704421997,1.0
all,0.0200,wor-uniform,291,0.06431406736373901,1.0
all,0.0200,wor-active,292,0.047811150550842285,1.0
all,0.0200,wor-uniform,292,0.05962303280830383,1.0
all,0.0200,wor-active,293,0.05571053922176361,1.0
all,0.0200,wor-uniform,293,0.057022616267204285,1.0
all,0.0200,wor-active,294,0.05739225447177887,1.0
all,0.0200,wor-uniform,294,0.05365663766860962,1.0
all,0.0200,wor-active,295,0.05042596161365509,1.0
all,0.0200,wor-uniform,295,0.06347890198230743,1.0
all,0.0200,wor-active,296,0.0583672970533371,1.0
all,0.0200,wor-uniform,296,0.05463588237762451,1.0
all,0.0200,wor-active,297,0.056197166442871094,1.0
all,0.0200,wor-uniform,297,0.06037627160549164,1.0
all,0.0200,wor-active,298,0.054423391819000244,1.0
all,0.0200,wor-uniform,298,0.05817560851573944,1.0
all,0.0200,wor-active,299,0.04911506175994873,1.0
all,0.0200,wor-uniform,299,0.059529781341552734,1.0
all,0.0200,wor-active,300,0.05364036560058594,1.0
all,0.0200,wor-uniform,300,0.06574605405330658,1.0
all,0.0200,wor-active,301,0.063179150223732,1.0
all,0.0200,wor-uniform,301,0.06682705879211426,1.0
all,0.0200,wor-active,302,0.05451011657714844,1.0
all,0.0200,wor-uniform,302,0.0620102733373642,1.0
all,0.0200,wor-active,303,0.04637843370437622,1.0
all,0.0200,wor-uniform,303,0.057074785232543945,1.0
all,0.0200,wor-active,304,0.05767345428466797,1.0
all,0.0200,wor-uniform,304,0.06128929555416107,1.0
all,0.0200,wor-active,305,0.054598212242126465,1.0
all,0.0200,wor-uniform,305,0.061371564865112305,1.0
all,0.0200,wor-active,306,0.05106110870838165,1.0
all,0.0200,wor-uniform,306,0.05668726563453674,1.0
all,0.0200,wor-active,307,0.06067627668380737,1.0
all,0.0200,wor-uniform,307,0.06267955899238586,1.0
all,0.0200,wor-active,308,0.04061642289161682,0.0
all,0.0200,wor-uniform,308,0.05978567898273468,1.0
all,0.0200,wor-active,309,0.058451712131500244,1.0
all,0.0200,wor-uniform,309,0.06310147047042847,1.0
all,0.0200,wor-active,310,0.053626954555511475,1.0
all,0.0200,wor-uniform,310,0.06079983711242676,1.0
all,0.0200,wor-active,311,0.056241750717163086,1.0
all,0.0200,wor-uniform,311,0.06433142721652985,1.0
all,0.0200,wor-active,312,0.04557187855243683,0.0
all,0.0200,wor-uniform,312,0.06412656605243683,1.0
all,0.0200,wor-active,313,0.0603145956993103,1.0
all,0.0200,wor-uniform,313,0.05688653886318207,1.0
all,0.0200,wor-active,314,0.04778538644313812,1.0
all,0.0200,wor-uniform,314,0.060825198888778687,1.0
all,0.0200,wor-active,315,0.06688906252384186,1.0
all,0.0200,wor-uniform,315,0.05869784951210022,1.0
all,0.0200,wor-active,316,0.06494647264480591,1.0
all,0.0200,wor-uniform,316,0.06566883623600006,1.0
all,0.0200,wor-active,317,0.05600018799304962,0.0
all,0.0200,wor-uniform,317,0.05788850784301758,1.0
all,0.0200,wor-active,318,0.06153386831283569,1.0
all,0.0200,wor-uniform,318,0.057158708572387695,1.0
all,0.0200,wor-active,319,0.050815507769584656,1.0
all,0.0200,wor-uniform,319,0.06281699240207672,1.0
all,0.0200,wor-active,320,0.04692941904067993,1.0
all,0.0200,wor-uniform,320,0.06468231976032257,1.0
all,0.0200,wor-active,321,0.05549781024456024,1.0
all,0.0200,wor-uniform,321,0.0663902759552002,1.0
all,0.0200,wor-active,322,0.04074902832508087,0.0
all,0.0200,wor-uniform,322,0.06420093774795532,1.0
all,0.0200,wor-active,323,0.05684387683868408,1.0
all,0.0200,wor-uniform,323,0.05425792932510376,1.0
all,0.0200,wor-active,324,0.04598867893218994,0.0
all,0.0200,wor-uniform,324,0.06240329146385193,1.0
all,0.0200,wor-active,325,0.05551604926586151,1.0
all,0.0200,wor-uniform,325,0.05214107036590576,1.0
all,0.0200,wor-active,326,0.05579268932342529,1.0
all,0.0200,wor-uniform,326,0.061718106269836426,1.0
all,0.0200,wor-active,327,0.051051005721092224,1.0
all,0.0200,wor-uniform,327,0.06525975465774536,1.0
all,0.0200,wor-active,328,0.0503656268119812,1.0
all,0.0200,wor-uniform,328,0.06482560932636261,1.0
all,0.0200,wor-active,329,0.06477349996566772,1.0
all,0.0200,wor-uniform,329,0.06270194053649902,0.0
all,0.0200,wor-active,330,0.05690157413482666,1.0
all,0.0200,wor-uniform,330,0.05878514051437378,1.0
all,0.0200,wor-active,331,0.06217294931411743,1.0
all,0.0200,wor-uniform,331,0.06546461582183838,1.0
all,0.0200,wor-active,332,0.05826599895954132,1.0
all,0.0200,wor-uniform,332,0.05678454041481018,1.0
all,0.0300,wor-active,0,0.04878664016723633,1.0
all,0.0300,wor-uniform,0,0.05192454159259796,1.0
all,0.0300,wor-active,1,0.04562939703464508,1.0
all,0.0300,wor-uniform,1,0.04623030126094818,1.0
all,0.0300,wor-active,2,0.041282474994659424,1.0
all,0.0300,wor-uniform,2,0.04893450438976288,1.0
all,0.0300,wor-active,3,0.04873232543468475,1.0
all,0.0300,wor-uniform,3,0.046202585101127625,1.0
all,0.0300,wor-active,4,0.04420989751815796,1.0
all,0.0300,wor-uniform,4,0.0510367751121521,1.0
all,0.0300,wor-active,5,0.037394002079963684,1.0
all,0.0300,wor-uniform,5,0.049045875668525696,1.0
all,0.0300,wor-active,6,0.03685009479522705,1.0
all,0.0300,wor-uniform,6,0.048696815967559814,1.0
all,0.0300,wor-active,7,0.03772839903831482,1.0
all,0.0300,wor-uniform,7,0.05161723494529724,1.0
all,0.0300,wor-active,8,0.040535539388656616,1.0
all,0.0300,wor-uniform,8,0.0509682297706604,1.0
all,0.0300,wor-active,9,0.04621481895446777,0.0
all,0.0300,wor-uniform,9,0.048451900482177734,1.0
all,0.0300,wor-active,10,0.0440068244934082,1.0
all,0.0300,wor-uniform,10,0.04851400852203369,1.0
all,0.0300,wor-active,11,0.03809639811515808,0.0
all,0.0300,wor-uniform,11,0.05133087933063507,1.0
all,0.0300,wor-active,12,0.03992128372192383,1.0
all,0.0300,wor-uniform,12,0.05270695686340332,1.0
all,0.0300,wor-active,13,0.042118608951568604,1.0
all,0.0300,wor-uniform,13,0.05398690700531006,1.0
all,0.0300,wor-active,14,0.04376696050167084,1.0
all,0.0300,wor-uniform,14,0.05119110643863678,1.0
all,0.0300,wor-active,15,0.04705721139907837,1.0
all,0.0300,wor-uniform,15,0.051836490631103516,1.0
all,0.0300,wor-active,16,0.047394633293151855,1.0
all,0.0300,wor-uniform,16,0.04893761873245239,1.0
all,0.0300,wor-active,17,0.042469322681427,1.0
all,0.0300,wor-uniform,17,0.04991018772125244,1.0
all,0.0300,wor-active,18,0.04150533676147461,1.0
all,0.0300,wor-uniform,18,0.05069561302661896,1.0
all,0.0300,wor-active,19,0.048060476779937744,1.0
all,0.0300,wor-uniform,19,0.04504591226577759,1.0
all,0.0300,wor-active,20,0.043359264731407166,1.0
all,0.0300,wor-uniform,20,0.05293571949005127,1.0
all,0.0300,wor-active,21,0.04110024869441986,1.0
all,0.0300,wor-uniform,21,0.049497172236442566,1.0
all,0.0300,wor-active,22,0.042038142681121826,1.0
all,0.0300,wor-uniform,22,0.05243885517120361,1.0
all,0.0300,wor-active,23,0.04192964732646942,1.0
all,0.0300,wor-uniform,23,0.050466835498809814,1.0
all,0.0300,wor-active,24,0.046912357211112976,1.0
all,0.0300,wor-uniform,24,0.04929620027542114,0.0
all,0.0300,wor-active,25,0.04616659879684448,1.0
all,0.0300,wor-uniform,25,0.04484204947948456,1.0
all,0.0300,wor-active,26,0.04426032304763794,1.0
all,0.0300,wor-uniform,26,0.052104651927948,1.0
all,0.0300,wor-active,27,0.045157745480537415,1.0
all,0.0300,wor-uniform,27,0.05283285677433014,1.0
all,0.0300,wor-active,28,0.04239600896835327,1.0
all,0.0300,wor-uniform,28,0.05124172568321228,1.0
all,0.0300,wor-active,29,0.04022572934627533,1.0
all,0.0300,wor-uniform,29,0.05481010675430298,1.0
all,0.0300,wor-active,30,0.04558444023132324,1.0
all,0.0300,wor-uniform,30,0.04987315833568573,1.0
all,0.0300,wor-active,31,0.050808921456336975,1.0
all,0.0300,wor-uniform,31,0.047835707664489746,1.0
all,0.0300,wor-active,32,0.047045573592185974,1.0
all,0.0300,wor-uniform,32,0.04900763928890228,1.0
all,0.0300,wor-active,33,0.04496784508228302,1.0
all,0.0300,wor-uniform,33,0.05177636444568634,1.0
all,0.0300,wor-active,34,0.043476879596710205,1.0
all,0.0300,wor-uniform,34,0.053704798221588135,0.0
all,0.0300,wor-active,35,0.04835300147533417,1.0
all,0.0300,wor-uniform,35,0.048715606331825256,1.0
all,0.0300,wor-active,36,0.04646007716655731,1.0
all,0.0300,wor-uniform,36,0.04834835231304169,1.0
all,0.0300,wor-active,37,0.046678200364112854,1.0
all,0.0300,wor-uniform,37,0.05196875333786011,1.0
all,0.0300,wor-active,38,0.04481883347034454,1.0
all,0.0300,wor-uniform,38,0.05094116926193237,1.0
all,0.0300,wor-active,39,0.03500087559223175,1.0
all,0.0300,wor-uniform,39,0.045895740389823914,1.0
all,0.0300,wor-active,40,0.046024322509765625,1.0
all,0.0300,wor-uniform,40,0.04781991243362427,1.0
all,0.0300,wor-active,41,0.045246243476867676,1.0
all,0.0300,wor-uniform,41,0.047120511531829834,1.0
all,0.0300,wor-active,42,0.04677475988864899,1.0
all,0.0300,wor-uniform,42,0.04877191781997681,1.0
all,0.0300,wor-active,43,0.04304814338684082,1.0
all,0.0300,wor-uniform,43,0.047016441822052,1.0
all,0.0300,wor-active,44,0.04397463798522949,1.0
all,0.0300,wor-uniform,44,0.04720212519168854,1.0
all,0.0300,wor-active,45,0.038445815443992615,1.0
all,0.0300,wor-uniform,45,0.04913097620010376,1.0
all,0.0300,wor-active,46,0.04003646969795227,1.0
all,0.0300,wor-uniform,46,0.048618242144584656,0.0
all,0.0300,wor-active,47,0.05134028196334839,1.0
all,0.0300,wor-uniform,47,0.05295197665691376,1.0
all,0.0300,wor-active,48,0.04307544231414795,1.0
all,0.0300,wor-uniform,48,0.050784945487976074,1.0
all,0.0300,wor-active,49,0.04688310623168945,1.0
all,0.0300,wor-uniform,49,0.051739394664764404,1.0
all,0.0300,wor-active,50,0.049218177795410156,1.0
all,0.0300,wor-uniform,50,0.052350521087646484,1.0
all,0.0300,wor-active,51,0.0514107346534729,1.0
all,0.0300,wor-uniform,51,0.050030261278152466,1.0
all,0.0300,wor-active,52,0.04633563756942749,1.0
all,0.0300,wor-uniform,52,0.053587377071380615,1.0
all,0.0300,wor-active,53,0.04333500564098358,1.0
all,0.0300,wor-uniform,53,0.047865331172943115,1.0
all,0.0300,wor-active,54,0.040476441383361816,1.0
all,0.0300,wor-uniform,54,0.05265730619430542,1.0
all,0.0300,wor-active,55,0.04255908727645874,1.0
all,0.0300,wor-uniform,55,0.05000883340835571,1.0
all,0.0300,wor-active,56,0.03757674992084503,1.0
all,0.0300,wor-uniform,56,0.050075963139534,1.0
all,0.0300,wor-active,57,0.04102545976638794,0.0
all,0.0300,wor-uniform,57,0.0493617057800293,1.0
all,0.0300,wor-active,58,0.04686079919338226,1.0
all,0.0300,wor-uniform,58,0.053310275077819824,1.0
all,0.0300,wor-active,59,0.039677128195762634,1.0
all,0.0300,wor-uniform,59,0.0478847473859787,1.0
all,0.0300,wor-active,60,0.043777287006378174,1.0
all,0.0300,wor-uniform,60,0.05229745805263519,1.0
all,0.0300,wor-active,61,0.044920653104782104,1.0
all,0.0300,wor-uniform,61,0.05158589780330658,1.0
all,0.0300,wor-active,62,0.047243475914001465,1.0
all,0.0300,wor-uniform,62,0.0464358925819397,1.0
all,0.0300,wor-active,63,0.05359649658203125,1.0
all,0.0300,wor-uniform,63,0.049646079540252686,1.0
all,0.0300,wor-active,64,0.04460853338241577,1.0
all,0.0300,wor-uniform,64,0.04829850792884827,1.0
all,0.0300,wor-active,65,0.04722863435745239,1.0
all,0.0300,wor-uniform,65,0.049424827098846436,1.0
all,0.0300,wor-active,66,0.05073314905166626,1.0
all,0.0300,wor-uniform,66,0.045335590839385986,0.0
all,0.0300,wor-active,67,0.04469950497150421,1.0
all,0.0300,wor-uniform,67,0.05028750002384186,1.0
all,0.0300,wor-active,68,0.04305632412433624,1.0
all,0.0300,wor-uniform,68,0.05028882622718811,1.0
all,0.0300,wor-active,69,0.048850297927856445,1.0
all,0.0300,wor-uniform,69,0.04692108929157257,1.0
all,0.0300,wor-active,70,0.04125213623046875,1.0
all,0.0300,wor-uniform,70,0.05171091854572296,1.0
all,0.0300,wor-active,71,0.04672962427139282,1.0
all,0.0300,wor-uniform,71,0.05175065994262695,1.0
all,0.0300,wor-active,72,0.048010244965553284,1.0
all,0.0300,wor-uniform,72,0.05145750939846039,1.0
all,0.0300,wor-active,73,0.051252007484436035,1.0
all,0.0300,wor-uniform,73,0.04817257821559906,1.0
all,0.0300,wor-active,74,0.047551095485687256,1.0
all,0.0300,wor-uniform,74,0.04730163514614105,1.0
all,0.0300,wor-active,75,0.045404866337776184,1.0
all,0.0300,wor-uniform,75,0.05073130130767822,1.0
all,0.0300,wor-active,76,0.053032100200653076,1.0
all,0.0300,wor-uniform,76,0.051101863384246826,1.0
all,0.0300,wor-active,77,0.05293075740337372,1.0
all,0.0300,wor-uniform,77,0.050739601254463196,1.0
all,0.0300,wor-active,78,0.04550600051879883,1.0
all,0.0300,wor-uniform,78,0.05574499070644379,1.0
all,0.0300,wor-active,79,0.047763943672180176,1.0
all,0.0300,wor-uniform,79,0.05109381675720215,1.0
all,0.0300,wor-active,80,0.04978357255458832,1.0
all,0.0300,wor-uniform,80,0.05435110628604889,1.0
all,0.0300,wor-active,81,0.05515111982822418,1.0
all,0.0300,wor-uniform,81,0.05007536709308624,1.0
all,0.0300,wor-active,82,0.04198884963989258,1.0
all,0.0300,wor-uniform,82,0.050644829869270325,1.0
all,0.0300,wor-active,83,0.04482203722000122,1.0
all,0.0300,wor-uniform,83,0.04920271039009094,1.0
all,0.0300,wor-active,84,0.04160916805267334,1.0
all,0.0300,wor-uniform,84,0.04758952558040619,1.0
all,0.0300,wor-active,85,0.048496901988983154,1.0
all,0.0300,wor-uniform,85,0.04650579392910004,1.0
all,0.0300,wor-active,86,0.0489499568939209,1.0
all,0.0300,wor-uniform,86,0.051845937967300415,1.0
all,0.0300,wor-active,87,0.040944233536720276,1.0
all,0.0300,wor-uniform,87,0.05164055526256561,1.0
all,0.0300,wor-active,88,0.04205048084259033,1.0
all,0.0300,wor-uniform,88,0.05436748266220093,1.0
all,0.0300,wor-active,89,0.04781164228916168,1.0
all,0.0300,wor-uniform,89,0.0543515682220459,1.0
all,0.0300,wor-active,90,0.046897947788238525,1.0
all,0.0300,wor-uniform,90,0.05000703036785126,1.0
all,0.0300,wor-active,91,0.0509147047996521,1.0
all,0.0300,wor-uniform,91,0.055116161704063416,1.0
all,0.0300,wor-active,92,0.048909127712249756,1.0
all,0.0300,wor-uniform,92,0.05061647295951843,1.0
all,0.0300,wor-active,93,0.04429292678833008,1.0
all,0.0300,wor-uniform,93,0.052155494689941406,0.0
all,0.0300,wor-active,94,0.03883443772792816,1.0
all,0.0300,wor-uniform,94,0.04823082685470581,1.0
all,0.0300,wor-active,95,0.04702705144882202,0.0
all,0.0300,wor-uniform,95,0.05142037570476532,1.0
all,0.0300,wor-active,96,0.04051285982131958,1.0
all,0.0300,wor-uniform,96,0.05344033241271973,1.0
all,0.0300,wor-active,97,0.0455053448677063,1.0
all,0.0300,wor-uniform,97,0.0477871298789978,1.0
all,0.0300,wor-active,98,0.04484248161315918,1.0
all,0.0300,wor-uniform,98,0.05118364095687866,1.0
all,0.0300,wor-active,99,0.03927776217460632,1.0
all,0.0300,wor-uniform,99,0.051736727356910706,1.0
all,0.0300,wor-active,100,0.04696929454803467,1.0
all,0.0300,wor-uniform,100,0.04962058365345001,1.0
all,0.0300,wor-active,101,0.0432242751121521,1.0
all,0.0300,wor-uniform,101,0.056138619780540466,1.0
all,0.0300,wor-active,102,0.043904662132263184,1.0
all,0.0300,wor-uniform,102,0.051583170890808105,1.0
all,0.0300,wor-active,103,0.04261887073516846,1.0
all,0.0300,wor-uniform,103,0.0506443977355957,1.0
all,0.0300,wor-active,104,0.04711039364337921,1.0
all,0.0300,wor-uniform,104,0.05085013806819916,1.0
all,0.0300,wor-active,105,0.03566828370094299,0.0
all,0.0300,wor-uniform,105,0.047691524028778076,1.0
all,0.0300,wor-active,106,0.040083691477775574,0.0
all,0.0300,wor-uniform,106,0.04741162061691284,1.0
all,0.0300,wor-active,107,0.043598830699920654,1.0
all,0.0300,wor-uniform,107,0.05102851986885071,1.0
all,0.0300,wor-active,108,0.04416678845882416,1.0
all,0.0300,wor-uniform,108,0.05505095422267914,1.0
all,0.0300,wor-active,109,0.03855486214160919,1.0
all,0.0300,wor-uniform,109,0.05001239478588104,1.0
all,0.0300,wor-active,110,0.043186068534851074,1.0
all,0.0300,wor-uniform,110,0.05033518373966217,1.0
all,0.0300,wor-active,111,0.0428643673658371,1.0
all,0.0300,wor-uniform,111,0.05519920587539673,1.0
all,0.0300,wor-active,112,0.04318791627883911,1.0
all,0.0300,wor-uniform,112,0.0526970773935318,1.0
all,0.0300,wor-active,113,0.04596900939941406,1.0
all,0.0300,wor-uniform,113,0.05072253942489624,1.0
all,0.0300,wor-active,114,0.0461198091506958,0.0
all,0.0300,wor-uniform,114,0.05323605239391327,1.0
all,0.0300,wor-active,115,0.03898385167121887,1.0
all,0.0300,wor-uniform,115,0.05261576175689697,1.0
all,0.0300,wor-active,116,0.04185618460178375,1.0
all,0.0300,wor-uniform,116,0.05605296790599823,1.0
all,0.0300,wor-active,117,0.04893898963928223,1.0
all,0.0300,wor-uniform,117,0.04639315605163574,1.0
all,0.0300,wor-active,118,0.056423306465148926,0.0
all,0.0300,wor-uniform,118,0.0530545711517334,1.0
all,0.0300,wor-active,119,0.04082334041595459,1.0
all,0.0300,wor-uniform,119,0.05131353437900543,1.0
all,0.0300,wor-active,120,0.05049543082714081,1.0
all,0.0300,wor-uniform,120,0.048093974590301514,1.0
all,0.0300,wor-active,121,0.04671907424926758,1.0
all,0.0300,wor-uniform,121,0.04838822782039642,1.0
all,0.0300,wor-active,122,0.046403706073760986,1.0
all,0.0300,wor-uniform,122,0.050143152475357056,1.0
all,0.0300,wor-active,123,0.04531230032444,1.0
all,0.0300,wor-uniform,123,0.051031693816185,1.0
all,0.0300,wor-active,124,0.03955543041229248,0.0
all,0.0300,wor-uniform,124,0.052124083042144775,1.0
all,0.0300,wor-active,125,0.04406236112117767,1.0
all,0.0300,wor-uniform,125,0.049776673316955566,1.0
all,0.0300,wor-active,126,0.04795563220977783,1.0
all,0.0300,wor-uniform,126,0.04890275001525879,1.0
all,0.0300,wor-active,127,0.03974232077598572,1.0
all,0.0300,wor-uniform,127,0.053127214312553406,1.0
all,0.0300,wor-active,128,0.042012035846710205,1.0
all,0.0300,wor-uniform,128,0.051277101039886475,1.0
all,0.0300,wor-active,129,0.04517948627471924,1.0
all,0.0300,wor-uniform,129,0.05592602491378784,1.0
all,0.0300,wor-active,130,0.05107522010803223,1.0
all,0.0300,wor-uniform,130,0.05040614306926727,1.0
all,0.0300,wor-active,131,0.04255685210227966,1.0
all,0.0300,wor-uniform,131,0.04830217361450195,1.0
all,0.0300,wor-active,132,0.040809378027915955,1.0
all,0.0300,wor-uniform,132,0.05382375419139862,1.0
all,0.0300,wor-active,133,0.043507516384124756,1.0
all,0.0300,wor-uniform,133,0.052886754274368286,1.0
all,0.0300,wor-active,134,0.04640822112560272,1.0
all,0.0300,wor-uniform,134,0.05205404758453369,1.0
all,0.0300,wor-active,135,0.04921388626098633,1.0
all,0.0300,wor-uniform,135,0.05005967617034912,1.0
all,0.0300,wor-active,136,0.03903864324092865,1.0
all,0.0300,wor-uniform,136,0.052772581577301025,1.0
all,0.0300,wor-active,137,0.04743379354476929,1.0
all,0.0300,wor-uniform,137,0.04658408463001251,1.0
all,0.0300,wor-active,138,0.04714471101760864,1.0
all,0.0300,wor-uniform,138,0.04557894170284271,1.0
all,0.0300,wor-active,139,0.04695361852645874,1.0
all,0.0300,wor-uniform,139,0.050338804721832275,0.0
all,0.0300,wor-active,140,0.049183011054992676,1.0
all,0.0300,wor-uniform,140,0.05207699537277222,1.0
all,0.0300,wor-active,141,0.05163197219371796,1.0
all,0.0300,wor-uniform,141,0.04681767523288727,1.0
all,0.0300,wor-active,142,0.037606462836265564,1.0
all,0.0300,wor-uniform,142,0.04686461389064789,1.0
all,0.0300,wor-active,143,0.03713358938694,1.0
all,0.0300,wor-uniform,143,0.04904566705226898,1.0
all,0.0300,wor-active,144,0.04349106550216675,1.0
all,0.0300,wor-uniform,144,0.05437791347503662,1.0
all,0.0300,wor-active,145,0.04333390295505524,1.0
all,0.0300,wor-uniform,145,0.046281084418296814,1.0
all,0.0300,wor-active,146,0.05244673788547516,1.0
all,0.0300,wor-uniform,146,0.04859901964664459,1.0
all,0.0300,wor-active,147,0.04324758052825928,1.0
all,0.0300,wor-uniform,147,0.05287337303161621,1.0
all,0.0300,wor-active,148,0.04432719945907593,1.0
all,0.0300,wor-uniform,148,0.05331657826900482,1.0
all,0.0300,wor-active,149,0.051477447152137756,1.0
all,0.0300,wor-uniform,149,0.0439472496509552,1.0
all,0.0300,wor-active,150,0.03781843185424805,0.0
all,0.0300,wor-uniform,150,0.056415021419525146,1.0
all,0.0300,wor-active,151,0.04323606193065643,1.0
all,0.0300,wor-uniform,151,0.05219240486621857,1.0
all,0.0300,wor-active,152,0.04845559597015381,1.0
all,0.0300,wor-uniform,152,0.05139505863189697,1.0
all,0.0300,wor-active,153,0.04863673448562622,1.0
all,0.0300,wor-uniform,153,0.04750232398509979,1.0
all,0.0300,wor-active,154,0.04704378545284271,1.0
all,0.0300,wor-uniform,154,0.0509166419506073,1.0
all,0.0300,wor-active,155,0.04109784960746765,1.0
all,0.0300,wor-uniform,155,0.04940950870513916,1.0
all,0.0300,wor-active,156,0.04492448270320892,1.0
all,0.0300,wor-uniform,156,0.04985252022743225,1.0
all,0.0300,wor-active,157,0.042111754417419434,1.0
all,0.0300,wor-uniform,157,0.05069833993911743,1.0
all,0.0300,wor-active,158,0.05148279666900635,1.0
all,0.0300,wor-uniform,158,0.05153258144855499,1.0
all,0.0300,wor-active,159,0.044080376625061035,1.0
all,0.0300,wor-uniform,159,0.04778480529785156,1.0
all,0.0300,wor-active,160,0.045462071895599365,1.0
all,0.0300,wor-uniform,160,0.050103768706321716,1.0
all,0.0300,wor-active,161,0.04903644323348999,1.0
all,0.0300,wor-uniform,161,0.049716174602508545,1.0
all,0.0300,wor-active,162,0.046394407749176025,1.0
all,0.0300,wor-uniform,162,0.049924373626708984,1.0
all,0.0300,wor-active,163,0.045076385140419006,1.0
all,0.0300,wor-uniform,163,0.050881266593933105,1.0
all,0.0300,wor-active,164,0.043297186493873596,1.0
all,0.0300,wor-uniform,164,0.04859447479248047,1.0
all,0.0300,wor-active,165,0.04736602306365967,1.0
all,0.0300,wor-uniform,165,0.04986076056957245,1.0
all,0.0300,wor-active,166,0.05113285779953003,1.0
all,0.0300,wor-uniform,166,0.050412967801094055,1.0
all,0.0300,wor-active,167,0.04667459428310394,1.0
all,0.0300,wor-uniform,167,0.0524926632642746,1.0
all,0.0300,wor-active,168,0.043175771832466125,1.0
all,0.0300,wor-uniform,168,0.05186164379119873,1.0
all,0.0300,wor-active,169,0.04012051224708557,1.0
all,0.0300,wor-uniform,169,0.048294052481651306,1.0
all,0.0300,wor-active,170,0.04583363234996796,1.0
all,0.0300,wor-uniform,170,0.052152812480926514,1.0
all,0.0300,wor-active,171,0.043170154094696045,1.0
all,0.0300,wor-uniform,171,0.04801660776138306,1.0
all,0.0300,wor-active,172,0.0490981787443161,1.0
all,0.0300,wor-uniform,172,0.05089116096496582,1.0
all,0.0300,wor-active,173,0.0516631156206131,1.0
all,0.0300,wor-uniform,173,0.04527437686920166,1.0
all,0.0300,wor-active,174,0.053091347217559814,1.0
all,0.0300,wor-uniform,174,0.0564534068107605,1.0
all,0.0300,wor-active,175,0.039997100830078125,1.0
all,0.0300,wor-uniform,175,0.0503382682800293,1.0
all,0.0300,wor-active,176,0.047135114669799805,1.0
all,0.0300,wor-uniform,176,0.0508577823638916,1.0
all,0.0300,wor-active,177,0.044268786907196045,1.0
all,0.0300,wor-uniform,177,0.04863375425338745,1.0
all,0.0300,wor-active,178,0.044299423694610596,1.0
all,0.0300,wor-uniform,178,0.049160003662109375,1.0
all,0.0300,wor-active,179,0.05043567717075348,1.0
all,0.0300,wor-uniform,179,0.04727131128311157,1.0
all,0.0300,wor-active,180,0.04669541120529175,1.0
all,0.0300,wor-uniform,180,0.047870710492134094,1.0
all,0.0300,wor-active,181,0.04822385311126709,1.0
all,0.0300,wor-uniform,181,0.04859811067581177,0.0
all,0.0300,wor-active,182,0.04768805205821991,1.0
all,0.0300,wor-uniform,182,0.04629074037075043,1.0
all,0.0300,wor-active,183,0.03955024480819702,1.0
all,0.0300,wor-uniform,183,0.04252815246582031,1.0
all,0.0300,wor-active,184,0.04474806785583496,1.0
all,0.0300,wor-uniform,184,0.049078524112701416,1.0
all,0.0300,wor-active,185,0.04408729076385498,1.0
all,0.0300,wor-uniform,185,0.05034470558166504,1.0
all,0.0300,wor-active,186,0.04542243480682373,1.0
all,0.0300,wor-uniform,186,0.04768329858779907,1.0
all,0.0300,wor-active,187,0.04436838626861572,1.0
all,0.0300,wor-uniform,187,0.04756568372249603,1.0
all,0.0300,wor-active,188,0.0501873642206192,1.0
all,0.0300,wor-uniform,188,0.04950587451457977,1.0
all,0.0300,wor-active,189,0.03809559345245361,1.0
all,0.0300,wor-uniform,189,0.0509602427482605,1.0
all,0.0300,wor-active,190,0.04674147069454193,1.0
all,0.0300,wor-uniform,190,0.0458526611328125,1.0
all,0.0300,wor-active,191,0.045478105545043945,1.0
all,0.0300,wor-uniform,191,0.05512118339538574,0.0
all,0.0300,wor-active,192,0.04416847229003906,1.0
all,0.0300,wor-uniform,192,0.04903966188430786,1.0
all,0.0300,wor-active,193,0.0481564998626709,1.0
all,0.0300,wor-uniform,193,0.0468631386756897,1.0
all,0.0300,wor-active,194,0.04335889220237732,1.0
all,0.0300,wor-uniform,194,0.04568558931350708,1.0
all,0.0300,wor-active,195,0.04810868203639984,1.0
all,0.0300,wor-uniform,195,0.04948894679546356,1.0
all,0.0300,wor-active,196,0.044504404067993164,1.0
all,0.0300,wor-uniform,196,0.04680663347244263,1.0
all,0.0300,wor-active,197,0.048169493675231934,1.0
all,0.0300,wor-uniform,197,0.048571228981018066,1.0
all,0.0300,wor-active,198,0.04237723350524902,1.0
all,0.0300,wor-uniform,198,0.04790604114532471,1.0
all,0.0300,wor-active,199,0.04467320442199707,1.0
all,0.0300,wor-uniform,199,0.050471529364585876,1.0
all,0.0300,wor-active,200,0.04032689332962036,1.0
all,0.0300,wor-uniform,200,0.05810731649398804,1.0
all,0.0300,wor-active,201,0.04365341365337372,1.0
all,0.0300,wor-uniform,201,0.05058102309703827,1.0
all,0.0300,wor-active,202,0.040514618158340454,1.0
all,0.0300,wor-uniform,202,0.051608383655548096,1.0
all,0.0300,wor-active,203,0.0414755642414093,1.0
all,0.0300,wor-uniform,203,0.049058541655540466,1.0
all,0.0300,wor-active,204,0.043117716908454895,1.0
all,0.0300,wor-uniform,204,0.05288510024547577,1.0
all,0.0300,wor-active,205,0.03985476493835449,1.0
all,0.0300,wor-uniform,205,0.05586719512939453,1.0
all,0.0300,wor-active,206,0.038257092237472534,1.0
all,0.0300,wor-uniform,206,0.0522693395614624,1.0
all,0.0300,wor-active,207,0.044222280383110046,1.0
all,0.0300,wor-uniform,207,0.05636115372180939,1.0
all,0.0300,wor-active,208,0.04248015582561493,1.0
all,0.0300,wor-uniform,208,0.05198603868484497,1.0
all,0.0300,wor-active,209,0.04256409406661987,1.0
all,0.0300,wor-uniform,209,0.052705228328704834,1.0
all,0.0300,wor-active,210,0.043995440006256104,1.0
all,0.0300,wor-uniform,210,0.05084042251110077,1.0
all,0.0300,wor-active,211,0.051980018615722656,1.0
all,0.0300,wor-uniform,211,0.050099000334739685,1.0
all,0.0300,wor-active,212,0.04592883586883545,1.0
all,0.0300,wor-uniform,212,0.05079244077205658,1.0
all,0.0300,wor-active,213,0.046993985772132874,1.0
all,0.0300,wor-uniform,213,0.0535929799079895,1.0
all,0.0300,wor-active,214,0.048639461398124695,1.0
all,0.0300,wor-uniform,214,0.04711329936981201,0.0
all,0.0300,wor-active,215,0.04919254779815674,1.0
all,0.0300,wor-uniform,215,0.05336318910121918,1.0
all,0.0300,wor-active,216,0.04614502191543579,1.0
all,0.0300,wor-uniform,216,0.0500604510307312,1.0
all,0.0300,wor-active,217,0.04338638484477997,1.0
all,0.0300,wor-uniform,217,0.04817599058151245,1.0
all,0.0300,wor-active,218,0.05205869674682617,1.0
all,0.0300,wor-uniform,218,0.046428367495536804,1.0
all,0.0300,wor-active,219,0.037726640701293945,1.0
all,0.0300,wor-uniform,219,0.05237744748592377,1.0
all,0.0300,wor-active,220,0.04273116588592529,1.0
all,0.0300,wor-uniform,220,0.04742586612701416,1.0
all,0.0300,wor-active,221,0.03627943992614746,0.0
all,0.0300,wor-uniform,221,0.053154826164245605,1.0
all,0.0300,wor-active,222,0.044599294662475586,1.0
all,0.0300,wor-uniform,222,0.04622115194797516,1.0
all,0.0300,wor-active,223,0.047537386417388916,1.0
all,0.0300,wor-uniform,223,0.04880380630493164,1.0
all,0.0300,wor-active,224,0.05238604545593262,1.0
all,0.0300,wor-uniform,224,0.047610074281692505,1.0
all,0.0300,wor-active,225,0.04756683111190796,1.0
all,0.0300,wor-uniform,225,0.04942002892494202,1.0
all,0.0300,wor-active,226,0.04171198606491089,1.0
all,0.0300,wor-uniform,226,0.0506221204996109,1.0
all,0.0300,wor-active,227,0.0438927561044693,1.0
all,0.0300,wor-uniform,227,0.047697871923446655,1.0
all,0.0300,wor-active,228,0.043529167771339417,1.0
all,0.0300,wor-uniform,228,0.046649232506752014,1.0
all,0.0300,wor-active,229,0.03847150504589081,1.0
all,0.0300,wor-uniform,229,0.046634986996650696,1.0
all,0.0300,wor-active,230,0.041865959763526917,1.0
all,0.0300,wor-uniform,230,0.050217077136039734,1.0
all,0.0300,wor-active,231,0.04055194556713104,1.0
all,0.0300,wor-uniform,231,0.05038422346115112,1.0
all,0.0300,wor-active,232,0.045029640197753906,1.0
all,0.0300,wor-uniform,232,0.0518764853477478,1.0
all,0.0300,wor-active,233,0.044566988945007324,1.0
all,0.0300,wor-uniform,233,0.05046653747558594,1.0
all,0.0300,wor-active,234,0.046665310859680176,1.0
all,0.0300,wor-uniform,234,0.047622859477996826,1.0
all,0.0300,wor-active,235,0.04918485879898071,0.0
all,0.0300,wor-uniform,235,0.05326513946056366,1.0
all,0.0300,wor-active,236,0.040865421295166016,1.0
all,0.0300,wor-uniform,236,0.04863160848617554,1.0
all,0.0300,wor-active,237,0.049963876605033875,1.0
all,0.0300,wor-uniform,237,0.05232267081737518,1.0
all,0.0300,wor-active,238,0.05297885835170746,1.0
all,0.0300,wor-uniform,238,0.053105711936950684,1.0
all,0.0300,wor-active,239,0.0413854718208313,1.0
all,0.0300,wor-uniform,239,0.04956336319446564,1.0
all,0.0300,wor-active,240,0.0492631196975708,1.0
all,0.0300,wor-uniform,240,0.04838062822818756,1.0
all,0.0300,wor-active,241,0.04515479505062103,1.0
all,0.0300,wor-uniform,241,0.05095960199832916,1.0
all,0.0300,wor-active,242,0.045625925064086914,1.0
all,0.0300,wor-uniform,242,0.051342010498046875,1.0
all,0.0300,wor-active,243,0.047172725200653076,1.0
all,0.0300,wor-uniform,243,0.0507998913526535,1.0
all,0.0300,wor-active,244,0.03818075358867645,1.0
all,0.0300,wor-uniform,244,0.05130964517593384,1.0
all,0.0300,wor-active,245,0.04894493520259857,1.0
all,0.0300,wor-uniform,245,0.05118006467819214,1.0
all,0.0300,wor-active,246,0.04541847109794617,1.0
all,0.0300,wor-uniform,246,0.04764358699321747,1.0
all,0.0300,wor-active,247,0.04482370615005493,1.0
all,0.0300,wor-uniform,247,0.05610886216163635,1.0
all,0.0300,wor-active,248,0.04104191064834595,1.0
all,0.0300,wor-uniform,248,0.057108357548713684,1.0
all,0.0300,wor-active,249,0.05525517463684082,1.0
all,0.0300,wor-uniform,249,0.04945559799671173,1.0
all,0.0300,wor-active,250,0.04965627193450928,1.0
all,0.0300,wor-uniform,250,0.05042414367198944,1.0
all,0.0300,wor-active,251,0.05302298069000244,1.0
all,0.0300,wor-uniform,251,0.049267709255218506,1.0
all,0.0300,wor-active,252,0.03892332315444946,1.0
all,0.0300,wor-uniform,252,0.0510130375623703,1.0
all,0.0300,wor-active,253,0.046900346875190735,1.0
all,0.0300,wor-uniform,253,0.04972480237483978,1.0
all,0.0300,wor-active,254,0.050348103046417236,1.0
all,0.0300,wor-uniform,254,0.04931741952896118,1.0
all,0.0300,wor-active,255,0.04618871212005615,1.0
all,0.0300,wor-uniform,255,0.049322426319122314,1.0
all,0.0300,wor-active,256,0.04536665976047516,1.0
all,0.0300,wor-uniform,256,0.049083590507507324,1.0
all,0.0300,wor-active,257,0.039081767201423645,1.0
all,0.0300,wor-uniform,257,0.052875176072120667,1.0
all,0.0300,wor-active,258,0.04494524002075195,1.0
all,0.0300,wor-uniform,258,0.05440618097782135,1.0
all,0.0300,wor-active,259,0.04171060025691986,1.0
all,0.0300,wor-uniform,259,0.055734410881996155,1.0
all,0.0300,wor-active,260,0.0452730655670166,1.0
all,0.0300,wor-uniform,260,0.05150359869003296,1.0
all,0.0300,wor-active,261,0.044774577021598816,1.0
all,0.0300,wor-uniform,261,0.0478782057762146,1.0
all,0.0300,wor-active,262,0.04512399435043335,1.0
all,0.0300,wor-uniform,262,0.04886716604232788,1.0
all,0.0300,wor-active,263,0.043615683913230896,1.0
all,0.0300,wor-uniform,263,0.049918174743652344,1.0
all,0.0300,wor-active,264,0.04727925360202789,1.0
all,0.0300,wor-uniform,264,0.05143076181411743,1.0
all,0.0300,wor-active,265,0.04566293954849243,1.0
all,0.0300,wor-uniform,265,0.046422019600868225,0.0
all,0.0300,wor-active,266,0.05093502998352051,1.0
all,0.0300,wor-uniform,266,0.046164870262145996,1.0
all,0.0300,wor-active,267,0.04807019233703613,1.0
all,0.0300,wor-uniform,267,0.04982316493988037,0.0
all,0.0300,wor-active,268,0.03946559131145477,1.0
all,0.0300,wor-uniform,268,0.050551578402519226,1.0
all,0.0300,wor-active,269,0.041845083236694336,1.0
all,0.0300,wor-uniform,269,0.051480650901794434,1.0
all,0.0300,wor-active,270,0.047765254974365234,1.0
all,0.0300,wor-uniform,270,0.04610782861709595,1.0
all,0.0300,wor-active,271,0.036973729729652405,1.0
all,0.0300,wor-uniform,271,0.047290802001953125,1.0
all,0.0300,wor-active,272,0.04840706288814545,1.0
all,0.0300,wor-uniform,272,0.04682421684265137,1.0
all,0.0300,wor-active,273,0.04825814068317413,1.0
all,0.0300,wor-uniform,273,0.05271559953689575,1.0
all,0.0300,wor-active,274,0.04758936166763306,1.0
all,0.0300,wor-uniform,274,0.05194652080535889,1.0
all,0.0300,wor-active,275,0.04190562665462494,1.0
all,0.0300,wor-uniform,275,0.05202765762805939,1.0
all,0.0300,wor-active,276,0.04141528904438019,1.0
all,0.0300,wor-uniform,276,0.0476033091545105,1.0
all,0.0300,wor-active,277,0.04611368477344513,1.0
all,0.0300,wor-uniform,277,0.05132929980754852,1.0
all,0.0300,wor-active,278,0.03785865008831024,1.0
all,0.0300,wor-uniform,278,0.04741014540195465,1.0
all,0.0300,wor-active,279,0.04771333932876587,1.0
all,0.0300,wor-uniform,279,0.050117477774620056,1.0
all,0.0300,wor-active,280,0.04465532302856445,1.0
all,0.0300,wor-uniform,280,0.05266261100769043,0.0
all,0.0300,wor-active,281,0.03993050754070282,1.0
all,0.0300,wor-uniform,281,0.05147026479244232,1.0
all,0.0300,wor-active,282,0.04752282798290253,1.0
all,0.0300,wor-uniform,282,0.04848372936248779,1.0
all,0.0300,wor-active,283,0.05256153643131256,1.0
all,0.0300,wor-uniform,283,0.04911446571350098,1.0
all,0.0300,wor-active,284,0.05137921869754791,1.0
all,0.0300,wor-uniform,284,0.050345733761787415,1.0
all,0.0300,wor-active,285,0.04337199032306671,1.0
all,0.0300,wor-uniform,285,0.04936182498931885,1.0
all,0.0300,wor-active,286,0.050321564078330994,1.0
all,0.0300,wor-uniform,286,0.05038762092590332,1.0
all,0.0300,wor-active,287,0.03701503574848175,1.0
all,0.0300,wor-uniform,287,0.05169190466403961,1.0
all,0.0300,wor-active,288,0.045153915882110596,1.0
all,0.0300,wor-uniform,288,0.05168949067592621,1.0
all,0.0300,wor-active,289,0.04453366994857788,1.0
all,0.0300,wor-uniform,289,0.054658472537994385,1.0
all,0.0300,wor-active,290,0.04248231649398804,1.0
all,0.0300,wor-uniform,290,0.04863755404949188,1.0
all,0.0300,wor-active,291,0.04204961657524109,1.0
all,0.0300,wor-uniform,291,0.05011169612407684,1.0
all,0.0300,wor-active,292,0.04376345872879028,1.0
all,0.0300,wor-uniform,292,0.05075840651988983,1.0
all,0.0300,wor-active,293,0.041094884276390076,1.0
all,0.0300,wor-uniform,293,0.049993157386779785,0.0
all,0.0300,wor-active,294,0.047042250633239746,1.0
all,0.0300,wor-uniform,294,0.05287027359008789,1.0
all,0.0300,wor-active,295,0.04404847323894501,1.0
all,0.0300,wor-uniform,295,0.046343445777893066,1.0
all,0.0300,wor-active,296,0.046922922134399414,1.0
all,0.0300,wor-uniform,296,0.051972076296806335,1.0
all,0.0300,wor-active,297,0.0482754111289978,1.0
all,0.0300,wor-uniform,297,0.05043870210647583,1.0
all,0.0300,wor-active,298,0.04853081703186035,1.0
all,0.0300,wor-uniform,298,0.04552038013935089,1.0
all,0.0300,wor-active,299,0.038379520177841187,0.0
all,0.0300,wor-uniform,299,0.0532185435295105,1.0
all,0.0300,wor-active,300,0.04220771789550781,1.0
all,0.0300,wor-uniform,300,0.051524534821510315,1.0
all,0.0300,wor-active,301,0.054929330945014954,1.0
all,0.0300,wor-uniform,301,0.05266089737415314,1.0
all,0.0300,wor-active,302,0.04668867588043213,1.0
all,0.0300,wor-uniform,302,0.04918089509010315,1.0
all,0.0300,wor-active,303,0.03754653036594391,1.0
all,0.0300,wor-uniform,303,0.04956299066543579,1.0
all,0.0300,wor-active,304,0.047949135303497314,1.0
all,0.0300,wor-uniform,304,0.04943908751010895,1.0
all,0.0300,wor-active,305,0.0425523966550827,1.0
all,0.0300,wor-uniform,305,0.04412831366062164,1.0
all,0.0300,wor-active,306,0.04745455086231232,1.0
all,0.0300,wor-uniform,306,0.053041279315948486,1.0
all,0.0300,wor-active,307,0.04476642608642578,1.0
all,0.0300,wor-uniform,307,0.050765931606292725,1.0
all,0.0300,wor-active,308,0.0419086217880249,1.0
all,0.0300,wor-uniform,308,0.05111755430698395,1.0
all,0.0300,wor-active,309,0.04513217508792877,1.0
all,0.0300,wor-uniform,309,0.054471731185913086,1.0
all,0.0300,wor-active,310,0.045358628034591675,1.0
all,0.0300,wor-uniform,310,0.052536740899086,1.0
all,0.0300,wor-active,311,0.04685485363006592,1.0
all,0.0300,wor-uniform,311,0.05515921115875244,1.0
all,0.0300,wor-active,312,0.037129417061805725,1.0
all,0.0300,wor-uniform,312,0.050760164856910706,1.0
all,0.0300,wor-active,313,0.04288369417190552,1.0
all,0.0300,wor-uniform,313,0.054144710302352905,1.0
all,0.0300,wor-active,314,0.04744166135787964,1.0
all,0.0300,wor-uniform,314,0.051967084407806396,1.0
all,0.0300,wor-active,315,0.04736800491809845,1.0
all,0.0300,wor-uniform,315,0.04692535102367401,1.0
all,0.0300,wor-active,316,0.04009036719799042,1.0
all,0.0300,wor-uniform,316,0.05006437003612518,1.0
all,0.0300,wor-active,317,0.046015143394470215,1.0
all,0.0300,wor-uniform,317,0.05408376455307007,1.0
all,0.0300,wor-active,318,0.04371887445449829,1.0
all,0.0300,wor-uniform,318,0.051283374428749084,1.0
all,0.0300,wor-active,319,0.04704172909259796,1.0
all,0.0300,wor-uniform,319,0.04629850387573242,1.0
all,0.0300,wor-active,320,0.04211793839931488,1.0
all,0.0300,wor-uniform,320,0.05327741801738739,1.0
all,0.0300,wor-active,321,0.05501776933670044,1.0
all,0.0300,wor-uniform,321,0.053977906703948975,1.0
all,0.0300,wor-active,322,0.04585425555706024,1.0
all,0.0300,wor-uniform,322,0.049354955554008484,1.0
all,0.0300,wor-active,323,0.04386681318283081,1.0
all,0.0300,wor-uniform,323,0.04887495934963226,1.0
all,0.0300,wor-active,324,0.04679226875305176,1.0
all,0.0300,wor-uniform,324,0.050493478775024414,1.0
all,0.0300,wor-active,325,0.04810875654220581,1.0
all,0.0300,wor-uniform,325,0.04710935056209564,1.0
all,0.0300,wor-active,326,0.04178810119628906,1.0
all,0.0300,wor-uniform,326,0.047586023807525635,1.0
all,0.0300,wor-active,327,0.04617995023727417,1.0
all,0.0300,wor-uniform,327,0.04687903821468353,1.0
all,0.0300,wor-active,328,0.04386983811855316,1.0
all,0.0300,wor-uniform,328,0.04752916097640991,1.0
all,0.0300,wor-active,329,0.042846277356147766,1.0
all,0.0300,wor-uniform,329,0.050055041909217834,1.0
all,0.0300,wor-active,330,0.04345239698886871,1.0
all,0.0300,wor-uniform,330,0.04828499257564545,1.0
all,0.0300,wor-active,331,0.03990499675273895,1.0
all,0.0300,wor-uniform,331,0.04892998933792114,1.0
all,0.0300,wor-active,332,0.04599098861217499,1.0
all,0.0300,wor-uniform,332,0.0494675487279892,1.0
all,0.0400,wor-active,0,0.03965659439563751,1.0
all,0.0400,wor-uniform,0,0.03933185338973999,1.0
all,0.0400,wor-active,1,0.04467660188674927,0.0
all,0.0400,wor-uniform,1,0.04428507387638092,1.0
all,0.0400,wor-active,2,0.04239344596862793,1.0
all,0.0400,wor-uniform,2,0.0392308384180069,1.0
all,0.0400,wor-active,3,0.03908216953277588,1.0
all,0.0400,wor-uniform,3,0.042937591671943665,1.0
all,0.0400,wor-active,4,0.03663270175457001,1.0
all,0.0400,wor-uniform,4,0.046408817172050476,1.0
all,0.0400,wor-active,5,0.03660261631011963,1.0
all,0.0400,wor-uniform,5,0.04283797740936279,1.0
all,0.0400,wor-active,6,0.037115514278411865,1.0
all,0.0400,wor-uniform,6,0.04384654760360718,1.0
all,0.0400,wor-active,7,0.03952808678150177,1.0
all,0.0400,wor-uniform,7,0.04507714509963989,1.0
all,0.0400,wor-active,8,0.035363733768463135,1.0
all,0.0400,wor-uniform,8,0.04281078279018402,1.0
all,0.0400,wor-active,9,0.036821648478507996,1.0
all,0.0400,wor-uniform,9,0.044011831283569336,1.0
all,0.0400,wor-active,10,0.039631590247154236,1.0
all,0.0400,wor-uniform,10,0.04026395082473755,1.0
all,0.0400,wor-active,11,0.040348172187805176,0.0
all,0.0400,wor-uniform,11,0.041439175605773926,1.0
all,0.0400,wor-active,12,0.036499395966529846,1.0
all,0.0400,wor-uniform,12,0.04049873352050781,1.0
all,0.0400,wor-active,13,0.0365188866853714,1.0
all,0.0400,wor-uniform,13,0.046611487865448,1.0
all,0.0400,wor-active,14,0.042162537574768066,1.0
all,0.0400,wor-uniform,14,0.04601640999317169,1.0
all,0.0400,wor-active,15,0.039064764976501465,1.0
all,0.0400,wor-uniform,15,0.04293505847454071,1.0
all,0.0400,wor-active,16,0.03974074125289917,1.0
all,0.0400,wor-uniform,16,0.04480928182601929,1.0
all,0.0400,wor-active,17,0.04173916578292847,1.0
all,0.0400,wor-uniform,17,0.04435501992702484,0.0
all,0.0400,wor-active,18,0.03840428590774536,1.0
all,0.0400,wor-uniform,18,0.04442715644836426,1.0
all,0.0400,wor-active,19,0.040996432304382324,1.0
all,0.0400,wor-uniform,19,0.0428842157125473,1.0
all,0.0400,wor-active,20,0.038084253668785095,1.0
all,0.0400,wor-uniform,20,0.043927207589149475,1.0
all,0.0400,wor-active,21,0.038036048412323,1.0
all,0.0400,wor-uniform,21,0.04741644859313965,1.0
all,0.0400,wor-active,22,0.03728707134723663,1.0
all,0.0400,wor-uniform,22,0.04408520460128784,1.0
all,0.0400,wor-active,23,0.03572486340999603,1.0
all,0.0400,wor-uniform,23,0.04433709383010864,1.0
all,0.0400,wor-active,24,0.040089383721351624,1.0
all,0.0400,wor-uniform,24,0.04211725294589996,1.0
all,0.0400,wor-active,25,0.0359090119600296,1.0
all,0.0400,wor-uniform,25,0.045471906661987305,1.0
all,0.0400,wor-active,26,0.036610931158065796,0.0
all,0.0400,wor-uniform,26,0.044065773487091064,1.0
all,0.0400,wor-active,27,0.03957153856754303,1.0
all,0.0400,wor-uniform,27,0.04239936172962189,1.0
all,0.0400,wor-active,28,0.03453797101974487,1.0
all,0.0400,wor-uniform,28,0.04518456757068634,1.0
all,0.0400,wor-active,29,0.03832179307937622,1.0
all,0.0400,wor-uniform,29,0.04240143299102783,1.0
all,0.0400,wor-active,30,0.03438733518123627,1.0
all,0.0400,wor-uniform,30,0.044169485569000244,1.0
all,0.0400,wor-active,31,0.04066437482833862,1.0
all,0.0400,wor-uniform,31,0.04563097655773163,1.0
all,0.0400,wor-active,32,0.03823770582675934,1.0
all,0.0400,wor-uniform,32,0.043823376297950745,1.0
all,0.0400,wor-active,33,0.04028458893299103,1.0
all,0.0400,wor-uniform,33,0.04663878679275513,1.0
all,0.0400,wor-active,34,0.03405745327472687,1.0
all,0.0400,wor-uniform,34,0.04541642963886261,1.0
all,0.0400,wor-active,35,0.04062442481517792,1.0
all,0.0400,wor-uniform,35,0.04130975902080536,1.0
all,0.0400,wor-active,36,0.041336238384246826,0.0
all,0.0400,wor-uniform,36,0.0434647798538208,0.0
all,0.0400,wor-active,37,0.03805762529373169,1.0
all,0.0400,wor-uniform,37,0.04504844546318054,1.0
all,0.0400,wor-active,38,0.03811401128768921,1.0
all,0.0400,wor-uniform,38,0.044515252113342285,1.0
all,0.0400,wor-active,39,0.03733783960342407,1.0
all,0.0400,wor-uniform,39,0.04403191804885864,1.0
all,0.0400,wor-active,40,0.033678725361824036,0.0
all,0.0400,wor-uniform,40,0.04271145164966583,1.0
all,0.0400,wor-active,41,0.04599320888519287,1.0
all,0.0400,wor-uniform,41,0.042256295680999756,1.0
all,0.0400,wor-active,42,0.04363524913787842,1.0
all,0.0400,wor-uniform,42,0.043808937072753906,1.0
all,0.0400,wor-active,43,0.03425724804401398,0.0
all,0.0400,wor-uniform,43,0.04410621523857117,1.0
all,0.0400,wor-active,44,0.04108840227127075,1.0
all,0.0400,wor-uniform,44,0.04093527793884277,1.0
all,0.0400,wor-active,45,0.03753417730331421,1.0
all,0.0400,wor-uniform,45,0.04172821342945099,1.0
all,0.0400,wor-active,46,0.03840291500091553,1.0
all,0.0400,wor-uniform,46,0.0425691157579422,1.0
all,0.0400,wor-active,47,0.04484879970550537,0.0
all,0.0400,wor-uniform,47,0.04366874694824219,1.0
all,0.0400,wor-active,48,0.03884510695934296,1.0
all,0.0400,wor-uniform,48,0.04556828737258911,1.0
all,0.0400,wor-active,49,0.03710824251174927,1.0
all,0.0400,wor-uniform,49,0.04450225830078125,1.0
all,0.0400,wor-active,50,0.04214748740196228,1.0
all,0.0400,wor-uniform,50,0.04458802938461304,1.0
all,0.0400,wor-active,51,0.04130607843399048,1.0
all,0.0400,wor-uniform,51,0.041772857308387756,1.0
all,0.0400,wor-active,52,0.03923046588897705,1.0
all,0.0400,wor-uniform,52,0.040815114974975586,1.0
all,0.0400,wor-active,53,0.04022204875946045,1.0
all,0.0400,wor-uniform,53,0.043098658323287964,1.0
all,0.0400,wor-active,54,0.036413997411727905,1.0
all,0.0400,wor-uniform,54,0.04265427589416504,1.0
all,0.0400,wor-active,55,0.03620415925979614,1.0
all,0.0400,wor-uniform,55,0.039806827902793884,1.0
all,0.0400,wor-active,56,0.03674539923667908,1.0
all,0.0400,wor-uniform,56,0.042542338371276855,1.0
all,0.0400,wor-active,57,0.03871029615402222,1.0
all,0.0400,wor-uniform,57,0.04531073570251465,1.0
all,0.0400,wor-active,58,0.04262961447238922,1.0
all,0.0400,wor-uniform,58,0.04087702929973602,0.0
all,0.0400,wor-active,59,0.03341799974441528,1.0
all,0.0400,wor-uniform,59,0.04416537284851074,1.0
all,0.0400,wor-active,60,0.04099665582180023,1.0
all,0.0400,wor-uniform,60,0.04422040283679962,1.0
all,0.0400,wor-active,61,0.045755088329315186,0.0
all,0.0400,wor-uniform,61,0.04063878953456879,1.0
all,0.0400,wor-active,62,0.036845386028289795,1.0
all,0.0400,wor-uniform,62,0.044193461537361145,1.0
all,0.0400,wor-active,63,0.036646366119384766,1.0
all,0.0400,wor-uniform,63,0.042592063546180725,1.0
all,0.0400,wor-active,64,0.04081951081752777,1.0
all,0.0400,wor-uniform,64,0.042194560170173645,1.0
all,0.0400,wor-active,65,0.037142813205718994,1.0
all,0.0400,wor-uniform,65,0.03983008861541748,1.0
all,0.0400,wor-active,66,0.04369698464870453,1.0
all,0.0400,wor-uniform,66,0.04665306210517883,1.0
all,0.0400,wor-active,67,0.03794652223587036,1.0
all,0.0400,wor-uniform,67,0.04042758047580719,1.0
all,0.0400,wor-active,68,0.04056292772293091,1.0
all,0.0400,wor-uniform,68,0.04101766645908356,1.0
all,0.0400,wor-active,69,0.03821359574794769,1.0
all,0.0400,wor-uniform,69,0.045193687081336975,1.0
all,0.0400,wor-active,70,0.04272657632827759,1.0
all,0.0400,wor-uniform,70,0.04540514945983887,0.0
all,0.0400,wor-active,71,0.035832107067108154,1.0
all,0.0400,wor-uniform,71,0.04514342546463013,1.0
all,0.0400,wor-active,72,0.034666672348976135,1.0
all,0.0400,wor-uniform,72,0.04351174831390381,1.0
all,0.0400,wor-active,73,0.040380120277404785,1.0
all,0.0400,wor-uniform,73,0.043888747692108154,1.0
all,0.0400,wor-active,74,0.039997875690460205,1.0
all,0.0400,wor-uniform,74,0.044309914112091064,1.0
all,0.0400,wor-active,75,0.04113765060901642,1.0
all,0.0400,wor-uniform,75,0.04264342784881592,1.0
all,0.0400,wor-active,76,0.04174147546291351,1.0
all,0.0400,wor-uniform,76,0.04390530288219452,1.0
all,0.0400,wor-active,77,0.03476977348327637,1.0
all,0.0400,wor-uniform,77,0.04535798728466034,1.0
all,0.0400,wor-active,78,0.03421775996685028,1.0
all,0.0400,wor-uniform,78,0.04426693916320801,1.0
all,0.0400,wor-active,79,0.04108905792236328,1.0
all,0.0400,wor-uniform,79,0.04441255331039429,1.0
all,0.0400,wor-active,80,0.036538004875183105,1.0
all,0.0400,wor-uniform,80,0.04437732696533203,1.0
all,0.0400,wor-active,81,0.04004579782485962,1.0
all,0.0400,wor-uniform,81,0.04297977685928345,1.0
all,0.0400,wor-active,82,0.03862456977367401,1.0
all,0.0400,wor-uniform,82,0.044673264026641846,1.0
all,0.0400,wor-active,83,0.04060709476470947,1.0
all,0.0400,wor-uniform,83,0.04195290803909302,1.0
all,0.0400,wor-active,84,0.04188084602355957,1.0
all,0.0400,wor-uniform,84,0.043152496218681335,1.0
all,0.0400,wor-active,85,0.04028962552547455,1.0
all,0.0400,wor-uniform,85,0.04343140125274658,1.0
all,0.0400,wor-active,86,0.03872323036193848,1.0
all,0.0400,wor-uniform,86,0.04054294526576996,1.0
all,0.0400,wor-active,87,0.03786762058734894,1.0
all,0.0400,wor-uniform,87,0.04409843683242798,1.0
all,0.0400,wor-active,88,0.03980916738510132,1.0
all,0.0400,wor-uniform,88,0.04511062800884247,1.0
all,0.0400,wor-active,89,0.0415118932723999,1.0
all,0.0400,wor-uniform,89,0.041501209139823914,1.0
all,0.0400,wor-active,90,0.03927701711654663,1.0
all,0.0400,wor-uniform,90,0.04307626187801361,1.0
all,0.0400,wor-active,91,0.03764057159423828,1.0
all,0.0400,wor-uniform,91,0.04796856641769409,1.0
all,0.0400,wor-active,92,0.041738808155059814,1.0
all,0.0400,wor-uniform,92,0.041119202971458435,1.0
all,0.0400,wor-active,93,0.03508344292640686,1.0
all,0.0400,wor-uniform,93,0.04072578251361847,1.0
all,0.0400,wor-active,94,0.03985075652599335,1.0
all,0.0400,wor-uniform,94,0.04372577369213104,1.0
all,0.0400,wor-active,95,0.043017998337745667,1.0
all,0.0400,wor-uniform,95,0.044074058532714844,1.0
all,0.0400,wor-active,96,0.03527712821960449,1.0
all,0.0400,wor-uniform,96,0.04387781023979187,1.0
all,0.0400,wor-active,97,0.0388670414686203,1.0
all,0.0400,wor-uniform,97,0.043547749519348145,1.0
all,0.0400,wor-active,98,0.03919672966003418,1.0
all,0.0400,wor-uniform,98,0.04539041221141815,1.0
all,0.0400,wor-active,99,0.03950166702270508,1.0
all,0.0400,wor-uniform,99,0.03815127909183502,1.0
all,0.0400,wor-active,100,0.03841637074947357,1.0
all,0.0400,wor-uniform,100,0.044526442885398865,1.0
all,0.0400,wor-active,101,0.041367098689079285,1.0
all,0.0400,wor-uniform,101,0.041228294372558594,1.0
all,0.0400,wor-active,102,0.041248202323913574,1.0
all,0.0400,wor-uniform,102,0.04122920334339142,1.0
all,0.0400,wor-active,103,0.03957615792751312,1.0
all,0.0400,wor-uniform,103,0.047777995467185974,1.0
all,0.0400,wor-active,104,0.037689387798309326,1.0
all,0.0400,wor-uniform,104,0.04569292068481445,1.0
all,0.0400,wor-active,105,0.035644978284835815,1.0
all,0.0400,wor-uniform,105,0.03937874734401703,1.0
all,0.0400,wor-active,106,0.04018288850784302,1.0
all,0.0400,wor-uniform,106,0.04152330756187439,1.0
all,0.0400,wor-active,107,0.040153682231903076,1.0
all,0.0400,wor-uniform,107,0.0405169278383255,1.0
all,0.0400,wor-active,108,0.04007667303085327,1.0
all,0.0400,wor-uniform,108,0.044047459959983826,1.0
all,0.0400,wor-active,109,0.03874468803405762,1.0
all,0.0400,wor-uniform,109,0.044087931513786316,1.0
all,0.0400,wor-active,110,0.03803205490112305,1.0
all,0.0400,wor-uniform,110,0.044319868087768555,0.0
all,0.0400,wor-active,111,0.03966177999973297,1.0
all,0.0400,wor-uniform,111,0.045392513275146484,0.0
all,0.0400,wor-active,112,0.03236989676952362,1.0
all,0.0400,wor-uniform,112,0.0418773889541626,1.0
all,0.0400,wor-active,113,0.03473636507987976,1.0
all,0.0400,wor-uniform,113,0.04485177993774414,1.0
all,0.0400,wor-active,114,0.04324740171432495,1.0
all,0.0400,wor-uniform,114,0.0422850102186203,1.0
all,0.0400,wor-active,115,0.04086516797542572,1.0
all,0.0400,wor-uniform,115,0.04286929965019226,1.0
all,0.0400,wor-active,116,0.03437057137489319,1.0
all,0.0400,wor-uniform,116,0.0432102233171463,1.0
all,0.0400,wor-active,117,0.03948163986206055,1.0
all,0.0400,wor-uniform,117,0.04347775876522064,1.0
all,0.0400,wor-active,118,0.0456763356924057,1.0
all,0.0400,wor-uniform,118,0.04641300439834595,1.0
all,0.0400,wor-active,119,0.039383530616760254,1.0
all,0.0400,wor-uniform,119,0.04359698295593262,1.0
all,0.0400,wor-active,120,0.04032832384109497,1.0
all,0.0400,wor-uniform,120,0.04618138074874878,1.0
all,0.0400,wor-active,121,0.042021751403808594,1.0
all,0.0400,wor-uniform,121,0.04380828142166138,1.0
all,0.0400,wor-active,122,0.042752623558044434,1.0
all,0.0400,wor-uniform,122,0.04138833284378052,1.0
all,0.0400,wor-active,123,0.046007633209228516,0.0
all,0.0400,wor-uniform,123,0.04465603828430176,1.0
all,0.0400,wor-active,124,0.03935515880584717,1.0
all,0.0400,wor-uniform,124,0.046193256974220276,1.0
all,0.0400,wor-active,125,0.04202403128147125,1.0
all,0.0400,wor-uniform,125,0.04206889867782593,1.0
all,0.0400,wor-active,126,0.04294180870056152,1.0
all,0.0400,wor-uniform,126,0.042801931500434875,1.0
all,0.0400,wor-active,127,0.03500373661518097,1.0
all,0.0400,wor-uniform,127,0.04154054820537567,0.0
all,0.0400,wor-active,128,0.03887069225311279,1.0
all,0.0400,wor-uniform,128,0.04290829598903656,1.0
all,0.0400,wor-active,129,0.03625696897506714,0.0
all,0.0400,wor-uniform,129,0.04289829730987549,1.0
all,0.0400,wor-active,130,0.039683520793914795,1.0
all,0.0400,wor-uniform,130,0.043249309062957764,1.0
all,0.0400,wor-active,131,0.04028725624084473,1.0
all,0.0400,wor-uniform,131,0.040100887417793274,0.0
all,0.0400,wor-active,132,0.0350131094455719,0.0
all,0.0400,wor-uniform,132,0.04189896583557129,1.0
all,0.0400,wor-active,133,0.037967026233673096,1.0
all,0.0400,wor-uniform,133,0.04298102855682373,0.0
all,0.0400,wor-active,134,0.038542211055755615,1.0
all,0.0400,wor-uniform,134,0.044591307640075684,1.0
all,0.0400,wor-active,135,0.03853143751621246,1.0
all,0.0400,wor-uniform,135,0.04287092387676239,1.0
all,0.0400,wor-active,136,0.03939616680145264,1.0
all,0.0400,wor-uniform,136,0.044468238949775696,1.0
all,0.0400,wor-active,137,0.04024769365787506,1.0
all,0.0400,wor-uniform,137,0.0414019376039505,1.0
all,0.0400,wor-active,138,0.03853112459182739,1.0
all,0.0400,wor-uniform,138,0.04405319690704346,1.0
all,0.0400,wor-active,139,0.034920111298561096,1.0
all,0.0400,wor-uniform,139,0.04598186910152435,1.0
all,0.0400,wor-active,140,0.0359799861907959,1.0
all,0.0400,wor-uniform,140,0.04242968559265137,1.0
all,0.0400,wor-active,141,0.03789949417114258,1.0
all,0.0400,wor-uniform,141,0.04317730665206909,1.0
all,0.0400,wor-active,142,0.0369073748588562,1.0
all,0.0400,wor-uniform,142,0.04657876491546631,1.0
all,0.0400,wor-active,143,0.03644055128097534,1.0
all,0.0400,wor-uniform,143,0.04125501215457916,1.0
all,0.0400,wor-active,144,0.040274202823638916,1.0
all,0.0400,wor-uniform,144,0.04213342070579529,1.0
all,0.0400,wor-active,145,0.043486014008522034,1.0
all,0.0400,wor-uniform,145,0.0455855131149292,1.0
all,0.0400,wor-active,146,0.03803519904613495,1.0
all,0.0400,wor-uniform,146,0.04022364318370819,1.0
all,0.0400,wor-active,147,0.036270007491111755,1.0
all,0.0400,wor-uniform,147,0.0446682870388031,1.0
all,0.0400,wor-active,148,0.03631359338760376,1.0
all,0.0400,wor-uniform,148,0.046975865960121155,1.0
all,0.0400,wor-active,149,0.038592711091041565,1.0
all,0.0400,wor-uniform,149,0.04419989883899689,1.0
all,0.0400,wor-active,150,0.039930522441864014,1.0
all,0.0400,wor-uniform,150,0.04214070737361908,1.0
all,0.0400,wor-active,151,0.046413540840148926,1.0
all,0.0400,wor-uniform,151,0.04519611597061157,1.0
all,0.0400,wor-active,152,0.039023399353027344,1.0
all,0.0400,wor-uniform,152,0.03781577944755554,1.0
all,0.0400,wor-active,153,0.036719560623168945,1.0
all,0.0400,wor-uniform,153,0.0415576696395874,1.0
all,0.0400,wor-active,154,0.04128032922744751,1.0
all,0.0400,wor-uniform,154,0.045056700706481934,1.0
all,0.0400,wor-active,155,0.03964778780937195,1.0
all,0.0400,wor-uniform,155,0.04408816993236542,1.0
all,0.0400,wor-active,156,0.03496573865413666,1.0
all,0.0400,wor-uniform,156,0.045616984367370605,1.0
all,0.0400,wor-active,157,0.03289605677127838,1.0
all,0.0400,wor-uniform,157,0.042940497398376465,1.0
all,0.0400,wor-active,158,0.03669606149196625,1.0
all,0.0400,wor-uniform,158,0.044220998883247375,1.0
all,0.0400,wor-active,159,0.04627031087875366,1.0
all,0.0400,wor-uniform,159,0.04186069965362549,1.0
all,0.0400,wor-active,160,0.04031682014465332,1.0
all,0.0400,wor-uniform,160,0.04261690378189087,1.0
all,0.0400,wor-active,161,0.04146866500377655,1.0
all,0.0400,wor-uniform,161,0.044957518577575684,1.0
all,0.0400,wor-active,162,0.03514884412288666,1.0
all,0.0400,wor-uniform,162,0.045356929302215576,1.0
all,0.0400,wor-active,163,0.04206793010234833,1.0
all,0.0400,wor-uniform,163,0.04504114389419556,1.0
all,0.0400,wor-active,164,0.03321415185928345,1.0
all,0.0400,wor-uniform,164,0.04270868003368378,1.0
all,0.0400,wor-active,165,0.03722314536571503,1.0
all,0.0400,wor-uniform,165,0.048051416873931885,1.0
all,0.0400,wor-active,166,0.04513269662857056,1.0
all,0.0400,wor-uniform,166,0.04339863359928131,1.0
all,0.0400,wor-active,167,0.03287142515182495,1.0
all,0.0400,wor-uniform,167,0.04151874780654907,1.0
all,0.0400,wor-active,168,0.04497402906417847,0.0
all,0.0400,wor-uniform,168,0.04028397798538208,1.0
all,0.0400,wor-active,169,0.03795534372329712,1.0
all,0.0400,wor-uniform,169,0.04223877191543579,1.0
all,0.0400,wor-active,170,0.03340551257133484,0.0
all,0.0400,wor-uniform,170,0.04288257658481598,1.0
all,0.0400,wor-active,171,0.04150348901748657,1.0
all,0.0400,wor-uniform,171,0.04398457705974579,1.0
all,0.0400,wor-active,172,0.03511016070842743,1.0
all,0.0400,wor-uniform,172,0.04262648522853851,1.0
all,0.0400,wor-active,173,0.04167139530181885,1.0
all,0.0400,wor-uniform,173,0.04132777452468872,1.0
all,0.0400,wor-active,174,0.037030771374702454,1.0
all,0.0400,wor-uniform,174,0.04193246364593506,1.0
all,0.0400,wor-active,175,0.040911391377449036,1.0
all,0.0400,wor-uniform,175,0.04334016144275665,1.0
all,0.0400,wor-active,176,0.03691793978214264,1.0
all,0.0400,wor-uniform,176,0.041400596499443054,1.0
all,0.0400,wor-active,177,0.04074461758136749,1.0
all,0.0400,wor-uniform,177,0.043794870376586914,1.0
all,0.0400,wor-active,178,0.037646353244781494,1.0
all,0.0400,wor-uniform,178,0.040376290678977966,1.0
all,0.0400,wor-active,179,0.03425097465515137,1.0
all,0.0400,wor-uniform,179,0.04445326328277588,0.0
all,0.0400,wor-active,180,0.04126298427581787,0.0
all,0.0400,wor-uniform,180,0.04200965166091919,1.0
all,0.0400,wor-active,181,0.03656771779060364,1.0
all,0.0400,wor-uniform,181,0.04434698820114136,1.0
all,0.0400,wor-active,182,0.03782331943511963,1.0
all,0.0400,wor-uniform,182,0.04180213809013367,1.0
all,0.0400,wor-active,183,0.039492085576057434,1.0
all,0.0400,wor-uniform,183,0.04429978132247925,0.0
all,0.0400,wor-active,184,0.03903008997440338,1.0
all,0.0400,wor-uniform,184,0.04077136516571045,1.0
all,0.0400,wor-active,185,0.03581474721431732,1.0
all,0.0400,wor-uniform,185,0.04088479280471802,1.0
all,0.0400,wor-active,186,0.03684227168560028,1.0
all,0.0400,wor-uniform,186,0.04203242063522339,1.0
all,0.0400,wor-active,187,0.04007077217102051,1.0
all,0.0400,wor-uniform,187,0.040998876094818115,1.0
all,0.0400,wor-active,188,0.04020160436630249,1.0
all,0.0400,wor-uniform,188,0.044780194759368896,1.0
all,0.0400,wor-active,189,0.04210686683654785,1.0
all,0.0400,wor-uniform,189,0.0435941219329834,1.0
all,0.0400,wor-active,190,0.037980616092681885,1.0
all,0.0400,wor-uniform,190,0.04283364117145538,1.0
all,0.0400,wor-active,191,0.039790987968444824,1.0
all,0.0400,wor-uniform,191,0.043832480907440186,1.0
all,0.0400,wor-active,192,0.03478038311004639,1.0
all,0.0400,wor-uniform,192,0.04035267233848572,1.0
all,0.0400,wor-active,193,0.044932663440704346,1.0
all,0.0400,wor-uniform,193,0.04318751394748688,1.0
all,0.0400,wor-active,194,0.038167357444763184,1.0
all,0.0400,wor-uniform,194,0.043022483587265015,1.0
all,0.0400,wor-active,195,0.0422440767288208,1.0
all,0.0400,wor-uniform,195,0.04251676797866821,1.0
all,0.0400,wor-active,196,0.038782477378845215,1.0
all,0.0400,wor-uniform,196,0.04283209145069122,1.0
all,0.0400,wor-active,197,0.03749649226665497,1.0
all,0.0400,wor-uniform,197,0.04285150766372681,1.0
all,0.0400,wor-active,198,0.035372912883758545,1.0
all,0.0400,wor-uniform,198,0.04381316900253296,1.0
all,0.0400,wor-active,199,0.04332280158996582,0.0
all,0.0400,wor-uniform,199,0.04261551797389984,1.0
all,0.0400,wor-active,200,0.041294217109680176,1.0
all,0.0400,wor-uniform,200,0.047612905502319336,1.0
all,0.0400,wor-active,201,0.03861212730407715,1.0
all,0.0400,wor-uniform,201,0.04347573220729828,1.0
all,0.0400,wor-active,202,0.03866340219974518,1.0
all,0.0400,wor-uniform,202,0.04372377693653107,1.0
all,0.0400,wor-active,203,0.039665594696998596,1.0
all,0.0400,wor-uniform,203,0.04184611141681671,1.0
all,0.0400,wor-active,204,0.041486382484436035,1.0
all,0.0400,wor-uniform,204,0.04289351403713226,1.0
all,0.0400,wor-active,205,0.03926491737365723,1.0
all,0.0400,wor-uniform,205,0.04591415822505951,1.0
all,0.0400,wor-active,206,0.041328608989715576,1.0
all,0.0400,wor-uniform,206,0.04148286581039429,1.0
all,0.0400,wor-active,207,0.043389737606048584,1.0
all,0.0400,wor-uniform,207,0.0407586395740509,1.0
all,0.0400,wor-active,208,0.03667795658111572,1.0
all,0.0400,wor-uniform,208,0.03937649726867676,0.0
all,0.0400,wor-active,209,0.04037356376647949,1.0
all,0.0400,wor-uniform,209,0.042769864201545715,1.0
all,0.0400,wor-active,210,0.03935292363166809,1.0
all,0.0400,wor-uniform,210,0.04164016246795654,1.0
all,0.0400,wor-active,211,0.04169277846813202,1.0
all,0.0400,wor-uniform,211,0.04460681974887848,1.0
all,0.0400,wor-active,212,0.037845492362976074,1.0
all,0.0400,wor-uniform,212,0.04569447040557861,1.0
all,0.0400,wor-active,213,0.041964128613471985,1.0
all,0.0400,wor-uniform,213,0.04279047250747681,1.0
all,0.0400,wor-active,214,0.041272297501564026,1.0
all,0.0400,wor-uniform,214,0.04026725888252258,1.0
all,0.0400,wor-active,215,0.03658062219619751,1.0
all,0.0400,wor-uniform,215,0.042519405484199524,1.0
all,0.0400,wor-active,216,0.039336517453193665,1.0
all,0.0400,wor-uniform,216,0.044992923736572266,1.0
all,0.0400,wor-active,217,0.03884154558181763,1.0
all,0.0400,wor-uniform,217,0.0443495512008667,1.0
all,0.0400,wor-active,218,0.03672917187213898,1.0
all,0.0400,wor-uniform,218,0.04504896700382233,1.0
all,0.0400,wor-active,219,0.04230082035064697,1.0
all,0.0400,wor-uniform,219,0.045439183712005615,1.0
all,0.0400,wor-active,220,0.03667078912258148,1.0
all,0.0400,wor-uniform,220,0.04084199666976929,0.0
all,0.0400,wor-active,221,0.041546836495399475,1.0
all,0.0400,wor-uniform,221,0.042637959122657776,1.0
all,0.0400,wor-active,222,0.03707325458526611,1.0
all,0.0400,wor-uniform,222,0.04228663444519043,1.0
all,0.0400,wor-active,223,0.038253188133239746,1.0
all,0.0400,wor-uniform,223,0.04398050904273987,1.0
all,0.0400,wor-active,224,0.037480711936950684,1.0
all,0.0400,wor-uniform,224,0.0398792028427124,1.0
all,0.0400,wor-active,225,0.03995347023010254,1.0
all,0.0400,wor-uniform,225,0.04297518730163574,1.0
all,0.0400,wor-active,226,0.04638558626174927,1.0
all,0.0400,wor-uniform,226,0.04394721984863281,1.0
all,0.0400,wor-active,227,0.04002027213573456,1.0
all,0.0400,wor-uniform,227,0.04404149949550629,1.0
all,0.0400,wor-active,228,0.039015889167785645,1.0
all,0.0400,wor-uniform,228,0.04703468084335327,1.0
all,0.0400,wor-active,229,0.042693376541137695,1.0
all,0.0400,wor-uniform,229,0.044957101345062256,1.0
all,0.0400,wor-active,230,0.03912799060344696,1.0
all,0.0400,wor-uniform,230,0.043805286288261414,1.0
all,0.0400,wor-active,231,0.03761677443981171,1.0
all,0.0400,wor-uniform,231,0.042715370655059814,1.0
all,0.0400,wor-active,232,0.03827691078186035,1.0
all,0.0400,wor-uniform,232,0.044164106249809265,1.0
all,0.0400,wor-active,233,0.04443182051181793,1.0
all,0.0400,wor-uniform,233,0.04156041145324707,1.0
all,0.0400,wor-active,234,0.036904871463775635,1.0
all,0.0400,wor-uniform,234,0.04390798509120941,1.0
all,0.0400,wor-active,235,0.04114067554473877,1.0
all,0.0400,wor-uniform,235,0.04350626468658447,1.0
all,0.0400,wor-active,236,0.0442277193069458,1.0
all,0.0400,wor-uniform,236,0.0441613495349884,1.0
all,0.0400,wor-active,237,0.0436440110206604,1.0
all,0.0400,wor-uniform,237,0.044522300362586975,1.0
all,0.0400,wor-active,238,0.0421639084815979,1.0
all,0.0400,wor-uniform,238,0.042695432901382446,1.0
all,0.0400,wor-active,239,0.04147692024707794,1.0
all,0.0400,wor-uniform,239,0.044814884662628174,1.0
all,0.0400,wor-active,240,0.045720458030700684,1.0
all,0.0400,wor-uniform,240,0.038546547293663025,0.0
all,0.0400,wor-active,241,0.03441402316093445,1.0
all,0.0400,wor-uniform,241,0.04600203037261963,1.0
all,0.0400,wor-active,242,0.04136174917221069,1.0
all,0.0400,wor-uniform,242,0.04099138081073761,1.0
all,0.0400,wor-active,243,0.03757739067077637,1.0
all,0.0400,wor-uniform,243,0.04372185468673706,1.0
all,0.0400,wor-active,244,0.042973995208740234,1.0
all,0.0400,wor-uniform,244,0.043482303619384766,1.0
all,0.0400,wor-active,245,0.038196444511413574,1.0
all,0.0400,wor-uniform,245,0.04177919030189514,1.0
all,0.0400,wor-active,246,0.041548892855644226,1.0
all,0.0400,wor-uniform,246,0.04175461828708649,1.0
all,0.0400,wor-active,247,0.04520969092845917,1.0
all,0.0400,wor-uniform,247,0.04624225199222565,1.0
all,0.0400,wor-active,248,0.03808467090129852,1.0
all,0.0400,wor-uniform,248,0.045603737235069275,1.0
all,0.0400,wor-active,249,0.03766970336437225,1.0
all,0.0400,wor-uniform,249,0.043804243206977844,1.0
all,0.0400,wor-active,250,0.03844223916530609,1.0
all,0.0400,wor-uniform,250,0.041940838098526,1.0
all,0.0400,wor-active,251,0.039535701274871826,1.0
all,0.0400,wor-uniform,251,0.043774932622909546,1.0
all,0.0400,wor-active,252,0.042160287499427795,1.0
all,0.0400,wor-uniform,252,0.042824357748031616,1.0
all,0.0400,wor-active,253,0.03893113136291504,1.0
all,0.0400,wor-uniform,253,0.045543670654296875,1.0
all,0.0400,wor-active,254,0.039263054728507996,1.0
all,0.0400,wor-uniform,254,0.04413007199764252,1.0
all,0.0400,wor-active,255,0.03572922945022583,1.0
all,0.0400,wor-uniform,255,0.04093606770038605,1.0
all,0.0400,wor-active,256,0.04141104221343994,1.0
all,0.0400,wor-uniform,256,0.043121010065078735,1.0
all,0.0400,wor-active,257,0.039904072880744934,1.0
all,0.0400,wor-uniform,257,0.04174166917800903,1.0
all,0.0400,wor-active,258,0.036746516823768616,1.0
all,0.0400,wor-uniform,258,0.044980406761169434,1.0
all,0.0400,wor-active,259,0.03939409554004669,1.0
all,0.0400,wor-uniform,259,0.042958855628967285,1.0
all,0.0400,wor-active,260,0.04073536396026611,1.0
all,0.0400,wor-uniform,260,0.04679673910140991,0.0
all,0.0400,wor-active,261,0.02971521019935608,0.0
all,0.0400,wor-uniform,261,0.04490172863006592,1.0
all,0.0400,wor-active,262,0.033177584409713745,0.0
all,0.0400,wor-uniform,262,0.04314155876636505,1.0
all,0.0400,wor-active,263,0.04389248788356781,1.0
all,0.0400,wor-uniform,263,0.04659104347229004,1.0
all,0.0400,wor-active,264,0.039432525634765625,1.0
all,0.0400,wor-uniform,264,0.04484309256076813,1.0
all,0.0400,wor-active,265,0.038226231932640076,1.0
all,0.0400,wor-uniform,265,0.043514251708984375,1.0
all,0.0400,wor-active,266,0.04119551181793213,1.0
all,0.0400,wor-uniform,266,0.04321998357772827,1.0
all,0.0400,wor-active,267,0.037506937980651855,1.0
all,0.0400,wor-uniform,267,0.039823248982429504,1.0
all,0.0400,wor-active,268,0.04293985664844513,1.0
all,0.0400,wor-uniform,268,0.03956417739391327,1.0
all,0.0400,wor-active,269,0.041622355580329895,1.0
all,0.0400,wor-uniform,269,0.04207909107208252,1.0
all,0.0400,wor-active,270,0.04051797091960907,1.0
all,0.0400,wor-uniform,270,0.042306602001190186,1.0
all,0.0400,wor-active,271,0.040710702538490295,1.0
all,0.0400,wor-uniform,271,0.04070192575454712,1.0
all,0.0400,wor-active,272,0.03749561309814453,1.0
all,0.0400,wor-uniform,272,0.0444452166557312,1.0
all,0.0400,wor-active,273,0.03737461566925049,1.0
all,0.0400,wor-uniform,273,0.04232586920261383,1.0
all,0.0400,wor-active,274,0.039775192737579346,1.0
all,0.0400,wor-uniform,274,0.04666018486022949,1.0
all,0.0400,wor-active,275,0.04101443290710449,1.0
all,0.0400,wor-uniform,275,0.04254937171936035,1.0
all,0.0400,wor-active,276,0.039561927318573,1.0
all,0.0400,wor-uniform,276,0.04658091068267822,1.0
all,0.0400,wor-active,277,0.03480064868927002,0.0
all,0.0400,wor-uniform,277,0.04203695058822632,1.0
all,0.0400,wor-active,278,0.03742915391921997,1.0
all,0.0400,wor-uniform,278,0.0444210022687912,1.0
all,0.0400,wor-active,279,0.03425800800323486,1.0
all,0.0400,wor-uniform,279,0.04282502830028534,1.0
all,0.0400,wor-active,280,0.040349528193473816,1.0
all,0.0400,wor-uniform,280,0.04631757736206055,1.0
all,0.0400,wor-active,281,0.03642125427722931,1.0
all,0.0400,wor-uniform,281,0.04504507780075073,1.0
all,0.0400,wor-active,282,0.043747901916503906,0.0
all,0.0400,wor-uniform,282,0.04394102096557617,1.0
all,0.0400,wor-active,283,0.04022476077079773,1.0
all,0.0400,wor-uniform,283,0.041667014360427856,1.0
all,0.0400,wor-active,284,0.03827051818370819,1.0
all,0.0400,wor-uniform,284,0.04335297644138336,1.0
all,0.0400,wor-active,285,0.041617169976234436,1.0
all,0.0400,wor-uniform,285,0.04680824279785156,1.0
all,0.0400,wor-active,286,0.036771371960639954,1.0
all,0.0400,wor-uniform,286,0.042573586106300354,1.0
all,0.0400,wor-active,287,0.035430505871772766,1.0
all,0.0400,wor-uniform,287,0.04592287540435791,1.0
all,0.0400,wor-active,288,0.035572052001953125,1.0
all,0.0400,wor-uniform,288,0.04120028018951416,1.0
all,0.0400,wor-active,289,0.04081973433494568,1.0
all,0.0400,wor-uniform,289,0.04560260474681854,1.0
all,0.0400,wor-active,290,0.03131216764450073,1.0
all,0.0400,wor-uniform,290,0.0401766300201416,1.0
all,0.0400,wor-active,291,0.03955411911010742,1.0
all,0.0400,wor-uniform,291,0.040316298604011536,1.0
all,0.0400,wor-active,292,0.039069101214408875,1.0
all,0.0400,wor-uniform,292,0.04664325714111328,1.0
all,0.0400,wor-active,293,0.03924518823623657,1.0
all,0.0400,wor-uniform,293,0.04431898891925812,1.0
all,0.0400,wor-active,294,0.039328575134277344,1.0
all,0.0400,wor-uniform,294,0.040878117084503174,1.0
all,0.0400,wor-active,295,0.03882162272930145,1.0
all,0.0400,wor-uniform,295,0.043211594223976135,1.0
all,0.0400,wor-active,296,0.041421398520469666,1.0
all,0.0400,wor-uniform,296,0.0434788316488266,0.0
all,0.0400,wor-active,297,0.03817199170589447,1.0
all,0.0400,wor-uniform,297,0.04305107891559601,1.0
all,0.0400,wor-active,298,0.04531264305114746,1.0
all,0.0400,wor-uniform,298,0.042744144797325134,1.0
all,0.0400,wor-active,299,0.03993099927902222,1.0
all,0.0400,wor-uniform,299,0.041820406913757324,1.0
all,0.0400,wor-active,300,0.038035571575164795,1.0
all,0.0400,wor-uniform,300,0.04291391372680664,1.0
all,0.0400,wor-active,301,0.03930443525314331,0.0
all,0.0400,wor-uniform,301,0.04334580898284912,1.0
all,0.0400,wor-active,302,0.032089829444885254,0.0
all,0.0400,wor-uniform,302,0.04396633803844452,1.0
all,0.0400,wor-active,303,0.040580034255981445,1.0
all,0.0400,wor-uniform,303,0.04034864902496338,1.0
all,0.0400,wor-active,304,0.03810763359069824,1.0
all,0.0400,wor-uniform,304,0.04373709857463837,1.0
all,0.0400,wor-active,305,0.04236948490142822,1.0
all,0.0400,wor-uniform,305,0.0421491414308548,1.0
all,0.0400,wor-active,306,0.04401083290576935,1.0
all,0.0400,wor-uniform,306,0.04506075382232666,1.0
all,0.0400,wor-active,307,0.03835417330265045,1.0
all,0.0400,wor-uniform,307,0.04363332688808441,1.0
all,0.0400,wor-active,308,0.04299008846282959,1.0
all,0.0400,wor-uniform,308,0.0397123247385025,1.0
all,0.0400,wor-active,309,0.04347163438796997,1.0
all,0.0400,wor-uniform,309,0.044152796268463135,1.0
all,0.0400,wor-active,310,0.03792130947113037,1.0
all,0.0400,wor-uniform,310,0.040313735604286194,1.0
all,0.0400,wor-active,311,0.03821146488189697,1.0
all,0.0400,wor-uniform,311,0.04554539918899536,1.0
all,0.0400,wor-active,312,0.031743183732032776,1.0
all,0.0400,wor-uniform,312,0.04215361177921295,1.0
all,0.0400,wor-active,313,0.03875124454498291,1.0
all,0.0400,wor-uniform,313,0.04029984772205353,1.0
all,0.0400,wor-active,314,0.038024380803108215,1.0
all,0.0400,wor-uniform,314,0.043635427951812744,1.0
all,0.0400,wor-active,315,0.036998867988586426,1.0
all,0.0400,wor-uniform,315,0.04220306873321533,1.0
all,0.0400,wor-active,316,0.03618399798870087,1.0
all,0.0400,wor-uniform,316,0.04495704174041748,1.0
all,0.0400,wor-active,317,0.03761416673660278,1.0
all,0.0400,wor-uniform,317,0.042421504855155945,1.0
all,0.0400,wor-active,318,0.04122847318649292,1.0
all,0.0400,wor-uniform,318,0.04459428787231445,1.0
all,0.0400,wor-active,319,0.0416424423456192,1.0
all,0.0400,wor-uniform,319,0.043792977929115295,0.0
all,0.0400,wor-active,320,0.03630754351615906,1.0
all,0.0400,wor-uniform,320,0.04305940866470337,1.0
all,0.0400,wor-active,321,0.03745532035827637,1.0
all,0.0400,wor-uniform,321,0.04193460941314697,1.0
all,0.0400,wor-active,322,0.04019397497177124,1.0
all,0.0400,wor-uniform,322,0.04276479780673981,1.0
all,0.0400,wor-active,323,0.03991514444351196,1.0
all,0.0400,wor-uniform,323,0.045752644538879395,1.0
all,0.0400,wor-active,324,0.04472053050994873,1.0
all,0.0400,wor-uniform,324,0.04470205307006836,1.0
all,0.0400,wor-active,325,0.03580343723297119,0.0
all,0.0400,wor-uniform,325,0.0443127304315567,1.0
all,0.0400,wor-active,326,0.031092748045921326,1.0
all,0.0400,wor-uniform,326,0.04540896415710449,1.0
all,0.0400,wor-active,327,0.03929995000362396,1.0
all,0.0400,wor-uniform,327,0.04414086043834686,1.0
all,0.0400,wor-active,328,0.03484208881855011,1.0
all,0.0400,wor-uniform,328,0.04340793192386627,1.0
all,0.0400,wor-active,329,0.03901197016239166,1.0
all,0.0400,wor-uniform,329,0.04615555703639984,1.0
all,0.0400,wor-active,330,0.037909865379333496,1.0
all,0.0400,wor-uniform,330,0.04504387080669403,1.0
all,0.0400,wor-active,331,0.03993344306945801,1.0
all,0.0400,wor-uniform,331,0.04476034641265869,1.0
all,0.0400,wor-active,332,0.03552974760532379,1.0
all,0.0400,wor-uniform,332,0.043430447578430176,1.0
all,0.0500,wor-active,0,0.0370715856552124,1.0
all,0.0500,wor-uniform,0,0.036675095558166504,1.0
all,0.0500,wor-active,1,0.029104650020599365,1.0
all,0.0500,wor-uniform,1,0.03751140832901001,1.0
all,0.0500,wor-active,2,0.03229004144668579,1.0
all,0.0500,wor-uniform,2,0.03715401887893677,1.0
all,0.0500,wor-active,3,0.03488175570964813,1.0
all,0.0500,wor-uniform,3,0.03791116178035736,1.0
all,0.0500,wor-active,4,0.0378682017326355,1.0
all,0.0500,wor-uniform,4,0.03781662881374359,0.0
all,0.0500,wor-active,5,0.032526686787605286,1.0
all,0.0500,wor-uniform,5,0.03999531269073486,1.0
all,0.0500,wor-active,6,0.033487915992736816,1.0
all,0.0500,wor-uniform,6,0.03878088295459747,1.0
all,0.0500,wor-active,7,0.033505916595458984,1.0
all,0.0500,wor-uniform,7,0.03931695222854614,1.0
all,0.0500,wor-active,8,0.034416139125823975,1.0
all,0.0500,wor-uniform,8,0.03811272978782654,1.0
all,0.0500,wor-active,9,0.03390248119831085,1.0
all,0.0500,wor-uniform,9,0.0394023060798645,1.0
all,0.0500,wor-active,10,0.033754006028175354,1.0
all,0.0500,wor-uniform,10,0.03655575215816498,1.0
all,0.0500,wor-active,11,0.03488333523273468,1.0
all,0.0500,wor-uniform,11,0.039975762367248535,1.0
all,0.0500,wor-active,12,0.03270186483860016,1.0
all,0.0500,wor-uniform,12,0.038920268416404724,1.0
all,0.0500,wor-active,13,0.031990811228752136,1.0
all,0.0500,wor-uniform,13,0.03838711977005005,1.0
all,0.0500,wor-active,14,0.033540233969688416,1.0
all,0.0500,wor-uniform,14,0.040074944496154785,0.0
all,0.0500,wor-active,15,0.034662067890167236,1.0
all,0.0500,wor-uniform,15,0.03939706087112427,1.0
all,0.0500,wor-active,16,0.03175272047519684,1.0
all,0.0500,wor-uniform,16,0.04119372367858887,1.0
all,0.0500,wor-active,17,0.035071492195129395,1.0
all,0.0500,wor-uniform,17,0.03780297935009003,0.0
all,0.0500,wor-active,18,0.029557645320892334,1.0
all,0.0500,wor-uniform,18,0.04298436641693115,0.0
all,0.0500,wor-active,19,0.03561270236968994,1.0
all,0.0500,wor-uniform,19,0.039427876472473145,1.0
all,0.0500,wor-active,20,0.03367449343204498,1.0
all,0.0500,wor-uniform,20,0.036476925015449524,1.0
all,0.0500,wor-active,21,0.03514303267002106,1.0
all,0.0500,wor-uniform,21,0.03769142925739288,1.0
all,0.0500,wor-active,22,0.034651100635528564,1.0
all,0.0500,wor-uniform,22,0.03634798526763916,1.0
all,0.0500,wor-active,23,0.032876744866371155,1.0
all,0.0500,wor-uniform,23,0.037100017070770264,1.0
all,0.0500,wor-active,24,0.03456622362136841,1.0
all,0.0500,wor-uniform,24,0.04058808088302612,1.0
all,0.0500,wor-active,25,0.03419840335845947,1.0
all,0.0500,wor-uniform,25,0.038231611251831055,1.0
all,0.0500,wor-active,26,0.03302145004272461,1.0
all,0.0500,wor-uniform,26,0.0389939546585083,1.0
all,0.0500,wor-active,27,0.03232032060623169,1.0
all,0.0500,wor-uniform,27,0.0403284877538681,1.0
all,0.0500,wor-active,28,0.03616519272327423,1.0
all,0.0500,wor-uniform,28,0.040643155574798584,1.0
all,0.0500,wor-active,29,0.03739488124847412,1.0
all,0.0500,wor-uniform,29,0.04018980264663696,1.0
all,0.0500,wor-active,30,0.03534393012523651,1.0
all,0.0500,wor-uniform,30,0.036489441990852356,1.0
all,0.0500,wor-active,31,0.03629177808761597,0.0
all,0.0500,wor-uniform,31,0.0402439683675766,1.0
all,0.0500,wor-active,32,0.033209800720214844,1.0
all,0.0500,wor-uniform,32,0.041160643100738525,1.0
all,0.0500,wor-active,33,0.03314630687236786,1.0
all,0.0500,wor-uniform,33,0.03964395821094513,1.0
all,0.0500,wor-active,34,0.03618091344833374,1.0
all,0.0500,wor-uniform,34,0.0392647385597229,1.0
all,0.0500,wor-active,35,0.031984731554985046,1.0
all,0.0500,wor-uniform,35,0.034920141100883484,0.0
all,0.0500,wor-active,36,0.03561140596866608,1.0
all,0.0500,wor-uniform,36,0.03977590799331665,1.0
all,0.0500,wor-active,37,0.03447134792804718,1.0
all,0.0500,wor-uniform,37,0.039202332496643066,1.0
all,0.0500,wor-active,38,0.03520137071609497,1.0
all,0.0500,wor-uniform,38,0.03981323540210724,1.0
all,0.0500,wor-active,39,0.03469359874725342,1.0
all,0.0500,wor-uniform,39,0.03568984568119049,1.0
all,0.0500,wor-active,40,0.031223595142364502,1.0
all,0.0500,wor-uniform,40,0.0384899377822876,1.0
all,0.0500,wor-active,41,0.03513491153717041,1.0
all,0.0500,wor-uniform,41,0.03707835078239441,1.0
all,0.0500,wor-active,42,0.03902620077133179,1.0
all,0.0500,wor-uniform,42,0.03864298760890961,1.0
all,0.0500,wor-active,43,0.035333454608917236,1.0
all,0.0500,wor-uniform,43,0.0371273010969162,1.0
all,0.0500,wor-active,44,0.032368406653404236,1.0
all,0.0500,wor-uniform,44,0.03601546585559845,1.0
all,0.0500,wor-active,45,0.036119937896728516,1.0
all,0.0500,wor-uniform,45,0.035613492131233215,1.0
all,0.0500,wor-active,46,0.03425896167755127,1.0
all,0.0500,wor-uniform,46,0.03677630424499512,1.0
all,0.0500,wor-active,47,0.036944031715393066,1.0
all,0.0500,wor-uniform,47,0.03890252113342285,1.0
all,0.0500,wor-active,48,0.034418582916259766,1.0
all,0.0500,wor-uniform,48,0.0373469740152359,1.0
all,0.0500,wor-active,49,0.036859795451164246,1.0
all,0.0500,wor-uniform,49,0.04023796319961548,1.0
all,0.0500,wor-active,50,0.033937111496925354,1.0
all,0.0500,wor-uniform,50,0.03717167675495148,1.0
all,0.0500,wor-active,51,0.031768798828125,1.0
all,0.0500,wor-uniform,51,0.03734946250915527,1.0
all,0.0500,wor-active,52,0.037759602069854736,1.0
all,0.0500,wor-uniform,52,0.03752249479293823,1.0
all,0.0500,wor-active,53,0.035349130630493164,0.0
all,0.0500,wor-uniform,53,0.0369996577501297,1.0
all,0.0500,wor-active,54,0.037213459610939026,1.0
all,0.0500,wor-uniform,54,0.038419485092163086,1.0
all,0.0500,wor-active,55,0.03236113488674164,1.0
all,0.0500,wor-uniform,55,0.039255738258361816,1.0
all,0.0500,wor-active,56,0.03911715745925903,1.0
all,0.0500,wor-uniform,56,0.03812968730926514,1.0
all,0.0500,wor-active,57,0.03512692451477051,1.0
all,0.0500,wor-uniform,57,0.03943657875061035,1.0
all,0.0500,wor-active,58,0.030768677592277527,1.0
all,0.0500,wor-uniform,58,0.03922230005264282,1.0
all,0.0500,wor-active,59,0.03534102439880371,1.0
all,0.0500,wor-uniform,59,0.03808294236660004,1.0
all,0.0500,wor-active,60,0.03458298742771149,1.0
all,0.0500,wor-uniform,60,0.0378044992685318,1.0
all,0.0500,wor-active,61,0.03599870204925537,1.0
all,0.0500,wor-uniform,61,0.039363980293273926,1.0
all,0.0500,wor-active,62,0.03480887413024902,1.0
all,0.0500,wor-uniform,62,0.03953087329864502,1.0
all,0.0500,wor-active,63,0.03659188747406006,1.0
all,0.0500,wor-uniform,63,0.036493897438049316,1.0
all,0.0500,wor-active,64,0.03486645221710205,1.0
all,0.0500,wor-uniform,64,0.03811351954936981,1.0
all,0.0500,wor-active,65,0.03386259078979492,1.0
all,0.0500,wor-uniform,65,0.03962308168411255,1.0
all,0.0500,wor-active,66,0.03543877601623535,1.0
all,0.0500,wor-uniform,66,0.03991204500198364,1.0
all,0.0500,wor-active,67,0.03252853453159332,1.0
all,0.0500,wor-uniform,67,0.03983539342880249,1.0
all,0.0500,wor-active,68,0.03464686870574951,0.0
all,0.0500,wor-uniform,68,0.03830036520957947,0.0
all,0.0500,wor-active,69,0.037097275257110596,0.0
all,0.0500,wor-uniform,69,0.040679216384887695,1.0
all,0.0500,wor-active,70,0.0353238582611084,1.0
all,0.0500,wor-uniform,70,0.041040703654289246,1.0
all,0.0500,wor-active,71,0.037627458572387695,0.0
all,0.0500,wor-uniform,71,0.04167109727859497,1.0
all,0.0500,wor-active,72,0.03193396329879761,1.0
all,0.0500,wor-uniform,72,0.037334784865379333,1.0
all,0.0500,wor-active,73,0.033106714487075806,1.0
all,0.0500,wor-uniform,73,0.038746774196624756,0.0
all,0.0500,wor-active,74,0.03720349073410034,1.0
all,0.0500,wor-uniform,74,0.03779269754886627,1.0
all,0.0500,wor-active,75,0.03275735676288605,1.0
all,0.0500,wor-uniform,75,0.039907097816467285,1.0
all,0.0500,wor-active,76,0.03938484191894531,1.0
all,0.0500,wor-uniform,76,0.0384402722120285,1.0
all,0.0500,wor-active,77,0.03249427676200867,1.0
all,0.0500,wor-uniform,77,0.03935129940509796,1.0
all,0.0500,wor-active,78,0.03457695245742798,1.0
all,0.0500,wor-uniform,78,0.037800028920173645,1.0
all,0.0500,wor-active,79,0.03639984130859375,1.0
all,0.0500,wor-uniform,79,0.03657937049865723,0.0
all,0.0500,wor-active,80,0.033467650413513184,1.0
all,0.0500,wor-uniform,80,0.038205429911613464,1.0
all,0.0500,wor-active,81,0.038852378726005554,1.0
all,0.0500,wor-uniform,81,0.037802040576934814,1.0
all,0.0500,wor-active,82,0.03360046446323395,1.0
all,0.0500,wor-uniform,82,0.035651400685310364,1.0
all,0.0500,wor-active,83,0.03319817781448364,1.0
all,0.0500,wor-uniform,83,0.038914844393730164,1.0
all,0.0500,wor-active,84,0.0322185754776001,1.0
all,0.0500,wor-uniform,84,0.03843557834625244,1.0
all,0.0500,wor-active,85,0.035804927349090576,1.0
all,0.0500,wor-uniform,85,0.038783371448516846,1.0
all,0.0500,wor-active,86,0.033783912658691406,1.0
all,0.0500,wor-uniform,86,0.03882133960723877,1.0
all,0.0500,wor-active,87,0.04149305820465088,0.0
all,0.0500,wor-uniform,87,0.0385621041059494,1.0
all,0.0500,wor-active,88,0.03154712915420532,1.0
all,0.0500,wor-uniform,88,0.03879991173744202,0.0
all,0.0500,wor-active,89,0.034673213958740234,1.0
all,0.0500,wor-uniform,89,0.03739215433597565,1.0
all,0.0500,wor-active,90,0.034387245774269104,1.0
all,0.0500,wor-uniform,90,0.040206536650657654,1.0
all,0.0500,wor-active,91,0.033595263957977295,1.0
all,0.0500,wor-uniform,91,0.03960531949996948,1.0
all,0.0500,wor-active,92,0.033416807651519775,1.0
all,0.0500,wor-uniform,92,0.03962711989879608,1.0
all,0.0500,wor-active,93,0.03472071886062622,1.0
all,0.0500,wor-uniform,93,0.03826841711997986,1.0
all,0.0500,wor-active,94,0.03655664622783661,1.0
all,0.0500,wor-uniform,94,0.03868284821510315,1.0
all,0.0500,wor-active,95,0.03487735986709595,1.0
all,0.0500,wor-uniform,95,0.0396236777305603,1.0
all,0.0500,wor-active,96,0.03221315145492554,1.0
all,0.0500,wor-uniform,96,0.03917820751667023,1.0
all,0.0500,wor-active,97,0.034329429268836975,1.0
all,0.0500,wor-uniform,97,0.03888237476348877,1.0
all,0.0500,wor-active,98,0.03304511308670044,1.0
all,0.0500,wor-uniform,98,0.041004911065101624,1.0
all,0.0500,wor-active,99,0.03185513615608215,1.0
all,0.0500,wor-uniform,99,0.03970992565155029,1.0
all,0.0500,wor-active,100,0.033661603927612305,1.0
all,0.0500,wor-uniform,100,0.03751683235168457,1.0
all,0.0500,wor-active,101,0.03534930944442749,1.0
all,0.0500,wor-uniform,101,0.039775967597961426,1.0
all,0.0500,wor-active,102,0.0353240966796875,1.0
all,0.0500,wor-uniform,102,0.04097069799900055,1.0
all,0.0500,wor-active,103,0.03191910684108734,1.0
all,0.0500,wor-uniform,103,0.03727559745311737,1.0
all,0.0500,wor-active,104,0.03383128345012665,1.0
all,0.0500,wor-uniform,104,0.03566144406795502,1.0
all,0.0500,wor-active,105,0.038386449217796326,1.0
all,0.0500,wor-uniform,105,0.03865137696266174,0.0
all,0.0500,wor-active,106,0.034761250019073486,1.0
all,0.0500,wor-uniform,106,0.037884727120399475,1.0
all,0.0500,wor-active,107,0.03616887331008911,1.0
all,0.0500,wor-uniform,107,0.03928256034851074,1.0
all,0.0500,wor-active,108,0.035864248871803284,1.0
all,0.0500,wor-uniform,108,0.03487676382064819,1.0
all,0.0500,wor-active,109,0.03454521298408508,1.0
all,0.0500,wor-uniform,109,0.04011230170726776,1.0
all,0.0500,wor-active,110,0.0363323837518692,1.0
all,0.0500,wor-uniform,110,0.03932003676891327,1.0
all,0.0500,wor-active,111,0.036536574363708496,1.0
all,0.0500,wor-uniform,111,0.03854440152645111,1.0
all,0.0500,wor-active,112,0.034351885318756104,1.0
all,0.0500,wor-uniform,112,0.03990067541599274,1.0
all,0.0500,wor-active,113,0.03106074035167694,1.0
all,0.0500,wor-uniform,113,0.03890407085418701,1.0
all,0.0500,wor-active,114,0.033510878682136536,1.0
all,0.0500,wor-uniform,114,0.03922379016876221,1.0
all,0.0500,wor-active,115,0.03132300078868866,1.0
all,0.0500,wor-uniform,115,0.04230464994907379,1.0
all,0.0500,wor-active,116,0.0320577472448349,1.0
all,0.0500,wor-uniform,116,0.03812684118747711,1.0
all,0.0500,wor-active,117,0.037979766726493835,1.0
all,0.0500,wor-uniform,117,0.03785412013530731,1.0
all,0.0500,wor-active,118,0.03760962188243866,1.0
all,0.0500,wor-uniform,118,0.03713126480579376,1.0
all,0.0500,wor-active,119,0.036275506019592285,1.0
all,0.0500,wor-uniform,119,0.041262462735176086,1.0
all,0.0500,wor-active,120,0.036842525005340576,0.0
all,0.0500,wor-uniform,120,0.03659164905548096,1.0
all,0.0500,wor-active,121,0.03465169668197632,1.0
all,0.0500,wor-uniform,121,0.04032188653945923,1.0
all,0.0500,wor-active,122,0.03900909423828125,1.0
all,0.0500,wor-uniform,122,0.03917801380157471,1.0
all,0.0500,wor-active,123,0.03671002388000488,1.0
all,0.0500,wor-uniform,123,0.03692854940891266,1.0
all,0.0500,wor-active,124,0.0370631217956543,1.0
all,0.0500,wor-uniform,124,0.041649460792541504,1.0
all,0.0500,wor-active,125,0.0350850373506546,1.0
all,0.0500,wor-uniform,125,0.04023151099681854,1.0
all,0.0500,wor-active,126,0.033789753913879395,1.0
all,0.0500,wor-uniform,126,0.03687839210033417,1.0
all,0.0500,wor-active,127,0.03730994462966919,1.0
all,0.0500,wor-uniform,127,0.03734771907329559,1.0
all,0.0500,wor-active,128,0.03700074553489685,1.0
all,0.0500,wor-uniform,128,0.03831760585308075,1.0
all,0.0500,wor-active,129,0.034966662526130676,1.0
all,0.0500,wor-uniform,129,0.03964744508266449,1.0
all,0.0500,wor-active,130,0.034006789326667786,1.0
all,0.0500,wor-uniform,130,0.03821985423564911,1.0
all,0.0500,wor-active,131,0.0350111722946167,1.0
all,0.0500,wor-uniform,131,0.041098058223724365,1.0
all,0.0500,wor-active,132,0.034029439091682434,1.0
all,0.0500,wor-uniform,132,0.038665831089019775,1.0
all,0.0500,wor-active,133,0.03240574896335602,1.0
all,0.0500,wor-uniform,133,0.038631096482276917,1.0
all,0.0500,wor-active,134,0.03562772274017334,1.0
all,0.0500,wor-uniform,134,0.03918355703353882,1.0
all,0.0500,wor-active,135,0.03346008062362671,1.0
all,0.0500,wor-uniform,135,0.038221776485443115,1.0
all,0.0500,wor-active,136,0.035625576972961426,1.0
all,0.0500,wor-uniform,136,0.04075521230697632,0.0
all,0.0500,wor-active,137,0.033832013607025146,1.0
all,0.0500,wor-uniform,137,0.038235440850257874,1.0
all,0.0500,wor-active,138,0.0315069705247879,1.0
all,0.0500,wor-uniform,138,0.03963099420070648,1.0
all,0.0500,wor-active,139,0.03796118497848511,1.0
all,0.0500,wor-uniform,139,0.03739333152770996,1.0
all,0.0500,wor-active,140,0.031092852354049683,0.0
all,0.0500,wor-uniform,140,0.04002022743225098,1.0
all,0.0500,wor-active,141,0.0345606803894043,1.0
all,0.0500,wor-uniform,141,0.038767993450164795,1.0
all,0.0500,wor-active,142,0.03304712474346161,1.0
all,0.0500,wor-uniform,142,0.03580760955810547,1.0
all,0.0500,wor-active,143,0.03597080707550049,1.0
all,0.0500,wor-uniform,143,0.03969933092594147,1.0
all,0.0500,wor-active,144,0.03378838300704956,1.0
all,0.0500,wor-uniform,144,0.03913241624832153,1.0
all,0.0500,wor-active,145,0.035233497619628906,1.0
all,0.0500,wor-uniform,145,0.03518305718898773,1.0
all,0.0500,wor-active,146,0.03443038463592529,1.0
all,0.0500,wor-uniform,146,0.0417519211769104,1.0
all,0.0500,wor-active,147,0.03587311506271362,1.0
all,0.0500,wor-uniform,147,0.03810572624206543,1.0
all,0.0500,wor-active,148,0.03266489505767822,1.0
all,0.0500,wor-uniform,148,0.03668805956840515,1.0
all,0.0500,wor-active,149,0.03482753038406372,1.0
all,0.0500,wor-uniform,149,0.03720209002494812,1.0
all,0.0500,wor-active,150,0.03424912691116333,1.0
all,0.0500,wor-uniform,150,0.03518770635128021,0.0
all,0.0500,wor-active,151,0.03738963603973389,1.0
all,0.0500,wor-uniform,151,0.039168551564216614,1.0
all,0.0500,wor-active,152,0.036183834075927734,1.0
all,0.0500,wor-uniform,152,0.03834085166454315,1.0
all,0.0500,wor-active,153,0.03230507671833038,1.0
all,0.0500,wor-uniform,153,0.037989914417266846,1.0
all,0.0500,wor-active,154,0.03327566385269165,1.0
all,0.0500,wor-uniform,154,0.03930769860744476,1.0
all,0.0500,wor-active,155,0.03587767481803894,1.0
all,0.0500,wor-uniform,155,0.034915655851364136,0.0
all,0.0500,wor-active,156,0.03558462858200073,1.0
all,0.0500,wor-uniform,156,0.038572266697883606,1.0
all,0.0500,wor-active,157,0.03641533851623535,1.0
all,0.0500,wor-uniform,157,0.0398937463760376,1.0
all,0.0500,wor-active,158,0.03400623798370361,1.0
all,0.0500,wor-uniform,158,0.03806024789810181,1.0
all,0.0500,wor-active,159,0.03393679857254028,1.0
all,0.0500,wor-uniform,159,0.039784789085388184,1.0
all,0.0500,wor-active,160,0.03549379110336304,1.0
all,0.0500,wor-uniform,160,0.03863447904586792,1.0
all,0.0500,wor-active,161,0.03531107306480408,1.0
all,0.0500,wor-uniform,161,0.03891777992248535,1.0
all,0.0500,wor-active,162,0.04095125198364258,1.0
all,0.0500,wor-uniform,162,0.03725236654281616,1.0
all,0.0500,wor-active,163,0.03422808647155762,1.0
all,0.0500,wor-uniform,163,0.040203869342803955,1.0
all,0.0500,wor-active,164,0.030553266406059265,1.0
all,0.0500,wor-uniform,164,0.03787948191165924,1.0
all,0.0500,wor-active,165,0.03268790245056152,1.0
all,0.0500,wor-uniform,165,0.03839704394340515,1.0
all,0.0500,wor-active,166,0.03506714105606079,1.0
all,0.0500,wor-uniform,166,0.03988164663314819,1.0
all,0.0500,wor-active,167,0.03220987319946289,1.0
all,0.0500,wor-uniform,167,0.039690569043159485,1.0
all,0.0500,wor-active,168,0.03453260660171509,1.0
all,0.0500,wor-uniform,168,0.03733903169631958,1.0
all,0.0500,wor-active,169,0.03457103669643402,1.0
all,0.0500,wor-uniform,169,0.0372910350561142,1.0
all,0.0500,wor-active,170,0.03204058110713959,1.0
all,0.0500,wor-uniform,170,0.040460407733917236,1.0
all,0.0500,wor-active,171,0.03863304853439331,1.0
all,0.0500,wor-uniform,171,0.04066050052642822,1.0
all,0.0500,wor-active,172,0.031630560755729675,1.0
all,0.0500,wor-uniform,172,0.03920966386795044,1.0
all,0.0500,wor-active,173,0.03668434917926788,1.0
all,0.0500,wor-uniform,173,0.0384318083524704,1.0
all,0.0500,wor-active,174,0.03687138855457306,1.0
all,0.0500,wor-uniform,174,0.039057016372680664,1.0
all,0.0500,wor-active,175,0.033791884779930115,1.0
all,0.0500,wor-uniform,175,0.03966164588928223,1.0
all,0.0500,wor-active,176,0.036177217960357666,1.0
all,0.0500,wor-uniform,176,0.03709106147289276,1.0
all,0.0500,wor-active,177,0.040190503001213074,1.0
all,0.0500,wor-uniform,177,0.040206313133239746,1.0
all,0.0500,wor-active,178,0.037256285548210144,1.0
all,0.0500,wor-uniform,178,0.037820443511009216,1.0
all,0.0500,wor-active,179,0.03088100254535675,1.0
all,0.0500,wor-uniform,179,0.03841477632522583,1.0
all,0.0500,wor-active,180,0.036595746874809265,1.0
all,0.0500,wor-uniform,180,0.03829598426818848,1.0
all,0.0500,wor-active,181,0.03319908678531647,1.0
all,0.0500,wor-uniform,181,0.04006302356719971,1.0
all,0.0500,wor-active,182,0.03109884262084961,1.0
all,0.0500,wor-uniform,182,0.03784598410129547,1.0
all,0.0500,wor-active,183,0.03344915807247162,1.0
all,0.0500,wor-uniform,183,0.035893142223358154,1.0
all,0.0500,wor-active,184,0.032280802726745605,1.0
all,0.0500,wor-uniform,184,0.03723035752773285,1.0
all,0.0500,wor-active,185,0.035984158515930176,1.0
all,0.0500,wor-uniform,185,0.03653353452682495,1.0
all,0.0500,wor-active,186,0.03199911117553711,1.0
all,0.0500,wor-uniform,186,0.039400339126586914,1.0
all,0.0500,wor-active,187,0.03122502565383911,1.0
all,0.0500,wor-uniform,187,0.039098575711250305,1.0
all,0.0500,wor-active,188,0.037761569023132324,1.0
all,0.0500,wor-uniform,188,0.03833422064781189,0.0
all,0.0500,wor-active,189,0.03692048788070679,0.0
all,0.0500,wor-uniform,189,0.037201106548309326,1.0
all,0.0500,wor-active,190,0.03480064868927002,1.0
all,0.0500,wor-uniform,190,0.03612798452377319,1.0
all,0.0500,wor-active,191,0.03530687093734741,1.0
all,0.0500,wor-uniform,191,0.03563292324542999,1.0
all,0.0500,wor-active,192,0.0315471887588501,1.0
all,0.0500,wor-uniform,192,0.04022769629955292,1.0
all,0.0500,wor-active,193,0.03585909307003021,1.0
all,0.0500,wor-uniform,193,0.040057048201560974,1.0
all,0.0500,wor-active,194,0.035046398639678955,1.0
all,0.0500,wor-uniform,194,0.04154215753078461,1.0
all,0.0500,wor-active,195,0.03396326303482056,1.0
all,0.0500,wor-uniform,195,0.037856876850128174,1.0
all,0.0500,wor-active,196,0.03395521640777588,1.0
all,0.0500,wor-uniform,196,0.039146363735198975,0.0
all,0.0500,wor-active,197,0.03520561754703522,1.0
all,0.0500,wor-uniform,197,0.0381169468164444,1.0
all,0.0500,wor-active,198,0.03797042369842529,1.0
all,0.0500,wor-uniform,198,0.03578241169452667,1.0
all,0.0500,wor-active,199,0.039297521114349365,1.0
all,0.0500,wor-uniform,199,0.0391012579202652,1.0
all,0.0500,wor-active,200,0.032449960708618164,1.0
all,0.0500,wor-uniform,200,0.03935372829437256,1.0
all,0.0500,wor-active,201,0.03385980427265167,1.0
all,0.0500,wor-uniform,201,0.03512635827064514,1.0
all,0.0500,wor-active,202,0.0351564884185791,1.0
all,0.0500,wor-uniform,202,0.04135270416736603,1.0
all,0.0500,wor-active,203,0.03362317383289337,1.0
all,0.0500,wor-uniform,203,0.03809961676597595,1.0
all,0.0500,wor-active,204,0.034104183316230774,1.0
all,0.0500,wor-uniform,204,0.03788459300994873,1.0
all,0.0500,wor-active,205,0.03711128234863281,1.0
all,0.0500,wor-uniform,205,0.036875903606414795,1.0
all,0.0500,wor-active,206,0.03682924807071686,1.0
all,0.0500,wor-uniform,206,0.03821861743927002,1.0
all,0.0500,wor-active,207,0.034882768988609314,1.0
all,0.0500,wor-uniform,207,0.03992287814617157,1.0
all,0.0500,wor-active,208,0.03618508577346802,1.0
all,0.0500,wor-uniform,208,0.03845721483230591,1.0
all,0.0500,wor-active,209,0.03331226110458374,1.0
all,0.0500,wor-uniform,209,0.040448546409606934,1.0
all,0.0500,wor-active,210,0.03656603395938873,1.0
all,0.0500,wor-uniform,210,0.04027712345123291,0.0
all,0.0500,wor-active,211,0.03593343496322632,1.0
all,0.0500,wor-uniform,211,0.03492008149623871,1.0
all,0.0500,wor-active,212,0.03414277732372284,1.0
all,0.0500,wor-uniform,212,0.04068195819854736,1.0
all,0.0500,wor-active,213,0.03685329854488373,1.0
all,0.0500,wor-uniform,213,0.04053080081939697,1.0
all,0.0500,wor-active,214,0.034209251403808594,1.0
all,0.0500,wor-uniform,214,0.04010552167892456,1.0
all,0.0500,wor-active,215,0.03422260284423828,1.0
all,0.0500,wor-uniform,215,0.03807699680328369,1.0
all,0.0500,wor-active,216,0.03737722337245941,1.0
all,0.0500,wor-uniform,216,0.03673148155212402,1.0
all,0.0500,wor-active,217,0.03316396474838257,0.0
all,0.0500,wor-uniform,217,0.04065048694610596,1.0
all,0.0500,wor-active,218,0.03315633535385132,1.0
all,0.0500,wor-uniform,218,0.037977248430252075,1.0
all,0.0500,wor-active,219,0.03637862205505371,1.0
all,0.0500,wor-uniform,219,0.037198662757873535,1.0
all,0.0500,wor-active,220,0.03572613000869751,1.0
all,0.0500,wor-uniform,220,0.039064571261405945,1.0
all,0.0500,wor-active,221,0.03580307960510254,1.0
all,0.0500,wor-uniform,221,0.03987973928451538,1.0
all,0.0500,wor-active,222,0.03474040329456329,1.0
all,0.0500,wor-uniform,222,0.038754090666770935,1.0
all,0.0500,wor-active,223,0.03528374433517456,1.0
all,0.0500,wor-uniform,223,0.03386141359806061,1.0
all,0.0500,wor-active,224,0.03346693515777588,1.0
all,0.0500,wor-uniform,224,0.041696369647979736,1.0
all,0.0500,wor-active,225,0.03541773557662964,1.0
all,0.0500,wor-uniform,225,0.037445470690727234,1.0
all,0.0500,wor-active,226,0.031598687171936035,1.0
all,0.0500,wor-uniform,226,0.0390620231628418,1.0
all,0.0500,wor-active,227,0.035830020904541016,1.0
all,0.0500,wor-uniform,227,0.03987419605255127,1.0
all,0.0500,wor-active,228,0.03321164846420288,1.0
all,0.0500,wor-uniform,228,0.039836883544921875,1.0
all,0.0500,wor-active,229,0.034168541431427,1.0
all,0.0500,wor-uniform,229,0.03779113292694092,1.0
all,0.0500,wor-active,230,0.03563070297241211,0.0
all,0.0500,wor-uniform,230,0.03730136156082153,1.0
all,0.0500,wor-active,231,0.03244929015636444,1.0
all,0.0500,wor-uniform,231,0.03854502737522125,1.0
all,0.0500,wor-active,232,0.033323824405670166,1.0
all,0.0500,wor-uniform,232,0.03835920989513397,1.0
all,0.0500,wor-active,233,0.0342196524143219,1.0
all,0.0500,wor-uniform,233,0.03882193565368652,1.0
all,0.0500,wor-active,234,0.03471654653549194,1.0
all,0.0500,wor-uniform,234,0.039161860942840576,1.0
all,0.0500,wor-active,235,0.03577321767807007,0.0
all,0.0500,wor-uniform,235,0.038587018847465515,1.0
all,0.0500,wor-active,236,0.03514355421066284,1.0
all,0.0500,wor-uniform,236,0.03590279817581177,1.0
all,0.0500,wor-active,237,0.03150610625743866,1.0
all,0.0500,wor-uniform,237,0.03748244047164917,1.0
all,0.0500,wor-active,238,0.03940558433532715,1.0
all,0.0500,wor-uniform,238,0.03878355026245117,1.0
all,0.0500,wor-active,239,0.03340180218219757,1.0
all,0.0500,wor-uniform,239,0.039046987891197205,1.0
all,0.0500,wor-active,240,0.03435368835926056,1.0
all,0.0500,wor-uniform,240,0.03900785744190216,1.0
all,0.0500,wor-active,241,0.03500103950500488,1.0
all,0.0500,wor-uniform,241,0.0388370156288147,1.0
all,0.0500,wor-active,242,0.03130058944225311,1.0
all,0.0500,wor-uniform,242,0.03874093294143677,1.0
all,0.0500,wor-active,243,0.03410045802593231,1.0
all,0.0500,wor-uniform,243,0.037767037749290466,1.0
all,0.0500,wor-active,244,0.035019636154174805,1.0
all,0.0500,wor-uniform,244,0.038594961166381836,0.0
all,0.0500,wor-active,245,0.03364682197570801,1.0
all,0.0500,wor-uniform,245,0.04018367826938629,1.0
all,0.0500,wor-active,246,0.03476753830909729,1.0
all,0.0500,wor-uniform,246,0.03877745568752289,1.0
all,0.0500,wor-active,247,0.03259974718093872,1.0
all,0.0500,wor-uniform,247,0.04051464796066284,1.0
all,0.0500,wor-active,248,0.029563575983047485,1.0
all,0.0500,wor-uniform,248,0.03751252591609955,1.0
all,0.0500,wor-active,249,0.03524339199066162,1.0
all,0.0500,wor-uniform,249,0.03933340311050415,1.0
all,0.0500,wor-active,250,0.03420567512512207,1.0
all,0.0500,wor-uniform,250,0.03873111307621002,1.0
all,0.0500,wor-active,251,0.035837769508361816,1.0
all,0.0500,wor-uniform,251,0.03915603458881378,1.0
all,0.0500,wor-active,252,0.0354074090719223,1.0
all,0.0500,wor-uniform,252,0.035268425941467285,1.0
all,0.0500,wor-active,253,0.03247708082199097,1.0
all,0.0500,wor-uniform,253,0.0372774600982666,1.0
all,0.0500,wor-active,254,0.03397876024246216,1.0
all,0.0500,wor-uniform,254,0.03894728422164917,1.0
all,0.0500,wor-active,255,0.034509479999542236,1.0
all,0.0500,wor-uniform,255,0.03727191686630249,1.0
all,0.0500,wor-active,256,0.040084242820739746,1.0
all,0.0500,wor-uniform,256,0.03801301121711731,0.0
all,0.0500,wor-active,257,0.03839331865310669,1.0
all,0.0500,wor-uniform,257,0.036462053656578064,1.0
all,0.0500,wor-active,258,0.03311246633529663,1.0
all,0.0500,wor-uniform,258,0.039565205574035645,1.0
all,0.0500,wor-active,259,0.03315025568008423,1.0
all,0.0500,wor-uniform,259,0.0376676470041275,0.0
all,0.0500,wor-active,260,0.03194691240787506,1.0
all,0.0500,wor-uniform,260,0.039004743099212646,1.0
all,0.0500,wor-active,261,0.034347787499427795,1.0
all,0.0500,wor-uniform,261,0.04024839401245117,1.0
all,0.0500,wor-active,262,0.03622005879878998,1.0
all,0.0500,wor-uniform,262,0.03980576992034912,1.0
all,0.0500,wor-active,263,0.03438699245452881,1.0
all,0.0500,wor-uniform,263,0.03676712512969971,1.0
all,0.0500,wor-active,264,0.034933075308799744,1.0
all,0.0500,wor-uniform,264,0.0336529016494751,1.0
all,0.0500,wor-active,265,0.030186742544174194,1.0
all,0.0500,wor-uniform,265,0.03777766227722168,1.0
all,0.0500,wor-active,266,0.03394424915313721,1.0
all,0.0500,wor-uniform,266,0.04138755798339844,0.0
all,0.0500,wor-active,267,0.031617581844329834,1.0
all,0.0500,wor-uniform,267,0.03930918872356415,1.0
all,0.0500,wor-active,268,0.03504893183708191,0.0
all,0.0500,wor-uniform,268,0.0375245064496994,1.0
all,0.0500,wor-active,269,0.033221423625946045,1.0
all,0.0500,wor-uniform,269,0.03941197693347931,1.0
all,0.0500,wor-active,270,0.03709186613559723,1.0
all,0.0500,wor-uniform,270,0.04042191803455353,1.0
all,0.0500,wor-active,271,0.03655220568180084,1.0
all,0.0500,wor-uniform,271,0.03825491666793823,1.0
all,0.0500,wor-active,272,0.03598600625991821,1.0
all,0.0500,wor-uniform,272,0.039733484387397766,1.0
all,0.0500,wor-active,273,0.03587377071380615,1.0
all,0.0500,wor-uniform,273,0.039388179779052734,1.0
all,0.0500,wor-active,274,0.029884278774261475,1.0
all,0.0500,wor-uniform,274,0.03850334882736206,1.0
all,0.0500,wor-active,275,0.03263017535209656,1.0
all,0.0500,wor-uniform,275,0.037755146622657776,1.0
all,0.0500,wor-active,276,0.03398633003234863,1.0
all,0.0500,wor-uniform,276,0.03885503113269806,1.0
all,0.0500,wor-active,277,0.03451550006866455,1.0
all,0.0500,wor-uniform,277,0.040038228034973145,1.0
all,0.0500,wor-active,278,0.03323841094970703,1.0
all,0.0500,wor-uniform,278,0.03821110725402832,1.0
all,0.0500,wor-active,279,0.02761322259902954,0.0
all,0.0500,wor-uniform,279,0.03661346435546875,1.0
all,0.0500,wor-active,280,0.031650006771087646,1.0
all,0.0500,wor-uniform,280,0.03760099411010742,1.0
all,0.0500,wor-active,281,0.03697054088115692,1.0
all,0.0500,wor-uniform,281,0.03828674554824829,1.0
all,0.0500,wor-active,282,0.03358100354671478,1.0
all,0.0500,wor-uniform,282,0.0402187705039978,1.0
all,0.0500,wor-active,283,0.035513103008270264,1.0
all,0.0500,wor-uniform,283,0.03618477284908295,1.0
all,0.0500,wor-active,284,0.0357753187417984,1.0
all,0.0500,wor-uniform,284,0.040215715765953064,1.0
all,0.0500,wor-active,285,0.03301316499710083,1.0
all,0.0500,wor-uniform,285,0.03910297155380249,1.0
all,0.0500,wor-active,286,0.03216956555843353,0.0
all,0.0500,wor-uniform,286,0.040767788887023926,1.0
all,0.0500,wor-active,287,0.0332452654838562,1.0
all,0.0500,wor-uniform,287,0.038841381669044495,1.0
all,0.0500,wor-active,288,0.037626802921295166,0.0
all,0.0500,wor-uniform,288,0.0377887487411499,1.0
all,0.0500,wor-active,289,0.03070227801799774,1.0
all,0.0500,wor-uniform,289,0.04173612594604492,1.0
all,0.0500,wor-active,290,0.03496353328227997,1.0
all,0.0500,wor-uniform,290,0.035490915179252625,1.0
all,0.0500,wor-active,291,0.033884286880493164,1.0
all,0.0500,wor-uniform,291,0.0401310920715332,1.0
all,0.0500,wor-active,292,0.031444087624549866,1.0
all,0.0500,wor-uniform,292,0.040004655718803406,1.0
all,0.0500,wor-active,293,0.037691712379455566,1.0
all,0.0500,wor-uniform,293,0.03707611560821533,1.0
all,0.0500,wor-active,294,0.037510693073272705,1.0
all,0.0500,wor-uniform,294,0.03832787275314331,1.0
all,0.0500,wor-active,295,0.03333765268325806,1.0
all,0.0500,wor-uniform,295,0.038475096225738525,1.0
all,0.0500,wor-active,296,0.034524187445640564,1.0
all,0.0500,wor-uniform,296,0.0373913049697876,1.0
all,0.0500,wor-active,297,0.03383193910121918,1.0
all,0.0500,wor-uniform,297,0.04190969467163086,1.0
all,0.0500,wor-active,298,0.03572523593902588,1.0
all,0.0500,wor-uniform,298,0.036769554018974304,1.0
all,0.0500,wor-active,299,0.034175097942352295,1.0
all,0.0500,wor-uniform,299,0.03673022985458374,1.0
all,0.0500,wor-active,300,0.03398878872394562,1.0
all,0.0500,wor-uniform,300,0.03810395300388336,1.0
all,0.0500,wor-active,301,0.03023102879524231,1.0
all,0.0500,wor-uniform,301,0.038429126143455505,1.0
all,0.0500,wor-active,302,0.03410005569458008,1.0
all,0.0500,wor-uniform,302,0.03598177433013916,1.0
all,0.0500,wor-active,303,0.03697097301483154,1.0
all,0.0500,wor-uniform,303,0.03843463957309723,0.0
all,0.0500,wor-active,304,0.031613051891326904,1.0
all,0.0500,wor-uniform,304,0.03725172579288483,1.0
all,0.0500,wor-active,305,0.03351803123950958,1.0
all,0.0500,wor-uniform,305,0.04122413694858551,1.0
all,0.0500,wor-active,306,0.03226570785045624,1.0
all,0.0500,wor-uniform,306,0.03829455375671387,1.0
all,0.0500,wor-active,307,0.03799135982990265,1.0
all,0.0500,wor-uniform,307,0.03597605228424072,1.0
all,0.0500,wor-active,308,0.03617124259471893,1.0
all,0.0500,wor-uniform,308,0.040151119232177734,1.0
all,0.0500,wor-active,309,0.03287065029144287,1.0
all,0.0500,wor-uniform,309,0.036224365234375,1.0
all,0.0500,wor-active,310,0.037123069167137146,1.0
all,0.0500,wor-uniform,310,0.03755901753902435,1.0
all,0.0500,wor-active,311,0.03211615979671478,1.0
all,0.0500,wor-uniform,311,0.038386642932891846,1.0
all,0.0500,wor-active,312,0.03202921152114868,1.0
all,0.0500,wor-uniform,312,0.040139973163604736,1.0
all,0.0500,wor-active,313,0.03185398876667023,1.0
all,0.0500,wor-uniform,313,0.03716972470283508,1.0
all,0.0500,wor-active,314,0.035956010222435,1.0
all,0.0500,wor-uniform,314,0.0388604998588562,1.0
all,0.0500,wor-active,315,0.04024803638458252,1.0
all,0.0500,wor-uniform,315,0.03784525394439697,1.0
all,0.0500,wor-active,316,0.03322689235210419,1.0
all,0.0500,wor-uniform,316,0.037457481026649475,1.0
all,0.0500,wor-active,317,0.03618496656417847,1.0
all,0.0500,wor-uniform,317,0.03962737321853638,1.0
all,0.0500,wor-active,318,0.0322757363319397,1.0
all,0.0500,wor-uniform,318,0.039548709988594055,1.0
all,0.0500,wor-active,319,0.034657418727874756,1.0
all,0.0500,wor-uniform,319,0.037432968616485596,1.0
all,0.0500,wor-active,320,0.03780567646026611,1.0
all,0.0500,wor-uniform,320,0.038145676255226135,1.0
all,0.0500,wor-active,321,0.03198862075805664,1.0
all,0.0500,wor-uniform,321,0.03769008815288544,0.0
all,0.0500,wor-active,322,0.038414061069488525,1.0
all,0.0500,wor-uniform,322,0.03603304922580719,1.0
all,0.0500,wor-active,323,0.03662256896495819,1.0
all,0.0500,wor-uniform,323,0.03880947828292847,1.0
all,0.0500,wor-active,324,0.03368000686168671,1.0
all,0.0500,wor-uniform,324,0.03642643988132477,1.0
all,0.0500,wor-active,325,0.03533037006855011,1.0
all,0.0500,wor-uniform,325,0.0384557843208313,1.0
all,0.0500,wor-active,326,0.032562658190727234,1.0
all,0.0500,wor-uniform,326,0.03688815236091614,1.0
all,0.0500,wor-active,327,0.038930416107177734,0.0
all,0.0500,wor-uniform,327,0.03755690157413483,1.0
all,0.0500,wor-active,328,0.03514854609966278,1.0
all,0.0500,wor-uniform,328,0.039044514298439026,1.0
all,0.0500,wor-active,329,0.031096279621124268,1.0
all,0.0500,wor-uniform,329,0.04039967060089111,1.0
all,0.0500,wor-active,330,0.03668217360973358,1.0
all,0.0500,wor-uniform,330,0.038549184799194336,1.0
all,0.0500,wor-active,331,0.03236788511276245,1.0
all,0.0500,wor-uniform,331,0.040454745292663574,1.0
all,0.0500,wor-active,332,0.03429447114467621,1.0
all,0.0500,wor-uniform,332,0.041446566581726074,1.0
all,0.0600,wor-active,0,0.031637489795684814,1.0
all,0.0600,wor-uniform,0,0.035121992230415344,1.0
all,0.0600,wor-active,1,0.030060231685638428,1.0
all,0.0600,wor-uniform,1,0.034268975257873535,1.0
all,0.0600,wor-active,2,0.02937363088130951,1.0
all,0.0600,wor-uniform,2,0.03686468303203583,1.0
all,0.0600,wor-active,3,0.028851747512817383,1.0
all,0.0600,wor-uniform,3,0.03296715021133423,1.0
all,0.0600,wor-active,4,0.0310860276222229,1.0
all,0.0600,wor-uniform,4,0.035954833030700684,1.0
all,0.0600,wor-active,5,0.03274369239807129,1.0
all,0.0600,wor-uniform,5,0.03497155010700226,1.0
all,0.0600,wor-active,6,0.030792608857154846,1.0
all,0.0600,wor-uniform,6,0.036666229367256165,1.0
all,0.0600,wor-active,7,0.030351802706718445,1.0
all,0.0600,wor-uniform,7,0.03540198504924774,1.0
all,0.0600,wor-active,8,0.03538858890533447,1.0
all,0.0600,wor-uniform,8,0.03509916365146637,1.0
all,0.0600,wor-active,9,0.029298245906829834,1.0
all,0.0600,wor-uniform,9,0.03572428226470947,1.0
all,0.0600,wor-active,10,0.03069061040878296,1.0
all,0.0600,wor-uniform,10,0.036855921149253845,1.0
all,0.0600,wor-active,11,0.032699525356292725,0.0
all,0.0600,wor-uniform,11,0.033836767077445984,1.0
all,0.0600,wor-active,12,0.03327202796936035,1.0
all,0.0600,wor-uniform,12,0.03515779972076416,1.0
all,0.0600,wor-active,13,0.02927003800868988,1.0
all,0.0600,wor-uniform,13,0.034030720591545105,1.0
all,0.0600,wor-active,14,0.031226158142089844,1.0
all,0.0600,wor-uniform,14,0.03194233775138855,0.0
all,0.0600,wor-active,15,0.028897762298583984,1.0
all,0.0600,wor-uniform,15,0.0350273996591568,1.0
all,0.0600,wor-active,16,0.03412270545959473,1.0
all,0.0600,wor-uniform,16,0.035114586353302,1.0
all,0.0600,wor-active,17,0.03256303071975708,1.0
all,0.0600,wor-uniform,17,0.035862311720848083,1.0
all,0.0600,wor-active,18,0.032482147216796875,1.0
all,0.0600,wor-uniform,18,0.03798602521419525,1.0
all,0.0600,wor-active,19,0.030661091208457947,1.0
all,0.0600,wor-uniform,19,0.033847928047180176,1.0
all,0.0600,wor-active,20,0.03542393445968628,1.0
all,0.0600,wor-uniform,20,0.0333406925201416,1.0
all,0.0600,wor-active,21,0.03374981880187988,1.0
all,0.0600,wor-uniform,21,0.031888291239738464,1.0
all,0.0600,wor-active,22,0.02996896207332611,1.0
all,0.0600,wor-uniform,22,0.03486144542694092,1.0
all,0.0600,wor-active,23,0.033137694001197815,1.0
all,0.0600,wor-uniform,23,0.03488039970397949,1.0
all,0.0600,wor-active,24,0.03287738561630249,1.0
all,0.0600,wor-uniform,24,0.03570176661014557,1.0
all,0.0600,wor-active,25,0.03135275840759277,1.0
all,0.0600,wor-uniform,25,0.03490285575389862,1.0
all,0.0600,wor-active,26,0.033502161502838135,1.0
all,0.0600,wor-uniform,26,0.03486448526382446,1.0
all,0.0600,wor-active,27,0.032700300216674805,1.0
all,0.0600,wor-uniform,27,0.03668212890625,1.0
all,0.0600,wor-active,28,0.030244097113609314,1.0
all,0.0600,wor-uniform,28,0.03519301116466522,1.0
all,0.0600,wor-active,29,0.029633939266204834,1.0
all,0.0600,wor-uniform,29,0.036107003688812256,0.0
all,0.0600,wor-active,30,0.03153431415557861,1.0
all,0.0600,wor-uniform,30,0.03538823127746582,1.0
all,0.0600,wor-active,31,0.031329333782196045,1.0
all,0.0600,wor-uniform,31,0.03302566707134247,1.0
all,0.0600,wor-active,32,0.033863067626953125,1.0
all,0.0600,wor-uniform,32,0.03543412685394287,1.0
all,0.0600,wor-active,33,0.03557008504867554,1.0
all,0.0600,wor-uniform,33,0.031854212284088135,1.0
all,0.0600,wor-active,34,0.03186361491680145,1.0
all,0.0600,wor-uniform,34,0.03558766841888428,1.0
all,0.0600,wor-active,35,0.0333138108253479,1.0
all,0.0600,wor-uniform,35,0.03393872082233429,1.0
all,0.0600,wor-active,36,0.03394041955471039,1.0
all,0.0600,wor-uniform,36,0.03429657220840454,1.0
all,0.0600,wor-active,37,0.03205597400665283,1.0
all,0.0600,wor-uniform,37,0.03566001355648041,1.0
all,0.0600,wor-active,38,0.030250415205955505,1.0
all,0.0600,wor-uniform,38,0.03394722938537598,1.0
all,0.0600,wor-active,39,0.03311632573604584,1.0
all,0.0600,wor-uniform,39,0.03320646286010742,0.0
all,0.0600,wor-active,40,0.026461035013198853,0.0
all,0.0600,wor-uniform,40,0.037418901920318604,1.0
all,0.0600,wor-active,41,0.03187352418899536,1.0
all,0.0600,wor-uniform,41,0.03413045406341553,1.0
all,0.0600,wor-active,42,0.03126285970211029,1.0
all,0.0600,wor-uniform,42,0.0356057733297348,1.0
all,0.0600,wor-active,43,0.03224325180053711,1.0
all,0.0600,wor-uniform,43,0.03697913885116577,1.0
all,0.0600,wor-active,44,0.032133206725120544,1.0
all,0.0600,wor-uniform,44,0.036573171615600586,0.0
all,0.0600,wor-active,45,0.033709749579429626,1.0
all,0.0600,wor-uniform,45,0.03413581848144531,0.0
all,0.0600,wor-active,46,0.03602313995361328,1.0
all,0.0600,wor-uniform,46,0.035254478454589844,1.0
all,0.0600,wor-active,47,0.030588746070861816,1.0
all,0.0600,wor-uniform,47,0.03485912084579468,1.0
all,0.0600,wor-active,48,0.031107187271118164,1.0
all,0.0600,wor-uniform,48,0.03687119483947754,1.0
all,0.0600,wor-active,49,0.03267623484134674,1.0
all,0.0600,wor-uniform,49,0.0346822589635849,1.0
all,0.0600,wor-active,50,0.03181743621826172,1.0
all,0.0600,wor-uniform,50,0.034283339977264404,1.0
all,0.0600,wor-active,51,0.03299665451049805,1.0
all,0.0600,wor-uniform,51,0.0351891964673996,1.0
all,0.0600,wor-active,52,0.02923847734928131,1.0
all,0.0600,wor-uniform,52,0.0359063595533371,1.0
all,0.0600,wor-active,53,0.03105446696281433,1.0
all,0.0600,wor-uniform,53,0.03538145124912262,1.0
all,0.0600,wor-active,54,0.032536134123802185,1.0
all,0.0600,wor-uniform,54,0.03336954116821289,1.0
all,0.0600,wor-active,55,0.033274367451667786,1.0
all,0.0600,wor-uniform,55,0.037260398268699646,1.0
all,0.0600,wor-active,56,0.02840493619441986,1.0
all,0.0600,wor-uniform,56,0.03573131561279297,1.0
all,0.0600,wor-active,57,0.03366076946258545,1.0
all,0.0600,wor-uniform,57,0.03562295436859131,1.0
all,0.0600,wor-active,58,0.03031279146671295,1.0
all,0.0600,wor-uniform,58,0.03549546003341675,1.0
all,0.0600,wor-active,59,0.03182306885719299,1.0
all,0.0600,wor-uniform,59,0.03413313627243042,1.0
all,0.0600,wor-active,60,0.030080869793891907,1.0
all,0.0600,wor-uniform,60,0.03477229177951813,1.0
all,0.0600,wor-active,61,0.033108875155448914,1.0
all,0.0600,wor-uniform,61,0.035505399107933044,1.0
all,0.0600,wor-active,62,0.03570908308029175,1.0
all,0.0600,wor-uniform,62,0.03954005241394043,1.0
all,0.0600,wor-active,63,0.028708338737487793,1.0
all,0.0600,wor-uniform,63,0.03277808427810669,1.0
all,0.0600,wor-active,64,0.030607983469963074,1.0
all,0.0600,wor-uniform,64,0.03719770908355713,1.0
all,0.0600,wor-active,65,0.028622746467590332,1.0
all,0.0600,wor-uniform,65,0.03429931402206421,1.0
all,0.0600,wor-active,66,0.031105592846870422,1.0
all,0.0600,wor-uniform,66,0.03455330431461334,1.0
all,0.0600,wor-active,67,0.02976168692111969,1.0
all,0.0600,wor-uniform,67,0.035977497696876526,1.0
all,0.0600,wor-active,68,0.03183770179748535,1.0
all,0.0600,wor-uniform,68,0.035123229026794434,1.0
all,0.0600,wor-active,69,0.02954430878162384,1.0
all,0.0600,wor-uniform,69,0.03851288557052612,1.0
all,0.0600,wor-active,70,0.029956206679344177,1.0
all,0.0600,wor-uniform,70,0.03509867191314697,1.0
all,0.0600,wor-active,71,0.03117126226425171,1.0
all,0.0600,wor-uniform,71,0.03526955842971802,1.0
all,0.0600,wor-active,72,0.027601778507232666,1.0
all,0.0600,wor-uniform,72,0.03540235757827759,1.0
all,0.0600,wor-active,73,0.03174871206283569,1.0
all,0.0600,wor-uniform,73,0.034642040729522705,0.0
all,0.0600,wor-active,74,0.03090524673461914,1.0
all,0.0600,wor-uniform,74,0.03359594941139221,1.0
all,0.0600,wor-active,75,0.03191208839416504,1.0
all,0.0600,wor-uniform,75,0.03533726930618286,1.0
all,0.0600,wor-active,76,0.03260470926761627,1.0
all,0.0600,wor-uniform,76,0.037284255027770996,1.0
all,0.0600,wor-active,77,0.03043276071548462,1.0
all,0.0600,wor-uniform,77,0.03644917905330658,1.0
all,0.0600,wor-active,78,0.0328453928232193,1.0
all,0.0600,wor-uniform,78,0.03468500077724457,1.0
all,0.0600,wor-active,79,0.031223416328430176,1.0
all,0.0600,wor-uniform,79,0.034052327275276184,1.0
all,0.0600,wor-active,80,0.03216361999511719,1.0
all,0.0600,wor-uniform,80,0.03429895639419556,1.0
all,0.0600,wor-active,81,0.03120802342891693,1.0
all,0.0600,wor-uniform,81,0.035620421171188354,0.0
all,0.0600,wor-active,82,0.030664071440696716,1.0
all,0.0600,wor-uniform,82,0.03573030233383179,1.0
all,0.0600,wor-active,83,0.02993309497833252,1.0
all,0.0600,wor-uniform,83,0.03436839580535889,1.0
all,0.0600,wor-active,84,0.03268235921859741,1.0
all,0.0600,wor-uniform,84,0.034793466329574585,0.0
all,0.0600,wor-active,85,0.03235524892807007,1.0
all,0.0600,wor-uniform,85,0.03447777032852173,1.0
all,0.0600,wor-active,86,0.028052955865859985,1.0
all,0.0600,wor-uniform,86,0.03406614065170288,1.0
all,0.0600,wor-active,87,0.03229282796382904,1.0
all,0.0600,wor-uniform,87,0.03534138202667236,1.0
all,0.0600,wor-active,88,0.031196728348731995,1.0
all,0.0600,wor-uniform,88,0.03445017337799072,1.0
all,0.0600,wor-active,89,0.031463369727134705,1.0
all,0.0600,wor-uniform,89,0.03367258608341217,1.0
all,0.0600,wor-active,90,0.03286004066467285,1.0
all,0.0600,wor-uniform,90,0.03679347038269043,1.0
all,0.0600,wor-active,91,0.031530559062957764,1.0
all,0.0600,wor-uniform,91,0.03386704623699188,1.0
all,0.0600,wor-active,92,0.030185535550117493,1.0
all,0.0600,wor-uniform,92,0.035594165325164795,1.0
all,0.0600,wor-active,93,0.031190797686576843,1.0
all,0.0600,wor-uniform,93,0.03480803966522217,1.0
all,0.0600,wor-active,94,0.035133540630340576,1.0
all,0.0600,wor-uniform,94,0.035533010959625244,1.0
all,0.0600,wor-active,95,0.033107444643974304,1.0
all,0.0600,wor-uniform,95,0.03571051359176636,1.0
all,0.0600,wor-active,96,0.032384395599365234,1.0
all,0.0600,wor-uniform,96,0.03427638113498688,1.0
all,0.0600,wor-active,97,0.027728155255317688,1.0
all,0.0600,wor-uniform,97,0.03349514305591583,1.0
all,0.0600,wor-active,98,0.03599363565444946,1.0
all,0.0600,wor-uniform,98,0.034684062004089355,1.0
all,0.0600,wor-active,99,0.029487192630767822,1.0
all,0.0600,wor-uniform,99,0.03630821406841278,1.0
all,0.0600,wor-active,100,0.0314064621925354,1.0
all,0.0600,wor-uniform,100,0.035379648208618164,1.0
all,0.0600,wor-active,101,0.030263975262641907,1.0
all,0.0600,wor-uniform,101,0.0356714129447937,0.0
all,0.0600,wor-active,102,0.03312714397907257,1.0
all,0.0600,wor-uniform,102,0.03586706519126892,1.0
all,0.0600,wor-active,103,0.03206205368041992,1.0
all,0.0600,wor-uniform,103,0.0351874977350235,1.0
all,0.0600,wor-active,104,0.03327721357345581,1.0
all,0.0600,wor-uniform,104,0.0356372594833374,1.0
all,0.0600,wor-active,105,0.02946704626083374,1.0
all,0.0600,wor-uniform,105,0.03758852183818817,1.0
all,0.0600,wor-active,106,0.032608553767204285,1.0
all,0.0600,wor-uniform,106,0.03345532715320587,1.0
all,0.0600,wor-active,107,0.030704617500305176,1.0
all,0.0600,wor-uniform,107,0.03665041923522949,1.0
all,0.0600,wor-active,108,0.03127646446228027,1.0
all,0.0600,wor-uniform,108,0.03548045456409454,1.0
all,0.0600,wor-active,109,0.033418893814086914,1.0
all,0.0600,wor-uniform,109,0.03613013029098511,1.0
all,0.0600,wor-active,110,0.030185267329216003,1.0
all,0.0600,wor-uniform,110,0.03259962797164917,1.0
all,0.0600,wor-active,111,0.03172898292541504,1.0
all,0.0600,wor-uniform,111,0.037725865840911865,1.0
all,0.0600,wor-active,112,0.03072001039981842,1.0
all,0.0600,wor-uniform,112,0.036940932273864746,1.0
all,0.0600,wor-active,113,0.033559128642082214,1.0
all,0.0600,wor-uniform,113,0.035014331340789795,1.0
all,0.0600,wor-active,114,0.03139936923980713,1.0
all,0.0600,wor-uniform,114,0.03794628381729126,1.0
all,0.0600,wor-active,115,0.03173929452896118,1.0
all,0.0600,wor-uniform,115,0.03516069054603577,1.0
all,0.0600,wor-active,116,0.03536522388458252,0.0
all,0.0600,wor-uniform,116,0.034011825919151306,1.0
all,0.0600,wor-active,117,0.03025244176387787,1.0
all,0.0600,wor-uniform,117,0.034597039222717285,1.0
all,0.0600,wor-active,118,0.0315091609954834,1.0
all,0.0600,wor-uniform,118,0.033781394362449646,1.0
all,0.0600,wor-active,119,0.02990424633026123,1.0
all,0.0600,wor-uniform,119,0.0352901965379715,1.0
all,0.0600,wor-active,120,0.028875842690467834,1.0
all,0.0600,wor-uniform,120,0.03510493040084839,1.0
all,0.0600,wor-active,121,0.03234976530075073,1.0
all,0.0600,wor-uniform,121,0.03443126380443573,1.0
all,0.0600,wor-active,122,0.028910532593727112,0.0
all,0.0600,wor-uniform,122,0.03593176603317261,1.0
all,0.0600,wor-active,123,0.03123536705970764,1.0
all,0.0600,wor-uniform,123,0.03792750835418701,1.0
all,0.0600,wor-active,124,0.03022332489490509,1.0
all,0.0600,wor-uniform,124,0.036018550395965576,1.0
all,0.0600,wor-active,125,0.032512784004211426,1.0
all,0.0600,wor-uniform,125,0.03556083142757416,1.0
all,0.0600,wor-active,126,0.03462040424346924,0.0
all,0.0600,wor-uniform,126,0.035475969314575195,1.0
all,0.0600,wor-active,127,0.03315137326717377,1.0
all,0.0600,wor-uniform,127,0.03608536720275879,1.0
all,0.0600,wor-active,128,0.032110050320625305,1.0
all,0.0600,wor-uniform,128,0.03486788272857666,1.0
all,0.0600,wor-active,129,0.029912814497947693,0.0
all,0.0600,wor-uniform,129,0.03551363945007324,1.0
all,0.0600,wor-active,130,0.03383147716522217,1.0
all,0.0600,wor-uniform,130,0.03545260429382324,1.0
all,0.0600,wor-active,131,0.03462272882461548,1.0
all,0.0600,wor-uniform,131,0.036021798849105835,1.0
all,0.0600,wor-active,132,0.03364664316177368,1.0
all,0.0600,wor-uniform,132,0.03565782308578491,1.0
all,0.0600,wor-active,133,0.031141698360443115,1.0
all,0.0600,wor-uniform,133,0.03389561176300049,1.0
all,0.0600,wor-active,134,0.03477168083190918,1.0
all,0.0600,wor-uniform,134,0.03736354410648346,1.0
all,0.0600,wor-active,135,0.035792648792266846,1.0
all,0.0600,wor-uniform,135,0.035167381167411804,1.0
all,0.0600,wor-active,136,0.031028687953948975,1.0
all,0.0600,wor-uniform,136,0.03614896535873413,1.0
all,0.0600,wor-active,137,0.03004157543182373,1.0
all,0.0600,wor-uniform,137,0.03390781581401825,1.0
all,0.0600,wor-active,138,0.031069159507751465,1.0
all,0.0600,wor-uniform,138,0.035106003284454346,1.0
all,0.0600,wor-active,139,0.031944528222084045,1.0
all,0.0600,wor-uniform,139,0.03494894504547119,0.0
all,0.0600,wor-active,140,0.033263757824897766,1.0
all,0.0600,wor-uniform,140,0.03833185136318207,1.0
all,0.0600,wor-active,141,0.031151771545410156,1.0
all,0.0600,wor-uniform,141,0.03607948124408722,1.0
all,0.0600,wor-active,142,0.02918875217437744,1.0
all,0.0600,wor-uniform,142,0.034869298338890076,1.0
all,0.0600,wor-active,143,0.030410468578338623,1.0
all,0.0600,wor-uniform,143,0.03751462697982788,1.0
all,0.0600,wor-active,144,0.028762757778167725,0.0
all,0.0600,wor-uniform,144,0.034604787826538086,1.0
all,0.0600,wor-active,145,0.03258228302001953,1.0
all,0.0600,wor-uniform,145,0.033151209354400635,1.0
all,0.0600,wor-active,146,0.031135544180870056,1.0
all,0.0600,wor-uniform,146,0.036633893847465515,1.0
all,0.0600,wor-active,147,0.029615461826324463,1.0
all,0.0600,wor-uniform,147,0.03725755214691162,1.0
all,0.0600,wor-active,148,0.0301094651222229,1.0
all,0.0600,wor-uniform,148,0.034358859062194824,1.0
all,0.0600,wor-active,149,0.030074119567871094,1.0
all,0.0600,wor-uniform,149,0.036837056279182434,1.0
all,0.0600,wor-active,150,0.03186614811420441,1.0
all,0.0600,wor-uniform,150,0.03700852394104004,0.0
all,0.0600,wor-active,151,0.03176748752593994,1.0
all,0.0600,wor-uniform,151,0.03167140483856201,1.0
all,0.0600,wor-active,152,0.026704877614974976,0.0
all,0.0600,wor-uniform,152,0.03375913202762604,1.0
all,0.0600,wor-active,153,0.03172136843204498,1.0
all,0.0600,wor-uniform,153,0.03418610990047455,1.0
all,0.0600,wor-active,154,0.03225284814834595,1.0
all,0.0600,wor-uniform,154,0.03489029407501221,1.0
all,0.0600,wor-active,155,0.03336887061595917,1.0
all,0.0600,wor-uniform,155,0.0348210483789444,1.0
all,0.0600,wor-active,156,0.03193284571170807,1.0
all,0.0600,wor-uniform,156,0.035029470920562744,1.0
all,0.0600,wor-active,157,0.03334873914718628,1.0
all,0.0600,wor-uniform,157,0.035293832421302795,1.0
all,0.0600,wor-active,158,0.030918046832084656,1.0
all,0.0600,wor-uniform,158,0.03681468963623047,1.0
all,0.0600,wor-active,159,0.029089301824569702,0.0
all,0.0600,wor-uniform,159,0.03571677207946777,1.0
all,0.0600,wor-active,160,0.029727399349212646,1.0
all,0.0600,wor-uniform,160,0.03557376563549042,1.0
all,0.0600,wor-active,161,0.03082422912120819,1.0
all,0.0600,wor-uniform,161,0.03334382176399231,1.0
all,0.0600,wor-active,162,0.03205746412277222,1.0
all,0.0600,wor-uniform,162,0.03503212332725525,0.0
all,0.0600,wor-active,163,0.03409320116043091,1.0
all,0.0600,wor-uniform,163,0.034566402435302734,1.0
all,0.0600,wor-active,164,0.0319439172744751,1.0
all,0.0600,wor-uniform,164,0.03655804693698883,1.0
all,0.0600,wor-active,165,0.03036797046661377,1.0
all,0.0600,wor-uniform,165,0.035470008850097656,1.0
all,0.0600,wor-active,166,0.027102530002593994,1.0
all,0.0600,wor-uniform,166,0.035305678844451904,1.0
all,0.0600,wor-active,167,0.029950618743896484,1.0
all,0.0600,wor-uniform,167,0.03579449653625488,1.0
all,0.0600,wor-active,168,0.03095477819442749,1.0
all,0.0600,wor-uniform,168,0.034098461270332336,1.0
all,0.0600,wor-active,169,0.03168286383152008,1.0
all,0.0600,wor-uniform,169,0.03524969518184662,1.0
all,0.0600,wor-active,170,0.032604873180389404,1.0
all,0.0600,wor-uniform,170,0.035648345947265625,1.0
all,0.0600,wor-active,171,0.033234432339668274,1.0
all,0.0600,wor-uniform,171,0.03473515808582306,1.0
all,0.0600,wor-active,172,0.03476840257644653,1.0
all,0.0600,wor-uniform,172,0.03711313009262085,0.0
all,0.0600,wor-active,173,0.027967631816864014,1.0
all,0.0600,wor-uniform,173,0.035482048988342285,1.0
all,0.0600,wor-active,174,0.033941611647605896,1.0
all,0.0600,wor-uniform,174,0.035768866539001465,1.0
all,0.0600,wor-active,175,0.031557679176330566,1.0
all,0.0600,wor-uniform,175,0.033999472856521606,1.0
all,0.0600,wor-active,176,0.03041769564151764,0.0
all,0.0600,wor-uniform,176,0.0358312726020813,1.0
all,0.0600,wor-active,177,0.030320823192596436,1.0
all,0.0600,wor-uniform,177,0.03423099219799042,1.0
all,0.0600,wor-active,178,0.03246159851551056,1.0
all,0.0600,wor-uniform,178,0.036506399512290955,1.0
all,0.0600,wor-active,179,0.031035467982292175,1.0
all,0.0600,wor-uniform,179,0.03563714027404785,1.0
all,0.0600,wor-active,180,0.02990882098674774,1.0
all,0.0600,wor-uniform,180,0.03705523908138275,1.0
all,0.0600,wor-active,181,0.03247648477554321,1.0
all,0.0600,wor-uniform,181,0.034071147441864014,1.0
all,0.0600,wor-active,182,0.029797986149787903,1.0
all,0.0600,wor-uniform,182,0.033783018589019775,1.0
all,0.0600,wor-active,183,0.03305652737617493,1.0
all,0.0600,wor-uniform,183,0.034827589988708496,1.0
all,0.0600,wor-active,184,0.031054124236106873,1.0
all,0.0600,wor-uniform,184,0.034770429134368896,1.0
all,0.0600,wor-active,185,0.030962824821472168,1.0
all,0.0600,wor-uniform,185,0.03331327438354492,1.0
all,0.0600,wor-active,186,0.02805529534816742,0.0
all,0.0600,wor-uniform,186,0.036737680435180664,1.0
all,0.0600,wor-active,187,0.030970916152000427,1.0
all,0.0600,wor-uniform,187,0.034773826599121094,1.0
all,0.0600,wor-active,188,0.033696115016937256,1.0
all,0.0600,wor-uniform,188,0.03435295820236206,1.0
all,0.0600,wor-active,189,0.02837541699409485,1.0
all,0.0600,wor-uniform,189,0.036230504512786865,1.0
all,0.0600,wor-active,190,0.03161078691482544,1.0
all,0.0600,wor-uniform,190,0.03617215156555176,1.0
all,0.0600,wor-active,191,0.032330259680747986,1.0
all,0.0600,wor-uniform,191,0.03657877445220947,1.0
all,0.0600,wor-active,192,0.03139984607696533,1.0
all,0.0600,wor-uniform,192,0.035057008266448975,1.0
all,0.0600,wor-active,193,0.03325444459915161,1.0
all,0.0600,wor-uniform,193,0.035648539662361145,1.0
all,0.0600,wor-active,194,0.02994370460510254,1.0
all,0.0600,wor-uniform,194,0.03584650158882141,1.0
all,0.0600,wor-active,195,0.03285139799118042,1.0
all,0.0600,wor-uniform,195,0.03641267120838165,1.0
all,0.0600,wor-active,196,0.034090638160705566,1.0
all,0.0600,wor-uniform,196,0.03141830861568451,1.0
all,0.0600,wor-active,197,0.03081423044204712,1.0
all,0.0600,wor-uniform,197,0.03668922185897827,1.0
all,0.0600,wor-active,198,0.03227788209915161,1.0
all,0.0600,wor-uniform,198,0.035777747631073,1.0
all,0.0600,wor-active,199,0.03241372108459473,1.0
all,0.0600,wor-uniform,199,0.0379374623298645,1.0
all,0.0600,wor-active,200,0.03052598237991333,1.0
all,0.0600,wor-uniform,200,0.034675732254981995,1.0
all,0.0600,wor-active,201,0.031273722648620605,1.0
all,0.0600,wor-uniform,201,0.03509117662906647,1.0
all,0.0600,wor-active,202,0.031085237860679626,1.0
all,0.0600,wor-uniform,202,0.03518855571746826,1.0
all,0.0600,wor-active,203,0.03330588340759277,1.0
all,0.0600,wor-uniform,203,0.03490284085273743,0.0
all,0.0600,wor-active,204,0.03030410408973694,1.0
all,0.0600,wor-uniform,204,0.03655850887298584,1.0
all,0.0600,wor-active,205,0.030385255813598633,1.0
all,0.0600,wor-uniform,205,0.035396456718444824,1.0
all,0.0600,wor-active,206,0.03211718797683716,1.0
all,0.0600,wor-uniform,206,0.03473846614360809,1.0
all,0.0600,wor-active,207,0.03576207160949707,1.0
all,0.0600,wor-uniform,207,0.03533369302749634,1.0
all,0.0600,wor-active,208,0.03169107437133789,1.0
all,0.0600,wor-uniform,208,0.03649885952472687,1.0
all,0.0600,wor-active,209,0.028988122940063477,1.0
all,0.0600,wor-uniform,209,0.03469569981098175,1.0
all,0.0600,wor-active,210,0.03133673965930939,1.0
all,0.0600,wor-uniform,210,0.03576534986495972,1.0
all,0.0600,wor-active,211,0.0302402526140213,1.0
all,0.0600,wor-uniform,211,0.03649681806564331,1.0
all,0.0600,wor-active,212,0.03331345319747925,1.0
all,0.0600,wor-uniform,212,0.033297136425971985,1.0
all,0.0600,wor-active,213,0.0316583514213562,1.0
all,0.0600,wor-uniform,213,0.03485220670700073,1.0
all,0.0600,wor-active,214,0.03291606903076172,1.0
all,0.0600,wor-uniform,214,0.03770250082015991,1.0
all,0.0600,wor-active,215,0.031391873955726624,1.0
all,0.0600,wor-uniform,215,0.036773622035980225,1.0
all,0.0600,wor-active,216,0.030949831008911133,1.0
all,0.0600,wor-uniform,216,0.0349200963973999,1.0
all,0.0600,wor-active,217,0.034337982535362244,1.0
all,0.0600,wor-uniform,217,0.03374706208705902,0.0
all,0.0600,wor-active,218,0.033140525221824646,1.0
all,0.0600,wor-uniform,218,0.03569696843624115,0.0
all,0.0600,wor-active,219,0.03196746110916138,1.0
all,0.0600,wor-uniform,219,0.03462111949920654,1.0
all,0.0600,wor-active,220,0.03171724081039429,1.0
all,0.0600,wor-uniform,220,0.03671605885028839,1.0
all,0.0600,wor-active,221,0.031596943736076355,1.0
all,0.0600,wor-uniform,221,0.03505055606365204,1.0
all,0.0600,wor-active,222,0.026960745453834534,1.0
all,0.0600,wor-uniform,222,0.03423219919204712,1.0
all,0.0600,wor-active,223,0.029452264308929443,1.0
all,0.0600,wor-uniform,223,0.03571939468383789,1.0
all,0.0600,wor-active,224,0.03433680534362793,0.0
all,0.0600,wor-uniform,224,0.03460372984409332,1.0
all,0.0600,wor-active,225,0.03179645538330078,1.0
all,0.0600,wor-uniform,225,0.03579455614089966,1.0
all,0.0600,wor-active,226,0.034348323941230774,1.0
all,0.0600,wor-uniform,226,0.03842407464981079,1.0
all,0.0600,wor-active,227,0.03280860185623169,1.0
all,0.0600,wor-uniform,227,0.03344696760177612,1.0
all,0.0600,wor-active,228,0.03184241056442261,1.0
all,0.0600,wor-uniform,228,0.035747408866882324,1.0
all,0.0600,wor-active,229,0.030722305178642273,1.0
all,0.0600,wor-uniform,229,0.034967660903930664,1.0
all,0.0600,wor-active,230,0.03126351535320282,1.0
all,0.0600,wor-uniform,230,0.0359073281288147,1.0
all,0.0600,wor-active,231,0.032942354679107666,1.0
all,0.0600,wor-uniform,231,0.035684630274772644,1.0
all,0.0600,wor-active,232,0.029799461364746094,1.0
all,0.0600,wor-uniform,232,0.037047505378723145,1.0
all,0.0600,wor-active,233,0.027204155921936035,0.0
all,0.0600,wor-uniform,233,0.036254242062568665,1.0
all,0.0600,wor-active,234,0.03234361112117767,1.0
all,0.0600,wor-uniform,234,0.034638747572898865,1.0
all,0.0600,wor-active,235,0.032153889536857605,1.0
all,0.0600,wor-uniform,235,0.03302101790904999,1.0
all,0.0600,wor-active,236,0.03143066167831421,1.0
all,0.0600,wor-uniform,236,0.034861788153648376,1.0
all,0.0600,wor-active,237,0.03169405460357666,1.0
all,0.0600,wor-uniform,237,0.03579132258892059,1.0
all,0.0600,wor-active,238,0.03324669599533081,1.0
all,0.0600,wor-uniform,238,0.03479866683483124,1.0
all,0.0600,wor-active,239,0.027275606989860535,1.0
all,0.0600,wor-uniform,239,0.03569035232067108,1.0
all,0.0600,wor-active,240,0.030416294932365417,1.0
all,0.0600,wor-uniform,240,0.03752849996089935,1.0
all,0.0600,wor-active,241,0.03518088161945343,1.0
all,0.0600,wor-uniform,241,0.03514951467514038,1.0
all,0.0600,wor-active,242,0.03396463394165039,1.0
all,0.0600,wor-uniform,242,0.03662306070327759,1.0
all,0.0600,wor-active,243,0.02885870635509491,1.0
all,0.0600,wor-uniform,243,0.033024340867996216,0.0
all,0.0600,wor-active,244,0.031607747077941895,1.0
all,0.0600,wor-uniform,244,0.036397650837898254,1.0
all,0.0600,wor-active,245,0.03445911407470703,1.0
all,0.0600,wor-uniform,245,0.03284657001495361,1.0
all,0.0600,wor-active,246,0.03095012903213501,1.0
all,0.0600,wor-uniform,246,0.03586086630821228,1.0
all,0.0600,wor-active,247,0.031045004725456238,1.0
all,0.0600,wor-uniform,247,0.036429405212402344,0.0
all,0.0600,wor-active,248,0.03337758779525757,1.0
all,0.0600,wor-uniform,248,0.034524738788604736,1.0
all,0.0600,wor-active,249,0.031321704387664795,1.0
all,0.0600,wor-uniform,249,0.03538930416107178,1.0
all,0.0600,wor-active,250,0.03125500679016113,1.0
all,0.0600,wor-uniform,250,0.034965649247169495,1.0
all,0.0600,wor-active,251,0.03410543501377106,1.0
all,0.0600,wor-uniform,251,0.03512181341648102,1.0
all,0.0600,wor-active,252,0.026869282126426697,0.0
all,0.0600,wor-uniform,252,0.035897016525268555,1.0
all,0.0600,wor-active,253,0.0319163054227829,1.0
all,0.0600,wor-uniform,253,0.03572981059551239,1.0
all,0.0600,wor-active,254,0.030333086848258972,1.0
all,0.0600,wor-uniform,254,0.034051746129989624,1.0
all,0.0600,wor-active,255,0.03090520203113556,1.0
all,0.0600,wor-uniform,255,0.03431671857833862,1.0
all,0.0600,wor-active,256,0.03128409385681152,1.0
all,0.0600,wor-uniform,256,0.03399544954299927,1.0
all,0.0600,wor-active,257,0.03503209352493286,0.0
all,0.0600,wor-uniform,257,0.03557111322879791,1.0
all,0.0600,wor-active,258,0.033417344093322754,1.0
all,0.0600,wor-uniform,258,0.0354229211807251,1.0
all,0.0600,wor-active,259,0.03235119581222534,1.0
all,0.0600,wor-uniform,259,0.03711259365081787,1.0
all,0.0600,wor-active,260,0.029850274324417114,1.0
all,0.0600,wor-uniform,260,0.0352376252412796,1.0
all,0.0600,wor-active,261,0.0316472053527832,1.0
all,0.0600,wor-uniform,261,0.036089956760406494,1.0
all,0.0600,wor-active,262,0.032638609409332275,1.0
all,0.0600,wor-uniform,262,0.034572720527648926,1.0
all,0.0600,wor-active,263,0.03345996141433716,1.0
all,0.0600,wor-uniform,263,0.03567969799041748,1.0
all,0.0600,wor-active,264,0.031107544898986816,1.0
all,0.0600,wor-uniform,264,0.035819560289382935,0.0
all,0.0600,wor-active,265,0.03136588633060455,1.0
all,0.0600,wor-uniform,265,0.034799277782440186,1.0
all,0.0600,wor-active,266,0.03590279817581177,1.0
all,0.0600,wor-uniform,266,0.03792315721511841,1.0
all,0.0600,wor-active,267,0.027857303619384766,0.0
all,0.0600,wor-uniform,267,0.0341191291809082,1.0
all,0.0600,wor-active,268,0.032047733664512634,1.0
all,0.0600,wor-uniform,268,0.03485827147960663,1.0
all,0.0600,wor-active,269,0.03356003761291504,1.0
all,0.0600,wor-uniform,269,0.036161407828330994,1.0
all,0.0600,wor-active,270,0.03435981273651123,1.0
all,0.0600,wor-uniform,270,0.03535981476306915,1.0
all,0.0600,wor-active,271,0.03188963234424591,1.0
all,0.0600,wor-uniform,271,0.03678828477859497,1.0
all,0.0600,wor-active,272,0.032604753971099854,1.0
all,0.0600,wor-uniform,272,0.035455748438835144,1.0
all,0.0600,wor-active,273,0.029991939663887024,1.0
all,0.0600,wor-uniform,273,0.035691037774086,1.0
all,0.0600,wor-active,274,0.03278326988220215,1.0
all,0.0600,wor-uniform,274,0.033593177795410156,1.0
all,0.0600,wor-active,275,0.030775010585784912,1.0
all,0.0600,wor-uniform,275,0.03499573469161987,1.0
all,0.0600,wor-active,276,0.028470993041992188,1.0
all,0.0600,wor-uniform,276,0.0357661098241806,1.0
all,0.0600,wor-active,277,0.030842840671539307,1.0
all,0.0600,wor-uniform,277,0.0341891348361969,0.0
all,0.0600,wor-active,278,0.03217589855194092,1.0
all,0.0600,wor-uniform,278,0.03362679481506348,1.0
all,0.0600,wor-active,279,0.03178940713405609,1.0
all,0.0600,wor-uniform,279,0.038025081157684326,1.0
all,0.0600,wor-active,280,0.028562933206558228,0.0
all,0.0600,wor-uniform,280,0.03612685203552246,1.0
all,0.0600,wor-active,281,0.03331655263900757,1.0
all,0.0600,wor-uniform,281,0.03519439697265625,1.0
all,0.0600,wor-active,282,0.033655405044555664,1.0
all,0.0600,wor-uniform,282,0.03435221314430237,1.0
all,0.0600,wor-active,283,0.030299484729766846,1.0
all,0.0600,wor-uniform,283,0.03617924451828003,1.0
all,0.0600,wor-active,284,0.03010191023349762,1.0
all,0.0600,wor-uniform,284,0.034848928451538086,1.0
all,0.0600,wor-active,285,0.028683483600616455,1.0
all,0.0600,wor-uniform,285,0.03627622127532959,1.0
all,0.0600,wor-active,286,0.03111492097377777,1.0
all,0.0600,wor-uniform,286,0.03577627241611481,1.0
all,0.0600,wor-active,287,0.029398515820503235,0.0
all,0.0600,wor-uniform,287,0.03525935113430023,1.0
all,0.0600,wor-active,288,0.03417384624481201,1.0
all,0.0600,wor-uniform,288,0.034940555691719055,1.0
all,0.0600,wor-active,289,0.03244684636592865,1.0
all,0.0600,wor-uniform,289,0.03324875235557556,1.0
all,0.0600,wor-active,290,0.03285777568817139,1.0
all,0.0600,wor-uniform,290,0.0366518497467041,1.0
all,0.0600,wor-active,291,0.03225511312484741,1.0
all,0.0600,wor-uniform,291,0.036726534366607666,1.0
all,0.0600,wor-active,292,0.03164170682430267,1.0
all,0.0600,wor-uniform,292,0.036355793476104736,1.0
all,0.0600,wor-active,293,0.02837727963924408,1.0
all,0.0600,wor-uniform,293,0.03242214024066925,1.0
all,0.0600,wor-active,294,0.029881492257118225,1.0
all,0.0600,wor-uniform,294,0.035857006907463074,1.0
all,0.0600,wor-active,295,0.03245288133621216,1.0
all,0.0600,wor-uniform,295,0.03540048003196716,0.0
all,0.0600,wor-active,296,0.0302763432264328,1.0
all,0.0600,wor-uniform,296,0.0334317684173584,1.0
all,0.0600,wor-active,297,0.031740784645080566,1.0
all,0.0600,wor-uniform,297,0.03477978706359863,1.0
all,0.0600,wor-active,298,0.03205686807632446,1.0
all,0.0600,wor-uniform,298,0.034040212631225586,1.0
all,0.0600,wor-active,299,0.03224480152130127,1.0
all,0.0600,wor-uniform,299,0.03340332210063934,1.0
all,0.0600,wor-active,300,0.03443737328052521,1.0
all,0.0600,wor-uniform,300,0.034446656703948975,1.0
all,0.0600,wor-active,301,0.030558228492736816,1.0
all,0.0600,wor-uniform,301,0.032752200961112976,1.0
all,0.0600,wor-active,302,0.029435276985168457,1.0
all,0.0600,wor-uniform,302,0.03463798761367798,1.0
all,0.0600,wor-active,303,0.03110663592815399,1.0
all,0.0600,wor-uniform,303,0.0351828932762146,1.0
all,0.0600,wor-active,304,0.03112727403640747,1.0
all,0.0600,wor-uniform,304,0.03612484037876129,1.0
all,0.0600,wor-active,305,0.0320889949798584,1.0
all,0.0600,wor-uniform,305,0.0342293381690979,1.0
all,0.0600,wor-active,306,0.029756858944892883,1.0
all,0.0600,wor-uniform,306,0.03246648609638214,1.0
all,0.0600,wor-active,307,0.028485283255577087,1.0
all,0.0600,wor-uniform,307,0.03607451915740967,1.0
all,0.0600,wor-active,308,0.03481853008270264,1.0
all,0.0600,wor-uniform,308,0.03829455375671387,1.0
all,0.0600,wor-active,309,0.03292882442474365,1.0
all,0.0600,wor-uniform,309,0.03632080554962158,0.0
all,0.0600,wor-active,310,0.03004579246044159,1.0
all,0.0600,wor-uniform,310,0.03498883545398712,1.0
all,0.0600,wor-active,311,0.031101897358894348,1.0
all,0.0600,wor-uniform,311,0.036133408546447754,1.0
all,0.0600,wor-active,312,0.03221416473388672,1.0
all,0.0600,wor-uniform,312,0.03639607131481171,1.0
all,0.0600,wor-active,313,0.03426145017147064,1.0
all,0.0600,wor-uniform,313,0.036196932196617126,1.0
all,0.0600,wor-active,314,0.03263014554977417,1.0
all,0.0600,wor-uniform,314,0.03310719132423401,0.0
all,0.0600,wor-active,315,0.032411158084869385,0.0
all,0.0600,wor-uniform,315,0.036077603697776794,1.0
all,0.0600,wor-active,316,0.028310120105743408,1.0
all,0.0600,wor-uniform,316,0.033268868923187256,1.0
all,0.0600,wor-active,317,0.035016775131225586,1.0
all,0.0600,wor-uniform,317,0.03432488441467285,1.0
all,0.0600,wor-active,318,0.03262978792190552,1.0
all,0.0600,wor-uniform,318,0.0336674302816391,0.0
all,0.0600,wor-active,319,0.030933260917663574,1.0
all,0.0600,wor-uniform,319,0.035557493567466736,1.0
all,0.0600,wor-active,320,0.03849053382873535,1.0
all,0.0600,wor-uniform,320,0.034949541091918945,1.0
all,0.0600,wor-active,321,0.03284601867198944,1.0
all,0.0600,wor-uniform,321,0.03553396463394165,0.0
all,0.0600,wor-active,322,0.03286588191986084,1.0
all,0.0600,wor-uniform,322,0.03403407335281372,1.0
all,0.0600,wor-active,323,0.030820950865745544,1.0
all,0.0600,wor-uniform,323,0.03669309616088867,1.0
all,0.0600,wor-active,324,0.030481994152069092,1.0
all,0.0600,wor-uniform,324,0.0350346565246582,1.0
all,0.0600,wor-active,325,0.031502485275268555,1.0
all,0.0600,wor-uniform,325,0.035097599029541016,1.0
all,0.0600,wor-active,326,0.03371936082839966,1.0
all,0.0600,wor-uniform,326,0.03707754611968994,1.0
all,0.0600,wor-active,327,0.0327422171831131,1.0
all,0.0600,wor-uniform,327,0.03653925657272339,1.0
all,0.0600,wor-active,328,0.03355109691619873,1.0
all,0.0600,wor-uniform,328,0.03431595861911774,1.0
all,0.0600,wor-active,329,0.026581883430480957,1.0
all,0.0600,wor-uniform,329,0.03587919473648071,1.0
all,0.0600,wor-active,330,0.034707725048065186,1.0
all,0.0600,wor-uniform,330,0.035953789949417114,1.0
all,0.0600,wor-active,331,0.029300689697265625,1.0
all,0.0600,wor-uniform,331,0.03363119065761566,1.0
all,0.0600,wor-active,332,0.031015098094940186,1.0
all,0.0600,wor-uniform,332,0.0333162397146225,1.0
all,0.0700,wor-active,0,0.028536856174468994,0.0
all,0.0700,wor-uniform,0,0.030783042311668396,1.0
all,0.0700,wor-active,1,0.0285942405462265,1.0
all,0.0700,wor-uniform,1,0.031526342034339905,1.0
all,0.0700,wor-active,2,0.029516756534576416,1.0
all,0.0700,wor-uniform,2,0.03427034616470337,1.0
all,0.0700,wor-active,3,0.02890467643737793,1.0
all,0.0700,wor-uniform,3,0.033333420753479004,1.0
all,0.0700,wor-active,4,0.02681078016757965,1.0
all,0.0700,wor-uniform,4,0.031465888023376465,1.0
all,0.0700,wor-active,5,0.030411064624786377,1.0
all,0.0700,wor-uniform,5,0.03520464897155762,1.0
all,0.0700,wor-active,6,0.027812063694000244,1.0
all,0.0700,wor-uniform,6,0.03157918155193329,1.0
all,0.0700,wor-active,7,0.030568167567253113,1.0
all,0.0700,wor-uniform,7,0.032115280628204346,1.0
all,0.0700,wor-active,8,0.029206201434135437,1.0
all,0.0700,wor-uniform,8,0.03289292752742767,1.0
all,0.0700,wor-active,9,0.02840644121170044,1.0
all,0.0700,wor-uniform,9,0.032685860991477966,1.0
all,0.0700,wor-active,10,0.03141927719116211,1.0
all,0.0700,wor-uniform,10,0.03415222465991974,1.0
all,0.0700,wor-active,11,0.025304973125457764,1.0
all,0.0700,wor-uniform,11,0.031709372997283936,1.0
all,0.0700,wor-active,12,0.029709458351135254,1.0
all,0.0700,wor-uniform,12,0.03342437744140625,1.0
all,0.0700,wor-active,13,0.02894975244998932,1.0
all,0.0700,wor-uniform,13,0.03210413455963135,1.0
all,0.0700,wor-active,14,0.029587790369987488,1.0
all,0.0700,wor-uniform,14,0.03248070180416107,1.0
all,0.0700,wor-active,15,0.027595818042755127,1.0
all,0.0700,wor-uniform,15,0.032276034355163574,1.0
all,0.0700,wor-active,16,0.030621662735939026,1.0
all,0.0700,wor-uniform,16,0.03227852284908295,1.0
all,0.0700,wor-active,17,0.03002643585205078,1.0
all,0.0700,wor-uniform,17,0.034298837184906006,1.0
all,0.0700,wor-active,18,0.027709975838661194,1.0
all,0.0700,wor-uniform,18,0.032796308398246765,1.0
all,0.0700,wor-active,19,0.029734209179878235,1.0
all,0.0700,wor-uniform,19,0.03178328275680542,1.0
all,0.0700,wor-active,20,0.02964995801448822,1.0
all,0.0700,wor-uniform,20,0.03153438866138458,0.0
all,0.0700,wor-active,21,0.029515504837036133,1.0
all,0.0700,wor-uniform,21,0.029057398438453674,1.0
all,0.0700,wor-active,22,0.02733379602432251,1.0
all,0.0700,wor-uniform,22,0.03303152322769165,1.0
all,0.0700,wor-active,23,0.02798008918762207,1.0
all,0.0700,wor-uniform,23,0.031944334506988525,1.0
all,0.0700,wor-active,24,0.02669084072113037,1.0
all,0.0700,wor-uniform,24,0.03279966115951538,1.0
all,0.0700,wor-active,25,0.029727637767791748,1.0
all,0.0700,wor-uniform,25,0.03408312797546387,1.0
all,0.0700,wor-active,26,0.02746744453907013,1.0
all,0.0700,wor-uniform,26,0.032598480582237244,1.0
all,0.0700,wor-active,27,0.028721511363983154,1.0
all,0.0700,wor-uniform,27,0.03184640407562256,1.0
all,0.0700,wor-active,28,0.029499828815460205,1.0
all,0.0700,wor-uniform,28,0.03277285397052765,1.0
all,0.0700,wor-active,29,0.028845012187957764,1.0
all,0.0700,wor-uniform,29,0.031056582927703857,1.0
all,0.0700,wor-active,30,0.030482783913612366,1.0
all,0.0700,wor-uniform,30,0.030571043491363525,1.0
all,0.0700,wor-active,31,0.028989672660827637,1.0
all,0.0700,wor-uniform,31,0.03356224298477173,1.0
all,0.0700,wor-active,32,0.02706700563430786,1.0
all,0.0700,wor-uniform,32,0.031518951058387756,1.0
all,0.0700,wor-active,33,0.027293488383293152,1.0
all,0.0700,wor-uniform,33,0.03223443031311035,1.0
all,0.0700,wor-active,34,0.02685868740081787,1.0
all,0.0700,wor-uniform,34,0.03240281343460083,1.0
all,0.0700,wor-active,35,0.028032898902893066,1.0
all,0.0700,wor-uniform,35,0.031077221035957336,1.0
all,0.0700,wor-active,36,0.028007104992866516,1.0
all,0.0700,wor-uniform,36,0.03283543884754181,1.0
all,0.0700,wor-active,37,0.028944730758666992,1.0
all,0.0700,wor-uniform,37,0.03199794888496399,1.0
all,0.0700,wor-active,38,0.031517624855041504,1.0
all,0.0700,wor-uniform,38,0.031005635857582092,1.0
all,0.0700,wor-active,39,0.027997195720672607,1.0
all,0.0700,wor-uniform,39,0.0324961394071579,1.0
all,0.0700,wor-active,40,0.031774938106536865,1.0
all,0.0700,wor-uniform,40,0.031174197793006897,1.0
all,0.0700,wor-active,41,0.029376506805419922,1.0
all,0.0700,wor-uniform,41,0.0339931845664978,1.0
all,0.0700,wor-active,42,0.02909255027770996,1.0
all,0.0700,wor-uniform,42,0.03315389156341553,1.0
all,0.0700,wor-active,43,0.03158825635910034,1.0
all,0.0700,wor-uniform,43,0.03453958034515381,1.0
all,0.0700,wor-active,44,0.028609395027160645,1.0
all,0.0700,wor-uniform,44,0.03208421170711517,1.0
all,0.0700,wor-active,45,0.028806447982788086,1.0
all,0.0700,wor-uniform,45,0.03196512162685394,1.0
all,0.0700,wor-active,46,0.02712726593017578,1.0
all,0.0700,wor-uniform,46,0.03238940238952637,1.0
all,0.0700,wor-active,47,0.027852877974510193,1.0
all,0.0700,wor-uniform,47,0.03264254331588745,1.0
all,0.0700,wor-active,48,0.031652629375457764,1.0
all,0.0700,wor-uniform,48,0.03287263214588165,1.0
all,0.0700,wor-active,49,0.02721959352493286,1.0
all,0.0700,wor-uniform,49,0.03196953237056732,1.0
all,0.0700,wor-active,50,0.02662445604801178,1.0
all,0.0700,wor-uniform,50,0.0313248336315155,0.0
all,0.0700,wor-active,51,0.02910780906677246,1.0
all,0.0700,wor-uniform,51,0.031147122383117676,1.0
all,0.0700,wor-active,52,0.029626131057739258,1.0
all,0.0700,wor-uniform,52,0.032250240445137024,1.0
all,0.0700,wor-active,53,0.02847503125667572,1.0
all,0.0700,wor-uniform,53,0.03163410723209381,1.0
all,0.0700,wor-active,54,0.028674110770225525,1.0
all,0.0700,wor-uniform,54,0.03134065866470337,1.0
all,0.0700,wor-active,55,0.02797168493270874,1.0
all,0.0700,wor-uniform,55,0.0324387401342392,1.0
all,0.0700,wor-active,56,0.027045071125030518,1.0
all,0.0700,wor-uniform,56,0.03340107202529907,1.0
all,0.0700,wor-active,57,0.028813600540161133,1.0
all,0.0700,wor-uniform,57,0.032208263874053955,1.0
all,0.0700,wor-active,58,0.029968008399009705,1.0
all,0.0700,wor-uniform,58,0.03312031924724579,1.0
all,0.0700,wor-active,59,0.02867060899734497,1.0
all,0.0700,wor-uniform,59,0.03291743993759155,1.0
all,0.0700,wor-active,60,0.027805566787719727,1.0
all,0.0700,wor-uniform,60,0.031706154346466064,1.0
all,0.0700,wor-active,61,0.0280112624168396,1.0
all,0.0700,wor-uniform,61,0.03230263292789459,1.0
all,0.0700,wor-active,62,0.030210912227630615,0.0
all,0.0700,wor-uniform,62,0.032203152775764465,1.0
all,0.0700,wor-active,63,0.03021581470966339,1.0
all,0.0700,wor-uniform,63,0.030864670872688293,1.0
all,0.0700,wor-active,64,0.0265820175409317,1.0
all,0.0700,wor-uniform,64,0.031040266156196594,1.0
all,0.0700,wor-active,65,0.0284121036529541,1.0
all,0.0700,wor-uniform,65,0.03274369239807129,1.0
all,0.0700,wor-active,66,0.03116852045059204,1.0
all,0.0700,wor-uniform,66,0.032541751861572266,1.0
all,0.0700,wor-active,67,0.02855508029460907,1.0
all,0.0700,wor-uniform,67,0.03259909152984619,1.0
all,0.0700,wor-active,68,0.027510344982147217,1.0
all,0.0700,wor-uniform,68,0.03285829722881317,1.0
all,0.0700,wor-active,69,0.030678510665893555,1.0
all,0.0700,wor-uniform,69,0.0310448557138443,1.0
all,0.0700,wor-active,70,0.02775569260120392,1.0
all,0.0700,wor-uniform,70,0.03155265748500824,1.0
all,0.0700,wor-active,71,0.028273001313209534,1.0
all,0.0700,wor-uniform,71,0.03125105798244476,1.0
all,0.0700,wor-active,72,0.030074000358581543,0.0
all,0.0700,wor-uniform,72,0.03387480974197388,1.0
all,0.0700,wor-active,73,0.027779102325439453,1.0
all,0.0700,wor-uniform,73,0.032052040100097656,1.0
all,0.0700,wor-active,74,0.027950763702392578,1.0
all,0.0700,wor-uniform,74,0.03230661153793335,1.0
all,0.0700,wor-active,75,0.030200719833374023,1.0
all,0.0700,wor-uniform,75,0.03185540437698364,1.0
all,0.0700,wor-active,76,0.030465424060821533,1.0
all,0.0700,wor-uniform,76,0.029248639941215515,1.0
all,0.0700,wor-active,77,0.030831828713417053,1.0
all,0.0700,wor-uniform,77,0.032986268401145935,1.0
all,0.0700,wor-active,78,0.029081881046295166,1.0
all,0.0700,wor-uniform,78,0.031731173396110535,1.0
all,0.0700,wor-active,79,0.03186190128326416,1.0
all,0.0700,wor-uniform,79,0.03411388397216797,1.0
all,0.0700,wor-active,80,0.030601859092712402,1.0
all,0.0700,wor-uniform,80,0.030611887574195862,1.0
all,0.0700,wor-active,81,0.025882303714752197,1.0
all,0.0700,wor-uniform,81,0.03223811089992523,1.0
all,0.0700,wor-active,82,0.026319220662117004,1.0
all,0.0700,wor-uniform,82,0.03333425521850586,1.0
all,0.0700,wor-active,83,0.030626535415649414,1.0
all,0.0700,wor-uniform,83,0.0331488698720932,1.0
all,0.0700,wor-active,84,0.031636059284210205,0.0
all,0.0700,wor-uniform,84,0.031072139739990234,1.0
all,0.0700,wor-active,85,0.027778074145317078,1.0
all,0.0700,wor-uniform,85,0.03238952159881592,1.0
all,0.0700,wor-active,86,0.03181588649749756,1.0
all,0.0700,wor-uniform,86,0.032446905970573425,1.0
all,0.0700,wor-active,87,0.0295456200838089,1.0
all,0.0700,wor-uniform,87,0.03350830078125,1.0
all,0.0700,wor-active,88,0.031491100788116455,0.0
all,0.0700,wor-uniform,88,0.0313476026058197,1.0
all,0.0700,wor-active,89,0.029871821403503418,1.0
all,0.0700,wor-uniform,89,0.033735886216163635,1.0
all,0.0700,wor-active,90,0.028282582759857178,1.0
all,0.0700,wor-uniform,90,0.03141017258167267,1.0
all,0.0700,wor-active,91,0.03202694654464722,1.0
all,0.0700,wor-uniform,91,0.03054124116897583,1.0
all,0.0700,wor-active,92,0.027183711528778076,1.0
all,0.0700,wor-uniform,92,0.032493218779563904,1.0
all,0.0700,wor-active,93,0.025111675262451172,1.0
all,0.0700,wor-uniform,93,0.030987098813056946,1.0
all,0.0700,wor-active,94,0.026702284812927246,1.0
all,0.0700,wor-uniform,94,0.032225072383880615,1.0
all,0.0700,wor-active,95,0.03292149305343628,1.0
all,0.0700,wor-uniform,95,0.031917691230773926,1.0
all,0.0700,wor-active,96,0.026876389980316162,1.0
all,0.0700,wor-uniform,96,0.03197133541107178,1.0
all,0.0700,wor-active,97,0.028406158089637756,1.0
all,0.0700,wor-uniform,97,0.034357309341430664,1.0
all,0.0700,wor-active,98,0.02754002809524536,1.0
all,0.0700,wor-uniform,98,0.032478153705596924,1.0
all,0.0700,wor-active,99,0.027483642101287842,1.0
all,0.0700,wor-uniform,99,0.03181886672973633,1.0
all,0.0700,wor-active,100,0.03158754110336304,1.0
all,0.0700,wor-uniform,100,0.0313803106546402,1.0
all,0.0700,wor-active,101,0.029318392276763916,1.0
all,0.0700,wor-uniform,101,0.03176538646221161,1.0
all,0.0700,wor-active,102,0.028755351901054382,1.0
all,0.0700,wor-uniform,102,0.033606648445129395,1.0
all,0.0700,wor-active,103,0.026318266987800598,1.0
all,0.0700,wor-uniform,103,0.032865479588508606,1.0
all,0.0700,wor-active,104,0.029235780239105225,1.0
all,0.0700,wor-uniform,104,0.032832637429237366,1.0
all,0.0700,wor-active,105,0.027673885226249695,1.0
all,0.0700,wor-uniform,105,0.03121061623096466,1.0
all,0.0700,wor-active,106,0.028315603733062744,1.0
all,0.0700,wor-uniform,106,0.031848132610321045,1.0
all,0.0700,wor-active,107,0.03282320499420166,1.0
all,0.0700,wor-uniform,107,0.031373560428619385,1.0
all,0.0700,wor-active,108,0.02791769802570343,1.0
all,0.0700,wor-uniform,108,0.033163249492645264,1.0
all,0.0700,wor-active,109,0.02953183650970459,1.0
all,0.0700,wor-uniform,109,0.029200837016105652,1.0
all,0.0700,wor-active,110,0.027793392539024353,1.0
all,0.0700,wor-uniform,110,0.030874520540237427,1.0
all,0.0700,wor-active,111,0.030536353588104248,1.0
all,0.0700,wor-uniform,111,0.03242760896682739,1.0
all,0.0700,wor-active,112,0.02893294394016266,1.0
all,0.0700,wor-uniform,112,0.03205770254135132,1.0
all,0.0700,wor-active,113,0.030982747673988342,1.0
all,0.0700,wor-uniform,113,0.033415257930755615,1.0
all,0.0700,wor-active,114,0.027656197547912598,1.0
all,0.0700,wor-uniform,114,0.032660603523254395,1.0
all,0.0700,wor-active,115,0.029602766036987305,1.0
all,0.0700,wor-uniform,115,0.03338092565536499,1.0
all,0.0700,wor-active,116,0.02703799307346344,1.0
all,0.0700,wor-uniform,116,0.034327372908592224,1.0
all,0.0700,wor-active,117,0.030460357666015625,1.0
all,0.0700,wor-uniform,117,0.030892744660377502,1.0
all,0.0700,wor-active,118,0.02771204710006714,1.0
all,0.0700,wor-uniform,118,0.031812965869903564,1.0
all,0.0700,wor-active,119,0.030871689319610596,1.0
all,0.0700,wor-uniform,119,0.03045196831226349,1.0
all,0.0700,wor-active,120,0.028183281421661377,1.0
all,0.0700,wor-uniform,120,0.033312082290649414,1.0
all,0.0700,wor-active,121,0.03050731122493744,1.0
all,0.0700,wor-uniform,121,0.03139728307723999,1.0
all,0.0700,wor-active,122,0.02779221534729004,1.0
all,0.0700,wor-uniform,122,0.032623350620269775,1.0
all,0.0700,wor-active,123,0.031540632247924805,1.0
all,0.0700,wor-uniform,123,0.031758666038513184,1.0
all,0.0700,wor-active,124,0.03070354461669922,1.0
all,0.0700,wor-uniform,124,0.03089529275894165,1.0
all,0.0700,wor-active,125,0.029886797070503235,1.0
all,0.0700,wor-uniform,125,0.030387580394744873,1.0
all,0.0700,wor-active,126,0.03077036142349243,1.0
all,0.0700,wor-uniform,126,0.03322495520114899,1.0
all,0.0700,wor-active,127,0.026051506400108337,1.0
all,0.0700,wor-uniform,127,0.03164871037006378,1.0
all,0.0700,wor-active,128,0.026013851165771484,1.0
all,0.0700,wor-uniform,128,0.03215402364730835,0.0
all,0.0700,wor-active,129,0.029840335249900818,1.0
all,0.0700,wor-uniform,129,0.0328584760427475,1.0
all,0.0700,wor-active,130,0.02933746576309204,1.0
all,0.0700,wor-uniform,130,0.031914517283439636,1.0
all,0.0700,wor-active,131,0.028767883777618408,1.0
all,0.0700,wor-uniform,131,0.032762110233306885,1.0
all,0.0700,wor-active,132,0.03238590061664581,1.0
all,0.0700,wor-uniform,132,0.032931551337242126,1.0
all,0.0700,wor-active,133,0.02745659649372101,1.0
all,0.0700,wor-uniform,133,0.03348684310913086,1.0
all,0.0700,wor-active,134,0.028535664081573486,1.0
all,0.0700,wor-uniform,134,0.03236420452594757,1.0
all,0.0700,wor-active,135,0.030414283275604248,1.0
all,0.0700,wor-uniform,135,0.03334921598434448,1.0
all,0.0700,wor-active,136,0.026597097516059875,1.0
all,0.0700,wor-uniform,136,0.03207063674926758,1.0
all,0.0700,wor-active,137,0.02672804892063141,1.0
all,0.0700,wor-uniform,137,0.03210932016372681,1.0
all,0.0700,wor-active,138,0.03055579960346222,1.0
all,0.0700,wor-uniform,138,0.031342729926109314,1.0
all,0.0700,wor-active,139,0.028429552912712097,1.0
all,0.0700,wor-uniform,139,0.034155845642089844,1.0
all,0.0700,wor-active,140,0.027462422847747803,1.0
all,0.0700,wor-uniform,140,0.03170056641101837,1.0
all,0.0700,wor-active,141,0.028064072132110596,1.0
all,0.0700,wor-uniform,141,0.032689303159713745,1.0
all,0.0700,wor-active,142,0.027096211910247803,1.0
all,0.0700,wor-uniform,142,0.03135812282562256,1.0
all,0.0700,wor-active,143,0.028966441750526428,1.0
all,0.0700,wor-uniform,143,0.032756149768829346,1.0
all,0.0700,wor-active,144,0.02520829439163208,1.0
all,0.0700,wor-uniform,144,0.030405163764953613,1.0
all,0.0700,wor-active,145,0.031598612666130066,1.0
all,0.0700,wor-uniform,145,0.032386407256126404,1.0
all,0.0700,wor-active,146,0.029822170734405518,1.0
all,0.0700,wor-uniform,146,0.033143237233161926,1.0
all,0.0700,wor-active,147,0.028613373637199402,1.0
all,0.0700,wor-uniform,147,0.03394955396652222,1.0
all,0.0700,wor-active,148,0.031420350074768066,1.0
all,0.0700,wor-uniform,148,0.03276503086090088,1.0
all,0.0700,wor-active,149,0.026379942893981934,1.0
all,0.0700,wor-uniform,149,0.03292304277420044,1.0
all,0.0700,wor-active,150,0.02754099667072296,1.0
all,0.0700,wor-uniform,150,0.031560301780700684,1.0
all,0.0700,wor-active,151,0.028530240058898926,0.0
all,0.0700,wor-uniform,151,0.031015142798423767,1.0
all,0.0700,wor-active,152,0.02714158594608307,1.0
all,0.0700,wor-uniform,152,0.03357155621051788,1.0
all,0.0700,wor-active,153,0.029049158096313477,1.0
all,0.0700,wor-uniform,153,0.03430730104446411,1.0
all,0.0700,wor-active,154,0.027505099773406982,1.0
all,0.0700,wor-uniform,154,0.03230917453765869,1.0
all,0.0700,wor-active,155,0.028408944606781006,0.0
all,0.0700,wor-uniform,155,0.03342157602310181,1.0
all,0.0700,wor-active,156,0.02576744556427002,1.0
all,0.0700,wor-uniform,156,0.03246550261974335,1.0
all,0.0700,wor-active,157,0.029907584190368652,1.0
all,0.0700,wor-uniform,157,0.03264188766479492,1.0
all,0.0700,wor-active,158,0.029803812503814697,1.0
all,0.0700,wor-uniform,158,0.031257107853889465,1.0
all,0.0700,wor-active,159,0.033193230628967285,0.0
all,0.0700,wor-uniform,159,0.0299215167760849,1.0
all,0.0700,wor-active,160,0.028892159461975098,1.0
all,0.0700,wor-uniform,160,0.032384440302848816,1.0
all,0.0700,wor-active,161,0.02873392403125763,1.0
all,0.0700,wor-uniform,161,0.03279846906661987,1.0
all,0.0700,wor-active,162,0.0310366153717041,1.0
all,0.0700,wor-uniform,162,0.032703474164009094,1.0
all,0.0700,wor-active,163,0.029079437255859375,1.0
all,0.0700,wor-uniform,163,0.03228729963302612,1.0
all,0.0700,wor-active,164,0.031032919883728027,1.0
all,0.0700,wor-uniform,164,0.03303031623363495,1.0
all,0.0700,wor-active,165,0.028539642691612244,1.0
all,0.0700,wor-uniform,165,0.03174704313278198,1.0
all,0.0700,wor-active,166,0.02770376205444336,1.0
all,0.0700,wor-uniform,166,0.032582759857177734,1.0
all,0.0700,wor-active,167,0.028780922293663025,1.0
all,0.0700,wor-uniform,167,0.032265469431877136,1.0
all,0.0700,wor-active,168,0.026661351323127747,1.0
all,0.0700,wor-uniform,168,0.0333101749420166,1.0
all,0.0700,wor-active,169,0.02828383445739746,1.0
all,0.0700,wor-uniform,169,0.032962143421173096,1.0
all,0.0700,wor-active,170,0.02889968454837799,1.0
all,0.0700,wor-uniform,170,0.033980414271354675,1.0
all,0.0700,wor-active,171,0.028816163539886475,1.0
all,0.0700,wor-uniform,171,0.033533975481987,1.0
all,0.0700,wor-active,172,0.029523849487304688,1.0
all,0.0700,wor-uniform,172,0.03375929594039917,1.0
all,0.0700,wor-active,173,0.028306469321250916,1.0
all,0.0700,wor-uniform,173,0.03439223766326904,1.0
all,0.0700,wor-active,174,0.029893577098846436,1.0
all,0.0700,wor-uniform,174,0.03327077627182007,1.0
all,0.0700,wor-active,175,0.028757795691490173,1.0
all,0.0700,wor-uniform,175,0.03322260081768036,1.0
all,0.0700,wor-active,176,0.029686585068702698,1.0
all,0.0700,wor-uniform,176,0.03171981871128082,1.0
all,0.0700,wor-active,177,0.030315816402435303,1.0
all,0.0700,wor-uniform,177,0.034433379769325256,1.0
all,0.0700,wor-active,178,0.030400514602661133,1.0
all,0.0700,wor-uniform,178,0.03053160011768341,1.0
all,0.0700,wor-active,179,0.029644012451171875,1.0
all,0.0700,wor-uniform,179,0.031148791313171387,1.0
all,0.0700,wor-active,180,0.028297290205955505,1.0
all,0.0700,wor-uniform,180,0.032237708568573,1.0
all,0.0700,wor-active,181,0.028087899088859558,1.0
all,0.0700,wor-uniform,181,0.03153461217880249,1.0
all,0.0700,wor-active,182,0.030765295028686523,1.0
all,0.0700,wor-uniform,182,0.0346112996339798,1.0
all,0.0700,wor-active,183,0.025951191782951355,1.0
all,0.0700,wor-uniform,183,0.03367544710636139,1.0
all,0.0700,wor-active,184,0.02834780514240265,1.0
all,0.0700,wor-uniform,184,0.0318412184715271,1.0
all,0.0700,wor-active,185,0.02759385108947754,1.0
all,0.0700,wor-uniform,185,0.032502710819244385,1.0
all,0.0700,wor-active,186,0.026212960481643677,1.0
all,0.0700,wor-uniform,186,0.03343319892883301,1.0
all,0.0700,wor-active,187,0.02980099618434906,1.0
all,0.0700,wor-uniform,187,0.03215670585632324,1.0
all,0.0700,wor-active,188,0.0273573100566864,1.0
all,0.0700,wor-uniform,188,0.03220069408416748,1.0
all,0.0700,wor-active,189,0.02505505084991455,1.0
all,0.0700,wor-uniform,189,0.033136963844299316,1.0
all,0.0700,wor-active,190,0.03049546480178833,1.0
all,0.0700,wor-uniform,190,0.032371342182159424,1.0
all,0.0700,wor-active,191,0.03010314702987671,1.0
all,0.0700,wor-uniform,191,0.03172844648361206,1.0
all,0.0700,wor-active,192,0.028568506240844727,1.0
all,0.0700,wor-uniform,192,0.03223824501037598,1.0
all,0.0700,wor-active,193,0.027294084429740906,1.0
all,0.0700,wor-uniform,193,0.03139907121658325,1.0
all,0.0700,wor-active,194,0.02587185800075531,1.0
all,0.0700,wor-uniform,194,0.03322736918926239,1.0
all,0.0700,wor-active,195,0.03023497760295868,1.0
all,0.0700,wor-uniform,195,0.031826555728912354,1.0
all,0.0700,wor-active,196,0.02851755917072296,1.0
all,0.0700,wor-uniform,196,0.03253467381000519,1.0
all,0.0700,wor-active,197,0.027682244777679443,1.0
all,0.0700,wor-uniform,197,0.030808553099632263,1.0
all,0.0700,wor-active,198,0.027247026562690735,1.0
all,0.0700,wor-uniform,198,0.032145991921424866,1.0
all,0.0700,wor-active,199,0.028489425778388977,1.0
all,0.0700,wor-uniform,199,0.032761648297309875,1.0
all,0.0700,wor-active,200,0.02964538335800171,0.0
all,0.0700,wor-uniform,200,0.03285020589828491,1.0
all,0.0700,wor-active,201,0.03239274024963379,0.0
all,0.0700,wor-uniform,201,0.03217040002346039,1.0
all,0.0700,wor-active,202,0.028982296586036682,1.0
all,0.0700,wor-uniform,202,0.03194594383239746,1.0
all,0.0700,wor-active,203,0.026750564575195312,1.0
all,0.0700,wor-uniform,203,0.03056037425994873,1.0
all,0.0700,wor-active,204,0.029531240463256836,1.0
all,0.0700,wor-uniform,204,0.03303827345371246,1.0
all,0.0700,wor-active,205,0.028902456164360046,1.0
all,0.0700,wor-uniform,205,0.0329289585351944,1.0
all,0.0700,wor-active,206,0.031032323837280273,1.0
all,0.0700,wor-uniform,206,0.030530035495758057,0.0
all,0.0700,wor-active,207,0.03048710525035858,1.0
all,0.0700,wor-uniform,207,0.03312051296234131,1.0
all,0.0700,wor-active,208,0.030309483408927917,1.0
all,0.0700,wor-uniform,208,0.032472431659698486,1.0
all,0.0700,wor-active,209,0.02661241590976715,1.0
all,0.0700,wor-uniform,209,0.033064842224121094,1.0
all,0.0700,wor-active,210,0.02984851598739624,1.0
all,0.0700,wor-uniform,210,0.03278636932373047,1.0
all,0.0700,wor-active,211,0.02912186086177826,1.0
all,0.0700,wor-uniform,211,0.03396131098270416,1.0
all,0.0700,wor-active,212,0.029196515679359436,1.0
all,0.0700,wor-uniform,212,0.033257246017456055,1.0
all,0.0700,wor-active,213,0.03104478120803833,1.0
all,0.0700,wor-uniform,213,0.03396826982498169,1.0
all,0.0700,wor-active,214,0.028960421681404114,1.0
all,0.0700,wor-uniform,214,0.032317861914634705,1.0
all,0.0700,wor-active,215,0.02650800347328186,1.0
all,0.0700,wor-uniform,215,0.03245806694030762,1.0
all,0.0700,wor-active,216,0.024716868996620178,0.0
all,0.0700,wor-uniform,216,0.03001701831817627,1.0
all,0.0700,wor-active,217,0.029241427779197693,1.0
all,0.0700,wor-uniform,217,0.0317147821187973,1.0
all,0.0700,wor-active,218,0.027413129806518555,1.0
all,0.0700,wor-uniform,218,0.03288471698760986,1.0
all,0.0700,wor-active,219,0.02888590097427368,1.0
all,0.0700,wor-uniform,219,0.03139051795005798,1.0
all,0.0700,wor-active,220,0.02675706148147583,1.0
all,0.0700,wor-uniform,220,0.03219747543334961,1.0
all,0.0700,wor-active,221,0.029761776328086853,1.0
all,0.0700,wor-uniform,221,0.03275270760059357,0.0
all,0.0700,wor-active,222,0.029247820377349854,1.0
all,0.0700,wor-uniform,222,0.03193455934524536,1.0
all,0.0700,wor-active,223,0.0277288556098938,1.0
all,0.0700,wor-uniform,223,0.03288757801055908,1.0
all,0.0700,wor-active,224,0.027198612689971924,1.0
all,0.0700,wor-uniform,224,0.032313838601112366,1.0
all,0.0700,wor-active,225,0.029352009296417236,1.0
all,0.0700,wor-uniform,225,0.032895684242248535,1.0
all,0.0700,wor-active,226,0.029634535312652588,1.0
all,0.0700,wor-uniform,226,0.03290913999080658,1.0
all,0.0700,wor-active,227,0.028589054942131042,1.0
all,0.0700,wor-uniform,227,0.03208130598068237,1.0
all,0.0700,wor-active,228,0.02827070653438568,1.0
all,0.0700,wor-uniform,228,0.032532691955566406,1.0
all,0.0700,wor-active,229,0.02722039818763733,0.0
all,0.0700,wor-uniform,229,0.03383868932723999,0.0
all,0.0700,wor-active,230,0.030460476875305176,1.0
all,0.0700,wor-uniform,230,0.03352223336696625,1.0
all,0.0700,wor-active,231,0.028420627117156982,1.0
all,0.0700,wor-uniform,231,0.031798556447029114,1.0
all,0.0700,wor-active,232,0.028340578079223633,1.0
all,0.0700,wor-uniform,232,0.03366273641586304,1.0
all,0.0700,wor-active,233,0.02795390784740448,1.0
all,0.0700,wor-uniform,233,0.031572043895721436,1.0
all,0.0700,wor-active,234,0.027867302298545837,1.0
all,0.0700,wor-uniform,234,0.030809655785560608,1.0
all,0.0700,wor-active,235,0.029325485229492188,1.0
all,0.0700,wor-uniform,235,0.033123910427093506,1.0
all,0.0700,wor-active,236,0.03135831654071808,1.0
all,0.0700,wor-uniform,236,0.033643320202827454,1.0
all,0.0700,wor-active,237,0.03048299252986908,1.0
all,0.0700,wor-uniform,237,0.03193370997905731,1.0
all,0.0700,wor-active,238,0.02815699577331543,1.0
all,0.0700,wor-uniform,238,0.032761335372924805,1.0
all,0.0700,wor-active,239,0.02987658977508545,1.0
all,0.0700,wor-uniform,239,0.03184235095977783,1.0
all,0.0700,wor-active,240,0.030829310417175293,1.0
all,0.0700,wor-uniform,240,0.031215563416481018,1.0
all,0.0700,wor-active,241,0.029489755630493164,1.0
all,0.0700,wor-uniform,241,0.03397949039936066,1.0
all,0.0700,wor-active,242,0.02875310182571411,1.0
all,0.0700,wor-uniform,242,0.03374052047729492,1.0
all,0.0700,wor-active,243,0.029716849327087402,1.0
all,0.0700,wor-uniform,243,0.03272068500518799,1.0
all,0.0700,wor-active,244,0.02943819761276245,1.0
all,0.0700,wor-uniform,244,0.03202599287033081,1.0
all,0.0700,wor-active,245,0.030099153518676758,1.0
all,0.0700,wor-uniform,245,0.03280113637447357,1.0
all,0.0700,wor-active,246,0.030253753066062927,1.0
all,0.0700,wor-uniform,246,0.03330492973327637,1.0
all,0.0700,wor-active,247,0.02929989993572235,1.0
all,0.0700,wor-uniform,247,0.03323352336883545,1.0
all,0.0700,wor-active,248,0.027045831084251404,1.0
all,0.0700,wor-uniform,248,0.03174401819705963,1.0
all,0.0700,wor-active,249,0.0293552428483963,1.0
all,0.0700,wor-uniform,249,0.03335076570510864,1.0
all,0.0700,wor-active,250,0.030277252197265625,1.0
all,0.0700,wor-uniform,250,0.034431517124176025,0.0
all,0.0700,wor-active,251,0.025726914405822754,1.0
all,0.0700,wor-uniform,251,0.03300672769546509,1.0
all,0.0700,wor-active,252,0.02727431058883667,1.0
all,0.0700,wor-uniform,252,0.03225910663604736,1.0
all,0.0700,wor-active,253,0.028893232345581055,1.0
all,0.0700,wor-uniform,253,0.03260678052902222,1.0
all,0.0700,wor-active,254,0.029695987701416016,1.0
all,0.0700,wor-uniform,254,0.03286367654800415,1.0
all,0.0700,wor-active,255,0.029493749141693115,1.0
all,0.0700,wor-uniform,255,0.032817378640174866,1.0
all,0.0700,wor-active,256,0.029060065746307373,1.0
all,0.0700,wor-uniform,256,0.03387768566608429,1.0
all,0.0700,wor-active,257,0.026754990220069885,1.0
all,0.0700,wor-uniform,257,0.03285980224609375,1.0
all,0.0700,wor-active,258,0.029370322823524475,1.0
all,0.0700,wor-uniform,258,0.03332585096359253,1.0
all,0.0700,wor-active,259,0.0286562442779541,1.0
all,0.0700,wor-uniform,259,0.03320127725601196,1.0
all,0.0700,wor-active,260,0.0302126407623291,1.0
all,0.0700,wor-uniform,260,0.03347206115722656,1.0
all,0.0700,wor-active,261,0.029000520706176758,0.0
all,0.0700,wor-uniform,261,0.03134500980377197,1.0
all,0.0700,wor-active,262,0.027511775493621826,1.0
all,0.0700,wor-uniform,262,0.03208035230636597,1.0
all,0.0700,wor-active,263,0.026451513171195984,1.0
all,0.0700,wor-uniform,263,0.031813621520996094,1.0
all,0.0700,wor-active,264,0.03040987253189087,1.0
all,0.0700,wor-uniform,264,0.031142234802246094,1.0
all,0.0700,wor-active,265,0.029495656490325928,1.0
all,0.0700,wor-uniform,265,0.03319637477397919,1.0
all,0.0700,wor-active,266,0.027437925338745117,1.0
all,0.0700,wor-uniform,266,0.03248000144958496,1.0
all,0.0700,wor-active,267,0.028025150299072266,1.0
all,0.0700,wor-uniform,267,0.03043574094772339,1.0
all,0.0700,wor-active,268,0.0285598486661911,1.0
all,0.0700,wor-uniform,268,0.03228895366191864,1.0
all,0.0700,wor-active,269,0.031249523162841797,1.0
all,0.0700,wor-uniform,269,0.030325353145599365,1.0
all,0.0700,wor-active,270,0.025656461715698242,1.0
all,0.0700,wor-uniform,270,0.03142194449901581,1.0
all,0.0700,wor-active,271,0.02859501540660858,1.0
all,0.0700,wor-uniform,271,0.032210007309913635,1.0
all,0.0700,wor-active,272,0.028887510299682617,1.0
all,0.0700,wor-uniform,272,0.032244861125946045,1.0
all,0.0700,wor-active,273,0.029021024703979492,1.0
all,0.0700,wor-uniform,273,0.0323408842086792,1.0
all,0.0700,wor-active,274,0.028836622834205627,1.0
all,0.0700,wor-uniform,274,0.03230726718902588,1.0
all,0.0700,wor-active,275,0.02941197156906128,1.0
all,0.0700,wor-uniform,275,0.03264246881008148,1.0
all,0.0700,wor-active,276,0.029088616371154785,1.0
all,0.0700,wor-uniform,276,0.032772064208984375,1.0
all,0.0700,wor-active,277,0.03061312437057495,1.0
all,0.0700,wor-uniform,277,0.03193020820617676,1.0
all,0.0700,wor-active,278,0.027951881289482117,1.0
all,0.0700,wor-uniform,278,0.02988782525062561,1.0
all,0.0700,wor-active,279,0.02777034044265747,1.0
all,0.0700,wor-uniform,279,0.03272576630115509,1.0
all,0.0700,wor-active,280,0.028981566429138184,1.0
all,0.0700,wor-uniform,280,0.033090755343437195,1.0
all,0.0700,wor-active,281,0.028261885046958923,1.0
all,0.0700,wor-uniform,281,0.031058713793754578,1.0
all,0.0700,wor-active,282,0.027706503868103027,1.0
all,0.0700,wor-uniform,282,0.0329141765832901,1.0
all,0.0700,wor-active,283,0.027166351675987244,1.0
all,0.0700,wor-uniform,283,0.03262275457382202,1.0
all,0.0700,wor-active,284,0.030875787138938904,1.0
all,0.0700,wor-uniform,284,0.031209170818328857,0.0
all,0.0700,wor-active,285,0.03081946074962616,1.0
all,0.0700,wor-uniform,285,0.03240305185317993,1.0
all,0.0700,wor-active,286,0.024591535329818726,1.0
all,0.0700,wor-uniform,286,0.03288388252258301,1.0
all,0.0700,wor-active,287,0.026791825890541077,1.0
all,0.0700,wor-uniform,287,0.03177285194396973,1.0
all,0.0700,wor-active,288,0.028161585330963135,1.0
all,0.0700,wor-uniform,288,0.03302793204784393,1.0
all,0.0700,wor-active,289,0.026950836181640625,1.0
all,0.0700,wor-uniform,289,0.03282904624938965,0.0
all,0.0700,wor-active,290,0.028148174285888672,1.0
all,0.0700,wor-uniform,290,0.03169846534729004,1.0
all,0.0700,wor-active,291,0.030506089329719543,1.0
all,0.0700,wor-uniform,291,0.03168366849422455,1.0
all,0.0700,wor-active,292,0.02778397500514984,1.0
all,0.0700,wor-uniform,292,0.03317093849182129,1.0
all,0.0700,wor-active,293,0.028096243739128113,1.0
all,0.0700,wor-uniform,293,0.03288029134273529,1.0
all,0.0700,wor-active,294,0.027225717902183533,1.0
all,0.0700,wor-uniform,294,0.032869577407836914,1.0
all,0.0700,wor-active,295,0.03083758056163788,1.0
all,0.0700,wor-uniform,295,0.034629762172698975,1.0
all,0.0700,wor-active,296,0.029962241649627686,1.0
all,0.0700,wor-uniform,296,0.03270268440246582,1.0
all,0.0700,wor-active,297,0.028121113777160645,1.0
all,0.0700,wor-uniform,297,0.033361926674842834,1.0
all,0.0700,wor-active,298,0.02736590802669525,1.0
all,0.0700,wor-uniform,298,0.031973108649253845,1.0
all,0.0700,wor-active,299,0.029235422611236572,1.0
all,0.0700,wor-uniform,299,0.0313146710395813,1.0
all,0.0700,wor-active,300,0.029122039675712585,1.0
all,0.0700,wor-uniform,300,0.03289686143398285,1.0
all,0.0700,wor-active,301,0.02732628583908081,1.0
all,0.0700,wor-uniform,301,0.03275120258331299,1.0
all,0.0700,wor-active,302,0.02777460217475891,1.0
all,0.0700,wor-uniform,302,0.03504811227321625,1.0
all,0.0700,wor-active,303,0.028383970260620117,1.0
all,0.0700,wor-uniform,303,0.03253805637359619,1.0
all,0.0700,wor-active,304,0.028551101684570312,1.0
all,0.0700,wor-uniform,304,0.03232280910015106,1.0
all,0.0700,wor-active,305,0.03051622211933136,1.0
all,0.0700,wor-uniform,305,0.031670570373535156,1.0
all,0.0700,wor-active,306,0.0296669602394104,1.0
all,0.0700,wor-uniform,306,0.03487133979797363,1.0
all,0.0700,wor-active,307,0.030951261520385742,1.0
all,0.0700,wor-uniform,307,0.03374201059341431,1.0
all,0.0700,wor-active,308,0.029747560620307922,1.0
all,0.0700,wor-uniform,308,0.032679080963134766,1.0
all,0.0700,wor-active,309,0.030369460582733154,1.0
all,0.0700,wor-uniform,309,0.031118333339691162,1.0
all,0.0700,wor-active,310,0.027019023895263672,1.0
all,0.0700,wor-uniform,310,0.031134769320487976,1.0
all,0.0700,wor-active,311,0.02777653932571411,1.0
all,0.0700,wor-uniform,311,0.03296846151351929,1.0
all,0.0700,wor-active,312,0.03030604124069214,1.0
all,0.0700,wor-uniform,312,0.03152187168598175,1.0
all,0.0700,wor-active,313,0.028671085834503174,1.0
all,0.0700,wor-uniform,313,0.03279811143875122,1.0
all,0.0700,wor-active,314,0.02778804302215576,1.0
all,0.0700,wor-uniform,314,0.032830610871315,1.0
all,0.0700,wor-active,315,0.030013620853424072,1.0
all,0.0700,wor-uniform,315,0.03248858451843262,1.0
all,0.0700,wor-active,316,0.028899148106575012,1.0
all,0.0700,wor-uniform,316,0.03012119233608246,1.0
all,0.0700,wor-active,317,0.029097840189933777,1.0
all,0.0700,wor-uniform,317,0.031755685806274414,1.0
all,0.0700,wor-active,318,0.027596011757850647,1.0
all,0.0700,wor-uniform,318,0.033664822578430176,0.0
all,0.0700,wor-active,319,0.030142858624458313,1.0
all,0.0700,wor-uniform,319,0.032702624797821045,1.0
all,0.0700,wor-active,320,0.029561847448349,1.0
all,0.0700,wor-uniform,320,0.033228933811187744,1.0
all,0.0700,wor-active,321,0.03239327669143677,1.0
all,0.0700,wor-uniform,321,0.029721438884735107,0.0
all,0.0700,wor-active,322,0.027764350175857544,0.0
all,0.0700,wor-uniform,322,0.0335196852684021,1.0
all,0.0700,wor-active,323,0.030923128128051758,1.0
all,0.0700,wor-uniform,323,0.032642289996147156,1.0
all,0.0700,wor-active,324,0.028482899069786072,1.0
all,0.0700,wor-uniform,324,0.029643192887306213,0.0
all,0.0700,wor-active,325,0.029618144035339355,1.0
all,0.0700,wor-uniform,325,0.03435385227203369,1.0
all,0.0700,wor-active,326,0.030627429485321045,1.0
all,0.0700,wor-uniform,326,0.033288538455963135,0.0
all,0.0700,wor-active,327,0.0280144065618515,1.0
all,0.0700,wor-uniform,327,0.030113354325294495,1.0
all,0.0700,wor-active,328,0.027338698506355286,1.0
all,0.0700,wor-uniform,328,0.03274250030517578,1.0
all,0.0700,wor-active,329,0.028440475463867188,1.0
all,0.0700,wor-uniform,329,0.030765235424041748,1.0
all,0.0700,wor-active,330,0.028991401195526123,1.0
all,0.0700,wor-uniform,330,0.03242230415344238,1.0
all,0.0700,wor-active,331,0.027394413948059082,1.0
all,0.0700,wor-uniform,331,0.03278917074203491,1.0
all,0.0700,wor-active,332,0.030774474143981934,1.0
all,0.0700,wor-uniform,332,0.030695095658302307,1.0
all,0.0800,wor-active,0,0.02762126922607422,1.0
all,0.0800,wor-uniform,0,0.03000253438949585,1.0
all,0.0800,wor-active,1,0.02561289072036743,1.0
all,0.0800,wor-uniform,1,0.030293822288513184,1.0
all,0.0800,wor-active,2,0.02668289840221405,1.0
all,0.0800,wor-uniform,2,0.03004366159439087,1.0
all,0.0800,wor-active,3,0.025169849395751953,1.0
all,0.0800,wor-uniform,3,0.03016573190689087,1.0
all,0.0800,wor-active,4,0.027795255184173584,1.0
all,0.0800,wor-uniform,4,0.030476808547973633,1.0
all,0.0800,wor-active,5,0.025300979614257812,1.0
all,0.0800,wor-uniform,5,0.030918657779693604,1.0
all,0.0800,wor-active,6,0.026861369609832764,1.0
all,0.0800,wor-uniform,6,0.029645323753356934,1.0
all,0.0800,wor-active,7,0.02858823537826538,1.0
all,0.0800,wor-uniform,7,0.029857799410820007,1.0
all,0.0800,wor-active,8,0.02906590700149536,1.0
all,0.0800,wor-uniform,8,0.029280483722686768,1.0
all,0.0800,wor-active,9,0.02707618474960327,1.0
all,0.0800,wor-uniform,9,0.029484331607818604,1.0
all,0.0800,wor-active,10,0.025934919714927673,1.0
all,0.0800,wor-uniform,10,0.027160733938217163,0.0
all,0.0800,wor-active,11,0.0278293639421463,1.0
all,0.0800,wor-uniform,11,0.03002750873565674,1.0
all,0.0800,wor-active,12,0.028435245156288147,1.0
all,0.0800,wor-uniform,12,0.030414581298828125,1.0
all,0.0800,wor-active,13,0.0267532616853714,1.0
all,0.0800,wor-uniform,13,0.03204226493835449,1.0
all,0.0800,wor-active,14,0.026072561740875244,1.0
all,0.0800,wor-uniform,14,0.029021859169006348,1.0
all,0.0800,wor-active,15,0.02759474515914917,1.0
all,0.0800,wor-uniform,15,0.029601112008094788,1.0
all,0.0800,wor-active,16,0.02556765079498291,1.0
all,0.0800,wor-uniform,16,0.02958160638809204,1.0
all,0.0800,wor-active,17,0.02659638226032257,1.0
all,0.0800,wor-uniform,17,0.030985236167907715,1.0
all,0.0800,wor-active,18,0.026483774185180664,1.0
all,0.0800,wor-uniform,18,0.030442610383033752,1.0
all,0.0800,wor-active,19,0.02858428657054901,1.0
all,0.0800,wor-uniform,19,0.029032394289970398,1.0
all,0.0800,wor-active,20,0.026358529925346375,0.0
all,0.0800,wor-uniform,20,0.031349778175354004,0.0
all,0.0800,wor-active,21,0.03053385019302368,0.0
all,0.0800,wor-uniform,21,0.030829384922981262,1.0
all,0.0800,wor-active,22,0.028564155101776123,0.0
all,0.0800,wor-uniform,22,0.031084060668945312,1.0
all,0.0800,wor-active,23,0.02564789354801178,1.0
all,0.0800,wor-uniform,23,0.029872551560401917,1.0
all,0.0800,wor-active,24,0.02544879913330078,1.0
all,0.0800,wor-uniform,24,0.03050696849822998,1.0
all,0.0800,wor-active,25,0.02880777418613434,1.0
all,0.0800,wor-uniform,25,0.030573800206184387,1.0
all,0.0800,wor-active,26,0.026628538966178894,1.0
all,0.0800,wor-uniform,26,0.02947676181793213,1.0
all,0.0800,wor-active,27,0.028093397617340088,1.0
all,0.0800,wor-uniform,27,0.029927492141723633,1.0
all,0.0800,wor-active,28,0.026743903756141663,1.0
all,0.0800,wor-uniform,28,0.03175385296344757,1.0
all,0.0800,wor-active,29,0.026833832263946533,1.0
all,0.0800,wor-uniform,29,0.031555771827697754,1.0
all,0.0800,wor-active,30,0.02860170602798462,1.0
all,0.0800,wor-uniform,30,0.0310971736907959,1.0
all,0.0800,wor-active,31,0.024881482124328613,1.0
all,0.0800,wor-uniform,31,0.030345439910888672,1.0
all,0.0800,wor-active,32,0.027480021119117737,1.0
all,0.0800,wor-uniform,32,0.028852567076683044,1.0
all,0.0800,wor-active,33,0.026170730590820312,1.0
all,0.0800,wor-uniform,33,0.03078882396221161,1.0
all,0.0800,wor-active,34,0.026441335678100586,1.0
all,0.0800,wor-uniform,34,0.030307888984680176,1.0
all,0.0800,wor-active,35,0.02674706280231476,1.0
all,0.0800,wor-uniform,35,0.03005903959274292,1.0
all,0.0800,wor-active,36,0.028657615184783936,1.0
all,0.0800,wor-uniform,36,0.030181899666786194,1.0
all,0.0800,wor-active,37,0.025441765785217285,1.0
all,0.0800,wor-uniform,37,0.030859768390655518,1.0
all,0.0800,wor-active,38,0.026986539363861084,1.0
all,0.0800,wor-uniform,38,0.030375897884368896,1.0
all,0.0800,wor-active,39,0.028293892741203308,1.0
all,0.0800,wor-uniform,39,0.03023064136505127,1.0
all,0.0800,wor-active,40,0.028016433119773865,1.0
all,0.0800,wor-uniform,40,0.029310598969459534,1.0
all,0.0800,wor-active,41,0.026890695095062256,1.0
all,0.0800,wor-uniform,41,0.02983325719833374,1.0
all,0.0800,wor-active,42,0.02929621934890747,1.0
all,0.0800,wor-uniform,42,0.03029365837574005,1.0
all,0.0800,wor-active,43,0.026282787322998047,1.0
all,0.0800,wor-uniform,43,0.030331909656524658,1.0
all,0.0800,wor-active,44,0.029759690165519714,1.0
all,0.0800,wor-uniform,44,0.030683577060699463,1.0
all,0.0800,wor-active,45,0.023919522762298584,1.0
all,0.0800,wor-uniform,45,0.029745399951934814,1.0
all,0.0800,wor-active,46,0.026405349373817444,1.0
all,0.0800,wor-uniform,46,0.032798826694488525,1.0
all,0.0800,wor-active,47,0.027389705181121826,1.0
all,0.0800,wor-uniform,47,0.03270155191421509,1.0
all,0.0800,wor-active,48,0.02563275396823883,1.0
all,0.0800,wor-uniform,48,0.030376076698303223,1.0
all,0.0800,wor-active,49,0.027835607528686523,1.0
all,0.0800,wor-uniform,49,0.02921926975250244,1.0
all,0.0800,wor-active,50,0.024366825819015503,0.0
all,0.0800,wor-uniform,50,0.030500471591949463,1.0
all,0.0800,wor-active,51,0.0261620432138443,0.0
all,0.0800,wor-uniform,51,0.029683515429496765,1.0
all,0.0800,wor-active,52,0.02759130299091339,1.0
all,0.0800,wor-uniform,52,0.031142458319664,1.0
all,0.0800,wor-active,53,0.026424720883369446,1.0
all,0.0800,wor-uniform,53,0.030349314212799072,0.0
all,0.0800,wor-active,54,0.026433050632476807,1.0
all,0.0800,wor-uniform,54,0.030409500002861023,1.0
all,0.0800,wor-active,55,0.028131112456321716,1.0
all,0.0800,wor-uniform,55,0.029299095273017883,1.0
all,0.0800,wor-active,56,0.028399527072906494,1.0
all,0.0800,wor-uniform,56,0.030599400401115417,1.0
all,0.0800,wor-active,57,0.028798475861549377,1.0
all,0.0800,wor-uniform,57,0.03133481740951538,1.0
all,0.0800,wor-active,58,0.026921391487121582,1.0
all,0.0800,wor-uniform,58,0.02962614595890045,1.0
all,0.0800,wor-active,59,0.02556711435317993,1.0
all,0.0800,wor-uniform,59,0.029833301901817322,1.0
all,0.0800,wor-active,60,0.027108073234558105,1.0
all,0.0800,wor-uniform,60,0.029568254947662354,0.0
all,0.0800,wor-active,61,0.02670872211456299,1.0
all,0.0800,wor-uniform,61,0.03036445379257202,1.0
all,0.0800,wor-active,62,0.025288045406341553,1.0
all,0.0800,wor-uniform,62,0.02995842695236206,1.0
all,0.0800,wor-active,63,0.028539299964904785,1.0
all,0.0800,wor-uniform,63,0.028936609625816345,1.0
all,0.0800,wor-active,64,0.027109935879707336,1.0
all,0.0800,wor-uniform,64,0.03039073944091797,1.0
all,0.0800,wor-active,65,0.025287926197052002,1.0
all,0.0800,wor-uniform,65,0.03072267770767212,1.0
all,0.0800,wor-active,66,0.030270397663116455,1.0
all,0.0800,wor-uniform,66,0.02991621196269989,1.0
all,0.0800,wor-active,67,0.02693575620651245,1.0
all,0.0800,wor-uniform,67,0.03023374080657959,1.0
all,0.0800,wor-active,68,0.024061664938926697,1.0
all,0.0800,wor-uniform,68,0.029551759362220764,1.0
all,0.0800,wor-active,69,0.02727128565311432,1.0
all,0.0800,wor-uniform,69,0.031690001487731934,0.0
all,0.0800,wor-active,70,0.027705907821655273,1.0
all,0.0800,wor-uniform,70,0.031755924224853516,1.0
all,0.0800,wor-active,71,0.025768935680389404,1.0
all,0.0800,wor-uniform,71,0.030770421028137207,1.0
all,0.0800,wor-active,72,0.02815037965774536,1.0
all,0.0800,wor-uniform,72,0.029001817107200623,1.0
all,0.0800,wor-active,73,0.026231467723846436,1.0
all,0.0800,wor-uniform,73,0.031205594539642334,1.0
all,0.0800,wor-active,74,0.028622612357139587,1.0
all,0.0800,wor-uniform,74,0.029545769095420837,1.0
all,0.0800,wor-active,75,0.028213024139404297,1.0
all,0.0800,wor-uniform,75,0.03044082224369049,1.0
all,0.0800,wor-active,76,0.025970041751861572,1.0
all,0.0800,wor-uniform,76,0.030014216899871826,1.0
all,0.0800,wor-active,77,0.025720834732055664,1.0
all,0.0800,wor-uniform,77,0.029642343521118164,1.0
all,0.0800,wor-active,78,0.026589766144752502,1.0
all,0.0800,wor-uniform,78,0.030216872692108154,1.0
all,0.0800,wor-active,79,0.027618035674095154,1.0
all,0.0800,wor-uniform,79,0.031124234199523926,1.0
all,0.0800,wor-active,80,0.02839261293411255,1.0
all,0.0800,wor-uniform,80,0.029292285442352295,1.0
all,0.0800,wor-active,81,0.02547125518321991,1.0
all,0.0800,wor-uniform,81,0.03050142526626587,1.0
all,0.0800,wor-active,82,0.025069430470466614,1.0
all,0.0800,wor-uniform,82,0.032303258776664734,1.0
all,0.0800,wor-active,83,0.024858444929122925,1.0
all,0.0800,wor-uniform,83,0.030784964561462402,1.0
all,0.0800,wor-active,84,0.028447389602661133,1.0
all,0.0800,wor-uniform,84,0.030956745147705078,1.0
all,0.0800,wor-active,85,0.026137888431549072,1.0
all,0.0800,wor-uniform,85,0.02951037883758545,1.0
all,0.0800,wor-active,86,0.02778927981853485,1.0
all,0.0800,wor-uniform,86,0.02925574779510498,1.0
all,0.0800,wor-active,87,0.026310577988624573,1.0
all,0.0800,wor-uniform,87,0.031006500124931335,1.0
all,0.0800,wor-active,88,0.025258958339691162,1.0
all,0.0800,wor-uniform,88,0.03042122721672058,0.0
all,0.0800,wor-active,89,0.0265846848487854,1.0
all,0.0800,wor-uniform,89,0.03220666944980621,1.0
all,0.0800,wor-active,90,0.028787553310394287,1.0
all,0.0800,wor-uniform,90,0.029657304286956787,1.0
all,0.0800,wor-active,91,0.025475502014160156,1.0
all,0.0800,wor-uniform,91,0.03064991533756256,1.0
all,0.0800,wor-active,92,0.026987910270690918,1.0
all,0.0800,wor-uniform,92,0.028602123260498047,1.0
all,0.0800,wor-active,93,0.027851462364196777,1.0
all,0.0800,wor-uniform,93,0.031058773398399353,1.0
all,0.0800,wor-active,94,0.026954591274261475,1.0
all,0.0800,wor-uniform,94,0.031185626983642578,1.0
all,0.0800,wor-active,95,0.026454448699951172,1.0
all,0.0800,wor-uniform,95,0.029321253299713135,1.0
all,0.0800,wor-active,96,0.02646613121032715,1.0
all,0.0800,wor-uniform,96,0.030627071857452393,0.0
all,0.0800,wor-active,97,0.026046738028526306,1.0
all,0.0800,wor-uniform,97,0.030312657356262207,1.0
all,0.0800,wor-active,98,0.028580009937286377,1.0
all,0.0800,wor-uniform,98,0.03120298683643341,1.0
all,0.0800,wor-active,99,0.025442615151405334,1.0
all,0.0800,wor-uniform,99,0.03110671043395996,1.0
all,0.0800,wor-active,100,0.024275556206703186,1.0
all,0.0800,wor-uniform,100,0.02884039282798767,1.0
all,0.0800,wor-active,101,0.02756907045841217,1.0
all,0.0800,wor-uniform,101,0.031137943267822266,1.0
all,0.0800,wor-active,102,0.02983027696609497,1.0
all,0.0800,wor-uniform,102,0.030501708388328552,1.0
all,0.0800,wor-active,103,0.02763652801513672,1.0
all,0.0800,wor-uniform,103,0.03084254264831543,1.0
all,0.0800,wor-active,104,0.025099992752075195,0.0
all,0.0800,wor-uniform,104,0.03084181249141693,1.0
all,0.0800,wor-active,105,0.027226924896240234,1.0
all,0.0800,wor-uniform,105,0.029996037483215332,1.0
all,0.0800,wor-active,106,0.027430638670921326,1.0
all,0.0800,wor-uniform,106,0.031369104981422424,1.0
all,0.0800,wor-active,107,0.029211804270744324,1.0
all,0.0800,wor-uniform,107,0.03048044443130493,1.0
all,0.0800,wor-active,108,0.02945864200592041,1.0
all,0.0800,wor-uniform,108,0.030155763030052185,1.0
all,0.0800,wor-active,109,0.026468917727470398,1.0
all,0.0800,wor-uniform,109,0.02951270341873169,1.0
all,0.0800,wor-active,110,0.02663058042526245,1.0
all,0.0800,wor-uniform,110,0.029960691928863525,1.0
all,0.0800,wor-active,111,0.025173485279083252,1.0
all,0.0800,wor-uniform,111,0.030471131205558777,1.0
all,0.0800,wor-active,112,0.027934059500694275,1.0
all,0.0800,wor-uniform,112,0.031657278537750244,1.0
all,0.0800,wor-active,113,0.029614925384521484,0.0
all,0.0800,wor-uniform,113,0.030169859528541565,1.0
all,0.0800,wor-active,114,0.027796491980552673,1.0
all,0.0800,wor-uniform,114,0.02992279827594757,1.0
all,0.0800,wor-active,115,0.02543334662914276,1.0
all,0.0800,wor-uniform,115,0.030580386519432068,1.0
all,0.0800,wor-active,116,0.02554510533809662,1.0
all,0.0800,wor-uniform,116,0.03239154815673828,0.0
all,0.0800,wor-active,117,0.02639949321746826,1.0
all,0.0800,wor-uniform,117,0.030280232429504395,0.0
all,0.0800,wor-active,118,0.027534306049346924,1.0
all,0.0800,wor-uniform,118,0.03048992156982422,1.0
all,0.0800,wor-active,119,0.024568498134613037,0.0
all,0.0800,wor-uniform,119,0.028686270117759705,1.0
all,0.0800,wor-active,120,0.02562028169631958,1.0
all,0.0800,wor-uniform,120,0.029648780822753906,1.0
all,0.0800,wor-active,121,0.02659536898136139,1.0
all,0.0800,wor-uniform,121,0.029925182461738586,1.0
all,0.0800,wor-active,122,0.02999812364578247,1.0
all,0.0800,wor-uniform,122,0.030989229679107666,1.0
all,0.0800,wor-active,123,0.023246213793754578,0.0
all,0.0800,wor-uniform,123,0.030187249183654785,1.0
all,0.0800,wor-active,124,0.02779024839401245,1.0
all,0.0800,wor-uniform,124,0.030348598957061768,1.0
all,0.0800,wor-active,125,0.027507305145263672,1.0
all,0.0800,wor-uniform,125,0.029887497425079346,1.0
all,0.0800,wor-active,126,0.02582429349422455,1.0
all,0.0800,wor-uniform,126,0.030672147870063782,1.0
all,0.0800,wor-active,127,0.029395222663879395,1.0
all,0.0800,wor-uniform,127,0.030319571495056152,1.0
all,0.0800,wor-active,128,0.02613718807697296,1.0
all,0.0800,wor-uniform,128,0.030612528324127197,1.0
all,0.0800,wor-active,129,0.02727031707763672,1.0
all,0.0800,wor-uniform,129,0.0297534316778183,1.0
all,0.0800,wor-active,130,0.028154730796813965,0.0
all,0.0800,wor-uniform,130,0.02964717149734497,1.0
all,0.0800,wor-active,131,0.028061211109161377,1.0
all,0.0800,wor-uniform,131,0.03225858509540558,1.0
all,0.0800,wor-active,132,0.027756333351135254,1.0
all,0.0800,wor-uniform,132,0.03009241819381714,1.0
all,0.0800,wor-active,133,0.026043832302093506,1.0
all,0.0800,wor-uniform,133,0.029315367341041565,1.0
all,0.0800,wor-active,134,0.02833278477191925,1.0
all,0.0800,wor-uniform,134,0.028859078884124756,1.0
all,0.0800,wor-active,135,0.02747035026550293,1.0
all,0.0800,wor-uniform,135,0.029638588428497314,1.0
all,0.0800,wor-active,136,0.02500934898853302,1.0
all,0.0800,wor-uniform,136,0.031209051609039307,1.0
all,0.0800,wor-active,137,0.027917146682739258,1.0
all,0.0800,wor-uniform,137,0.031081318855285645,1.0
all,0.0800,wor-active,138,0.029090702533721924,1.0
all,0.0800,wor-uniform,138,0.03034341335296631,1.0
all,0.0800,wor-active,139,0.025165870785713196,1.0
all,0.0800,wor-uniform,139,0.03130549192428589,1.0
all,0.0800,wor-active,140,0.025444984436035156,1.0
all,0.0800,wor-uniform,140,0.028136372566223145,1.0
all,0.0800,wor-active,141,0.027872100472450256,1.0
all,0.0800,wor-uniform,141,0.02993851900100708,1.0
all,0.0800,wor-active,142,0.026511937379837036,0.0
all,0.0800,wor-uniform,142,0.028878390789031982,1.0
all,0.0800,wor-active,143,0.026185154914855957,1.0
all,0.0800,wor-uniform,143,0.029976755380630493,0.0
all,0.0800,wor-active,144,0.027350053191184998,1.0
all,0.0800,wor-uniform,144,0.03106696903705597,1.0
all,0.0800,wor-active,145,0.026838496327400208,1.0
all,0.0800,wor-uniform,145,0.03017568588256836,1.0
all,0.0800,wor-active,146,0.023279234766960144,0.0
all,0.0800,wor-uniform,146,0.028655171394348145,1.0
all,0.0800,wor-active,147,0.024475693702697754,1.0
all,0.0800,wor-uniform,147,0.03001035749912262,1.0
all,0.0800,wor-active,148,0.027023673057556152,1.0
all,0.0800,wor-uniform,148,0.029863953590393066,1.0
all,0.0800,wor-active,149,0.02975362539291382,0.0
all,0.0800,wor-uniform,149,0.03115367889404297,1.0
all,0.0800,wor-active,150,0.02648061513900757,1.0
all,0.0800,wor-uniform,150,0.03038656711578369,1.0
all,0.0800,wor-active,151,0.026782378554344177,1.0
all,0.0800,wor-uniform,151,0.02952660620212555,1.0
all,0.0800,wor-active,152,0.028438806533813477,1.0
all,0.0800,wor-uniform,152,0.02955259382724762,1.0
all,0.0800,wor-active,153,0.026629328727722168,1.0
all,0.0800,wor-uniform,153,0.02994173765182495,1.0
all,0.0800,wor-active,154,0.028598234057426453,1.0
all,0.0800,wor-uniform,154,0.030859649181365967,1.0
all,0.0800,wor-active,155,0.02746295928955078,1.0
all,0.0800,wor-uniform,155,0.02928924560546875,1.0
all,0.0800,wor-active,156,0.025264784693717957,1.0
all,0.0800,wor-uniform,156,0.029569268226623535,1.0
all,0.0800,wor-active,157,0.02708524465560913,1.0
all,0.0800,wor-uniform,157,0.02935318648815155,1.0
all,0.0800,wor-active,158,0.02640068531036377,1.0
all,0.0800,wor-uniform,158,0.031105399131774902,1.0
all,0.0800,wor-active,159,0.027680158615112305,1.0
all,0.0800,wor-uniform,159,0.029232680797576904,1.0
all,0.0800,wor-active,160,0.02521800994873047,1.0
all,0.0800,wor-uniform,160,0.03178739547729492,1.0
all,0.0800,wor-active,161,0.02513948082923889,1.0
all,0.0800,wor-uniform,161,0.02984541654586792,1.0
all,0.0800,wor-active,162,0.028778016567230225,1.0
all,0.0800,wor-uniform,162,0.030970513820648193,1.0
all,0.0800,wor-active,163,0.028014659881591797,1.0
all,0.0800,wor-uniform,163,0.030093595385551453,1.0
all,0.0800,wor-active,164,0.02732926607131958,1.0
all,0.0800,wor-uniform,164,0.02962803840637207,1.0
all,0.0800,wor-active,165,0.025762200355529785,1.0
all,0.0800,wor-uniform,165,0.0317801833152771,1.0
all,0.0800,wor-active,166,0.028012633323669434,1.0
all,0.0800,wor-uniform,166,0.03021782636642456,1.0
all,0.0800,wor-active,167,0.02684730291366577,1.0
all,0.0800,wor-uniform,167,0.03104272484779358,1.0
all,0.0800,wor-active,168,0.023406177759170532,1.0
all,0.0800,wor-uniform,168,0.03040027618408203,1.0
all,0.0800,wor-active,169,0.02704678475856781,1.0
all,0.0800,wor-uniform,169,0.030714809894561768,1.0
all,0.0800,wor-active,170,0.026499316096305847,1.0
all,0.0800,wor-uniform,170,0.02911621332168579,1.0
all,0.0800,wor-active,171,0.025148391723632812,1.0
all,0.0800,wor-uniform,171,0.029715359210968018,1.0
all,0.0800,wor-active,172,0.028232872486114502,1.0
all,0.0800,wor-uniform,172,0.02858424186706543,1.0
all,0.0800,wor-active,173,0.02874542772769928,1.0
all,0.0800,wor-uniform,173,0.0315435528755188,1.0
all,0.0800,wor-active,174,0.027005434036254883,1.0
all,0.0800,wor-uniform,174,0.029881060123443604,1.0
all,0.0800,wor-active,175,0.027602553367614746,1.0
all,0.0800,wor-uniform,175,0.03151202201843262,0.0
all,0.0800,wor-active,176,0.027327299118041992,1.0
all,0.0800,wor-uniform,176,0.03039795160293579,0.0
all,0.0800,wor-active,177,0.025324463844299316,1.0
all,0.0800,wor-uniform,177,0.030505433678627014,1.0
all,0.0800,wor-active,178,0.025291085243225098,1.0
all,0.0800,wor-uniform,178,0.03079603612422943,1.0
all,0.0800,wor-active,179,0.028625905513763428,1.0
all,0.0800,wor-uniform,179,0.028897523880004883,1.0
all,0.0800,wor-active,180,0.02675938606262207,1.0
all,0.0800,wor-uniform,180,0.030227527022361755,1.0
all,0.0800,wor-active,181,0.028891682624816895,1.0
all,0.0800,wor-uniform,181,0.02983415126800537,1.0
all,0.0800,wor-active,182,0.028606116771697998,1.0
all,0.0800,wor-uniform,182,0.029784440994262695,1.0
all,0.0800,wor-active,183,0.02713710069656372,1.0
all,0.0800,wor-uniform,183,0.03016318380832672,1.0
all,0.0800,wor-active,184,0.029497861862182617,1.0
all,0.0800,wor-uniform,184,0.031743407249450684,1.0
all,0.0800,wor-active,185,0.026453912258148193,1.0
all,0.0800,wor-uniform,185,0.030308976769447327,1.0
all,0.0800,wor-active,186,0.028480112552642822,1.0
all,0.0800,wor-uniform,186,0.03047841787338257,1.0
all,0.0800,wor-active,187,0.02553337812423706,1.0
all,0.0800,wor-uniform,187,0.028509914875030518,1.0
all,0.0800,wor-active,188,0.028377637267112732,1.0
all,0.0800,wor-uniform,188,0.030323192477226257,1.0
all,0.0800,wor-active,189,0.029247820377349854,0.0
all,0.0800,wor-uniform,189,0.029919207096099854,1.0
all,0.0800,wor-active,190,0.026055678725242615,1.0
all,0.0800,wor-uniform,190,0.030239582061767578,1.0
all,0.0800,wor-active,191,0.02751392126083374,1.0
all,0.0800,wor-uniform,191,0.029926598072052002,1.0
all,0.0800,wor-active,192,0.027717992663383484,1.0
all,0.0800,wor-uniform,192,0.03002101182937622,1.0
all,0.0800,wor-active,193,0.02821826934814453,0.0
all,0.0800,wor-uniform,193,0.029510289430618286,1.0
all,0.0800,wor-active,194,0.026537835597991943,1.0
all,0.0800,wor-uniform,194,0.029190480709075928,1.0
all,0.0800,wor-active,195,0.02766488492488861,1.0
all,0.0800,wor-uniform,195,0.030866146087646484,1.0
all,0.0800,wor-active,196,0.0248124897480011,0.0
all,0.0800,wor-uniform,196,0.02927035093307495,1.0
all,0.0800,wor-active,197,0.026811301708221436,1.0
all,0.0800,wor-uniform,197,0.03033106029033661,1.0
all,0.0800,wor-active,198,0.02948695421218872,1.0
all,0.0800,wor-uniform,198,0.030794620513916016,1.0
all,0.0800,wor-active,199,0.024842247366905212,1.0
all,0.0800,wor-uniform,199,0.029758766293525696,1.0
all,0.0800,wor-active,200,0.024737060070037842,1.0
all,0.0800,wor-uniform,200,0.029998481273651123,1.0
all,0.0800,wor-active,201,0.02966231107711792,1.0
all,0.0800,wor-uniform,201,0.03046804666519165,1.0
all,0.0800,wor-active,202,0.026267901062965393,1.0
all,0.0800,wor-uniform,202,0.030544757843017578,1.0
all,0.0800,wor-active,203,0.025580525398254395,1.0
all,0.0800,wor-uniform,203,0.03109586238861084,1.0
all,0.0800,wor-active,204,0.026561081409454346,1.0
all,0.0800,wor-uniform,204,0.030532479286193848,1.0
all,0.0800,wor-active,205,0.030585646629333496,1.0
all,0.0800,wor-uniform,205,0.030760154128074646,1.0
all,0.0800,wor-active,206,0.02725057303905487,1.0
all,0.0800,wor-uniform,206,0.028568968176841736,1.0
all,0.0800,wor-active,207,0.0273209810256958,1.0
all,0.0800,wor-uniform,207,0.029055356979370117,1.0
all,0.0800,wor-active,208,0.029001012444496155,1.0
all,0.0800,wor-uniform,208,0.031377196311950684,1.0
all,0.0800,wor-active,209,0.025502339005470276,1.0
all,0.0800,wor-uniform,209,0.03072911500930786,1.0
all,0.0800,wor-active,210,0.026450440287590027,1.0
all,0.0800,wor-uniform,210,0.02922825515270233,1.0
all,0.0800,wor-active,211,0.02514779567718506,1.0
all,0.0800,wor-uniform,211,0.03183211386203766,1.0
all,0.0800,wor-active,212,0.02498115599155426,1.0
all,0.0800,wor-uniform,212,0.028410643339157104,0.0
all,0.0800,wor-active,213,0.027193740010261536,1.0
all,0.0800,wor-uniform,213,0.031476497650146484,1.0
all,0.0800,wor-active,214,0.02443021535873413,0.0
all,0.0800,wor-uniform,214,0.030685007572174072,1.0
all,0.0800,wor-active,215,0.028296828269958496,1.0
all,0.0800,wor-uniform,215,0.030429542064666748,1.0
all,0.0800,wor-active,216,0.02954685688018799,1.0
all,0.0800,wor-uniform,216,0.0310775488615036,1.0
all,0.0800,wor-active,217,0.025640428066253662,1.0
all,0.0800,wor-uniform,217,0.03184233605861664,1.0
all,0.0800,wor-active,218,0.025435075163841248,0.0
all,0.0800,wor-uniform,218,0.029658019542694092,1.0
all,0.0800,wor-active,219,0.027146339416503906,1.0
all,0.0800,wor-uniform,219,0.0297585129737854,1.0
all,0.0800,wor-active,220,0.03003484010696411,0.0
all,0.0800,wor-uniform,220,0.02885545790195465,1.0
all,0.0800,wor-active,221,0.0275038480758667,1.0
all,0.0800,wor-uniform,221,0.030530914664268494,1.0
all,0.0800,wor-active,222,0.027720868587493896,1.0
all,0.0800,wor-uniform,222,0.03110527992248535,1.0
all,0.0800,wor-active,223,0.026459157466888428,1.0
all,0.0800,wor-uniform,223,0.030163109302520752,1.0
all,0.0800,wor-active,224,0.02401486039161682,0.0
all,0.0800,wor-uniform,224,0.029270991683006287,1.0
all,0.0800,wor-active,225,0.02620518207550049,1.0
all,0.0800,wor-uniform,225,0.02860158681869507,1.0
all,0.0800,wor-active,226,0.026844561100006104,1.0
all,0.0800,wor-uniform,226,0.030639052391052246,1.0
all,0.0800,wor-active,227,0.025771260261535645,1.0
all,0.0800,wor-uniform,227,0.029267966747283936,1.0
all,0.0800,wor-active,228,0.024989500641822815,1.0
all,0.0800,wor-uniform,228,0.030317842960357666,1.0
all,0.0800,wor-active,229,0.02880018949508667,1.0
all,0.0800,wor-uniform,229,0.02982465922832489,1.0
all,0.0800,wor-active,230,0.024892553687095642,1.0
all,0.0800,wor-uniform,230,0.029138028621673584,1.0
all,0.0800,wor-active,231,0.026380479335784912,1.0
all,0.0800,wor-uniform,231,0.031541287899017334,1.0
all,0.0800,wor-active,232,0.025902211666107178,1.0
all,0.0800,wor-uniform,232,0.030801117420196533,1.0
all,0.0800,wor-active,233,0.0258781760931015,1.0
all,0.0800,wor-uniform,233,0.030481427907943726,1.0
all,0.0800,wor-active,234,0.027555838227272034,1.0
all,0.0800,wor-uniform,234,0.03140854835510254,1.0
all,0.0800,wor-active,235,0.026977062225341797,1.0
all,0.0800,wor-uniform,235,0.02991539239883423,1.0
all,0.0800,wor-active,236,0.026686862111091614,1.0
all,0.0800,wor-uniform,236,0.03179311752319336,1.0
all,0.0800,wor-active,237,0.02722001075744629,1.0
all,0.0800,wor-uniform,237,0.02972632646560669,1.0
all,0.0800,wor-active,238,0.027615249156951904,1.0
all,0.0800,wor-uniform,238,0.02977137267589569,1.0
all,0.0800,wor-active,239,0.026197507977485657,1.0
all,0.0800,wor-uniform,239,0.03185953199863434,1.0
all,0.0800,wor-active,240,0.026191115379333496,1.0
all,0.0800,wor-uniform,240,0.029789641499519348,1.0
all,0.0800,wor-active,241,0.02689075469970703,1.0
all,0.0800,wor-uniform,241,0.029682278633117676,1.0
all,0.0800,wor-active,242,0.02430623769760132,1.0
all,0.0800,wor-uniform,242,0.028751343488693237,1.0
all,0.0800,wor-active,243,0.027162641286849976,1.0
all,0.0800,wor-uniform,243,0.031294822692871094,1.0
all,0.0800,wor-active,244,0.027527034282684326,1.0
all,0.0800,wor-uniform,244,0.030432745814323425,1.0
all,0.0800,wor-active,245,0.02615177631378174,1.0
all,0.0800,wor-uniform,245,0.030029714107513428,0.0
all,0.0800,wor-active,246,0.02782212197780609,1.0
all,0.0800,wor-uniform,246,0.03090512752532959,1.0
all,0.0800,wor-active,247,0.026432037353515625,1.0
all,0.0800,wor-uniform,247,0.03005056083202362,1.0
all,0.0800,wor-active,248,0.026022493839263916,1.0
all,0.0800,wor-uniform,248,0.029558241367340088,1.0
all,0.0800,wor-active,249,0.027329325675964355,1.0
all,0.0800,wor-uniform,249,0.030249297618865967,1.0
all,0.0800,wor-active,250,0.02778780460357666,1.0
all,0.0800,wor-uniform,250,0.02983170747756958,1.0
all,0.0800,wor-active,251,0.026840627193450928,1.0
all,0.0800,wor-uniform,251,0.03053171932697296,1.0
all,0.0800,wor-active,252,0.027473628520965576,1.0
all,0.0800,wor-uniform,252,0.029009580612182617,1.0
all,0.0800,wor-active,253,0.02689264714717865,1.0
all,0.0800,wor-uniform,253,0.030629470944404602,1.0
all,0.0800,wor-active,254,0.030629336833953857,1.0
all,0.0800,wor-uniform,254,0.029204070568084717,1.0
all,0.0800,wor-active,255,0.028745651245117188,0.0
all,0.0800,wor-uniform,255,0.03053104877471924,1.0
all,0.0800,wor-active,256,0.02836155891418457,1.0
all,0.0800,wor-uniform,256,0.02952893078327179,0.0
all,0.0800,wor-active,257,0.026613295078277588,1.0
all,0.0800,wor-uniform,257,0.029786288738250732,1.0
all,0.0800,wor-active,258,0.027528703212738037,1.0
all,0.0800,wor-uniform,258,0.02966439723968506,1.0
all,0.0800,wor-active,259,0.025330066680908203,1.0
all,0.0800,wor-uniform,259,0.031163766980171204,1.0
all,0.0800,wor-active,260,0.029878973960876465,1.0
all,0.0800,wor-uniform,260,0.03028528392314911,1.0
all,0.0800,wor-active,261,0.02528373897075653,1.0
all,0.0800,wor-uniform,261,0.031517013907432556,1.0
all,0.0800,wor-active,262,0.02459956705570221,1.0
all,0.0800,wor-uniform,262,0.02938424050807953,1.0
all,0.0800,wor-active,263,0.026747465133666992,1.0
all,0.0800,wor-uniform,263,0.029530465602874756,1.0
all,0.0800,wor-active,264,0.02885816991329193,1.0
all,0.0800,wor-uniform,264,0.028277277946472168,1.0
all,0.0800,wor-active,265,0.02802586555480957,1.0
all,0.0800,wor-uniform,265,0.03206992149353027,1.0
all,0.0800,wor-active,266,0.027917861938476562,1.0
all,0.0800,wor-uniform,266,0.031304240226745605,1.0
all,0.0800,wor-active,267,0.028374984860420227,1.0
all,0.0800,wor-uniform,267,0.02976745367050171,1.0
all,0.0800,wor-active,268,0.026577770709991455,1.0
all,0.0800,wor-uniform,268,0.029118359088897705,1.0
all,0.0800,wor-active,269,0.028780177235603333,1.0
all,0.0800,wor-uniform,269,0.029502227902412415,1.0
all,0.0800,wor-active,270,0.028573215007781982,1.0
all,0.0800,wor-uniform,270,0.028996959328651428,1.0
all,0.0800,wor-active,271,0.026251614093780518,1.0
all,0.0800,wor-uniform,271,0.029488086700439453,1.0
all,0.0800,wor-active,272,0.026315554976463318,1.0
all,0.0800,wor-uniform,272,0.02952057123184204,1.0
all,0.0800,wor-active,273,0.027215778827667236,1.0
all,0.0800,wor-uniform,273,0.03080850839614868,1.0
all,0.0800,wor-active,274,0.02674974501132965,1.0
all,0.0800,wor-uniform,274,0.02941995859146118,1.0
all,0.0800,wor-active,275,0.028480425477027893,1.0
all,0.0800,wor-uniform,275,0.03125959634780884,1.0
all,0.0800,wor-active,276,0.025864139199256897,1.0
all,0.0800,wor-uniform,276,0.028933167457580566,1.0
all,0.0800,wor-active,277,0.026518747210502625,1.0
all,0.0800,wor-uniform,277,0.029311001300811768,1.0
all,0.0800,wor-active,278,0.029330909252166748,1.0
all,0.0800,wor-uniform,278,0.02954578399658203,1.0
all,0.0800,wor-active,279,0.025863826274871826,1.0
all,0.0800,wor-uniform,279,0.02963840961456299,1.0
all,0.0800,wor-active,280,0.02639991044998169,1.0
all,0.0800,wor-uniform,280,0.030497610569000244,1.0
all,0.0800,wor-active,281,0.02716219425201416,1.0
all,0.0800,wor-uniform,281,0.029787003993988037,1.0
all,0.0800,wor-active,282,0.027633249759674072,1.0
all,0.0800,wor-uniform,282,0.03136996924877167,1.0
all,0.0800,wor-active,283,0.027491867542266846,1.0
all,0.0800,wor-uniform,283,0.03205901384353638,1.0
all,0.0800,wor-active,284,0.025288745760917664,1.0
all,0.0800,wor-uniform,284,0.03153097629547119,1.0
all,0.0800,wor-active,285,0.02592921257019043,1.0
all,0.0800,wor-uniform,285,0.030129313468933105,1.0
all,0.0800,wor-active,286,0.028567194938659668,1.0
all,0.0800,wor-uniform,286,0.03015996515750885,1.0
all,0.0800,wor-active,287,0.025592908263206482,1.0
all,0.0800,wor-uniform,287,0.028785884380340576,1.0
all,0.0800,wor-active,288,0.02652941644191742,1.0
all,0.0800,wor-uniform,288,0.030344069004058838,1.0
all,0.0800,wor-active,289,0.028416991233825684,1.0
all,0.0800,wor-uniform,289,0.02941061556339264,1.0
all,0.0800,wor-active,290,0.02474421262741089,1.0
all,0.0800,wor-uniform,290,0.031110063195228577,1.0
all,0.0800,wor-active,291,0.026919737458229065,1.0
all,0.0800,wor-uniform,291,0.031381383538246155,1.0
all,0.0800,wor-active,292,0.027318477630615234,1.0
all,0.0800,wor-uniform,292,0.03071725368499756,1.0
all,0.0800,wor-active,293,0.028241753578186035,1.0
all,0.0800,wor-uniform,293,0.03056466579437256,1.0
all,0.0800,wor-active,294,0.02614361047744751,1.0
all,0.0800,wor-uniform,294,0.02858036756515503,1.0
all,0.0800,wor-active,295,0.027405917644500732,1.0
all,0.0800,wor-uniform,295,0.03029775619506836,1.0
all,0.0800,wor-active,296,0.029142796993255615,1.0
all,0.0800,wor-uniform,296,0.02850937843322754,1.0
all,0.0800,wor-active,297,0.026795566082000732,1.0
all,0.0800,wor-uniform,297,0.02992589771747589,1.0
all,0.0800,wor-active,298,0.026394739747047424,1.0
all,0.0800,wor-uniform,298,0.029934898018836975,1.0
all,0.0800,wor-active,299,0.024767637252807617,1.0
all,0.0800,wor-uniform,299,0.030753642320632935,1.0
all,0.0800,wor-active,300,0.02887064218521118,0.0
all,0.0800,wor-uniform,300,0.030397117137908936,1.0
all,0.0800,wor-active,301,0.025905847549438477,1.0
all,0.0800,wor-uniform,301,0.02941364049911499,1.0
all,0.0800,wor-active,302,0.027473807334899902,1.0
all,0.0800,wor-uniform,302,0.03157830238342285,1.0
all,0.0800,wor-active,303,0.0298231840133667,1.0
all,0.0800,wor-uniform,303,0.031040847301483154,1.0
all,0.0800,wor-active,304,0.02642802894115448,1.0
all,0.0800,wor-uniform,304,0.029193520545959473,1.0
all,0.0800,wor-active,305,0.029630839824676514,1.0
all,0.0800,wor-uniform,305,0.028940200805664062,1.0
all,0.0800,wor-active,306,0.025194033980369568,1.0
all,0.0800,wor-uniform,306,0.02931874990463257,1.0
all,0.0800,wor-active,307,0.025437593460083008,0.0
all,0.0800,wor-uniform,307,0.02860325574874878,0.0
all,0.0800,wor-active,308,0.025593653321266174,1.0
all,0.0800,wor-uniform,308,0.028925970196723938,0.0
all,0.0800,wor-active,309,0.026880577206611633,1.0
all,0.0800,wor-uniform,309,0.030170321464538574,1.0
all,0.0800,wor-active,310,0.027669131755828857,1.0
all,0.0800,wor-uniform,310,0.03026355803012848,1.0
all,0.0800,wor-active,311,0.02807176113128662,1.0
all,0.0800,wor-uniform,311,0.029421865940093994,1.0
all,0.0800,wor-active,312,0.024810001254081726,1.0
all,0.0800,wor-uniform,312,0.030483484268188477,1.0
all,0.0800,wor-active,313,0.028348326683044434,1.0
all,0.0800,wor-uniform,313,0.03112637996673584,0.0
all,0.0800,wor-active,314,0.02685968577861786,1.0
all,0.0800,wor-uniform,314,0.030011579394340515,1.0
all,0.0800,wor-active,315,0.027082085609436035,1.0
all,0.0800,wor-uniform,315,0.0307590514421463,1.0
all,0.0800,wor-active,316,0.027843773365020752,1.0
all,0.0800,wor-uniform,316,0.030848965048789978,1.0
all,0.0800,wor-active,317,0.027848020195961,1.0
all,0.0800,wor-uniform,317,0.028938353061676025,1.0
all,0.0800,wor-active,318,0.02486330270767212,1.0
all,0.0800,wor-uniform,318,0.03022819757461548,1.0
all,0.0800,wor-active,319,0.026597842574119568,1.0
all,0.0800,wor-uniform,319,0.03009594976902008,1.0
all,0.0800,wor-active,320,0.026264026761054993,1.0
all,0.0800,wor-uniform,320,0.029884040355682373,0.0
all,0.0800,wor-active,321,0.02623516321182251,1.0
all,0.0800,wor-uniform,321,0.0291929692029953,1.0
all,0.0800,wor-active,322,0.02527940273284912,1.0
all,0.0800,wor-uniform,322,0.029828175902366638,1.0
all,0.0800,wor-active,323,0.02695566415786743,1.0
all,0.0800,wor-uniform,323,0.029753893613815308,1.0
all,0.0800,wor-active,324,0.025583520531654358,1.0
all,0.0800,wor-uniform,324,0.029117554426193237,1.0
all,0.0800,wor-active,325,0.02567441761493683,1.0
all,0.0800,wor-uniform,325,0.030794084072113037,1.0
all,0.0800,wor-active,326,0.026973962783813477,1.0
all,0.0800,wor-uniform,326,0.02998928725719452,1.0
all,0.0800,wor-active,327,0.025164976716041565,1.0
all,0.0800,wor-uniform,327,0.02875286340713501,1.0
all,0.0800,wor-active,328,0.02572542428970337,1.0
all,0.0800,wor-uniform,328,0.031136691570281982,1.0
all,0.0800,wor-active,329,0.026213347911834717,1.0
all,0.0800,wor-uniform,329,0.030850425362586975,1.0
all,0.0800,wor-active,330,0.027917012572288513,1.0
all,0.0800,wor-uniform,330,0.03114485740661621,1.0
all,0.0800,wor-active,331,0.028791308403015137,1.0
all,0.0800,wor-uniform,331,0.03009974956512451,1.0
all,0.0800,wor-active,332,0.028272926807403564,1.0
all,0.0800,wor-uniform,332,0.029224932193756104,1.0
all,0.0900,wor-active,0,0.029172003269195557,1.0
all,0.0900,wor-uniform,0,0.027503132820129395,1.0
all,0.0900,wor-active,1,0.023055776953697205,0.0
all,0.0900,wor-uniform,1,0.02915637195110321,1.0
all,0.0900,wor-active,2,0.024462208151817322,1.0
all,0.0900,wor-uniform,2,0.02899332344532013,1.0
all,0.0900,wor-active,3,0.023639917373657227,1.0
all,0.0900,wor-uniform,3,0.028767108917236328,1.0
all,0.0900,wor-active,4,0.02535337209701538,1.0
all,0.0900,wor-uniform,4,0.028806209564208984,1.0
all,0.0900,wor-active,5,0.024932444095611572,1.0
all,0.0900,wor-uniform,5,0.02762138843536377,1.0
all,0.0900,wor-active,6,0.02610202133655548,1.0
all,0.0900,wor-uniform,6,0.027255669236183167,1.0
all,0.0900,wor-active,7,0.024597778916358948,1.0
all,0.0900,wor-uniform,7,0.02724185585975647,0.0
all,0.0900,wor-active,8,0.025749027729034424,1.0
all,0.0900,wor-uniform,8,0.0291367769241333,1.0
all,0.0900,wor-active,9,0.026825368404388428,0.0
all,0.0900,wor-uniform,9,0.029352888464927673,1.0
all,0.0900,wor-active,10,0.022437557578086853,1.0
all,0.0900,wor-uniform,10,0.02909529209136963,1.0
all,0.0900,wor-active,11,0.026219725608825684,1.0
all,0.0900,wor-uniform,11,0.02946913242340088,1.0
all,0.0900,wor-active,12,0.02614198625087738,1.0
all,0.0900,wor-uniform,12,0.02862495183944702,1.0
all,0.0900,wor-active,13,0.026491105556488037,1.0
all,0.0900,wor-uniform,13,0.027653276920318604,1.0
all,0.0900,wor-active,14,0.0247039794921875,1.0
all,0.0900,wor-uniform,14,0.027942657470703125,1.0
all,0.0900,wor-active,15,0.027698099613189697,1.0
all,0.0900,wor-uniform,15,0.028667569160461426,1.0
all,0.0900,wor-active,16,0.02744227647781372,1.0
all,0.0900,wor-uniform,16,0.028489813208580017,1.0
all,0.0900,wor-active,17,0.022443607449531555,0.0
all,0.0900,wor-uniform,17,0.027670755982398987,1.0
all,0.0900,wor-active,18,0.024977847933769226,1.0
all,0.0900,wor-uniform,18,0.028842031955718994,1.0
all,0.0900,wor-active,19,0.025981545448303223,1.0
all,0.0900,wor-uniform,19,0.026750817894935608,1.0
all,0.0900,wor-active,20,0.023948803544044495,1.0
all,0.0900,wor-uniform,20,0.028856977820396423,1.0
all,0.0900,wor-active,21,0.02681964635848999,1.0
all,0.0900,wor-uniform,21,0.02925245463848114,1.0
all,0.0900,wor-active,22,0.027594566345214844,0.0
all,0.0900,wor-uniform,22,0.029127120971679688,1.0
all,0.0900,wor-active,23,0.023758351802825928,1.0
all,0.0900,wor-uniform,23,0.028391793370246887,1.0
all,0.0900,wor-active,24,0.026253297924995422,1.0
all,0.0900,wor-uniform,24,0.029626548290252686,0.0
all,0.0900,wor-active,25,0.023256123065948486,1.0
all,0.0900,wor-uniform,25,0.0280839204788208,1.0
all,0.0900,wor-active,26,0.02319204807281494,1.0
all,0.0900,wor-uniform,26,0.027482926845550537,1.0
all,0.0900,wor-active,27,0.025641247630119324,1.0
all,0.0900,wor-uniform,27,0.027848616242408752,1.0
all,0.0900,wor-active,28,0.02485327422618866,1.0
all,0.0900,wor-uniform,28,0.028605803847312927,1.0
all,0.0900,wor-active,29,0.025422990322113037,1.0
all,0.0900,wor-uniform,29,0.028058230876922607,1.0
all,0.0900,wor-active,30,0.025365710258483887,1.0
all,0.0900,wor-uniform,30,0.028937458992004395,1.0
all,0.0900,wor-active,31,0.024745702743530273,1.0
all,0.0900,wor-uniform,31,0.028488755226135254,1.0
all,0.0900,wor-active,32,0.026001811027526855,1.0
all,0.0900,wor-uniform,32,0.028875425457954407,1.0
all,0.0900,wor-active,33,0.025155797600746155,1.0
all,0.0900,wor-uniform,33,0.028413474559783936,1.0
all,0.0900,wor-active,34,0.024932444095611572,1.0
all,0.0900,wor-uniform,34,0.029187917709350586,1.0
all,0.0900,wor-active,35,0.025889873504638672,1.0
all,0.0900,wor-uniform,35,0.028440356254577637,1.0
all,0.0900,wor-active,36,0.02516573667526245,1.0
all,0.0900,wor-uniform,36,0.027635574340820312,1.0
all,0.0900,wor-active,37,0.025353431701660156,1.0
all,0.0900,wor-uniform,37,0.028476297855377197,1.0
all,0.0900,wor-active,38,0.024613484740257263,1.0
all,0.0900,wor-uniform,38,0.02903348207473755,1.0
all,0.0900,wor-active,39,0.02609384059906006,1.0
all,0.0900,wor-uniform,39,0.028016284108161926,1.0
all,0.0900,wor-active,40,0.02593863010406494,1.0
all,0.0900,wor-uniform,40,0.028042256832122803,1.0
all,0.0900,wor-active,41,0.02512960135936737,1.0
all,0.0900,wor-uniform,41,0.029711604118347168,0.0
all,0.0900,wor-active,42,0.02486640214920044,1.0
all,0.0900,wor-uniform,42,0.028004571795463562,1.0
all,0.0900,wor-active,43,0.025029256939888,1.0
all,0.0900,wor-uniform,43,0.02985680103302002,1.0
all,0.0900,wor-active,44,0.023814275860786438,1.0
all,0.0900,wor-uniform,44,0.029998600482940674,0.0
all,0.0900,wor-active,45,0.026773393154144287,1.0
all,0.0900,wor-uniform,45,0.029075145721435547,1.0
all,0.0900,wor-active,46,0.028312087059020996,1.0
all,0.0900,wor-uniform,46,0.028953850269317627,1.0
all,0.0900,wor-active,47,0.024095967411994934,1.0
all,0.0900,wor-uniform,47,0.028184711933135986,1.0
all,0.0900,wor-active,48,0.02583831548690796,1.0
all,0.0900,wor-uniform,48,0.028483331203460693,1.0
all,0.0900,wor-active,49,0.02490764856338501,1.0
all,0.0900,wor-uniform,49,0.027064085006713867,1.0
all,0.0900,wor-active,50,0.02416330575942993,1.0
all,0.0900,wor-uniform,50,0.027674853801727295,1.0
all,0.0900,wor-active,51,0.025145530700683594,1.0
all,0.0900,wor-uniform,51,0.02930295467376709,0.0
all,0.0900,wor-active,52,0.024377897381782532,1.0
all,0.0900,wor-uniform,52,0.028136014938354492,1.0
all,0.0900,wor-active,53,0.024324119091033936,1.0
all,0.0900,wor-uniform,53,0.030103638768196106,1.0
all,0.0900,wor-active,54,0.02421349287033081,1.0
all,0.0900,wor-uniform,54,0.028806686401367188,0.0
all,0.0900,wor-active,55,0.025893494486808777,1.0
all,0.0900,wor-uniform,55,0.027627363801002502,1.0
all,0.0900,wor-active,56,0.02458631992340088,1.0
all,0.0900,wor-uniform,56,0.02739979326725006,1.0
all,0.0900,wor-active,57,0.026658475399017334,1.0
all,0.0900,wor-uniform,57,0.02904127538204193,1.0
all,0.0900,wor-active,58,0.02539701759815216,1.0
all,0.0900,wor-uniform,58,0.028631150722503662,1.0
all,0.0900,wor-active,59,0.02562040090560913,1.0
all,0.0900,wor-uniform,59,0.02840946614742279,1.0
all,0.0900,wor-active,60,0.025960087776184082,1.0
all,0.0900,wor-uniform,60,0.030032992362976074,1.0
all,0.0900,wor-active,61,0.02625209093093872,1.0
all,0.0900,wor-uniform,61,0.029099225997924805,1.0
all,0.0900,wor-active,62,0.02492646872997284,1.0
all,0.0900,wor-uniform,62,0.029147446155548096,0.0
all,0.0900,wor-active,63,0.02602432668209076,1.0
all,0.0900,wor-uniform,63,0.0295182466506958,0.0
all,0.0900,wor-active,64,0.02619551122188568,1.0
all,0.0900,wor-uniform,64,0.028567254543304443,1.0
all,0.0900,wor-active,65,0.025950968265533447,1.0
all,0.0900,wor-uniform,65,0.027813777327537537,1.0
all,0.0900,wor-active,66,0.026641428470611572,1.0
all,0.0900,wor-uniform,66,0.03082031011581421,1.0
all,0.0900,wor-active,67,0.025186404585838318,1.0
all,0.0900,wor-uniform,67,0.027302563190460205,1.0
all,0.0900,wor-active,68,0.025183379650115967,1.0
all,0.0900,wor-uniform,68,0.028222978115081787,1.0
all,0.0900,wor-active,69,0.023381412029266357,1.0
all,0.0900,wor-uniform,69,0.02868114411830902,1.0
all,0.0900,wor-active,70,0.0258052796125412,1.0
all,0.0900,wor-uniform,70,0.028686463832855225,1.0
all,0.0900,wor-active,71,0.024207696318626404,1.0
all,0.0900,wor-uniform,71,0.02778691053390503,1.0
all,0.0900,wor-active,72,0.025888681411743164,1.0
all,0.0900,wor-uniform,72,0.028488799929618835,1.0
all,0.0900,wor-active,73,0.026731789112091064,1.0
all,0.0900,wor-uniform,73,0.02885335683822632,1.0
all,0.0900,wor-active,74,0.024171724915504456,1.0
all,0.0900,wor-uniform,74,0.02901192009449005,1.0
all,0.0900,wor-active,75,0.026433885097503662,1.0
all,0.0900,wor-uniform,75,0.028745219111442566,1.0
all,0.0900,wor-active,76,0.02597862482070923,1.0
all,0.0900,wor-uniform,76,0.028370380401611328,1.0
all,0.0900,wor-active,77,0.024645984172821045,1.0
all,0.0900,wor-uniform,77,0.028421401977539062,0.0
all,0.0900,wor-active,78,0.025423705577850342,1.0
all,0.0900,wor-uniform,78,0.028724893927574158,1.0
all,0.0900,wor-active,79,0.02398592233657837,1.0
all,0.0900,wor-uniform,79,0.028028711676597595,1.0
all,0.0900,wor-active,80,0.024435415863990784,1.0
all,0.0900,wor-uniform,80,0.02925240993499756,1.0
all,0.0900,wor-active,81,0.02621018886566162,1.0
all,0.0900,wor-uniform,81,0.027448400855064392,1.0
all,0.0900,wor-active,82,0.025400876998901367,1.0
all,0.0900,wor-uniform,82,0.029094219207763672,1.0
all,0.0900,wor-active,83,0.025885164737701416,1.0
all,0.0900,wor-uniform,83,0.028296157717704773,1.0
all,0.0900,wor-active,84,0.026207566261291504,1.0
all,0.0900,wor-uniform,84,0.02852235734462738,1.0
all,0.0900,wor-active,85,0.0263974666595459,1.0
all,0.0900,wor-uniform,85,0.027608633041381836,1.0
all,0.0900,wor-active,86,0.023959532380104065,0.0
all,0.0900,wor-uniform,86,0.0284731388092041,1.0
all,0.0900,wor-active,87,0.025436103343963623,1.0
all,0.0900,wor-uniform,87,0.028063416481018066,1.0
all,0.0900,wor-active,88,0.026000559329986572,1.0
all,0.0900,wor-uniform,88,0.028582647442817688,1.0
all,0.0900,wor-active,89,0.02605915069580078,1.0
all,0.0900,wor-uniform,89,0.02861480414867401,1.0
all,0.0900,wor-active,90,0.026821717619895935,1.0
all,0.0900,wor-uniform,90,0.027085214853286743,1.0
all,0.0900,wor-active,91,0.025003060698509216,1.0
all,0.0900,wor-uniform,91,0.02679334580898285,1.0
all,0.0900,wor-active,92,0.024878740310668945,0.0
all,0.0900,wor-uniform,92,0.028098464012145996,1.0
all,0.0900,wor-active,93,0.025250926613807678,1.0
all,0.0900,wor-uniform,93,0.02823902666568756,1.0
all,0.0900,wor-active,94,0.02507324516773224,1.0
all,0.0900,wor-uniform,94,0.02881215512752533,1.0
all,0.0900,wor-active,95,0.025060847401618958,1.0
all,0.0900,wor-uniform,95,0.02844858169555664,1.0
all,0.0900,wor-active,96,0.026985064148902893,1.0
all,0.0900,wor-uniform,96,0.027070656418800354,1.0
all,0.0900,wor-active,97,0.026161789894104004,1.0
all,0.0900,wor-uniform,97,0.028487086296081543,0.0
all,0.0900,wor-active,98,0.023451462388038635,1.0
all,0.0900,wor-uniform,98,0.029037296772003174,1.0
all,0.0900,wor-active,99,0.025649294257164,1.0
all,0.0900,wor-uniform,99,0.02816365659236908,1.0
all,0.0900,wor-active,100,0.026597902178764343,1.0
all,0.0900,wor-uniform,100,0.027326181530952454,1.0
all,0.0900,wor-active,101,0.0259220153093338,1.0
all,0.0900,wor-uniform,101,0.028163790702819824,0.0
all,0.0900,wor-active,102,0.024750635027885437,1.0
all,0.0900,wor-uniform,102,0.02947413921356201,1.0
all,0.0900,wor-active,103,0.026937127113342285,1.0
all,0.0900,wor-uniform,103,0.02890104055404663,1.0
all,0.0900,wor-active,104,0.02412433922290802,0.0
all,0.0900,wor-uniform,104,0.02737182378768921,1.0
all,0.0900,wor-active,105,0.02393317222595215,1.0
all,0.0900,wor-uniform,105,0.027444005012512207,1.0
all,0.0900,wor-active,106,0.023874029517173767,1.0
all,0.0900,wor-uniform,106,0.026481986045837402,0.0
all,0.0900,wor-active,107,0.027243494987487793,1.0
all,0.0900,wor-uniform,107,0.02791541814804077,1.0
all,0.0900,wor-active,108,0.02566748857498169,1.0
all,0.0900,wor-uniform,108,0.02853618562221527,1.0
all,0.0900,wor-active,109,0.022657200694084167,1.0
all,0.0900,wor-uniform,109,0.025998815894126892,1.0
all,0.0900,wor-active,110,0.026289522647857666,0.0
all,0.0900,wor-uniform,110,0.030218660831451416,1.0
all,0.0900,wor-active,111,0.02562868595123291,1.0
all,0.0900,wor-uniform,111,0.028109431266784668,1.0
all,0.0900,wor-active,112,0.02562856674194336,1.0
all,0.0900,wor-uniform,112,0.028423428535461426,1.0
all,0.0900,wor-active,113,0.025574326515197754,1.0
all,0.0900,wor-uniform,113,0.027154624462127686,1.0
all,0.0900,wor-active,114,0.026514768600463867,1.0
all,0.0900,wor-uniform,114,0.026593565940856934,0.0
all,0.0900,wor-active,115,0.02487294375896454,1.0
all,0.0900,wor-uniform,115,0.028475165367126465,1.0
all,0.0900,wor-active,116,0.028667330741882324,1.0
all,0.0900,wor-uniform,116,0.02862793207168579,1.0
all,0.0900,wor-active,117,0.024710670113563538,1.0
all,0.0900,wor-uniform,117,0.02780275046825409,1.0
all,0.0900,wor-active,118,0.025523245334625244,1.0
all,0.0900,wor-uniform,118,0.02893310785293579,1.0
all,0.0900,wor-active,119,0.026179030537605286,1.0
all,0.0900,wor-uniform,119,0.027564480900764465,1.0
all,0.0900,wor-active,120,0.025419294834136963,1.0
all,0.0900,wor-uniform,120,0.028753578662872314,1.0
all,0.0900,wor-active,121,0.022786438465118408,1.0
all,0.0900,wor-uniform,121,0.027081668376922607,1.0
all,0.0900,wor-active,122,0.027449488639831543,1.0
all,0.0900,wor-uniform,122,0.028150245547294617,1.0
all,0.0900,wor-active,123,0.025822699069976807,1.0
all,0.0900,wor-uniform,123,0.027788281440734863,1.0
all,0.0900,wor-active,124,0.026230573654174805,1.0
all,0.0900,wor-uniform,124,0.028576910495758057,1.0
all,0.0900,wor-active,125,0.025083065032958984,1.0
all,0.0900,wor-uniform,125,0.027928560972213745,0.0
all,0.0900,wor-active,126,0.026244625449180603,1.0
all,0.0900,wor-uniform,126,0.029110655188560486,1.0
all,0.0900,wor-active,127,0.023604318499565125,1.0
all,0.0900,wor-uniform,127,0.028618857264518738,1.0
all,0.0900,wor-active,128,0.02379395067691803,1.0
all,0.0900,wor-uniform,128,0.028091013431549072,1.0
all,0.0900,wor-active,129,0.025538921356201172,1.0
all,0.0900,wor-uniform,129,0.02831508219242096,1.0
all,0.0900,wor-active,130,0.025995254516601562,1.0
all,0.0900,wor-uniform,130,0.027483269572257996,1.0
all,0.0900,wor-active,131,0.024559199810028076,1.0
all,0.0900,wor-uniform,131,0.027814030647277832,1.0
all,0.0900,wor-active,132,0.02595876157283783,1.0
all,0.0900,wor-uniform,132,0.02904270589351654,1.0
all,0.0900,wor-active,133,0.025971338152885437,1.0
all,0.0900,wor-uniform,133,0.027708515524864197,1.0
all,0.0900,wor-active,134,0.025199174880981445,1.0
all,0.0900,wor-uniform,134,0.028002381324768066,1.0
all,0.0900,wor-active,135,0.02506887912750244,1.0
all,0.0900,wor-uniform,135,0.027664363384246826,1.0
all,0.0900,wor-active,136,0.025156080722808838,1.0
all,0.0900,wor-uniform,136,0.028327658772468567,1.0
all,0.0900,wor-active,137,0.02722829580307007,0.0
all,0.0900,wor-uniform,137,0.027148470282554626,1.0
all,0.0900,wor-active,138,0.025374948978424072,1.0
all,0.0900,wor-uniform,138,0.028307557106018066,1.0
all,0.0900,wor-active,139,0.026571467518806458,1.0
all,0.0900,wor-uniform,139,0.02860252559185028,1.0
all,0.0900,wor-active,140,0.02536560595035553,1.0
all,0.0900,wor-uniform,140,0.02905791997909546,1.0
all,0.0900,wor-active,141,0.024724125862121582,1.0
all,0.0900,wor-uniform,141,0.02797389030456543,1.0
all,0.0900,wor-active,142,0.02605961263179779,1.0
all,0.0900,wor-uniform,142,0.028682708740234375,1.0
all,0.0900,wor-active,143,0.02408421039581299,1.0
all,0.0900,wor-uniform,143,0.026685714721679688,0.0
all,0.0900,wor-active,144,0.02487342059612274,1.0
all,0.0900,wor-uniform,144,0.028956294059753418,1.0
all,0.0900,wor-active,145,0.02448427677154541,1.0
all,0.0900,wor-uniform,145,0.028904855251312256,1.0
all,0.0900,wor-active,146,0.024971187114715576,1.0
all,0.0900,wor-uniform,146,0.028246939182281494,1.0
all,0.0900,wor-active,147,0.024921461939811707,1.0
all,0.0900,wor-uniform,147,0.028723597526550293,1.0
all,0.0900,wor-active,148,0.028817951679229736,0.0
all,0.0900,wor-uniform,148,0.0276508629322052,0.0
all,0.0900,wor-active,149,0.023963704705238342,1.0
all,0.0900,wor-uniform,149,0.028018683195114136,1.0
all,0.0900,wor-active,150,0.024737000465393066,1.0
all,0.0900,wor-uniform,150,0.027653872966766357,1.0
all,0.0900,wor-active,151,0.025201305747032166,1.0
all,0.0900,wor-uniform,151,0.027334272861480713,1.0
all,0.0900,wor-active,152,0.026160895824432373,1.0
all,0.0900,wor-uniform,152,0.02854180335998535,1.0
all,0.0900,wor-active,153,0.024010956287384033,1.0
all,0.0900,wor-uniform,153,0.028316035866737366,1.0
all,0.0900,wor-active,154,0.024731144309043884,1.0
all,0.0900,wor-uniform,154,0.026953592896461487,1.0
all,0.0900,wor-active,155,0.02557063102722168,1.0
all,0.0900,wor-uniform,155,0.02874898910522461,1.0
all,0.0900,wor-active,156,0.02489370107650757,1.0
all,0.0900,wor-uniform,156,0.027584314346313477,1.0
all,0.0900,wor-active,157,0.02481091022491455,1.0
all,0.0900,wor-uniform,157,0.02860771119594574,1.0
all,0.0900,wor-active,158,0.024544939398765564,1.0
all,0.0900,wor-uniform,158,0.028950631618499756,1.0
all,0.0900,wor-active,159,0.024656176567077637,1.0
all,0.0900,wor-uniform,159,0.027215376496315002,1.0
all,0.0900,wor-active,160,0.025603219866752625,1.0
all,0.0900,wor-uniform,160,0.02734731137752533,1.0
all,0.0900,wor-active,161,0.024763867259025574,1.0
all,0.0900,wor-uniform,161,0.02962493896484375,1.0
all,0.0900,wor-active,162,0.02435600757598877,1.0
all,0.0900,wor-uniform,162,0.028218865394592285,1.0
all,0.0900,wor-active,163,0.025086164474487305,1.0
all,0.0900,wor-uniform,163,0.029794231057167053,1.0
all,0.0900,wor-active,164,0.02456289529800415,1.0
all,0.0900,wor-uniform,164,0.027748122811317444,1.0
all,0.0900,wor-active,165,0.02585470676422119,1.0
all,0.0900,wor-uniform,165,0.029334664344787598,1.0
all,0.0900,wor-active,166,0.0245245099067688,1.0
all,0.0900,wor-uniform,166,0.02816152572631836,1.0
all,0.0900,wor-active,167,0.024241745471954346,1.0
all,0.0900,wor-uniform,167,0.028867945075035095,1.0
all,0.0900,wor-active,168,0.02629530429840088,1.0
all,0.0900,wor-uniform,168,0.028553828597068787,1.0
all,0.0900,wor-active,169,0.02484804391860962,1.0
all,0.0900,wor-uniform,169,0.027992844581604004,1.0
all,0.0900,wor-active,170,0.02272072434425354,0.0
all,0.0900,wor-uniform,170,0.028816521167755127,1.0
all,0.0900,wor-active,171,0.025305569171905518,1.0
all,0.0900,wor-uniform,171,0.0287473201751709,1.0
all,0.0900,wor-active,172,0.022932857275009155,1.0
all,0.0900,wor-uniform,172,0.029571533203125,1.0
all,0.0900,wor-active,173,0.02441096305847168,1.0
all,0.0900,wor-uniform,173,0.028350219130516052,1.0
all,0.0900,wor-active,174,0.026204749941825867,1.0
all,0.0900,wor-uniform,174,0.027793005108833313,1.0
all,0.0900,wor-active,175,0.02458256483078003,1.0
all,0.0900,wor-uniform,175,0.029352426528930664,1.0
all,0.0900,wor-active,176,0.02458958327770233,0.0
all,0.0900,wor-uniform,176,0.02891381084918976,1.0
all,0.0900,wor-active,177,0.025446951389312744,1.0
all,0.0900,wor-uniform,177,0.027600303292274475,1.0
all,0.0900,wor-active,178,0.025630831718444824,1.0
all,0.0900,wor-uniform,178,0.027921617031097412,1.0
all,0.0900,wor-active,179,0.022811606526374817,1.0
all,0.0900,wor-uniform,179,0.02728217840194702,1.0
all,0.0900,wor-active,180,0.023999392986297607,1.0
all,0.0900,wor-uniform,180,0.027880236506462097,1.0
all,0.0900,wor-active,181,0.02713179588317871,1.0
all,0.0900,wor-uniform,181,0.027647733688354492,1.0
all,0.0900,wor-active,182,0.026477515697479248,1.0
all,0.0900,wor-uniform,182,0.028657495975494385,1.0
all,0.0900,wor-active,183,0.026447072625160217,1.0
all,0.0900,wor-uniform,183,0.029196396470069885,1.0
all,0.0900,wor-active,184,0.026401817798614502,1.0
all,0.0900,wor-uniform,184,0.0291927307844162,1.0
all,0.0900,wor-active,185,0.022276923060417175,0.0
all,0.0900,wor-uniform,185,0.02692006528377533,1.0
all,0.0900,wor-active,186,0.026365771889686584,1.0
all,0.0900,wor-uniform,186,0.02817000448703766,1.0
all,0.0900,wor-active,187,0.026457250118255615,1.0
all,0.0900,wor-uniform,187,0.027688071131706238,1.0
all,0.0900,wor-active,188,0.023970842361450195,1.0
all,0.0900,wor-uniform,188,0.029172658920288086,1.0
all,0.0900,wor-active,189,0.026342079043388367,1.0
all,0.0900,wor-uniform,189,0.02854757010936737,1.0
all,0.0900,wor-active,190,0.023620113730430603,1.0
all,0.0900,wor-uniform,190,0.028765499591827393,1.0
all,0.0900,wor-active,191,0.02566927671432495,1.0
all,0.0900,wor-uniform,191,0.029091298580169678,0.0
all,0.0900,wor-active,192,0.026744842529296875,1.0
all,0.0900,wor-uniform,192,0.028195559978485107,1.0
all,0.0900,wor-active,193,0.026092171669006348,1.0
all,0.0900,wor-uniform,193,0.02814573049545288,1.0
all,0.0900,wor-active,194,0.02515280246734619,1.0
all,0.0900,wor-uniform,194,0.028246507048606873,1.0
all,0.0900,wor-active,195,0.023342669010162354,1.0
all,0.0900,wor-uniform,195,0.028367534279823303,1.0
all,0.0900,wor-active,196,0.025893449783325195,1.0
all,0.0900,wor-uniform,196,0.03001302480697632,1.0
all,0.0900,wor-active,197,0.025734171271324158,1.0
all,0.0900,wor-uniform,197,0.028620600700378418,1.0
all,0.0900,wor-active,198,0.0253903865814209,1.0
all,0.0900,wor-uniform,198,0.028514087200164795,1.0
all,0.0900,wor-active,199,0.023869022727012634,1.0
all,0.0900,wor-uniform,199,0.028879597783088684,1.0
all,0.0900,wor-active,200,0.025033235549926758,1.0
all,0.0900,wor-uniform,200,0.027597323060035706,1.0
all,0.0900,wor-active,201,0.025113403797149658,1.0
all,0.0900,wor-uniform,201,0.02882981300354004,1.0
all,0.0900,wor-active,202,0.02463632822036743,1.0
all,0.0900,wor-uniform,202,0.027692437171936035,1.0
all,0.0900,wor-active,203,0.025303304195404053,1.0
all,0.0900,wor-uniform,203,0.02854520082473755,1.0
all,0.0900,wor-active,204,0.024750933051109314,1.0
all,0.0900,wor-uniform,204,0.028538420796394348,1.0
all,0.0900,wor-active,205,0.02463996410369873,1.0
all,0.0900,wor-uniform,205,0.028492271900177002,1.0
all,0.0900,wor-active,206,0.025025293231010437,1.0
all,0.0900,wor-uniform,206,0.029735103249549866,1.0
all,0.0900,wor-active,207,0.02410304546356201,1.0
all,0.0900,wor-uniform,207,0.029708728194236755,1.0
all,0.0900,wor-active,208,0.021967709064483643,1.0
all,0.0900,wor-uniform,208,0.02920466661453247,1.0
all,0.0900,wor-active,209,0.028650522232055664,1.0
all,0.0900,wor-uniform,209,0.028330206871032715,1.0
all,0.0900,wor-active,210,0.027062848210334778,1.0
all,0.0900,wor-uniform,210,0.027463912963867188,1.0
all,0.0900,wor-active,211,0.027331829071044922,1.0
all,0.0900,wor-uniform,211,0.02774365246295929,0.0
all,0.0900,wor-active,212,0.027350708842277527,1.0
all,0.0900,wor-uniform,212,0.028568744659423828,1.0
all,0.0900,wor-active,213,0.02566981315612793,1.0
all,0.0900,wor-uniform,213,0.02719023823738098,1.0
all,0.0900,wor-active,214,0.02504904568195343,1.0
all,0.0900,wor-uniform,214,0.02891884744167328,1.0
all,0.0900,wor-active,215,0.02564127743244171,1.0
all,0.0900,wor-uniform,215,0.028381824493408203,1.0
all,0.0900,wor-active,216,0.025710582733154297,1.0
all,0.0900,wor-uniform,216,0.02883976697921753,1.0
all,0.0900,wor-active,217,0.025053560733795166,1.0
all,0.0900,wor-uniform,217,0.028306901454925537,1.0
all,0.0900,wor-active,218,0.02554367482662201,1.0
all,0.0900,wor-uniform,218,0.02789747714996338,1.0
all,0.0900,wor-active,219,0.026102125644683838,1.0
all,0.0900,wor-uniform,219,0.028187215328216553,1.0
all,0.0900,wor-active,220,0.025191783905029297,1.0
all,0.0900,wor-uniform,220,0.028133928775787354,1.0
all,0.0900,wor-active,221,0.024705171585083008,1.0
all,0.0900,wor-uniform,221,0.028074920177459717,1.0
all,0.0900,wor-active,222,0.024367257952690125,1.0
all,0.0900,wor-uniform,222,0.02878822386264801,1.0
all,0.0900,wor-active,223,0.024717509746551514,1.0
all,0.0900,wor-uniform,223,0.027982816100120544,1.0
all,0.0900,wor-active,224,0.026327550411224365,1.0
all,0.0900,wor-uniform,224,0.028251945972442627,1.0
all,0.0900,wor-active,225,0.026175081729888916,1.0
all,0.0900,wor-uniform,225,0.029345571994781494,1.0
all,0.0900,wor-active,226,0.023272573947906494,1.0
all,0.0900,wor-uniform,226,0.028142094612121582,1.0
all,0.0900,wor-active,227,0.02517618238925934,1.0
all,0.0900,wor-uniform,227,0.028608739376068115,1.0
all,0.0900,wor-active,228,0.024527743458747864,1.0
all,0.0900,wor-uniform,228,0.02860577404499054,1.0
all,0.0900,wor-active,229,0.023710742592811584,1.0
all,0.0900,wor-uniform,229,0.027651727199554443,1.0
all,0.0900,wor-active,230,0.024025902152061462,1.0
all,0.0900,wor-uniform,230,0.027885615825653076,1.0
all,0.0900,wor-active,231,0.024572014808654785,1.0
all,0.0900,wor-uniform,231,0.028215765953063965,1.0
all,0.0900,wor-active,232,0.024448737502098083,1.0
all,0.0900,wor-uniform,232,0.027118727564811707,1.0
all,0.0900,wor-active,233,0.026964306831359863,1.0
all,0.0900,wor-uniform,233,0.02892768383026123,1.0
all,0.0900,wor-active,234,0.02594590187072754,1.0
all,0.0900,wor-uniform,234,0.028900504112243652,0.0
all,0.0900,wor-active,235,0.02639108896255493,1.0
all,0.0900,wor-uniform,235,0.02938634157180786,1.0
all,0.0900,wor-active,236,0.02585071325302124,1.0
all,0.0900,wor-uniform,236,0.028412580490112305,1.0
all,0.0900,wor-active,237,0.026688337326049805,1.0
all,0.0900,wor-uniform,237,0.028445377945899963,1.0
all,0.0900,wor-active,238,0.025198161602020264,1.0
all,0.0900,wor-uniform,238,0.0281827449798584,1.0
all,0.0900,wor-active,239,0.02525310218334198,1.0
all,0.0900,wor-uniform,239,0.028349757194519043,1.0
all,0.0900,wor-active,240,0.024560630321502686,1.0
all,0.0900,wor-uniform,240,0.02912282943725586,1.0
all,0.0900,wor-active,241,0.023058131337165833,1.0
all,0.0900,wor-uniform,241,0.027814269065856934,1.0
all,0.0900,wor-active,242,0.0257900208234787,1.0
all,0.0900,wor-uniform,242,0.02728372812271118,1.0
all,0.0900,wor-active,243,0.025784268975257874,1.0
all,0.0900,wor-uniform,243,0.027262985706329346,1.0
all,0.0900,wor-active,244,0.024304211139678955,1.0
all,0.0900,wor-uniform,244,0.027183055877685547,1.0
all,0.0900,wor-active,245,0.02409958839416504,1.0
all,0.0900,wor-uniform,245,0.029511749744415283,1.0
all,0.0900,wor-active,246,0.02324669063091278,1.0
all,0.0900,wor-uniform,246,0.027790606021881104,1.0
all,0.0900,wor-active,247,0.02706092596054077,1.0
all,0.0900,wor-uniform,247,0.028054073452949524,1.0
all,0.0900,wor-active,248,0.025669172406196594,1.0
all,0.0900,wor-uniform,248,0.028838232159614563,1.0
all,0.0900,wor-active,249,0.024220213294029236,1.0
all,0.0900,wor-uniform,249,0.029393911361694336,1.0
all,0.0900,wor-active,250,0.024670913815498352,1.0
all,0.0900,wor-uniform,250,0.02796381711959839,1.0
all,0.0900,wor-active,251,0.025808900594711304,0.0
all,0.0900,wor-uniform,251,0.02789968252182007,0.0
all,0.0900,wor-active,252,0.026029840111732483,1.0
all,0.0900,wor-uniform,252,0.0275687575340271,1.0
all,0.0900,wor-active,253,0.023837149143218994,1.0
all,0.0900,wor-uniform,253,0.029576241970062256,1.0
all,0.0900,wor-active,254,0.025889813899993896,1.0
all,0.0900,wor-uniform,254,0.02838657796382904,1.0
all,0.0900,wor-active,255,0.025077834725379944,1.0
all,0.0900,wor-uniform,255,0.0298842191696167,1.0
all,0.0900,wor-active,256,0.023197442293167114,1.0
all,0.0900,wor-uniform,256,0.02864927053451538,1.0
all,0.0900,wor-active,257,0.027244731783866882,1.0
all,0.0900,wor-uniform,257,0.027968451380729675,1.0
all,0.0900,wor-active,258,0.0257805734872818,1.0
all,0.0900,wor-uniform,258,0.030295372009277344,1.0
all,0.0900,wor-active,259,0.024756908416748047,1.0
all,0.0900,wor-uniform,259,0.02831028401851654,1.0
all,0.0900,wor-active,260,0.02444879710674286,1.0
all,0.0900,wor-uniform,260,0.028545081615447998,1.0
all,0.0900,wor-active,261,0.025050580501556396,1.0
all,0.0900,wor-uniform,261,0.02876836061477661,1.0
all,0.0900,wor-active,262,0.02612827718257904,1.0
all,0.0900,wor-uniform,262,0.02821493148803711,1.0
all,0.0900,wor-active,263,0.02575969696044922,1.0
all,0.0900,wor-uniform,263,0.02792876958847046,1.0
all,0.0900,wor-active,264,0.025123313069343567,1.0
all,0.0900,wor-uniform,264,0.028882145881652832,1.0
all,0.0900,wor-active,265,0.02557225525379181,1.0
all,0.0900,wor-uniform,265,0.02886176109313965,1.0
all,0.0900,wor-active,266,0.024961963295936584,1.0
all,0.0900,wor-uniform,266,0.02862560749053955,1.0
all,0.0900,wor-active,267,0.02494196593761444,1.0
all,0.0900,wor-uniform,267,0.028241872787475586,1.0
all,0.0900,wor-active,268,0.02681189775466919,1.0
all,0.0900,wor-uniform,268,0.028817355632781982,1.0
all,0.0900,wor-active,269,0.02446925640106201,1.0
all,0.0900,wor-uniform,269,0.0277901291847229,1.0
all,0.0900,wor-active,270,0.026088416576385498,1.0
all,0.0900,wor-uniform,270,0.02889162302017212,1.0
all,0.0900,wor-active,271,0.026224195957183838,1.0
all,0.0900,wor-uniform,271,0.028370201587677002,1.0
all,0.0900,wor-active,272,0.0253647118806839,1.0
all,0.0900,wor-uniform,272,0.0283697247505188,1.0
all,0.0900,wor-active,273,0.025709569454193115,1.0
all,0.0900,wor-uniform,273,0.026663124561309814,1.0
all,0.0900,wor-active,274,0.024338528513908386,1.0
all,0.0900,wor-uniform,274,0.027941763401031494,1.0
all,0.0900,wor-active,275,0.023526012897491455,1.0
all,0.0900,wor-uniform,275,0.0271528959274292,1.0
all,0.0900,wor-active,276,0.02548515796661377,1.0
all,0.0900,wor-uniform,276,0.02860856056213379,1.0
all,0.0900,wor-active,277,0.024059653282165527,1.0
all,0.0900,wor-uniform,277,0.02876061201095581,1.0
all,0.0900,wor-active,278,0.024045392870903015,0.0
all,0.0900,wor-uniform,278,0.028480947017669678,1.0
all,0.0900,wor-active,279,0.02620089054107666,0.0
all,0.0900,wor-uniform,279,0.028933823108673096,1.0
all,0.0900,wor-active,280,0.024987757205963135,1.0
all,0.0900,wor-uniform,280,0.02794872224330902,1.0
all,0.0900,wor-active,281,0.027792155742645264,1.0
all,0.0900,wor-uniform,281,0.027524352073669434,1.0
all,0.0900,wor-active,282,0.026444554328918457,1.0
all,0.0900,wor-uniform,282,0.028282761573791504,1.0
all,0.0900,wor-active,283,0.022334039211273193,1.0
all,0.0900,wor-uniform,283,0.028021693229675293,1.0
all,0.0900,wor-active,284,0.024547159671783447,1.0
all,0.0900,wor-uniform,284,0.0284968763589859,1.0
all,0.0900,wor-active,285,0.0271720290184021,1.0
all,0.0900,wor-uniform,285,0.028615832328796387,1.0
all,0.0900,wor-active,286,0.026336610317230225,1.0
all,0.0900,wor-uniform,286,0.027630969882011414,1.0
all,0.0900,wor-active,287,0.02614128589630127,1.0
all,0.0900,wor-uniform,287,0.029765427112579346,1.0
all,0.0900,wor-active,288,0.02300727367401123,1.0
all,0.0900,wor-uniform,288,0.02825133502483368,1.0
all,0.0900,wor-active,289,0.02534039318561554,1.0
all,0.0900,wor-uniform,289,0.028496548533439636,1.0
all,0.0900,wor-active,290,0.025234639644622803,1.0
all,0.0900,wor-uniform,290,0.028491854667663574,1.0
all,0.0900,wor-active,291,0.02661992609500885,1.0
all,0.0900,wor-uniform,291,0.029131338000297546,1.0
all,0.0900,wor-active,292,0.02496667206287384,1.0
all,0.0900,wor-uniform,292,0.029576897621154785,1.0
all,0.0900,wor-active,293,0.027570128440856934,1.0
all,0.0900,wor-uniform,293,0.027672454714775085,1.0
all,0.0900,wor-active,294,0.0252724289894104,1.0
all,0.0900,wor-uniform,294,0.028919219970703125,0.0
all,0.0900,wor-active,295,0.024867594242095947,1.0
all,0.0900,wor-uniform,295,0.02817356586456299,1.0
all,0.0900,wor-active,296,0.026611030101776123,1.0
all,0.0900,wor-uniform,296,0.029811859130859375,1.0
all,0.0900,wor-active,297,0.026698037981987,1.0
all,0.0900,wor-uniform,297,0.028090819716453552,1.0
all,0.0900,wor-active,298,0.023774325847625732,1.0
all,0.0900,wor-uniform,298,0.028745174407958984,1.0
all,0.0900,wor-active,299,0.022665858268737793,1.0
all,0.0900,wor-uniform,299,0.028196409344673157,1.0
all,0.0900,wor-active,300,0.024300500750541687,1.0
all,0.0900,wor-uniform,300,0.027883410453796387,1.0
all,0.0900,wor-active,301,0.02612525224685669,1.0
all,0.0900,wor-uniform,301,0.029061555862426758,1.0
all,0.0900,wor-active,302,0.026067793369293213,1.0
all,0.0900,wor-uniform,302,0.03027176856994629,0.0
all,0.0900,wor-active,303,0.027662530541419983,1.0
all,0.0900,wor-uniform,303,0.02912689745426178,1.0
all,0.0900,wor-active,304,0.024276018142700195,1.0
all,0.0900,wor-uniform,304,0.028065919876098633,1.0
all,0.0900,wor-active,305,0.025380253791809082,1.0
all,0.0900,wor-uniform,305,0.027075588703155518,1.0
all,0.0900,wor-active,306,0.025125205516815186,1.0
all,0.0900,wor-uniform,306,0.029812753200531006,1.0
all,0.0900,wor-active,307,0.025676727294921875,1.0
all,0.0900,wor-uniform,307,0.028024986386299133,1.0
all,0.0900,wor-active,308,0.02399490773677826,0.0
all,0.0900,wor-uniform,308,0.027940869331359863,1.0
all,0.0900,wor-active,309,0.026367783546447754,1.0
all,0.0900,wor-uniform,309,0.028140828013420105,1.0
all,0.0900,wor-active,310,0.023688003420829773,0.0
all,0.0900,wor-uniform,310,0.029513418674468994,1.0
all,0.0900,wor-active,311,0.0255916565656662,1.0
all,0.0900,wor-uniform,311,0.029249608516693115,1.0
all,0.0900,wor-active,312,0.024902045726776123,1.0
all,0.0900,wor-uniform,312,0.027229025959968567,1.0
all,0.0900,wor-active,313,0.026030302047729492,1.0
all,0.0900,wor-uniform,313,0.02918165922164917,1.0
all,0.0900,wor-active,314,0.025457441806793213,1.0
all,0.0900,wor-uniform,314,0.02764993906021118,1.0
all,0.0900,wor-active,315,0.02571737766265869,1.0
all,0.0900,wor-uniform,315,0.028268158435821533,1.0
all,0.0900,wor-active,316,0.026715949177742004,1.0
all,0.0900,wor-uniform,316,0.0276644229888916,1.0
all,0.0900,wor-active,317,0.024905964732170105,1.0
all,0.0900,wor-uniform,317,0.029363811016082764,1.0
all,0.0900,wor-active,318,0.025129377841949463,1.0
all,0.0900,wor-uniform,318,0.028642043471336365,1.0
all,0.0900,wor-active,319,0.024731561541557312,1.0
all,0.0900,wor-uniform,319,0.028363332152366638,1.0
all,0.0900,wor-active,320,0.02655506134033203,1.0
all,0.0900,wor-uniform,320,0.02780209481716156,1.0
all,0.0900,wor-active,321,0.02482837438583374,0.0
all,0.0900,wor-uniform,321,0.02975022792816162,1.0
all,0.0900,wor-active,322,0.026720881462097168,1.0
all,0.0900,wor-uniform,322,0.02821207046508789,1.0
all,0.0900,wor-active,323,0.025198757648468018,1.0
all,0.0900,wor-uniform,323,0.027922213077545166,1.0
all,0.0900,wor-active,324,0.025668010115623474,1.0
all,0.0900,wor-uniform,324,0.02840353548526764,1.0
all,0.0900,wor-active,325,0.026179134845733643,1.0
all,0.0900,wor-uniform,325,0.02774159610271454,1.0
all,0.0900,wor-active,326,0.02464507520198822,1.0
all,0.0900,wor-uniform,326,0.02859020233154297,1.0
all,0.0900,wor-active,327,0.024097561836242676,1.0
all,0.0900,wor-uniform,327,0.02923285961151123,1.0
all,0.0900,wor-active,328,0.024401724338531494,1.0
all,0.0900,wor-uniform,328,0.028822794556617737,1.0
all,0.0900,wor-active,329,0.02564936876296997,1.0
all,0.0900,wor-uniform,329,0.02709801495075226,1.0
all,0.0900,wor-active,330,0.02691948413848877,1.0
all,0.0900,wor-uniform,330,0.02721323072910309,1.0
all,0.0900,wor-active,331,0.02416408061981201,1.0
all,0.0900,wor-uniform,331,0.027307435870170593,1.0
all,0.0900,wor-active,332,0.026312589645385742,1.0
all,0.0900,wor-uniform,332,0.02775309979915619,1.0
all,0.1000,wor-active,0,0.025059282779693604,1.0
all,0.1000,wor-uniform,0,0.026994213461875916,1.0
all,0.1000,wor-active,1,0.024217680096626282,1.0
all,0.1000,wor-uniform,1,0.02749444544315338,1.0
all,0.1000,wor-active,2,0.023227915167808533,1.0
all,0.1000,wor-uniform,2,0.027289509773254395,1.0
all,0.1000,wor-active,3,0.023028254508972168,1.0
all,0.1000,wor-uniform,3,0.027390599250793457,1.0
all,0.1000,wor-active,4,0.022890686988830566,1.0
all,0.1000,wor-uniform,4,0.027255594730377197,1.0
all,0.1000,wor-active,5,0.023242011666297913,1.0
all,0.1000,wor-uniform,5,0.027806997299194336,0.0
all,0.1000,wor-active,6,0.02447502315044403,1.0
all,0.1000,wor-uniform,6,0.026606068015098572,1.0
all,0.1000,wor-active,7,0.025551319122314453,1.0
all,0.1000,wor-uniform,7,0.026695773005485535,1.0
all,0.1000,wor-active,8,0.02563643455505371,1.0
all,0.1000,wor-uniform,8,0.027269423007965088,1.0
all,0.1000,wor-active,9,0.025879204273223877,1.0
all,0.1000,wor-uniform,9,0.02614368498325348,1.0
all,0.1000,wor-active,10,0.02343963086605072,1.0
all,0.1000,wor-uniform,10,0.02861565351486206,0.0
all,0.1000,wor-active,11,0.023990273475646973,1.0
all,0.1000,wor-uniform,11,0.026630282402038574,1.0
all,0.1000,wor-active,12,0.02417522668838501,1.0
all,0.1000,wor-uniform,12,0.027478814125061035,1.0
all,0.1000,wor-active,13,0.022831857204437256,1.0
all,0.1000,wor-uniform,13,0.02645672857761383,1.0
all,0.1000,wor-active,14,0.023739412426948547,1.0
all,0.1000,wor-uniform,14,0.02584385871887207,1.0
all,0.1000,wor-active,15,0.024805545806884766,1.0
all,0.1000,wor-uniform,15,0.0257909893989563,1.0
all,0.1000,wor-active,16,0.024099931120872498,1.0
all,0.1000,wor-uniform,16,0.02576752007007599,1.0
all,0.1000,wor-active,17,0.024709045886993408,1.0
all,0.1000,wor-uniform,17,0.026433631777763367,1.0
all,0.1000,wor-active,18,0.02369038760662079,1.0
all,0.1000,wor-uniform,18,0.027592062950134277,1.0
all,0.1000,wor-active,19,0.023868396878242493,1.0
all,0.1000,wor-uniform,19,0.026483193039894104,1.0
all,0.1000,wor-active,20,0.02382218837738037,1.0
all,0.1000,wor-uniform,20,0.0274965763092041,1.0
all,0.1000,wor-active,21,0.023047804832458496,1.0
all,0.1000,wor-uniform,21,0.025626227259635925,0.0
all,0.1000,wor-active,22,0.023892149329185486,1.0
all,0.1000,wor-uniform,22,0.026255309581756592,1.0
all,0.1000,wor-active,23,0.02390025556087494,1.0
all,0.1000,wor-uniform,23,0.026169240474700928,1.0
all,0.1000,wor-active,24,0.024175941944122314,1.0
all,0.1000,wor-uniform,24,0.02739781141281128,1.0
all,0.1000,wor-active,25,0.02325880527496338,1.0
all,0.1000,wor-uniform,25,0.027630016207695007,1.0
all,0.1000,wor-active,26,0.02483266592025757,1.0
all,0.1000,wor-uniform,26,0.02648085355758667,1.0
all,0.1000,wor-active,27,0.02461254596710205,1.0
all,0.1000,wor-uniform,27,0.02620863914489746,1.0
all,0.1000,wor-active,28,0.023986518383026123,1.0
all,0.1000,wor-uniform,28,0.027918994426727295,0.0
all,0.1000,wor-active,29,0.025034427642822266,1.0
all,0.1000,wor-uniform,29,0.027579769492149353,1.0
all,0.1000,wor-active,30,0.024054527282714844,1.0
all,0.1000,wor-uniform,30,0.02735048532485962,1.0
all,0.1000,wor-active,31,0.02442842721939087,1.0
all,0.1000,wor-uniform,31,0.02736707031726837,1.0
all,0.1000,wor-active,32,0.02259156107902527,0.0
all,0.1000,wor-uniform,32,0.02602045238018036,1.0
all,0.1000,wor-active,33,0.023808836936950684,1.0
all,0.1000,wor-uniform,33,0.02695278823375702,1.0
all,0.1000,wor-active,34,0.024506673216819763,0.0
all,0.1000,wor-uniform,34,0.025157272815704346,1.0
all,0.1000,wor-active,35,0.022699609398841858,1.0
all,0.1000,wor-uniform,35,0.027318716049194336,0.0
all,0.1000,wor-active,36,0.02466493844985962,1.0
all,0.1000,wor-uniform,36,0.026223182678222656,1.0
all,0.1000,wor-active,37,0.022036775946617126,1.0
all,0.1000,wor-uniform,37,0.024760127067565918,1.0
all,0.1000,wor-active,38,0.02495408058166504,1.0
all,0.1000,wor-uniform,38,0.026281431317329407,1.0
all,0.1000,wor-active,39,0.024470090866088867,1.0
all,0.1000,wor-uniform,39,0.0258357971906662,1.0
all,0.1000,wor-active,40,0.023632287979125977,0.0
all,0.1000,wor-uniform,40,0.027467355132102966,1.0
all,0.1000,wor-active,41,0.02431643009185791,1.0
all,0.1000,wor-uniform,41,0.02584218978881836,1.0
all,0.1000,wor-active,42,0.02373558282852173,1.0
all,0.1000,wor-uniform,42,0.027398407459259033,1.0
all,0.1000,wor-active,43,0.02589040994644165,1.0
all,0.1000,wor-uniform,43,0.02682703733444214,1.0
all,0.1000,wor-active,44,0.024633005261421204,1.0
all,0.1000,wor-uniform,44,0.026774883270263672,1.0
all,0.1000,wor-active,45,0.023919761180877686,1.0
all,0.1000,wor-uniform,45,0.027929306030273438,1.0
all,0.1000,wor-active,46,0.02457529306411743,1.0
all,0.1000,wor-uniform,46,0.028124332427978516,0.0
all,0.1000,wor-active,47,0.022143304347991943,0.0
all,0.1000,wor-uniform,47,0.02750331163406372,1.0
all,0.1000,wor-active,48,0.023373782634735107,1.0
all,0.1000,wor-uniform,48,0.027593672275543213,1.0
all,0.1000,wor-active,49,0.021835505962371826,1.0
all,0.1000,wor-uniform,49,0.026365935802459717,1.0
all,0.1000,wor-active,50,0.0246858149766922,1.0
all,0.1000,wor-uniform,50,0.026885807514190674,1.0
all,0.1000,wor-active,51,0.025702238082885742,1.0
all,0.1000,wor-uniform,51,0.02657465636730194,1.0
all,0.1000,wor-active,52,0.024784564971923828,1.0
all,0.1000,wor-uniform,52,0.025748848915100098,1.0
all,0.1000,wor-active,53,0.023264572024345398,1.0
all,0.1000,wor-uniform,53,0.02648790180683136,1.0
all,0.1000,wor-active,54,0.023933008313179016,1.0
all,0.1000,wor-uniform,54,0.027705073356628418,1.0
all,0.1000,wor-active,55,0.02359551191329956,1.0
all,0.1000,wor-uniform,55,0.02707354724407196,1.0
all,0.1000,wor-active,56,0.02215014398097992,1.0
all,0.1000,wor-uniform,56,0.02710402011871338,1.0
all,0.1000,wor-active,57,0.02406454086303711,1.0
all,0.1000,wor-uniform,57,0.02838313579559326,1.0
all,0.1000,wor-active,58,0.024100899696350098,1.0
all,0.1000,wor-uniform,58,0.026773273944854736,1.0
all,0.1000,wor-active,59,0.02309197187423706,1.0
all,0.1000,wor-uniform,59,0.02738821506500244,1.0
all,0.1000,wor-active,60,0.024213790893554688,1.0
all,0.1000,wor-uniform,60,0.026068255305290222,1.0
all,0.1000,wor-active,61,0.026111185550689697,1.0
all,0.1000,wor-uniform,61,0.026922419667243958,1.0
all,0.1000,wor-active,62,0.02288573980331421,1.0
all,0.1000,wor-uniform,62,0.026908576488494873,1.0
all,0.1000,wor-active,63,0.02199101448059082,1.0
all,0.1000,wor-uniform,63,0.026736736297607422,1.0
all,0.1000,wor-active,64,0.02366328239440918,1.0
all,0.1000,wor-uniform,64,0.026413485407829285,1.0
all,0.1000,wor-active,65,0.022996842861175537,1.0
all,0.1000,wor-uniform,65,0.02651458978652954,1.0
all,0.1000,wor-active,66,0.024785533547401428,1.0
all,0.1000,wor-uniform,66,0.026632919907569885,1.0
all,0.1000,wor-active,67,0.02424997091293335,1.0
all,0.1000,wor-uniform,67,0.027202486991882324,1.0
all,0.1000,wor-active,68,0.024718046188354492,1.0
all,0.1000,wor-uniform,68,0.02502085268497467,0.0
all,0.1000,wor-active,69,0.02336728572845459,1.0
all,0.1000,wor-uniform,69,0.02656136453151703,1.0
all,0.1000,wor-active,70,0.024900376796722412,1.0
all,0.1000,wor-uniform,70,0.027285516262054443,1.0
all,0.1000,wor-active,71,0.023646175861358643,1.0
all,0.1000,wor-uniform,71,0.026762470602989197,1.0
all,0.1000,wor-active,72,0.024504438042640686,1.0
all,0.1000,wor-uniform,72,0.02726578712463379,1.0
all,0.1000,wor-active,73,0.02309875190258026,1.0
all,0.1000,wor-uniform,73,0.027294278144836426,1.0
all,0.1000,wor-active,74,0.023358836770057678,1.0
all,0.1000,wor-uniform,74,0.026003316044807434,1.0
all,0.1000,wor-active,75,0.022980645298957825,1.0
all,0.1000,wor-uniform,75,0.027579307556152344,1.0
all,0.1000,wor-active,76,0.023171067237854004,1.0
all,0.1000,wor-uniform,76,0.028025507926940918,1.0
all,0.1000,wor-active,77,0.025441467761993408,0.0
all,0.1000,wor-uniform,77,0.02612018585205078,1.0
all,0.1000,wor-active,78,0.023875251412391663,1.0
all,0.1000,wor-uniform,78,0.02697157859802246,1.0
all,0.1000,wor-active,79,0.022184982895851135,1.0
all,0.1000,wor-uniform,79,0.027270793914794922,1.0
all,0.1000,wor-active,80,0.023389220237731934,1.0
all,0.1000,wor-uniform,80,0.025731638073921204,1.0
all,0.1000,wor-active,81,0.02380913496017456,1.0
all,0.1000,wor-uniform,81,0.025717556476593018,1.0
all,0.1000,wor-active,82,0.022557556629180908,1.0
all,0.1000,wor-uniform,82,0.026941880583763123,1.0
all,0.1000,wor-active,83,0.02245756983757019,1.0
all,0.1000,wor-uniform,83,0.02665412425994873,1.0
all,0.1000,wor-active,84,0.022893190383911133,0.0
all,0.1000,wor-uniform,84,0.027433454990386963,1.0
all,0.1000,wor-active,85,0.0221492201089859,1.0
all,0.1000,wor-uniform,85,0.027350962162017822,1.0
all,0.1000,wor-active,86,0.023585200309753418,1.0
all,0.1000,wor-uniform,86,0.025576114654541016,0.0
all,0.1000,wor-active,87,0.02329210937023163,1.0
all,0.1000,wor-uniform,87,0.026862263679504395,1.0
all,0.1000,wor-active,88,0.025043919682502747,1.0
all,0.1000,wor-uniform,88,0.027574121952056885,1.0
all,0.1000,wor-active,89,0.023977339267730713,1.0
all,0.1000,wor-uniform,89,0.02538876235485077,1.0
all,0.1000,wor-active,90,0.024584606289863586,1.0
all,0.1000,wor-uniform,90,0.025886476039886475,1.0
all,0.1000,wor-active,91,0.02340167760848999,1.0
all,0.1000,wor-uniform,91,0.025397121906280518,1.0
all,0.1000,wor-active,92,0.025067448616027832,1.0
all,0.1000,wor-uniform,92,0.0275469571352005,1.0
all,0.1000,wor-active,93,0.024131059646606445,0.0
all,0.1000,wor-uniform,93,0.027355074882507324,1.0
all,0.1000,wor-active,94,0.023881196975708008,1.0
all,0.1000,wor-uniform,94,0.02774137258529663,1.0
all,0.1000,wor-active,95,0.02267397940158844,1.0
all,0.1000,wor-uniform,95,0.02660544216632843,1.0
all,0.1000,wor-active,96,0.021856114268302917,1.0
all,0.1000,wor-uniform,96,0.025897502899169922,1.0
all,0.1000,wor-active,97,0.0234946608543396,1.0
all,0.1000,wor-uniform,97,0.026026248931884766,1.0
all,0.1000,wor-active,98,0.022479593753814697,1.0
all,0.1000,wor-uniform,98,0.02569083869457245,1.0
all,0.1000,wor-active,99,0.023019924759864807,1.0
all,0.1000,wor-uniform,99,0.025671258568763733,1.0
all,0.1000,wor-active,100,0.02313166856765747,1.0
all,0.1000,wor-uniform,100,0.02648848295211792,1.0
all,0.1000,wor-active,101,0.022373273968696594,1.0
all,0.1000,wor-uniform,101,0.026993513107299805,1.0
all,0.1000,wor-active,102,0.023779988288879395,1.0
all,0.1000,wor-uniform,102,0.026420235633850098,1.0
all,0.1000,wor-active,103,0.02298218011856079,1.0
all,0.1000,wor-uniform,103,0.02622796595096588,1.0
all,0.1000,wor-active,104,0.02335350215435028,1.0
all,0.1000,wor-uniform,104,0.026878178119659424,1.0
all,0.1000,wor-active,105,0.02578115463256836,1.0
all,0.1000,wor-uniform,105,0.026669681072235107,1.0
all,0.1000,wor-active,106,0.023387327790260315,1.0
all,0.1000,wor-uniform,106,0.02624332904815674,1.0
all,0.1000,wor-active,107,0.02544492483139038,1.0
all,0.1000,wor-uniform,107,0.02642710506916046,1.0
all,0.1000,wor-active,108,0.021866604685783386,1.0
all,0.1000,wor-uniform,108,0.026020705699920654,1.0
all,0.1000,wor-active,109,0.024809837341308594,1.0
all,0.1000,wor-uniform,109,0.026757970452308655,1.0
all,0.1000,wor-active,110,0.023746490478515625,1.0
all,0.1000,wor-uniform,110,0.026613593101501465,1.0
all,0.1000,wor-active,111,0.023903727531433105,1.0
all,0.1000,wor-uniform,111,0.026734650135040283,1.0
all,0.1000,wor-active,112,0.023693621158599854,1.0
all,0.1000,wor-uniform,112,0.02679342031478882,1.0
all,0.1000,wor-active,113,0.025200724601745605,1.0
all,0.1000,wor-uniform,113,0.027265071868896484,1.0
all,0.1000,wor-active,114,0.024185791611671448,1.0
all,0.1000,wor-uniform,114,0.028259098529815674,0.0
all,0.1000,wor-active,115,0.022639930248260498,1.0
all,0.1000,wor-uniform,115,0.02713543176651001,1.0
all,0.1000,wor-active,116,0.02557051181793213,1.0
all,0.1000,wor-uniform,116,0.027213335037231445,1.0
all,0.1000,wor-active,117,0.025503873825073242,1.0
all,0.1000,wor-uniform,117,0.0281221866607666,1.0
all,0.1000,wor-active,118,0.023773133754730225,1.0
all,0.1000,wor-uniform,118,0.02748239040374756,1.0
all,0.1000,wor-active,119,0.025647401809692383,1.0
all,0.1000,wor-uniform,119,0.027978241443634033,1.0
all,0.1000,wor-active,120,0.023899078369140625,1.0
all,0.1000,wor-uniform,120,0.027158379554748535,0.0
all,0.1000,wor-active,121,0.024340927600860596,1.0
all,0.1000,wor-uniform,121,0.02718578279018402,1.0
all,0.1000,wor-active,122,0.024253129959106445,1.0
all,0.1000,wor-uniform,122,0.02669745683670044,1.0
all,0.1000,wor-active,123,0.024693548679351807,1.0
all,0.1000,wor-uniform,123,0.02599044144153595,1.0
all,0.1000,wor-active,124,0.02536730468273163,1.0
all,0.1000,wor-uniform,124,0.026594385504722595,1.0
all,0.1000,wor-active,125,0.02483069896697998,1.0
all,0.1000,wor-uniform,125,0.02658921480178833,1.0
all,0.1000,wor-active,126,0.023034945130348206,1.0
all,0.1000,wor-uniform,126,0.027184784412384033,1.0
all,0.1000,wor-active,127,0.023769035935401917,1.0
all,0.1000,wor-uniform,127,0.026964783668518066,1.0
all,0.1000,wor-active,128,0.02293016016483307,1.0
all,0.1000,wor-uniform,128,0.026799678802490234,1.0
all,0.1000,wor-active,129,0.024595022201538086,1.0
all,0.1000,wor-uniform,129,0.027731895446777344,1.0
all,0.1000,wor-active,130,0.02441716194152832,1.0
all,0.1000,wor-uniform,130,0.02677178382873535,1.0
all,0.1000,wor-active,131,0.02406853437423706,1.0
all,0.1000,wor-uniform,131,0.026778876781463623,1.0
all,0.1000,wor-active,132,0.02498239278793335,1.0
all,0.1000,wor-uniform,132,0.027624309062957764,1.0
all,0.1000,wor-active,133,0.02376474440097809,1.0
all,0.1000,wor-uniform,133,0.027241304516792297,1.0
all,0.1000,wor-active,134,0.024742960929870605,1.0
all,0.1000,wor-uniform,134,0.027382180094718933,1.0
all,0.1000,wor-active,135,0.02245970070362091,1.0
all,0.1000,wor-uniform,135,0.026159226894378662,1.0
all,0.1000,wor-active,136,0.023576200008392334,1.0
all,0.1000,wor-uniform,136,0.02631896734237671,1.0
all,0.1000,wor-active,137,0.024101197719573975,1.0
all,0.1000,wor-uniform,137,0.0273553729057312,1.0
all,0.1000,wor-active,138,0.02527904510498047,1.0
all,0.1000,wor-uniform,138,0.02624434232711792,1.0
all,0.1000,wor-active,139,0.022993028163909912,1.0
all,0.1000,wor-uniform,139,0.027292847633361816,1.0
all,0.1000,wor-active,140,0.02470695972442627,1.0
all,0.1000,wor-uniform,140,0.027986228466033936,1.0
all,0.1000,wor-active,141,0.024183928966522217,1.0
all,0.1000,wor-uniform,141,0.026678383350372314,1.0
all,0.1000,wor-active,142,0.024645164608955383,1.0
all,0.1000,wor-uniform,142,0.027009427547454834,1.0
all,0.1000,wor-active,143,0.024479329586029053,1.0
all,0.1000,wor-uniform,143,0.02622532844543457,1.0
all,0.1000,wor-active,144,0.023978933691978455,1.0
all,0.1000,wor-uniform,144,0.027081593871116638,1.0
all,0.1000,wor-active,145,0.025870859622955322,0.0
all,0.1000,wor-uniform,145,0.02767843008041382,1.0
all,0.1000,wor-active,146,0.021589547395706177,0.0
all,0.1000,wor-uniform,146,0.026925042271614075,1.0
all,0.1000,wor-active,147,0.02453307807445526,1.0
all,0.1000,wor-uniform,147,0.026381447911262512,1.0
all,0.1000,wor-active,148,0.024503469467163086,1.0
all,0.1000,wor-uniform,148,0.026494726538658142,1.0
all,0.1000,wor-active,149,0.023324012756347656,1.0
all,0.1000,wor-uniform,149,0.026442646980285645,1.0
all,0.1000,wor-active,150,0.024428367614746094,1.0
all,0.1000,wor-uniform,150,0.026871919631958008,1.0
all,0.1000,wor-active,151,0.022036254405975342,1.0
all,0.1000,wor-uniform,151,0.027499914169311523,1.0
all,0.1000,wor-active,152,0.022000432014465332,1.0
all,0.1000,wor-uniform,152,0.026285409927368164,1.0
all,0.1000,wor-active,153,0.024250388145446777,1.0
all,0.1000,wor-uniform,153,0.027214527130126953,1.0
all,0.1000,wor-active,154,0.023986458778381348,1.0
all,0.1000,wor-uniform,154,0.02546238899230957,1.0
all,0.1000,wor-active,155,0.024682343006134033,1.0
all,0.1000,wor-uniform,155,0.026583775877952576,1.0
all,0.1000,wor-active,156,0.0238339900970459,1.0
all,0.1000,wor-uniform,156,0.027070701122283936,1.0
all,0.1000,wor-active,157,0.024440094828605652,1.0
all,0.1000,wor-uniform,157,0.027726411819458008,1.0
all,0.1000,wor-active,158,0.024173617362976074,1.0
all,0.1000,wor-uniform,158,0.02632850408554077,1.0
all,0.1000,wor-active,159,0.02565532922744751,1.0
all,0.1000,wor-uniform,159,0.025859087705612183,1.0
all,0.1000,wor-active,160,0.02425074577331543,1.0
all,0.1000,wor-uniform,160,0.02642005681991577,1.0
all,0.1000,wor-active,161,0.025026217103004456,1.0
all,0.1000,wor-uniform,161,0.02823197841644287,1.0
all,0.1000,wor-active,162,0.02561783790588379,0.0
all,0.1000,wor-uniform,162,0.02789437770843506,1.0
all,0.1000,wor-active,163,0.02570927143096924,1.0
all,0.1000,wor-uniform,163,0.027226805686950684,1.0
all,0.1000,wor-active,164,0.02489525079727173,1.0
all,0.1000,wor-uniform,164,0.02597898244857788,1.0
all,0.1000,wor-active,165,0.025199517607688904,1.0
all,0.1000,wor-uniform,165,0.02692437171936035,1.0
all,0.1000,wor-active,166,0.023843035101890564,1.0
all,0.1000,wor-uniform,166,0.026775777339935303,1.0
all,0.1000,wor-active,167,0.024476289749145508,1.0
all,0.1000,wor-uniform,167,0.026413261890411377,1.0
all,0.1000,wor-active,168,0.02351778745651245,1.0
all,0.1000,wor-uniform,168,0.02707861363887787,1.0
all,0.1000,wor-active,169,0.022328898310661316,1.0
all,0.1000,wor-uniform,169,0.027589067816734314,1.0
all,0.1000,wor-active,170,0.02372153103351593,1.0
all,0.1000,wor-uniform,170,0.026965036988258362,1.0
all,0.1000,wor-active,171,0.020854398608207703,1.0
all,0.1000,wor-uniform,171,0.02566307783126831,1.0
all,0.1000,wor-active,172,0.02241295576095581,1.0
all,0.1000,wor-uniform,172,0.02759595215320587,1.0
all,0.1000,wor-active,173,0.024714767932891846,0.0
all,0.1000,wor-uniform,173,0.0271788090467453,1.0
all,0.1000,wor-active,174,0.02535843849182129,1.0
all,0.1000,wor-uniform,174,0.02681426703929901,1.0
all,0.1000,wor-active,175,0.02415257692337036,0.0
all,0.1000,wor-uniform,175,0.025045111775398254,1.0
all,0.1000,wor-active,176,0.025134682655334473,1.0
all,0.1000,wor-uniform,176,0.02765236794948578,1.0
all,0.1000,wor-active,177,0.024152040481567383,1.0
all,0.1000,wor-uniform,177,0.02633558213710785,1.0
all,0.1000,wor-active,178,0.02283625304698944,1.0
all,0.1000,wor-uniform,178,0.026300430297851562,1.0
all,0.1000,wor-active,179,0.02299581468105316,1.0
all,0.1000,wor-uniform,179,0.027216792106628418,1.0
all,0.1000,wor-active,180,0.02547752857208252,1.0
all,0.1000,wor-uniform,180,0.02600415050983429,1.0
all,0.1000,wor-active,181,0.02365291118621826,1.0
all,0.1000,wor-uniform,181,0.026194050908088684,1.0
all,0.1000,wor-active,182,0.024100258946418762,1.0
all,0.1000,wor-uniform,182,0.026909351348876953,1.0
all,0.1000,wor-active,183,0.024862170219421387,1.0
all,0.1000,wor-uniform,183,0.025947824120521545,1.0
all,0.1000,wor-active,184,0.023877859115600586,1.0
all,0.1000,wor-uniform,184,0.027402639389038086,1.0
all,0.1000,wor-active,185,0.021778926253318787,1.0
all,0.1000,wor-uniform,185,0.02658212184906006,1.0
all,0.1000,wor-active,186,0.024693727493286133,0.0
all,0.1000,wor-uniform,186,0.026913508772850037,1.0
all,0.1000,wor-active,187,0.02366308867931366,1.0
all,0.1000,wor-uniform,187,0.02734816074371338,1.0
all,0.1000,wor-active,188,0.023764371871948242,1.0
all,0.1000,wor-uniform,188,0.02687455713748932,1.0
all,0.1000,wor-active,189,0.026042327284812927,1.0
all,0.1000,wor-uniform,189,0.027086153626441956,1.0
all,0.1000,wor-active,190,0.023310363292694092,1.0
all,0.1000,wor-uniform,190,0.0262300968170166,1.0
all,0.1000,wor-active,191,0.025590837001800537,1.0
all,0.1000,wor-uniform,191,0.026062428951263428,0.0
all,0.1000,wor-active,192,0.023133620619773865,1.0
all,0.1000,wor-uniform,192,0.027005493640899658,1.0
all,0.1000,wor-active,193,0.024439707398414612,1.0
all,0.1000,wor-uniform,193,0.026567086577415466,1.0
all,0.1000,wor-active,194,0.025050461292266846,1.0
all,0.1000,wor-uniform,194,0.026828348636627197,1.0
all,0.1000,wor-active,195,0.02458655834197998,1.0
all,0.1000,wor-uniform,195,0.02774524688720703,1.0
all,0.1000,wor-active,196,0.026525497436523438,0.0
all,0.1000,wor-uniform,196,0.026520073413848877,1.0
all,0.1000,wor-active,197,0.025156497955322266,1.0
all,0.1000,wor-uniform,197,0.025922492146492004,1.0
all,0.1000,wor-active,198,0.0248262882232666,1.0
all,0.1000,wor-uniform,198,0.027385056018829346,1.0
all,0.1000,wor-active,199,0.023385822772979736,1.0
all,0.1000,wor-uniform,199,0.027893230319023132,1.0
all,0.1000,wor-active,200,0.023394837975502014,1.0
all,0.1000,wor-uniform,200,0.02750188112258911,1.0
all,0.1000,wor-active,201,0.023990705609321594,1.0
all,0.1000,wor-uniform,201,0.02584804594516754,1.0
all,0.1000,wor-active,202,0.025383710861206055,1.0
all,0.1000,wor-uniform,202,0.02555525302886963,0.0
all,0.1000,wor-active,203,0.02603858709335327,0.0
all,0.1000,wor-uniform,203,0.02731037139892578,1.0
all,0.1000,wor-active,204,0.024185240268707275,1.0
all,0.1000,wor-uniform,204,0.026440858840942383,1.0
all,0.1000,wor-active,205,0.024162963032722473,1.0
all,0.1000,wor-uniform,205,0.02639506757259369,1.0
all,0.1000,wor-active,206,0.023237943649291992,1.0
all,0.1000,wor-uniform,206,0.025264084339141846,1.0
all,0.1000,wor-active,207,0.02296459674835205,1.0
all,0.1000,wor-uniform,207,0.027845144271850586,1.0
all,0.1000,wor-active,208,0.023543715476989746,1.0
all,0.1000,wor-uniform,208,0.02701224386692047,1.0
all,0.1000,wor-active,209,0.023092806339263916,1.0
all,0.1000,wor-uniform,209,0.025538146495819092,1.0
all,0.1000,wor-active,210,0.024708569049835205,1.0
all,0.1000,wor-uniform,210,0.02760203182697296,1.0
all,0.1000,wor-active,211,0.024564146995544434,1.0
all,0.1000,wor-uniform,211,0.026769772171974182,1.0
all,0.1000,wor-active,212,0.022761747241020203,1.0
all,0.1000,wor-uniform,212,0.026493683457374573,1.0
all,0.1000,wor-active,213,0.02506089210510254,1.0
all,0.1000,wor-uniform,213,0.026750072836875916,1.0
all,0.1000,wor-active,214,0.023431897163391113,1.0
all,0.1000,wor-uniform,214,0.02722269296646118,1.0
all,0.1000,wor-active,215,0.024401843547821045,1.0
all,0.1000,wor-uniform,215,0.027370095252990723,1.0
all,0.1000,wor-active,216,0.02576392889022827,1.0
all,0.1000,wor-uniform,216,0.025390833616256714,1.0
all,0.1000,wor-active,217,0.023980453610420227,1.0
all,0.1000,wor-uniform,217,0.025898635387420654,1.0
all,0.1000,wor-active,218,0.022038519382476807,1.0
all,0.1000,wor-uniform,218,0.026848435401916504,1.0
all,0.1000,wor-active,219,0.02356751263141632,1.0
all,0.1000,wor-uniform,219,0.027919277548789978,1.0
all,0.1000,wor-active,220,0.022190213203430176,1.0
all,0.1000,wor-uniform,220,0.026347562670707703,1.0
all,0.1000,wor-active,221,0.023673534393310547,1.0
all,0.1000,wor-uniform,221,0.025336265563964844,1.0
all,0.1000,wor-active,222,0.023686885833740234,1.0
all,0.1000,wor-uniform,222,0.025239601731300354,1.0
all,0.1000,wor-active,223,0.022888243198394775,1.0
all,0.1000,wor-uniform,223,0.026351407170295715,1.0
all,0.1000,wor-active,224,0.02497464418411255,1.0
all,0.1000,wor-uniform,224,0.02685171365737915,1.0
all,0.1000,wor-active,225,0.02517402172088623,0.0
all,0.1000,wor-uniform,225,0.024430856108665466,1.0
all,0.1000,wor-active,226,0.022609829902648926,1.0
all,0.1000,wor-uniform,226,0.026850104331970215,1.0
all,0.1000,wor-active,227,0.022338807582855225,1.0
all,0.1000,wor-uniform,227,0.026257753372192383,1.0
all,0.1000,wor-active,228,0.021841347217559814,1.0
all,0.1000,wor-uniform,228,0.026972785592079163,1.0
all,0.1000,wor-active,229,0.023425862193107605,1.0
all,0.1000,wor-uniform,229,0.0254814475774765,1.0
all,0.1000,wor-active,230,0.025345146656036377,1.0
all,0.1000,wor-uniform,230,0.027461588382720947,1.0
all,0.1000,wor-active,231,0.021313920617103577,1.0
all,0.1000,wor-uniform,231,0.027080774307250977,1.0
all,0.1000,wor-active,232,0.023311138153076172,1.0
all,0.1000,wor-uniform,232,0.025927305221557617,1.0
all,0.1000,wor-active,233,0.02542942762374878,1.0
all,0.1000,wor-uniform,233,0.026586756110191345,1.0
all,0.1000,wor-active,234,0.023347437381744385,1.0
all,0.1000,wor-uniform,234,0.0280534029006958,1.0
all,0.1000,wor-active,235,0.02340419590473175,1.0
all,0.1000,wor-uniform,235,0.02628706395626068,1.0
all,0.1000,wor-active,236,0.023555442690849304,1.0
all,0.1000,wor-uniform,236,0.02774178981781006,0.0
all,0.1000,wor-active,237,0.02384769916534424,1.0
all,0.1000,wor-uniform,237,0.02619493007659912,1.0
all,0.1000,wor-active,238,0.022275030612945557,1.0
all,0.1000,wor-uniform,238,0.02727729082107544,1.0
all,0.1000,wor-active,239,0.024314403533935547,1.0
all,0.1000,wor-uniform,239,0.02688068151473999,1.0
all,0.1000,wor-active,240,0.025091588497161865,1.0
all,0.1000,wor-uniform,240,0.02620236575603485,1.0
all,0.1000,wor-active,241,0.02600020170211792,1.0
all,0.1000,wor-uniform,241,0.027507245540618896,1.0
all,0.1000,wor-active,242,0.025233685970306396,1.0
all,0.1000,wor-uniform,242,0.027651190757751465,1.0
all,0.1000,wor-active,243,0.021974921226501465,1.0
all,0.1000,wor-uniform,243,0.025863289833068848,1.0
all,0.1000,wor-active,244,0.02419799566268921,1.0
all,0.1000,wor-uniform,244,0.02639174461364746,1.0
all,0.1000,wor-active,245,0.02618885040283203,1.0
all,0.1000,wor-uniform,245,0.026424705982208252,1.0
all,0.1000,wor-active,246,0.02359527349472046,1.0
all,0.1000,wor-uniform,246,0.027271941304206848,1.0
all,0.1000,wor-active,247,0.02386641502380371,1.0
all,0.1000,wor-uniform,247,0.02735067903995514,1.0
all,0.1000,wor-active,248,0.022611021995544434,1.0
all,0.1000,wor-uniform,248,0.027278780937194824,1.0
all,0.1000,wor-active,249,0.02386164665222168,1.0
all,0.1000,wor-uniform,249,0.026294901967048645,1.0
all,0.1000,wor-active,250,0.02445577085018158,1.0
all,0.1000,wor-uniform,250,0.02560180425643921,1.0
all,0.1000,wor-active,251,0.022828280925750732,1.0
all,0.1000,wor-uniform,251,0.026678428053855896,1.0
all,0.1000,wor-active,252,0.0247458815574646,1.0
all,0.1000,wor-uniform,252,0.026687130331993103,1.0
all,0.1000,wor-active,253,0.022632405161857605,1.0
all,0.1000,wor-uniform,253,0.02644580602645874,1.0
all,0.1000,wor-active,254,0.022851109504699707,1.0
all,0.1000,wor-uniform,254,0.026106730103492737,1.0
all,0.1000,wor-active,255,0.022938191890716553,1.0
all,0.1000,wor-uniform,255,0.025173723697662354,1.0
all,0.1000,wor-active,256,0.022627949714660645,1.0
all,0.1000,wor-uniform,256,0.02685415744781494,0.0
all,0.1000,wor-active,257,0.023927688598632812,1.0
all,0.1000,wor-uniform,257,0.02678966522216797,1.0
all,0.1000,wor-active,258,0.02323049306869507,1.0
all,0.1000,wor-uniform,258,0.02707761526107788,1.0
all,0.1000,wor-active,259,0.023577094078063965,1.0
all,0.1000,wor-uniform,259,0.02508491277694702,1.0
all,0.1000,wor-active,260,0.02477341890335083,1.0
all,0.1000,wor-uniform,260,0.027873575687408447,1.0
all,0.1000,wor-active,261,0.023362696170806885,0.0
all,0.1000,wor-uniform,261,0.02488166093826294,1.0
all,0.1000,wor-active,262,0.025630176067352295,1.0
all,0.1000,wor-uniform,262,0.026514932513237,1.0
all,0.1000,wor-active,263,0.024068474769592285,1.0
all,0.1000,wor-uniform,263,0.026626750826835632,1.0
all,0.1000,wor-active,264,0.023285329341888428,1.0
all,0.1000,wor-uniform,264,0.025771424174308777,1.0
all,0.1000,wor-active,265,0.022986426949501038,1.0
all,0.1000,wor-uniform,265,0.028095677495002747,1.0
all,0.1000,wor-active,266,0.02328115701675415,1.0
all,0.1000,wor-uniform,266,0.026993870735168457,1.0
all,0.1000,wor-active,267,0.0243149995803833,1.0
all,0.1000,wor-uniform,267,0.02679729461669922,1.0
all,0.1000,wor-active,268,0.02298557758331299,1.0
all,0.1000,wor-uniform,268,0.026546955108642578,1.0
all,0.1000,wor-active,269,0.02408064901828766,1.0
all,0.1000,wor-uniform,269,0.02628612518310547,1.0
all,0.1000,wor-active,270,0.024672210216522217,1.0
all,0.1000,wor-uniform,270,0.027303755283355713,1.0
all,0.1000,wor-active,271,0.023027777671813965,1.0
all,0.1000,wor-uniform,271,0.027465641498565674,1.0
all,0.1000,wor-active,272,0.025178134441375732,1.0
all,0.1000,wor-uniform,272,0.026691317558288574,1.0
all,0.1000,wor-active,273,0.023695409297943115,1.0
all,0.1000,wor-uniform,273,0.025279030203819275,1.0
all,0.1000,wor-active,274,0.022670090198516846,1.0
all,0.1000,wor-uniform,274,0.02797478437423706,0.0
all,0.1000,wor-active,275,0.022587254643440247,1.0
all,0.1000,wor-uniform,275,0.025497853755950928,1.0
all,0.1000,wor-active,276,0.02403371036052704,1.0
all,0.1000,wor-uniform,276,0.02674134075641632,1.0
all,0.1000,wor-active,277,0.023608341813087463,1.0
all,0.1000,wor-uniform,277,0.026091888546943665,1.0
all,0.1000,wor-active,278,0.0238492488861084,1.0
all,0.1000,wor-uniform,278,0.027937650680541992,1.0
all,0.1000,wor-active,279,0.02367129921913147,1.0
all,0.1000,wor-uniform,279,0.026204049587249756,1.0
all,0.1000,wor-active,280,0.024371027946472168,1.0
all,0.1000,wor-uniform,280,0.025027096271514893,1.0
all,0.1000,wor-active,281,0.024018988013267517,1.0
all,0.1000,wor-uniform,281,0.026862680912017822,1.0
all,0.1000,wor-active,282,0.023643434047698975,1.0
all,0.1000,wor-uniform,282,0.026944458484649658,1.0
all,0.1000,wor-active,283,0.025358036160469055,1.0
all,0.1000,wor-uniform,283,0.02730335295200348,1.0
all,0.1000,wor-active,284,0.022611558437347412,1.0
all,0.1000,wor-uniform,284,0.027020424604415894,1.0
all,0.1000,wor-active,285,0.02287471294403076,1.0
all,0.1000,wor-uniform,285,0.027177616953849792,1.0
all,0.1000,wor-active,286,0.02361088991165161,1.0
all,0.1000,wor-uniform,286,0.02754920721054077,1.0
all,0.1000,wor-active,287,0.02303580939769745,1.0
all,0.1000,wor-uniform,287,0.026153698563575745,1.0
all,0.1000,wor-active,288,0.02325493097305298,1.0
all,0.1000,wor-uniform,288,0.026271820068359375,1.0
all,0.1000,wor-active,289,0.024388611316680908,1.0
all,0.1000,wor-uniform,289,0.026606261730194092,1.0
all,0.1000,wor-active,290,0.023614048957824707,1.0
all,0.1000,wor-uniform,290,0.02674388885498047,1.0
all,0.1000,wor-active,291,0.02206319570541382,1.0
all,0.1000,wor-uniform,291,0.02633345127105713,1.0
all,0.1000,wor-active,292,0.02240864932537079,1.0
all,0.1000,wor-uniform,292,0.026740312576293945,1.0
all,0.1000,wor-active,293,0.023518458008766174,1.0
all,0.1000,wor-uniform,293,0.0267745703458786,1.0
all,0.1000,wor-active,294,0.02355097234249115,0.0
all,0.1000,wor-uniform,294,0.026768356561660767,1.0
all,0.1000,wor-active,295,0.02208109200000763,1.0
all,0.1000,wor-uniform,295,0.027351990342140198,1.0
all,0.1000,wor-active,296,0.02315540611743927,1.0
all,0.1000,wor-uniform,296,0.026264548301696777,1.0
all,0.1000,wor-active,297,0.02367018163204193,1.0
all,0.1000,wor-uniform,297,0.02684648334980011,1.0
all,0.1000,wor-active,298,0.02267669141292572,1.0
all,0.1000,wor-uniform,298,0.02716958522796631,1.0
all,0.1000,wor-active,299,0.025778234004974365,0.0
all,0.1000,wor-uniform,299,0.027481794357299805,1.0
all,0.1000,wor-active,300,0.022408246994018555,1.0
all,0.1000,wor-uniform,300,0.02509985864162445,1.0
all,0.1000,wor-active,301,0.025326251983642578,1.0
all,0.1000,wor-uniform,301,0.02663581073284149,1.0
all,0.1000,wor-active,302,0.0226668119430542,1.0
all,0.1000,wor-uniform,302,0.028269052505493164,0.0
all,0.1000,wor-active,303,0.02181345224380493,1.0
all,0.1000,wor-uniform,303,0.0265311598777771,1.0
all,0.1000,wor-active,304,0.022615358233451843,1.0
all,0.1000,wor-uniform,304,0.026768028736114502,0.0
all,0.1000,wor-active,305,0.025141775608062744,1.0
all,0.1000,wor-uniform,305,0.026000797748565674,1.0
all,0.1000,wor-active,306,0.02122846245765686,1.0
all,0.1000,wor-uniform,306,0.02608245611190796,1.0
all,0.1000,wor-active,307,0.022919893264770508,1.0
all,0.1000,wor-uniform,307,0.02614724636077881,1.0
all,0.1000,wor-active,308,0.023464620113372803,1.0
all,0.1000,wor-uniform,308,0.025657400488853455,1.0
all,0.1000,wor-active,309,0.024004459381103516,1.0
all,0.1000,wor-uniform,309,0.02806396782398224,1.0
all,0.1000,wor-active,310,0.023032143712043762,1.0
all,0.1000,wor-uniform,310,0.02594846487045288,1.0
all,0.1000,wor-active,311,0.024665892124176025,1.0
all,0.1000,wor-uniform,311,0.02771449089050293,1.0
all,0.1000,wor-active,312,0.025158867239952087,1.0
all,0.1000,wor-uniform,312,0.026622191071510315,1.0
all,0.1000,wor-active,313,0.02385544776916504,1.0
all,0.1000,wor-uniform,313,0.02687154710292816,1.0
all,0.1000,wor-active,314,0.02352231740951538,1.0
all,0.1000,wor-uniform,314,0.026794850826263428,1.0
all,0.1000,wor-active,315,0.024754345417022705,1.0
all,0.1000,wor-uniform,315,0.026505380868911743,1.0
all,0.1000,wor-active,316,0.024459585547447205,1.0
all,0.1000,wor-uniform,316,0.025048911571502686,1.0
all,0.1000,wor-active,317,0.024930357933044434,1.0
all,0.1000,wor-uniform,317,0.027281463146209717,1.0
all,0.1000,wor-active,318,0.024144113063812256,1.0
all,0.1000,wor-uniform,318,0.02713775634765625,1.0
all,0.1000,wor-active,319,0.023166179656982422,1.0
all,0.1000,wor-uniform,319,0.026787877082824707,1.0
all,0.1000,wor-active,320,0.02290266752243042,1.0
all,0.1000,wor-uniform,320,0.027559995651245117,1.0
all,0.1000,wor-active,321,0.02365410327911377,1.0
all,0.1000,wor-uniform,321,0.026837214827537537,1.0
all,0.1000,wor-active,322,0.0237237811088562,1.0
all,0.1000,wor-uniform,322,0.027462661266326904,1.0
all,0.1000,wor-active,323,0.024841949343681335,1.0
all,0.1000,wor-uniform,323,0.026666224002838135,1.0
all,0.1000,wor-active,324,0.023882314562797546,1.0
all,0.1000,wor-uniform,324,0.027410149574279785,1.0
all,0.1000,wor-active,325,0.024159789085388184,1.0
all,0.1000,wor-uniform,325,0.026427999138832092,1.0
all,0.1000,wor-active,326,0.024895861744880676,1.0
all,0.1000,wor-uniform,326,0.02649867534637451,1.0
all,0.1000,wor-active,327,0.023731932044029236,1.0
all,0.1000,wor-uniform,327,0.026317939162254333,0.0
all,0.1000,wor-active,328,0.023463532328605652,1.0
all,0.1000,wor-uniform,328,0.027928173542022705,1.0
all,0.1000,wor-active,329,0.023059114813804626,1.0
all,0.1000,wor-uniform,329,0.02822774648666382,1.0
all,0.1000,wor-active,330,0.024899661540985107,1.0
all,0.1000,wor-uniform,330,0.024958550930023193,1.0
all,0.1000,wor-active,331,0.025075137615203857,1.0
all,0.1000,wor-uniform,331,0.025994181632995605,1.0
all,0.1000,wor-active,332,0.02401876449584961,1.0
all,0.1000,wor-uniform,332,0.027454480528831482,1.0
all,0.1100,wor-active,0,0.02294038236141205,1.0
all,0.1100,wor-uniform,0,0.0257108211517334,1.0
all,0.1100,wor-active,1,0.023035764694213867,1.0
all,0.1100,wor-uniform,1,0.025966063141822815,1.0
all,0.1100,wor-active,2,0.021816551685333252,1.0
all,0.1100,wor-uniform,2,0.0251292884349823,1.0
all,0.1100,wor-active,3,0.02154362201690674,1.0
all,0.1100,wor-uniform,3,0.025749146938323975,1.0
all,0.1100,wor-active,4,0.023439347743988037,1.0
all,0.1100,wor-uniform,4,0.024938657879829407,1.0
all,0.1100,wor-active,5,0.023049190640449524,1.0
all,0.1100,wor-uniform,5,0.02591121196746826,1.0
all,0.1100,wor-active,6,0.025842487812042236,0.0
all,0.1100,wor-uniform,6,0.02477872371673584,1.0
all,0.1100,wor-active,7,0.024317383766174316,1.0
all,0.1100,wor-uniform,7,0.02520129084587097,1.0
all,0.1100,wor-active,8,0.022648930549621582,1.0
all,0.1100,wor-uniform,8,0.02565699815750122,1.0
all,0.1100,wor-active,9,0.023853719234466553,1.0
all,0.1100,wor-uniform,9,0.02536672353744507,1.0
all,0.1100,wor-active,10,0.02325896918773651,1.0
all,0.1100,wor-uniform,10,0.02500784397125244,1.0
all,0.1100,wor-active,11,0.024020254611968994,1.0
all,0.1100,wor-uniform,11,0.024285122752189636,1.0
all,0.1100,wor-active,12,0.023973166942596436,1.0
all,0.1100,wor-uniform,12,0.02571427822113037,1.0
all,0.1100,wor-active,13,0.025106489658355713,1.0
all,0.1100,wor-uniform,13,0.02570873498916626,1.0
all,0.1100,wor-active,14,0.022752702236175537,1.0
all,0.1100,wor-uniform,14,0.025677025318145752,0.0
all,0.1100,wor-active,15,0.022668883204460144,1.0
all,0.1100,wor-uniform,15,0.025445222854614258,1.0
all,0.1100,wor-active,16,0.023475944995880127,1.0
all,0.1100,wor-uniform,16,0.025630414485931396,1.0
all,0.1100,wor-active,17,0.02302497625350952,1.0
all,0.1100,wor-uniform,17,0.02468883991241455,1.0
all,0.1100,wor-active,18,0.023914694786071777,1.0
all,0.1100,wor-uniform,18,0.0252913236618042,1.0
all,0.1100,wor-active,19,0.02134266495704651,0.0
all,0.1100,wor-uniform,19,0.025777950882911682,1.0
all,0.1100,wor-active,20,0.02134855091571808,1.0
all,0.1100,wor-uniform,20,0.025314748287200928,1.0
all,0.1100,wor-active,21,0.02289605140686035,1.0
all,0.1100,wor-uniform,21,0.025990977883338928,1.0
all,0.1100,wor-active,22,0.02283976972103119,1.0
all,0.1100,wor-uniform,22,0.025241419672966003,1.0
all,0.1100,wor-active,23,0.023420333862304688,1.0
all,0.1100,wor-uniform,23,0.024890363216400146,1.0
all,0.1100,wor-active,24,0.02307349443435669,1.0
all,0.1100,wor-uniform,24,0.02469104528427124,1.0
all,0.1100,wor-active,25,0.023185625672340393,1.0
all,0.1100,wor-uniform,25,0.025301694869995117,1.0
all,0.1100,wor-active,26,0.023138120770454407,1.0
all,0.1100,wor-uniform,26,0.026188910007476807,1.0
all,0.1100,wor-active,27,0.020014598965644836,1.0
all,0.1100,wor-uniform,27,0.026290953159332275,0.0
all,0.1100,wor-active,28,0.02278798818588257,1.0
all,0.1100,wor-uniform,28,0.024990513920783997,1.0
all,0.1100,wor-active,29,0.02226772904396057,0.0
all,0.1100,wor-uniform,29,0.025555238127708435,1.0
all,0.1100,wor-active,30,0.023090168833732605,1.0
all,0.1100,wor-uniform,30,0.025558531284332275,1.0
all,0.1100,wor-active,31,0.022773563861846924,1.0
all,0.1100,wor-uniform,31,0.02466060221195221,1.0
all,0.1100,wor-active,32,0.0222843736410141,1.0
all,0.1100,wor-uniform,32,0.026048123836517334,1.0
all,0.1100,wor-active,33,0.02314351499080658,1.0
all,0.1100,wor-uniform,33,0.024250268936157227,1.0
all,0.1100,wor-active,34,0.023173272609710693,1.0
all,0.1100,wor-uniform,34,0.02517002820968628,1.0
all,0.1100,wor-active,35,0.020688161253929138,1.0
all,0.1100,wor-uniform,35,0.02577275037765503,1.0
all,0.1100,wor-active,36,0.021536707878112793,1.0
all,0.1100,wor-uniform,36,0.025713622570037842,1.0
all,0.1100,wor-active,37,0.022007152438163757,1.0
all,0.1100,wor-uniform,37,0.025709092617034912,1.0
all,0.1100,wor-active,38,0.022517383098602295,1.0
all,0.1100,wor-uniform,38,0.024479925632476807,1.0
all,0.1100,wor-active,39,0.02452617883682251,1.0
all,0.1100,wor-uniform,39,0.025993645191192627,1.0
all,0.1100,wor-active,40,0.024688497185707092,1.0
all,0.1100,wor-uniform,40,0.02556365728378296,1.0
all,0.1100,wor-active,41,0.020783305168151855,1.0
all,0.1100,wor-uniform,41,0.02492070198059082,1.0
all,0.1100,wor-active,42,0.022541269659996033,1.0
all,0.1100,wor-uniform,42,0.02475254237651825,1.0
all,0.1100,wor-active,43,0.02213473618030548,1.0
all,0.1100,wor-uniform,43,0.025620698928833008,1.0
all,0.1100,wor-active,44,0.021934643387794495,1.0
all,0.1100,wor-uniform,44,0.02560979127883911,1.0
all,0.1100,wor-active,45,0.023149609565734863,1.0
all,0.1100,wor-uniform,45,0.025503620505332947,1.0
all,0.1100,wor-active,46,0.021864846348762512,1.0
all,0.1100,wor-uniform,46,0.025318965315818787,1.0
all,0.1100,wor-active,47,0.022269368171691895,1.0
all,0.1100,wor-uniform,47,0.02520686388015747,1.0
all,0.1100,wor-active,48,0.02300196886062622,1.0
all,0.1100,wor-uniform,48,0.025475218892097473,1.0
all,0.1100,wor-active,49,0.02296590805053711,1.0
all,0.1100,wor-uniform,49,0.025995314121246338,1.0
all,0.1100,wor-active,50,0.021934866905212402,1.0
all,0.1100,wor-uniform,50,0.02593235671520233,1.0
all,0.1100,wor-active,51,0.022939443588256836,1.0
all,0.1100,wor-uniform,51,0.024899914860725403,1.0
all,0.1100,wor-active,52,0.021927177906036377,0.0
all,0.1100,wor-uniform,52,0.02545750141143799,1.0
all,0.1100,wor-active,53,0.02161318063735962,1.0
all,0.1100,wor-uniform,53,0.024418935179710388,1.0
all,0.1100,wor-active,54,0.021625280380249023,1.0
all,0.1100,wor-uniform,54,0.0241849422454834,1.0
all,0.1100,wor-active,55,0.02123984694480896,0.0
all,0.1100,wor-uniform,55,0.025088369846343994,0.0
all,0.1100,wor-active,56,0.023415222764015198,1.0
all,0.1100,wor-uniform,56,0.02520368993282318,1.0
all,0.1100,wor-active,57,0.021878182888031006,1.0
all,0.1100,wor-uniform,57,0.025371313095092773,1.0
all,0.1100,wor-active,58,0.022531434893608093,1.0
all,0.1100,wor-uniform,58,0.024715915322303772,1.0
all,0.1100,wor-active,59,0.02292400598526001,1.0
all,0.1100,wor-uniform,59,0.024715781211853027,1.0
all,0.1100,wor-active,60,0.022864699363708496,0.0
all,0.1100,wor-uniform,60,0.024755775928497314,1.0
all,0.1100,wor-active,61,0.02332174777984619,1.0
all,0.1100,wor-uniform,61,0.025336503982543945,1.0
all,0.1100,wor-active,62,0.022172987461090088,1.0
all,0.1100,wor-uniform,62,0.026364028453826904,1.0
all,0.1100,wor-active,63,0.0216711163520813,1.0
all,0.1100,wor-uniform,63,0.025408044457435608,1.0
all,0.1100,wor-active,64,0.02217097580432892,1.0
all,0.1100,wor-uniform,64,0.025609850883483887,0.0
all,0.1100,wor-active,65,0.024481654167175293,1.0
all,0.1100,wor-uniform,65,0.026181161403656006,1.0
all,0.1100,wor-active,66,0.01965571939945221,0.0
all,0.1100,wor-uniform,66,0.025581717491149902,1.0
all,0.1100,wor-active,67,0.022983551025390625,1.0
all,0.1100,wor-uniform,67,0.025632917881011963,1.0
all,0.1100,wor-active,68,0.022617578506469727,1.0
all,0.1100,wor-uniform,68,0.026226580142974854,1.0
all,0.1100,wor-active,69,0.023977354168891907,1.0
all,0.1100,wor-uniform,69,0.024074316024780273,1.0
all,0.1100,wor-active,70,0.023307040333747864,1.0
all,0.1100,wor-uniform,70,0.02530491352081299,1.0
all,0.1100,wor-active,71,0.02345360815525055,1.0
all,0.1100,wor-uniform,71,0.025729238986968994,1.0
all,0.1100,wor-active,72,0.021808385848999023,1.0
all,0.1100,wor-uniform,72,0.025811970233917236,1.0
all,0.1100,wor-active,73,0.021923184394836426,0.0
all,0.1100,wor-uniform,73,0.025973498821258545,1.0
all,0.1100,wor-active,74,0.02213047444820404,1.0
all,0.1100,wor-uniform,74,0.02576756477355957,1.0
all,0.1100,wor-active,75,0.02290421724319458,1.0
all,0.1100,wor-uniform,75,0.024283647537231445,1.0
all,0.1100,wor-active,76,0.02178037166595459,1.0
all,0.1100,wor-uniform,76,0.025349915027618408,1.0
all,0.1100,wor-active,77,0.021357476711273193,0.0
all,0.1100,wor-uniform,77,0.02609574794769287,1.0
all,0.1100,wor-active,78,0.020074620842933655,1.0
all,0.1100,wor-uniform,78,0.02500736713409424,1.0
all,0.1100,wor-active,79,0.022160351276397705,1.0
all,0.1100,wor-uniform,79,0.024902716279029846,1.0
all,0.1100,wor-active,80,0.023238718509674072,1.0
all,0.1100,wor-uniform,80,0.024950817227363586,1.0
all,0.1100,wor-active,81,0.02244943380355835,1.0
all,0.1100,wor-uniform,81,0.025010108947753906,1.0
all,0.1100,wor-active,82,0.0252993106842041,1.0
all,0.1100,wor-uniform,82,0.026641488075256348,1.0
all,0.1100,wor-active,83,0.023082256317138672,1.0
all,0.1100,wor-uniform,83,0.025371432304382324,1.0
all,0.1100,wor-active,84,0.022440612316131592,1.0
all,0.1100,wor-uniform,84,0.025081992149353027,1.0
all,0.1100,wor-active,85,0.023609161376953125,1.0
all,0.1100,wor-uniform,85,0.025733336806297302,1.0
all,0.1100,wor-active,86,0.022539928555488586,1.0
all,0.1100,wor-uniform,86,0.026114627718925476,1.0
all,0.1100,wor-active,87,0.021029457449913025,1.0
all,0.1100,wor-uniform,87,0.025085806846618652,1.0
all,0.1100,wor-active,88,0.022139370441436768,1.0
all,0.1100,wor-uniform,88,0.025496825575828552,1.0
all,0.1100,wor-active,89,0.022015869617462158,1.0
all,0.1100,wor-uniform,89,0.02622002363204956,1.0
all,0.1100,wor-active,90,0.023009896278381348,1.0
all,0.1100,wor-uniform,90,0.025399386882781982,1.0
all,0.1100,wor-active,91,0.023936569690704346,0.0
all,0.1100,wor-uniform,91,0.026136159896850586,1.0
all,0.1100,wor-active,92,0.02273218333721161,1.0
all,0.1100,wor-uniform,92,0.02509598433971405,1.0
all,0.1100,wor-active,93,0.02103888988494873,1.0
all,0.1100,wor-uniform,93,0.025121331214904785,1.0
all,0.1100,wor-active,94,0.022444412112236023,1.0
all,0.1100,wor-uniform,94,0.024766862392425537,1.0
all,0.1100,wor-active,95,0.022242471575737,1.0
all,0.1100,wor-uniform,95,0.025005683302879333,1.0
all,0.1100,wor-active,96,0.02072368562221527,1.0
all,0.1100,wor-uniform,96,0.02589207887649536,1.0
all,0.1100,wor-active,97,0.02265004813671112,1.0
all,0.1100,wor-uniform,97,0.02612590789794922,1.0
all,0.1100,wor-active,98,0.021502673625946045,1.0
all,0.1100,wor-uniform,98,0.024904608726501465,1.0
all,0.1100,wor-active,99,0.02206842601299286,1.0
all,0.1100,wor-uniform,99,0.02542024850845337,1.0
all,0.1100,wor-active,100,0.022575631737709045,1.0
all,0.1100,wor-uniform,100,0.024642765522003174,1.0
all,0.1100,wor-active,101,0.02272975444793701,1.0
all,0.1100,wor-uniform,101,0.02468438446521759,1.0
all,0.1100,wor-active,102,0.021295785903930664,1.0
all,0.1100,wor-uniform,102,0.025078177452087402,1.0
all,0.1100,wor-active,103,0.02236771583557129,1.0
all,0.1100,wor-uniform,103,0.024718821048736572,1.0
all,0.1100,wor-active,104,0.023591697216033936,1.0
all,0.1100,wor-uniform,104,0.025004565715789795,1.0
all,0.1100,wor-active,105,0.023468777537345886,1.0
all,0.1100,wor-uniform,105,0.026262864470481873,1.0
all,0.1100,wor-active,106,0.022305965423583984,1.0
all,0.1100,wor-uniform,106,0.025756120681762695,1.0
all,0.1100,wor-active,107,0.021190360188484192,1.0
all,0.1100,wor-uniform,107,0.024224787950515747,1.0
all,0.1100,wor-active,108,0.02325838804244995,1.0
all,0.1100,wor-uniform,108,0.024050772190093994,1.0
all,0.1100,wor-active,109,0.021231889724731445,1.0
all,0.1100,wor-uniform,109,0.025507375597953796,1.0
all,0.1100,wor-active,110,0.02106134593486786,1.0
all,0.1100,wor-uniform,110,0.024972200393676758,1.0
all,0.1100,wor-active,111,0.02238275110721588,1.0
all,0.1100,wor-uniform,111,0.025268450379371643,1.0
all,0.1100,wor-active,112,0.0233011394739151,1.0
all,0.1100,wor-uniform,112,0.025026142597198486,1.0
all,0.1100,wor-active,113,0.022506773471832275,1.0
all,0.1100,wor-uniform,113,0.024470746517181396,1.0
all,0.1100,wor-active,114,0.02237248420715332,1.0
all,0.1100,wor-uniform,114,0.024488717317581177,1.0
all,0.1100,wor-active,115,0.023090094327926636,1.0
all,0.1100,wor-uniform,115,0.024781987071037292,1.0
all,0.1100,wor-active,116,0.023956298828125,1.0
all,0.1100,wor-uniform,116,0.024204552173614502,1.0
all,0.1100,wor-active,117,0.02163161337375641,1.0
all,0.1100,wor-uniform,117,0.024978086352348328,1.0
all,0.1100,wor-active,118,0.02190554141998291,1.0
all,0.1100,wor-uniform,118,0.02649366855621338,1.0
all,0.1100,wor-active,119,0.023878514766693115,1.0
all,0.1100,wor-uniform,119,0.02702617645263672,1.0
all,0.1100,wor-active,120,0.0214950293302536,0.0
all,0.1100,wor-uniform,120,0.025259733200073242,1.0
all,0.1100,wor-active,121,0.024114534258842468,1.0
all,0.1100,wor-uniform,121,0.0254899263381958,1.0
all,0.1100,wor-active,122,0.02403324842453003,0.0
all,0.1100,wor-uniform,122,0.026719510555267334,0.0
all,0.1100,wor-active,123,0.02332848310470581,1.0
all,0.1100,wor-uniform,123,0.024766147136688232,1.0
all,0.1100,wor-active,124,0.021645724773406982,1.0
all,0.1100,wor-uniform,124,0.025278836488723755,0.0
all,0.1100,wor-active,125,0.02104790508747101,1.0
all,0.1100,wor-uniform,125,0.024633288383483887,1.0
all,0.1100,wor-active,126,0.02289140224456787,1.0
all,0.1100,wor-uniform,126,0.025237977504730225,1.0
all,0.1100,wor-active,127,0.023406147956848145,1.0
all,0.1100,wor-uniform,127,0.0260581374168396,1.0
all,0.1100,wor-active,128,0.0214502215385437,1.0
all,0.1100,wor-uniform,128,0.02536928653717041,1.0
all,0.1100,wor-active,129,0.022515833377838135,1.0
all,0.1100,wor-uniform,129,0.025135457515716553,1.0
all,0.1100,wor-active,130,0.021932125091552734,1.0
all,0.1100,wor-uniform,130,0.024974822998046875,1.0
all,0.1100,wor-active,131,0.0245019793510437,1.0
all,0.1100,wor-uniform,131,0.02445054054260254,1.0
all,0.1100,wor-active,132,0.022861942648887634,1.0
all,0.1100,wor-uniform,132,0.02503722906112671,1.0
all,0.1100,wor-active,133,0.022530019283294678,1.0
all,0.1100,wor-uniform,133,0.025387108325958252,1.0
all,0.1100,wor-active,134,0.023230433464050293,1.0
all,0.1100,wor-uniform,134,0.025791406631469727,1.0
all,0.1100,wor-active,135,0.021308183670043945,1.0
all,0.1100,wor-uniform,135,0.025548338890075684,1.0
all,0.1100,wor-active,136,0.02170725166797638,1.0
all,0.1100,wor-uniform,136,0.02547566592693329,1.0
all,0.1100,wor-active,137,0.022384092211723328,1.0
all,0.1100,wor-uniform,137,0.024659276008605957,1.0
all,0.1100,wor-active,138,0.022048160433769226,1.0
all,0.1100,wor-uniform,138,0.025225400924682617,1.0
all,0.1100,wor-active,139,0.023527085781097412,1.0
all,0.1100,wor-uniform,139,0.027370691299438477,1.0
all,0.1100,wor-active,140,0.02297118306159973,1.0
all,0.1100,wor-uniform,140,0.026586711406707764,1.0
all,0.1100,wor-active,141,0.022067248821258545,0.0
all,0.1100,wor-uniform,141,0.025622546672821045,1.0
all,0.1100,wor-active,142,0.023601457476615906,1.0
all,0.1100,wor-uniform,142,0.023751139640808105,1.0
all,0.1100,wor-active,143,0.022607505321502686,1.0
all,0.1100,wor-uniform,143,0.025628983974456787,1.0
all,0.1100,wor-active,144,0.022729411721229553,1.0
all,0.1100,wor-uniform,144,0.025099769234657288,1.0
all,0.1100,wor-active,145,0.02286456525325775,1.0
all,0.1100,wor-uniform,145,0.026135504245758057,1.0
all,0.1100,wor-active,146,0.02280557155609131,1.0
all,0.1100,wor-uniform,146,0.026016950607299805,1.0
all,0.1100,wor-active,147,0.02080954611301422,1.0
all,0.1100,wor-uniform,147,0.025788187980651855,1.0
all,0.1100,wor-active,148,0.020869135856628418,1.0
all,0.1100,wor-uniform,148,0.02606971561908722,1.0
all,0.1100,wor-active,149,0.022655293345451355,1.0
all,0.1100,wor-uniform,149,0.0256345272064209,1.0
all,0.1100,wor-active,150,0.023507878184318542,1.0
all,0.1100,wor-uniform,150,0.02481687068939209,1.0
all,0.1100,wor-active,151,0.020755231380462646,1.0
all,0.1100,wor-uniform,151,0.026223182678222656,0.0
all,0.1100,wor-active,152,0.022708892822265625,1.0
all,0.1100,wor-uniform,152,0.025444254279136658,1.0
all,0.1100,wor-active,153,0.02296626567840576,1.0
all,0.1100,wor-uniform,153,0.025010839104652405,1.0
all,0.1100,wor-active,154,0.022901535034179688,1.0
all,0.1100,wor-uniform,154,0.025136828422546387,1.0
all,0.1100,wor-active,155,0.02206982672214508,1.0
all,0.1100,wor-uniform,155,0.02539832890033722,0.0
all,0.1100,wor-active,156,0.022896766662597656,1.0
all,0.1100,wor-uniform,156,0.024967074394226074,1.0
all,0.1100,wor-active,157,0.022224366664886475,1.0
all,0.1100,wor-uniform,157,0.02603292465209961,1.0
all,0.1100,wor-active,158,0.021707355976104736,1.0
all,0.1100,wor-uniform,158,0.025278910994529724,1.0
all,0.1100,wor-active,159,0.020698130130767822,1.0
all,0.1100,wor-uniform,159,0.02622997760772705,1.0
all,0.1100,wor-active,160,0.02342015504837036,1.0
all,0.1100,wor-uniform,160,0.0256853848695755,1.0
all,0.1100,wor-active,161,0.021009385585784912,1.0
all,0.1100,wor-uniform,161,0.026086151599884033,1.0
all,0.1100,wor-active,162,0.02139800786972046,1.0
all,0.1100,wor-uniform,162,0.025781631469726562,1.0
all,0.1100,wor-active,163,0.02301020920276642,1.0
all,0.1100,wor-uniform,163,0.024255096912384033,1.0
all,0.1100,wor-active,164,0.019952446222305298,1.0
all,0.1100,wor-uniform,164,0.026044368743896484,1.0
all,0.1100,wor-active,165,0.0230826735496521,1.0
all,0.1100,wor-uniform,165,0.025483205914497375,1.0
all,0.1100,wor-active,166,0.021783411502838135,1.0
all,0.1100,wor-uniform,166,0.025021284818649292,0.0
all,0.1100,wor-active,167,0.023874938488006592,1.0
all,0.1100,wor-uniform,167,0.02534717321395874,1.0
all,0.1100,wor-active,168,0.023531362414360046,1.0
all,0.1100,wor-uniform,168,0.025030478835105896,1.0
all,0.1100,wor-active,169,0.02311760187149048,1.0
all,0.1100,wor-uniform,169,0.026066303253173828,1.0
all,0.1100,wor-active,170,0.022772669792175293,1.0
all,0.1100,wor-uniform,170,0.02593362331390381,0.0
all,0.1100,wor-active,171,0.02322070300579071,1.0
all,0.1100,wor-uniform,171,0.024769797921180725,1.0
all,0.1100,wor-active,172,0.02287648618221283,1.0
all,0.1100,wor-uniform,172,0.024639368057250977,1.0
all,0.1100,wor-active,173,0.021558299660682678,1.0
all,0.1100,wor-uniform,173,0.024880945682525635,1.0
all,0.1100,wor-active,174,0.023672446608543396,1.0
all,0.1100,wor-uniform,174,0.026303112506866455,1.0
all,0.1100,wor-active,175,0.02315431833267212,1.0
all,0.1100,wor-uniform,175,0.026813507080078125,1.0
all,0.1100,wor-active,176,0.022963538765907288,1.0
all,0.1100,wor-uniform,176,0.026562809944152832,1.0
all,0.1100,wor-active,177,0.02269826829433441,1.0
all,0.1100,wor-uniform,177,0.024969980120658875,1.0
all,0.1100,wor-active,178,0.022874444723129272,0.0
all,0.1100,wor-uniform,178,0.02503921091556549,1.0
all,0.1100,wor-active,179,0.024023890495300293,1.0
all,0.1100,wor-uniform,179,0.024957001209259033,1.0
all,0.1100,wor-active,180,0.020587623119354248,1.0
all,0.1100,wor-uniform,180,0.025978565216064453,1.0
all,0.1100,wor-active,181,0.021628275513648987,1.0
all,0.1100,wor-uniform,181,0.02536177635192871,1.0
all,0.1100,wor-active,182,0.02118539810180664,1.0
all,0.1100,wor-uniform,182,0.02570343017578125,1.0
all,0.1100,wor-active,183,0.022513166069984436,1.0
all,0.1100,wor-uniform,183,0.025028467178344727,1.0
all,0.1100,wor-active,184,0.02258335053920746,1.0
all,0.1100,wor-uniform,184,0.026125967502593994,1.0
all,0.1100,wor-active,185,0.022747710347175598,1.0
all,0.1100,wor-uniform,185,0.0255964994430542,1.0
all,0.1100,wor-active,186,0.022676527500152588,1.0
all,0.1100,wor-uniform,186,0.025285542011260986,1.0
all,0.1100,wor-active,187,0.020230159163475037,0.0
all,0.1100,wor-uniform,187,0.024497389793395996,1.0
all,0.1100,wor-active,188,0.02263808250427246,1.0
all,0.1100,wor-uniform,188,0.0256679505109787,1.0
all,0.1100,wor-active,189,0.022432923316955566,1.0
all,0.1100,wor-uniform,189,0.02520221471786499,1.0
all,0.1100,wor-active,190,0.022136211395263672,1.0
all,0.1100,wor-uniform,190,0.02575451135635376,1.0
all,0.1100,wor-active,191,0.022899508476257324,1.0
all,0.1100,wor-uniform,191,0.025759637355804443,0.0
all,0.1100,wor-active,192,0.023233070969581604,1.0
all,0.1100,wor-uniform,192,0.0255243182182312,1.0
all,0.1100,wor-active,193,0.022655189037322998,1.0
all,0.1100,wor-uniform,193,0.02436092495918274,1.0
all,0.1100,wor-active,194,0.022205710411071777,1.0
all,0.1100,wor-uniform,194,0.0256691575050354,1.0
all,0.1100,wor-active,195,0.021928906440734863,1.0
all,0.1100,wor-uniform,195,0.025055885314941406,1.0
all,0.1100,wor-active,196,0.022528409957885742,1.0
all,0.1100,wor-uniform,196,0.026152953505516052,1.0
all,0.1100,wor-active,197,0.023479267954826355,0.0
all,0.1100,wor-uniform,197,0.025228098034858704,1.0
all,0.1100,wor-active,198,0.02090175449848175,0.0
all,0.1100,wor-uniform,198,0.026267707347869873,1.0
all,0.1100,wor-active,199,0.024126216769218445,1.0
all,0.1100,wor-uniform,199,0.025475800037384033,1.0
all,0.1100,wor-active,200,0.023569107055664062,1.0
all,0.1100,wor-uniform,200,0.025668129324913025,1.0
all,0.1100,wor-active,201,0.021501705050468445,1.0
all,0.1100,wor-uniform,201,0.02637416124343872,1.0
all,0.1100,wor-active,202,0.02284999191761017,1.0
all,0.1100,wor-uniform,202,0.026532411575317383,0.0
all,0.1100,wor-active,203,0.022625192999839783,1.0
all,0.1100,wor-uniform,203,0.026238679885864258,1.0
all,0.1100,wor-active,204,0.02208465337753296,1.0
all,0.1100,wor-uniform,204,0.025917887687683105,1.0
all,0.1100,wor-active,205,0.021899566054344177,1.0
all,0.1100,wor-uniform,205,0.02504730224609375,1.0
all,0.1100,wor-active,206,0.02220839262008667,1.0
all,0.1100,wor-uniform,206,0.026182517409324646,1.0
all,0.1100,wor-active,207,0.02430415153503418,1.0
all,0.1100,wor-uniform,207,0.025684893131256104,1.0
all,0.1100,wor-active,208,0.021954059600830078,1.0
all,0.1100,wor-uniform,208,0.024791672825813293,1.0
all,0.1100,wor-active,209,0.021699905395507812,0.0
all,0.1100,wor-uniform,209,0.026141643524169922,1.0
all,0.1100,wor-active,210,0.02400451898574829,1.0
all,0.1100,wor-uniform,210,0.024691328406333923,1.0
all,0.1100,wor-active,211,0.02152012288570404,1.0
all,0.1100,wor-uniform,211,0.024919092655181885,1.0
all,0.1100,wor-active,212,0.024712443351745605,1.0
all,0.1100,wor-uniform,212,0.026514887809753418,0.0
all,0.1100,wor-active,213,0.022119760513305664,1.0
all,0.1100,wor-uniform,213,0.026188313961029053,1.0
all,0.1100,wor-active,214,0.01994405686855316,1.0
all,0.1100,wor-uniform,214,0.025830253958702087,1.0
all,0.1100,wor-active,215,0.02227962017059326,1.0
all,0.1100,wor-uniform,215,0.024804770946502686,1.0
all,0.1100,wor-active,216,0.022482872009277344,1.0
all,0.1100,wor-uniform,216,0.025617361068725586,1.0
all,0.1100,wor-active,217,0.02204887568950653,1.0
all,0.1100,wor-uniform,217,0.024911940097808838,1.0
all,0.1100,wor-active,218,0.02271735668182373,1.0
all,0.1100,wor-uniform,218,0.024599850177764893,1.0
all,0.1100,wor-active,219,0.020180344581604004,1.0
all,0.1100,wor-uniform,219,0.024590209126472473,0.0
all,0.1100,wor-active,220,0.02346789836883545,1.0
all,0.1100,wor-uniform,220,0.024987712502479553,1.0
all,0.1100,wor-active,221,0.021822690963745117,1.0
all,0.1100,wor-uniform,221,0.024538636207580566,1.0
all,0.1100,wor-active,222,0.022629499435424805,1.0
all,0.1100,wor-uniform,222,0.024783611297607422,1.0
all,0.1100,wor-active,223,0.02317999303340912,1.0
all,0.1100,wor-uniform,223,0.025000572204589844,1.0
all,0.1100,wor-active,224,0.0209953635931015,1.0
all,0.1100,wor-uniform,224,0.024431824684143066,1.0
all,0.1100,wor-active,225,0.022503137588500977,1.0
all,0.1100,wor-uniform,225,0.024473726749420166,1.0
all,0.1100,wor-active,226,0.021956056356430054,0.0
all,0.1100,wor-uniform,226,0.026085257530212402,1.0
all,0.1100,wor-active,227,0.020404279232025146,1.0
all,0.1100,wor-uniform,227,0.025169730186462402,1.0
all,0.1100,wor-active,228,0.021840333938598633,1.0
all,0.1100,wor-uniform,228,0.026386693120002747,1.0
all,0.1100,wor-active,229,0.021177902817726135,1.0
all,0.1100,wor-uniform,229,0.025497928261756897,1.0
all,0.1100,wor-active,230,0.022318318486213684,1.0
all,0.1100,wor-uniform,230,0.026284396648406982,1.0
all,0.1100,wor-active,231,0.020534560084342957,0.0
all,0.1100,wor-uniform,231,0.02578216791152954,1.0
all,0.1100,wor-active,232,0.02202284336090088,1.0
all,0.1100,wor-uniform,232,0.025169074535369873,1.0
all,0.1100,wor-active,233,0.022772908210754395,1.0
all,0.1100,wor-uniform,233,0.024396315217018127,1.0
all,0.1100,wor-active,234,0.022423550486564636,1.0
all,0.1100,wor-uniform,234,0.024397388100624084,1.0
all,0.1100,wor-active,235,0.02164347469806671,1.0
all,0.1100,wor-uniform,235,0.02497100830078125,1.0
all,0.1100,wor-active,236,0.02168095111846924,1.0
all,0.1100,wor-uniform,236,0.025291427969932556,1.0
all,0.1100,wor-active,237,0.022759079933166504,1.0
all,0.1100,wor-uniform,237,0.026010632514953613,1.0
all,0.1100,wor-active,238,0.021865010261535645,1.0
all,0.1100,wor-uniform,238,0.024715587496757507,1.0
all,0.1100,wor-active,239,0.021570608019828796,1.0
all,0.1100,wor-uniform,239,0.02560490369796753,1.0
all,0.1100,wor-active,240,0.021740078926086426,1.0
all,0.1100,wor-uniform,240,0.02432692050933838,1.0
all,0.1100,wor-active,241,0.021738052368164062,1.0
all,0.1100,wor-uniform,241,0.02457885444164276,1.0
all,0.1100,wor-active,242,0.023027241230010986,1.0
all,0.1100,wor-uniform,242,0.025400742888450623,1.0
all,0.1100,wor-active,243,0.022055327892303467,1.0
all,0.1100,wor-uniform,243,0.02654886245727539,1.0
all,0.1100,wor-active,244,0.021400272846221924,1.0
all,0.1100,wor-uniform,244,0.02530387043952942,1.0
all,0.1100,wor-active,245,0.021538615226745605,1.0
all,0.1100,wor-uniform,245,0.025713518261909485,1.0
all,0.1100,wor-active,246,0.022840678691864014,1.0
all,0.1100,wor-uniform,246,0.02496756613254547,1.0
all,0.1100,wor-active,247,0.02244389057159424,1.0
all,0.1100,wor-uniform,247,0.025674104690551758,1.0
all,0.1100,wor-active,248,0.022973403334617615,1.0
all,0.1100,wor-uniform,248,0.026076912879943848,0.0
all,0.1100,wor-active,249,0.024003982543945312,1.0
all,0.1100,wor-uniform,249,0.026165425777435303,1.0
all,0.1100,wor-active,250,0.023520588874816895,1.0
all,0.1100,wor-uniform,250,0.025875449180603027,1.0
all,0.1100,wor-active,251,0.023074865341186523,1.0
all,0.1100,wor-uniform,251,0.025015071034431458,1.0
all,0.1100,wor-active,252,0.02143484354019165,1.0
all,0.1100,wor-uniform,252,0.02543586492538452,1.0
all,0.1100,wor-active,253,0.022206008434295654,1.0
all,0.1100,wor-uniform,253,0.024366572499275208,1.0
all,0.1100,wor-active,254,0.02206893265247345,0.0
all,0.1100,wor-uniform,254,0.02510543167591095,1.0
all,0.1100,wor-active,255,0.022307395935058594,1.0
all,0.1100,wor-uniform,255,0.02490435540676117,1.0
all,0.1100,wor-active,256,0.02228754758834839,1.0
all,0.1100,wor-uniform,256,0.025177955627441406,1.0
all,0.1100,wor-active,257,0.02213650941848755,1.0
all,0.1100,wor-uniform,257,0.025694087147712708,1.0
all,0.1100,wor-active,258,0.022667720913887024,1.0
all,0.1100,wor-uniform,258,0.026067033410072327,1.0
all,0.1100,wor-active,259,0.0220329612493515,1.0
all,0.1100,wor-uniform,259,0.026077687740325928,0.0
all,0.1100,wor-active,260,0.02337270975112915,1.0
all,0.1100,wor-uniform,260,0.025273501873016357,1.0
all,0.1100,wor-active,261,0.022998705506324768,1.0
all,0.1100,wor-uniform,261,0.02522456645965576,1.0
all,0.1100,wor-active,262,0.023664653301239014,1.0
all,0.1100,wor-uniform,262,0.026066601276397705,1.0
all,0.1100,wor-active,263,0.02177201211452484,1.0
all,0.1100,wor-uniform,263,0.02674068510532379,1.0
all,0.1100,wor-active,264,0.024917125701904297,1.0
all,0.1100,wor-uniform,264,0.024779096245765686,1.0
all,0.1100,wor-active,265,0.022254779934883118,1.0
all,0.1100,wor-uniform,265,0.02497708797454834,1.0
all,0.1100,wor-active,266,0.022869884967803955,1.0
all,0.1100,wor-uniform,266,0.026193737983703613,1.0
all,0.1100,wor-active,267,0.02143913507461548,1.0
all,0.1100,wor-uniform,267,0.024269089102745056,1.0
all,0.1100,wor-active,268,0.022431477904319763,1.0
all,0.1100,wor-uniform,268,0.02598118782043457,1.0
all,0.1100,wor-active,269,0.02203613519668579,1.0
all,0.1100,wor-uniform,269,0.02608013153076172,1.0
all,0.1100,wor-active,270,0.023044228553771973,1.0
all,0.1100,wor-uniform,270,0.024576961994171143,1.0
all,0.1100,wor-active,271,0.021549686789512634,1.0
all,0.1100,wor-uniform,271,0.026132702827453613,1.0
all,0.1100,wor-active,272,0.022197768092155457,1.0
all,0.1100,wor-uniform,272,0.02507990598678589,1.0
all,0.1100,wor-active,273,0.024669289588928223,1.0
all,0.1100,wor-uniform,273,0.025772929191589355,1.0
all,0.1100,wor-active,274,0.021693885326385498,1.0
all,0.1100,wor-uniform,274,0.025012314319610596,1.0
all,0.1100,wor-active,275,0.02357862889766693,1.0
all,0.1100,wor-uniform,275,0.025507092475891113,1.0
all,0.1100,wor-active,276,0.022448599338531494,1.0
all,0.1100,wor-uniform,276,0.024897843599319458,0.0
all,0.1100,wor-active,277,0.023332595825195312,1.0
all,0.1100,wor-uniform,277,0.025805875658988953,1.0
all,0.1100,wor-active,278,0.021787703037261963,1.0
all,0.1100,wor-uniform,278,0.025508582592010498,1.0
all,0.1100,wor-active,279,0.022603243589401245,1.0
all,0.1100,wor-uniform,279,0.025117114186286926,1.0
all,0.1100,wor-active,280,0.021502315998077393,1.0
all,0.1100,wor-uniform,280,0.0236826092004776,1.0
all,0.1100,wor-active,281,0.02367687225341797,1.0
all,0.1100,wor-uniform,281,0.026367366313934326,1.0
all,0.1100,wor-active,282,0.022902384400367737,1.0
all,0.1100,wor-uniform,282,0.025981366634368896,1.0
all,0.1100,wor-active,283,0.02282916009426117,1.0
all,0.1100,wor-uniform,283,0.025902554392814636,1.0
all,0.1100,wor-active,284,0.02422720193862915,1.0
all,0.1100,wor-uniform,284,0.025908544659614563,1.0
all,0.1100,wor-active,285,0.020961731672286987,0.0
all,0.1100,wor-uniform,285,0.025759756565093994,1.0
all,0.1100,wor-active,286,0.02151334285736084,1.0
all,0.1100,wor-uniform,286,0.02578805387020111,1.0
all,0.1100,wor-active,287,0.022450044751167297,1.0
all,0.1100,wor-uniform,287,0.025660991668701172,1.0
all,0.1100,wor-active,288,0.02057729661464691,1.0
all,0.1100,wor-uniform,288,0.024009153246879578,1.0
all,0.1100,wor-active,289,0.023010119795799255,1.0
all,0.1100,wor-uniform,289,0.02548801898956299,1.0
all,0.1100,wor-active,290,0.020495951175689697,1.0
all,0.1100,wor-uniform,290,0.02528613805770874,1.0
all,0.1100,wor-active,291,0.024561896920204163,1.0
all,0.1100,wor-uniform,291,0.025234222412109375,1.0
all,0.1100,wor-active,292,0.02352505922317505,1.0
all,0.1100,wor-uniform,292,0.025247469544410706,1.0
all,0.1100,wor-active,293,0.022184178233146667,1.0
all,0.1100,wor-uniform,293,0.024702593684196472,1.0
all,0.1100,wor-active,294,0.02191556990146637,1.0
all,0.1100,wor-uniform,294,0.026077866554260254,1.0
all,0.1100,wor-active,295,0.024386942386627197,1.0
all,0.1100,wor-uniform,295,0.025474607944488525,1.0
all,0.1100,wor-active,296,0.02321648597717285,1.0
all,0.1100,wor-uniform,296,0.02438443899154663,1.0
all,0.1100,wor-active,297,0.022735893726348877,1.0
all,0.1100,wor-uniform,297,0.024349436163902283,1.0
all,0.1100,wor-active,298,0.022864043712615967,1.0
all,0.1100,wor-uniform,298,0.02417224645614624,1.0
all,0.1100,wor-active,299,0.0224112868309021,1.0
all,0.1100,wor-uniform,299,0.025774717330932617,1.0
all,0.1100,wor-active,300,0.02159905433654785,1.0
all,0.1100,wor-uniform,300,0.025092288851737976,1.0
all,0.1100,wor-active,301,0.020443320274353027,1.0
all,0.1100,wor-uniform,301,0.02568107843399048,1.0
all,0.1100,wor-active,302,0.021551907062530518,1.0
all,0.1100,wor-uniform,302,0.026186108589172363,1.0
all,0.1100,wor-active,303,0.023075029253959656,1.0
all,0.1100,wor-uniform,303,0.02444922924041748,1.0
all,0.1100,wor-active,304,0.022729799151420593,1.0
all,0.1100,wor-uniform,304,0.02495211362838745,1.0
all,0.1100,wor-active,305,0.023204147815704346,1.0
all,0.1100,wor-uniform,305,0.02537645399570465,1.0
all,0.1100,wor-active,306,0.02283935248851776,1.0
all,0.1100,wor-uniform,306,0.024739444255828857,1.0
all,0.1100,wor-active,307,0.021860823035240173,1.0
all,0.1100,wor-uniform,307,0.024752214550971985,1.0
all,0.1100,wor-active,308,0.023579895496368408,1.0
all,0.1100,wor-uniform,308,0.02558189630508423,1.0
all,0.1100,wor-active,309,0.021305426955223083,0.0
all,0.1100,wor-uniform,309,0.02427572011947632,1.0
all,0.1100,wor-active,310,0.023263633251190186,1.0
all,0.1100,wor-uniform,310,0.025133192539215088,1.0
all,0.1100,wor-active,311,0.021553263068199158,1.0
all,0.1100,wor-uniform,311,0.025650396943092346,1.0
all,0.1100,wor-active,312,0.022425472736358643,1.0
all,0.1100,wor-uniform,312,0.02414107322692871,1.0
all,0.1100,wor-active,313,0.02261662483215332,1.0
all,0.1100,wor-uniform,313,0.025355398654937744,1.0
all,0.1100,wor-active,314,0.022362232208251953,1.0
all,0.1100,wor-uniform,314,0.02558302879333496,1.0
all,0.1100,wor-active,315,0.021205976605415344,1.0
all,0.1100,wor-uniform,315,0.02540743350982666,1.0
all,0.1100,wor-active,316,0.021691516041755676,1.0
all,0.1100,wor-uniform,316,0.025544166564941406,1.0
all,0.1100,wor-active,317,0.02251911163330078,1.0
all,0.1100,wor-uniform,317,0.02414095401763916,1.0
all,0.1100,wor-active,318,0.020382031798362732,1.0
all,0.1100,wor-uniform,318,0.026561304926872253,1.0
all,0.1100,wor-active,319,0.02262820303440094,1.0
all,0.1100,wor-uniform,319,0.024690642952919006,1.0
all,0.1100,wor-active,320,0.022373035550117493,1.0
all,0.1100,wor-uniform,320,0.02436882257461548,1.0
all,0.1100,wor-active,321,0.020590007305145264,0.0
all,0.1100,wor-uniform,321,0.026583373546600342,1.0
all,0.1100,wor-active,322,0.022987961769104004,1.0
all,0.1100,wor-uniform,322,0.026124775409698486,0.0
all,0.1100,wor-active,323,0.02463841438293457,0.0
all,0.1100,wor-uniform,323,0.025580063462257385,1.0
all,0.1100,wor-active,324,0.022008001804351807,1.0
all,0.1100,wor-uniform,324,0.02450394630432129,1.0
all,0.1100,wor-active,325,0.024191439151763916,1.0
all,0.1100,wor-uniform,325,0.025152087211608887,1.0
all,0.1100,wor-active,326,0.023222744464874268,1.0
all,0.1100,wor-uniform,326,0.02594125270843506,1.0
all,0.1100,wor-active,327,0.022066056728363037,1.0
all,0.1100,wor-uniform,327,0.024484992027282715,1.0
all,0.1100,wor-active,328,0.022650480270385742,1.0
all,0.1100,wor-uniform,328,0.025332510471343994,0.0
all,0.1100,wor-active,329,0.020271912217140198,1.0
all,0.1100,wor-uniform,329,0.025935307145118713,1.0
all,0.1100,wor-active,330,0.024149775505065918,1.0
all,0.1100,wor-uniform,330,0.025604501366615295,1.0
all,0.1100,wor-active,331,0.022340893745422363,1.0
all,0.1100,wor-uniform,331,0.02484995126724243,1.0
all,0.1100,wor-active,332,0.022181794047355652,1.0
all,0.1100,wor-uniform,332,0.0248526930809021,1.0
all,0.1200,wor-active,0,0.022709906101226807,1.0
all,0.1200,wor-uniform,0,0.024621471762657166,1.0
all,0.1200,wor-active,1,0.02189795672893524,1.0
all,0.1200,wor-uniform,1,0.02408425509929657,1.0
all,0.1200,wor-active,2,0.020869791507720947,1.0
all,0.1200,wor-uniform,2,0.02437037229537964,1.0
all,0.1200,wor-active,3,0.021536991000175476,1.0
all,0.1200,wor-uniform,3,0.02403181791305542,1.0
all,0.1200,wor-active,4,0.02244800329208374,1.0
all,0.1200,wor-uniform,4,0.024767950177192688,1.0
all,0.1200,wor-active,5,0.020081117749214172,1.0
all,0.1200,wor-uniform,5,0.023684322834014893,1.0
all,0.1200,wor-active,6,0.02003835141658783,1.0
all,0.1200,wor-uniform,6,0.023804128170013428,1.0
all,0.1200,wor-active,7,0.02095121145248413,1.0
all,0.1200,wor-uniform,7,0.02339041233062744,1.0
all,0.1200,wor-active,8,0.023889541625976562,0.0
all,0.1200,wor-uniform,8,0.02378012239933014,0.0
all,0.1200,wor-active,9,0.021379053592681885,1.0
all,0.1200,wor-uniform,9,0.024085447192192078,1.0
all,0.1200,wor-active,10,0.02169753611087799,1.0
all,0.1200,wor-uniform,10,0.02438253164291382,1.0
all,0.1200,wor-active,11,0.021625161170959473,1.0
all,0.1200,wor-uniform,11,0.02363230288028717,1.0
all,0.1200,wor-active,12,0.02243828773498535,0.0
all,0.1200,wor-uniform,12,0.02374088764190674,1.0
all,0.1200,wor-active,13,0.018673479557037354,1.0
all,0.1200,wor-uniform,13,0.02391737699508667,1.0
all,0.1200,wor-active,14,0.022117748856544495,1.0
all,0.1200,wor-uniform,14,0.025032520294189453,1.0
all,0.1200,wor-active,15,0.022540807723999023,1.0
all,0.1200,wor-uniform,15,0.023781120777130127,1.0
all,0.1200,wor-active,16,0.021492063999176025,1.0
all,0.1200,wor-uniform,16,0.024829745292663574,1.0
all,0.1200,wor-active,17,0.022397100925445557,1.0
all,0.1200,wor-uniform,17,0.02396024763584137,1.0
all,0.1200,wor-active,18,0.0208127498626709,1.0
all,0.1200,wor-uniform,18,0.024701714515686035,1.0
all,0.1200,wor-active,19,0.02090984582901001,1.0
all,0.1200,wor-uniform,19,0.02435775101184845,1.0
all,0.1200,wor-active,20,0.02142845094203949,1.0
all,0.1200,wor-uniform,20,0.024509623646736145,1.0
all,0.1200,wor-active,21,0.02098451554775238,1.0
all,0.1200,wor-uniform,21,0.02404738962650299,1.0
all,0.1200,wor-active,22,0.021066606044769287,1.0
all,0.1200,wor-uniform,22,0.023827850818634033,1.0
all,0.1200,wor-active,23,0.022410571575164795,1.0
all,0.1200,wor-uniform,23,0.023822247982025146,1.0
all,0.1200,wor-active,24,0.021425768733024597,1.0
all,0.1200,wor-uniform,24,0.0239182710647583,1.0
all,0.1200,wor-active,25,0.023160502314567566,1.0
all,0.1200,wor-uniform,25,0.02397167682647705,1.0
all,0.1200,wor-active,26,0.0199165940284729,1.0
all,0.1200,wor-uniform,26,0.024349868297576904,0.0
all,0.1200,wor-active,27,0.022380948066711426,1.0
all,0.1200,wor-uniform,27,0.02354651689529419,1.0
all,0.1200,wor-active,28,0.02069123089313507,1.0
all,0.1200,wor-uniform,28,0.023200690746307373,1.0
all,0.1200,wor-active,29,0.021482229232788086,1.0
all,0.1200,wor-uniform,29,0.023721814155578613,1.0
all,0.1200,wor-active,30,0.02096503973007202,1.0
all,0.1200,wor-uniform,30,0.02494657039642334,1.0
all,0.1200,wor-active,31,0.021175026893615723,0.0
all,0.1200,wor-uniform,31,0.02411973476409912,1.0
all,0.1200,wor-active,32,0.02247673273086548,1.0
all,0.1200,wor-uniform,32,0.023657560348510742,1.0
all,0.1200,wor-active,33,0.021892771124839783,1.0
all,0.1200,wor-uniform,33,0.024040624499320984,1.0
all,0.1200,wor-active,34,0.022418424487113953,1.0
all,0.1200,wor-uniform,34,0.024629712104797363,1.0
all,0.1200,wor-active,35,0.021342158317565918,1.0
all,0.1200,wor-uniform,35,0.02420957386493683,1.0
all,0.1200,wor-active,36,0.022625863552093506,1.0
all,0.1200,wor-uniform,36,0.02408517897129059,1.0
all,0.1200,wor-active,37,0.020781591534614563,1.0
all,0.1200,wor-uniform,37,0.023475289344787598,1.0
all,0.1200,wor-active,38,0.021758615970611572,1.0
all,0.1200,wor-uniform,38,0.02496737241744995,1.0
all,0.1200,wor-active,39,0.022531628608703613,1.0
all,0.1200,wor-uniform,39,0.024456456303596497,0.0
all,0.1200,wor-active,40,0.021692395210266113,1.0
all,0.1200,wor-uniform,40,0.024562060832977295,1.0
all,0.1200,wor-active,41,0.02148216962814331,1.0
all,0.1200,wor-uniform,41,0.025437012314796448,1.0
all,0.1200,wor-active,42,0.021628737449645996,1.0
all,0.1200,wor-uniform,42,0.024538516998291016,1.0
all,0.1200,wor-active,43,0.022037506103515625,1.0
all,0.1200,wor-uniform,43,0.02309960126876831,1.0
all,0.1200,wor-active,44,0.02077104151248932,1.0
all,0.1200,wor-uniform,44,0.024886786937713623,1.0
all,0.1200,wor-active,45,0.021626070141792297,1.0
all,0.1200,wor-uniform,45,0.02466362714767456,1.0
all,0.1200,wor-active,46,0.022584617137908936,1.0
all,0.1200,wor-uniform,46,0.024413898587226868,1.0
all,0.1200,wor-active,47,0.022718682885169983,1.0
all,0.1200,wor-uniform,47,0.023267090320587158,1.0
all,0.1200,wor-active,48,0.02285897731781006,1.0
all,0.1200,wor-uniform,48,0.02367466688156128,1.0
all,0.1200,wor-active,49,0.022784054279327393,1.0
all,0.1200,wor-uniform,49,0.024052083492279053,1.0
all,0.1200,wor-active,50,0.02062322199344635,1.0
all,0.1200,wor-uniform,50,0.025487780570983887,1.0
all,0.1200,wor-active,51,0.019837483763694763,1.0
all,0.1200,wor-uniform,51,0.023002490401268005,1.0
all,0.1200,wor-active,52,0.022077202796936035,1.0
all,0.1200,wor-uniform,52,0.023316815495491028,1.0
all,0.1200,wor-active,53,0.02055881917476654,1.0
all,0.1200,wor-uniform,53,0.02373570203781128,1.0
all,0.1200,wor-active,54,0.02410423755645752,1.0
all,0.1200,wor-uniform,54,0.02387136220932007,1.0
all,0.1200,wor-active,55,0.022317588329315186,1.0
all,0.1200,wor-uniform,55,0.024141252040863037,1.0
all,0.1200,wor-active,56,0.021961688995361328,1.0
all,0.1200,wor-uniform,56,0.02288004755973816,0.0
all,0.1200,wor-active,57,0.021898329257965088,1.0
all,0.1200,wor-uniform,57,0.025516629219055176,1.0
all,0.1200,wor-active,58,0.023424088954925537,1.0
all,0.1200,wor-uniform,58,0.023437663912773132,1.0
all,0.1200,wor-active,59,0.02126993238925934,1.0
all,0.1200,wor-uniform,59,0.02503623068332672,1.0
all,0.1200,wor-active,60,0.021922290325164795,1.0
all,0.1200,wor-uniform,60,0.02469336986541748,1.0
all,0.1200,wor-active,61,0.020956173539161682,1.0
all,0.1200,wor-uniform,61,0.024461865425109863,1.0
all,0.1200,wor-active,62,0.020818769931793213,1.0
all,0.1200,wor-uniform,62,0.02431321144104004,1.0
all,0.1200,wor-active,63,0.021277546882629395,1.0
all,0.1200,wor-uniform,63,0.024208486080169678,1.0
all,0.1200,wor-active,64,0.022810399532318115,1.0
all,0.1200,wor-uniform,64,0.025092005729675293,1.0
all,0.1200,wor-active,65,0.02184736728668213,1.0
all,0.1200,wor-uniform,65,0.024029076099395752,1.0
all,0.1200,wor-active,66,0.01978468894958496,1.0
all,0.1200,wor-uniform,66,0.023298919200897217,1.0
all,0.1200,wor-active,67,0.022930681705474854,1.0
all,0.1200,wor-uniform,67,0.023017287254333496,0.0
all,0.1200,wor-active,68,0.020276829600334167,1.0
all,0.1200,wor-uniform,68,0.024881184101104736,1.0
all,0.1200,wor-active,69,0.021269604563713074,1.0
all,0.1200,wor-uniform,69,0.024972736835479736,1.0
all,0.1200,wor-active,70,0.020078539848327637,1.0
all,0.1200,wor-uniform,70,0.02322264015674591,0.0
all,0.1200,wor-active,71,0.0230589359998703,1.0
all,0.1200,wor-uniform,71,0.024427413940429688,1.0
all,0.1200,wor-active,72,0.01962868869304657,1.0
all,0.1200,wor-uniform,72,0.023900732398033142,1.0
all,0.1200,wor-active,73,0.021046221256256104,1.0
all,0.1200,wor-uniform,73,0.025282979011535645,1.0
all,0.1200,wor-active,74,0.021044790744781494,1.0
all,0.1200,wor-uniform,74,0.024113550782203674,1.0
all,0.1200,wor-active,75,0.02117462456226349,1.0
all,0.1200,wor-uniform,75,0.02370186150074005,1.0
all,0.1200,wor-active,76,0.023031532764434814,1.0
all,0.1200,wor-uniform,76,0.02451634407043457,1.0
all,0.1200,wor-active,77,0.02159152925014496,1.0
all,0.1200,wor-uniform,77,0.024103805422782898,1.0
all,0.1200,wor-active,78,0.023233532905578613,1.0
all,0.1200,wor-uniform,78,0.02502363920211792,1.0
all,0.1200,wor-active,79,0.022074639797210693,1.0
all,0.1200,wor-uniform,79,0.024142801761627197,1.0
all,0.1200,wor-active,80,0.02108609676361084,1.0
all,0.1200,wor-uniform,80,0.024547874927520752,1.0
all,0.1200,wor-active,81,0.021120890974998474,1.0
all,0.1200,wor-uniform,81,0.023670852184295654,1.0
all,0.1200,wor-active,82,0.020694851875305176,1.0
all,0.1200,wor-uniform,82,0.024191632866859436,1.0
all,0.1200,wor-active,83,0.021209776401519775,1.0
all,0.1200,wor-uniform,83,0.023777082562446594,1.0
all,0.1200,wor-active,84,0.022280335426330566,1.0
all,0.1200,wor-uniform,84,0.024312257766723633,1.0
all,0.1200,wor-active,85,0.020734548568725586,1.0
all,0.1200,wor-uniform,85,0.024880394339561462,1.0
all,0.1200,wor-active,86,0.021507784724235535,1.0
all,0.1200,wor-uniform,86,0.02395094931125641,1.0
all,0.1200,wor-active,87,0.02214634418487549,1.0
all,0.1200,wor-uniform,87,0.02481265366077423,1.0
all,0.1200,wor-active,88,0.021510422229766846,1.0
all,0.1200,wor-uniform,88,0.0241968035697937,1.0
all,0.1200,wor-active,89,0.020924806594848633,1.0
all,0.1200,wor-uniform,89,0.02409227192401886,1.0
all,0.1200,wor-active,90,0.0209505558013916,1.0
all,0.1200,wor-uniform,90,0.02441917359828949,1.0
all,0.1200,wor-active,91,0.020965397357940674,1.0
all,0.1200,wor-uniform,91,0.02400703728199005,1.0
all,0.1200,wor-active,92,0.020088016986846924,1.0
all,0.1200,wor-uniform,92,0.02402210235595703,1.0
all,0.1200,wor-active,93,0.020656466484069824,1.0
all,0.1200,wor-uniform,93,0.02420872449874878,1.0
all,0.1200,wor-active,94,0.022098898887634277,1.0
all,0.1200,wor-uniform,94,0.024213790893554688,1.0
all,0.1200,wor-active,95,0.02237105369567871,1.0
all,0.1200,wor-uniform,95,0.02396714687347412,1.0
all,0.1200,wor-active,96,0.0209791362285614,0.0
all,0.1200,wor-uniform,96,0.024000242352485657,1.0
all,0.1200,wor-active,97,0.021716296672821045,1.0
all,0.1200,wor-uniform,97,0.022687911987304688,1.0
all,0.1200,wor-active,98,0.022376060485839844,1.0
all,0.1200,wor-uniform,98,0.023663461208343506,1.0
all,0.1200,wor-active,99,0.020289048552513123,1.0
all,0.1200,wor-uniform,99,0.023512840270996094,1.0
all,0.1200,wor-active,100,0.02275371551513672,1.0
all,0.1200,wor-uniform,100,0.023449182510375977,1.0
all,0.1200,wor-active,101,0.020587995648384094,1.0
all,0.1200,wor-uniform,101,0.02381068468093872,1.0
all,0.1200,wor-active,102,0.02182161808013916,1.0
all,0.1200,wor-uniform,102,0.023783087730407715,1.0
all,0.1200,wor-active,103,0.021293997764587402,1.0
all,0.1200,wor-uniform,103,0.02372385561466217,1.0
all,0.1200,wor-active,104,0.021611392498016357,1.0
all,0.1200,wor-uniform,104,0.022943496704101562,1.0
all,0.1200,wor-active,105,0.02204042673110962,1.0
all,0.1200,wor-uniform,105,0.023225605487823486,1.0
all,0.1200,wor-active,106,0.021983027458190918,1.0
all,0.1200,wor-uniform,106,0.025115594267845154,1.0
all,0.1200,wor-active,107,0.02202504873275757,1.0
all,0.1200,wor-uniform,107,0.02372521162033081,1.0
all,0.1200,wor-active,108,0.020603477954864502,1.0
all,0.1200,wor-uniform,108,0.02408963441848755,1.0
all,0.1200,wor-active,109,0.021410226821899414,1.0
all,0.1200,wor-uniform,109,0.02441917359828949,1.0
all,0.1200,wor-active,110,0.02010256052017212,1.0
all,0.1200,wor-uniform,110,0.024769186973571777,1.0
all,0.1200,wor-active,111,0.02150493860244751,1.0
all,0.1200,wor-uniform,111,0.0233943909406662,0.0
all,0.1200,wor-active,112,0.02103811502456665,0.0
all,0.1200,wor-uniform,112,0.023306652903556824,1.0
all,0.1200,wor-active,113,0.021036401391029358,1.0
all,0.1200,wor-uniform,113,0.02439039945602417,1.0
all,0.1200,wor-active,114,0.021743416786193848,1.0
all,0.1200,wor-uniform,114,0.02354009449481964,1.0
all,0.1200,wor-active,115,0.02154374122619629,1.0
all,0.1200,wor-uniform,115,0.024537861347198486,1.0
all,0.1200,wor-active,116,0.021073564887046814,1.0
all,0.1200,wor-uniform,116,0.02325420081615448,1.0
all,0.1200,wor-active,117,0.021651551127433777,1.0
all,0.1200,wor-uniform,117,0.024228081107139587,1.0
all,0.1200,wor-active,118,0.02233247458934784,0.0
all,0.1200,wor-uniform,118,0.023024186491966248,1.0
all,0.1200,wor-active,119,0.020746231079101562,1.0
all,0.1200,wor-uniform,119,0.02489382028579712,1.0
all,0.1200,wor-active,120,0.021609842777252197,1.0
all,0.1200,wor-uniform,120,0.02420663833618164,1.0
all,0.1200,wor-active,121,0.02145378291606903,1.0
all,0.1200,wor-uniform,121,0.025069892406463623,1.0
all,0.1200,wor-active,122,0.021268561482429504,1.0
all,0.1200,wor-uniform,122,0.023395851254463196,1.0
all,0.1200,wor-active,123,0.022185981273651123,1.0
all,0.1200,wor-uniform,123,0.02490396797657013,1.0
all,0.1200,wor-active,124,0.02151261270046234,1.0
all,0.1200,wor-uniform,124,0.023149549961090088,1.0
all,0.1200,wor-active,125,0.020287275314331055,1.0
all,0.1200,wor-uniform,125,0.023901522159576416,1.0
all,0.1200,wor-active,126,0.022385358810424805,1.0
all,0.1200,wor-uniform,126,0.02504664659500122,1.0
all,0.1200,wor-active,127,0.02271205186843872,1.0
all,0.1200,wor-uniform,127,0.02454477548599243,1.0
all,0.1200,wor-active,128,0.02097177505493164,1.0
all,0.1200,wor-uniform,128,0.023942098021507263,1.0
all,0.1200,wor-active,129,0.020501062273979187,0.0
all,0.1200,wor-uniform,129,0.024271845817565918,1.0
all,0.1200,wor-active,130,0.021738514304161072,1.0
all,0.1200,wor-uniform,130,0.02392496168613434,1.0
all,0.1200,wor-active,131,0.02067357301712036,1.0
all,0.1200,wor-uniform,131,0.02442397177219391,1.0
all,0.1200,wor-active,132,0.023200809955596924,1.0
all,0.1200,wor-uniform,132,0.024151325225830078,1.0
all,0.1200,wor-active,133,0.022367417812347412,1.0
all,0.1200,wor-uniform,133,0.024241700768470764,1.0
all,0.1200,wor-active,134,0.02227729558944702,1.0
all,0.1200,wor-uniform,134,0.024589523673057556,1.0
all,0.1200,wor-active,135,0.020138874650001526,1.0
all,0.1200,wor-uniform,135,0.02448834478855133,1.0
all,0.1200,wor-active,136,0.021329224109649658,1.0
all,0.1200,wor-uniform,136,0.023996517062187195,1.0
all,0.1200,wor-active,137,0.020703256130218506,1.0
all,0.1200,wor-uniform,137,0.02392074465751648,1.0
all,0.1200,wor-active,138,0.021088913083076477,1.0
all,0.1200,wor-uniform,138,0.02418351173400879,1.0
all,0.1200,wor-active,139,0.022012963891029358,1.0
all,0.1200,wor-uniform,139,0.024363577365875244,1.0
all,0.1200,wor-active,140,0.02238631248474121,1.0
all,0.1200,wor-uniform,140,0.02332359552383423,1.0
all,0.1200,wor-active,141,0.02085500955581665,1.0
all,0.1200,wor-uniform,141,0.024547114968299866,1.0
all,0.1200,wor-active,142,0.02195584774017334,0.0
all,0.1200,wor-uniform,142,0.024333670735359192,1.0
all,0.1200,wor-active,143,0.021519362926483154,1.0
all,0.1200,wor-uniform,143,0.02436821162700653,1.0
all,0.1200,wor-active,144,0.01954074203968048,1.0
all,0.1200,wor-uniform,144,0.02344207465648651,0.0
all,0.1200,wor-active,145,0.0212935209274292,1.0
all,0.1200,wor-uniform,145,0.02474372088909149,1.0
all,0.1200,wor-active,146,0.02287769317626953,1.0
all,0.1200,wor-uniform,146,0.024317994713783264,1.0
all,0.1200,wor-active,147,0.022065937519073486,1.0
all,0.1200,wor-uniform,147,0.02368311583995819,1.0
all,0.1200,wor-active,148,0.021250084042549133,1.0
all,0.1200,wor-uniform,148,0.023757651448249817,1.0
all,0.1200,wor-active,149,0.021904587745666504,1.0
all,0.1200,wor-uniform,149,0.023622453212738037,1.0
all,0.1200,wor-active,150,0.020492255687713623,0.0
all,0.1200,wor-uniform,150,0.024983346462249756,1.0
all,0.1200,wor-active,151,0.022283852100372314,1.0
all,0.1200,wor-uniform,151,0.023978963494300842,1.0
all,0.1200,wor-active,152,0.021249830722808838,1.0
all,0.1200,wor-uniform,152,0.0241086483001709,1.0
all,0.1200,wor-active,153,0.021648839116096497,1.0
all,0.1200,wor-uniform,153,0.024369418621063232,1.0
all,0.1200,wor-active,154,0.021097153425216675,1.0
all,0.1200,wor-uniform,154,0.02458256483078003,1.0
all,0.1200,wor-active,155,0.020611822605133057,1.0
all,0.1200,wor-uniform,155,0.024181485176086426,1.0
all,0.1200,wor-active,156,0.02027815580368042,1.0
all,0.1200,wor-uniform,156,0.023632049560546875,1.0
all,0.1200,wor-active,157,0.021821126341819763,1.0
all,0.1200,wor-uniform,157,0.024386227130889893,1.0
all,0.1200,wor-active,158,0.023616433143615723,1.0
all,0.1200,wor-uniform,158,0.024521708488464355,1.0
all,0.1200,wor-active,159,0.021692395210266113,1.0
all,0.1200,wor-uniform,159,0.023749232292175293,1.0
all,0.1200,wor-active,160,0.02103477716445923,1.0
all,0.1200,wor-uniform,160,0.0243569016456604,1.0
all,0.1200,wor-active,161,0.021224021911621094,1.0
all,0.1200,wor-uniform,161,0.024527251720428467,1.0
all,0.1200,wor-active,162,0.022047340869903564,1.0
all,0.1200,wor-uniform,162,0.024442732334136963,1.0
all,0.1200,wor-active,163,0.019994676113128662,1.0
all,0.1200,wor-uniform,163,0.024265825748443604,1.0
all,0.1200,wor-active,164,0.020387351512908936,0.0
all,0.1200,wor-uniform,164,0.02348428964614868,1.0
all,0.1200,wor-active,165,0.022190749645233154,1.0
all,0.1200,wor-uniform,165,0.0239780992269516,1.0
all,0.1200,wor-active,166,0.020450294017791748,1.0
all,0.1200,wor-uniform,166,0.02421712875366211,1.0
all,0.1200,wor-active,167,0.022202685475349426,1.0
all,0.1200,wor-uniform,167,0.02455383539199829,1.0
all,0.1200,wor-active,168,0.019212424755096436,1.0
all,0.1200,wor-uniform,168,0.02463555335998535,1.0
all,0.1200,wor-active,169,0.021400347352027893,1.0
all,0.1200,wor-uniform,169,0.02368408441543579,1.0
all,0.1200,wor-active,170,0.02081628143787384,1.0
all,0.1200,wor-uniform,170,0.024268165230751038,1.0
all,0.1200,wor-active,171,0.022144019603729248,1.0
all,0.1200,wor-uniform,171,0.0243881493806839,1.0
all,0.1200,wor-active,172,0.022261545062065125,1.0
all,0.1200,wor-uniform,172,0.02303190529346466,1.0
all,0.1200,wor-active,173,0.020820066332817078,0.0
all,0.1200,wor-uniform,173,0.023788094520568848,1.0
all,0.1200,wor-active,174,0.022939622402191162,1.0
all,0.1200,wor-uniform,174,0.02442944049835205,1.0
all,0.1200,wor-active,175,0.020696699619293213,1.0
all,0.1200,wor-uniform,175,0.024592280387878418,1.0
all,0.1200,wor-active,176,0.02490389347076416,0.0
all,0.1200,wor-uniform,176,0.0242767333984375,1.0
all,0.1200,wor-active,177,0.021739184856414795,1.0
all,0.1200,wor-uniform,177,0.023664355278015137,1.0
all,0.1200,wor-active,178,0.02223879098892212,1.0
all,0.1200,wor-uniform,178,0.024518966674804688,1.0
all,0.1200,wor-active,179,0.021719560027122498,1.0
all,0.1200,wor-uniform,179,0.023992538452148438,1.0
all,0.1200,wor-active,180,0.019570648670196533,1.0
all,0.1200,wor-uniform,180,0.023973941802978516,1.0
all,0.1200,wor-active,181,0.02019035816192627,1.0
all,0.1200,wor-uniform,181,0.02502673864364624,1.0
all,0.1200,wor-active,182,0.02175658941268921,1.0
all,0.1200,wor-uniform,182,0.024200543761253357,1.0
all,0.1200,wor-active,183,0.020966246724128723,1.0
all,0.1200,wor-uniform,183,0.02426046133041382,1.0
all,0.1200,wor-active,184,0.022541701793670654,1.0
all,0.1200,wor-uniform,184,0.024572551250457764,1.0
all,0.1200,wor-active,185,0.020786404609680176,1.0
all,0.1200,wor-uniform,185,0.024338603019714355,1.0
all,0.1200,wor-active,186,0.01996845006942749,1.0
all,0.1200,wor-uniform,186,0.02344900369644165,1.0
all,0.1200,wor-active,187,0.021589338779449463,1.0
all,0.1200,wor-uniform,187,0.02457529306411743,1.0
all,0.1200,wor-active,188,0.020569995045661926,1.0
all,0.1200,wor-uniform,188,0.024956345558166504,0.0
all,0.1200,wor-active,189,0.022107243537902832,1.0
all,0.1200,wor-uniform,189,0.024621963500976562,1.0
all,0.1200,wor-active,190,0.021363556385040283,1.0
all,0.1200,wor-uniform,190,0.023351117968559265,1.0
all,0.1200,wor-active,191,0.02139228582382202,1.0
all,0.1200,wor-uniform,191,0.024165943264961243,1.0
all,0.1200,wor-active,192,0.02181875705718994,1.0
all,0.1200,wor-uniform,192,0.02327607572078705,1.0
all,0.1200,wor-active,193,0.020310938358306885,1.0
all,0.1200,wor-uniform,193,0.02440619468688965,1.0
all,0.1200,wor-active,194,0.02112257480621338,1.0
all,0.1200,wor-uniform,194,0.023849114775657654,1.0
all,0.1200,wor-active,195,0.020764946937561035,1.0
all,0.1200,wor-uniform,195,0.024216830730438232,1.0
all,0.1200,wor-active,196,0.02190685272216797,1.0
all,0.1200,wor-uniform,196,0.024596095085144043,1.0
all,0.1200,wor-active,197,0.02170737087726593,1.0
all,0.1200,wor-uniform,197,0.023881971836090088,1.0
all,0.1200,wor-active,198,0.021906018257141113,1.0
all,0.1200,wor-uniform,198,0.02354663610458374,1.0
all,0.1200,wor-active,199,0.021186888217926025,1.0
all,0.1200,wor-uniform,199,0.0242844820022583,1.0
all,0.1200,wor-active,200,0.019809573888778687,0.0
all,0.1200,wor-uniform,200,0.022898688912391663,1.0
all,0.1200,wor-active,201,0.020677685737609863,1.0
all,0.1200,wor-uniform,201,0.023401781916618347,1.0
all,0.1200,wor-active,202,0.02213895320892334,1.0
all,0.1200,wor-uniform,202,0.02255551517009735,1.0
all,0.1200,wor-active,203,0.02108307182788849,1.0
all,0.1200,wor-uniform,203,0.02388930320739746,1.0
all,0.1200,wor-active,204,0.022426247596740723,0.0
all,0.1200,wor-uniform,204,0.023305952548980713,0.0
all,0.1200,wor-active,205,0.020784273743629456,1.0
all,0.1200,wor-uniform,205,0.02388465404510498,1.0
all,0.1200,wor-active,206,0.021782949566841125,1.0
all,0.1200,wor-uniform,206,0.023904919624328613,1.0
all,0.1200,wor-active,207,0.02176918089389801,1.0
all,0.1200,wor-uniform,207,0.024703800678253174,1.0
all,0.1200,wor-active,208,0.022122621536254883,0.0
all,0.1200,wor-uniform,208,0.024592936038970947,1.0
all,0.1200,wor-active,209,0.021096929907798767,1.0
all,0.1200,wor-uniform,209,0.024856984615325928,1.0
all,0.1200,wor-active,210,0.021952807903289795,1.0
all,0.1200,wor-uniform,210,0.024726510047912598,1.0
all,0.1200,wor-active,211,0.021795570850372314,1.0
all,0.1200,wor-uniform,211,0.024018704891204834,1.0
all,0.1200,wor-active,212,0.022374749183654785,1.0
all,0.1200,wor-uniform,212,0.024213328957557678,1.0
all,0.1200,wor-active,213,0.02107781171798706,1.0
all,0.1200,wor-uniform,213,0.024584412574768066,1.0
all,0.1200,wor-active,214,0.02191096544265747,1.0
all,0.1200,wor-uniform,214,0.023596346378326416,1.0
all,0.1200,wor-active,215,0.020923182368278503,1.0
all,0.1200,wor-uniform,215,0.02431243658065796,1.0
all,0.1200,wor-active,216,0.02118229866027832,1.0
all,0.1200,wor-uniform,216,0.02477867901325226,1.0
all,0.1200,wor-active,217,0.02250438928604126,1.0
all,0.1200,wor-uniform,217,0.023221850395202637,1.0
all,0.1200,wor-active,218,0.021888792514801025,1.0
all,0.1200,wor-uniform,218,0.02415655553340912,1.0
all,0.1200,wor-active,219,0.021061524748802185,1.0
all,0.1200,wor-uniform,219,0.02447199821472168,1.0
all,0.1200,wor-active,220,0.021369338035583496,1.0
all,0.1200,wor-uniform,220,0.023699462413787842,1.0
all,0.1200,wor-active,221,0.021311819553375244,1.0
all,0.1200,wor-uniform,221,0.024774372577667236,1.0
all,0.1200,wor-active,222,0.023041963577270508,1.0
all,0.1200,wor-uniform,222,0.023123934864997864,1.0
all,0.1200,wor-active,223,0.021466612815856934,1.0
all,0.1200,wor-uniform,223,0.0248907208442688,1.0
all,0.1200,wor-active,224,0.02114070951938629,1.0
all,0.1200,wor-uniform,224,0.024333596229553223,1.0
all,0.1200,wor-active,225,0.02005515992641449,1.0
all,0.1200,wor-uniform,225,0.024382606148719788,1.0
all,0.1200,wor-active,226,0.021486744284629822,1.0
all,0.1200,wor-uniform,226,0.02370971441268921,1.0
all,0.1200,wor-active,227,0.021719157695770264,1.0
all,0.1200,wor-uniform,227,0.023671403527259827,1.0
all,0.1200,wor-active,228,0.022285640239715576,1.0
all,0.1200,wor-uniform,228,0.022610560059547424,1.0
all,0.1200,wor-active,229,0.021679893136024475,1.0
all,0.1200,wor-uniform,229,0.024071574211120605,1.0
all,0.1200,wor-active,230,0.022938072681427002,1.0
all,0.1200,wor-uniform,230,0.02447788417339325,1.0
all,0.1200,wor-active,231,0.02256721258163452,1.0
all,0.1200,wor-uniform,231,0.023531436920166016,1.0
all,0.1200,wor-active,232,0.02285921573638916,1.0
all,0.1200,wor-uniform,232,0.023851394653320312,1.0
all,0.1200,wor-active,233,0.02006600797176361,1.0
all,0.1200,wor-uniform,233,0.023829981684684753,1.0
all,0.1200,wor-active,234,0.022168681025505066,1.0
all,0.1200,wor-uniform,234,0.024132072925567627,1.0
all,0.1200,wor-active,235,0.02185952663421631,1.0
all,0.1200,wor-uniform,235,0.024130702018737793,1.0
all,0.1200,wor-active,236,0.02307868003845215,1.0
all,0.1200,wor-uniform,236,0.025317072868347168,1.0
all,0.1200,wor-active,237,0.023013710975646973,1.0
all,0.1200,wor-uniform,237,0.023156702518463135,1.0
all,0.1200,wor-active,238,0.020569682121276855,1.0
all,0.1200,wor-uniform,238,0.023747503757476807,1.0
all,0.1200,wor-active,239,0.021029949188232422,1.0
all,0.1200,wor-uniform,239,0.023863255977630615,1.0
all,0.1200,wor-active,240,0.021425902843475342,1.0
all,0.1200,wor-uniform,240,0.023932993412017822,1.0
all,0.1200,wor-active,241,0.023793160915374756,0.0
all,0.1200,wor-uniform,241,0.023889124393463135,1.0
all,0.1200,wor-active,242,0.02060675621032715,1.0
all,0.1200,wor-uniform,242,0.02430182695388794,1.0
all,0.1200,wor-active,243,0.021300852298736572,1.0
all,0.1200,wor-uniform,243,0.023709595203399658,1.0
all,0.1200,wor-active,244,0.020952224731445312,1.0
all,0.1200,wor-uniform,244,0.023490488529205322,1.0
all,0.1200,wor-active,245,0.02098459005355835,1.0
all,0.1200,wor-uniform,245,0.02495551109313965,1.0
all,0.1200,wor-active,246,0.021957173943519592,1.0
all,0.1200,wor-uniform,246,0.025953009724617004,1.0
all,0.1200,wor-active,247,0.02152109146118164,1.0
all,0.1200,wor-uniform,247,0.023572564125061035,1.0
all,0.1200,wor-active,248,0.022929847240447998,1.0
all,0.1200,wor-uniform,248,0.02430945634841919,1.0
all,0.1200,wor-active,249,0.022139132022857666,1.0
all,0.1200,wor-uniform,249,0.023660480976104736,1.0
all,0.1200,wor-active,250,0.022549927234649658,1.0
all,0.1200,wor-uniform,250,0.02432650327682495,1.0
all,0.1200,wor-active,251,0.02191823720932007,1.0
all,0.1200,wor-uniform,251,0.02487766742706299,1.0
all,0.1200,wor-active,252,0.021638929843902588,1.0
all,0.1200,wor-uniform,252,0.023943424224853516,1.0
all,0.1200,wor-active,253,0.020127296447753906,1.0
all,0.1200,wor-uniform,253,0.02286505699157715,1.0
all,0.1200,wor-active,254,0.02150203287601471,1.0
all,0.1200,wor-uniform,254,0.02406764030456543,1.0
all,0.1200,wor-active,255,0.019365310668945312,1.0
all,0.1200,wor-uniform,255,0.024362146854400635,1.0
all,0.1200,wor-active,256,0.019580960273742676,1.0
all,0.1200,wor-uniform,256,0.02365235984325409,1.0
all,0.1200,wor-active,257,0.022465452551841736,1.0
all,0.1200,wor-uniform,257,0.023723125457763672,1.0
all,0.1200,wor-active,258,0.021146118640899658,1.0
all,0.1200,wor-uniform,258,0.024243071675300598,1.0
all,0.1200,wor-active,259,0.02052496373653412,1.0
all,0.1200,wor-uniform,259,0.0245743989944458,1.0
all,0.1200,wor-active,260,0.02232217788696289,1.0
all,0.1200,wor-uniform,260,0.023718491196632385,1.0
all,0.1200,wor-active,261,0.019255995750427246,1.0
all,0.1200,wor-uniform,261,0.024395406246185303,1.0
all,0.1200,wor-active,262,0.02505648136138916,0.0
all,0.1200,wor-uniform,262,0.02431158721446991,1.0
all,0.1200,wor-active,263,0.022080540657043457,1.0
all,0.1200,wor-uniform,263,0.024801015853881836,1.0
all,0.1200,wor-active,264,0.02158665657043457,1.0
all,0.1200,wor-uniform,264,0.025092601776123047,1.0
all,0.1200,wor-active,265,0.021367773413658142,1.0
all,0.1200,wor-uniform,265,0.024043038487434387,1.0
all,0.1200,wor-active,266,0.02080172300338745,1.0
all,0.1200,wor-uniform,266,0.0245865136384964,1.0
all,0.1200,wor-active,267,0.02204228937625885,1.0
all,0.1200,wor-uniform,267,0.023345008492469788,1.0
all,0.1200,wor-active,268,0.02273319661617279,1.0
all,0.1200,wor-uniform,268,0.023434817790985107,1.0
all,0.1200,wor-active,269,0.021258056163787842,1.0
all,0.1200,wor-uniform,269,0.023603662848472595,1.0
all,0.1200,wor-active,270,0.021436452865600586,1.0
all,0.1200,wor-uniform,270,0.02489447593688965,1.0
all,0.1200,wor-active,271,0.01961827278137207,0.0
all,0.1200,wor-uniform,271,0.025062382221221924,1.0
all,0.1200,wor-active,272,0.022193193435668945,1.0
all,0.1200,wor-uniform,272,0.023757874965667725,1.0
all,0.1200,wor-active,273,0.019681215286254883,0.0
all,0.1200,wor-uniform,273,0.0233210027217865,0.0
all,0.1200,wor-active,274,0.02126443386077881,1.0
all,0.1200,wor-uniform,274,0.023087620735168457,1.0
all,0.1200,wor-active,275,0.02052980661392212,1.0
all,0.1200,wor-uniform,275,0.02479572594165802,1.0
all,0.1200,wor-active,276,0.020494401454925537,1.0
all,0.1200,wor-uniform,276,0.025324642658233643,1.0
all,0.1200,wor-active,277,0.021802708506584167,1.0
all,0.1200,wor-uniform,277,0.024411022663116455,1.0
all,0.1200,wor-active,278,0.020900622010231018,1.0
all,0.1200,wor-uniform,278,0.023428499698638916,1.0
all,0.1200,wor-active,279,0.021414339542388916,1.0
all,0.1200,wor-uniform,279,0.02290990948677063,0.0
all,0.1200,wor-active,280,0.02088741958141327,1.0
all,0.1200,wor-uniform,280,0.023689568042755127,1.0
all,0.1200,wor-active,281,0.020217016339302063,1.0
all,0.1200,wor-uniform,281,0.023792624473571777,0.0
all,0.1200,wor-active,282,0.020964860916137695,1.0
all,0.1200,wor-uniform,282,0.02397465705871582,1.0
all,0.1200,wor-active,283,0.020490095019340515,1.0
all,0.1200,wor-uniform,283,0.023710206151008606,1.0
all,0.1200,wor-active,284,0.021476328372955322,1.0
all,0.1200,wor-uniform,284,0.0240117609500885,0.0
all,0.1200,wor-active,285,0.022250652313232422,1.0
all,0.1200,wor-uniform,285,0.024508178234100342,1.0
all,0.1200,wor-active,286,0.021147191524505615,1.0
all,0.1200,wor-uniform,286,0.023487210273742676,1.0
all,0.1200,wor-active,287,0.022109568119049072,1.0
all,0.1200,wor-uniform,287,0.02420598268508911,1.0
all,0.1200,wor-active,288,0.022528231143951416,1.0
all,0.1200,wor-uniform,288,0.02424044907093048,1.0
all,0.1200,wor-active,289,0.021385014057159424,1.0
all,0.1200,wor-uniform,289,0.023909687995910645,1.0
all,0.1200,wor-active,290,0.022239208221435547,1.0
all,0.1200,wor-uniform,290,0.0244942307472229,0.0
all,0.1200,wor-active,291,0.02148468792438507,1.0
all,0.1200,wor-uniform,291,0.02343912422657013,1.0
all,0.1200,wor-active,292,0.02086968719959259,1.0
all,0.1200,wor-uniform,292,0.024375319480895996,1.0
all,0.1200,wor-active,293,0.02211640775203705,1.0
all,0.1200,wor-uniform,293,0.02439558506011963,1.0
all,0.1200,wor-active,294,0.02036990225315094,0.0
all,0.1200,wor-uniform,294,0.02525860071182251,1.0
all,0.1200,wor-active,295,0.01944635808467865,1.0
all,0.1200,wor-uniform,295,0.02484661340713501,1.0
all,0.1200,wor-active,296,0.02141505479812622,1.0
all,0.1200,wor-uniform,296,0.02434539794921875,1.0
all,0.1200,wor-active,297,0.022493720054626465,0.0
all,0.1200,wor-uniform,297,0.024249598383903503,1.0
all,0.1200,wor-active,298,0.020835697650909424,1.0
all,0.1200,wor-uniform,298,0.02413773536682129,1.0
all,0.1200,wor-active,299,0.021615147590637207,1.0
all,0.1200,wor-uniform,299,0.02369004487991333,1.0
all,0.1200,wor-active,300,0.02151121199131012,1.0
all,0.1200,wor-uniform,300,0.024900391697883606,1.0
all,0.1200,wor-active,301,0.022392570972442627,1.0
all,0.1200,wor-uniform,301,0.02344532310962677,1.0
all,0.1200,wor-active,302,0.02112889289855957,1.0
all,0.1200,wor-uniform,302,0.02447640895843506,1.0
all,0.1200,wor-active,303,0.020371079444885254,1.0
all,0.1200,wor-uniform,303,0.025164425373077393,1.0
all,0.1200,wor-active,304,0.02217578887939453,1.0
all,0.1200,wor-uniform,304,0.024051904678344727,1.0
all,0.1200,wor-active,305,0.021018028259277344,1.0
all,0.1200,wor-uniform,305,0.023874878883361816,1.0
all,0.1200,wor-active,306,0.020908713340759277,1.0
all,0.1200,wor-uniform,306,0.023081481456756592,1.0
all,0.1200,wor-active,307,0.023272275924682617,1.0
all,0.1200,wor-uniform,307,0.02366030216217041,1.0
all,0.1200,wor-active,308,0.022586777806282043,1.0
all,0.1200,wor-uniform,308,0.02392934262752533,1.0
all,0.1200,wor-active,309,0.022166073322296143,1.0
all,0.1200,wor-uniform,309,0.02351963520050049,1.0
all,0.1200,wor-active,310,0.022691786289215088,1.0
all,0.1200,wor-uniform,310,0.023428305983543396,0.0
all,0.1200,wor-active,311,0.02086007595062256,1.0
all,0.1200,wor-uniform,311,0.025026142597198486,1.0
all,0.1200,wor-active,312,0.020325809717178345,0.0
all,0.1200,wor-uniform,312,0.024769067764282227,1.0
all,0.1200,wor-active,313,0.021311938762664795,1.0
all,0.1200,wor-uniform,313,0.02422712743282318,1.0
all,0.1200,wor-active,314,0.020581915974617004,1.0
all,0.1200,wor-uniform,314,0.023860961198806763,1.0
all,0.1200,wor-active,315,0.02198176085948944,1.0
all,0.1200,wor-uniform,315,0.024307355284690857,1.0
all,0.1200,wor-active,316,0.02101314067840576,1.0
all,0.1200,wor-uniform,316,0.023819029331207275,1.0
all,0.1200,wor-active,317,0.02128903567790985,1.0
all,0.1200,wor-uniform,317,0.02496182918548584,0.0
all,0.1200,wor-active,318,0.022457361221313477,1.0
all,0.1200,wor-uniform,318,0.023847803473472595,1.0
all,0.1200,wor-active,319,0.020470961928367615,1.0
all,0.1200,wor-uniform,319,0.023631930351257324,1.0
all,0.1200,wor-active,320,0.020373225212097168,1.0
all,0.1200,wor-uniform,320,0.024471521377563477,1.0
all,0.1200,wor-active,321,0.021378040313720703,1.0
all,0.1200,wor-uniform,321,0.022560060024261475,1.0
all,0.1200,wor-active,322,0.021107792854309082,1.0
all,0.1200,wor-uniform,322,0.023452743887901306,1.0
all,0.1200,wor-active,323,0.020915985107421875,1.0
all,0.1200,wor-uniform,323,0.02381908893585205,1.0
all,0.1200,wor-active,324,0.019660338759422302,1.0
all,0.1200,wor-uniform,324,0.023752212524414062,1.0
all,0.1200,wor-active,325,0.02217000722885132,1.0
all,0.1200,wor-uniform,325,0.023967325687408447,1.0
all,0.1200,wor-active,326,0.022066593170166016,1.0
all,0.1200,wor-uniform,326,0.024219214916229248,1.0
all,0.1200,wor-active,327,0.021281108260154724,1.0
all,0.1200,wor-uniform,327,0.023723125457763672,1.0
all,0.1200,wor-active,328,0.023131072521209717,0.0
all,0.1200,wor-uniform,328,0.02454531192779541,1.0
all,0.1200,wor-active,329,0.01951691508293152,0.0
all,0.1200,wor-uniform,329,0.02502577006816864,1.0
all,0.1200,wor-active,330,0.021493971347808838,1.0
all,0.1200,wor-uniform,330,0.02405095100402832,1.0
all,0.1200,wor-active,331,0.023369133472442627,1.0
all,0.1200,wor-uniform,331,0.023561909794807434,1.0
all,0.1200,wor-active,332,0.02140820026397705,1.0
all,0.1200,wor-uniform,332,0.02380336821079254,1.0
all,0.1300,wor-active,0,0.02146172523498535,1.0
all,0.1300,wor-uniform,0,0.02308577299118042,1.0
all,0.1300,wor-active,1,0.021434545516967773,1.0
all,0.1300,wor-uniform,1,0.02288341522216797,1.0
all,0.1300,wor-active,2,0.020737409591674805,1.0
all,0.1300,wor-uniform,2,0.022940173745155334,0.0
all,0.1300,wor-active,3,0.02133023738861084,1.0
all,0.1300,wor-uniform,3,0.024158179759979248,1.0
all,0.1300,wor-active,4,0.020726799964904785,1.0
all,0.1300,wor-uniform,4,0.02343606948852539,1.0
all,0.1300,wor-active,5,0.02050071954727173,1.0
all,0.1300,wor-uniform,5,0.022887125611305237,1.0
all,0.1300,wor-active,6,0.0201532244682312,1.0
all,0.1300,wor-uniform,6,0.02344566583633423,1.0
all,0.1300,wor-active,7,0.020326614379882812,1.0
all,0.1300,wor-uniform,7,0.023344993591308594,0.0
all,0.1300,wor-active,8,0.018970772624015808,1.0
all,0.1300,wor-uniform,8,0.022565186023712158,1.0
all,0.1300,wor-active,9,0.020567044615745544,1.0
all,0.1300,wor-uniform,9,0.022626638412475586,1.0
all,0.1300,wor-active,10,0.02209770679473877,1.0
all,0.1300,wor-uniform,10,0.024095475673675537,0.0
all,0.1300,wor-active,11,0.019558966159820557,1.0
all,0.1300,wor-uniform,11,0.023284435272216797,1.0
all,0.1300,wor-active,12,0.021016597747802734,1.0
all,0.1300,wor-uniform,12,0.02310556173324585,1.0
all,0.1300,wor-active,13,0.020210638642311096,1.0
all,0.1300,wor-uniform,13,0.023454248905181885,1.0
all,0.1300,wor-active,14,0.020278573036193848,1.0
all,0.1300,wor-uniform,14,0.022916629910469055,1.0
all,0.1300,wor-active,15,0.0208548903465271,1.0
all,0.1300,wor-uniform,15,0.021980926394462585,1.0
all,0.1300,wor-active,16,0.01922835409641266,1.0
all,0.1300,wor-uniform,16,0.022862032055854797,1.0
all,0.1300,wor-active,17,0.0191238671541214,1.0
all,0.1300,wor-uniform,17,0.023355960845947266,1.0
all,0.1300,wor-active,18,0.020665645599365234,1.0
all,0.1300,wor-uniform,18,0.022742822766304016,1.0
all,0.1300,wor-active,19,0.020307719707489014,1.0
all,0.1300,wor-uniform,19,0.022764131426811218,1.0
all,0.1300,wor-active,20,0.021063148975372314,1.0
all,0.1300,wor-uniform,20,0.023504242300987244,1.0
all,0.1300,wor-active,21,0.02013157308101654,1.0
all,0.1300,wor-uniform,21,0.023165002465248108,1.0
all,0.1300,wor-active,22,0.021621480584144592,1.0
all,0.1300,wor-uniform,22,0.02396482229232788,1.0
all,0.1300,wor-active,23,0.02211970090866089,1.0
all,0.1300,wor-uniform,23,0.023655414581298828,1.0
all,0.1300,wor-active,24,0.020629405975341797,1.0
all,0.1300,wor-uniform,24,0.022807881236076355,1.0
all,0.1300,wor-active,25,0.019673049449920654,1.0
all,0.1300,wor-uniform,25,0.023098349571228027,1.0
all,0.1300,wor-active,26,0.01935136318206787,1.0
all,0.1300,wor-uniform,26,0.02447885274887085,1.0
all,0.1300,wor-active,27,0.01980769634246826,1.0
all,0.1300,wor-uniform,27,0.023722410202026367,1.0
all,0.1300,wor-active,28,0.020148038864135742,1.0
all,0.1300,wor-uniform,28,0.023279830813407898,1.0
all,0.1300,wor-active,29,0.018872618675231934,1.0
all,0.1300,wor-uniform,29,0.022988855838775635,1.0
all,0.1300,wor-active,30,0.019789397716522217,1.0
all,0.1300,wor-uniform,30,0.022889122366905212,1.0
all,0.1300,wor-active,31,0.019550621509552002,1.0
all,0.1300,wor-uniform,31,0.023287534713745117,1.0
all,0.1300,wor-active,32,0.0183880478143692,1.0
all,0.1300,wor-uniform,32,0.023269593715667725,1.0
all,0.1300,wor-active,33,0.020749330520629883,1.0
all,0.1300,wor-uniform,33,0.02293802797794342,1.0
all,0.1300,wor-active,34,0.019821897149086,1.0
all,0.1300,wor-uniform,34,0.02289019525051117,1.0
all,0.1300,wor-active,35,0.019682183861732483,1.0
all,0.1300,wor-uniform,35,0.023696541786193848,1.0
all,0.1300,wor-active,36,0.01962941884994507,1.0
all,0.1300,wor-uniform,36,0.023169532418251038,1.0
all,0.1300,wor-active,37,0.02046138048171997,1.0
all,0.1300,wor-uniform,37,0.021999582648277283,0.0
all,0.1300,wor-active,38,0.019029855728149414,1.0
all,0.1300,wor-uniform,38,0.023346781730651855,1.0
all,0.1300,wor-active,39,0.020376205444335938,1.0
all,0.1300,wor-uniform,39,0.02293236553668976,1.0
all,0.1300,wor-active,40,0.020328715443611145,1.0
all,0.1300,wor-uniform,40,0.023711979389190674,1.0
all,0.1300,wor-active,41,0.019482895731925964,1.0
all,0.1300,wor-uniform,41,0.023752793669700623,1.0
all,0.1300,wor-active,42,0.02055257558822632,1.0
all,0.1300,wor-uniform,42,0.023103192448616028,1.0
all,0.1300,wor-active,43,0.019935786724090576,1.0
all,0.1300,wor-uniform,43,0.023326456546783447,1.0
all,0.1300,wor-active,44,0.018684670329093933,0.0
all,0.1300,wor-uniform,44,0.023615539073944092,1.0
all,0.1300,wor-active,45,0.019665434956550598,1.0
all,0.1300,wor-uniform,45,0.02295541763305664,1.0
all,0.1300,wor-active,46,0.020795166492462158,1.0
all,0.1300,wor-uniform,46,0.021234482526779175,0.0
all,0.1300,wor-active,47,0.019320428371429443,1.0
all,0.1300,wor-uniform,47,0.022638961672782898,1.0
all,0.1300,wor-active,48,0.020995616912841797,1.0
all,0.1300,wor-uniform,48,0.022744297981262207,1.0
all,0.1300,wor-active,49,0.020921826362609863,1.0
all,0.1300,wor-uniform,49,0.02327573299407959,1.0
all,0.1300,wor-active,50,0.021058261394500732,1.0
all,0.1300,wor-uniform,50,0.022846639156341553,1.0
all,0.1300,wor-active,51,0.021413326263427734,1.0
all,0.1300,wor-uniform,51,0.02289600670337677,1.0
all,0.1300,wor-active,52,0.020324811339378357,1.0
all,0.1300,wor-uniform,52,0.023625612258911133,1.0
all,0.1300,wor-active,53,0.020796120166778564,1.0
all,0.1300,wor-uniform,53,0.022618934512138367,1.0
all,0.1300,wor-active,54,0.021350622177124023,0.0
all,0.1300,wor-uniform,54,0.022621020674705505,1.0
all,0.1300,wor-active,55,0.02033168077468872,1.0
all,0.1300,wor-uniform,55,0.02309054136276245,1.0
all,0.1300,wor-active,56,0.019774913787841797,1.0
all,0.1300,wor-uniform,56,0.022769451141357422,1.0
all,0.1300,wor-active,57,0.021421030163764954,1.0
all,0.1300,wor-uniform,57,0.022611558437347412,1.0
all,0.1300,wor-active,58,0.01989114284515381,1.0
all,0.1300,wor-uniform,58,0.02208426594734192,0.0
all,0.1300,wor-active,59,0.02240610122680664,1.0
all,0.1300,wor-uniform,59,0.023097217082977295,1.0
all,0.1300,wor-active,60,0.02062104642391205,1.0
all,0.1300,wor-uniform,60,0.023682475090026855,1.0
all,0.1300,wor-active,61,0.020352616906166077,1.0
all,0.1300,wor-uniform,61,0.023137494921684265,1.0
all,0.1300,wor-active,62,0.02114206552505493,1.0
all,0.1300,wor-uniform,62,0.022762194275856018,1.0
all,0.1300,wor-active,63,0.022020816802978516,1.0
all,0.1300,wor-uniform,63,0.02275688946247101,1.0
all,0.1300,wor-active,64,0.022026479244232178,1.0
all,0.1300,wor-uniform,64,0.023720622062683105,1.0
all,0.1300,wor-active,65,0.018750548362731934,1.0
all,0.1300,wor-uniform,65,0.022231698036193848,0.0
all,0.1300,wor-active,66,0.02055215835571289,0.0
all,0.1300,wor-uniform,66,0.022824406623840332,1.0
all,0.1300,wor-active,67,0.02058301866054535,1.0
all,0.1300,wor-uniform,67,0.022474631667137146,1.0
all,0.1300,wor-active,68,0.02117764949798584,1.0
all,0.1300,wor-uniform,68,0.021880686283111572,0.0
all,0.1300,wor-active,69,0.01998913288116455,1.0
all,0.1300,wor-uniform,69,0.022468313574790955,1.0
all,0.1300,wor-active,70,0.02087104320526123,1.0
all,0.1300,wor-uniform,70,0.02377086877822876,1.0
all,0.1300,wor-active,71,0.020497262477874756,1.0
all,0.1300,wor-uniform,71,0.02426201105117798,1.0
all,0.1300,wor-active,72,0.021148502826690674,1.0
all,0.1300,wor-uniform,72,0.02257859706878662,1.0
all,0.1300,wor-active,73,0.020668983459472656,1.0
all,0.1300,wor-uniform,73,0.023178517818450928,1.0
all,0.1300,wor-active,74,0.019389688968658447,1.0
all,0.1300,wor-uniform,74,0.022306695580482483,1.0
all,0.1300,wor-active,75,0.019875720143318176,1.0
all,0.1300,wor-uniform,75,0.02368372678756714,1.0
all,0.1300,wor-active,76,0.0186433345079422,0.0
all,0.1300,wor-uniform,76,0.023671388626098633,1.0
all,0.1300,wor-active,77,0.021244823932647705,1.0
all,0.1300,wor-uniform,77,0.02254784107208252,1.0
all,0.1300,wor-active,78,0.02150803804397583,1.0
all,0.1300,wor-uniform,78,0.022741317749023438,1.0
all,0.1300,wor-active,79,0.020039916038513184,1.0
all,0.1300,wor-uniform,79,0.02280367910861969,1.0
all,0.1300,wor-active,80,0.020211324095726013,1.0
all,0.1300,wor-uniform,80,0.022202730178833008,1.0
all,0.1300,wor-active,81,0.020812571048736572,1.0
all,0.1300,wor-uniform,81,0.022896066308021545,1.0
all,0.1300,wor-active,82,0.019935235381126404,1.0
all,0.1300,wor-uniform,82,0.02228325605392456,1.0
all,0.1300,wor-active,83,0.02071326971054077,1.0
all,0.1300,wor-uniform,83,0.022623643279075623,1.0
all,0.1300,wor-active,84,0.02043783664703369,1.0
all,0.1300,wor-uniform,84,0.023737788200378418,0.0
all,0.1300,wor-active,85,0.019932866096496582,1.0
all,0.1300,wor-uniform,85,0.023507773876190186,1.0
all,0.1300,wor-active,86,0.019822731614112854,1.0
all,0.1300,wor-uniform,86,0.023733392357826233,1.0
all,0.1300,wor-active,87,0.020397692918777466,0.0
all,0.1300,wor-uniform,87,0.022800803184509277,1.0
all,0.1300,wor-active,88,0.020592987537384033,1.0
all,0.1300,wor-uniform,88,0.02405315637588501,1.0
all,0.1300,wor-active,89,0.022147297859191895,1.0
all,0.1300,wor-uniform,89,0.0227472186088562,1.0
all,0.1300,wor-active,90,0.021820425987243652,1.0
all,0.1300,wor-uniform,90,0.023685336112976074,1.0
all,0.1300,wor-active,91,0.020874395966529846,1.0
all,0.1300,wor-uniform,91,0.023223817348480225,1.0
all,0.1300,wor-active,92,0.01952199637889862,1.0
all,0.1300,wor-uniform,92,0.023209348320961,1.0
all,0.1300,wor-active,93,0.02001418173313141,1.0
all,0.1300,wor-uniform,93,0.023491978645324707,1.0
all,0.1300,wor-active,94,0.020038172602653503,1.0
all,0.1300,wor-uniform,94,0.023355722427368164,1.0
all,0.1300,wor-active,95,0.019700169563293457,1.0
all,0.1300,wor-uniform,95,0.023462891578674316,1.0
all,0.1300,wor-active,96,0.020338937640190125,1.0
all,0.1300,wor-uniform,96,0.022859886288642883,1.0
all,0.1300,wor-active,97,0.01982855796813965,1.0
all,0.1300,wor-uniform,97,0.023088812828063965,1.0
all,0.1300,wor-active,98,0.020536363124847412,1.0
all,0.1300,wor-uniform,98,0.023590505123138428,1.0
all,0.1300,wor-active,99,0.02017277479171753,1.0
all,0.1300,wor-uniform,99,0.02380068600177765,1.0
all,0.1300,wor-active,100,0.021662473678588867,1.0
all,0.1300,wor-uniform,100,0.02284449338912964,1.0
all,0.1300,wor-active,101,0.020909607410430908,1.0
all,0.1300,wor-uniform,101,0.023335516452789307,1.0
all,0.1300,wor-active,102,0.019851848483085632,1.0
all,0.1300,wor-uniform,102,0.023014962673187256,1.0
all,0.1300,wor-active,103,0.021494626998901367,1.0
all,0.1300,wor-uniform,103,0.02245199680328369,1.0
all,0.1300,wor-active,104,0.01911453902721405,1.0
all,0.1300,wor-uniform,104,0.02308616042137146,1.0
all,0.1300,wor-active,105,0.020755469799041748,1.0
all,0.1300,wor-uniform,105,0.022336438298225403,1.0
all,0.1300,wor-active,106,0.020283713936805725,1.0
all,0.1300,wor-uniform,106,0.02269570529460907,1.0
all,0.1300,wor-active,107,0.019913554191589355,1.0
all,0.1300,wor-uniform,107,0.02327907085418701,1.0
all,0.1300,wor-active,108,0.01904606819152832,1.0
all,0.1300,wor-uniform,108,0.02327662706375122,1.0
all,0.1300,wor-active,109,0.021686315536499023,1.0
all,0.1300,wor-uniform,109,0.02277110517024994,1.0
all,0.1300,wor-active,110,0.019513368606567383,1.0
all,0.1300,wor-uniform,110,0.02410636842250824,1.0
all,0.1300,wor-active,111,0.020377933979034424,1.0
all,0.1300,wor-uniform,111,0.0221111923456192,1.0
all,0.1300,wor-active,112,0.019913747906684875,1.0
all,0.1300,wor-uniform,112,0.02252839505672455,1.0
all,0.1300,wor-active,113,0.02014458179473877,1.0
all,0.1300,wor-uniform,113,0.02381068468093872,1.0
all,0.1300,wor-active,114,0.019922912120819092,1.0
all,0.1300,wor-uniform,114,0.02278025448322296,1.0
all,0.1300,wor-active,115,0.0204312801361084,1.0
all,0.1300,wor-uniform,115,0.022594094276428223,1.0
all,0.1300,wor-active,116,0.02035081386566162,1.0
all,0.1300,wor-uniform,116,0.022333860397338867,1.0
all,0.1300,wor-active,117,0.01999063789844513,1.0
all,0.1300,wor-uniform,117,0.023459136486053467,1.0
all,0.1300,wor-active,118,0.01903723180294037,1.0
all,0.1300,wor-uniform,118,0.02367764711380005,1.0
all,0.1300,wor-active,119,0.0204237699508667,1.0
all,0.1300,wor-uniform,119,0.023068547248840332,1.0
all,0.1300,wor-active,120,0.021398723125457764,1.0
all,0.1300,wor-uniform,120,0.02293466031551361,1.0
all,0.1300,wor-active,121,0.021592020988464355,0.0
all,0.1300,wor-uniform,121,0.023888111114501953,1.0
all,0.1300,wor-active,122,0.020458415150642395,1.0
all,0.1300,wor-uniform,122,0.023198440670967102,1.0
all,0.1300,wor-active,123,0.02096378803253174,1.0
all,0.1300,wor-uniform,123,0.022993922233581543,1.0
all,0.1300,wor-active,124,0.020667076110839844,1.0
all,0.1300,wor-uniform,124,0.02307283878326416,1.0
all,0.1300,wor-active,125,0.02041459083557129,1.0
all,0.1300,wor-uniform,125,0.022953569889068604,1.0
all,0.1300,wor-active,126,0.020663440227508545,1.0
all,0.1300,wor-uniform,126,0.02378535270690918,1.0
all,0.1300,wor-active,127,0.018589720129966736,1.0
all,0.1300,wor-uniform,127,0.02290193736553192,1.0
all,0.1300,wor-active,128,0.020111963152885437,1.0
all,0.1300,wor-uniform,128,0.022545412182807922,1.0
all,0.1300,wor-active,129,0.020320788025856018,1.0
all,0.1300,wor-uniform,129,0.023222550749778748,1.0
all,0.1300,wor-active,130,0.02006709575653076,1.0
all,0.1300,wor-uniform,130,0.02195417881011963,1.0
all,0.1300,wor-active,131,0.020769476890563965,1.0
all,0.1300,wor-uniform,131,0.023732468485832214,1.0
all,0.1300,wor-active,132,0.020741045475006104,1.0
all,0.1300,wor-uniform,132,0.022762656211853027,1.0
all,0.1300,wor-active,133,0.021455109119415283,1.0
all,0.1300,wor-uniform,133,0.02331477403640747,1.0
all,0.1300,wor-active,134,0.020346522331237793,1.0
all,0.1300,wor-uniform,134,0.02358156442642212,1.0
all,0.1300,wor-active,135,0.02033257484436035,1.0
all,0.1300,wor-uniform,135,0.02367757260799408,1.0
all,0.1300,wor-active,136,0.020254313945770264,1.0
all,0.1300,wor-uniform,136,0.023458361625671387,1.0
all,0.1300,wor-active,137,0.0221560001373291,1.0
all,0.1300,wor-uniform,137,0.022979319095611572,1.0
all,0.1300,wor-active,138,0.018764197826385498,1.0
all,0.1300,wor-uniform,138,0.023227155208587646,1.0
all,0.1300,wor-active,139,0.01929594576358795,1.0
all,0.1300,wor-uniform,139,0.024160385131835938,1.0
all,0.1300,wor-active,140,0.020507633686065674,1.0
all,0.1300,wor-uniform,140,0.02447853982448578,1.0
all,0.1300,wor-active,141,0.020239174365997314,1.0
all,0.1300,wor-uniform,141,0.02244621515274048,1.0
all,0.1300,wor-active,142,0.02042311429977417,1.0
all,0.1300,wor-uniform,142,0.023240074515342712,1.0
all,0.1300,wor-active,143,0.020059838891029358,1.0
all,0.1300,wor-uniform,143,0.023386001586914062,1.0
all,0.1300,wor-active,144,0.020057618618011475,1.0
all,0.1300,wor-uniform,144,0.02258014678955078,1.0
all,0.1300,wor-active,145,0.0193178653717041,0.0
all,0.1300,wor-uniform,145,0.023182690143585205,1.0
all,0.1300,wor-active,146,0.020503342151641846,1.0
all,0.1300,wor-uniform,146,0.02350860834121704,1.0
all,0.1300,wor-active,147,0.020814642310142517,1.0
all,0.1300,wor-uniform,147,0.02329385280609131,1.0
all,0.1300,wor-active,148,0.019256040453910828,1.0
all,0.1300,wor-uniform,148,0.02362239360809326,1.0
all,0.1300,wor-active,149,0.020265638828277588,1.0
all,0.1300,wor-uniform,149,0.023035690188407898,1.0
all,0.1300,wor-active,150,0.021655261516571045,1.0
all,0.1300,wor-uniform,150,0.023447930812835693,1.0
all,0.1300,wor-active,151,0.019276678562164307,1.0
all,0.1300,wor-uniform,151,0.022402852773666382,1.0
all,0.1300,wor-active,152,0.020272791385650635,1.0
all,0.1300,wor-uniform,152,0.023297488689422607,1.0
all,0.1300,wor-active,153,0.020327135920524597,1.0
all,0.1300,wor-uniform,153,0.02288728952407837,1.0
all,0.1300,wor-active,154,0.021471083164215088,1.0
all,0.1300,wor-uniform,154,0.023968815803527832,1.0
all,0.1300,wor-active,155,0.019700095057487488,1.0
all,0.1300,wor-uniform,155,0.022550910711288452,0.0
all,0.1300,wor-active,156,0.019011899828910828,1.0
all,0.1300,wor-uniform,156,0.02230440080165863,1.0
all,0.1300,wor-active,157,0.02071666717529297,1.0
all,0.1300,wor-uniform,157,0.02305060625076294,1.0
all,0.1300,wor-active,158,0.020178139209747314,1.0
all,0.1300,wor-uniform,158,0.02384704351425171,0.0
all,0.1300,wor-active,159,0.01858532428741455,0.0
all,0.1300,wor-uniform,159,0.02284681797027588,1.0
all,0.1300,wor-active,160,0.0189141184091568,1.0
all,0.1300,wor-uniform,160,0.02321481704711914,1.0
all,0.1300,wor-active,161,0.0201122909784317,1.0
all,0.1300,wor-uniform,161,0.02256840467453003,1.0
all,0.1300,wor-active,162,0.02145332098007202,1.0
all,0.1300,wor-uniform,162,0.02348381280899048,1.0
all,0.1300,wor-active,163,0.02085059881210327,1.0
all,0.1300,wor-uniform,163,0.023435592651367188,1.0
all,0.1300,wor-active,164,0.020332440733909607,1.0
all,0.1300,wor-uniform,164,0.02284318208694458,1.0
all,0.1300,wor-active,165,0.02056175470352173,1.0
all,0.1300,wor-uniform,165,0.022953569889068604,1.0
all,0.1300,wor-active,166,0.02006588876247406,1.0
all,0.1300,wor-uniform,166,0.023198425769805908,1.0
all,0.1300,wor-active,167,0.020766735076904297,1.0
all,0.1300,wor-uniform,167,0.02233225107192993,1.0
all,0.1300,wor-active,168,0.01993030309677124,1.0
all,0.1300,wor-uniform,168,0.0226220041513443,1.0
all,0.1300,wor-active,169,0.02002584934234619,1.0
all,0.1300,wor-uniform,169,0.023669064044952393,1.0
all,0.1300,wor-active,170,0.021196842193603516,1.0
all,0.1300,wor-uniform,170,0.022724196314811707,1.0
all,0.1300,wor-active,171,0.01985865831375122,1.0
all,0.1300,wor-uniform,171,0.022935107350349426,1.0
all,0.1300,wor-active,172,0.022394180297851562,1.0
all,0.1300,wor-uniform,172,0.0231819748878479,1.0
all,0.1300,wor-active,173,0.020444154739379883,1.0
all,0.1300,wor-uniform,173,0.02220626175403595,0.0
all,0.1300,wor-active,174,0.01966361701488495,0.0
all,0.1300,wor-uniform,174,0.023858070373535156,1.0
all,0.1300,wor-active,175,0.02115994691848755,1.0
all,0.1300,wor-uniform,175,0.02387535572052002,1.0
all,0.1300,wor-active,176,0.020597517490386963,1.0
all,0.1300,wor-uniform,176,0.02288365364074707,1.0
all,0.1300,wor-active,177,0.021799147129058838,1.0
all,0.1300,wor-uniform,177,0.022946953773498535,1.0
all,0.1300,wor-active,178,0.02005070447921753,1.0
all,0.1300,wor-uniform,178,0.02255803346633911,1.0
all,0.1300,wor-active,179,0.019719839096069336,1.0
all,0.1300,wor-uniform,179,0.02287459373474121,1.0
all,0.1300,wor-active,180,0.021898090839385986,1.0
all,0.1300,wor-uniform,180,0.024174511432647705,1.0
all,0.1300,wor-active,181,0.019719600677490234,1.0
all,0.1300,wor-uniform,181,0.02197796106338501,1.0
all,0.1300,wor-active,182,0.020640552043914795,1.0
all,0.1300,wor-uniform,182,0.023076117038726807,1.0
all,0.1300,wor-active,183,0.021532058715820312,1.0
all,0.1300,wor-uniform,183,0.023578405380249023,1.0
all,0.1300,wor-active,184,0.020073935389518738,1.0
all,0.1300,wor-uniform,184,0.02333313226699829,1.0
all,0.1300,wor-active,185,0.020374178886413574,1.0
all,0.1300,wor-uniform,185,0.023974820971488953,1.0
all,0.1300,wor-active,186,0.020264863967895508,1.0
all,0.1300,wor-uniform,186,0.023180723190307617,1.0
all,0.1300,wor-active,187,0.021870017051696777,1.0
all,0.1300,wor-uniform,187,0.024024680256843567,1.0
all,0.1300,wor-active,188,0.019890829920768738,1.0
all,0.1300,wor-uniform,188,0.022975623607635498,1.0
all,0.1300,wor-active,189,0.01989196240901947,1.0
all,0.1300,wor-uniform,189,0.02361994981765747,1.0
all,0.1300,wor-active,190,0.02128732204437256,1.0
all,0.1300,wor-uniform,190,0.022905290126800537,1.0
all,0.1300,wor-active,191,0.020411863923072815,1.0
all,0.1300,wor-uniform,191,0.02221304178237915,1.0
all,0.1300,wor-active,192,0.019281968474388123,1.0
all,0.1300,wor-uniform,192,0.02333606779575348,1.0
all,0.1300,wor-active,193,0.018930673599243164,0.0
all,0.1300,wor-uniform,193,0.022984877228736877,1.0
all,0.1300,wor-active,194,0.02048516273498535,1.0
all,0.1300,wor-uniform,194,0.023403823375701904,1.0
all,0.1300,wor-active,195,0.020480036735534668,1.0
all,0.1300,wor-uniform,195,0.02330334484577179,1.0
all,0.1300,wor-active,196,0.019716918468475342,1.0
all,0.1300,wor-uniform,196,0.022423267364501953,1.0
all,0.1300,wor-active,197,0.02086317539215088,1.0
all,0.1300,wor-uniform,197,0.02408158779144287,1.0
all,0.1300,wor-active,198,0.019912660121917725,1.0
all,0.1300,wor-uniform,198,0.022641435265541077,1.0
all,0.1300,wor-active,199,0.020572006702423096,1.0
all,0.1300,wor-uniform,199,0.02289605140686035,1.0
all,0.1300,wor-active,200,0.021131575107574463,1.0
all,0.1300,wor-uniform,200,0.02327771484851837,1.0
all,0.1300,wor-active,201,0.019621431827545166,1.0
all,0.1300,wor-uniform,201,0.022289767861366272,1.0
all,0.1300,wor-active,202,0.02008688449859619,1.0
all,0.1300,wor-uniform,202,0.022270679473876953,1.0
all,0.1300,wor-active,203,0.021136119961738586,1.0
all,0.1300,wor-uniform,203,0.023419439792633057,1.0
all,0.1300,wor-active,204,0.020793616771697998,1.0
all,0.1300,wor-uniform,204,0.02190983295440674,1.0
all,0.1300,wor-active,205,0.021329715847969055,1.0
all,0.1300,wor-uniform,205,0.023347079753875732,1.0
all,0.1300,wor-active,206,0.020324349403381348,1.0
all,0.1300,wor-uniform,206,0.023252561688423157,1.0
all,0.1300,wor-active,207,0.01976025104522705,1.0
all,0.1300,wor-uniform,207,0.023376569151878357,1.0
all,0.1300,wor-active,208,0.022021964192390442,1.0
all,0.1300,wor-uniform,208,0.023659825325012207,1.0
all,0.1300,wor-active,209,0.021220922470092773,1.0
all,0.1300,wor-uniform,209,0.023145318031311035,1.0
all,0.1300,wor-active,210,0.019769832491874695,1.0
all,0.1300,wor-uniform,210,0.02283589541912079,1.0
all,0.1300,wor-active,211,0.02090667188167572,1.0
all,0.1300,wor-uniform,211,0.02324855327606201,1.0
all,0.1300,wor-active,212,0.020756423473358154,1.0
all,0.1300,wor-uniform,212,0.023945927619934082,1.0
all,0.1300,wor-active,213,0.019205644726753235,1.0
all,0.1300,wor-uniform,213,0.022983849048614502,1.0
all,0.1300,wor-active,214,0.02099001407623291,1.0
all,0.1300,wor-uniform,214,0.022693291306495667,1.0
all,0.1300,wor-active,215,0.02010272443294525,1.0
all,0.1300,wor-uniform,215,0.02330203354358673,1.0
all,0.1300,wor-active,216,0.02080559730529785,1.0
all,0.1300,wor-uniform,216,0.023785844445228577,1.0
all,0.1300,wor-active,217,0.02051471173763275,1.0
all,0.1300,wor-uniform,217,0.02291049063205719,1.0
all,0.1300,wor-active,218,0.01893794536590576,1.0
all,0.1300,wor-uniform,218,0.023540660738945007,1.0
all,0.1300,wor-active,219,0.021119356155395508,1.0
all,0.1300,wor-uniform,219,0.022373050451278687,1.0
all,0.1300,wor-active,220,0.020247697830200195,1.0
all,0.1300,wor-uniform,220,0.022985875606536865,1.0
all,0.1300,wor-active,221,0.019580304622650146,0.0
all,0.1300,wor-uniform,221,0.02327442169189453,1.0
all,0.1300,wor-active,222,0.02061396837234497,1.0
all,0.1300,wor-uniform,222,0.022580042481422424,1.0
all,0.1300,wor-active,223,0.020949766039848328,1.0
all,0.1300,wor-uniform,223,0.02264469861984253,1.0
all,0.1300,wor-active,224,0.019963786005973816,1.0
all,0.1300,wor-uniform,224,0.0230940580368042,1.0
all,0.1300,wor-active,225,0.01901555061340332,1.0
all,0.1300,wor-uniform,225,0.022575706243515015,0.0
all,0.1300,wor-active,226,0.0197170227766037,1.0
all,0.1300,wor-uniform,226,0.023280903697013855,1.0
all,0.1300,wor-active,227,0.019102811813354492,1.0
all,0.1300,wor-uniform,227,0.023883819580078125,1.0
all,0.1300,wor-active,228,0.020618975162506104,1.0
all,0.1300,wor-uniform,228,0.02339869737625122,1.0
all,0.1300,wor-active,229,0.02056586742401123,1.0
all,0.1300,wor-uniform,229,0.02250446379184723,1.0
all,0.1300,wor-active,230,0.020654186606407166,1.0
all,0.1300,wor-uniform,230,0.02217477560043335,1.0
all,0.1300,wor-active,231,0.02167201042175293,1.0
all,0.1300,wor-uniform,231,0.023134246468544006,1.0
all,0.1300,wor-active,232,0.020149946212768555,1.0
all,0.1300,wor-uniform,232,0.02289450168609619,1.0
all,0.1300,wor-active,233,0.02115112543106079,1.0
all,0.1300,wor-uniform,233,0.023840606212615967,1.0
all,0.1300,wor-active,234,0.019220814108848572,1.0
all,0.1300,wor-uniform,234,0.022799059748649597,1.0
all,0.1300,wor-active,235,0.020542144775390625,1.0
all,0.1300,wor-uniform,235,0.02258796989917755,1.0
all,0.1300,wor-active,236,0.021668851375579834,1.0
all,0.1300,wor-uniform,236,0.023195907473564148,1.0
all,0.1300,wor-active,237,0.020502209663391113,1.0
all,0.1300,wor-uniform,237,0.02350294589996338,1.0
all,0.1300,wor-active,238,0.020603418350219727,1.0
all,0.1300,wor-uniform,238,0.022625908255577087,1.0
all,0.1300,wor-active,239,0.020416617393493652,1.0
all,0.1300,wor-uniform,239,0.022424161434173584,1.0
all,0.1300,wor-active,240,0.021140694618225098,1.0
all,0.1300,wor-uniform,240,0.023248597979545593,1.0
all,0.1300,wor-active,241,0.019439399242401123,1.0
all,0.1300,wor-uniform,241,0.023565366864204407,1.0
all,0.1300,wor-active,242,0.021065935492515564,1.0
all,0.1300,wor-uniform,242,0.02340628206729889,1.0
all,0.1300,wor-active,243,0.020345866680145264,1.0
all,0.1300,wor-uniform,243,0.022508874535560608,1.0
all,0.1300,wor-active,244,0.019914686679840088,1.0
all,0.1300,wor-uniform,244,0.022127807140350342,1.0
all,0.1300,wor-active,245,0.020765885710716248,1.0
all,0.1300,wor-uniform,245,0.023106753826141357,1.0
all,0.1300,wor-active,246,0.0205601304769516,1.0
all,0.1300,wor-uniform,246,0.022410571575164795,1.0
all,0.1300,wor-active,247,0.021305203437805176,1.0
all,0.1300,wor-uniform,247,0.023199185729026794,1.0
all,0.1300,wor-active,248,0.02019059658050537,1.0
all,0.1300,wor-uniform,248,0.023005008697509766,1.0
all,0.1300,wor-active,249,0.020662128925323486,1.0
all,0.1300,wor-uniform,249,0.023336246609687805,1.0
all,0.1300,wor-active,250,0.01912359893321991,1.0
all,0.1300,wor-uniform,250,0.02328711748123169,1.0
all,0.1300,wor-active,251,0.020055770874023438,1.0
all,0.1300,wor-uniform,251,0.02345144748687744,1.0
all,0.1300,wor-active,252,0.018558382987976074,0.0
all,0.1300,wor-uniform,252,0.022930264472961426,1.0
all,0.1300,wor-active,253,0.019940868020057678,1.0
all,0.1300,wor-uniform,253,0.02262669801712036,1.0
all,0.1300,wor-active,254,0.021471142768859863,1.0
all,0.1300,wor-uniform,254,0.023251056671142578,1.0
all,0.1300,wor-active,255,0.01998312771320343,1.0
all,0.1300,wor-uniform,255,0.022877618670463562,1.0
all,0.1300,wor-active,256,0.018632784485816956,1.0
all,0.1300,wor-uniform,256,0.023797035217285156,1.0
all,0.1300,wor-active,257,0.02012030780315399,1.0
all,0.1300,wor-uniform,257,0.02245175838470459,1.0
all,0.1300,wor-active,258,0.019929945468902588,1.0
all,0.1300,wor-uniform,258,0.02291417121887207,1.0
all,0.1300,wor-active,259,0.020298823714256287,1.0
all,0.1300,wor-uniform,259,0.02387392520904541,1.0
all,0.1300,wor-active,260,0.02067488431930542,1.0
all,0.1300,wor-uniform,260,0.023312270641326904,1.0
all,0.1300,wor-active,261,0.02005678415298462,1.0
all,0.1300,wor-uniform,261,0.02266247570514679,1.0
all,0.1300,wor-active,262,0.020056843757629395,1.0
all,0.1300,wor-uniform,262,0.021611496806144714,0.0
all,0.1300,wor-active,263,0.021412134170532227,0.0
all,0.1300,wor-uniform,263,0.022529423236846924,1.0
all,0.1300,wor-active,264,0.02021080255508423,1.0
all,0.1300,wor-uniform,264,0.022573724389076233,1.0
all,0.1300,wor-active,265,0.020961955189704895,1.0
all,0.1300,wor-uniform,265,0.0226019024848938,1.0
all,0.1300,wor-active,266,0.020609140396118164,1.0
all,0.1300,wor-uniform,266,0.02293926477432251,1.0
all,0.1300,wor-active,267,0.020871758460998535,1.0
all,0.1300,wor-uniform,267,0.0237424373626709,1.0
all,0.1300,wor-active,268,0.020602881908416748,1.0
all,0.1300,wor-uniform,268,0.022326529026031494,1.0
all,0.1300,wor-active,269,0.019556522369384766,1.0
all,0.1300,wor-uniform,269,0.023048341274261475,1.0
all,0.1300,wor-active,270,0.02090996503829956,1.0
all,0.1300,wor-uniform,270,0.022920772433280945,1.0
all,0.1300,wor-active,271,0.020457148551940918,1.0
all,0.1300,wor-uniform,271,0.022918343544006348,1.0
all,0.1300,wor-active,272,0.020948410034179688,1.0
all,0.1300,wor-uniform,272,0.023718595504760742,0.0
all,0.1300,wor-active,273,0.019873619079589844,1.0
all,0.1300,wor-uniform,273,0.023855865001678467,1.0
all,0.1300,wor-active,274,0.020419955253601074,1.0
all,0.1300,wor-uniform,274,0.022961974143981934,1.0
all,0.1300,wor-active,275,0.01965475082397461,1.0
all,0.1300,wor-uniform,275,0.022827669978141785,1.0
all,0.1300,wor-active,276,0.019592180848121643,1.0
all,0.1300,wor-uniform,276,0.023039281368255615,1.0
all,0.1300,wor-active,277,0.022693157196044922,1.0
all,0.1300,wor-uniform,277,0.02364937961101532,1.0
all,0.1300,wor-active,278,0.021065950393676758,1.0
all,0.1300,wor-uniform,278,0.023630574345588684,1.0
all,0.1300,wor-active,279,0.0207902193069458,1.0
all,0.1300,wor-uniform,279,0.02319878339767456,1.0
all,0.1300,wor-active,280,0.020667746663093567,1.0
all,0.1300,wor-uniform,280,0.022970974445343018,1.0
all,0.1300,wor-active,281,0.020903348922729492,1.0
all,0.1300,wor-uniform,281,0.023027539253234863,1.0
all,0.1300,wor-active,282,0.019880354404449463,1.0
all,0.1300,wor-uniform,282,0.022376075387001038,1.0
all,0.1300,wor-active,283,0.020871177315711975,1.0
all,0.1300,wor-uniform,283,0.023127660155296326,1.0
all,0.1300,wor-active,284,0.02182471752166748,1.0
all,0.1300,wor-uniform,284,0.024138450622558594,1.0
all,0.1300,wor-active,285,0.02110874652862549,1.0
all,0.1300,wor-uniform,285,0.02327960729598999,1.0
all,0.1300,wor-active,286,0.020704224705696106,1.0
all,0.1300,wor-uniform,286,0.023146390914916992,1.0
all,0.1300,wor-active,287,0.021641477942466736,1.0
all,0.1300,wor-uniform,287,0.023911595344543457,1.0
all,0.1300,wor-active,288,0.02153754234313965,1.0
all,0.1300,wor-uniform,288,0.02344287931919098,1.0
all,0.1300,wor-active,289,0.020293354988098145,1.0
all,0.1300,wor-uniform,289,0.023091793060302734,1.0
all,0.1300,wor-active,290,0.02076674997806549,1.0
all,0.1300,wor-uniform,290,0.022732079029083252,1.0
all,0.1300,wor-active,291,0.020009025931358337,1.0
all,0.1300,wor-uniform,291,0.02256469428539276,1.0
all,0.1300,wor-active,292,0.01893298327922821,1.0
all,0.1300,wor-uniform,292,0.0239524245262146,1.0
all,0.1300,wor-active,293,0.020455598831176758,1.0
all,0.1300,wor-uniform,293,0.0222165584564209,1.0
all,0.1300,wor-active,294,0.021445810794830322,1.0
all,0.1300,wor-uniform,294,0.023467466235160828,1.0
all,0.1300,wor-active,295,0.02059715986251831,1.0
all,0.1300,wor-uniform,295,0.022864148020744324,1.0
all,0.1300,wor-active,296,0.020470380783081055,1.0
all,0.1300,wor-uniform,296,0.023636043071746826,1.0
all,0.1300,wor-active,297,0.020499885082244873,1.0
all,0.1300,wor-uniform,297,0.023864805698394775,1.0
all,0.1300,wor-active,298,0.021106526255607605,1.0
all,0.1300,wor-uniform,298,0.022667571902275085,1.0
all,0.1300,wor-active,299,0.021359920501708984,1.0
all,0.1300,wor-uniform,299,0.02318471670150757,1.0
all,0.1300,wor-active,300,0.01954132318496704,1.0
all,0.1300,wor-uniform,300,0.02300041913986206,1.0
all,0.1300,wor-active,301,0.020488858222961426,1.0
all,0.1300,wor-uniform,301,0.02248239517211914,1.0
all,0.1300,wor-active,302,0.02019554376602173,1.0
all,0.1300,wor-uniform,302,0.023704543709754944,1.0
all,0.1300,wor-active,303,0.02059169113636017,1.0
all,0.1300,wor-uniform,303,0.02325195074081421,1.0
all,0.1300,wor-active,304,0.01918940246105194,0.0
all,0.1300,wor-uniform,304,0.023407399654388428,1.0
all,0.1300,wor-active,305,0.0205906480550766,1.0
all,0.1300,wor-uniform,305,0.02295994758605957,1.0
all,0.1300,wor-active,306,0.01936948299407959,1.0
all,0.1300,wor-uniform,306,0.02286440134048462,1.0
all,0.1300,wor-active,307,0.02190166711807251,1.0
all,0.1300,wor-uniform,307,0.022929668426513672,1.0
all,0.1300,wor-active,308,0.021507978439331055,1.0
all,0.1300,wor-uniform,308,0.022419333457946777,1.0
all,0.1300,wor-active,309,0.019584178924560547,1.0
all,0.1300,wor-uniform,309,0.023251891136169434,1.0
all,0.1300,wor-active,310,0.02065873146057129,1.0
all,0.1300,wor-uniform,310,0.023140326142311096,0.0
all,0.1300,wor-active,311,0.019604608416557312,1.0
all,0.1300,wor-uniform,311,0.023538485169410706,1.0
all,0.1300,wor-active,312,0.020514652132987976,1.0
all,0.1300,wor-uniform,312,0.022845566272735596,1.0
all,0.1300,wor-active,313,0.020139753818511963,1.0
all,0.1300,wor-uniform,313,0.022059902548789978,0.0
all,0.1300,wor-active,314,0.020582973957061768,1.0
all,0.1300,wor-uniform,314,0.023444056510925293,1.0
all,0.1300,wor-active,315,0.021753907203674316,1.0
all,0.1300,wor-uniform,315,0.0225183367729187,1.0
all,0.1300,wor-active,316,0.01947939395904541,1.0
all,0.1300,wor-uniform,316,0.022458791732788086,1.0
all,0.1300,wor-active,317,0.020955383777618408,1.0
all,0.1300,wor-uniform,317,0.022839143872261047,1.0
all,0.1300,wor-active,318,0.02075064182281494,0.0
all,0.1300,wor-uniform,318,0.02289538085460663,1.0
all,0.1300,wor-active,319,0.019965171813964844,1.0
all,0.1300,wor-uniform,319,0.023267686367034912,1.0
all,0.1300,wor-active,320,0.0189705491065979,1.0
all,0.1300,wor-uniform,320,0.021956682205200195,1.0
all,0.1300,wor-active,321,0.02067255973815918,1.0
all,0.1300,wor-uniform,321,0.02306312322616577,1.0
all,0.1300,wor-active,322,0.021246910095214844,1.0
all,0.1300,wor-uniform,322,0.023550868034362793,1.0
all,0.1300,wor-active,323,0.020329967141151428,1.0
all,0.1300,wor-uniform,323,0.022672533988952637,1.0
all,0.1300,wor-active,324,0.02120727300643921,1.0
all,0.1300,wor-uniform,324,0.0222959965467453,1.0
all,0.1300,wor-active,325,0.02049882709980011,1.0
all,0.1300,wor-uniform,325,0.02342522144317627,1.0
all,0.1300,wor-active,326,0.021588385105133057,1.0
all,0.1300,wor-uniform,326,0.023678824305534363,1.0
all,0.1300,wor-active,327,0.0211094468832016,1.0
all,0.1300,wor-uniform,327,0.02316296100616455,1.0
all,0.1300,wor-active,328,0.0212247371673584,1.0
all,0.1300,wor-uniform,328,0.022478997707366943,1.0
all,0.1300,wor-active,329,0.01860862970352173,1.0
all,0.1300,wor-uniform,329,0.022985443472862244,1.0
all,0.1300,wor-active,330,0.021302640438079834,1.0
all,0.1300,wor-uniform,330,0.02346581220626831,1.0
all,0.1300,wor-active,331,0.019809558987617493,1.0
all,0.1300,wor-uniform,331,0.02291196584701538,1.0
all,0.1300,wor-active,332,0.02026665210723877,1.0
all,0.1300,wor-uniform,332,0.02343583106994629,1.0
all,0.1400,wor-active,0,0.020790472626686096,1.0
all,0.1400,wor-uniform,0,0.022524282336235046,1.0
all,0.1400,wor-active,1,0.01940549910068512,1.0
all,0.1400,wor-uniform,1,0.02255350351333618,1.0
all,0.1400,wor-active,2,0.01902449131011963,1.0
all,0.1400,wor-uniform,2,0.02197040617465973,1.0
all,0.1400,wor-active,3,0.019532322883605957,1.0
all,0.1400,wor-uniform,3,0.022600293159484863,1.0
all,0.1400,wor-active,4,0.020222485065460205,1.0
all,0.1400,wor-uniform,4,0.022639691829681396,1.0
all,0.1400,wor-active,5,0.020621180534362793,1.0
all,0.1400,wor-uniform,5,0.02205902338027954,1.0
all,0.1400,wor-active,6,0.0196915864944458,1.0
all,0.1400,wor-uniform,6,0.02261994779109955,1.0
all,0.1400,wor-active,7,0.019285619258880615,1.0
all,0.1400,wor-uniform,7,0.022188782691955566,1.0
all,0.1400,wor-active,8,0.018803223967552185,1.0
all,0.1400,wor-uniform,8,0.022394657135009766,1.0
all,0.1400,wor-active,9,0.020376205444335938,1.0
all,0.1400,wor-uniform,9,0.021507441997528076,1.0
all,0.1400,wor-active,10,0.01948489248752594,1.0
all,0.1400,wor-uniform,10,0.02281665802001953,1.0
all,0.1400,wor-active,11,0.019752204418182373,1.0
all,0.1400,wor-uniform,11,0.02234053611755371,1.0
all,0.1400,wor-active,12,0.018536806106567383,1.0
all,0.1400,wor-uniform,12,0.022914111614227295,1.0
all,0.1400,wor-active,13,0.018244534730911255,0.0
all,0.1400,wor-uniform,13,0.021692633628845215,1.0
all,0.1400,wor-active,14,0.020403921604156494,1.0
all,0.1400,wor-uniform,14,0.021741867065429688,1.0
all,0.1400,wor-active,15,0.019825562834739685,1.0
all,0.1400,wor-uniform,15,0.021924614906311035,1.0
all,0.1400,wor-active,16,0.020298004150390625,1.0
all,0.1400,wor-uniform,16,0.021398723125457764,1.0
all,0.1400,wor-active,17,0.020586669445037842,1.0
all,0.1400,wor-uniform,17,0.022507905960083008,1.0
all,0.1400,wor-active,18,0.018508434295654297,0.0
all,0.1400,wor-uniform,18,0.022280216217041016,1.0
all,0.1400,wor-active,19,0.01956486701965332,1.0
all,0.1400,wor-uniform,19,0.02288179099559784,1.0
all,0.1400,wor-active,20,0.019980430603027344,1.0
all,0.1400,wor-uniform,20,0.022374227643013,1.0
all,0.1400,wor-active,21,0.01918548345565796,1.0
all,0.1400,wor-uniform,21,0.021198347210884094,1.0
all,0.1400,wor-active,22,0.019678950309753418,1.0
all,0.1400,wor-uniform,22,0.02184593677520752,1.0
all,0.1400,wor-active,23,0.019286438822746277,1.0
all,0.1400,wor-uniform,23,0.0230141282081604,0.0
all,0.1400,wor-active,24,0.01750020682811737,1.0
all,0.1400,wor-uniform,24,0.021582767367362976,1.0
all,0.1400,wor-active,25,0.0204198956489563,0.0
all,0.1400,wor-uniform,25,0.02192854881286621,1.0
all,0.1400,wor-active,26,0.019169524312019348,1.0
all,0.1400,wor-uniform,26,0.022094056010246277,1.0
all,0.1400,wor-active,27,0.02031266689300537,1.0
all,0.1400,wor-uniform,27,0.021653667092323303,0.0
all,0.1400,wor-active,28,0.01939910650253296,1.0
all,0.1400,wor-uniform,28,0.022735953330993652,1.0
all,0.1400,wor-active,29,0.019941136240959167,1.0
all,0.1400,wor-uniform,29,0.022145405411720276,1.0
all,0.1400,wor-active,30,0.02026011049747467,1.0
all,0.1400,wor-uniform,30,0.022247418761253357,1.0
all,0.1400,wor-active,31,0.019229412078857422,1.0
all,0.1400,wor-uniform,31,0.022497788071632385,1.0
all,0.1400,wor-active,32,0.02060103416442871,0.0
all,0.1400,wor-uniform,32,0.0219840407371521,1.0
all,0.1400,wor-active,33,0.019771993160247803,1.0
all,0.1400,wor-uniform,33,0.022640109062194824,1.0
all,0.1400,wor-active,34,0.019970238208770752,1.0
all,0.1400,wor-uniform,34,0.02257329225540161,1.0
all,0.1400,wor-active,35,0.01893758773803711,1.0
all,0.1400,wor-uniform,35,0.022421181201934814,1.0
all,0.1400,wor-active,36,0.019646450877189636,1.0
all,0.1400,wor-uniform,36,0.022149428725242615,1.0
all,0.1400,wor-active,37,0.019063547253608704,1.0
all,0.1400,wor-uniform,37,0.022418081760406494,0.0
all,0.1400,wor-active,38,0.018766164779663086,1.0
all,0.1400,wor-uniform,38,0.02247615158557892,1.0
all,0.1400,wor-active,39,0.019535183906555176,1.0
all,0.1400,wor-uniform,39,0.02191019058227539,1.0
all,0.1400,wor-active,40,0.020405173301696777,1.0
all,0.1400,wor-uniform,40,0.021903574466705322,1.0
all,0.1400,wor-active,41,0.019548997282981873,1.0
all,0.1400,wor-uniform,41,0.02232450246810913,1.0
all,0.1400,wor-active,42,0.02050204575061798,1.0
all,0.1400,wor-uniform,42,0.022340357303619385,1.0
all,0.1400,wor-active,43,0.01878128945827484,1.0
all,0.1400,wor-uniform,43,0.0227697491645813,1.0
all,0.1400,wor-active,44,0.018944010138511658,1.0
all,0.1400,wor-uniform,44,0.021730363368988037,1.0
all,0.1400,wor-active,45,0.01960277557373047,1.0
all,0.1400,wor-uniform,45,0.022924065589904785,1.0
all,0.1400,wor-active,46,0.0202673077583313,1.0
all,0.1400,wor-uniform,46,0.021864593029022217,1.0
all,0.1400,wor-active,47,0.01951509714126587,1.0
all,0.1400,wor-uniform,47,0.022039830684661865,1.0
all,0.1400,wor-active,48,0.019320309162139893,1.0
all,0.1400,wor-uniform,48,0.021358966827392578,1.0
all,0.1400,wor-active,49,0.018531203269958496,1.0
all,0.1400,wor-uniform,49,0.02248358726501465,1.0
all,0.1400,wor-active,50,0.01958245038986206,1.0
all,0.1400,wor-uniform,50,0.02197118103504181,1.0
all,0.1400,wor-active,51,0.01997554302215576,1.0
all,0.1400,wor-uniform,51,0.022009313106536865,1.0
all,0.1400,wor-active,52,0.01977938413619995,1.0
all,0.1400,wor-uniform,52,0.022296249866485596,1.0
all,0.1400,wor-active,53,0.01898108422756195,1.0
all,0.1400,wor-uniform,53,0.02204883098602295,1.0
all,0.1400,wor-active,54,0.01969762146472931,1.0
all,0.1400,wor-uniform,54,0.02245287597179413,1.0
all,0.1400,wor-active,55,0.019098758697509766,1.0
all,0.1400,wor-uniform,55,0.022648274898529053,1.0
all,0.1400,wor-active,56,0.019502952694892883,1.0
all,0.1400,wor-uniform,56,0.02150505781173706,1.0
all,0.1400,wor-active,57,0.018883228302001953,1.0
all,0.1400,wor-uniform,57,0.022680997848510742,1.0
all,0.1400,wor-active,58,0.019623026251792908,1.0
all,0.1400,wor-uniform,58,0.02225548028945923,1.0
all,0.1400,wor-active,59,0.019642964005470276,1.0
all,0.1400,wor-uniform,59,0.022802114486694336,1.0
all,0.1400,wor-active,60,0.02001945674419403,1.0
all,0.1400,wor-uniform,60,0.023169875144958496,1.0
all,0.1400,wor-active,61,0.02102792263031006,1.0
all,0.1400,wor-uniform,61,0.02194756269454956,1.0
all,0.1400,wor-active,62,0.018824994564056396,1.0
all,0.1400,wor-uniform,62,0.022469833493232727,1.0
all,0.1400,wor-active,63,0.019213855266571045,1.0
all,0.1400,wor-uniform,63,0.022686734795570374,1.0
all,0.1400,wor-active,64,0.019718825817108154,1.0
all,0.1400,wor-uniform,64,0.02221900224685669,1.0
all,0.1400,wor-active,65,0.019073963165283203,1.0
all,0.1400,wor-uniform,65,0.021956980228424072,1.0
all,0.1400,wor-active,66,0.01940639317035675,1.0
all,0.1400,wor-uniform,66,0.021853849291801453,1.0
all,0.1400,wor-active,67,0.01890498399734497,1.0
all,0.1400,wor-uniform,67,0.021338284015655518,1.0
all,0.1400,wor-active,68,0.01861347258090973,1.0
all,0.1400,wor-uniform,68,0.022150084376335144,1.0
all,0.1400,wor-active,69,0.018880844116210938,1.0
all,0.1400,wor-uniform,69,0.022859111428260803,1.0
all,0.1400,wor-active,70,0.020204901695251465,1.0
all,0.1400,wor-uniform,70,0.022382423281669617,1.0
all,0.1400,wor-active,71,0.020356357097625732,1.0
all,0.1400,wor-uniform,71,0.02108907699584961,1.0
all,0.1400,wor-active,72,0.018788695335388184,0.0
all,0.1400,wor-uniform,72,0.022055968642234802,1.0
all,0.1400,wor-active,73,0.01925945281982422,1.0
all,0.1400,wor-uniform,73,0.02207493782043457,1.0
all,0.1400,wor-active,74,0.01983189582824707,1.0
all,0.1400,wor-uniform,74,0.022152379155158997,1.0
all,0.1400,wor-active,75,0.01982647180557251,1.0
all,0.1400,wor-uniform,75,0.022319257259368896,1.0
all,0.1400,wor-active,76,0.01979006826877594,1.0
all,0.1400,wor-uniform,76,0.022444486618041992,1.0
all,0.1400,wor-active,77,0.01954042911529541,1.0
all,0.1400,wor-uniform,77,0.020960733294487,1.0
all,0.1400,wor-active,78,0.019850298762321472,1.0
all,0.1400,wor-uniform,78,0.022281110286712646,1.0
all,0.1400,wor-active,79,0.019432425498962402,1.0
all,0.1400,wor-uniform,79,0.022317811846733093,1.0
all,0.1400,wor-active,80,0.020280838012695312,1.0
all,0.1400,wor-uniform,80,0.021830737590789795,1.0
all,0.1400,wor-active,81,0.020534098148345947,1.0
all,0.1400,wor-uniform,81,0.022138535976409912,1.0
all,0.1400,wor-active,82,0.020281508564949036,1.0
all,0.1400,wor-uniform,82,0.022024333477020264,1.0
all,0.1400,wor-active,83,0.018680885434150696,1.0
all,0.1400,wor-uniform,83,0.022014349699020386,1.0
all,0.1400,wor-active,84,0.020609140396118164,1.0
all,0.1400,wor-uniform,84,0.022849082946777344,1.0
all,0.1400,wor-active,85,0.018350541591644287,1.0
all,0.1400,wor-uniform,85,0.022648215293884277,1.0
all,0.1400,wor-active,86,0.019700780510902405,1.0
all,0.1400,wor-uniform,86,0.023436903953552246,0.0
all,0.1400,wor-active,87,0.020160794258117676,1.0
all,0.1400,wor-uniform,87,0.02196502685546875,1.0
all,0.1400,wor-active,88,0.021575450897216797,0.0
all,0.1400,wor-uniform,88,0.021916329860687256,1.0
all,0.1400,wor-active,89,0.018958091735839844,1.0
all,0.1400,wor-uniform,89,0.022074714303016663,1.0
all,0.1400,wor-active,90,0.019787847995758057,1.0
all,0.1400,wor-uniform,90,0.022071659564971924,1.0
all,0.1400,wor-active,91,0.01889503002166748,1.0
all,0.1400,wor-uniform,91,0.022284507751464844,1.0
all,0.1400,wor-active,92,0.019490540027618408,1.0
all,0.1400,wor-uniform,92,0.021235451102256775,1.0
all,0.1400,wor-active,93,0.02072596549987793,1.0
all,0.1400,wor-uniform,93,0.023806452751159668,0.0
all,0.1400,wor-active,94,0.019978225231170654,1.0
all,0.1400,wor-uniform,94,0.021962836384773254,0.0
all,0.1400,wor-active,95,0.01873360574245453,1.0
all,0.1400,wor-uniform,95,0.022452712059020996,1.0
all,0.1400,wor-active,96,0.019181787967681885,1.0
all,0.1400,wor-uniform,96,0.02166038751602173,1.0
all,0.1400,wor-active,97,0.018974781036376953,1.0
all,0.1400,wor-uniform,97,0.022274911403656006,1.0
all,0.1400,wor-active,98,0.01991187036037445,1.0
all,0.1400,wor-uniform,98,0.02245110273361206,1.0
all,0.1400,wor-active,99,0.020070314407348633,1.0
all,0.1400,wor-uniform,99,0.021926268935203552,1.0
all,0.1400,wor-active,100,0.0200384259223938,1.0
all,0.1400,wor-uniform,100,0.021566450595855713,1.0
all,0.1400,wor-active,101,0.019381701946258545,1.0
all,0.1400,wor-uniform,101,0.021963179111480713,1.0
all,0.1400,wor-active,102,0.020559072494506836,1.0
all,0.1400,wor-uniform,102,0.021074071526527405,1.0
all,0.1400,wor-active,103,0.019588351249694824,1.0
all,0.1400,wor-uniform,103,0.02181410789489746,1.0
all,0.1400,wor-active,104,0.019444897770881653,1.0
all,0.1400,wor-uniform,104,0.02236926555633545,1.0
all,0.1400,wor-active,105,0.019860878586769104,1.0
all,0.1400,wor-uniform,105,0.02178734540939331,1.0
all,0.1400,wor-active,106,0.019423484802246094,1.0
all,0.1400,wor-uniform,106,0.02221161127090454,1.0
all,0.1400,wor-active,107,0.0203702449798584,1.0
all,0.1400,wor-uniform,107,0.021698251366615295,1.0
all,0.1400,wor-active,108,0.0196608304977417,1.0
all,0.1400,wor-uniform,108,0.022591114044189453,1.0
all,0.1400,wor-active,109,0.019233286380767822,1.0
all,0.1400,wor-uniform,109,0.02155567705631256,1.0
all,0.1400,wor-active,110,0.0204964280128479,1.0
all,0.1400,wor-uniform,110,0.022070154547691345,1.0
all,0.1400,wor-active,111,0.018741190433502197,0.0
all,0.1400,wor-uniform,111,0.02164536714553833,1.0
all,0.1400,wor-active,112,0.017847701907157898,1.0
all,0.1400,wor-uniform,112,0.02349567413330078,0.0
all,0.1400,wor-active,113,0.020924150943756104,1.0
all,0.1400,wor-uniform,113,0.023618683218955994,1.0
all,0.1400,wor-active,114,0.02045781910419464,1.0
all,0.1400,wor-uniform,114,0.022288575768470764,1.0
all,0.1400,wor-active,115,0.01997905969619751,1.0
all,0.1400,wor-uniform,115,0.02261461317539215,1.0
all,0.1400,wor-active,116,0.019510269165039062,1.0
all,0.1400,wor-uniform,116,0.02217388153076172,1.0
all,0.1400,wor-active,117,0.01865147054195404,1.0
all,0.1400,wor-uniform,117,0.0221664160490036,1.0
all,0.1400,wor-active,118,0.019881784915924072,1.0
all,0.1400,wor-uniform,118,0.0218687504529953,1.0
all,0.1400,wor-active,119,0.019886061549186707,1.0
all,0.1400,wor-uniform,119,0.022412851452827454,1.0
all,0.1400,wor-active,120,0.01948767900466919,1.0
all,0.1400,wor-uniform,120,0.02203613519668579,1.0
all,0.1400,wor-active,121,0.020296931266784668,1.0
all,0.1400,wor-uniform,121,0.022258684039115906,1.0
all,0.1400,wor-active,122,0.019473031163215637,1.0
all,0.1400,wor-uniform,122,0.022719010710716248,1.0
all,0.1400,wor-active,123,0.019588708877563477,1.0
all,0.1400,wor-uniform,123,0.021774902939796448,1.0
all,0.1400,wor-active,124,0.020682215690612793,1.0
all,0.1400,wor-uniform,124,0.02228248119354248,1.0
all,0.1400,wor-active,125,0.019852876663208008,1.0
all,0.1400,wor-uniform,125,0.022011205554008484,1.0
all,0.1400,wor-active,126,0.021069064736366272,1.0
all,0.1400,wor-uniform,126,0.02232944965362549,1.0
all,0.1400,wor-active,127,0.01897372305393219,1.0
all,0.1400,wor-uniform,127,0.022361457347869873,1.0
all,0.1400,wor-active,128,0.019300103187561035,1.0
all,0.1400,wor-uniform,128,0.021882429718971252,1.0
all,0.1400,wor-active,129,0.01798558235168457,1.0
all,0.1400,wor-uniform,129,0.021555423736572266,1.0
all,0.1400,wor-active,130,0.019971847534179688,1.0
all,0.1400,wor-uniform,130,0.022829949855804443,1.0
all,0.1400,wor-active,131,0.019138529896736145,1.0
all,0.1400,wor-uniform,131,0.021065056324005127,1.0
all,0.1400,wor-active,132,0.019048616290092468,1.0
all,0.1400,wor-uniform,132,0.022749662399291992,1.0
all,0.1400,wor-active,133,0.020358502864837646,1.0
all,0.1400,wor-uniform,133,0.022238194942474365,1.0
all,0.1400,wor-active,134,0.01939849555492401,1.0
all,0.1400,wor-uniform,134,0.02218581736087799,1.0
all,0.1400,wor-active,135,0.018511801958084106,0.0
all,0.1400,wor-uniform,135,0.023327887058258057,1.0
all,0.1400,wor-active,136,0.020258188247680664,1.0
all,0.1400,wor-uniform,136,0.021771669387817383,1.0
all,0.1400,wor-active,137,0.019848883152008057,1.0
all,0.1400,wor-uniform,137,0.02274078130722046,1.0
all,0.1400,wor-active,138,0.020113781094551086,1.0
all,0.1400,wor-uniform,138,0.021759390830993652,0.0
all,0.1400,wor-active,139,0.021171152591705322,1.0
all,0.1400,wor-uniform,139,0.022243380546569824,1.0
all,0.1400,wor-active,140,0.020399630069732666,1.0
all,0.1400,wor-uniform,140,0.022388041019439697,1.0
all,0.1400,wor-active,141,0.019077658653259277,1.0
all,0.1400,wor-uniform,141,0.022103428840637207,1.0
all,0.1400,wor-active,142,0.019228696823120117,1.0
all,0.1400,wor-uniform,142,0.022447824478149414,0.0
all,0.1400,wor-active,143,0.019066736102104187,1.0
all,0.1400,wor-uniform,143,0.02183586359024048,1.0
all,0.1400,wor-active,144,0.01921980082988739,1.0
all,0.1400,wor-uniform,144,0.022644951939582825,1.0
all,0.1400,wor-active,145,0.019858554005622864,1.0
all,0.1400,wor-uniform,145,0.022432565689086914,1.0
all,0.1400,wor-active,146,0.02072364091873169,1.0
all,0.1400,wor-uniform,146,0.021665260195732117,1.0
all,0.1400,wor-active,147,0.020298480987548828,1.0
all,0.1400,wor-uniform,147,0.022329628467559814,0.0
all,0.1400,wor-active,148,0.020248830318450928,1.0
all,0.1400,wor-uniform,148,0.02164827287197113,1.0
all,0.1400,wor-active,149,0.019111692905426025,1.0
all,0.1400,wor-uniform,149,0.021553874015808105,1.0
all,0.1400,wor-active,150,0.019413888454437256,1.0
all,0.1400,wor-uniform,150,0.021413952112197876,0.0
all,0.1400,wor-active,151,0.021029949188232422,1.0
all,0.1400,wor-uniform,151,0.022039145231246948,0.0
all,0.1400,wor-active,152,0.02001732587814331,1.0
all,0.1400,wor-uniform,152,0.022354602813720703,1.0
all,0.1400,wor-active,153,0.018696501851081848,1.0
all,0.1400,wor-uniform,153,0.021524250507354736,1.0
all,0.1400,wor-active,154,0.01990121603012085,1.0
all,0.1400,wor-uniform,154,0.02240675687789917,1.0
all,0.1400,wor-active,155,0.019158825278282166,1.0
all,0.1400,wor-uniform,155,0.022097334265708923,1.0
all,0.1400,wor-active,156,0.02045971155166626,1.0
all,0.1400,wor-uniform,156,0.022765815258026123,1.0
all,0.1400,wor-active,157,0.019589826464653015,1.0
all,0.1400,wor-uniform,157,0.02216207981109619,1.0
all,0.1400,wor-active,158,0.02001863718032837,1.0
all,0.1400,wor-uniform,158,0.021789178252220154,1.0
all,0.1400,wor-active,159,0.02060985565185547,1.0
all,0.1400,wor-uniform,159,0.022502467036247253,1.0
all,0.1400,wor-active,160,0.019735991954803467,1.0
all,0.1400,wor-uniform,160,0.022511184215545654,1.0
all,0.1400,wor-active,161,0.01895582675933838,1.0
all,0.1400,wor-uniform,161,0.02224665880203247,1.0
all,0.1400,wor-active,162,0.019552111625671387,1.0
all,0.1400,wor-uniform,162,0.02301257848739624,1.0
all,0.1400,wor-active,163,0.018930375576019287,1.0
all,0.1400,wor-uniform,163,0.022097989916801453,1.0
all,0.1400,wor-active,164,0.020618438720703125,1.0
all,0.1400,wor-uniform,164,0.022090256214141846,1.0
all,0.1400,wor-active,165,0.02042168378829956,1.0
all,0.1400,wor-uniform,165,0.022181928157806396,1.0
all,0.1400,wor-active,166,0.019230425357818604,1.0
all,0.1400,wor-uniform,166,0.021625280380249023,1.0
all,0.1400,wor-active,167,0.02002084255218506,1.0
all,0.1400,wor-uniform,167,0.021312355995178223,1.0
all,0.1400,wor-active,168,0.0189734548330307,1.0
all,0.1400,wor-uniform,168,0.022893667221069336,1.0
all,0.1400,wor-active,169,0.018438026309013367,1.0
all,0.1400,wor-uniform,169,0.021967336535453796,1.0
all,0.1400,wor-active,170,0.019178390502929688,1.0
all,0.1400,wor-uniform,170,0.02208341658115387,1.0
all,0.1400,wor-active,171,0.019812047481536865,1.0
all,0.1400,wor-uniform,171,0.02136892080307007,1.0
all,0.1400,wor-active,172,0.01973778009414673,1.0
all,0.1400,wor-uniform,172,0.021645188331604004,1.0
all,0.1400,wor-active,173,0.018329501152038574,1.0
all,0.1400,wor-uniform,173,0.02215951681137085,1.0
all,0.1400,wor-active,174,0.019334599375724792,1.0
all,0.1400,wor-uniform,174,0.02234424650669098,1.0
all,0.1400,wor-active,175,0.020107850432395935,1.0
all,0.1400,wor-uniform,175,0.0220944881439209,1.0
all,0.1400,wor-active,176,0.02027738094329834,1.0
all,0.1400,wor-uniform,176,0.022928595542907715,1.0
all,0.1400,wor-active,177,0.018764302134513855,1.0
all,0.1400,wor-uniform,177,0.0215347558259964,1.0
all,0.1400,wor-active,178,0.019563034176826477,1.0
all,0.1400,wor-uniform,178,0.02237306535243988,1.0
all,0.1400,wor-active,179,0.020068705081939697,1.0
all,0.1400,wor-uniform,179,0.022639572620391846,1.0
all,0.1400,wor-active,180,0.018924713134765625,1.0
all,0.1400,wor-uniform,180,0.022017598152160645,1.0
all,0.1400,wor-active,181,0.019818425178527832,1.0
all,0.1400,wor-uniform,181,0.023017704486846924,0.0
all,0.1400,wor-active,182,0.01890338957309723,1.0
all,0.1400,wor-uniform,182,0.02092801034450531,1.0
all,0.1400,wor-active,183,0.019665956497192383,1.0
all,0.1400,wor-uniform,183,0.022444307804107666,1.0
all,0.1400,wor-active,184,0.01925128698348999,1.0
all,0.1400,wor-uniform,184,0.022853493690490723,1.0
all,0.1400,wor-active,185,0.019051790237426758,1.0
all,0.1400,wor-uniform,185,0.022577807307243347,1.0
all,0.1400,wor-active,186,0.018973663449287415,1.0
all,0.1400,wor-uniform,186,0.02270178496837616,1.0
all,0.1400,wor-active,187,0.02028501033782959,1.0
all,0.1400,wor-uniform,187,0.02151186764240265,1.0
all,0.1400,wor-active,188,0.019277915358543396,0.0
all,0.1400,wor-uniform,188,0.02247488498687744,1.0
all,0.1400,wor-active,189,0.019435957074165344,1.0
all,0.1400,wor-uniform,189,0.021881163120269775,1.0
all,0.1400,wor-active,190,0.020476937294006348,1.0
all,0.1400,wor-uniform,190,0.02249602973461151,1.0
all,0.1400,wor-active,191,0.019863665103912354,1.0
all,0.1400,wor-uniform,191,0.022175893187522888,1.0
all,0.1400,wor-active,192,0.01895284652709961,1.0
all,0.1400,wor-uniform,192,0.02229340374469757,1.0
all,0.1400,wor-active,193,0.02007436752319336,1.0
all,0.1400,wor-uniform,193,0.023067831993103027,1.0
all,0.1400,wor-active,194,0.020755648612976074,1.0
all,0.1400,wor-uniform,194,0.02185569703578949,1.0
all,0.1400,wor-active,195,0.018578767776489258,1.0
all,0.1400,wor-uniform,195,0.022976040840148926,1.0
all,0.1400,wor-active,196,0.01926422119140625,1.0
all,0.1400,wor-uniform,196,0.021966993808746338,1.0
all,0.1400,wor-active,197,0.02093750238418579,1.0
all,0.1400,wor-uniform,197,0.02212005853652954,1.0
all,0.1400,wor-active,198,0.018523022532463074,1.0
all,0.1400,wor-uniform,198,0.022033512592315674,1.0
all,0.1400,wor-active,199,0.019777610898017883,1.0
all,0.1400,wor-uniform,199,0.02275635302066803,1.0
all,0.1400,wor-active,200,0.019313514232635498,1.0
all,0.1400,wor-uniform,200,0.02202726900577545,1.0
all,0.1400,wor-active,201,0.019662082195281982,1.0
all,0.1400,wor-uniform,201,0.021561428904533386,1.0
all,0.1400,wor-active,202,0.020202934741973877,1.0
all,0.1400,wor-uniform,202,0.021845877170562744,1.0
all,0.1400,wor-active,203,0.019291236996650696,1.0
all,0.1400,wor-uniform,203,0.02219085395336151,1.0
all,0.1400,wor-active,204,0.019364193081855774,1.0
all,0.1400,wor-uniform,204,0.02215971052646637,1.0
all,0.1400,wor-active,205,0.02055436372756958,1.0
all,0.1400,wor-uniform,205,0.022318601608276367,1.0
all,0.1400,wor-active,206,0.019298627972602844,1.0
all,0.1400,wor-uniform,206,0.021954253315925598,1.0
all,0.1400,wor-active,207,0.020437315106391907,1.0
all,0.1400,wor-uniform,207,0.021750912070274353,1.0
all,0.1400,wor-active,208,0.018988370895385742,1.0
all,0.1400,wor-uniform,208,0.022607222199440002,1.0
all,0.1400,wor-active,209,0.01991593837738037,1.0
all,0.1400,wor-uniform,209,0.0221216082572937,1.0
all,0.1400,wor-active,210,0.020650207996368408,1.0
all,0.1400,wor-uniform,210,0.02248483896255493,1.0
all,0.1400,wor-active,211,0.01955646276473999,1.0
all,0.1400,wor-uniform,211,0.021887242794036865,1.0
all,0.1400,wor-active,212,0.0188874751329422,1.0
all,0.1400,wor-uniform,212,0.021902024745941162,0.0
all,0.1400,wor-active,213,0.01960933208465576,1.0
all,0.1400,wor-uniform,213,0.021528422832489014,1.0
all,0.1400,wor-active,214,0.01980133354663849,1.0
all,0.1400,wor-uniform,214,0.021481752395629883,1.0
all,0.1400,wor-active,215,0.01918870210647583,1.0
all,0.1400,wor-uniform,215,0.021954581141471863,1.0
all,0.1400,wor-active,216,0.020647704601287842,1.0
all,0.1400,wor-uniform,216,0.022383585572242737,1.0
all,0.1400,wor-active,217,0.020209014415740967,1.0
all,0.1400,wor-uniform,217,0.022453367710113525,1.0
all,0.1400,wor-active,218,0.019304871559143066,1.0
all,0.1400,wor-uniform,218,0.022127807140350342,1.0
all,0.1400,wor-active,219,0.021139323711395264,1.0
all,0.1400,wor-uniform,219,0.022732853889465332,1.0
all,0.1400,wor-active,220,0.018989503383636475,1.0
all,0.1400,wor-uniform,220,0.021921932697296143,1.0
all,0.1400,wor-active,221,0.019520297646522522,1.0
all,0.1400,wor-uniform,221,0.021702110767364502,1.0
all,0.1400,wor-active,222,0.019732892513275146,1.0
all,0.1400,wor-uniform,222,0.022650837898254395,1.0
all,0.1400,wor-active,223,0.02003258466720581,1.0
all,0.1400,wor-uniform,223,0.02289414405822754,1.0
all,0.1400,wor-active,224,0.018937647342681885,1.0
all,0.1400,wor-uniform,224,0.023299753665924072,1.0
all,0.1400,wor-active,225,0.0192832350730896,1.0
all,0.1400,wor-uniform,225,0.02193629741668701,1.0
all,0.1400,wor-active,226,0.019070208072662354,1.0
all,0.1400,wor-uniform,226,0.022357046604156494,1.0
all,0.1400,wor-active,227,0.018717944622039795,1.0
all,0.1400,wor-uniform,227,0.022023797035217285,1.0
all,0.1400,wor-active,228,0.019435763359069824,1.0
all,0.1400,wor-uniform,228,0.022362828254699707,1.0
all,0.1400,wor-active,229,0.019455909729003906,1.0
all,0.1400,wor-uniform,229,0.02222508192062378,1.0
all,0.1400,wor-active,230,0.019536063075065613,1.0
all,0.1400,wor-uniform,230,0.021503925323486328,1.0
all,0.1400,wor-active,231,0.018440663814544678,1.0
all,0.1400,wor-uniform,231,0.022058844566345215,1.0
all,0.1400,wor-active,232,0.02016274631023407,1.0
all,0.1400,wor-uniform,232,0.022034868597984314,1.0
all,0.1400,wor-active,233,0.020993053913116455,1.0
all,0.1400,wor-uniform,233,0.021629557013511658,1.0
all,0.1400,wor-active,234,0.02058589458465576,1.0
all,0.1400,wor-uniform,234,0.02179056406021118,1.0
all,0.1400,wor-active,235,0.019639313220977783,1.0
all,0.1400,wor-uniform,235,0.02269876003265381,1.0
all,0.1400,wor-active,236,0.018389329314231873,1.0
all,0.1400,wor-uniform,236,0.02194911241531372,1.0
all,0.1400,wor-active,237,0.019603490829467773,1.0
all,0.1400,wor-uniform,237,0.02340942621231079,1.0
all,0.1400,wor-active,238,0.019307374954223633,1.0
all,0.1400,wor-uniform,238,0.021528199315071106,1.0
all,0.1400,wor-active,239,0.019775912165641785,1.0
all,0.1400,wor-uniform,239,0.021270036697387695,1.0
all,0.1400,wor-active,240,0.02009338140487671,1.0
all,0.1400,wor-uniform,240,0.02145153284072876,1.0
all,0.1400,wor-active,241,0.019808471202850342,1.0
all,0.1400,wor-uniform,241,0.022776126861572266,1.0
all,0.1400,wor-active,242,0.018974661827087402,1.0
all,0.1400,wor-uniform,242,0.023350417613983154,1.0
all,0.1400,wor-active,243,0.018747389316558838,1.0
all,0.1400,wor-uniform,243,0.022647514939308167,1.0
all,0.1400,wor-active,244,0.019904330372810364,1.0
all,0.1400,wor-uniform,244,0.02173571288585663,1.0
all,0.1400,wor-active,245,0.017455294728279114,0.0
all,0.1400,wor-uniform,245,0.023351311683654785,1.0
all,0.1400,wor-active,246,0.018665745854377747,1.0
all,0.1400,wor-uniform,246,0.022395670413970947,1.0
all,0.1400,wor-active,247,0.01951700448989868,1.0
all,0.1400,wor-uniform,247,0.022677898406982422,1.0
all,0.1400,wor-active,248,0.018546417355537415,1.0
all,0.1400,wor-uniform,248,0.022162675857543945,1.0
all,0.1400,wor-active,249,0.019903406500816345,1.0
all,0.1400,wor-uniform,249,0.022883057594299316,1.0
all,0.1400,wor-active,250,0.020230770111083984,1.0
all,0.1400,wor-uniform,250,0.022601962089538574,1.0
all,0.1400,wor-active,251,0.018973514437675476,1.0
all,0.1400,wor-uniform,251,0.0218542218208313,1.0
all,0.1400,wor-active,252,0.021362602710723877,1.0
all,0.1400,wor-uniform,252,0.022364690899848938,1.0
all,0.1400,wor-active,253,0.019129648804664612,1.0
all,0.1400,wor-uniform,253,0.02216923236846924,1.0
all,0.1400,wor-active,254,0.019589170813560486,1.0
all,0.1400,wor-uniform,254,0.022298991680145264,1.0
all,0.1400,wor-active,255,0.020024597644805908,1.0
all,0.1400,wor-uniform,255,0.022040411829948425,1.0
all,0.1400,wor-active,256,0.02059304714202881,1.0
all,0.1400,wor-uniform,256,0.0225946307182312,1.0
all,0.1400,wor-active,257,0.01986175775527954,1.0
all,0.1400,wor-uniform,257,0.022814929485321045,1.0
all,0.1400,wor-active,258,0.019402101635932922,1.0
all,0.1400,wor-uniform,258,0.021277710795402527,1.0
all,0.1400,wor-active,259,0.01897527277469635,1.0
all,0.1400,wor-uniform,259,0.022119104862213135,1.0
all,0.1400,wor-active,260,0.02025318145751953,1.0
all,0.1400,wor-uniform,260,0.02277439832687378,1.0
all,0.1400,wor-active,261,0.019154265522956848,1.0
all,0.1400,wor-uniform,261,0.021801352500915527,1.0
all,0.1400,wor-active,262,0.020224079489707947,1.0
all,0.1400,wor-uniform,262,0.021911725401878357,1.0
all,0.1400,wor-active,263,0.01973026990890503,1.0
all,0.1400,wor-uniform,263,0.023886069655418396,1.0
all,0.1400,wor-active,264,0.019798994064331055,1.0
all,0.1400,wor-uniform,264,0.021998539566993713,1.0
all,0.1400,wor-active,265,0.02013075351715088,1.0
all,0.1400,wor-uniform,265,0.022070705890655518,1.0
all,0.1400,wor-active,266,0.01977163553237915,1.0
all,0.1400,wor-uniform,266,0.021970748901367188,1.0
all,0.1400,wor-active,267,0.020423218607902527,1.0
all,0.1400,wor-uniform,267,0.02186298370361328,1.0
all,0.1400,wor-active,268,0.020391881465911865,1.0
all,0.1400,wor-uniform,268,0.021940991282463074,1.0
all,0.1400,wor-active,269,0.020729660987854004,1.0
all,0.1400,wor-uniform,269,0.02308659255504608,1.0
all,0.1400,wor-active,270,0.01914215087890625,1.0
all,0.1400,wor-uniform,270,0.02181452512741089,1.0
all,0.1400,wor-active,271,0.01965951919555664,1.0
all,0.1400,wor-uniform,271,0.022463619709014893,1.0
all,0.1400,wor-active,272,0.019812405109405518,1.0
all,0.1400,wor-uniform,272,0.022362709045410156,1.0
all,0.1400,wor-active,273,0.018807947635650635,1.0
all,0.1400,wor-uniform,273,0.021921634674072266,1.0
all,0.1400,wor-active,274,0.01885402202606201,1.0
all,0.1400,wor-uniform,274,0.021075725555419922,0.0
all,0.1400,wor-active,275,0.018338561058044434,1.0
all,0.1400,wor-uniform,275,0.0227929949760437,1.0
all,0.1400,wor-active,276,0.019079163670539856,1.0
all,0.1400,wor-uniform,276,0.022547677159309387,1.0
all,0.1400,wor-active,277,0.020183861255645752,1.0
all,0.1400,wor-uniform,277,0.02180492877960205,1.0
all,0.1400,wor-active,278,0.020337700843811035,1.0
all,0.1400,wor-uniform,278,0.02188706398010254,1.0
all,0.1400,wor-active,279,0.01952308416366577,1.0
all,0.1400,wor-uniform,279,0.022281527519226074,1.0
all,0.1400,wor-active,280,0.019719600677490234,1.0
all,0.1400,wor-uniform,280,0.021825939416885376,1.0
all,0.1400,wor-active,281,0.019581615924835205,1.0
all,0.1400,wor-uniform,281,0.022433459758758545,1.0
all,0.1400,wor-active,282,0.019104838371276855,1.0
all,0.1400,wor-uniform,282,0.021886587142944336,1.0
all,0.1400,wor-active,283,0.019505873322486877,1.0
all,0.1400,wor-uniform,283,0.022568941116333008,1.0
all,0.1400,wor-active,284,0.02051478624343872,1.0
all,0.1400,wor-uniform,284,0.02187192440032959,1.0
all,0.1400,wor-active,285,0.02066810429096222,1.0
all,0.1400,wor-uniform,285,0.02265024185180664,1.0
all,0.1400,wor-active,286,0.02041018009185791,1.0
all,0.1400,wor-uniform,286,0.02188780903816223,0.0
all,0.1400,wor-active,287,0.018728315830230713,1.0
all,0.1400,wor-uniform,287,0.023055434226989746,1.0
all,0.1400,wor-active,288,0.01985311508178711,1.0
all,0.1400,wor-uniform,288,0.022220969200134277,1.0
all,0.1400,wor-active,289,0.020119965076446533,1.0
all,0.1400,wor-uniform,289,0.02250748872756958,1.0
all,0.1400,wor-active,290,0.020879387855529785,0.0
all,0.1400,wor-uniform,290,0.02229459583759308,1.0
all,0.1400,wor-active,291,0.018792107701301575,1.0
all,0.1400,wor-uniform,291,0.02359294891357422,1.0
all,0.1400,wor-active,292,0.019301891326904297,1.0
all,0.1400,wor-uniform,292,0.022706270217895508,1.0
all,0.1400,wor-active,293,0.019720077514648438,1.0
all,0.1400,wor-uniform,293,0.022552490234375,1.0
all,0.1400,wor-active,294,0.020020902156829834,0.0
all,0.1400,wor-uniform,294,0.02169223129749298,1.0
all,0.1400,wor-active,295,0.019553422927856445,1.0
all,0.1400,wor-uniform,295,0.022101417183876038,1.0
all,0.1400,wor-active,296,0.019352316856384277,1.0
all,0.1400,wor-uniform,296,0.02199554443359375,1.0
all,0.1400,wor-active,297,0.019765079021453857,1.0
all,0.1400,wor-uniform,297,0.02240842580795288,1.0
all,0.1400,wor-active,298,0.018814310431480408,1.0
all,0.1400,wor-uniform,298,0.021964073181152344,1.0
all,0.1400,wor-active,299,0.019916057586669922,1.0
all,0.1400,wor-uniform,299,0.02219480276107788,1.0
all,0.1400,wor-active,300,0.020892679691314697,1.0
all,0.1400,wor-uniform,300,0.022214815020561218,1.0
all,0.1400,wor-active,301,0.019599080085754395,1.0
all,0.1400,wor-uniform,301,0.02217245101928711,1.0
all,0.1400,wor-active,302,0.02041393518447876,1.0
all,0.1400,wor-uniform,302,0.022020399570465088,1.0
all,0.1400,wor-active,303,0.01936650276184082,1.0
all,0.1400,wor-uniform,303,0.021964311599731445,1.0
all,0.1400,wor-active,304,0.018880560994148254,1.0
all,0.1400,wor-uniform,304,0.02175062894821167,1.0
all,0.1400,wor-active,305,0.018076002597808838,1.0
all,0.1400,wor-uniform,305,0.02186650037765503,1.0
all,0.1400,wor-active,306,0.01990187168121338,1.0
all,0.1400,wor-uniform,306,0.021717026829719543,1.0
all,0.1400,wor-active,307,0.02009403705596924,1.0
all,0.1400,wor-uniform,307,0.02225036919116974,1.0
all,0.1400,wor-active,308,0.01809251308441162,0.0
all,0.1400,wor-uniform,308,0.020947396755218506,1.0
all,0.1400,wor-active,309,0.01899862289428711,1.0
all,0.1400,wor-uniform,309,0.022100985050201416,1.0
all,0.1400,wor-active,310,0.02023547887802124,1.0
all,0.1400,wor-uniform,310,0.021980181336402893,1.0
all,0.1400,wor-active,311,0.019058838486671448,1.0
all,0.1400,wor-uniform,311,0.02206742763519287,1.0
all,0.1400,wor-active,312,0.01855503022670746,1.0
all,0.1400,wor-uniform,312,0.021963298320770264,1.0
all,0.1400,wor-active,313,0.020154312252998352,1.0
all,0.1400,wor-uniform,313,0.022191882133483887,1.0
all,0.1400,wor-active,314,0.01981109380722046,1.0
all,0.1400,wor-uniform,314,0.021447986364364624,0.0
all,0.1400,wor-active,315,0.019229531288146973,1.0
all,0.1400,wor-uniform,315,0.022991478443145752,1.0
all,0.1400,wor-active,316,0.01928354799747467,1.0
all,0.1400,wor-uniform,316,0.021954476833343506,1.0
all,0.1400,wor-active,317,0.019319236278533936,1.0
all,0.1400,wor-uniform,317,0.021719425916671753,0.0
all,0.1400,wor-active,318,0.020027995109558105,1.0
all,0.1400,wor-uniform,318,0.02187196910381317,1.0
all,0.1400,wor-active,319,0.020592987537384033,1.0
all,0.1400,wor-uniform,319,0.021532520651817322,1.0
all,0.1400,wor-active,320,0.01884293556213379,1.0
all,0.1400,wor-uniform,320,0.022430002689361572,1.0
all,0.1400,wor-active,321,0.02067667245864868,1.0
all,0.1400,wor-uniform,321,0.02238200604915619,1.0
all,0.1400,wor-active,322,0.020001351833343506,1.0
all,0.1400,wor-uniform,322,0.021151378750801086,1.0
all,0.1400,wor-active,323,0.02068781852722168,1.0
all,0.1400,wor-uniform,323,0.021367087960243225,1.0
all,0.1400,wor-active,324,0.020558595657348633,1.0
all,0.1400,wor-uniform,324,0.02257680892944336,1.0
all,0.1400,wor-active,325,0.020699620246887207,1.0
all,0.1400,wor-uniform,325,0.02131575345993042,1.0
all,0.1400,wor-active,326,0.019496679306030273,1.0
all,0.1400,wor-uniform,326,0.022962450981140137,1.0
all,0.1400,wor-active,327,0.020559608936309814,1.0
all,0.1400,wor-uniform,327,0.02220916748046875,1.0
all,0.1400,wor-active,328,0.020287513732910156,1.0
all,0.1400,wor-uniform,328,0.022148191928863525,1.0
all,0.1400,wor-active,329,0.02062845230102539,1.0
all,0.1400,wor-uniform,329,0.02181607484817505,1.0
all,0.1400,wor-active,330,0.01996779441833496,1.0
all,0.1400,wor-uniform,330,0.022299647331237793,0.0
all,0.1400,wor-active,331,0.020141184329986572,1.0
all,0.1400,wor-uniform,331,0.022135019302368164,1.0
all,0.1400,wor-active,332,0.020010054111480713,1.0
all,0.1400,wor-uniform,332,0.022533461451530457,1.0
all,0.1500,wor-active,0,0.018375173211097717,1.0
all,0.1500,wor-uniform,0,0.021412357687950134,1.0
all,0.1500,wor-active,1,0.018837615847587585,1.0
all,0.1500,wor-uniform,1,0.020666375756263733,1.0
all,0.1500,wor-active,2,0.01885247230529785,1.0
all,0.1500,wor-uniform,2,0.020758196711540222,0.0
all,0.1500,wor-active,3,0.01941734552383423,1.0
all,0.1500,wor-uniform,3,0.021218478679656982,1.0
all,0.1500,wor-active,4,0.019674599170684814,1.0
all,0.1500,wor-uniform,4,0.02092750370502472,1.0
all,0.1500,wor-active,5,0.01868593692779541,1.0
all,0.1500,wor-uniform,5,0.021491453051567078,1.0
all,0.1500,wor-active,6,0.01920086145401001,1.0
all,0.1500,wor-uniform,6,0.021401703357696533,1.0
all,0.1500,wor-active,7,0.01875770092010498,1.0
all,0.1500,wor-uniform,7,0.02098958194255829,1.0
all,0.1500,wor-active,8,0.017490074038505554,1.0
all,0.1500,wor-uniform,8,0.020869478583335876,1.0
all,0.1500,wor-active,9,0.017854854464530945,1.0
all,0.1500,wor-uniform,9,0.020957157015800476,1.0
all,0.1500,wor-active,10,0.017884910106658936,1.0
all,0.1500,wor-uniform,10,0.0214691162109375,1.0
all,0.1500,wor-active,11,0.019024178385734558,1.0
all,0.1500,wor-uniform,11,0.021130546927452087,1.0
all,0.1500,wor-active,12,0.019201084971427917,1.0
all,0.1500,wor-uniform,12,0.021027207374572754,1.0
all,0.1500,wor-active,13,0.019920527935028076,1.0
all,0.1500,wor-uniform,13,0.0212898850440979,1.0
all,0.1500,wor-active,14,0.02005290985107422,1.0
all,0.1500,wor-uniform,14,0.021169960498809814,1.0
all,0.1500,wor-active,15,0.020474374294281006,0.0
all,0.1500,wor-uniform,15,0.02138388156890869,1.0
all,0.1500,wor-active,16,0.018698811531066895,0.0
all,0.1500,wor-uniform,16,0.020823463797569275,1.0
all,0.1500,wor-active,17,0.018768131732940674,1.0
all,0.1500,wor-uniform,17,0.0221550315618515,1.0
all,0.1500,wor-active,18,0.019149184226989746,1.0
all,0.1500,wor-uniform,18,0.02061164379119873,1.0
all,0.1500,wor-active,19,0.019359290599822998,1.0
all,0.1500,wor-uniform,19,0.021605610847473145,1.0
all,0.1500,wor-active,20,0.019423604011535645,1.0
all,0.1500,wor-uniform,20,0.02137833833694458,1.0
all,0.1500,wor-active,21,0.020393192768096924,1.0
all,0.1500,wor-uniform,21,0.020605504512786865,1.0
all,0.1500,wor-active,22,0.018326759338378906,1.0
all,0.1500,wor-uniform,22,0.020924434065818787,1.0
all,0.1500,wor-active,23,0.01929527521133423,1.0
all,0.1500,wor-uniform,23,0.021373406052589417,1.0
all,0.1500,wor-active,24,0.019451558589935303,1.0
all,0.1500,wor-uniform,24,0.021313726902008057,1.0
all,0.1500,wor-active,25,0.018959835171699524,1.0
all,0.1500,wor-uniform,25,0.021087512373924255,1.0
all,0.1500,wor-active,26,0.018683448433876038,1.0
all,0.1500,wor-uniform,26,0.02088622748851776,1.0
all,0.1500,wor-active,27,0.01995021104812622,1.0
all,0.1500,wor-uniform,27,0.021738409996032715,1.0
all,0.1500,wor-active,28,0.01918107271194458,1.0
all,0.1500,wor-uniform,28,0.02093292772769928,1.0
all,0.1500,wor-active,29,0.018680498003959656,1.0
all,0.1500,wor-uniform,29,0.02090275287628174,1.0
all,0.1500,wor-active,30,0.019204914569854736,1.0
all,0.1500,wor-uniform,30,0.020985901355743408,1.0
all,0.1500,wor-active,31,0.01886928081512451,1.0
all,0.1500,wor-uniform,31,0.021067380905151367,1.0
all,0.1500,wor-active,32,0.017763257026672363,1.0
all,0.1500,wor-uniform,32,0.020655885338783264,1.0
all,0.1500,wor-active,33,0.01857207715511322,1.0
all,0.1500,wor-uniform,33,0.0210421085357666,1.0
all,0.1500,wor-active,34,0.019447803497314453,1.0
all,0.1500,wor-uniform,34,0.02071058750152588,1.0
all,0.1500,wor-active,35,0.020326316356658936,1.0
all,0.1500,wor-uniform,35,0.021709859371185303,1.0
all,0.1500,wor-active,36,0.019767820835113525,1.0
all,0.1500,wor-uniform,36,0.020885944366455078,1.0
all,0.1500,wor-active,37,0.018493592739105225,1.0
all,0.1500,wor-uniform,37,0.02030283212661743,1.0
all,0.1500,wor-active,38,0.018877804279327393,1.0
all,0.1500,wor-uniform,38,0.021055519580841064,1.0
all,0.1500,wor-active,39,0.018947243690490723,1.0
all,0.1500,wor-uniform,39,0.020896077156066895,1.0
all,0.1500,wor-active,40,0.019202589988708496,1.0
all,0.1500,wor-uniform,40,0.0206792950630188,1.0
all,0.1500,wor-active,41,0.018972814083099365,1.0
all,0.1500,wor-uniform,41,0.02092146873474121,1.0
all,0.1500,wor-active,42,0.01830458641052246,1.0
all,0.1500,wor-uniform,42,0.021980106830596924,1.0
all,0.1500,wor-active,43,0.018958747386932373,1.0
all,0.1500,wor-uniform,43,0.02177751064300537,1.0
all,0.1500,wor-active,44,0.019192516803741455,1.0
all,0.1500,wor-uniform,44,0.020716115832328796,1.0
all,0.1500,wor-active,45,0.018526792526245117,1.0
all,0.1500,wor-uniform,45,0.021648883819580078,1.0
all,0.1500,wor-active,46,0.01847386360168457,1.0
all,0.1500,wor-uniform,46,0.021492481231689453,1.0
all,0.1500,wor-active,47,0.01806199550628662,1.0
all,0.1500,wor-uniform,47,0.021194055676460266,1.0
all,0.1500,wor-active,48,0.018654480576515198,1.0
all,0.1500,wor-uniform,48,0.021659135818481445,1.0
all,0.1500,wor-active,49,0.018119141459465027,1.0
all,0.1500,wor-uniform,49,0.02198857069015503,1.0
all,0.1500,wor-active,50,0.019800961017608643,1.0
all,0.1500,wor-uniform,50,0.021995902061462402,1.0
all,0.1500,wor-active,51,0.018865346908569336,1.0
all,0.1500,wor-uniform,51,0.02125917375087738,1.0
all,0.1500,wor-active,52,0.017917200922966003,1.0
all,0.1500,wor-uniform,52,0.021335899829864502,1.0
all,0.1500,wor-active,53,0.01761561632156372,1.0
all,0.1500,wor-uniform,53,0.021105274558067322,1.0
all,0.1500,wor-active,54,0.018537625670433044,1.0
all,0.1500,wor-uniform,54,0.021980538964271545,1.0
all,0.1500,wor-active,55,0.017909884452819824,1.0
all,0.1500,wor-uniform,55,0.02114565670490265,1.0
all,0.1500,wor-active,56,0.01939171552658081,1.0
all,0.1500,wor-uniform,56,0.020699620246887207,1.0
all,0.1500,wor-active,57,0.018584832549095154,1.0
all,0.1500,wor-uniform,57,0.020955920219421387,1.0
all,0.1500,wor-active,58,0.01828181743621826,1.0
all,0.1500,wor-uniform,58,0.020984351634979248,1.0
all,0.1500,wor-active,59,0.01839442551136017,1.0
all,0.1500,wor-uniform,59,0.021371781826019287,1.0
all,0.1500,wor-active,60,0.01859581470489502,1.0
all,0.1500,wor-uniform,60,0.02193152904510498,1.0
all,0.1500,wor-active,61,0.01918525993824005,1.0
all,0.1500,wor-uniform,61,0.02115383744239807,1.0
all,0.1500,wor-active,62,0.01946137845516205,1.0
all,0.1500,wor-uniform,62,0.021113991737365723,1.0
all,0.1500,wor-active,63,0.018274426460266113,1.0
all,0.1500,wor-uniform,63,0.021434366703033447,1.0
all,0.1500,wor-active,64,0.017858266830444336,1.0
all,0.1500,wor-uniform,64,0.02167433500289917,1.0
all,0.1500,wor-active,65,0.01835186779499054,1.0
all,0.1500,wor-uniform,65,0.02210521697998047,1.0
all,0.1500,wor-active,66,0.01834893226623535,1.0
all,0.1500,wor-uniform,66,0.020462453365325928,1.0
all,0.1500,wor-active,67,0.01758594810962677,1.0
all,0.1500,wor-uniform,67,0.021261632442474365,1.0
all,0.1500,wor-active,68,0.01838420331478119,1.0
all,0.1500,wor-uniform,68,0.021051347255706787,1.0
all,0.1500,wor-active,69,0.018566131591796875,1.0
all,0.1500,wor-uniform,69,0.02056412398815155,1.0
all,0.1500,wor-active,70,0.01896136999130249,1.0
all,0.1500,wor-uniform,70,0.02169257402420044,1.0
all,0.1500,wor-active,71,0.01934291422367096,1.0
all,0.1500,wor-uniform,71,0.02169942855834961,1.0
all,0.1500,wor-active,72,0.017195403575897217,1.0
all,0.1500,wor-uniform,72,0.021096423268318176,1.0
all,0.1500,wor-active,73,0.018962204456329346,1.0
all,0.1500,wor-uniform,73,0.0206337571144104,1.0
all,0.1500,wor-active,74,0.018320798873901367,1.0
all,0.1500,wor-uniform,74,0.021105453372001648,1.0
all,0.1500,wor-active,75,0.01806207001209259,1.0
all,0.1500,wor-uniform,75,0.021066904067993164,1.0
all,0.1500,wor-active,76,0.018835142254829407,1.0
all,0.1500,wor-uniform,76,0.021138131618499756,1.0
all,0.1500,wor-active,77,0.01818549633026123,1.0
all,0.1500,wor-uniform,77,0.02122730016708374,1.0
all,0.1500,wor-active,78,0.018956080079078674,1.0
all,0.1500,wor-uniform,78,0.021156907081604004,1.0
all,0.1500,wor-active,79,0.019476652145385742,1.0
all,0.1500,wor-uniform,79,0.022697508335113525,1.0
all,0.1500,wor-active,80,0.01931130886077881,1.0
all,0.1500,wor-uniform,80,0.020990490913391113,1.0
all,0.1500,wor-active,81,0.018263041973114014,1.0
all,0.1500,wor-uniform,81,0.022040963172912598,1.0
all,0.1500,wor-active,82,0.018599212169647217,1.0
all,0.1500,wor-uniform,82,0.021459758281707764,0.0
all,0.1500,wor-active,83,0.01769930124282837,1.0
all,0.1500,wor-uniform,83,0.021431267261505127,1.0
all,0.1500,wor-active,84,0.019738972187042236,1.0
all,0.1500,wor-uniform,84,0.021298468112945557,1.0
all,0.1500,wor-active,85,0.018481507897377014,1.0
all,0.1500,wor-uniform,85,0.020717978477478027,1.0
all,0.1500,wor-active,86,0.018127337098121643,0.0
all,0.1500,wor-uniform,86,0.021343350410461426,1.0
all,0.1500,wor-active,87,0.019365966320037842,1.0
all,0.1500,wor-uniform,87,0.021597132086753845,1.0
all,0.1500,wor-active,88,0.01812124252319336,1.0
all,0.1500,wor-uniform,88,0.02091105282306671,1.0
all,0.1500,wor-active,89,0.017930850386619568,1.0
all,0.1500,wor-uniform,89,0.021344080567359924,1.0
all,0.1500,wor-active,90,0.01778554916381836,1.0
all,0.1500,wor-uniform,90,0.02121157944202423,1.0
all,0.1500,wor-active,91,0.02097034454345703,1.0
all,0.1500,wor-uniform,91,0.02073502540588379,1.0
all,0.1500,wor-active,92,0.018416330218315125,1.0
all,0.1500,wor-uniform,92,0.02107769250869751,1.0
all,0.1500,wor-active,93,0.01901102066040039,1.0
all,0.1500,wor-uniform,93,0.021654412150382996,1.0
all,0.1500,wor-active,94,0.018113553524017334,1.0
all,0.1500,wor-uniform,94,0.02112668752670288,1.0
all,0.1500,wor-active,95,0.019240856170654297,1.0
all,0.1500,wor-uniform,95,0.0213049054145813,1.0
all,0.1500,wor-active,96,0.018038928508758545,1.0
all,0.1500,wor-uniform,96,0.021561086177825928,1.0
all,0.1500,wor-active,97,0.017882362008094788,1.0
all,0.1500,wor-uniform,97,0.020765364170074463,1.0
all,0.1500,wor-active,98,0.018645167350769043,1.0
all,0.1500,wor-uniform,98,0.021234750747680664,1.0
all,0.1500,wor-active,99,0.01858574151992798,1.0
all,0.1500,wor-uniform,99,0.021228328347206116,1.0
all,0.1500,wor-active,100,0.01892198622226715,1.0
all,0.1500,wor-uniform,100,0.02096112072467804,1.0
all,0.1500,wor-active,101,0.01930694282054901,1.0
all,0.1500,wor-uniform,101,0.02173309028148651,1.0
all,0.1500,wor-active,102,0.018985331058502197,1.0
all,0.1500,wor-uniform,102,0.02103358507156372,1.0
all,0.1500,wor-active,103,0.018216848373413086,1.0
all,0.1500,wor-uniform,103,0.021060645580291748,1.0
all,0.1500,wor-active,104,0.019032776355743408,1.0
all,0.1500,wor-uniform,104,0.020958423614501953,1.0
all,0.1500,wor-active,105,0.01882314682006836,1.0
all,0.1500,wor-uniform,105,0.021893084049224854,1.0
all,0.1500,wor-active,106,0.01934605836868286,1.0
all,0.1500,wor-uniform,106,0.021383121609687805,1.0
all,0.1500,wor-active,107,0.01803259551525116,1.0
all,0.1500,wor-uniform,107,0.020491257309913635,1.0
all,0.1500,wor-active,108,0.018793344497680664,1.0
all,0.1500,wor-uniform,108,0.021888017654418945,1.0
all,0.1500,wor-active,109,0.018750891089439392,1.0
all,0.1500,wor-uniform,109,0.021316781640052795,1.0
all,0.1500,wor-active,110,0.01811528205871582,1.0
all,0.1500,wor-uniform,110,0.020816802978515625,1.0
all,0.1500,wor-active,111,0.018573641777038574,1.0
all,0.1500,wor-uniform,111,0.021403253078460693,1.0
all,0.1500,wor-active,112,0.019785046577453613,1.0
all,0.1500,wor-uniform,112,0.02084672451019287,1.0
all,0.1500,wor-active,113,0.01834648847579956,1.0
all,0.1500,wor-uniform,113,0.021446600556373596,1.0
all,0.1500,wor-active,114,0.018484115600585938,1.0
all,0.1500,wor-uniform,114,0.020727232098579407,1.0
all,0.1500,wor-active,115,0.018359005451202393,1.0
all,0.1500,wor-uniform,115,0.02122443914413452,1.0
all,0.1500,wor-active,116,0.01872803270816803,1.0
all,0.1500,wor-uniform,116,0.021349012851715088,1.0
all,0.1500,wor-active,117,0.01888495683670044,1.0
all,0.1500,wor-uniform,117,0.021840468049049377,1.0
all,0.1500,wor-active,118,0.01955735683441162,1.0
all,0.1500,wor-uniform,118,0.021566331386566162,1.0
all,0.1500,wor-active,119,0.018436908721923828,1.0
all,0.1500,wor-uniform,119,0.020877063274383545,1.0
all,0.1500,wor-active,120,0.018310129642486572,1.0
all,0.1500,wor-uniform,120,0.021645382046699524,1.0
all,0.1500,wor-active,121,0.02012193202972412,1.0
all,0.1500,wor-uniform,121,0.021181344985961914,1.0
all,0.1500,wor-active,122,0.01743859052658081,0.0
all,0.1500,wor-uniform,122,0.021194711327552795,1.0
all,0.1500,wor-active,123,0.019173264503479004,1.0
all,0.1500,wor-uniform,123,0.0215914249420166,1.0
all,0.1500,wor-active,124,0.019531667232513428,0.0
all,0.1500,wor-uniform,124,0.021985232830047607,1.0
all,0.1500,wor-active,125,0.018047749996185303,1.0
all,0.1500,wor-uniform,125,0.020496070384979248,1.0
all,0.1500,wor-active,126,0.01954585313796997,1.0
all,0.1500,wor-uniform,126,0.021015003323554993,1.0
all,0.1500,wor-active,127,0.019532933831214905,1.0
all,0.1500,wor-uniform,127,0.020745709538459778,1.0
all,0.1500,wor-active,128,0.01812833547592163,1.0
all,0.1500,wor-uniform,128,0.020792335271835327,1.0
all,0.1500,wor-active,129,0.018386483192443848,1.0
all,0.1500,wor-uniform,129,0.021037399768829346,1.0
all,0.1500,wor-active,130,0.017897561192512512,1.0
all,0.1500,wor-uniform,130,0.020985066890716553,1.0
all,0.1500,wor-active,131,0.018175065517425537,1.0
all,0.1500,wor-uniform,131,0.021160319447517395,1.0
all,0.1500,wor-active,132,0.019141390919685364,1.0
all,0.1500,wor-uniform,132,0.022362112998962402,0.0
all,0.1500,wor-active,133,0.01889669895172119,1.0
all,0.1500,wor-uniform,133,0.021153613924980164,1.0
all,0.1500,wor-active,134,0.019912421703338623,1.0
all,0.1500,wor-uniform,134,0.020733237266540527,1.0
all,0.1500,wor-active,135,0.01866203546524048,1.0
all,0.1500,wor-uniform,135,0.021532714366912842,1.0
all,0.1500,wor-active,136,0.018078148365020752,1.0
all,0.1500,wor-uniform,136,0.021338462829589844,1.0
all,0.1500,wor-active,137,0.019424498081207275,1.0
all,0.1500,wor-uniform,137,0.020863115787506104,1.0
all,0.1500,wor-active,138,0.018524765968322754,1.0
all,0.1500,wor-uniform,138,0.02239251136779785,1.0
all,0.1500,wor-active,139,0.019853174686431885,1.0
all,0.1500,wor-uniform,139,0.02189880609512329,1.0
all,0.1500,wor-active,140,0.018247783184051514,0.0
all,0.1500,wor-uniform,140,0.02129840850830078,1.0
all,0.1500,wor-active,141,0.01907527446746826,1.0
all,0.1500,wor-uniform,141,0.021671712398529053,1.0
all,0.1500,wor-active,142,0.018254026770591736,1.0
all,0.1500,wor-uniform,142,0.021260559558868408,1.0
all,0.1500,wor-active,143,0.019136130809783936,1.0
all,0.1500,wor-uniform,143,0.02180415391921997,1.0
all,0.1500,wor-active,144,0.020375266671180725,1.0
all,0.1500,wor-uniform,144,0.021584689617156982,1.0
all,0.1500,wor-active,145,0.018761873245239258,1.0
all,0.1500,wor-uniform,145,0.021195411682128906,1.0
all,0.1500,wor-active,146,0.019517719745635986,1.0
all,0.1500,wor-uniform,146,0.021468713879585266,1.0
all,0.1500,wor-active,147,0.019182264804840088,1.0
all,0.1500,wor-uniform,147,0.020786717534065247,1.0
all,0.1500,wor-active,148,0.01867939531803131,1.0
all,0.1500,wor-uniform,148,0.02007286250591278,1.0
all,0.1500,wor-active,149,0.018754824995994568,1.0
all,0.1500,wor-uniform,149,0.0215580016374588,1.0
all,0.1500,wor-active,150,0.018094882369041443,1.0
all,0.1500,wor-uniform,150,0.02121436595916748,1.0
all,0.1500,wor-active,151,0.018492043018341064,1.0
all,0.1500,wor-uniform,151,0.02080094814300537,1.0
all,0.1500,wor-active,152,0.01751232147216797,1.0
all,0.1500,wor-uniform,152,0.021209001541137695,1.0
all,0.1500,wor-active,153,0.018811091780662537,1.0
all,0.1500,wor-uniform,153,0.02090384066104889,1.0
all,0.1500,wor-active,154,0.01931685209274292,1.0
all,0.1500,wor-uniform,154,0.021745681762695312,1.0
all,0.1500,wor-active,155,0.0198935866355896,1.0
all,0.1500,wor-uniform,155,0.0210026353597641,1.0
all,0.1500,wor-active,156,0.01846332848072052,1.0
all,0.1500,wor-uniform,156,0.02082580327987671,1.0
all,0.1500,wor-active,157,0.018333539366722107,1.0
all,0.1500,wor-uniform,157,0.02122873067855835,1.0
all,0.1500,wor-active,158,0.0181303471326828,1.0
all,0.1500,wor-uniform,158,0.02158486843109131,1.0
all,0.1500,wor-active,159,0.018634319305419922,1.0
all,0.1500,wor-uniform,159,0.020256251096725464,0.0
all,0.1500,wor-active,160,0.019494831562042236,1.0
all,0.1500,wor-uniform,160,0.021824657917022705,0.0
all,0.1500,wor-active,161,0.019552528858184814,1.0
all,0.1500,wor-uniform,161,0.021472707390785217,1.0
all,0.1500,wor-active,162,0.018579185009002686,1.0
all,0.1500,wor-uniform,162,0.021277427673339844,1.0
all,0.1500,wor-active,163,0.0185735821723938,1.0
all,0.1500,wor-uniform,163,0.020893141627311707,1.0
all,0.1500,wor-active,164,0.01835973560810089,1.0
all,0.1500,wor-uniform,164,0.02170605957508087,1.0
all,0.1500,wor-active,165,0.019263088703155518,1.0
all,0.1500,wor-uniform,165,0.02142125368118286,1.0
all,0.1500,wor-active,166,0.018295347690582275,1.0
all,0.1500,wor-uniform,166,0.021161437034606934,1.0
all,0.1500,wor-active,167,0.018483459949493408,1.0
all,0.1500,wor-uniform,167,0.020832061767578125,1.0
all,0.1500,wor-active,168,0.019215643405914307,1.0
all,0.1500,wor-uniform,168,0.022214174270629883,1.0
all,0.1500,wor-active,169,0.01854097843170166,1.0
all,0.1500,wor-uniform,169,0.021457910537719727,1.0
all,0.1500,wor-active,170,0.018754303455352783,1.0
all,0.1500,wor-uniform,170,0.02145320177078247,1.0
all,0.1500,wor-active,171,0.019170761108398438,1.0
all,0.1500,wor-uniform,171,0.021393492817878723,1.0
all,0.1500,wor-active,172,0.01839357614517212,1.0
all,0.1500,wor-uniform,172,0.02118927240371704,1.0
all,0.1500,wor-active,173,0.019271746277809143,1.0
all,0.1500,wor-uniform,173,0.02085864543914795,1.0
all,0.1500,wor-active,174,0.01983124017715454,1.0
all,0.1500,wor-uniform,174,0.02127993106842041,1.0
all,0.1500,wor-active,175,0.018789470195770264,0.0
all,0.1500,wor-uniform,175,0.02095097303390503,1.0
all,0.1500,wor-active,176,0.018370330333709717,1.0
all,0.1500,wor-uniform,176,0.021450400352478027,1.0
all,0.1500,wor-active,177,0.01912558078765869,1.0
all,0.1500,wor-uniform,177,0.021536752581596375,1.0
all,0.1500,wor-active,178,0.01875913143157959,1.0
all,0.1500,wor-uniform,178,0.02178424596786499,1.0
all,0.1500,wor-active,179,0.020113706588745117,1.0
all,0.1500,wor-uniform,179,0.020376503467559814,1.0
all,0.1500,wor-active,180,0.020445585250854492,1.0
all,0.1500,wor-uniform,180,0.021289125084877014,1.0
all,0.1500,wor-active,181,0.018174409866333008,1.0
all,0.1500,wor-uniform,181,0.021120011806488037,1.0
all,0.1500,wor-active,182,0.01890634000301361,1.0
all,0.1500,wor-uniform,182,0.021319687366485596,1.0
all,0.1500,wor-active,183,0.019856393337249756,1.0
all,0.1500,wor-uniform,183,0.02186638116836548,1.0
all,0.1500,wor-active,184,0.018870294094085693,1.0
all,0.1500,wor-uniform,184,0.02169620990753174,1.0
all,0.1500,wor-active,185,0.0175553560256958,1.0
all,0.1500,wor-uniform,185,0.021273493766784668,1.0
all,0.1500,wor-active,186,0.01864755153656006,1.0
all,0.1500,wor-uniform,186,0.021319985389709473,1.0
all,0.1500,wor-active,187,0.017857879400253296,0.0
all,0.1500,wor-uniform,187,0.021346092224121094,1.0
all,0.1500,wor-active,188,0.01797860860824585,1.0
all,0.1500,wor-uniform,188,0.021604463458061218,1.0
all,0.1500,wor-active,189,0.019276022911071777,1.0
all,0.1500,wor-uniform,189,0.02105003595352173,1.0
all,0.1500,wor-active,190,0.01846688985824585,1.0
all,0.1500,wor-uniform,190,0.02097584307193756,1.0
all,0.1500,wor-active,191,0.018517494201660156,1.0
all,0.1500,wor-uniform,191,0.021463334560394287,1.0
all,0.1500,wor-active,192,0.019141510128974915,1.0
all,0.1500,wor-uniform,192,0.02071838080883026,1.0
all,0.1500,wor-active,193,0.01994544267654419,1.0
all,0.1500,wor-uniform,193,0.02101278305053711,1.0
all,0.1500,wor-active,194,0.018906116485595703,1.0
all,0.1500,wor-uniform,194,0.021773740649223328,1.0
all,0.1500,wor-active,195,0.018323242664337158,1.0
all,0.1500,wor-uniform,195,0.02157461643218994,1.0
all,0.1500,wor-active,196,0.019357994198799133,1.0
all,0.1500,wor-uniform,196,0.021656692028045654,1.0
all,0.1500,wor-active,197,0.01957637071609497,1.0
all,0.1500,wor-uniform,197,0.021449744701385498,1.0
all,0.1500,wor-active,198,0.019581258296966553,1.0
all,0.1500,wor-uniform,198,0.02060718834400177,1.0
all,0.1500,wor-active,199,0.018471360206604004,1.0
all,0.1500,wor-uniform,199,0.02171248197555542,1.0
all,0.1500,wor-active,200,0.019008159637451172,1.0
all,0.1500,wor-uniform,200,0.021150007843971252,1.0
all,0.1500,wor-active,201,0.018818259239196777,1.0
all,0.1500,wor-uniform,201,0.021643400192260742,1.0
all,0.1500,wor-active,202,0.01913130283355713,1.0
all,0.1500,wor-uniform,202,0.021409928798675537,1.0
all,0.1500,wor-active,203,0.01921766996383667,1.0
all,0.1500,wor-uniform,203,0.021703600883483887,1.0
all,0.1500,wor-active,204,0.01781386137008667,1.0
all,0.1500,wor-uniform,204,0.0217016339302063,1.0
all,0.1500,wor-active,205,0.01920783519744873,1.0
all,0.1500,wor-uniform,205,0.02126370370388031,1.0
all,0.1500,wor-active,206,0.017808854579925537,1.0
all,0.1500,wor-uniform,206,0.021411046385765076,1.0
all,0.1500,wor-active,207,0.01886773109436035,1.0
all,0.1500,wor-uniform,207,0.021319985389709473,1.0
all,0.1500,wor-active,208,0.018907800316810608,1.0
all,0.1500,wor-uniform,208,0.02101263403892517,0.0
all,0.1500,wor-active,209,0.019880950450897217,1.0
all,0.1500,wor-uniform,209,0.021667420864105225,1.0
all,0.1500,wor-active,210,0.01909041404724121,1.0
all,0.1500,wor-uniform,210,0.021217912435531616,0.0
all,0.1500,wor-active,211,0.019666671752929688,1.0
all,0.1500,wor-uniform,211,0.02126842737197876,1.0
all,0.1500,wor-active,212,0.0173647403717041,1.0
all,0.1500,wor-uniform,212,0.021771490573883057,1.0
all,0.1500,wor-active,213,0.018921256065368652,1.0
all,0.1500,wor-uniform,213,0.02173781394958496,1.0
all,0.1500,wor-active,214,0.019594907760620117,1.0
all,0.1500,wor-uniform,214,0.021532773971557617,1.0
all,0.1500,wor-active,215,0.018492162227630615,1.0
all,0.1500,wor-uniform,215,0.0213354229927063,1.0
all,0.1500,wor-active,216,0.018624722957611084,1.0
all,0.1500,wor-uniform,216,0.021412968635559082,1.0
all,0.1500,wor-active,217,0.0194893479347229,1.0
all,0.1500,wor-uniform,217,0.02099601924419403,1.0
all,0.1500,wor-active,218,0.018138766288757324,1.0
all,0.1500,wor-uniform,218,0.021185755729675293,1.0
all,0.1500,wor-active,219,0.018718719482421875,1.0
all,0.1500,wor-uniform,219,0.021415293216705322,1.0
all,0.1500,wor-active,220,0.017877042293548584,1.0
all,0.1500,wor-uniform,220,0.021838724613189697,1.0
all,0.1500,wor-active,221,0.020060420036315918,1.0
all,0.1500,wor-uniform,221,0.021969780325889587,1.0
all,0.1500,wor-active,222,0.01874774694442749,1.0
all,0.1500,wor-uniform,222,0.021302208304405212,1.0
all,0.1500,wor-active,223,0.01797342300415039,1.0
all,0.1500,wor-uniform,223,0.021093055605888367,1.0
all,0.1500,wor-active,224,0.01915562152862549,1.0
all,0.1500,wor-uniform,224,0.02124287188053131,1.0
all,0.1500,wor-active,225,0.018163681030273438,1.0
all,0.1500,wor-uniform,225,0.02135390043258667,1.0
all,0.1500,wor-active,226,0.01925651729106903,1.0
all,0.1500,wor-uniform,226,0.02137458324432373,1.0
all,0.1500,wor-active,227,0.018543362617492676,1.0
all,0.1500,wor-uniform,227,0.02122962474822998,1.0
all,0.1500,wor-active,228,0.019198879599571228,1.0
all,0.1500,wor-uniform,228,0.020939111709594727,1.0
all,0.1500,wor-active,229,0.01959127187728882,1.0
all,0.1500,wor-uniform,229,0.02113187313079834,1.0
all,0.1500,wor-active,230,0.01901620626449585,0.0
all,0.1500,wor-uniform,230,0.020998597145080566,1.0
all,0.1500,wor-active,231,0.018389105796813965,1.0
all,0.1500,wor-uniform,231,0.020618990063667297,1.0
all,0.1500,wor-active,232,0.01887202262878418,1.0
all,0.1500,wor-uniform,232,0.021843791007995605,1.0
all,0.1500,wor-active,233,0.018837451934814453,1.0
all,0.1500,wor-uniform,233,0.020407140254974365,1.0
all,0.1500,wor-active,234,0.02036339044570923,0.0
all,0.1500,wor-uniform,234,0.02120150625705719,1.0
all,0.1500,wor-active,235,0.01931554079055786,1.0
all,0.1500,wor-uniform,235,0.020655140280723572,1.0
all,0.1500,wor-active,236,0.020026564598083496,1.0
all,0.1500,wor-uniform,236,0.02101951837539673,1.0
all,0.1500,wor-active,237,0.018096327781677246,1.0
all,0.1500,wor-uniform,237,0.021560311317443848,1.0
all,0.1500,wor-active,238,0.018661752343177795,1.0
all,0.1500,wor-uniform,238,0.020782366394996643,1.0
all,0.1500,wor-active,239,0.019296467304229736,1.0
all,0.1500,wor-uniform,239,0.02107149362564087,1.0
all,0.1500,wor-active,240,0.018295809626579285,1.0
all,0.1500,wor-uniform,240,0.02177087962627411,1.0
all,0.1500,wor-active,241,0.019071519374847412,1.0
all,0.1500,wor-uniform,241,0.021632656455039978,1.0
all,0.1500,wor-active,242,0.017866715788841248,1.0
all,0.1500,wor-uniform,242,0.021367907524108887,1.0
all,0.1500,wor-active,243,0.018386900424957275,1.0
all,0.1500,wor-uniform,243,0.02126598358154297,1.0
all,0.1500,wor-active,244,0.019304171204566956,1.0
all,0.1500,wor-uniform,244,0.02211660146713257,1.0
all,0.1500,wor-active,245,0.018307849764823914,1.0
all,0.1500,wor-uniform,245,0.02163320779800415,0.0
all,0.1500,wor-active,246,0.019063711166381836,1.0
all,0.1500,wor-uniform,246,0.020825251936912537,1.0
all,0.1500,wor-active,247,0.01845894753932953,1.0
all,0.1500,wor-uniform,247,0.02157193422317505,0.0
all,0.1500,wor-active,248,0.018427252769470215,1.0
all,0.1500,wor-uniform,248,0.021414369344711304,0.0
all,0.1500,wor-active,249,0.01944054663181305,1.0
all,0.1500,wor-uniform,249,0.02087467908859253,1.0
all,0.1500,wor-active,250,0.018411219120025635,1.0
all,0.1500,wor-uniform,250,0.02187049388885498,1.0
all,0.1500,wor-active,251,0.018413126468658447,1.0
all,0.1500,wor-uniform,251,0.020792067050933838,1.0
all,0.1500,wor-active,252,0.018786072731018066,1.0
all,0.1500,wor-uniform,252,0.020445287227630615,1.0
all,0.1500,wor-active,253,0.01976412534713745,1.0
all,0.1500,wor-uniform,253,0.022450923919677734,0.0
all,0.1500,wor-active,254,0.01834072172641754,1.0
all,0.1500,wor-uniform,254,0.021396517753601074,1.0
all,0.1500,wor-active,255,0.019058942794799805,1.0
all,0.1500,wor-uniform,255,0.021579623222351074,1.0
all,0.1500,wor-active,256,0.01866048574447632,1.0
all,0.1500,wor-uniform,256,0.021121785044670105,1.0
all,0.1500,wor-active,257,0.018505096435546875,1.0
all,0.1500,wor-uniform,257,0.02087545394897461,1.0
all,0.1500,wor-active,258,0.019075512886047363,1.0
all,0.1500,wor-uniform,258,0.021711647510528564,1.0
all,0.1500,wor-active,259,0.021470308303833008,1.0
all,0.1500,wor-uniform,259,0.020849227905273438,1.0
all,0.1500,wor-active,260,0.019852101802825928,1.0
all,0.1500,wor-uniform,260,0.02196347713470459,1.0
all,0.1500,wor-active,261,0.018721282482147217,1.0
all,0.1500,wor-uniform,261,0.020716294646263123,1.0
all,0.1500,wor-active,262,0.018814921379089355,1.0
all,0.1500,wor-uniform,262,0.02094687521457672,0.0
all,0.1500,wor-active,263,0.019765496253967285,1.0
all,0.1500,wor-uniform,263,0.021335363388061523,1.0
all,0.1500,wor-active,264,0.018407464027404785,1.0
all,0.1500,wor-uniform,264,0.02105104923248291,1.0
all,0.1500,wor-active,265,0.017903685569763184,1.0
all,0.1500,wor-uniform,265,0.021194756031036377,1.0
all,0.1500,wor-active,266,0.018891632556915283,1.0
all,0.1500,wor-uniform,266,0.02169908583164215,1.0
all,0.1500,wor-active,267,0.01880413293838501,1.0
all,0.1500,wor-uniform,267,0.020839571952819824,1.0
all,0.1500,wor-active,268,0.02001476287841797,1.0
all,0.1500,wor-uniform,268,0.02122493088245392,1.0
all,0.1500,wor-active,269,0.01893658936023712,1.0
all,0.1500,wor-uniform,269,0.020915135741233826,1.0
all,0.1500,wor-active,270,0.019314885139465332,1.0
all,0.1500,wor-uniform,270,0.020598530769348145,1.0
all,0.1500,wor-active,271,0.018983781337738037,1.0
all,0.1500,wor-uniform,271,0.021589219570159912,1.0
all,0.1500,wor-active,272,0.018983542919158936,1.0
all,0.1500,wor-uniform,272,0.020896852016448975,1.0
all,0.1500,wor-active,273,0.018814817070961,1.0
all,0.1500,wor-uniform,273,0.021405041217803955,1.0
all,0.1500,wor-active,274,0.019539296627044678,1.0
all,0.1500,wor-uniform,274,0.02179962396621704,1.0
all,0.1500,wor-active,275,0.01929110288619995,1.0
all,0.1500,wor-uniform,275,0.021751582622528076,1.0
all,0.1500,wor-active,276,0.018947124481201172,1.0
all,0.1500,wor-uniform,276,0.021262705326080322,1.0
all,0.1500,wor-active,277,0.019750431180000305,1.0
all,0.1500,wor-uniform,277,0.02065277099609375,1.0
all,0.1500,wor-active,278,0.017881974577903748,1.0
all,0.1500,wor-uniform,278,0.021542802453041077,1.0
all,0.1500,wor-active,279,0.01914525032043457,1.0
all,0.1500,wor-uniform,279,0.02192443609237671,1.0
all,0.1500,wor-active,280,0.01960599422454834,1.0
all,0.1500,wor-uniform,280,0.021137669682502747,1.0
all,0.1500,wor-active,281,0.019339680671691895,0.0
all,0.1500,wor-uniform,281,0.021044611930847168,1.0
all,0.1500,wor-active,282,0.01930093765258789,1.0
all,0.1500,wor-uniform,282,0.021101027727127075,0.0
all,0.1500,wor-active,283,0.01878507435321808,1.0
all,0.1500,wor-uniform,283,0.020582497119903564,1.0
all,0.1500,wor-active,284,0.018676847219467163,0.0
all,0.1500,wor-uniform,284,0.02121157944202423,1.0
all,0.1500,wor-active,285,0.018823906779289246,1.0
all,0.1500,wor-uniform,285,0.021084845066070557,1.0
all,0.1500,wor-active,286,0.019082412123680115,1.0
all,0.1500,wor-uniform,286,0.02020181715488434,1.0
all,0.1500,wor-active,287,0.018551185727119446,1.0
all,0.1500,wor-uniform,287,0.021962404251098633,1.0
all,0.1500,wor-active,288,0.0181894451379776,0.0
all,0.1500,wor-uniform,288,0.021335601806640625,1.0
all,0.1500,wor-active,289,0.018540874123573303,1.0
all,0.1500,wor-uniform,289,0.02058674395084381,1.0
all,0.1500,wor-active,290,0.018078282475471497,1.0
all,0.1500,wor-uniform,290,0.021489575505256653,1.0
all,0.1500,wor-active,291,0.019768357276916504,1.0
all,0.1500,wor-uniform,291,0.021741092205047607,0.0
all,0.1500,wor-active,292,0.018156468868255615,1.0
all,0.1500,wor-uniform,292,0.020661816000938416,1.0
all,0.1500,wor-active,293,0.017818689346313477,1.0
all,0.1500,wor-uniform,293,0.020475149154663086,1.0
all,0.1500,wor-active,294,0.01900118589401245,1.0
all,0.1500,wor-uniform,294,0.02208995819091797,1.0
all,0.1500,wor-active,295,0.01861649751663208,1.0
all,0.1500,wor-uniform,295,0.02099817991256714,1.0
all,0.1500,wor-active,296,0.01815885305404663,1.0
all,0.1500,wor-uniform,296,0.02147597074508667,1.0
all,0.1500,wor-active,297,0.017990246415138245,1.0
all,0.1500,wor-uniform,297,0.021831795573234558,1.0
all,0.1500,wor-active,298,0.01959306001663208,1.0
all,0.1500,wor-uniform,298,0.02096046507358551,1.0
all,0.1500,wor-active,299,0.018379688262939453,1.0
all,0.1500,wor-uniform,299,0.021515965461730957,1.0
all,0.1500,wor-active,300,0.01791173219680786,1.0
all,0.1500,wor-uniform,300,0.02090643346309662,1.0
all,0.1500,wor-active,301,0.016865327954292297,0.0
all,0.1500,wor-uniform,301,0.022083580493927002,1.0
all,0.1500,wor-active,302,0.018686354160308838,1.0
all,0.1500,wor-uniform,302,0.021045178174972534,0.0
all,0.1500,wor-active,303,0.019130706787109375,1.0
all,0.1500,wor-uniform,303,0.021452829241752625,1.0
all,0.1500,wor-active,304,0.018107235431671143,1.0
all,0.1500,wor-uniform,304,0.020441830158233643,1.0
all,0.1500,wor-active,305,0.01878279447555542,1.0
all,0.1500,wor-uniform,305,0.02139103412628174,1.0
all,0.1500,wor-active,306,0.018090680241584778,1.0
all,0.1500,wor-uniform,306,0.021335959434509277,1.0
all,0.1500,wor-active,307,0.018065527081489563,1.0
all,0.1500,wor-uniform,307,0.020947471261024475,1.0
all,0.1500,wor-active,308,0.01934945583343506,1.0
all,0.1500,wor-uniform,308,0.020083963871002197,1.0
all,0.1500,wor-active,309,0.020432591438293457,0.0
all,0.1500,wor-uniform,309,0.020943760871887207,1.0
all,0.1500,wor-active,310,0.019374430179595947,1.0
all,0.1500,wor-uniform,310,0.02109372615814209,1.0
all,0.1500,wor-active,311,0.018274590373039246,1.0
all,0.1500,wor-uniform,311,0.022136881947517395,1.0
all,0.1500,wor-active,312,0.019436776638031006,1.0
all,0.1500,wor-uniform,312,0.021525368094444275,1.0
all,0.1500,wor-active,313,0.01938265562057495,1.0
all,0.1500,wor-uniform,313,0.021288946270942688,1.0
all,0.1500,wor-active,314,0.019357144832611084,1.0
all,0.1500,wor-uniform,314,0.02110499143600464,1.0
all,0.1500,wor-active,315,0.020042836666107178,1.0
all,0.1500,wor-uniform,315,0.02105039358139038,1.0
all,0.1500,wor-active,316,0.020190775394439697,1.0
all,0.1500,wor-uniform,316,0.02144785225391388,1.0
all,0.1500,wor-active,317,0.016867265105247498,1.0
all,0.1500,wor-uniform,317,0.021531343460083008,1.0
all,0.1500,wor-active,318,0.01809871196746826,1.0
all,0.1500,wor-uniform,318,0.021243929862976074,1.0
all,0.1500,wor-active,319,0.017721891403198242,1.0
all,0.1500,wor-uniform,319,0.020648613572120667,1.0
all,0.1500,wor-active,320,0.019958436489105225,1.0
all,0.1500,wor-uniform,320,0.021425142884254456,1.0
all,0.1500,wor-active,321,0.019804954528808594,1.0
all,0.1500,wor-uniform,321,0.02068127691745758,1.0
all,0.1500,wor-active,322,0.019476652145385742,1.0
all,0.1500,wor-uniform,322,0.021563231945037842,1.0
all,0.1500,wor-active,323,0.019948065280914307,1.0
all,0.1500,wor-uniform,323,0.021184846758842468,1.0
all,0.1500,wor-active,324,0.01742774248123169,1.0
all,0.1500,wor-uniform,324,0.02014446258544922,1.0
all,0.1500,wor-active,325,0.01901841163635254,1.0
all,0.1500,wor-uniform,325,0.02042771875858307,1.0
all,0.1500,wor-active,326,0.019854962825775146,0.0
all,0.1500,wor-uniform,326,0.020502105355262756,1.0
all,0.1500,wor-active,327,0.017793357372283936,1.0
all,0.1500,wor-uniform,327,0.021957576274871826,1.0
all,0.1500,wor-active,328,0.01947253942489624,1.0
all,0.1500,wor-uniform,328,0.020619288086891174,1.0
all,0.1500,wor-active,329,0.01910559833049774,1.0
all,0.1500,wor-uniform,329,0.021104082465171814,1.0
all,0.1500,wor-active,330,0.018424272537231445,1.0
all,0.1500,wor-uniform,330,0.022232338786125183,1.0
all,0.1500,wor-active,331,0.01796931028366089,1.0
all,0.1500,wor-uniform,331,0.021791398525238037,1.0
all,0.1500,wor-active,332,0.018345043063163757,1.0
all,0.1500,wor-uniform,332,0.021629631519317627,1.0
all,0.1600,wor-active,0,0.01761716604232788,1.0
all,0.1600,wor-uniform,0,0.0200691819190979,1.0
all,0.1600,wor-active,1,0.018490076065063477,1.0
all,0.1600,wor-uniform,1,0.020666837692260742,0.0
all,0.1600,wor-active,2,0.017241671681404114,1.0
all,0.1600,wor-uniform,2,0.02116340398788452,1.0
all,0.1600,wor-active,3,0.018402934074401855,1.0
all,0.1600,wor-uniform,3,0.021004974842071533,1.0
all,0.1600,wor-active,4,0.01635660231113434,0.0
all,0.1600,wor-uniform,4,0.020946621894836426,1.0
all,0.1600,wor-active,5,0.018149614334106445,1.0
all,0.1600,wor-uniform,5,0.02128201723098755,1.0
all,0.1600,wor-active,6,0.019234344363212585,1.0
all,0.1600,wor-uniform,6,0.020147383213043213,1.0
all,0.1600,wor-active,7,0.018719971179962158,1.0
all,0.1600,wor-uniform,7,0.021430417895317078,1.0
all,0.1600,wor-active,8,0.01753002405166626,1.0
all,0.1600,wor-uniform,8,0.020221948623657227,1.0
all,0.1600,wor-active,9,0.019073069095611572,1.0
all,0.1600,wor-uniform,9,0.020716071128845215,1.0
all,0.1600,wor-active,10,0.018572568893432617,1.0
all,0.1600,wor-uniform,10,0.020553097128868103,1.0
all,0.1600,wor-active,11,0.01785910129547119,1.0
all,0.1600,wor-uniform,11,0.020761847496032715,1.0
all,0.1600,wor-active,12,0.01883333921432495,1.0
all,0.1600,wor-uniform,12,0.020226791501045227,1.0
all,0.1600,wor-active,13,0.01778954267501831,1.0
all,0.1600,wor-uniform,13,0.021184980869293213,1.0
all,0.1600,wor-active,14,0.01854574680328369,1.0
all,0.1600,wor-uniform,14,0.020398736000061035,1.0
all,0.1600,wor-active,15,0.01876920461654663,1.0
all,0.1600,wor-uniform,15,0.020292028784751892,1.0
all,0.1600,wor-active,16,0.01719444990158081,1.0
all,0.1600,wor-uniform,16,0.02153843641281128,1.0
all,0.1600,wor-active,17,0.018848299980163574,1.0
all,0.1600,wor-uniform,17,0.020905256271362305,1.0
all,0.1600,wor-active,18,0.017946481704711914,1.0
all,0.1600,wor-uniform,18,0.020487546920776367,1.0
all,0.1600,wor-active,19,0.017630934715270996,1.0
all,0.1600,wor-uniform,19,0.02100813388824463,1.0
all,0.1600,wor-active,20,0.018325328826904297,1.0
all,0.1600,wor-uniform,20,0.020229041576385498,1.0
all,0.1600,wor-active,21,0.019056618213653564,1.0
all,0.1600,wor-uniform,21,0.020283401012420654,1.0
all,0.1600,wor-active,22,0.017624899744987488,1.0
all,0.1600,wor-uniform,22,0.020183861255645752,1.0
all,0.1600,wor-active,23,0.01662963628768921,0.0
all,0.1600,wor-uniform,23,0.02028071880340576,0.0
all,0.1600,wor-active,24,0.017734602093696594,1.0
all,0.1600,wor-uniform,24,0.02063697576522827,1.0
all,0.1600,wor-active,25,0.018309414386749268,1.0
all,0.1600,wor-uniform,25,0.020389795303344727,1.0
all,0.1600,wor-active,26,0.018263041973114014,1.0
all,0.1600,wor-uniform,26,0.02069300413131714,1.0
all,0.1600,wor-active,27,0.018747925758361816,1.0
all,0.1600,wor-uniform,27,0.02016998827457428,1.0
all,0.1600,wor-active,28,0.018433570861816406,1.0
all,0.1600,wor-uniform,28,0.020207270979881287,1.0
all,0.1600,wor-active,29,0.018387094140052795,1.0
all,0.1600,wor-uniform,29,0.02016347646713257,1.0
all,0.1600,wor-active,30,0.018819093704223633,1.0
all,0.1600,wor-uniform,30,0.02094167470932007,1.0
all,0.1600,wor-active,31,0.018134579062461853,1.0
all,0.1600,wor-uniform,31,0.020859897136688232,1.0
all,0.1600,wor-active,32,0.018928170204162598,1.0
all,0.1600,wor-uniform,32,0.019984424114227295,1.0
all,0.1600,wor-active,33,0.01789247989654541,1.0
all,0.1600,wor-uniform,33,0.020620882511138916,1.0
all,0.1600,wor-active,34,0.018890738487243652,1.0
all,0.1600,wor-uniform,34,0.020285680890083313,1.0
all,0.1600,wor-active,35,0.017094776034355164,1.0
all,0.1600,wor-uniform,35,0.019781842827796936,1.0
all,0.1600,wor-active,36,0.017653226852416992,1.0
all,0.1600,wor-uniform,36,0.0209113210439682,1.0
all,0.1600,wor-active,37,0.017327845096588135,1.0
all,0.1600,wor-uniform,37,0.02056097984313965,1.0
all,0.1600,wor-active,38,0.018101036548614502,1.0
all,0.1600,wor-uniform,38,0.019915223121643066,1.0
all,0.1600,wor-active,39,0.017048776149749756,0.0
all,0.1600,wor-uniform,39,0.02084501087665558,1.0
all,0.1600,wor-active,40,0.018910229206085205,1.0
all,0.1600,wor-uniform,40,0.02077542245388031,1.0
all,0.1600,wor-active,41,0.0190313458442688,1.0
all,0.1600,wor-uniform,41,0.020898178219795227,1.0
all,0.1600,wor-active,42,0.017359986901283264,1.0
all,0.1600,wor-uniform,42,0.02053779363632202,1.0
all,0.1600,wor-active,43,0.017179176211357117,1.0
all,0.1600,wor-uniform,43,0.019836843013763428,1.0
all,0.1600,wor-active,44,0.01775480806827545,0.0
all,0.1600,wor-uniform,44,0.02082781493663788,1.0
all,0.1600,wor-active,45,0.018888115882873535,1.0
all,0.1600,wor-uniform,45,0.021229028701782227,1.0
all,0.1600,wor-active,46,0.01788705587387085,1.0
all,0.1600,wor-uniform,46,0.020367801189422607,1.0
all,0.1600,wor-active,47,0.019255518913269043,1.0
all,0.1600,wor-uniform,47,0.02068592607975006,1.0
all,0.1600,wor-active,48,0.018330201506614685,1.0
all,0.1600,wor-uniform,48,0.020154833793640137,1.0
all,0.1600,wor-active,49,0.01780867576599121,1.0
all,0.1600,wor-uniform,49,0.020410776138305664,1.0
all,0.1600,wor-active,50,0.017930269241333008,1.0
all,0.1600,wor-uniform,50,0.0203743577003479,1.0
all,0.1600,wor-active,51,0.018899917602539062,1.0
all,0.1600,wor-uniform,51,0.020610034465789795,1.0
all,0.1600,wor-active,52,0.019251346588134766,1.0
all,0.1600,wor-uniform,52,0.020244061946868896,1.0
all,0.1600,wor-active,53,0.017087742686271667,1.0
all,0.1600,wor-uniform,53,0.02055138349533081,1.0
all,0.1600,wor-active,54,0.018297433853149414,1.0
all,0.1600,wor-uniform,54,0.021260306239128113,1.0
all,0.1600,wor-active,55,0.017619848251342773,1.0
all,0.1600,wor-uniform,55,0.02002936601638794,1.0
all,0.1600,wor-active,56,0.018311738967895508,1.0
all,0.1600,wor-uniform,56,0.020802974700927734,1.0
all,0.1600,wor-active,57,0.019158124923706055,0.0
all,0.1600,wor-uniform,57,0.020805001258850098,1.0
all,0.1600,wor-active,58,0.017296254634857178,1.0
all,0.1600,wor-uniform,58,0.020629286766052246,0.0
all,0.1600,wor-active,59,0.017893731594085693,1.0
all,0.1600,wor-uniform,59,0.02096371352672577,1.0
all,0.1600,wor-active,60,0.018471479415893555,1.0
all,0.1600,wor-uniform,60,0.02142953872680664,1.0
all,0.1600,wor-active,61,0.017701029777526855,1.0
all,0.1600,wor-uniform,61,0.02110278606414795,1.0
all,0.1600,wor-active,62,0.018638476729393005,1.0
all,0.1600,wor-uniform,62,0.02055533230304718,1.0
all,0.1600,wor-active,63,0.017985999584197998,1.0
all,0.1600,wor-uniform,63,0.02063089609146118,1.0
all,0.1600,wor-active,64,0.018195927143096924,1.0
all,0.1600,wor-uniform,64,0.019876763224601746,1.0
all,0.1600,wor-active,65,0.01791006326675415,1.0
all,0.1600,wor-uniform,65,0.020151272416114807,1.0
all,0.1600,wor-active,66,0.01831895112991333,1.0
all,0.1600,wor-uniform,66,0.020717501640319824,1.0
all,0.1600,wor-active,67,0.01912127435207367,1.0
all,0.1600,wor-uniform,67,0.020230069756507874,1.0
all,0.1600,wor-active,68,0.01851344108581543,1.0
all,0.1600,wor-uniform,68,0.02087026834487915,1.0
all,0.1600,wor-active,69,0.018337905406951904,1.0
all,0.1600,wor-uniform,69,0.020809412002563477,1.0
all,0.1600,wor-active,70,0.017659306526184082,1.0
all,0.1600,wor-uniform,70,0.020050689578056335,1.0
all,0.1600,wor-active,71,0.018922746181488037,1.0
all,0.1600,wor-uniform,71,0.020042121410369873,1.0
all,0.1600,wor-active,72,0.01833176612854004,1.0
all,0.1600,wor-uniform,72,0.020713865756988525,1.0
all,0.1600,wor-active,73,0.017200589179992676,1.0
all,0.1600,wor-uniform,73,0.021123111248016357,1.0
all,0.1600,wor-active,74,0.018552005290985107,1.0
all,0.1600,wor-uniform,74,0.01960943639278412,1.0
all,0.1600,wor-active,75,0.016842365264892578,1.0
all,0.1600,wor-uniform,75,0.020833805203437805,1.0
all,0.1600,wor-active,76,0.018492519855499268,1.0
all,0.1600,wor-uniform,76,0.020540058612823486,1.0
all,0.1600,wor-active,77,0.01821798086166382,1.0
all,0.1600,wor-uniform,77,0.020466744899749756,1.0
all,0.1600,wor-active,78,0.018030092120170593,1.0
all,0.1600,wor-uniform,78,0.020377695560455322,1.0
all,0.1600,wor-active,79,0.017921626567840576,1.0
all,0.1600,wor-uniform,79,0.020432889461517334,1.0
all,0.1600,wor-active,80,0.017575621604919434,1.0
all,0.1600,wor-uniform,80,0.01989048719406128,1.0
all,0.1600,wor-active,81,0.01817399263381958,1.0
all,0.1600,wor-uniform,81,0.019793212413787842,1.0
all,0.1600,wor-active,82,0.01718372106552124,1.0
all,0.1600,wor-uniform,82,0.02036386728286743,1.0
all,0.1600,wor-active,83,0.019013583660125732,1.0
all,0.1600,wor-uniform,83,0.020467281341552734,1.0
all,0.1600,wor-active,84,0.01864445209503174,1.0
all,0.1600,wor-uniform,84,0.020311176776885986,1.0
all,0.1600,wor-active,85,0.017612695693969727,1.0
all,0.1600,wor-uniform,85,0.019943460822105408,1.0
all,0.1600,wor-active,86,0.017846763134002686,1.0
all,0.1600,wor-uniform,86,0.020147323608398438,1.0
all,0.1600,wor-active,87,0.017852947115898132,1.0
all,0.1600,wor-uniform,87,0.02044302225112915,1.0
all,0.1600,wor-active,88,0.01773117482662201,1.0
all,0.1600,wor-uniform,88,0.020614296197891235,1.0
all,0.1600,wor-active,89,0.018713191151618958,1.0
all,0.1600,wor-uniform,89,0.02132272720336914,1.0
all,0.1600,wor-active,90,0.018606901168823242,1.0
all,0.1600,wor-uniform,90,0.020944595336914062,1.0
all,0.1600,wor-active,91,0.017677247524261475,1.0
all,0.1600,wor-uniform,91,0.020408883690834045,1.0
all,0.1600,wor-active,92,0.01693892478942871,1.0
all,0.1600,wor-uniform,92,0.020977690815925598,1.0
all,0.1600,wor-active,93,0.01785123348236084,1.0
all,0.1600,wor-uniform,93,0.020814120769500732,1.0
all,0.1600,wor-active,94,0.01875603199005127,1.0
all,0.1600,wor-uniform,94,0.020389020442962646,1.0
all,0.1600,wor-active,95,0.01765771210193634,1.0
all,0.1600,wor-uniform,95,0.02090585231781006,1.0
all,0.1600,wor-active,96,0.019201457500457764,1.0
all,0.1600,wor-uniform,96,0.02077382802963257,1.0
all,0.1600,wor-active,97,0.01865023374557495,1.0
all,0.1600,wor-uniform,97,0.020154297351837158,1.0
all,0.1600,wor-active,98,0.01833552122116089,1.0
all,0.1600,wor-uniform,98,0.020456254482269287,1.0
all,0.1600,wor-active,99,0.0178728848695755,1.0
all,0.1600,wor-uniform,99,0.020054176449775696,1.0
all,0.1600,wor-active,100,0.01838099956512451,1.0
all,0.1600,wor-uniform,100,0.02089393138885498,1.0
all,0.1600,wor-active,101,0.0172298401594162,1.0
all,0.1600,wor-uniform,101,0.02053612470626831,1.0
all,0.1600,wor-active,102,0.017876148223876953,1.0
all,0.1600,wor-uniform,102,0.020009100437164307,1.0
all,0.1600,wor-active,103,0.01736760139465332,1.0
all,0.1600,wor-uniform,103,0.020448505878448486,1.0
all,0.1600,wor-active,104,0.016123607754707336,0.0
all,0.1600,wor-uniform,104,0.020120978355407715,1.0
all,0.1600,wor-active,105,0.017602071166038513,1.0
all,0.1600,wor-uniform,105,0.020248159766197205,1.0
all,0.1600,wor-active,106,0.0184515118598938,1.0
all,0.1600,wor-uniform,106,0.020698606967926025,1.0
all,0.1600,wor-active,107,0.018355727195739746,1.0
all,0.1600,wor-uniform,107,0.020662784576416016,1.0
all,0.1600,wor-active,108,0.017631009221076965,1.0
all,0.1600,wor-uniform,108,0.019998595118522644,1.0
all,0.1600,wor-active,109,0.017906606197357178,1.0
all,0.1600,wor-uniform,109,0.02092665433883667,1.0
all,0.1600,wor-active,110,0.018278419971466064,1.0
all,0.1600,wor-uniform,110,0.021383583545684814,1.0
all,0.1600,wor-active,111,0.018575429916381836,1.0
all,0.1600,wor-uniform,111,0.019770547747612,0.0
all,0.1600,wor-active,112,0.01897895336151123,1.0
all,0.1600,wor-uniform,112,0.020513832569122314,1.0
all,0.1600,wor-active,113,0.018867850303649902,1.0
all,0.1600,wor-uniform,113,0.019442275166511536,1.0
all,0.1600,wor-active,114,0.018026888370513916,1.0
all,0.1600,wor-uniform,114,0.020881295204162598,1.0
all,0.1600,wor-active,115,0.01803267002105713,1.0
all,0.1600,wor-uniform,115,0.020938098430633545,1.0
all,0.1600,wor-active,116,0.018583014607429504,1.0
all,0.1600,wor-uniform,116,0.020345032215118408,1.0
all,0.1600,wor-active,117,0.017169848084449768,1.0
all,0.1600,wor-uniform,117,0.020932257175445557,1.0
all,0.1600,wor-active,118,0.018085941672325134,1.0
all,0.1600,wor-uniform,118,0.020875990390777588,1.0
all,0.1600,wor-active,119,0.018844187259674072,1.0
all,0.1600,wor-uniform,119,0.02088606357574463,1.0
all,0.1600,wor-active,120,0.01842719316482544,1.0
all,0.1600,wor-uniform,120,0.02023261785507202,1.0
all,0.1600,wor-active,121,0.01863771677017212,1.0
all,0.1600,wor-uniform,121,0.0206298828125,1.0
all,0.1600,wor-active,122,0.018326595425605774,1.0
all,0.1600,wor-uniform,122,0.020326852798461914,1.0
all,0.1600,wor-active,123,0.017676934599876404,1.0
all,0.1600,wor-uniform,123,0.020432472229003906,1.0
all,0.1600,wor-active,124,0.01844966411590576,1.0
all,0.1600,wor-uniform,124,0.0202939510345459,1.0
all,0.1600,wor-active,125,0.01868504285812378,1.0
all,0.1600,wor-uniform,125,0.020242035388946533,1.0
all,0.1600,wor-active,126,0.01811063289642334,1.0
all,0.1600,wor-uniform,126,0.020466312766075134,1.0
all,0.1600,wor-active,127,0.017504438757896423,1.0
all,0.1600,wor-uniform,127,0.019782543182373047,1.0
all,0.1600,wor-active,128,0.017762064933776855,0.0
all,0.1600,wor-uniform,128,0.021038472652435303,1.0
all,0.1600,wor-active,129,0.01808023452758789,1.0
all,0.1600,wor-uniform,129,0.021045565605163574,1.0
all,0.1600,wor-active,130,0.017807960510253906,1.0
all,0.1600,wor-uniform,130,0.020992815494537354,1.0
all,0.1600,wor-active,131,0.01812666654586792,1.0
all,0.1600,wor-uniform,131,0.020437240600585938,1.0
all,0.1600,wor-active,132,0.017374172806739807,0.0
all,0.1600,wor-uniform,132,0.020472407341003418,1.0
all,0.1600,wor-active,133,0.018938899040222168,1.0
all,0.1600,wor-uniform,133,0.019829079508781433,1.0
all,0.1600,wor-active,134,0.018585681915283203,1.0
all,0.1600,wor-uniform,134,0.02052241563796997,1.0
all,0.1600,wor-active,135,0.018014609813690186,1.0
all,0.1600,wor-uniform,135,0.02043461799621582,1.0
all,0.1600,wor-active,136,0.01792377233505249,1.0
all,0.1600,wor-uniform,136,0.019795000553131104,1.0
all,0.1600,wor-active,137,0.018406271934509277,1.0
all,0.1600,wor-uniform,137,0.020620226860046387,1.0
all,0.1600,wor-active,138,0.01738019287586212,1.0
all,0.1600,wor-uniform,138,0.020582124590873718,1.0
all,0.1600,wor-active,139,0.018046796321868896,1.0
all,0.1600,wor-uniform,139,0.02027009427547455,1.0
all,0.1600,wor-active,140,0.017228245735168457,1.0
all,0.1600,wor-uniform,140,0.020110905170440674,1.0
all,0.1600,wor-active,141,0.01762568950653076,1.0
all,0.1600,wor-uniform,141,0.020169615745544434,1.0
all,0.1600,wor-active,142,0.01856905221939087,1.0
all,0.1600,wor-uniform,142,0.020283043384552002,1.0
all,0.1600,wor-active,143,0.017658904194831848,1.0
all,0.1600,wor-uniform,143,0.0202750563621521,1.0
all,0.1600,wor-active,144,0.019656717777252197,1.0
all,0.1600,wor-uniform,144,0.02014976739883423,1.0
all,0.1600,wor-active,145,0.018321335315704346,1.0
all,0.1600,wor-uniform,145,0.02024257183074951,1.0
all,0.1600,wor-active,146,0.01861327886581421,1.0
all,0.1600,wor-uniform,146,0.02065521478652954,1.0
all,0.1600,wor-active,147,0.017581164836883545,1.0
all,0.1600,wor-uniform,147,0.020179226994514465,1.0
all,0.1600,wor-active,148,0.01652681827545166,1.0
all,0.1600,wor-uniform,148,0.02038419246673584,1.0
all,0.1600,wor-active,149,0.018509626388549805,1.0
all,0.1600,wor-uniform,149,0.020102307200431824,1.0
all,0.1600,wor-active,150,0.017320632934570312,1.0
all,0.1600,wor-uniform,150,0.0216405987739563,0.0
all,0.1600,wor-active,151,0.01789802312850952,1.0
all,0.1600,wor-uniform,151,0.020467102527618408,1.0
all,0.1600,wor-active,152,0.01899440586566925,1.0
all,0.1600,wor-uniform,152,0.020766258239746094,1.0
all,0.1600,wor-active,153,0.01895195245742798,0.0
all,0.1600,wor-uniform,153,0.02090620994567871,1.0
all,0.1600,wor-active,154,0.018123671412467957,1.0
all,0.1600,wor-uniform,154,0.020859166979789734,1.0
all,0.1600,wor-active,155,0.018340349197387695,1.0
all,0.1600,wor-uniform,155,0.020037010312080383,1.0
all,0.1600,wor-active,156,0.018773198127746582,1.0
all,0.1600,wor-uniform,156,0.019771814346313477,1.0
all,0.1600,wor-active,157,0.018504202365875244,1.0
all,0.1600,wor-uniform,157,0.020932912826538086,1.0
all,0.1600,wor-active,158,0.01935368776321411,1.0
all,0.1600,wor-uniform,158,0.01981070637702942,0.0
all,0.1600,wor-active,159,0.019241750240325928,0.0
all,0.1600,wor-uniform,159,0.020100176334381104,1.0
all,0.1600,wor-active,160,0.019120290875434875,1.0
all,0.1600,wor-uniform,160,0.02058655023574829,1.0
all,0.1600,wor-active,161,0.0194205641746521,1.0
all,0.1600,wor-uniform,161,0.020603537559509277,1.0
all,0.1600,wor-active,162,0.017879530787467957,1.0
all,0.1600,wor-uniform,162,0.0207483172416687,1.0
all,0.1600,wor-active,163,0.018754616379737854,1.0
all,0.1600,wor-uniform,163,0.020629286766052246,1.0
all,0.1600,wor-active,164,0.018847644329071045,1.0
all,0.1600,wor-uniform,164,0.020840585231781006,1.0
all,0.1600,wor-active,165,0.01783256232738495,1.0
all,0.1600,wor-uniform,165,0.02013230323791504,1.0
all,0.1600,wor-active,166,0.017329052090644836,1.0
all,0.1600,wor-uniform,166,0.019968748092651367,1.0
all,0.1600,wor-active,167,0.01802043616771698,1.0
all,0.1600,wor-uniform,167,0.021188557147979736,0.0
all,0.1600,wor-active,168,0.018695592880249023,0.0
all,0.1600,wor-uniform,168,0.020548120141029358,1.0
all,0.1600,wor-active,169,0.017759814858436584,1.0
all,0.1600,wor-uniform,169,0.02066969871520996,1.0
all,0.1600,wor-active,170,0.018957853317260742,1.0
all,0.1600,wor-uniform,170,0.020654380321502686,1.0
all,0.1600,wor-active,171,0.01897960901260376,1.0
all,0.1600,wor-uniform,171,0.019992828369140625,1.0
all,0.1600,wor-active,172,0.01794654130935669,1.0
all,0.1600,wor-uniform,172,0.020125851035118103,1.0
all,0.1600,wor-active,173,0.01810280978679657,1.0
all,0.1600,wor-uniform,173,0.0201871395111084,1.0
all,0.1600,wor-active,174,0.017593801021575928,1.0
all,0.1600,wor-uniform,174,0.020216286182403564,1.0
all,0.1600,wor-active,175,0.017843246459960938,1.0
all,0.1600,wor-uniform,175,0.020348727703094482,1.0
all,0.1600,wor-active,176,0.018486976623535156,1.0
all,0.1600,wor-uniform,176,0.020924031734466553,1.0
all,0.1600,wor-active,177,0.019411325454711914,1.0
all,0.1600,wor-uniform,177,0.02043229341506958,1.0
all,0.1600,wor-active,178,0.018101036548614502,1.0
all,0.1600,wor-uniform,178,0.01945972442626953,1.0
all,0.1600,wor-active,179,0.01834505796432495,1.0
all,0.1600,wor-uniform,179,0.020625412464141846,1.0
all,0.1600,wor-active,180,0.017949700355529785,1.0
all,0.1600,wor-uniform,180,0.02002638578414917,1.0
all,0.1600,wor-active,181,0.018405795097351074,1.0
all,0.1600,wor-uniform,181,0.020417511463165283,0.0
all,0.1600,wor-active,182,0.017970621585845947,1.0
all,0.1600,wor-uniform,182,0.02133367955684662,1.0
all,0.1600,wor-active,183,0.016856789588928223,1.0
all,0.1600,wor-uniform,183,0.020471468567848206,1.0
all,0.1600,wor-active,184,0.019039571285247803,1.0
all,0.1600,wor-uniform,184,0.019986972212791443,1.0
all,0.1600,wor-active,185,0.017977654933929443,1.0
all,0.1600,wor-uniform,185,0.020340383052825928,1.0
all,0.1600,wor-active,186,0.018290400505065918,1.0
all,0.1600,wor-uniform,186,0.019500210881233215,1.0
all,0.1600,wor-active,187,0.017902791500091553,1.0
all,0.1600,wor-uniform,187,0.020123064517974854,1.0
all,0.1600,wor-active,188,0.019237518310546875,0.0
all,0.1600,wor-uniform,188,0.01998591423034668,0.0
all,0.1600,wor-active,189,0.017694294452667236,1.0
all,0.1600,wor-uniform,189,0.021039366722106934,1.0
all,0.1600,wor-active,190,0.018455207347869873,1.0
all,0.1600,wor-uniform,190,0.02070772647857666,1.0
all,0.1600,wor-active,191,0.018106728792190552,0.0
all,0.1600,wor-uniform,191,0.020540952682495117,1.0
all,0.1600,wor-active,192,0.01797664165496826,1.0
all,0.1600,wor-uniform,192,0.020815417170524597,1.0
all,0.1600,wor-active,193,0.019153892993927002,0.0
all,0.1600,wor-uniform,193,0.020689547061920166,1.0
all,0.1600,wor-active,194,0.017829060554504395,1.0
all,0.1600,wor-uniform,194,0.020296454429626465,1.0
all,0.1600,wor-active,195,0.01799394190311432,1.0
all,0.1600,wor-uniform,195,0.02022595703601837,0.0
all,0.1600,wor-active,196,0.017627477645874023,1.0
all,0.1600,wor-uniform,196,0.020351827144622803,1.0
all,0.1600,wor-active,197,0.01855306327342987,1.0
all,0.1600,wor-uniform,197,0.020980656147003174,1.0
all,0.1600,wor-active,198,0.017325520515441895,1.0
all,0.1600,wor-uniform,198,0.020154669880867004,1.0
all,0.1600,wor-active,199,0.018727600574493408,1.0
all,0.1600,wor-uniform,199,0.020387664437294006,1.0
all,0.1600,wor-active,200,0.018562495708465576,1.0
all,0.1600,wor-uniform,200,0.020032986998558044,1.0
all,0.1600,wor-active,201,0.01750129461288452,1.0
all,0.1600,wor-uniform,201,0.020255446434020996,1.0
all,0.1600,wor-active,202,0.018610656261444092,0.0
all,0.1600,wor-uniform,202,0.02089691162109375,1.0
all,0.1600,wor-active,203,0.018310964107513428,1.0
all,0.1600,wor-uniform,203,0.020887508988380432,1.0
all,0.1600,wor-active,204,0.018338680267333984,1.0
all,0.1600,wor-uniform,204,0.020497798919677734,1.0
all,0.1600,wor-active,205,0.018846049904823303,1.0
all,0.1600,wor-uniform,205,0.019969269633293152,1.0
all,0.1600,wor-active,206,0.018298566341400146,1.0
all,0.1600,wor-uniform,206,0.020867466926574707,1.0
all,0.1600,wor-active,207,0.01651090383529663,1.0
all,0.1600,wor-uniform,207,0.02043856680393219,1.0
all,0.1600,wor-active,208,0.018057703971862793,1.0
all,0.1600,wor-uniform,208,0.0198868066072464,1.0
all,0.1600,wor-active,209,0.018020033836364746,1.0
all,0.1600,wor-uniform,209,0.020170867443084717,1.0
all,0.1600,wor-active,210,0.018305718898773193,1.0
all,0.1600,wor-uniform,210,0.020094990730285645,1.0
all,0.1600,wor-active,211,0.01783275604248047,1.0
all,0.1600,wor-uniform,211,0.02021503448486328,1.0
all,0.1600,wor-active,212,0.017985716462135315,1.0
all,0.1600,wor-uniform,212,0.01938311755657196,1.0
all,0.1600,wor-active,213,0.017786189913749695,0.0
all,0.1600,wor-uniform,213,0.020438194274902344,1.0
all,0.1600,wor-active,214,0.017575860023498535,1.0
all,0.1600,wor-uniform,214,0.020966410636901855,1.0
all,0.1600,wor-active,215,0.01716548204421997,1.0
all,0.1600,wor-uniform,215,0.02050204575061798,1.0
all,0.1600,wor-active,216,0.017807498574256897,1.0
all,0.1600,wor-uniform,216,0.02034008502960205,1.0
all,0.1600,wor-active,217,0.01812756061553955,1.0
all,0.1600,wor-uniform,217,0.019784152507781982,1.0
all,0.1600,wor-active,218,0.017999887466430664,1.0
all,0.1600,wor-uniform,218,0.020110175013542175,1.0
all,0.1600,wor-active,219,0.01732546091079712,1.0
all,0.1600,wor-uniform,219,0.020911231637001038,1.0
all,0.1600,wor-active,220,0.017713606357574463,1.0
all,0.1600,wor-uniform,220,0.020189180970191956,1.0
all,0.1600,wor-active,221,0.01866990327835083,1.0
all,0.1600,wor-uniform,221,0.020525634288787842,1.0
all,0.1600,wor-active,222,0.018065452575683594,1.0
all,0.1600,wor-uniform,222,0.02126532793045044,1.0
all,0.1600,wor-active,223,0.01800079643726349,1.0
all,0.1600,wor-uniform,223,0.020611286163330078,1.0
all,0.1600,wor-active,224,0.017705082893371582,1.0
all,0.1600,wor-uniform,224,0.020276784896850586,1.0
all,0.1600,wor-active,225,0.01840507984161377,1.0
all,0.1600,wor-uniform,225,0.020489931106567383,1.0
all,0.1600,wor-active,226,0.017792701721191406,1.0
all,0.1600,wor-uniform,226,0.020646438002586365,1.0
all,0.1600,wor-active,227,0.01788228750228882,1.0
all,0.1600,wor-uniform,227,0.02024330198764801,1.0
all,0.1600,wor-active,228,0.019453108310699463,1.0
all,0.1600,wor-uniform,228,0.02055215835571289,1.0
all,0.1600,wor-active,229,0.01843959093093872,1.0
all,0.1600,wor-uniform,229,0.020184993743896484,1.0
all,0.1600,wor-active,230,0.017958760261535645,1.0
all,0.1600,wor-uniform,230,0.02058263123035431,1.0
all,0.1600,wor-active,231,0.01634502410888672,1.0
all,0.1600,wor-uniform,231,0.020541369915008545,1.0
all,0.1600,wor-active,232,0.01725645363330841,1.0
all,0.1600,wor-uniform,232,0.0207747220993042,1.0
all,0.1600,wor-active,233,0.01805061101913452,1.0
all,0.1600,wor-uniform,233,0.020917892456054688,1.0
all,0.1600,wor-active,234,0.01859372854232788,1.0
all,0.1600,wor-uniform,234,0.019979655742645264,1.0
all,0.1600,wor-active,235,0.017801880836486816,1.0
all,0.1600,wor-uniform,235,0.02033001184463501,1.0
all,0.1600,wor-active,236,0.018036603927612305,1.0
all,0.1600,wor-uniform,236,0.02017231285572052,1.0
all,0.1600,wor-active,237,0.017710089683532715,1.0
all,0.1600,wor-uniform,237,0.020889580249786377,1.0
all,0.1600,wor-active,238,0.01816117763519287,1.0
all,0.1600,wor-uniform,238,0.020763680338859558,0.0
all,0.1600,wor-active,239,0.018607616424560547,1.0
all,0.1600,wor-uniform,239,0.020387426018714905,1.0
all,0.1600,wor-active,240,0.01830245554447174,1.0
all,0.1600,wor-uniform,240,0.020335912704467773,1.0
all,0.1600,wor-active,241,0.01851595938205719,1.0
all,0.1600,wor-uniform,241,0.020313262939453125,1.0
all,0.1600,wor-active,242,0.018543004989624023,1.0
all,0.1600,wor-uniform,242,0.02078932523727417,1.0
all,0.1600,wor-active,243,0.018327057361602783,1.0
all,0.1600,wor-uniform,243,0.02035534381866455,1.0
all,0.1600,wor-active,244,0.019038259983062744,1.0
all,0.1600,wor-uniform,244,0.019971385598182678,1.0
all,0.1600,wor-active,245,0.018728017807006836,1.0
all,0.1600,wor-uniform,245,0.020580634474754333,1.0
all,0.1600,wor-active,246,0.018598496913909912,1.0
all,0.1600,wor-uniform,246,0.019892632961273193,1.0
all,0.1600,wor-active,247,0.017788365483283997,0.0
all,0.1600,wor-uniform,247,0.020700573921203613,1.0
all,0.1600,wor-active,248,0.01775585114955902,1.0
all,0.1600,wor-uniform,248,0.02013486623764038,1.0
all,0.1600,wor-active,249,0.017727434635162354,1.0
all,0.1600,wor-uniform,249,0.0206708163022995,1.0
all,0.1600,wor-active,250,0.017860233783721924,1.0
all,0.1600,wor-uniform,250,0.020255818963050842,1.0
all,0.1600,wor-active,251,0.019424140453338623,1.0
all,0.1600,wor-uniform,251,0.021177709102630615,1.0
all,0.1600,wor-active,252,0.0188906192779541,1.0
all,0.1600,wor-uniform,252,0.020700514316558838,1.0
all,0.1600,wor-active,253,0.01849961280822754,1.0
all,0.1600,wor-uniform,253,0.020710989832878113,1.0
all,0.1600,wor-active,254,0.01853799819946289,1.0
all,0.1600,wor-uniform,254,0.02060413360595703,1.0
all,0.1600,wor-active,255,0.018246769905090332,1.0
all,0.1600,wor-uniform,255,0.020335301756858826,1.0
all,0.1600,wor-active,256,0.01756572723388672,1.0
all,0.1600,wor-uniform,256,0.020111382007598877,1.0
all,0.1600,wor-active,257,0.017979919910430908,1.0
all,0.1600,wor-uniform,257,0.02110844850540161,1.0
all,0.1600,wor-active,258,0.017327919602394104,1.0
all,0.1600,wor-uniform,258,0.02019546926021576,1.0
all,0.1600,wor-active,259,0.018125951290130615,1.0
all,0.1600,wor-uniform,259,0.020419538021087646,1.0
all,0.1600,wor-active,260,0.018165230751037598,1.0
all,0.1600,wor-uniform,260,0.020292460918426514,1.0
all,0.1600,wor-active,261,0.017274916172027588,1.0
all,0.1600,wor-uniform,261,0.021022498607635498,1.0
all,0.1600,wor-active,262,0.018576383590698242,1.0
all,0.1600,wor-uniform,262,0.02047373354434967,1.0
all,0.1600,wor-active,263,0.01883089542388916,1.0
all,0.1600,wor-uniform,263,0.020307347178459167,1.0
all,0.1600,wor-active,264,0.018365681171417236,1.0
all,0.1600,wor-uniform,264,0.020538389682769775,1.0
all,0.1600,wor-active,265,0.01741349697113037,1.0
all,0.1600,wor-uniform,265,0.021287620067596436,1.0
all,0.1600,wor-active,266,0.019329845905303955,1.0
all,0.1600,wor-uniform,266,0.020941853523254395,1.0
all,0.1600,wor-active,267,0.018396079540252686,1.0
all,0.1600,wor-uniform,267,0.02071283757686615,1.0
all,0.1600,wor-active,268,0.01783818006515503,1.0
all,0.1600,wor-uniform,268,0.02021367847919464,1.0
all,0.1600,wor-active,269,0.017639219760894775,1.0
all,0.1600,wor-uniform,269,0.020283818244934082,1.0
all,0.1600,wor-active,270,0.018459022045135498,1.0
all,0.1600,wor-uniform,270,0.02117830514907837,1.0
all,0.1600,wor-active,271,0.018576383590698242,1.0
all,0.1600,wor-uniform,271,0.020489633083343506,1.0
all,0.1600,wor-active,272,0.018368586897850037,1.0
all,0.1600,wor-uniform,272,0.01993006467819214,1.0
all,0.1600,wor-active,273,0.018212854862213135,1.0
all,0.1600,wor-uniform,273,0.02032838761806488,1.0
all,0.1600,wor-active,274,0.018216848373413086,1.0
all,0.1600,wor-uniform,274,0.020370066165924072,1.0
all,0.1600,wor-active,275,0.01804196834564209,1.0
all,0.1600,wor-uniform,275,0.02073037624359131,1.0
all,0.1600,wor-active,276,0.01791335642337799,1.0
all,0.1600,wor-uniform,276,0.020424053072929382,1.0
all,0.1600,wor-active,277,0.018323883414268494,1.0
all,0.1600,wor-uniform,277,0.019987761974334717,1.0
all,0.1600,wor-active,278,0.017706334590911865,1.0
all,0.1600,wor-uniform,278,0.02012445032596588,1.0
all,0.1600,wor-active,279,0.018160641193389893,1.0
all,0.1600,wor-uniform,279,0.020718812942504883,1.0
all,0.1600,wor-active,280,0.017491579055786133,1.0
all,0.1600,wor-uniform,280,0.020789384841918945,1.0
all,0.1600,wor-active,281,0.018965840339660645,1.0
all,0.1600,wor-uniform,281,0.020187020301818848,1.0
all,0.1600,wor-active,282,0.018134713172912598,1.0
all,0.1600,wor-uniform,282,0.020697355270385742,0.0
all,0.1600,wor-active,283,0.018002092838287354,1.0
all,0.1600,wor-uniform,283,0.021095693111419678,1.0
all,0.1600,wor-active,284,0.01700545847415924,1.0
all,0.1600,wor-uniform,284,0.020891129970550537,1.0
all,0.1600,wor-active,285,0.01808883249759674,1.0
all,0.1600,wor-uniform,285,0.02043616771697998,1.0
all,0.1600,wor-active,286,0.016679629683494568,1.0
all,0.1600,wor-uniform,286,0.020463883876800537,1.0
all,0.1600,wor-active,287,0.01792067289352417,1.0
all,0.1600,wor-uniform,287,0.0207940936088562,1.0
all,0.1600,wor-active,288,0.017836570739746094,1.0
all,0.1600,wor-uniform,288,0.020492970943450928,1.0
all,0.1600,wor-active,289,0.01848524808883667,1.0
all,0.1600,wor-uniform,289,0.02084594964981079,1.0
all,0.1600,wor-active,290,0.01864558458328247,1.0
all,0.1600,wor-uniform,290,0.021059036254882812,1.0
all,0.1600,wor-active,291,0.018468603491783142,1.0
all,0.1600,wor-uniform,291,0.020466864109039307,1.0
all,0.1600,wor-active,292,0.017722129821777344,1.0
all,0.1600,wor-uniform,292,0.02096736431121826,1.0
all,0.1600,wor-active,293,0.018936872482299805,1.0
all,0.1600,wor-uniform,293,0.02062922716140747,1.0
all,0.1600,wor-active,294,0.018109679222106934,1.0
all,0.1600,wor-uniform,294,0.020204246044158936,1.0
all,0.1600,wor-active,295,0.017849504947662354,1.0
all,0.1600,wor-uniform,295,0.02009272575378418,1.0
all,0.1600,wor-active,296,0.01890122890472412,1.0
all,0.1600,wor-uniform,296,0.02050866186618805,1.0
all,0.1600,wor-active,297,0.017948225140571594,1.0
all,0.1600,wor-uniform,297,0.02080760896205902,1.0
all,0.1600,wor-active,298,0.01940631866455078,1.0
all,0.1600,wor-uniform,298,0.02059495449066162,1.0
all,0.1600,wor-active,299,0.01688915491104126,1.0
all,0.1600,wor-uniform,299,0.021153151988983154,1.0
all,0.1600,wor-active,300,0.017704546451568604,1.0
all,0.1600,wor-uniform,300,0.020148172974586487,1.0
all,0.1600,wor-active,301,0.01824212074279785,1.0
all,0.1600,wor-uniform,301,0.020089805126190186,1.0
all,0.1600,wor-active,302,0.018306493759155273,1.0
all,0.1600,wor-uniform,302,0.020476266741752625,1.0
all,0.1600,wor-active,303,0.01795993745326996,1.0
all,0.1600,wor-uniform,303,0.02064339816570282,1.0
all,0.1600,wor-active,304,0.01829993724822998,1.0
all,0.1600,wor-uniform,304,0.020664110779762268,1.0
all,0.1600,wor-active,305,0.017683982849121094,1.0
all,0.1600,wor-uniform,305,0.02028965950012207,1.0
all,0.1600,wor-active,306,0.01783663034439087,1.0
all,0.1600,wor-uniform,306,0.02027289569377899,1.0
all,0.1600,wor-active,307,0.018207907676696777,1.0
all,0.1600,wor-uniform,307,0.020631179213523865,1.0
all,0.1600,wor-active,308,0.018270567059516907,1.0
all,0.1600,wor-uniform,308,0.02104032039642334,1.0
all,0.1600,wor-active,309,0.01840662956237793,1.0
all,0.1600,wor-uniform,309,0.02050691843032837,1.0
all,0.1600,wor-active,310,0.017870724201202393,1.0
all,0.1600,wor-uniform,310,0.02086549997329712,1.0
all,0.1600,wor-active,311,0.01851843297481537,1.0
all,0.1600,wor-uniform,311,0.020598530769348145,1.0
all,0.1600,wor-active,312,0.018022358417510986,1.0
all,0.1600,wor-uniform,312,0.02064467966556549,1.0
all,0.1600,wor-active,313,0.018204763531684875,1.0
all,0.1600,wor-uniform,313,0.02054142951965332,1.0
all,0.1600,wor-active,314,0.01735103130340576,0.0
all,0.1600,wor-uniform,314,0.020135536789894104,1.0
all,0.1600,wor-active,315,0.01855158805847168,1.0
all,0.1600,wor-uniform,315,0.019874438643455505,1.0
all,0.1600,wor-active,316,0.018706202507019043,1.0
all,0.1600,wor-uniform,316,0.020479097962379456,1.0
all,0.1600,wor-active,317,0.018282651901245117,1.0
all,0.1600,wor-uniform,317,0.020003080368041992,1.0
all,0.1600,wor-active,318,0.017580747604370117,1.0
all,0.1600,wor-uniform,318,0.020245835185050964,1.0
all,0.1600,wor-active,319,0.01836991310119629,1.0
all,0.1600,wor-uniform,319,0.021174252033233643,1.0
all,0.1600,wor-active,320,0.018250882625579834,1.0
all,0.1600,wor-uniform,320,0.020696058869361877,1.0
all,0.1600,wor-active,321,0.019396424293518066,1.0
all,0.1600,wor-uniform,321,0.02033884823322296,1.0
all,0.1600,wor-active,322,0.018421649932861328,0.0
all,0.1600,wor-uniform,322,0.02027195692062378,1.0
all,0.1600,wor-active,323,0.017618656158447266,1.0
all,0.1600,wor-uniform,323,0.020204007625579834,1.0
all,0.1600,wor-active,324,0.017543435096740723,1.0
all,0.1600,wor-uniform,324,0.02061760425567627,1.0
all,0.1600,wor-active,325,0.017817914485931396,1.0
all,0.1600,wor-uniform,325,0.0201607346534729,1.0
all,0.1600,wor-active,326,0.018372416496276855,0.0
all,0.1600,wor-uniform,326,0.020400285720825195,0.0
all,0.1600,wor-active,327,0.01851034164428711,1.0
all,0.1600,wor-uniform,327,0.02070331573486328,1.0
all,0.1600,wor-active,328,0.017427220940589905,0.0
all,0.1600,wor-uniform,328,0.020394757390022278,1.0
all,0.1600,wor-active,329,0.01864689588546753,1.0
all,0.1600,wor-uniform,329,0.020830929279327393,1.0
all,0.1600,wor-active,330,0.017891839146614075,1.0
all,0.1600,wor-uniform,330,0.020130157470703125,1.0
all,0.1600,wor-active,331,0.017249807715415955,1.0
all,0.1600,wor-uniform,331,0.020891785621643066,1.0
all,0.1600,wor-active,332,0.01686650514602661,1.0
all,0.1600,wor-uniform,332,0.021472573280334473,1.0
all,0.1700,wor-active,0,0.01816380023956299,1.0
all,0.1700,wor-uniform,0,0.01922464370727539,1.0
all,0.1700,wor-active,1,0.01716454327106476,1.0
all,0.1700,wor-uniform,1,0.019673362374305725,1.0
all,0.1700,wor-active,2,0.01740783452987671,1.0
all,0.1700,wor-uniform,2,0.019857749342918396,1.0
all,0.1700,wor-active,3,0.017436206340789795,1.0
all,0.1700,wor-uniform,3,0.019454166293144226,1.0
all,0.1700,wor-active,4,0.016998514533042908,1.0
all,0.1700,wor-uniform,4,0.019290253520011902,1.0
all,0.1700,wor-active,5,0.01706218719482422,1.0
all,0.1700,wor-uniform,5,0.020085930824279785,1.0
all,0.1700,wor-active,6,0.018172740936279297,1.0
all,0.1700,wor-uniform,6,0.019744381308555603,1.0
all,0.1700,wor-active,7,0.018318593502044678,1.0
all,0.1700,wor-uniform,7,0.0197182297706604,1.0
all,0.1700,wor-active,8,0.017530977725982666,1.0
all,0.1700,wor-uniform,8,0.01958644390106201,1.0
all,0.1700,wor-active,9,0.018100500106811523,1.0
all,0.1700,wor-uniform,9,0.01902472972869873,1.0
all,0.1700,wor-active,10,0.016921162605285645,1.0
all,0.1700,wor-uniform,10,0.019921422004699707,1.0
all,0.1700,wor-active,11,0.017548084259033203,1.0
all,0.1700,wor-uniform,11,0.019724562764167786,1.0
all,0.1700,wor-active,12,0.017839491367340088,1.0
all,0.1700,wor-uniform,12,0.019764840602874756,1.0
all,0.1700,wor-active,13,0.017181769013404846,1.0
all,0.1700,wor-uniform,13,0.01984262466430664,1.0
all,0.1700,wor-active,14,0.01795172691345215,1.0
all,0.1700,wor-uniform,14,0.020106196403503418,1.0
all,0.1700,wor-active,15,0.016546785831451416,1.0
all,0.1700,wor-uniform,15,0.019222497940063477,1.0
all,0.1700,wor-active,16,0.017763614654541016,1.0
all,0.1700,wor-uniform,16,0.019471287727355957,1.0
all,0.1700,wor-active,17,0.017843663692474365,1.0
all,0.1700,wor-uniform,17,0.019849181175231934,1.0
all,0.1700,wor-active,18,0.017714381217956543,1.0
all,0.1700,wor-uniform,18,0.02020430564880371,1.0
all,0.1700,wor-active,19,0.01840311288833618,1.0
all,0.1700,wor-uniform,19,0.019542410969734192,1.0
all,0.1700,wor-active,20,0.01762908697128296,1.0
all,0.1700,wor-uniform,20,0.01995295286178589,1.0
all,0.1700,wor-active,21,0.01817171275615692,1.0
all,0.1700,wor-uniform,21,0.019740819931030273,1.0
all,0.1700,wor-active,22,0.017697036266326904,1.0
all,0.1700,wor-uniform,22,0.019751712679862976,1.0
all,0.1700,wor-active,23,0.017037466168403625,1.0
all,0.1700,wor-uniform,23,0.01952296495437622,1.0
all,0.1700,wor-active,24,0.01704496145248413,1.0
all,0.1700,wor-uniform,24,0.01954817771911621,1.0
all,0.1700,wor-active,25,0.016963601112365723,1.0
all,0.1700,wor-uniform,25,0.0199001282453537,1.0
all,0.1700,wor-active,26,0.017976179718971252,1.0
all,0.1700,wor-uniform,26,0.020347893238067627,1.0
all,0.1700,wor-active,27,0.017796576023101807,1.0
all,0.1700,wor-uniform,27,0.02002108097076416,1.0
all,0.1700,wor-active,28,0.0177498459815979,1.0
all,0.1700,wor-uniform,28,0.01954895257949829,1.0
all,0.1700,wor-active,29,0.017019987106323242,1.0
all,0.1700,wor-uniform,29,0.019322380423545837,1.0
all,0.1700,wor-active,30,0.018704235553741455,1.0
all,0.1700,wor-uniform,30,0.019657671451568604,1.0
all,0.1700,wor-active,31,0.019051432609558105,1.0
all,0.1700,wor-uniform,31,0.019887804985046387,1.0
all,0.1700,wor-active,32,0.01820659637451172,0.0
all,0.1700,wor-uniform,32,0.01942455768585205,1.0
all,0.1700,wor-active,33,0.018586397171020508,1.0
all,0.1700,wor-uniform,33,0.01949538290500641,1.0
all,0.1700,wor-active,34,0.01832747459411621,1.0
all,0.1700,wor-uniform,34,0.01956772804260254,1.0
all,0.1700,wor-active,35,0.017495691776275635,1.0
all,0.1700,wor-uniform,35,0.01986159384250641,1.0
all,0.1700,wor-active,36,0.016940727829933167,1.0
all,0.1700,wor-uniform,36,0.019623875617980957,1.0
all,0.1700,wor-active,37,0.017829537391662598,1.0
all,0.1700,wor-uniform,37,0.019695639610290527,1.0
all,0.1700,wor-active,38,0.01686561107635498,1.0
all,0.1700,wor-uniform,38,0.0197334885597229,1.0
all,0.1700,wor-active,39,0.016092658042907715,1.0
all,0.1700,wor-uniform,39,0.01935546100139618,1.0
all,0.1700,wor-active,40,0.017483949661254883,1.0
all,0.1700,wor-uniform,40,0.019899427890777588,1.0
all,0.1700,wor-active,41,0.017995715141296387,1.0
all,0.1700,wor-uniform,41,0.019981980323791504,1.0
all,0.1700,wor-active,42,0.018490731716156006,1.0
all,0.1700,wor-uniform,42,0.020418763160705566,1.0
all,0.1700,wor-active,43,0.01746392250061035,1.0
all,0.1700,wor-uniform,43,0.020086511969566345,1.0
all,0.1700,wor-active,44,0.016386494040489197,0.0
all,0.1700,wor-uniform,44,0.020673513412475586,1.0
all,0.1700,wor-active,45,0.017667710781097412,1.0
all,0.1700,wor-uniform,45,0.020012319087982178,1.0
all,0.1700,wor-active,46,0.017324641346931458,1.0
all,0.1700,wor-uniform,46,0.01991899311542511,1.0
all,0.1700,wor-active,47,0.01689612865447998,1.0
all,0.1700,wor-uniform,47,0.019875526428222656,1.0
all,0.1700,wor-active,48,0.017742574214935303,1.0
all,0.1700,wor-uniform,48,0.02040565013885498,1.0
all,0.1700,wor-active,49,0.017877817153930664,1.0
all,0.1700,wor-uniform,49,0.019658386707305908,0.0
all,0.1700,wor-active,50,0.01745051145553589,1.0
all,0.1700,wor-uniform,50,0.020658493041992188,1.0
all,0.1700,wor-active,51,0.016827046871185303,1.0
all,0.1700,wor-uniform,51,0.01990152895450592,1.0
all,0.1700,wor-active,52,0.01742309331893921,0.0
all,0.1700,wor-uniform,52,0.019553840160369873,1.0
all,0.1700,wor-active,53,0.01726090908050537,1.0
all,0.1700,wor-uniform,53,0.019547641277313232,1.0
all,0.1700,wor-active,54,0.01763784885406494,1.0
all,0.1700,wor-uniform,54,0.020595550537109375,1.0
all,0.1700,wor-active,55,0.016348600387573242,1.0
all,0.1700,wor-uniform,55,0.02025073766708374,1.0
all,0.1700,wor-active,56,0.017851710319519043,1.0
all,0.1700,wor-uniform,56,0.01980757713317871,1.0
all,0.1700,wor-active,57,0.01750624179840088,1.0
all,0.1700,wor-uniform,57,0.019538402557373047,1.0
all,0.1700,wor-active,58,0.01635664701461792,1.0
all,0.1700,wor-uniform,58,0.019719958305358887,1.0
all,0.1700,wor-active,59,0.018239319324493408,1.0
all,0.1700,wor-uniform,59,0.020809173583984375,1.0
all,0.1700,wor-active,60,0.018028736114501953,1.0
all,0.1700,wor-uniform,60,0.019837021827697754,1.0
all,0.1700,wor-active,61,0.017691314220428467,1.0
all,0.1700,wor-uniform,61,0.02002859115600586,1.0
all,0.1700,wor-active,62,0.017023637890815735,1.0
all,0.1700,wor-uniform,62,0.01982438564300537,1.0
all,0.1700,wor-active,63,0.01699143648147583,1.0
all,0.1700,wor-uniform,63,0.019539177417755127,1.0
all,0.1700,wor-active,64,0.016710519790649414,1.0
all,0.1700,wor-uniform,64,0.019505977630615234,1.0
all,0.1700,wor-active,65,0.0183296799659729,1.0
all,0.1700,wor-uniform,65,0.02020333707332611,1.0
all,0.1700,wor-active,66,0.01767265796661377,1.0
all,0.1700,wor-uniform,66,0.01973932981491089,1.0
all,0.1700,wor-active,67,0.016854941844940186,1.0
all,0.1700,wor-uniform,67,0.01959514617919922,1.0
all,0.1700,wor-active,68,0.0176008939743042,1.0
all,0.1700,wor-uniform,68,0.018638625741004944,1.0
all,0.1700,wor-active,69,0.017689749598503113,1.0
all,0.1700,wor-uniform,69,0.019168108701705933,0.0
all,0.1700,wor-active,70,0.017549455165863037,1.0
all,0.1700,wor-uniform,70,0.019593358039855957,1.0
all,0.1700,wor-active,71,0.017838239669799805,1.0
all,0.1700,wor-uniform,71,0.01958400011062622,1.0
all,0.1700,wor-active,72,0.017493784427642822,1.0
all,0.1700,wor-uniform,72,0.019366204738616943,1.0
all,0.1700,wor-active,73,0.017021730542182922,0.0
all,0.1700,wor-uniform,73,0.0195237398147583,1.0
all,0.1700,wor-active,74,0.017156437039375305,1.0
all,0.1700,wor-uniform,74,0.02005302906036377,1.0
all,0.1700,wor-active,75,0.01733267307281494,1.0
all,0.1700,wor-uniform,75,0.020097672939300537,1.0
all,0.1700,wor-active,76,0.016748785972595215,1.0
all,0.1700,wor-uniform,76,0.01983332633972168,0.0
all,0.1700,wor-active,77,0.01737809181213379,1.0
all,0.1700,wor-uniform,77,0.020136654376983643,1.0
all,0.1700,wor-active,78,0.01637941598892212,1.0
all,0.1700,wor-uniform,78,0.01941019296646118,1.0
all,0.1700,wor-active,79,0.018085241317749023,1.0
all,0.1700,wor-uniform,79,0.01894676685333252,1.0
all,0.1700,wor-active,80,0.018295466899871826,1.0
all,0.1700,wor-uniform,80,0.020056486129760742,1.0
all,0.1700,wor-active,81,0.016845449805259705,1.0
all,0.1700,wor-uniform,81,0.019755080342292786,1.0
all,0.1700,wor-active,82,0.0178183913230896,1.0
all,0.1700,wor-uniform,82,0.020034968852996826,1.0
all,0.1700,wor-active,83,0.017497360706329346,1.0
all,0.1700,wor-uniform,83,0.0202101469039917,1.0
all,0.1700,wor-active,84,0.017714202404022217,1.0
all,0.1700,wor-uniform,84,0.019486352801322937,1.0
all,0.1700,wor-active,85,0.01730804145336151,1.0
all,0.1700,wor-uniform,85,0.019389212131500244,1.0
all,0.1700,wor-active,86,0.018130958080291748,1.0
all,0.1700,wor-uniform,86,0.02039515972137451,0.0
all,0.1700,wor-active,87,0.01708507537841797,1.0
all,0.1700,wor-uniform,87,0.019629359245300293,1.0
all,0.1700,wor-active,88,0.017761647701263428,1.0
all,0.1700,wor-uniform,88,0.020289123058319092,1.0
all,0.1700,wor-active,89,0.017269372940063477,1.0
all,0.1700,wor-uniform,89,0.01982758939266205,1.0
all,0.1700,wor-active,90,0.019078969955444336,1.0
all,0.1700,wor-uniform,90,0.018882036209106445,1.0
all,0.1700,wor-active,91,0.016649603843688965,1.0
all,0.1700,wor-uniform,91,0.01945263147354126,1.0
all,0.1700,wor-active,92,0.018309056758880615,1.0
all,0.1700,wor-uniform,92,0.019649744033813477,1.0
all,0.1700,wor-active,93,0.01778203248977661,1.0
all,0.1700,wor-uniform,93,0.019622802734375,1.0
all,0.1700,wor-active,94,0.016498684883117676,1.0
all,0.1700,wor-uniform,94,0.020348116755485535,1.0
all,0.1700,wor-active,95,0.017699718475341797,1.0
all,0.1700,wor-uniform,95,0.020579874515533447,1.0
all,0.1700,wor-active,96,0.01592347025871277,0.0
all,0.1700,wor-uniform,96,0.0196218341588974,1.0
all,0.1700,wor-active,97,0.0174839049577713,1.0
all,0.1700,wor-uniform,97,0.020039796829223633,1.0
all,0.1700,wor-active,98,0.017540276050567627,1.0
all,0.1700,wor-uniform,98,0.020263031125068665,1.0
all,0.1700,wor-active,99,0.016597867012023926,1.0
all,0.1700,wor-uniform,99,0.019895195960998535,1.0
all,0.1700,wor-active,100,0.018384099006652832,1.0
all,0.1700,wor-uniform,100,0.019622132182121277,1.0
all,0.1700,wor-active,101,0.01863497495651245,1.0
all,0.1700,wor-uniform,101,0.020068764686584473,1.0
all,0.1700,wor-active,102,0.015478372573852539,1.0
all,0.1700,wor-uniform,102,0.020127058029174805,1.0
all,0.1700,wor-active,103,0.01668904721736908,1.0
all,0.1700,wor-uniform,103,0.020183861255645752,1.0
all,0.1700,wor-active,104,0.017329752445220947,1.0
all,0.1700,wor-uniform,104,0.019649922847747803,1.0
all,0.1700,wor-active,105,0.017636969685554504,1.0
all,0.1700,wor-uniform,105,0.019908368587493896,1.0
all,0.1700,wor-active,106,0.017634108662605286,1.0
all,0.1700,wor-uniform,106,0.01993381977081299,1.0
all,0.1700,wor-active,107,0.01817244291305542,1.0
all,0.1700,wor-uniform,107,0.019876182079315186,1.0
all,0.1700,wor-active,108,0.018547356128692627,1.0
all,0.1700,wor-uniform,108,0.020136356353759766,1.0
all,0.1700,wor-active,109,0.01757889986038208,1.0
all,0.1700,wor-uniform,109,0.020041942596435547,1.0
all,0.1700,wor-active,110,0.01839470863342285,1.0
all,0.1700,wor-uniform,110,0.019534900784492493,1.0
all,0.1700,wor-active,111,0.01793992519378662,1.0
all,0.1700,wor-uniform,111,0.019345104694366455,1.0
all,0.1700,wor-active,112,0.017684221267700195,1.0
all,0.1700,wor-uniform,112,0.018952712416648865,1.0
all,0.1700,wor-active,113,0.01751786470413208,1.0
all,0.1700,wor-uniform,113,0.01944679021835327,1.0
all,0.1700,wor-active,114,0.016805708408355713,1.0
all,0.1700,wor-uniform,114,0.019536733627319336,1.0
all,0.1700,wor-active,115,0.01835733652114868,1.0
all,0.1700,wor-uniform,115,0.019237592816352844,1.0
all,0.1700,wor-active,116,0.016692817211151123,1.0
all,0.1700,wor-uniform,116,0.02012050151824951,1.0
all,0.1700,wor-active,117,0.017968952655792236,1.0
all,0.1700,wor-uniform,117,0.019972920417785645,1.0
all,0.1700,wor-active,118,0.016487225890159607,1.0
all,0.1700,wor-uniform,118,0.019362568855285645,1.0
all,0.1700,wor-active,119,0.018058300018310547,1.0
all,0.1700,wor-uniform,119,0.019986629486083984,1.0
all,0.1700,wor-active,120,0.01676689088344574,1.0
all,0.1700,wor-uniform,120,0.020120680332183838,1.0
all,0.1700,wor-active,121,0.017308354377746582,1.0
all,0.1700,wor-uniform,121,0.020191386342048645,1.0
all,0.1700,wor-active,122,0.017319917678833008,1.0
all,0.1700,wor-uniform,122,0.019574284553527832,1.0
all,0.1700,wor-active,123,0.01869654655456543,1.0
all,0.1700,wor-uniform,123,0.019327864050865173,1.0
all,0.1700,wor-active,124,0.01835489273071289,1.0
all,0.1700,wor-uniform,124,0.01929144561290741,1.0
all,0.1700,wor-active,125,0.01752448081970215,1.0
all,0.1700,wor-uniform,125,0.019996583461761475,1.0
all,0.1700,wor-active,126,0.017312347888946533,1.0
all,0.1700,wor-uniform,126,0.019931495189666748,1.0
all,0.1700,wor-active,127,0.016758084297180176,1.0
all,0.1700,wor-uniform,127,0.019992053508758545,1.0
all,0.1700,wor-active,128,0.018019020557403564,1.0
all,0.1700,wor-uniform,128,0.019497156143188477,1.0
all,0.1700,wor-active,129,0.017076492309570312,1.0
all,0.1700,wor-uniform,129,0.019817769527435303,1.0
all,0.1700,wor-active,130,0.01729452610015869,1.0
all,0.1700,wor-uniform,130,0.019751250743865967,1.0
all,0.1700,wor-active,131,0.018024206161499023,1.0
all,0.1700,wor-uniform,131,0.02026611566543579,1.0
all,0.1700,wor-active,132,0.017334461212158203,1.0
all,0.1700,wor-uniform,132,0.020535290241241455,1.0
all,0.1700,wor-active,133,0.01746952533721924,1.0
all,0.1700,wor-uniform,133,0.01972520351409912,1.0
all,0.1700,wor-active,134,0.017319321632385254,1.0
all,0.1700,wor-uniform,134,0.018957853317260742,1.0
all,0.1700,wor-active,135,0.01800847053527832,1.0
all,0.1700,wor-uniform,135,0.01927870512008667,1.0
all,0.1700,wor-active,136,0.016786932945251465,1.0
all,0.1700,wor-uniform,136,0.019725143909454346,1.0
all,0.1700,wor-active,137,0.01710885763168335,1.0
all,0.1700,wor-uniform,137,0.01959739625453949,1.0
all,0.1700,wor-active,138,0.01826651394367218,1.0
all,0.1700,wor-uniform,138,0.019585371017456055,1.0
all,0.1700,wor-active,139,0.01720792055130005,1.0
all,0.1700,wor-uniform,139,0.01957082748413086,1.0
all,0.1700,wor-active,140,0.017374679446220398,1.0
all,0.1700,wor-uniform,140,0.019671157002449036,1.0
all,0.1700,wor-active,141,0.016728639602661133,1.0
all,0.1700,wor-uniform,141,0.01924268901348114,1.0
all,0.1700,wor-active,142,0.017519697546958923,1.0
all,0.1700,wor-uniform,142,0.01990807056427002,1.0
all,0.1700,wor-active,143,0.01755589246749878,1.0
all,0.1700,wor-uniform,143,0.02028803527355194,1.0
all,0.1700,wor-active,144,0.01689678430557251,1.0
all,0.1700,wor-uniform,144,0.019367098808288574,1.0
all,0.1700,wor-active,145,0.017496883869171143,1.0
all,0.1700,wor-uniform,145,0.01997467875480652,0.0
all,0.1700,wor-active,146,0.01748727262020111,1.0
all,0.1700,wor-uniform,146,0.019537195563316345,1.0
all,0.1700,wor-active,147,0.016760647296905518,1.0
all,0.1700,wor-uniform,147,0.020458102226257324,1.0
all,0.1700,wor-active,148,0.017115607857704163,1.0
all,0.1700,wor-uniform,148,0.019643500447273254,1.0
all,0.1700,wor-active,149,0.01879364252090454,1.0
all,0.1700,wor-uniform,149,0.020592689514160156,1.0
all,0.1700,wor-active,150,0.017097309231758118,1.0
all,0.1700,wor-uniform,150,0.01957792043685913,1.0
all,0.1700,wor-active,151,0.01726876199245453,1.0
all,0.1700,wor-uniform,151,0.02074211835861206,1.0
all,0.1700,wor-active,152,0.017078101634979248,1.0
all,0.1700,wor-uniform,152,0.019960835576057434,1.0
all,0.1700,wor-active,153,0.01793605089187622,1.0
all,0.1700,wor-uniform,153,0.019791439175605774,1.0
all,0.1700,wor-active,154,0.01826101541519165,1.0
all,0.1700,wor-uniform,154,0.020237162709236145,1.0
all,0.1700,wor-active,155,0.017233386635780334,1.0
all,0.1700,wor-uniform,155,0.019557088613510132,1.0
all,0.1700,wor-active,156,0.01781761646270752,1.0
all,0.1700,wor-uniform,156,0.019141435623168945,1.0
all,0.1700,wor-active,157,0.01692543923854828,1.0
all,0.1700,wor-uniform,157,0.01979154348373413,1.0
all,0.1700,wor-active,158,0.017774879932403564,1.0
all,0.1700,wor-uniform,158,0.019926488399505615,0.0
all,0.1700,wor-active,159,0.016475901007652283,1.0
all,0.1700,wor-uniform,159,0.01940971612930298,1.0
all,0.1700,wor-active,160,0.017032325267791748,1.0
all,0.1700,wor-uniform,160,0.01999598741531372,1.0
all,0.1700,wor-active,161,0.0183069109916687,1.0
all,0.1700,wor-uniform,161,0.020036622881889343,1.0
all,0.1700,wor-active,162,0.017577528953552246,1.0
all,0.1700,wor-uniform,162,0.020518600940704346,0.0
all,0.1700,wor-active,163,0.018220484256744385,1.0
all,0.1700,wor-uniform,163,0.020240366458892822,1.0
all,0.1700,wor-active,164,0.017735660076141357,1.0
all,0.1700,wor-uniform,164,0.01984560489654541,1.0
all,0.1700,wor-active,165,0.0175592303276062,1.0
all,0.1700,wor-uniform,165,0.020601555705070496,1.0
all,0.1700,wor-active,166,0.017817795276641846,1.0
all,0.1700,wor-uniform,166,0.019492506980895996,1.0
all,0.1700,wor-active,167,0.017021939158439636,1.0
all,0.1700,wor-uniform,167,0.019428744912147522,1.0
all,0.1700,wor-active,168,0.016807377338409424,1.0
all,0.1700,wor-uniform,168,0.01983867585659027,1.0
all,0.1700,wor-active,169,0.017074599862098694,1.0
all,0.1700,wor-uniform,169,0.019944190979003906,1.0
all,0.1700,wor-active,170,0.018057122826576233,1.0
all,0.1700,wor-uniform,170,0.01992480456829071,1.0
all,0.1700,wor-active,171,0.01811438798904419,1.0
all,0.1700,wor-uniform,171,0.01993192732334137,1.0
all,0.1700,wor-active,172,0.0187414288520813,1.0
all,0.1700,wor-uniform,172,0.02044963836669922,1.0
all,0.1700,wor-active,173,0.016765832901000977,1.0
all,0.1700,wor-uniform,173,0.019453704357147217,1.0
all,0.1700,wor-active,174,0.017470061779022217,1.0
all,0.1700,wor-uniform,174,0.020387768745422363,1.0
all,0.1700,wor-active,175,0.016541168093681335,1.0
all,0.1700,wor-uniform,175,0.019215837121009827,1.0
all,0.1700,wor-active,176,0.017223477363586426,1.0
all,0.1700,wor-uniform,176,0.02041560411453247,1.0
all,0.1700,wor-active,177,0.017344579100608826,1.0
all,0.1700,wor-uniform,177,0.019409000873565674,1.0
all,0.1700,wor-active,178,0.01872020959854126,1.0
all,0.1700,wor-uniform,178,0.019950270652770996,1.0
all,0.1700,wor-active,179,0.017350420355796814,1.0
all,0.1700,wor-uniform,179,0.020206525921821594,1.0
all,0.1700,wor-active,180,0.01763451099395752,1.0
all,0.1700,wor-uniform,180,0.01949554681777954,1.0
all,0.1700,wor-active,181,0.01706230640411377,1.0
all,0.1700,wor-uniform,181,0.01954813301563263,1.0
all,0.1700,wor-active,182,0.01741272211074829,1.0
all,0.1700,wor-uniform,182,0.020124435424804688,1.0
all,0.1700,wor-active,183,0.01733134686946869,1.0
all,0.1700,wor-uniform,183,0.020321354269981384,1.0
all,0.1700,wor-active,184,0.017108678817749023,1.0
all,0.1700,wor-uniform,184,0.020270362496376038,1.0
all,0.1700,wor-active,185,0.01761321723461151,1.0
all,0.1700,wor-uniform,185,0.019384309649467468,0.0
all,0.1700,wor-active,186,0.016535282135009766,1.0
all,0.1700,wor-uniform,186,0.01905977725982666,1.0
all,0.1700,wor-active,187,0.017339706420898438,1.0
all,0.1700,wor-uniform,187,0.019220128655433655,1.0
all,0.1700,wor-active,188,0.017841041088104248,1.0
all,0.1700,wor-uniform,188,0.019884586334228516,1.0
all,0.1700,wor-active,189,0.018001556396484375,1.0
all,0.1700,wor-uniform,189,0.019901350140571594,1.0
all,0.1700,wor-active,190,0.017717957496643066,1.0
all,0.1700,wor-uniform,190,0.019066572189331055,1.0
all,0.1700,wor-active,191,0.017795026302337646,1.0
all,0.1700,wor-uniform,191,0.02042180299758911,1.0
all,0.1700,wor-active,192,0.01703469455242157,1.0
all,0.1700,wor-uniform,192,0.020157858729362488,1.0
all,0.1700,wor-active,193,0.017526209354400635,1.0
all,0.1700,wor-uniform,193,0.02004505693912506,1.0
all,0.1700,wor-active,194,0.016607701778411865,1.0
all,0.1700,wor-uniform,194,0.020365774631500244,1.0
all,0.1700,wor-active,195,0.01640111207962036,1.0
all,0.1700,wor-uniform,195,0.02025890350341797,1.0
all,0.1700,wor-active,196,0.01852363348007202,1.0
all,0.1700,wor-uniform,196,0.019579410552978516,1.0
all,0.1700,wor-active,197,0.016807138919830322,0.0
all,0.1700,wor-uniform,197,0.019612133502960205,1.0
all,0.1700,wor-active,198,0.018489599227905273,1.0
all,0.1700,wor-uniform,198,0.019814372062683105,1.0
all,0.1700,wor-active,199,0.017721116542816162,1.0
all,0.1700,wor-uniform,199,0.01985830068588257,1.0
all,0.1700,wor-active,200,0.017292261123657227,1.0
all,0.1700,wor-uniform,200,0.01975683867931366,0.0
all,0.1700,wor-active,201,0.017769038677215576,1.0
all,0.1700,wor-uniform,201,0.019866228103637695,1.0
all,0.1700,wor-active,202,0.017467141151428223,1.0
all,0.1700,wor-uniform,202,0.019800901412963867,1.0
all,0.1700,wor-active,203,0.017669081687927246,1.0
all,0.1700,wor-uniform,203,0.01925480365753174,1.0
all,0.1700,wor-active,204,0.018286585807800293,1.0
all,0.1700,wor-uniform,204,0.020060837268829346,1.0
all,0.1700,wor-active,205,0.017482280731201172,1.0
all,0.1700,wor-uniform,205,0.01973438262939453,1.0
all,0.1700,wor-active,206,0.017913460731506348,1.0
all,0.1700,wor-uniform,206,0.01961350440979004,1.0
all,0.1700,wor-active,207,0.017787277698516846,1.0
all,0.1700,wor-uniform,207,0.01906365156173706,1.0
all,0.1700,wor-active,208,0.017540693283081055,1.0
all,0.1700,wor-uniform,208,0.020549535751342773,1.0
all,0.1700,wor-active,209,0.017146766185760498,1.0
all,0.1700,wor-uniform,209,0.019738972187042236,1.0
all,0.1700,wor-active,210,0.01772250235080719,1.0
all,0.1700,wor-uniform,210,0.019943177700042725,1.0
all,0.1700,wor-active,211,0.017459452152252197,1.0
all,0.1700,wor-uniform,211,0.019249096512794495,1.0
all,0.1700,wor-active,212,0.017544031143188477,1.0
all,0.1700,wor-uniform,212,0.019173607230186462,1.0
all,0.1700,wor-active,213,0.01743215322494507,1.0
all,0.1700,wor-uniform,213,0.019803643226623535,1.0
all,0.1700,wor-active,214,0.016861796379089355,1.0
all,0.1700,wor-uniform,214,0.019632041454315186,1.0
all,0.1700,wor-active,215,0.018199488520622253,1.0
all,0.1700,wor-uniform,215,0.01940816640853882,1.0
all,0.1700,wor-active,216,0.017010927200317383,1.0
all,0.1700,wor-uniform,216,0.019333884119987488,1.0
all,0.1700,wor-active,217,0.016413614153862,1.0
all,0.1700,wor-uniform,217,0.020043671131134033,1.0
all,0.1700,wor-active,218,0.017339110374450684,1.0
all,0.1700,wor-uniform,218,0.01959402859210968,0.0
all,0.1700,wor-active,219,0.017276182770729065,1.0
all,0.1700,wor-uniform,219,0.019593611359596252,1.0
all,0.1700,wor-active,220,0.01725935935974121,1.0
all,0.1700,wor-uniform,220,0.020150184631347656,1.0
all,0.1700,wor-active,221,0.01815629005432129,1.0
all,0.1700,wor-uniform,221,0.019495368003845215,1.0
all,0.1700,wor-active,222,0.01861095428466797,1.0
all,0.1700,wor-uniform,222,0.019415199756622314,1.0
all,0.1700,wor-active,223,0.017908334732055664,1.0
all,0.1700,wor-uniform,223,0.019880905747413635,1.0
all,0.1700,wor-active,224,0.01814347505569458,1.0
all,0.1700,wor-uniform,224,0.019713714718818665,1.0
all,0.1700,wor-active,225,0.017310455441474915,1.0
all,0.1700,wor-uniform,225,0.01932661235332489,1.0
all,0.1700,wor-active,226,0.0180395245552063,1.0
all,0.1700,wor-uniform,226,0.01958121359348297,1.0
all,0.1700,wor-active,227,0.017492711544036865,1.0
all,0.1700,wor-uniform,227,0.019843101501464844,1.0
all,0.1700,wor-active,228,0.018101930618286133,1.0
all,0.1700,wor-uniform,228,0.020089149475097656,1.0
all,0.1700,wor-active,229,0.016832351684570312,1.0
all,0.1700,wor-uniform,229,0.019900619983673096,1.0
all,0.1700,wor-active,230,0.017409980297088623,1.0
all,0.1700,wor-uniform,230,0.018981218338012695,1.0
all,0.1700,wor-active,231,0.0167321115732193,1.0
all,0.1700,wor-uniform,231,0.019127890467643738,1.0
all,0.1700,wor-active,232,0.017268240451812744,1.0
all,0.1700,wor-uniform,232,0.019664987921714783,1.0
all,0.1700,wor-active,233,0.01835702359676361,1.0
all,0.1700,wor-uniform,233,0.019714772701263428,1.0
all,0.1700,wor-active,234,0.01785379648208618,1.0
all,0.1700,wor-uniform,234,0.020455539226531982,1.0
all,0.1700,wor-active,235,0.0172349214553833,0.0
all,0.1700,wor-uniform,235,0.019145846366882324,1.0
all,0.1700,wor-active,236,0.017334476113319397,1.0
all,0.1700,wor-uniform,236,0.019658327102661133,1.0
all,0.1700,wor-active,237,0.01611928641796112,1.0
all,0.1700,wor-uniform,237,0.019093692302703857,1.0
all,0.1700,wor-active,238,0.018716871738433838,0.0
all,0.1700,wor-uniform,238,0.01973612606525421,1.0
all,0.1700,wor-active,239,0.01730942726135254,1.0
all,0.1700,wor-uniform,239,0.019897103309631348,1.0
all,0.1700,wor-active,240,0.01721179485321045,1.0
all,0.1700,wor-uniform,240,0.01965874433517456,1.0
all,0.1700,wor-active,241,0.017437994480133057,1.0
all,0.1700,wor-uniform,241,0.019974887371063232,1.0
all,0.1700,wor-active,242,0.017143726348876953,1.0
all,0.1700,wor-uniform,242,0.01968073844909668,1.0
all,0.1700,wor-active,243,0.016897201538085938,1.0
all,0.1700,wor-uniform,243,0.019454658031463623,1.0
all,0.1700,wor-active,244,0.01759260892868042,1.0
all,0.1700,wor-uniform,244,0.019709065556526184,1.0
all,0.1700,wor-active,245,0.01798534393310547,1.0
all,0.1700,wor-uniform,245,0.019507408142089844,1.0
all,0.1700,wor-active,246,0.016803428530693054,1.0
all,0.1700,wor-uniform,246,0.01989924907684326,1.0
all,0.1700,wor-active,247,0.01675659418106079,1.0
all,0.1700,wor-uniform,247,0.019982755184173584,1.0
all,0.1700,wor-active,248,0.01720362901687622,1.0
all,0.1700,wor-uniform,248,0.020211920142173767,1.0
all,0.1700,wor-active,249,0.0171583890914917,1.0
all,0.1700,wor-uniform,249,0.020479798316955566,1.0
all,0.1700,wor-active,250,0.017923951148986816,1.0
all,0.1700,wor-uniform,250,0.019623398780822754,1.0
all,0.1700,wor-active,251,0.017839789390563965,1.0
all,0.1700,wor-uniform,251,0.01981532573699951,1.0
all,0.1700,wor-active,252,0.017486512660980225,1.0
all,0.1700,wor-uniform,252,0.020114541053771973,1.0
all,0.1700,wor-active,253,0.016437232494354248,1.0
all,0.1700,wor-uniform,253,0.019852682948112488,1.0
all,0.1700,wor-active,254,0.017396986484527588,1.0
all,0.1700,wor-uniform,254,0.019559383392333984,1.0
all,0.1700,wor-active,255,0.01707608997821808,1.0
all,0.1700,wor-uniform,255,0.0195285826921463,1.0
all,0.1700,wor-active,256,0.016865074634552002,1.0
all,0.1700,wor-uniform,256,0.019662901759147644,1.0
all,0.1700,wor-active,257,0.01816415786743164,1.0
all,0.1700,wor-uniform,257,0.020463332533836365,1.0
all,0.1700,wor-active,258,0.016669854521751404,0.0
all,0.1700,wor-uniform,258,0.019754990935325623,1.0
all,0.1700,wor-active,259,0.018085956573486328,1.0
all,0.1700,wor-uniform,259,0.020033180713653564,1.0
all,0.1700,wor-active,260,0.017037689685821533,1.0
all,0.1700,wor-uniform,260,0.01977527141571045,1.0
all,0.1700,wor-active,261,0.01780039072036743,1.0
all,0.1700,wor-uniform,261,0.019172072410583496,1.0
all,0.1700,wor-active,262,0.017533302307128906,1.0
all,0.1700,wor-uniform,262,0.01915907859802246,1.0
all,0.1700,wor-active,263,0.017566516995429993,1.0
all,0.1700,wor-uniform,263,0.01882980763912201,1.0
all,0.1700,wor-active,264,0.016733825206756592,1.0
all,0.1700,wor-uniform,264,0.019087567925453186,1.0
all,0.1700,wor-active,265,0.016491711139678955,1.0
all,0.1700,wor-uniform,265,0.020389333367347717,1.0
all,0.1700,wor-active,266,0.01841515302658081,1.0
all,0.1700,wor-uniform,266,0.019608795642852783,1.0
all,0.1700,wor-active,267,0.016288936138153076,1.0
all,0.1700,wor-uniform,267,0.019427001476287842,1.0
all,0.1700,wor-active,268,0.01707853376865387,1.0
all,0.1700,wor-uniform,268,0.019399166107177734,1.0
all,0.1700,wor-active,269,0.017588317394256592,1.0
all,0.1700,wor-uniform,269,0.020099401473999023,1.0
all,0.1700,wor-active,270,0.018409907817840576,1.0
all,0.1700,wor-uniform,270,0.020053744316101074,1.0
all,0.1700,wor-active,271,0.017420947551727295,1.0
all,0.1700,wor-uniform,271,0.019802868366241455,1.0
all,0.1700,wor-active,272,0.01684039831161499,1.0
all,0.1700,wor-uniform,272,0.020245984196662903,1.0
all,0.1700,wor-active,273,0.017247378826141357,1.0
all,0.1700,wor-uniform,273,0.019266843795776367,1.0
all,0.1700,wor-active,274,0.01680697500705719,1.0
all,0.1700,wor-uniform,274,0.020270109176635742,1.0
all,0.1700,wor-active,275,0.01750767230987549,1.0
all,0.1700,wor-uniform,275,0.020272135734558105,1.0
all,0.1700,wor-active,276,0.017270922660827637,1.0
all,0.1700,wor-uniform,276,0.01983584463596344,1.0
all,0.1700,wor-active,277,0.016723453998565674,1.0
all,0.1700,wor-uniform,277,0.02026413381099701,1.0
all,0.1700,wor-active,278,0.017944827675819397,1.0
all,0.1700,wor-uniform,278,0.01984184980392456,1.0
all,0.1700,wor-active,279,0.0181160569190979,1.0
all,0.1700,wor-uniform,279,0.02006775140762329,1.0
all,0.1700,wor-active,280,0.017747819423675537,1.0
all,0.1700,wor-uniform,280,0.019595399498939514,1.0
all,0.1700,wor-active,281,0.016532063484191895,1.0
all,0.1700,wor-uniform,281,0.019956648349761963,1.0
all,0.1700,wor-active,282,0.017439916729927063,1.0
all,0.1700,wor-uniform,282,0.01952134072780609,1.0
all,0.1700,wor-active,283,0.01746612787246704,1.0
all,0.1700,wor-uniform,283,0.020066440105438232,1.0
all,0.1700,wor-active,284,0.016475602984428406,1.0
all,0.1700,wor-uniform,284,0.020256996154785156,1.0
all,0.1700,wor-active,285,0.017279744148254395,1.0
all,0.1700,wor-uniform,285,0.01957458257675171,1.0
all,0.1700,wor-active,286,0.0181160569190979,1.0
all,0.1700,wor-uniform,286,0.019833683967590332,1.0
all,0.1700,wor-active,287,0.01679152250289917,1.0
all,0.1700,wor-uniform,287,0.020135462284088135,1.0
all,0.1700,wor-active,288,0.01782025396823883,1.0
all,0.1700,wor-uniform,288,0.019793927669525146,1.0
all,0.1700,wor-active,289,0.018263280391693115,1.0
all,0.1700,wor-uniform,289,0.018949434161186218,1.0
all,0.1700,wor-active,290,0.01725393533706665,1.0
all,0.1700,wor-uniform,290,0.019464731216430664,1.0
all,0.1700,wor-active,291,0.017303869128227234,1.0
all,0.1700,wor-uniform,291,0.02014625072479248,1.0
all,0.1700,wor-active,292,0.017372190952301025,1.0
all,0.1700,wor-uniform,292,0.01921612024307251,1.0
all,0.1700,wor-active,293,0.017547965049743652,1.0
all,0.1700,wor-uniform,293,0.02002394199371338,0.0
all,0.1700,wor-active,294,0.017288312315940857,1.0
all,0.1700,wor-uniform,294,0.02057325839996338,1.0
all,0.1700,wor-active,295,0.01728302240371704,1.0
all,0.1700,wor-uniform,295,0.020100265741348267,1.0
all,0.1700,wor-active,296,0.017157435417175293,1.0
all,0.1700,wor-uniform,296,0.020217493176460266,1.0
all,0.1700,wor-active,297,0.017706334590911865,1.0
all,0.1700,wor-uniform,297,0.019594967365264893,1.0
all,0.1700,wor-active,298,0.01661604642868042,1.0
all,0.1700,wor-uniform,298,0.019529342651367188,1.0
all,0.1700,wor-active,299,0.01776963472366333,1.0
all,0.1700,wor-uniform,299,0.020298779010772705,1.0
all,0.1700,wor-active,300,0.016627132892608643,1.0
all,0.1700,wor-uniform,300,0.02008102834224701,1.0
all,0.1700,wor-active,301,0.017780736088752747,1.0
all,0.1700,wor-uniform,301,0.019880175590515137,1.0
all,0.1700,wor-active,302,0.01802617311477661,1.0
all,0.1700,wor-uniform,302,0.02003467082977295,1.0
all,0.1700,wor-active,303,0.01715843379497528,1.0
all,0.1700,wor-uniform,303,0.020285606384277344,1.0
all,0.1700,wor-active,304,0.01790720224380493,1.0
all,0.1700,wor-uniform,304,0.020053446292877197,1.0
all,0.1700,wor-active,305,0.016539886593818665,1.0
all,0.1700,wor-uniform,305,0.020494922995567322,1.0
all,0.1700,wor-active,306,0.01778256893157959,1.0
all,0.1700,wor-uniform,306,0.019702017307281494,1.0
all,0.1700,wor-active,307,0.016185522079467773,1.0
all,0.1700,wor-uniform,307,0.01989281177520752,1.0
all,0.1700,wor-active,308,0.017321467399597168,1.0
all,0.1700,wor-uniform,308,0.01941545307636261,1.0
all,0.1700,wor-active,309,0.01770554482936859,1.0
all,0.1700,wor-uniform,309,0.019710958003997803,1.0
all,0.1700,wor-active,310,0.01727747917175293,1.0
all,0.1700,wor-uniform,310,0.01944434642791748,0.0
all,0.1700,wor-active,311,0.017245233058929443,1.0
all,0.1700,wor-uniform,311,0.019589945673942566,1.0
all,0.1700,wor-active,312,0.01780521869659424,1.0
all,0.1700,wor-uniform,312,0.019388124346733093,1.0
all,0.1700,wor-active,313,0.01768273115158081,1.0
all,0.1700,wor-uniform,313,0.019127830862998962,1.0
all,0.1700,wor-active,314,0.016448810696601868,1.0
all,0.1700,wor-uniform,314,0.018700405955314636,1.0
all,0.1700,wor-active,315,0.017773151397705078,1.0
all,0.1700,wor-uniform,315,0.01894785463809967,1.0
all,0.1700,wor-active,316,0.017187893390655518,1.0
all,0.1700,wor-uniform,316,0.01942729949951172,1.0
all,0.1700,wor-active,317,0.017682135105133057,1.0
all,0.1700,wor-uniform,317,0.02046304941177368,1.0
all,0.1700,wor-active,318,0.016139015555381775,1.0
all,0.1700,wor-uniform,318,0.020197272300720215,1.0
all,0.1700,wor-active,319,0.01755344867706299,1.0
all,0.1700,wor-uniform,319,0.019991636276245117,1.0
all,0.1700,wor-active,320,0.01805979013442993,1.0
all,0.1700,wor-uniform,320,0.019753217697143555,1.0
all,0.1700,wor-active,321,0.01772688329219818,1.0
all,0.1700,wor-uniform,321,0.019540071487426758,1.0
all,0.1700,wor-active,322,0.016724124550819397,1.0
all,0.1700,wor-uniform,322,0.02002197504043579,1.0
all,0.1700,wor-active,323,0.017719611525535583,1.0
all,0.1700,wor-uniform,323,0.02057729661464691,1.0
all,0.1700,wor-active,324,0.017792820930480957,1.0
all,0.1700,wor-uniform,324,0.019779905676841736,1.0
all,0.1700,wor-active,325,0.018383383750915527,1.0
all,0.1700,wor-uniform,325,0.019424796104431152,1.0
all,0.1700,wor-active,326,0.017208576202392578,1.0
all,0.1700,wor-uniform,326,0.020241498947143555,1.0
all,0.1700,wor-active,327,0.017202377319335938,1.0
all,0.1700,wor-uniform,327,0.02002161741256714,1.0
all,0.1700,wor-active,328,0.01759590208530426,1.0
all,0.1700,wor-uniform,328,0.020410478115081787,1.0
all,0.1700,wor-active,329,0.01661069691181183,1.0
all,0.1700,wor-uniform,329,0.020014271140098572,1.0
all,0.1700,wor-active,330,0.017408430576324463,1.0
all,0.1700,wor-uniform,330,0.020046770572662354,1.0
all,0.1700,wor-active,331,0.017094135284423828,1.0
all,0.1700,wor-uniform,331,0.020154044032096863,1.0
all,0.1700,wor-active,332,0.016927599906921387,1.0
all,0.1700,wor-uniform,332,0.01940178871154785,1.0
all,0.1800,wor-active,0,0.016481399536132812,1.0
all,0.1800,wor-uniform,0,0.019520938396453857,1.0
all,0.1800,wor-active,1,0.01628291606903076,1.0
all,0.1800,wor-uniform,1,0.01940147578716278,1.0
all,0.1800,wor-active,2,0.016207873821258545,1.0
all,0.1800,wor-uniform,2,0.0190889835357666,1.0
all,0.1800,wor-active,3,0.017014265060424805,1.0
all,0.1800,wor-uniform,3,0.01936967670917511,1.0
all,0.1800,wor-active,4,0.01668369770050049,1.0
all,0.1800,wor-uniform,4,0.019435182213783264,1.0
all,0.1800,wor-active,5,0.016838103532791138,0.0
all,0.1800,wor-uniform,5,0.019368305802345276,1.0
all,0.1800,wor-active,6,0.01747065782546997,1.0
all,0.1800,wor-uniform,6,0.018567562103271484,1.0
all,0.1800,wor-active,7,0.017147138714790344,1.0
all,0.1800,wor-uniform,7,0.019733071327209473,1.0
all,0.1800,wor-active,8,0.01765209436416626,1.0
all,0.1800,wor-uniform,8,0.0190618634223938,1.0
all,0.1800,wor-active,9,0.017176449298858643,1.0
all,0.1800,wor-uniform,9,0.018583253026008606,1.0
all,0.1800,wor-active,10,0.016122907400131226,0.0
all,0.1800,wor-uniform,10,0.019208505749702454,1.0
all,0.1800,wor-active,11,0.016733765602111816,1.0
all,0.1800,wor-uniform,11,0.018657386302947998,1.0
all,0.1800,wor-active,12,0.016870081424713135,1.0
all,0.1800,wor-uniform,12,0.01839911937713623,1.0
all,0.1800,wor-active,13,0.015819311141967773,0.0
all,0.1800,wor-uniform,13,0.019406020641326904,1.0
all,0.1800,wor-active,14,0.016011536121368408,1.0
all,0.1800,wor-uniform,14,0.019237950444221497,1.0
all,0.1800,wor-active,15,0.016262292861938477,1.0
all,0.1800,wor-uniform,15,0.018640339374542236,1.0
all,0.1800,wor-active,16,0.016597449779510498,1.0
all,0.1800,wor-uniform,16,0.01937510073184967,1.0
all,0.1800,wor-active,17,0.017016783356666565,0.0
all,0.1800,wor-uniform,17,0.019754648208618164,1.0
all,0.1800,wor-active,18,0.016282573342323303,1.0
all,0.1800,wor-uniform,18,0.019400477409362793,1.0
all,0.1800,wor-active,19,0.016481205821037292,1.0
all,0.1800,wor-uniform,19,0.019744262099266052,1.0
all,0.1800,wor-active,20,0.015382885932922363,1.0
all,0.1800,wor-uniform,20,0.018730998039245605,1.0
all,0.1800,wor-active,21,0.016521573066711426,1.0
all,0.1800,wor-uniform,21,0.018724918365478516,1.0
all,0.1800,wor-active,22,0.017337501049041748,1.0
all,0.1800,wor-uniform,22,0.01884692907333374,1.0
all,0.1800,wor-active,23,0.01785212755203247,1.0
all,0.1800,wor-uniform,23,0.01934969425201416,1.0
all,0.1800,wor-active,24,0.01560068130493164,1.0
all,0.1800,wor-uniform,24,0.018752574920654297,1.0
all,0.1800,wor-active,25,0.01647496223449707,1.0
all,0.1800,wor-uniform,25,0.019149959087371826,1.0
all,0.1800,wor-active,26,0.01784074306488037,1.0
all,0.1800,wor-uniform,26,0.019750654697418213,0.0
all,0.1800,wor-active,27,0.017266809940338135,1.0
all,0.1800,wor-uniform,27,0.019000530242919922,1.0
all,0.1800,wor-active,28,0.017555654048919678,1.0
all,0.1800,wor-uniform,28,0.019006192684173584,1.0
all,0.1800,wor-active,29,0.015776321291923523,1.0
all,0.1800,wor-uniform,29,0.01966625452041626,1.0
all,0.1800,wor-active,30,0.017544865608215332,1.0
all,0.1800,wor-uniform,30,0.018930584192276,0.0
all,0.1800,wor-active,31,0.01621641218662262,1.0
all,0.1800,wor-uniform,31,0.019186556339263916,1.0
all,0.1800,wor-active,32,0.0163261741399765,1.0
all,0.1800,wor-uniform,32,0.01920175552368164,1.0
all,0.1800,wor-active,33,0.016739189624786377,1.0
all,0.1800,wor-uniform,33,0.018784865736961365,1.0
all,0.1800,wor-active,34,0.015670835971832275,1.0
all,0.1800,wor-uniform,34,0.01968340575695038,1.0
all,0.1800,wor-active,35,0.016361534595489502,1.0
all,0.1800,wor-uniform,35,0.019305840134620667,1.0
all,0.1800,wor-active,36,0.016760826110839844,0.0
all,0.1800,wor-uniform,36,0.019292891025543213,1.0
all,0.1800,wor-active,37,0.017052948474884033,1.0
all,0.1800,wor-uniform,37,0.018963754177093506,1.0
all,0.1800,wor-active,38,0.016457796096801758,1.0
all,0.1800,wor-uniform,38,0.01909804344177246,1.0
all,0.1800,wor-active,39,0.016508400440216064,1.0
all,0.1800,wor-uniform,39,0.019248679280281067,1.0
all,0.1800,wor-active,40,0.016471564769744873,1.0
all,0.1800,wor-uniform,40,0.01915818452835083,1.0
all,0.1800,wor-active,41,0.016431912779808044,1.0
all,0.1800,wor-uniform,41,0.01898987591266632,1.0
all,0.1800,wor-active,42,0.01671898365020752,1.0
all,0.1800,wor-uniform,42,0.018906891345977783,1.0
all,0.1800,wor-active,43,0.017737150192260742,1.0
all,0.1800,wor-uniform,43,0.019244670867919922,1.0
all,0.1800,wor-active,44,0.017175614833831787,1.0
all,0.1800,wor-uniform,44,0.01890753209590912,1.0
all,0.1800,wor-active,45,0.016057521104812622,0.0
all,0.1800,wor-uniform,45,0.019562259316444397,1.0
all,0.1800,wor-active,46,0.017162799835205078,1.0
all,0.1800,wor-uniform,46,0.019197463989257812,1.0
all,0.1800,wor-active,47,0.0169571191072464,1.0
all,0.1800,wor-uniform,47,0.01896578073501587,1.0
all,0.1800,wor-active,48,0.017465293407440186,1.0
all,0.1800,wor-uniform,48,0.01936088502407074,1.0
all,0.1800,wor-active,49,0.01720452308654785,1.0
all,0.1800,wor-uniform,49,0.020064711570739746,1.0
all,0.1800,wor-active,50,0.015938520431518555,1.0
all,0.1800,wor-uniform,50,0.019737601280212402,1.0
all,0.1800,wor-active,51,0.017385125160217285,1.0
all,0.1800,wor-uniform,51,0.019483909010887146,1.0
all,0.1800,wor-active,52,0.017344415187835693,1.0
all,0.1800,wor-uniform,52,0.01960211992263794,1.0
all,0.1800,wor-active,53,0.01708287000656128,1.0
all,0.1800,wor-uniform,53,0.019137561321258545,1.0
all,0.1800,wor-active,54,0.016573190689086914,1.0
all,0.1800,wor-uniform,54,0.018923640251159668,1.0
all,0.1800,wor-active,55,0.01654917001724243,1.0
all,0.1800,wor-uniform,55,0.018797919154167175,1.0
all,0.1800,wor-active,56,0.017783984541893005,1.0
all,0.1800,wor-uniform,56,0.01907193660736084,1.0
all,0.1800,wor-active,57,0.017772912979125977,1.0
all,0.1800,wor-uniform,57,0.01916317641735077,1.0
all,0.1800,wor-active,58,0.01679682731628418,1.0
all,0.1800,wor-uniform,58,0.01876974105834961,1.0
all,0.1800,wor-active,59,0.016176298260688782,1.0
all,0.1800,wor-uniform,59,0.018701404333114624,0.0
all,0.1800,wor-active,60,0.017583146691322327,1.0
all,0.1800,wor-uniform,60,0.019503414630889893,1.0
all,0.1800,wor-active,61,0.016841590404510498,1.0
all,0.1800,wor-uniform,61,0.018790602684020996,1.0
all,0.1800,wor-active,62,0.017522811889648438,1.0
all,0.1800,wor-uniform,62,0.019202351570129395,1.0
all,0.1800,wor-active,63,0.017376914620399475,1.0
all,0.1800,wor-uniform,63,0.019954264163970947,1.0
all,0.1800,wor-active,64,0.01716303825378418,1.0
all,0.1800,wor-uniform,64,0.018934190273284912,1.0
all,0.1800,wor-active,65,0.017244696617126465,1.0
all,0.1800,wor-uniform,65,0.018962964415550232,1.0
all,0.1800,wor-active,66,0.017232105135917664,1.0
all,0.1800,wor-uniform,66,0.019224822521209717,1.0
all,0.1800,wor-active,67,0.01689600944519043,1.0
all,0.1800,wor-uniform,67,0.01962101459503174,1.0
all,0.1800,wor-active,68,0.017001986503601074,1.0
all,0.1800,wor-uniform,68,0.01918560266494751,1.0
all,0.1800,wor-active,69,0.017690539360046387,1.0
all,0.1800,wor-uniform,69,0.019066989421844482,1.0
all,0.1800,wor-active,70,0.01671290397644043,0.0
all,0.1800,wor-uniform,70,0.019458353519439697,1.0
all,0.1800,wor-active,71,0.016691148281097412,1.0
all,0.1800,wor-uniform,71,0.019427955150604248,1.0
all,0.1800,wor-active,72,0.016415968537330627,1.0
all,0.1800,wor-uniform,72,0.019053339958190918,1.0
all,0.1800,wor-active,73,0.016315579414367676,1.0
all,0.1800,wor-uniform,73,0.019282639026641846,1.0
all,0.1800,wor-active,74,0.016873300075531006,1.0
all,0.1800,wor-uniform,74,0.018963515758514404,1.0
all,0.1800,wor-active,75,0.016533061861991882,1.0
all,0.1800,wor-uniform,75,0.019536912441253662,1.0
all,0.1800,wor-active,76,0.01781381666660309,1.0
all,0.1800,wor-uniform,76,0.019046127796173096,1.0
all,0.1800,wor-active,77,0.01559777557849884,1.0
all,0.1800,wor-uniform,77,0.01903778314590454,1.0
all,0.1800,wor-active,78,0.01774783432483673,1.0
all,0.1800,wor-uniform,78,0.019487395882606506,1.0
all,0.1800,wor-active,79,0.016850054264068604,1.0
all,0.1800,wor-uniform,79,0.01835876703262329,1.0
all,0.1800,wor-active,80,0.017086923122406006,1.0
all,0.1800,wor-uniform,80,0.018762171268463135,1.0
all,0.1800,wor-active,81,0.017322540283203125,1.0
all,0.1800,wor-uniform,81,0.018962204456329346,1.0
all,0.1800,wor-active,82,0.016627073287963867,1.0
all,0.1800,wor-uniform,82,0.01946735382080078,1.0
all,0.1800,wor-active,83,0.01717717945575714,1.0
all,0.1800,wor-uniform,83,0.019653260707855225,1.0
all,0.1800,wor-active,84,0.01673048734664917,1.0
all,0.1800,wor-uniform,84,0.018739640712738037,1.0
all,0.1800,wor-active,85,0.01723639667034149,1.0
all,0.1800,wor-uniform,85,0.019136011600494385,1.0
all,0.1800,wor-active,86,0.016436144709587097,1.0
all,0.1800,wor-uniform,86,0.019079089164733887,1.0
all,0.1800,wor-active,87,0.017338573932647705,1.0
all,0.1800,wor-uniform,87,0.01914304494857788,1.0
all,0.1800,wor-active,88,0.016822338104248047,1.0
all,0.1800,wor-uniform,88,0.019024118781089783,1.0
all,0.1800,wor-active,89,0.01560598611831665,1.0
all,0.1800,wor-uniform,89,0.019164085388183594,1.0
all,0.1800,wor-active,90,0.016770243644714355,1.0
all,0.1800,wor-uniform,90,0.019258975982666016,1.0
all,0.1800,wor-active,91,0.016805052757263184,1.0
all,0.1800,wor-uniform,91,0.019147157669067383,1.0
all,0.1800,wor-active,92,0.015911996364593506,0.0
all,0.1800,wor-uniform,92,0.019177302718162537,1.0
all,0.1800,wor-active,93,0.017340674996376038,1.0
all,0.1800,wor-uniform,93,0.01886264979839325,1.0
all,0.1800,wor-active,94,0.01703178882598877,1.0
all,0.1800,wor-uniform,94,0.019098937511444092,1.0
all,0.1800,wor-active,95,0.01743251085281372,1.0
all,0.1800,wor-uniform,95,0.019393444061279297,1.0
all,0.1800,wor-active,96,0.01752011477947235,1.0
all,0.1800,wor-uniform,96,0.01885378360748291,1.0
all,0.1800,wor-active,97,0.016375958919525146,1.0
all,0.1800,wor-uniform,97,0.019220948219299316,1.0
all,0.1800,wor-active,98,0.015925332903862,1.0
all,0.1800,wor-uniform,98,0.019552528858184814,1.0
all,0.1800,wor-active,99,0.017492949962615967,1.0
all,0.1800,wor-uniform,99,0.01905161142349243,1.0
all,0.1800,wor-active,100,0.01654183864593506,1.0
all,0.1800,wor-uniform,100,0.019025668501853943,1.0
all,0.1800,wor-active,101,0.01582871377468109,1.0
all,0.1800,wor-uniform,101,0.01920861005783081,1.0
all,0.1800,wor-active,102,0.016571059823036194,1.0
all,0.1800,wor-uniform,102,0.0188017338514328,1.0
all,0.1800,wor-active,103,0.016604185104370117,1.0
all,0.1800,wor-uniform,103,0.019574642181396484,1.0
all,0.1800,wor-active,104,0.016343891620635986,1.0
all,0.1800,wor-uniform,104,0.01852470636367798,1.0
all,0.1800,wor-active,105,0.01639057695865631,0.0
all,0.1800,wor-uniform,105,0.020189762115478516,0.0
all,0.1800,wor-active,106,0.016577497124671936,1.0
all,0.1800,wor-uniform,106,0.019375324249267578,1.0
all,0.1800,wor-active,107,0.015578582882881165,0.0
all,0.1800,wor-uniform,107,0.01938331127166748,1.0
all,0.1800,wor-active,108,0.016441717743873596,1.0
all,0.1800,wor-uniform,108,0.0187186598777771,1.0
all,0.1800,wor-active,109,0.016528010368347168,1.0
all,0.1800,wor-uniform,109,0.01879960298538208,1.0
all,0.1800,wor-active,110,0.017136991024017334,1.0
all,0.1800,wor-uniform,110,0.019011080265045166,0.0
all,0.1800,wor-active,111,0.01685255765914917,1.0
all,0.1800,wor-uniform,111,0.01938718557357788,1.0
all,0.1800,wor-active,112,0.016584262251853943,1.0
all,0.1800,wor-uniform,112,0.019770681858062744,1.0
all,0.1800,wor-active,113,0.016565382480621338,1.0
all,0.1800,wor-uniform,113,0.019990086555480957,1.0
all,0.1800,wor-active,114,0.01731961965560913,1.0
all,0.1800,wor-uniform,114,0.019672155380249023,1.0
all,0.1800,wor-active,115,0.01657325029373169,1.0
all,0.1800,wor-uniform,115,0.019038259983062744,1.0
all,0.1800,wor-active,116,0.016917943954467773,1.0
all,0.1800,wor-uniform,116,0.019350171089172363,1.0
all,0.1800,wor-active,117,0.016984105110168457,1.0
all,0.1800,wor-uniform,117,0.019211411476135254,1.0
all,0.1800,wor-active,118,0.017532527446746826,1.0
all,0.1800,wor-uniform,118,0.01879991590976715,1.0
all,0.1800,wor-active,119,0.01644378900527954,1.0
all,0.1800,wor-uniform,119,0.01916879415512085,1.0
all,0.1800,wor-active,120,0.017253577709197998,1.0
all,0.1800,wor-uniform,120,0.019310951232910156,1.0
all,0.1800,wor-active,121,0.01656627655029297,1.0
all,0.1800,wor-uniform,121,0.01873469352722168,1.0
all,0.1800,wor-active,122,0.017404675483703613,1.0
all,0.1800,wor-uniform,122,0.01849520206451416,1.0
all,0.1800,wor-active,123,0.016060903668403625,1.0
all,0.1800,wor-uniform,123,0.01939798891544342,1.0
all,0.1800,wor-active,124,0.01678626239299774,1.0
all,0.1800,wor-uniform,124,0.018938839435577393,1.0
all,0.1800,wor-active,125,0.01607733964920044,1.0
all,0.1800,wor-uniform,125,0.0188368558883667,1.0
all,0.1800,wor-active,126,0.01710975170135498,1.0
all,0.1800,wor-uniform,126,0.019138634204864502,1.0
all,0.1800,wor-active,127,0.016862675547599792,1.0
all,0.1800,wor-uniform,127,0.019691824913024902,1.0
all,0.1800,wor-active,128,0.01705271005630493,1.0
all,0.1800,wor-uniform,128,0.019707679748535156,1.0
all,0.1800,wor-active,129,0.01771831512451172,1.0
all,0.1800,wor-uniform,129,0.019222557544708252,1.0
all,0.1800,wor-active,130,0.01743525266647339,1.0
all,0.1800,wor-uniform,130,0.019585490226745605,1.0
all,0.1800,wor-active,131,0.01573657989501953,1.0
all,0.1800,wor-uniform,131,0.019029036164283752,1.0
all,0.1800,wor-active,132,0.016825377941131592,1.0
all,0.1800,wor-uniform,132,0.018784046173095703,1.0
all,0.1800,wor-active,133,0.01656627655029297,1.0
all,0.1800,wor-uniform,133,0.018735945224761963,1.0
all,0.1800,wor-active,134,0.016553521156311035,1.0
all,0.1800,wor-uniform,134,0.019483506679534912,1.0
all,0.1800,wor-active,135,0.015271604061126709,1.0
all,0.1800,wor-uniform,135,0.01950301229953766,1.0
all,0.1800,wor-active,136,0.016587018966674805,1.0
all,0.1800,wor-uniform,136,0.020261406898498535,1.0
all,0.1800,wor-active,137,0.01638282835483551,1.0
all,0.1800,wor-uniform,137,0.019341424107551575,1.0
all,0.1800,wor-active,138,0.016529619693756104,1.0
all,0.1800,wor-uniform,138,0.01896810531616211,1.0
all,0.1800,wor-active,139,0.017015457153320312,1.0
all,0.1800,wor-uniform,139,0.01963186264038086,1.0
all,0.1800,wor-active,140,0.01712578535079956,1.0
all,0.1800,wor-uniform,140,0.019919276237487793,1.0
all,0.1800,wor-active,141,0.016921818256378174,1.0
all,0.1800,wor-uniform,141,0.019045770168304443,0.0
all,0.1800,wor-active,142,0.016895711421966553,1.0
all,0.1800,wor-uniform,142,0.01920449733734131,1.0
all,0.1800,wor-active,143,0.01537834107875824,1.0
all,0.1800,wor-uniform,143,0.018650129437446594,1.0
all,0.1800,wor-active,144,0.01673758029937744,1.0
all,0.1800,wor-uniform,144,0.018932342529296875,1.0
all,0.1800,wor-active,145,0.01581352949142456,1.0
all,0.1800,wor-uniform,145,0.019342422485351562,1.0
all,0.1800,wor-active,146,0.016384541988372803,1.0
all,0.1800,wor-uniform,146,0.019909977912902832,1.0
all,0.1800,wor-active,147,0.01643991470336914,1.0
all,0.1800,wor-uniform,147,0.0189284086227417,1.0
all,0.1800,wor-active,148,0.01637093722820282,1.0
all,0.1800,wor-uniform,148,0.018721401691436768,1.0
all,0.1800,wor-active,149,0.017750084400177002,1.0
all,0.1800,wor-uniform,149,0.018939554691314697,1.0
all,0.1800,wor-active,150,0.01642972230911255,1.0
all,0.1800,wor-uniform,150,0.018800809979438782,1.0
all,0.1800,wor-active,151,0.017145752906799316,1.0
all,0.1800,wor-uniform,151,0.01986795663833618,1.0
all,0.1800,wor-active,152,0.017306029796600342,1.0
all,0.1800,wor-uniform,152,0.019070208072662354,1.0
all,0.1800,wor-active,153,0.016438409686088562,0.0
all,0.1800,wor-uniform,153,0.019581735134124756,1.0
all,0.1800,wor-active,154,0.016509294509887695,1.0
all,0.1800,wor-uniform,154,0.01859651505947113,1.0
all,0.1800,wor-active,155,0.01774156093597412,1.0
all,0.1800,wor-uniform,155,0.01912282407283783,1.0
all,0.1800,wor-active,156,0.017337873578071594,1.0
all,0.1800,wor-uniform,156,0.019520938396453857,0.0
all,0.1800,wor-active,157,0.01680201292037964,1.0
all,0.1800,wor-uniform,157,0.01878686249256134,1.0
all,0.1800,wor-active,158,0.016783595085144043,1.0
all,0.1800,wor-uniform,158,0.01946525275707245,1.0
all,0.1800,wor-active,159,0.016776248812675476,1.0
all,0.1800,wor-uniform,159,0.019035518169403076,1.0
all,0.1800,wor-active,160,0.016607999801635742,1.0
all,0.1800,wor-uniform,160,0.01991952955722809,1.0
all,0.1800,wor-active,161,0.017631590366363525,1.0
all,0.1800,wor-uniform,161,0.018909096717834473,1.0
all,0.1800,wor-active,162,0.01675337553024292,1.0
all,0.1800,wor-uniform,162,0.019117414951324463,1.0
all,0.1800,wor-active,163,0.01777338981628418,0.0
all,0.1800,wor-uniform,163,0.019458472728729248,1.0
all,0.1800,wor-active,164,0.01624523103237152,1.0
all,0.1800,wor-uniform,164,0.01977437734603882,1.0
all,0.1800,wor-active,165,0.016176164150238037,1.0
all,0.1800,wor-uniform,165,0.018769338726997375,1.0
all,0.1800,wor-active,166,0.01638936996459961,0.0
all,0.1800,wor-uniform,166,0.01905357837677002,1.0
all,0.1800,wor-active,167,0.017422571778297424,1.0
all,0.1800,wor-uniform,167,0.019346237182617188,1.0
all,0.1800,wor-active,168,0.017277538776397705,1.0
all,0.1800,wor-uniform,168,0.019225701689720154,1.0
all,0.1800,wor-active,169,0.016017183661460876,1.0
all,0.1800,wor-uniform,169,0.019304633140563965,1.0
all,0.1800,wor-active,170,0.017398536205291748,1.0
all,0.1800,wor-uniform,170,0.019168972969055176,0.0
all,0.1800,wor-active,171,0.01659935712814331,1.0
all,0.1800,wor-uniform,171,0.019084110856056213,1.0
all,0.1800,wor-active,172,0.016793549060821533,1.0
all,0.1800,wor-uniform,172,0.019707202911376953,1.0
all,0.1800,wor-active,173,0.016055822372436523,1.0
all,0.1800,wor-uniform,173,0.01887771487236023,0.0
all,0.1800,wor-active,174,0.01647627353668213,1.0
all,0.1800,wor-uniform,174,0.019378602504730225,1.0
all,0.1800,wor-active,175,0.01719123125076294,1.0
all,0.1800,wor-uniform,175,0.018731191754341125,1.0
all,0.1800,wor-active,176,0.016437292098999023,1.0
all,0.1800,wor-uniform,176,0.01912115514278412,1.0
all,0.1800,wor-active,177,0.016991138458251953,1.0
all,0.1800,wor-uniform,177,0.018742501735687256,1.0
all,0.1800,wor-active,178,0.01671721041202545,1.0
all,0.1800,wor-uniform,178,0.01941657066345215,1.0
all,0.1800,wor-active,179,0.016429007053375244,1.0
all,0.1800,wor-uniform,179,0.019520819187164307,1.0
all,0.1800,wor-active,180,0.017178773880004883,1.0
all,0.1800,wor-uniform,180,0.01858741044998169,1.0
all,0.1800,wor-active,181,0.016920804977416992,1.0
all,0.1800,wor-uniform,181,0.019564390182495117,1.0
all,0.1800,wor-active,182,0.016963422298431396,1.0
all,0.1800,wor-uniform,182,0.019029125571250916,1.0
all,0.1800,wor-active,183,0.017482221126556396,1.0
all,0.1800,wor-uniform,183,0.019138336181640625,1.0
all,0.1800,wor-active,184,0.01666678488254547,0.0
all,0.1800,wor-uniform,184,0.019608929753303528,1.0
all,0.1800,wor-active,185,0.015715420246124268,1.0
all,0.1800,wor-uniform,185,0.01844269037246704,1.0
all,0.1800,wor-active,186,0.016468584537506104,1.0
all,0.1800,wor-uniform,186,0.018370091915130615,1.0
all,0.1800,wor-active,187,0.017277061939239502,1.0
all,0.1800,wor-uniform,187,0.019409626722335815,0.0
all,0.1800,wor-active,188,0.016316533088684082,1.0
all,0.1800,wor-uniform,188,0.01910346746444702,1.0
all,0.1800,wor-active,189,0.015081718564033508,1.0
all,0.1800,wor-uniform,189,0.019095897674560547,1.0
all,0.1800,wor-active,190,0.01689004898071289,1.0
all,0.1800,wor-uniform,190,0.01915353536605835,1.0
all,0.1800,wor-active,191,0.017167627811431885,1.0
all,0.1800,wor-uniform,191,0.019308626651763916,1.0
all,0.1800,wor-active,192,0.01558232307434082,1.0
all,0.1800,wor-uniform,192,0.018838927149772644,1.0
all,0.1800,wor-active,193,0.016195714473724365,1.0
all,0.1800,wor-uniform,193,0.019177258014678955,1.0
all,0.1800,wor-active,194,0.017431557178497314,1.0
all,0.1800,wor-uniform,194,0.01921069622039795,1.0
all,0.1800,wor-active,195,0.017026662826538086,1.0
all,0.1800,wor-uniform,195,0.019215643405914307,1.0
all,0.1800,wor-active,196,0.016774654388427734,1.0
all,0.1800,wor-uniform,196,0.019608020782470703,1.0
all,0.1800,wor-active,197,0.016510680317878723,1.0
all,0.1800,wor-uniform,197,0.018375933170318604,1.0
all,0.1800,wor-active,198,0.016881048679351807,1.0
all,0.1800,wor-uniform,198,0.019352808594703674,1.0
all,0.1800,wor-active,199,0.0161619633436203,1.0
all,0.1800,wor-uniform,199,0.019089162349700928,1.0
all,0.1800,wor-active,200,0.017078757286071777,1.0
all,0.1800,wor-uniform,200,0.019874751567840576,1.0
all,0.1800,wor-active,201,0.017407849431037903,1.0
all,0.1800,wor-uniform,201,0.018590688705444336,1.0
all,0.1800,wor-active,202,0.017607510089874268,1.0
all,0.1800,wor-uniform,202,0.019288241863250732,1.0
all,0.1800,wor-active,203,0.017245233058929443,0.0
all,0.1800,wor-uniform,203,0.019956886768341064,1.0
all,0.1800,wor-active,204,0.016508281230926514,1.0
all,0.1800,wor-uniform,204,0.01928861439228058,1.0
all,0.1800,wor-active,205,0.016644015908241272,1.0
all,0.1800,wor-uniform,205,0.019335269927978516,1.0
all,0.1800,wor-active,206,0.01723611354827881,1.0
all,0.1800,wor-uniform,206,0.018544331192970276,0.0
all,0.1800,wor-active,207,0.01668572425842285,1.0
all,0.1800,wor-uniform,207,0.018579304218292236,1.0
all,0.1800,wor-active,208,0.017069697380065918,1.0
all,0.1800,wor-uniform,208,0.019429326057434082,1.0
all,0.1800,wor-active,209,0.01717066764831543,1.0
all,0.1800,wor-uniform,209,0.018590807914733887,1.0
all,0.1800,wor-active,210,0.01663525402545929,1.0
all,0.1800,wor-uniform,210,0.019328653812408447,1.0
all,0.1800,wor-active,211,0.016317546367645264,1.0
all,0.1800,wor-uniform,211,0.018919646739959717,1.0
all,0.1800,wor-active,212,0.01732480525970459,1.0
all,0.1800,wor-uniform,212,0.019456028938293457,1.0
all,0.1800,wor-active,213,0.017920196056365967,1.0
all,0.1800,wor-uniform,213,0.0190659761428833,1.0
all,0.1800,wor-active,214,0.017177283763885498,1.0
all,0.1800,wor-uniform,214,0.019307613372802734,1.0
all,0.1800,wor-active,215,0.017519712448120117,1.0
all,0.1800,wor-uniform,215,0.01951158046722412,1.0
all,0.1800,wor-active,216,0.016552984714508057,1.0
all,0.1800,wor-uniform,216,0.018875300884246826,1.0
all,0.1800,wor-active,217,0.01649247109889984,1.0
all,0.1800,wor-uniform,217,0.018936574459075928,1.0
all,0.1800,wor-active,218,0.01645517349243164,1.0
all,0.1800,wor-uniform,218,0.019612789154052734,1.0
all,0.1800,wor-active,219,0.016337335109710693,1.0
all,0.1800,wor-uniform,219,0.01923304796218872,1.0
all,0.1800,wor-active,220,0.016446709632873535,1.0
all,0.1800,wor-uniform,220,0.01892298460006714,1.0
all,0.1800,wor-active,221,0.01690499484539032,1.0
all,0.1800,wor-uniform,221,0.019389033317565918,1.0
all,0.1800,wor-active,222,0.01762181520462036,1.0
all,0.1800,wor-uniform,222,0.019158899784088135,1.0
all,0.1800,wor-active,223,0.016375422477722168,1.0
all,0.1800,wor-uniform,223,0.018965959548950195,1.0
all,0.1800,wor-active,224,0.016437172889709473,1.0
all,0.1800,wor-uniform,224,0.01954580843448639,1.0
all,0.1800,wor-active,225,0.01665329933166504,1.0
all,0.1800,wor-uniform,225,0.01864159107208252,1.0
all,0.1800,wor-active,226,0.01641438901424408,1.0
all,0.1800,wor-uniform,226,0.01964437961578369,1.0
all,0.1800,wor-active,227,0.01729440689086914,1.0
all,0.1800,wor-uniform,227,0.01938299834728241,1.0
all,0.1800,wor-active,228,0.01657283306121826,1.0
all,0.1800,wor-uniform,228,0.018928945064544678,1.0
all,0.1800,wor-active,229,0.016769886016845703,1.0
all,0.1800,wor-uniform,229,0.019246935844421387,0.0
all,0.1800,wor-active,230,0.016682222485542297,1.0
all,0.1800,wor-uniform,230,0.019394636154174805,1.0
all,0.1800,wor-active,231,0.01621703803539276,1.0
all,0.1800,wor-uniform,231,0.019069194793701172,1.0
all,0.1800,wor-active,232,0.017079532146453857,1.0
all,0.1800,wor-uniform,232,0.018726900219917297,1.0
all,0.1800,wor-active,233,0.016352057456970215,1.0
all,0.1800,wor-uniform,233,0.01927076280117035,1.0
all,0.1800,wor-active,234,0.015930846333503723,1.0
all,0.1800,wor-uniform,234,0.019818663597106934,1.0
all,0.1800,wor-active,235,0.01745128631591797,1.0
all,0.1800,wor-uniform,235,0.01966184377670288,1.0
all,0.1800,wor-active,236,0.017283499240875244,1.0
all,0.1800,wor-uniform,236,0.019884884357452393,1.0
all,0.1800,wor-active,237,0.017314717173576355,1.0
all,0.1800,wor-uniform,237,0.019060254096984863,1.0
all,0.1800,wor-active,238,0.016493558883666992,1.0
all,0.1800,wor-uniform,238,0.019536912441253662,1.0
all,0.1800,wor-active,239,0.016980111598968506,1.0
all,0.1800,wor-uniform,239,0.019039705395698547,1.0
all,0.1800,wor-active,240,0.01637721061706543,1.0
all,0.1800,wor-uniform,240,0.019846200942993164,1.0
all,0.1800,wor-active,241,0.016344726085662842,1.0
all,0.1800,wor-uniform,241,0.019020915031433105,1.0
all,0.1800,wor-active,242,0.017107069492340088,1.0
all,0.1800,wor-uniform,242,0.019282996654510498,1.0
all,0.1800,wor-active,243,0.017519772052764893,1.0
all,0.1800,wor-uniform,243,0.01930147409439087,1.0
all,0.1800,wor-active,244,0.017149031162261963,1.0
all,0.1800,wor-uniform,244,0.019242718815803528,1.0
all,0.1800,wor-active,245,0.01699298620223999,1.0
all,0.1800,wor-uniform,245,0.019448578357696533,1.0
all,0.1800,wor-active,246,0.016949117183685303,1.0
all,0.1800,wor-uniform,246,0.01937270164489746,1.0
all,0.1800,wor-active,247,0.016794070601463318,1.0
all,0.1800,wor-uniform,247,0.018912792205810547,1.0
all,0.1800,wor-active,248,0.017142772674560547,0.0
all,0.1800,wor-uniform,248,0.019149422645568848,1.0
all,0.1800,wor-active,249,0.01740218698978424,1.0
all,0.1800,wor-uniform,249,0.019256293773651123,1.0
all,0.1800,wor-active,250,0.017347559332847595,1.0
all,0.1800,wor-uniform,250,0.019480884075164795,1.0
all,0.1800,wor-active,251,0.017036736011505127,1.0
all,0.1800,wor-uniform,251,0.01910346746444702,1.0
all,0.1800,wor-active,252,0.016160666942596436,1.0
all,0.1800,wor-uniform,252,0.019639313220977783,1.0
all,0.1800,wor-active,253,0.016364693641662598,1.0
all,0.1800,wor-uniform,253,0.018947303295135498,1.0
all,0.1800,wor-active,254,0.01709812879562378,1.0
all,0.1800,wor-uniform,254,0.0184326171875,1.0
all,0.1800,wor-active,255,0.016889870166778564,1.0
all,0.1800,wor-uniform,255,0.019271910190582275,1.0
all,0.1800,wor-active,256,0.016057565808296204,0.0
all,0.1800,wor-uniform,256,0.019683420658111572,1.0
all,0.1800,wor-active,257,0.0166359543800354,1.0
all,0.1800,wor-uniform,257,0.018351972103118896,1.0
all,0.1800,wor-active,258,0.017527282238006592,1.0
all,0.1800,wor-uniform,258,0.01939558982849121,1.0
all,0.1800,wor-active,259,0.01696610450744629,1.0
all,0.1800,wor-uniform,259,0.019505441188812256,1.0
all,0.1800,wor-active,260,0.017788350582122803,1.0
all,0.1800,wor-uniform,260,0.019334614276885986,1.0
all,0.1800,wor-active,261,0.01761728525161743,1.0
all,0.1800,wor-uniform,261,0.019682884216308594,1.0
all,0.1800,wor-active,262,0.01670534908771515,1.0
all,0.1800,wor-uniform,262,0.01920314133167267,1.0
all,0.1800,wor-active,263,0.01632024347782135,1.0
all,0.1800,wor-uniform,263,0.020109117031097412,1.0
all,0.1800,wor-active,264,0.01697331666946411,1.0
all,0.1800,wor-uniform,264,0.019428789615631104,1.0
all,0.1800,wor-active,265,0.015922963619232178,0.0
all,0.1800,wor-uniform,265,0.01906520128250122,1.0
all,0.1800,wor-active,266,0.01632697880268097,1.0
all,0.1800,wor-uniform,266,0.01907658576965332,1.0
all,0.1800,wor-active,267,0.015681207180023193,1.0
all,0.1800,wor-uniform,267,0.01918475329875946,1.0
all,0.1800,wor-active,268,0.016713201999664307,1.0
all,0.1800,wor-uniform,268,0.01963144540786743,1.0
all,0.1800,wor-active,269,0.016624867916107178,1.0
all,0.1800,wor-uniform,269,0.019154071807861328,1.0
all,0.1800,wor-active,270,0.016525983810424805,1.0
all,0.1800,wor-uniform,270,0.019064366817474365,1.0
all,0.1800,wor-active,271,0.01654338836669922,1.0
all,0.1800,wor-uniform,271,0.019106030464172363,1.0
all,0.1800,wor-active,272,0.017106711864471436,1.0
all,0.1800,wor-uniform,272,0.019308626651763916,1.0
all,0.1800,wor-active,273,0.016676485538482666,1.0
all,0.1800,wor-uniform,273,0.019162237644195557,1.0
all,0.1800,wor-active,274,0.016303613781929016,1.0
all,0.1800,wor-uniform,274,0.019652903079986572,0.0
all,0.1800,wor-active,275,0.017204463481903076,1.0
all,0.1800,wor-uniform,275,0.01934884488582611,1.0
all,0.1800,wor-active,276,0.016916930675506592,1.0
all,0.1800,wor-uniform,276,0.018591642379760742,1.0
all,0.1800,wor-active,277,0.01710367202758789,1.0
all,0.1800,wor-uniform,277,0.018527865409851074,1.0
all,0.1800,wor-active,278,0.016242921352386475,1.0
all,0.1800,wor-uniform,278,0.019167497754096985,1.0
all,0.1800,wor-active,279,0.016691386699676514,1.0
all,0.1800,wor-uniform,279,0.018846377730369568,1.0
all,0.1800,wor-active,280,0.01631981134414673,1.0
all,0.1800,wor-uniform,280,0.01927328109741211,1.0
all,0.1800,wor-active,281,0.01721048355102539,1.0
all,0.1800,wor-uniform,281,0.019304752349853516,1.0
all,0.1800,wor-active,282,0.014972388744354248,0.0
all,0.1800,wor-uniform,282,0.01954197883605957,1.0
all,0.1800,wor-active,283,0.01728767156600952,1.0
all,0.1800,wor-uniform,283,0.019499242305755615,1.0
all,0.1800,wor-active,284,0.017363011837005615,1.0
all,0.1800,wor-uniform,284,0.019394218921661377,1.0
all,0.1800,wor-active,285,0.017807304859161377,1.0
all,0.1800,wor-uniform,285,0.018783211708068848,1.0
all,0.1800,wor-active,286,0.017023324966430664,1.0
all,0.1800,wor-uniform,286,0.019704580307006836,1.0
all,0.1800,wor-active,287,0.016712665557861328,1.0
all,0.1800,wor-uniform,287,0.01895439624786377,1.0
all,0.1800,wor-active,288,0.01691335439682007,1.0
all,0.1800,wor-uniform,288,0.01888054609298706,1.0
all,0.1800,wor-active,289,0.016830503940582275,1.0
all,0.1800,wor-uniform,289,0.01930178701877594,1.0
all,0.1800,wor-active,290,0.017223596572875977,1.0
all,0.1800,wor-uniform,290,0.019355297088623047,1.0
all,0.1800,wor-active,291,0.016211941838264465,0.0
all,0.1800,wor-uniform,291,0.019344091415405273,1.0
all,0.1800,wor-active,292,0.016671910881996155,1.0
all,0.1800,wor-uniform,292,0.0198516845703125,1.0
all,0.1800,wor-active,293,0.017178907990455627,1.0
all,0.1800,wor-uniform,293,0.019114553928375244,1.0
all,0.1800,wor-active,294,0.01677948236465454,1.0
all,0.1800,wor-uniform,294,0.018920719623565674,1.0
all,0.1800,wor-active,295,0.016447246074676514,1.0
all,0.1800,wor-uniform,295,0.019394859671592712,1.0
all,0.1800,wor-active,296,0.01605159044265747,1.0
all,0.1800,wor-uniform,296,0.01931208372116089,1.0
all,0.1800,wor-active,297,0.017608702182769775,1.0
all,0.1800,wor-uniform,297,0.01934458315372467,1.0
all,0.1800,wor-active,298,0.018384575843811035,1.0
all,0.1800,wor-uniform,298,0.01905207335948944,1.0
all,0.1800,wor-active,299,0.01703166961669922,1.0
all,0.1800,wor-uniform,299,0.019091308116912842,1.0
all,0.1800,wor-active,300,0.016136109828948975,1.0
all,0.1800,wor-uniform,300,0.01896953582763672,1.0
all,0.1800,wor-active,301,0.01728808879852295,1.0
all,0.1800,wor-uniform,301,0.01895684003829956,1.0
all,0.1800,wor-active,302,0.0167006254196167,1.0
all,0.1800,wor-uniform,302,0.018958017230033875,1.0
all,0.1800,wor-active,303,0.017215430736541748,1.0
all,0.1800,wor-uniform,303,0.019012272357940674,1.0
all,0.1800,wor-active,304,0.016538798809051514,1.0
all,0.1800,wor-uniform,304,0.018816649913787842,1.0
all,0.1800,wor-active,305,0.016277670860290527,1.0
all,0.1800,wor-uniform,305,0.018980756402015686,1.0
all,0.1800,wor-active,306,0.016157329082489014,1.0
all,0.1800,wor-uniform,306,0.01873929798603058,1.0
all,0.1800,wor-active,307,0.01710563898086548,1.0
all,0.1800,wor-uniform,307,0.018868446350097656,1.0
all,0.1800,wor-active,308,0.016132310032844543,1.0
all,0.1800,wor-uniform,308,0.01909211277961731,0.0
all,0.1800,wor-active,309,0.016472339630126953,1.0
all,0.1800,wor-uniform,309,0.019785523414611816,1.0
all,0.1800,wor-active,310,0.016972362995147705,1.0
all,0.1800,wor-uniform,310,0.019592106342315674,0.0
all,0.1800,wor-active,311,0.017821907997131348,1.0
all,0.1800,wor-uniform,311,0.018455803394317627,1.0
all,0.1800,wor-active,312,0.016421020030975342,1.0
all,0.1800,wor-uniform,312,0.019711434841156006,1.0
all,0.1800,wor-active,313,0.015956401824951172,1.0
all,0.1800,wor-uniform,313,0.018870845437049866,1.0
all,0.1800,wor-active,314,0.01636815071105957,1.0
all,0.1800,wor-uniform,314,0.018983766436576843,1.0
all,0.1800,wor-active,315,0.01786009967327118,1.0
all,0.1800,wor-uniform,315,0.019132256507873535,1.0
all,0.1800,wor-active,316,0.016526877880096436,1.0
all,0.1800,wor-uniform,316,0.019109070301055908,1.0
all,0.1800,wor-active,317,0.01752370595932007,1.0
all,0.1800,wor-uniform,317,0.01941615343093872,1.0
all,0.1800,wor-active,318,0.0170908123254776,1.0
all,0.1800,wor-uniform,318,0.01910211145877838,1.0
all,0.1800,wor-active,319,0.01666998863220215,1.0
all,0.1800,wor-uniform,319,0.018843889236450195,1.0
all,0.1800,wor-active,320,0.016492068767547607,1.0
all,0.1800,wor-uniform,320,0.019292473793029785,1.0
all,0.1800,wor-active,321,0.01659184694290161,1.0
all,0.1800,wor-uniform,321,0.01925276219844818,1.0
all,0.1800,wor-active,322,0.017419621348381042,1.0
all,0.1800,wor-uniform,322,0.019157707691192627,1.0
all,0.1800,wor-active,323,0.016873598098754883,1.0
all,0.1800,wor-uniform,323,0.018883109092712402,1.0
all,0.1800,wor-active,324,0.017484009265899658,1.0
all,0.1800,wor-uniform,324,0.01905059814453125,1.0
all,0.1800,wor-active,325,0.01566004753112793,1.0
all,0.1800,wor-uniform,325,0.019266724586486816,1.0
all,0.1800,wor-active,326,0.017215371131896973,1.0
all,0.1800,wor-uniform,326,0.019268274307250977,1.0
all,0.1800,wor-active,327,0.01677042245864868,1.0
all,0.1800,wor-uniform,327,0.019105851650238037,1.0
all,0.1800,wor-active,328,0.016870558261871338,1.0
all,0.1800,wor-uniform,328,0.018909871578216553,1.0
all,0.1800,wor-active,329,0.017789125442504883,1.0
all,0.1800,wor-uniform,329,0.01896798610687256,1.0
all,0.1800,wor-active,330,0.016760170459747314,1.0
all,0.1800,wor-uniform,330,0.019883394241333008,1.0
all,0.1800,wor-active,331,0.01602354645729065,0.0
all,0.1800,wor-uniform,331,0.019140958786010742,1.0
all,0.1800,wor-active,332,0.017040491104125977,1.0
all,0.1800,wor-uniform,332,0.01969367265701294,1.0
all,0.1900,wor-active,0,0.01645141839981079,1.0
all,0.1900,wor-uniform,0,0.018561124801635742,1.0
all,0.1900,wor-active,1,0.014997243881225586,1.0
all,0.1900,wor-uniform,1,0.01857803761959076,1.0
all,0.1900,wor-active,2,0.0168609619140625,1.0
all,0.1900,wor-uniform,2,0.018123522400856018,1.0
all,0.1900,wor-active,3,0.01625525951385498,1.0
all,0.1900,wor-uniform,3,0.018745362758636475,1.0
all,0.1900,wor-active,4,0.016984641551971436,1.0
all,0.1900,wor-uniform,4,0.018559813499450684,1.0
all,0.1900,wor-active,5,0.015387311577796936,1.0
all,0.1900,wor-uniform,5,0.018629491329193115,1.0
all,0.1900,wor-active,6,0.01591092348098755,1.0
all,0.1900,wor-uniform,6,0.018921732902526855,1.0
all,0.1900,wor-active,7,0.01590961217880249,1.0
all,0.1900,wor-uniform,7,0.01841007173061371,1.0
all,0.1900,wor-active,8,0.016088902950286865,1.0
all,0.1900,wor-uniform,8,0.018851637840270996,1.0
all,0.1900,wor-active,9,0.01520790159702301,1.0
all,0.1900,wor-uniform,9,0.018544495105743408,1.0
all,0.1900,wor-active,10,0.01634877920150757,1.0
all,0.1900,wor-uniform,10,0.018640220165252686,1.0
all,0.1900,wor-active,11,0.015855371952056885,1.0
all,0.1900,wor-uniform,11,0.018421471118927002,1.0
all,0.1900,wor-active,12,0.016644716262817383,1.0
all,0.1900,wor-uniform,12,0.018598034977912903,1.0
all,0.1900,wor-active,13,0.016897156834602356,1.0
all,0.1900,wor-uniform,13,0.019095420837402344,1.0
all,0.1900,wor-active,14,0.015718400478363037,1.0
all,0.1900,wor-uniform,14,0.018611907958984375,1.0
all,0.1900,wor-active,15,0.017162203788757324,1.0
all,0.1900,wor-uniform,15,0.018853366374969482,1.0
all,0.1900,wor-active,16,0.017068028450012207,0.0
all,0.1900,wor-uniform,16,0.018463194370269775,1.0
all,0.1900,wor-active,17,0.015808045864105225,1.0
all,0.1900,wor-uniform,17,0.01781529188156128,1.0
all,0.1900,wor-active,18,0.016648471355438232,1.0
all,0.1900,wor-uniform,18,0.01861870288848877,1.0
all,0.1900,wor-active,19,0.016754508018493652,1.0
all,0.1900,wor-uniform,19,0.01888340711593628,1.0
all,0.1900,wor-active,20,0.01571221649646759,1.0
all,0.1900,wor-uniform,20,0.01871943473815918,1.0
all,0.1900,wor-active,21,0.01669466495513916,1.0
all,0.1900,wor-uniform,21,0.01847630739212036,1.0
all,0.1900,wor-active,22,0.015178382396697998,1.0
all,0.1900,wor-uniform,22,0.019150197505950928,1.0
all,0.1900,wor-active,23,0.016177117824554443,1.0
all,0.1900,wor-uniform,23,0.018099665641784668,1.0
all,0.1900,wor-active,24,0.017177820205688477,0.0
all,0.1900,wor-uniform,24,0.018872439861297607,1.0
all,0.1900,wor-active,25,0.015911385416984558,1.0
all,0.1900,wor-uniform,25,0.018608689308166504,1.0
all,0.1900,wor-active,26,0.016346275806427002,1.0
all,0.1900,wor-uniform,26,0.01896291971206665,1.0
all,0.1900,wor-active,27,0.015592917799949646,1.0
all,0.1900,wor-uniform,27,0.019020497798919678,1.0
all,0.1900,wor-active,28,0.015707552433013916,1.0
all,0.1900,wor-uniform,28,0.018610239028930664,1.0
all,0.1900,wor-active,29,0.01710689067840576,1.0
all,0.1900,wor-uniform,29,0.017987623810768127,1.0
all,0.1900,wor-active,30,0.016689181327819824,1.0
all,0.1900,wor-uniform,30,0.018252134323120117,1.0
all,0.1900,wor-active,31,0.015949487686157227,1.0
all,0.1900,wor-uniform,31,0.01837325096130371,1.0
all,0.1900,wor-active,32,0.015971899032592773,1.0
all,0.1900,wor-uniform,32,0.01806771755218506,1.0
all,0.1900,wor-active,33,0.01529836654663086,1.0
all,0.1900,wor-uniform,33,0.01872187852859497,1.0
all,0.1900,wor-active,34,0.01626431941986084,1.0
all,0.1900,wor-uniform,34,0.018545985221862793,1.0
all,0.1900,wor-active,35,0.01668304204940796,1.0
all,0.1900,wor-uniform,35,0.018965542316436768,1.0
all,0.1900,wor-active,36,0.0164220929145813,1.0
all,0.1900,wor-uniform,36,0.0183982253074646,1.0
all,0.1900,wor-active,37,0.016512274742126465,1.0
all,0.1900,wor-uniform,37,0.01837897300720215,1.0
all,0.1900,wor-active,38,0.016133248805999756,1.0
all,0.1900,wor-uniform,38,0.018736228346824646,1.0
all,0.1900,wor-active,39,0.01611804962158203,1.0
all,0.1900,wor-uniform,39,0.01829814910888672,1.0
all,0.1900,wor-active,40,0.01626032590866089,1.0
all,0.1900,wor-uniform,40,0.018767938017845154,1.0
all,0.1900,wor-active,41,0.016021862626075745,1.0
all,0.1900,wor-uniform,41,0.018390357494354248,1.0
all,0.1900,wor-active,42,0.015674173831939697,1.0
all,0.1900,wor-uniform,42,0.018669292330741882,1.0
all,0.1900,wor-active,43,0.015928924083709717,1.0
all,0.1900,wor-uniform,43,0.018408119678497314,1.0
all,0.1900,wor-active,44,0.016478300094604492,1.0
all,0.1900,wor-uniform,44,0.018140137195587158,1.0
all,0.1900,wor-active,45,0.016670405864715576,1.0
all,0.1900,wor-uniform,45,0.018618762493133545,1.0
all,0.1900,wor-active,46,0.016941964626312256,1.0
all,0.1900,wor-uniform,46,0.018113955855369568,1.0
all,0.1900,wor-active,47,0.016169488430023193,1.0
all,0.1900,wor-uniform,47,0.018884658813476562,1.0
all,0.1900,wor-active,48,0.016623258590698242,1.0
all,0.1900,wor-uniform,48,0.019028782844543457,1.0
all,0.1900,wor-active,49,0.01624751091003418,1.0
all,0.1900,wor-uniform,49,0.018365681171417236,1.0
all,0.1900,wor-active,50,0.017178356647491455,1.0
all,0.1900,wor-uniform,50,0.01835310459136963,1.0
all,0.1900,wor-active,51,0.01631748676300049,1.0
all,0.1900,wor-uniform,51,0.018631279468536377,1.0
all,0.1900,wor-active,52,0.01636505126953125,1.0
all,0.1900,wor-uniform,52,0.018958210945129395,1.0
all,0.1900,wor-active,53,0.0161324143409729,1.0
all,0.1900,wor-uniform,53,0.018127337098121643,1.0
all,0.1900,wor-active,54,0.016719043254852295,0.0
all,0.1900,wor-uniform,54,0.018696129322052002,1.0
all,0.1900,wor-active,55,0.01489102840423584,1.0
all,0.1900,wor-uniform,55,0.018486857414245605,1.0
all,0.1900,wor-active,56,0.016662418842315674,0.0
all,0.1900,wor-uniform,56,0.018714547157287598,1.0
all,0.1900,wor-active,57,0.01624681055545807,1.0
all,0.1900,wor-uniform,57,0.018743038177490234,1.0
all,0.1900,wor-active,58,0.016412734985351562,1.0
all,0.1900,wor-uniform,58,0.018701672554016113,1.0
all,0.1900,wor-active,59,0.015951335430145264,1.0
all,0.1900,wor-uniform,59,0.01862446963787079,1.0
all,0.1900,wor-active,60,0.016857504844665527,1.0
all,0.1900,wor-uniform,60,0.018504619598388672,1.0
all,0.1900,wor-active,61,0.016548454761505127,1.0
all,0.1900,wor-uniform,61,0.01890711486339569,1.0
all,0.1900,wor-active,62,0.015150725841522217,1.0
all,0.1900,wor-uniform,62,0.01776677370071411,1.0
all,0.1900,wor-active,63,0.01702636480331421,1.0
all,0.1900,wor-uniform,63,0.01851135492324829,1.0
all,0.1900,wor-active,64,0.015843570232391357,1.0
all,0.1900,wor-uniform,64,0.018566429615020752,1.0
all,0.1900,wor-active,65,0.016799628734588623,1.0
all,0.1900,wor-uniform,65,0.018335461616516113,1.0
all,0.1900,wor-active,66,0.016978517174720764,1.0
all,0.1900,wor-uniform,66,0.018418073654174805,1.0
all,0.1900,wor-active,67,0.016167879104614258,1.0
all,0.1900,wor-uniform,67,0.018775150179862976,1.0
all,0.1900,wor-active,68,0.016338825225830078,1.0
all,0.1900,wor-uniform,68,0.018464267253875732,1.0
all,0.1900,wor-active,69,0.016153156757354736,1.0
all,0.1900,wor-uniform,69,0.01895040273666382,0.0
all,0.1900,wor-active,70,0.01666259765625,1.0
all,0.1900,wor-uniform,70,0.01837635040283203,1.0
all,0.1900,wor-active,71,0.015709757804870605,1.0
all,0.1900,wor-uniform,71,0.018285274505615234,1.0
all,0.1900,wor-active,72,0.017351984977722168,0.0
all,0.1900,wor-uniform,72,0.018632233142852783,1.0
all,0.1900,wor-active,73,0.016437411308288574,1.0
all,0.1900,wor-uniform,73,0.01841491460800171,1.0
all,0.1900,wor-active,74,0.015865623950958252,1.0
all,0.1900,wor-uniform,74,0.018095239996910095,1.0
all,0.1900,wor-active,75,0.015792787075042725,1.0
all,0.1900,wor-uniform,75,0.018530964851379395,1.0
all,0.1900,wor-active,76,0.01557987928390503,1.0
all,0.1900,wor-uniform,76,0.019098401069641113,0.0
all,0.1900,wor-active,77,0.015745878219604492,1.0
all,0.1900,wor-uniform,77,0.018766462802886963,1.0
all,0.1900,wor-active,78,0.0163470059633255,1.0
all,0.1900,wor-uniform,78,0.01845763623714447,1.0
all,0.1900,wor-active,79,0.015979528427124023,1.0
all,0.1900,wor-uniform,79,0.018931448459625244,1.0
all,0.1900,wor-active,80,0.016116023063659668,0.0
all,0.1900,wor-uniform,80,0.018193796277046204,1.0
all,0.1900,wor-active,81,0.01616440713405609,1.0
all,0.1900,wor-uniform,81,0.01853722333908081,1.0
all,0.1900,wor-active,82,0.016620278358459473,1.0
all,0.1900,wor-uniform,82,0.01847153902053833,1.0
all,0.1900,wor-active,83,0.015736699104309082,1.0
all,0.1900,wor-uniform,83,0.01873999834060669,1.0
all,0.1900,wor-active,84,0.0174444317817688,1.0
all,0.1900,wor-uniform,84,0.019112825393676758,1.0
all,0.1900,wor-active,85,0.015237987041473389,1.0
all,0.1900,wor-uniform,85,0.018442392349243164,1.0
all,0.1900,wor-active,86,0.016972705721855164,1.0
all,0.1900,wor-uniform,86,0.018448248505592346,1.0
all,0.1900,wor-active,87,0.016530871391296387,1.0
all,0.1900,wor-uniform,87,0.018467843532562256,1.0
all,0.1900,wor-active,88,0.01587224006652832,1.0
all,0.1900,wor-uniform,88,0.018545031547546387,1.0
all,0.1900,wor-active,89,0.016613855957984924,1.0
all,0.1900,wor-uniform,89,0.018333792686462402,1.0
all,0.1900,wor-active,90,0.015141800045967102,1.0
all,0.1900,wor-uniform,90,0.018357932567596436,1.0
all,0.1900,wor-active,91,0.015794217586517334,1.0
all,0.1900,wor-uniform,91,0.018168851733207703,1.0
all,0.1900,wor-active,92,0.01628422737121582,1.0
all,0.1900,wor-uniform,92,0.01864832639694214,1.0
all,0.1900,wor-active,93,0.016683518886566162,1.0
all,0.1900,wor-uniform,93,0.018831968307495117,1.0
all,0.1900,wor-active,94,0.01750403642654419,0.0
all,0.1900,wor-uniform,94,0.018688201904296875,1.0
all,0.1900,wor-active,95,0.016233325004577637,1.0
all,0.1900,wor-uniform,95,0.01901020109653473,1.0
all,0.1900,wor-active,96,0.016105830669403076,1.0
all,0.1900,wor-uniform,96,0.018963858485221863,1.0
all,0.1900,wor-active,97,0.015796363353729248,1.0
all,0.1900,wor-uniform,97,0.018583282828330994,1.0
all,0.1900,wor-active,98,0.016908347606658936,0.0
all,0.1900,wor-uniform,98,0.018583595752716064,1.0
all,0.1900,wor-active,99,0.016426727175712585,1.0
all,0.1900,wor-uniform,99,0.018763184547424316,1.0
all,0.1900,wor-active,100,0.017016947269439697,1.0
all,0.1900,wor-uniform,100,0.018120288848876953,1.0
all,0.1900,wor-active,101,0.016390860080718994,1.0
all,0.1900,wor-uniform,101,0.018338024616241455,1.0
all,0.1900,wor-active,102,0.0167706161737442,1.0
all,0.1900,wor-uniform,102,0.018107473850250244,1.0
all,0.1900,wor-active,103,0.016369998455047607,1.0
all,0.1900,wor-uniform,103,0.01890355348587036,1.0
all,0.1900,wor-active,104,0.015602171421051025,1.0
all,0.1900,wor-uniform,104,0.018755555152893066,1.0
all,0.1900,wor-active,105,0.015443310141563416,1.0
all,0.1900,wor-uniform,105,0.01888483762741089,1.0
all,0.1900,wor-active,106,0.01672661304473877,1.0
all,0.1900,wor-uniform,106,0.01864832639694214,1.0
all,0.1900,wor-active,107,0.01592916250228882,1.0
all,0.1900,wor-uniform,107,0.01888960599899292,1.0
all,0.1900,wor-active,108,0.016962170600891113,1.0
all,0.1900,wor-uniform,108,0.018417418003082275,1.0
all,0.1900,wor-active,109,0.015778183937072754,1.0
all,0.1900,wor-uniform,109,0.017754778265953064,1.0
all,0.1900,wor-active,110,0.015362069010734558,1.0
all,0.1900,wor-uniform,110,0.018123090267181396,1.0
all,0.1900,wor-active,111,0.015935584902763367,1.0
all,0.1900,wor-uniform,111,0.01819978654384613,1.0
all,0.1900,wor-active,112,0.015645742416381836,1.0
all,0.1900,wor-uniform,112,0.01838541030883789,1.0
all,0.1900,wor-active,113,0.016484975814819336,1.0
all,0.1900,wor-uniform,113,0.018531978130340576,1.0
all,0.1900,wor-active,114,0.016591250896453857,1.0
all,0.1900,wor-uniform,114,0.01826484501361847,1.0
all,0.1900,wor-active,115,0.016966640949249268,1.0
all,0.1900,wor-uniform,115,0.018501505255699158,1.0
all,0.1900,wor-active,116,0.01579684019088745,1.0
all,0.1900,wor-uniform,116,0.01823294162750244,1.0
all,0.1900,wor-active,117,0.016307830810546875,1.0
all,0.1900,wor-uniform,117,0.018269836902618408,1.0
all,0.1900,wor-active,118,0.016186729073524475,1.0
all,0.1900,wor-uniform,118,0.018784701824188232,1.0
all,0.1900,wor-active,119,0.016270756721496582,1.0
all,0.1900,wor-uniform,119,0.01796543598175049,1.0
all,0.1900,wor-active,120,0.016040921211242676,1.0
all,0.1900,wor-uniform,120,0.018895745277404785,1.0
all,0.1900,wor-active,121,0.016423702239990234,1.0
all,0.1900,wor-uniform,121,0.018695473670959473,1.0
all,0.1900,wor-active,122,0.015703976154327393,1.0
all,0.1900,wor-uniform,122,0.018139377236366272,1.0
all,0.1900,wor-active,123,0.015124604105949402,1.0
all,0.1900,wor-uniform,123,0.018868863582611084,1.0
all,0.1900,wor-active,124,0.016084372997283936,1.0
all,0.1900,wor-uniform,124,0.018594205379486084,1.0
all,0.1900,wor-active,125,0.015941321849822998,0.0
all,0.1900,wor-uniform,125,0.018744289875030518,1.0
all,0.1900,wor-active,126,0.016220390796661377,1.0
all,0.1900,wor-uniform,126,0.01881009340286255,1.0
all,0.1900,wor-active,127,0.01596510410308838,1.0
all,0.1900,wor-uniform,127,0.01832999289035797,1.0
all,0.1900,wor-active,128,0.015490353107452393,1.0
all,0.1900,wor-uniform,128,0.01856541633605957,1.0
all,0.1900,wor-active,129,0.016790330410003662,1.0
all,0.1900,wor-uniform,129,0.01824331283569336,1.0
all,0.1900,wor-active,130,0.016889095306396484,1.0
all,0.1900,wor-uniform,130,0.018431231379508972,1.0
all,0.1900,wor-active,131,0.016315564513206482,1.0
all,0.1900,wor-uniform,131,0.01864553987979889,1.0
all,0.1900,wor-active,132,0.015818774700164795,1.0
all,0.1900,wor-uniform,132,0.01870758831501007,1.0
all,0.1900,wor-active,133,0.016238093376159668,1.0
all,0.1900,wor-uniform,133,0.018786609172821045,1.0
all,0.1900,wor-active,134,0.01656275987625122,1.0
all,0.1900,wor-uniform,134,0.018536508083343506,1.0
all,0.1900,wor-active,135,0.015720784664154053,1.0
all,0.1900,wor-uniform,135,0.018608033657073975,1.0
all,0.1900,wor-active,136,0.01618140935897827,0.0
all,0.1900,wor-uniform,136,0.018718913197517395,1.0
all,0.1900,wor-active,137,0.016375839710235596,1.0
all,0.1900,wor-uniform,137,0.01785445213317871,0.0
all,0.1900,wor-active,138,0.015452980995178223,1.0
all,0.1900,wor-uniform,138,0.018448054790496826,1.0
all,0.1900,wor-active,139,0.016411781311035156,1.0
all,0.1900,wor-uniform,139,0.01897042989730835,1.0
all,0.1900,wor-active,140,0.016779959201812744,1.0
all,0.1900,wor-uniform,140,0.018228530883789062,1.0
all,0.1900,wor-active,141,0.016245469450950623,1.0
all,0.1900,wor-uniform,141,0.01819676160812378,1.0
all,0.1900,wor-active,142,0.015708506107330322,1.0
all,0.1900,wor-uniform,142,0.018354341387748718,1.0
all,0.1900,wor-active,143,0.015991389751434326,1.0
all,0.1900,wor-uniform,143,0.018296003341674805,1.0
all,0.1900,wor-active,144,0.015102207660675049,1.0
all,0.1900,wor-uniform,144,0.018999874591827393,1.0
all,0.1900,wor-active,145,0.015804067254066467,1.0
all,0.1900,wor-uniform,145,0.018638983368873596,1.0
all,0.1900,wor-active,146,0.016257748007774353,1.0
all,0.1900,wor-uniform,146,0.018345355987548828,0.0
all,0.1900,wor-active,147,0.016550540924072266,1.0
all,0.1900,wor-uniform,147,0.0186731219291687,1.0
all,0.1900,wor-active,148,0.01644277572631836,1.0
all,0.1900,wor-uniform,148,0.018904387950897217,1.0
all,0.1900,wor-active,149,0.016534432768821716,1.0
all,0.1900,wor-uniform,149,0.01810532808303833,1.0
all,0.1900,wor-active,150,0.016275107860565186,1.0
all,0.1900,wor-uniform,150,0.01906043291091919,1.0
all,0.1900,wor-active,151,0.016499042510986328,1.0
all,0.1900,wor-uniform,151,0.01782292127609253,1.0
all,0.1900,wor-active,152,0.0152311772108078,1.0
all,0.1900,wor-uniform,152,0.01904088258743286,1.0
all,0.1900,wor-active,153,0.016597867012023926,1.0
all,0.1900,wor-uniform,153,0.019012153148651123,1.0
all,0.1900,wor-active,154,0.01578909158706665,1.0
all,0.1900,wor-uniform,154,0.018451645970344543,1.0
all,0.1900,wor-active,155,0.01706099510192871,1.0
all,0.1900,wor-uniform,155,0.018785536289215088,1.0
all,0.1900,wor-active,156,0.0170099139213562,1.0
all,0.1900,wor-uniform,156,0.01892763376235962,0.0
all,0.1900,wor-active,157,0.015590667724609375,1.0
all,0.1900,wor-uniform,157,0.018373966217041016,1.0
all,0.1900,wor-active,158,0.016857266426086426,1.0
all,0.1900,wor-uniform,158,0.01873636245727539,1.0
all,0.1900,wor-active,159,0.016421973705291748,1.0
all,0.1900,wor-uniform,159,0.018505945801734924,1.0
all,0.1900,wor-active,160,0.01701796054840088,1.0
all,0.1900,wor-uniform,160,0.018797695636749268,1.0
all,0.1900,wor-active,161,0.016242623329162598,1.0
all,0.1900,wor-uniform,161,0.018182337284088135,1.0
all,0.1900,wor-active,162,0.016050636768341064,1.0
all,0.1900,wor-uniform,162,0.01848679780960083,1.0
all,0.1900,wor-active,163,0.01587134599685669,1.0
all,0.1900,wor-uniform,163,0.018913567066192627,1.0
all,0.1900,wor-active,164,0.015713214874267578,1.0
all,0.1900,wor-uniform,164,0.01856982707977295,1.0
all,0.1900,wor-active,165,0.01587839424610138,1.0
all,0.1900,wor-uniform,165,0.018374904990196228,1.0
all,0.1900,wor-active,166,0.016565784811973572,1.0
all,0.1900,wor-uniform,166,0.01832723617553711,1.0
all,0.1900,wor-active,167,0.01638960838317871,1.0
all,0.1900,wor-uniform,167,0.018333613872528076,1.0
all,0.1900,wor-active,168,0.01588064432144165,1.0
all,0.1900,wor-uniform,168,0.018053770065307617,1.0
all,0.1900,wor-active,169,0.016645491123199463,0.0
all,0.1900,wor-uniform,169,0.018936172127723694,1.0
all,0.1900,wor-active,170,0.016290009021759033,1.0
all,0.1900,wor-uniform,170,0.018352821469306946,1.0
all,0.1900,wor-active,171,0.017120957374572754,1.0
all,0.1900,wor-uniform,171,0.01885610818862915,1.0
all,0.1900,wor-active,172,0.015700876712799072,1.0
all,0.1900,wor-uniform,172,0.01876145601272583,1.0
all,0.1900,wor-active,173,0.016335904598236084,1.0
all,0.1900,wor-uniform,173,0.018708229064941406,0.0
all,0.1900,wor-active,174,0.01660996675491333,1.0
all,0.1900,wor-uniform,174,0.018413960933685303,1.0
all,0.1900,wor-active,175,0.015999257564544678,1.0
all,0.1900,wor-uniform,175,0.01862698793411255,1.0
all,0.1900,wor-active,176,0.016989782452583313,1.0
all,0.1900,wor-uniform,176,0.018424928188323975,1.0
all,0.1900,wor-active,177,0.016324222087860107,1.0
all,0.1900,wor-uniform,177,0.017995119094848633,1.0
all,0.1900,wor-active,178,0.0159786194562912,1.0
all,0.1900,wor-uniform,178,0.01876610517501831,1.0
all,0.1900,wor-active,179,0.016713306307792664,1.0
all,0.1900,wor-uniform,179,0.018604755401611328,1.0
all,0.1900,wor-active,180,0.01658421754837036,1.0
all,0.1900,wor-uniform,180,0.018581032752990723,1.0
all,0.1900,wor-active,181,0.016826212406158447,1.0
all,0.1900,wor-uniform,181,0.018743574619293213,1.0
all,0.1900,wor-active,182,0.016778171062469482,1.0
all,0.1900,wor-uniform,182,0.01869361102581024,1.0
all,0.1900,wor-active,183,0.016119137406349182,1.0
all,0.1900,wor-uniform,183,0.018410563468933105,1.0
all,0.1900,wor-active,184,0.016091033816337585,1.0
all,0.1900,wor-uniform,184,0.018260061740875244,1.0
all,0.1900,wor-active,185,0.015987932682037354,1.0
all,0.1900,wor-uniform,185,0.018483296036720276,1.0
all,0.1900,wor-active,186,0.016094759106636047,1.0
all,0.1900,wor-uniform,186,0.018746793270111084,1.0
all,0.1900,wor-active,187,0.01619940996170044,1.0
all,0.1900,wor-uniform,187,0.017910480499267578,1.0
all,0.1900,wor-active,188,0.01714324951171875,1.0
all,0.1900,wor-uniform,188,0.018044888973236084,1.0
all,0.1900,wor-active,189,0.0169944167137146,1.0
all,0.1900,wor-uniform,189,0.018822669982910156,1.0
all,0.1900,wor-active,190,0.01578623056411743,0.0
all,0.1900,wor-uniform,190,0.018182337284088135,1.0
all,0.1900,wor-active,191,0.017091810703277588,1.0
all,0.1900,wor-uniform,191,0.018850073218345642,1.0
all,0.1900,wor-active,192,0.016885995864868164,1.0
all,0.1900,wor-uniform,192,0.018579721450805664,1.0
all,0.1900,wor-active,193,0.017253756523132324,1.0
all,0.1900,wor-uniform,193,0.018046677112579346,1.0
all,0.1900,wor-active,194,0.016446828842163086,1.0
all,0.1900,wor-uniform,194,0.01879221200942993,1.0
all,0.1900,wor-active,195,0.0163000226020813,1.0
all,0.1900,wor-uniform,195,0.018355607986450195,1.0
all,0.1900,wor-active,196,0.016268372535705566,1.0
all,0.1900,wor-uniform,196,0.017942234873771667,1.0
all,0.1900,wor-active,197,0.016376376152038574,1.0
all,0.1900,wor-uniform,197,0.01846235990524292,1.0
all,0.1900,wor-active,198,0.01648646593093872,1.0
all,0.1900,wor-uniform,198,0.018416404724121094,1.0
all,0.1900,wor-active,199,0.016444027423858643,1.0
all,0.1900,wor-uniform,199,0.01871347427368164,1.0
all,0.1900,wor-active,200,0.016565144062042236,0.0
all,0.1900,wor-uniform,200,0.018355146050453186,1.0
all,0.1900,wor-active,201,0.01567983627319336,1.0
all,0.1900,wor-uniform,201,0.018810153007507324,1.0
all,0.1900,wor-active,202,0.016384601593017578,1.0
all,0.1900,wor-uniform,202,0.019090235233306885,1.0
all,0.1900,wor-active,203,0.016403377056121826,1.0
all,0.1900,wor-uniform,203,0.018540069460868835,1.0
all,0.1900,wor-active,204,0.016701698303222656,1.0
all,0.1900,wor-uniform,204,0.018756940960884094,1.0
all,0.1900,wor-active,205,0.015765488147735596,1.0
all,0.1900,wor-uniform,205,0.01884317398071289,0.0
all,0.1900,wor-active,206,0.01579815149307251,1.0
all,0.1900,wor-uniform,206,0.018664896488189697,1.0
all,0.1900,wor-active,207,0.01625460386276245,1.0
all,0.1900,wor-uniform,207,0.018319308757781982,1.0
all,0.1900,wor-active,208,0.016498148441314697,1.0
all,0.1900,wor-uniform,208,0.01863759756088257,1.0
all,0.1900,wor-active,209,0.016250118613243103,1.0
all,0.1900,wor-uniform,209,0.018501877784729004,1.0
all,0.1900,wor-active,210,0.0158880352973938,1.0
all,0.1900,wor-uniform,210,0.01797330379486084,1.0
all,0.1900,wor-active,211,0.016968727111816406,1.0
all,0.1900,wor-uniform,211,0.01872384548187256,0.0
all,0.1900,wor-active,212,0.016076266765594482,1.0
all,0.1900,wor-uniform,212,0.01863408088684082,1.0
all,0.1900,wor-active,213,0.016306281089782715,1.0
all,0.1900,wor-uniform,213,0.018716633319854736,1.0
all,0.1900,wor-active,214,0.01568359136581421,1.0
all,0.1900,wor-uniform,214,0.018371403217315674,1.0
all,0.1900,wor-active,215,0.01602351665496826,1.0
all,0.1900,wor-uniform,215,0.01830965280532837,1.0
all,0.1900,wor-active,216,0.01624387502670288,1.0
all,0.1900,wor-uniform,216,0.018390968441963196,1.0
all,0.1900,wor-active,217,0.01599740982055664,1.0
all,0.1900,wor-uniform,217,0.018811896443367004,1.0
all,0.1900,wor-active,218,0.01616722345352173,1.0
all,0.1900,wor-uniform,218,0.017996907234191895,1.0
all,0.1900,wor-active,219,0.01621556282043457,1.0
all,0.1900,wor-uniform,219,0.018759354948997498,1.0
all,0.1900,wor-active,220,0.01585477590560913,1.0
all,0.1900,wor-uniform,220,0.01887112855911255,1.0
all,0.1900,wor-active,221,0.01650291681289673,1.0
all,0.1900,wor-uniform,221,0.018018662929534912,1.0
all,0.1900,wor-active,222,0.016652539372444153,0.0
all,0.1900,wor-uniform,222,0.01845759153366089,1.0
all,0.1900,wor-active,223,0.01629297435283661,1.0
all,0.1900,wor-uniform,223,0.017686888575553894,1.0
all,0.1900,wor-active,224,0.016889944672584534,1.0
all,0.1900,wor-uniform,224,0.018423080444335938,1.0
all,0.1900,wor-active,225,0.015962421894073486,1.0
all,0.1900,wor-uniform,225,0.018034279346466064,1.0
all,0.1900,wor-active,226,0.016360700130462646,1.0
all,0.1900,wor-uniform,226,0.018609821796417236,1.0
all,0.1900,wor-active,227,0.016705691814422607,1.0
all,0.1900,wor-uniform,227,0.019008278846740723,0.0
all,0.1900,wor-active,228,0.015432462096214294,1.0
all,0.1900,wor-uniform,228,0.018534362316131592,1.0
all,0.1900,wor-active,229,0.01599860191345215,1.0
all,0.1900,wor-uniform,229,0.01885908842086792,1.0
all,0.1900,wor-active,230,0.015761613845825195,1.0
all,0.1900,wor-uniform,230,0.018500685691833496,1.0
all,0.1900,wor-active,231,0.015338420867919922,1.0
all,0.1900,wor-uniform,231,0.018522202968597412,1.0
all,0.1900,wor-active,232,0.0169527530670166,0.0
all,0.1900,wor-uniform,232,0.018311798572540283,1.0
all,0.1900,wor-active,233,0.015069082379341125,1.0
all,0.1900,wor-uniform,233,0.018142342567443848,1.0
all,0.1900,wor-active,234,0.016163095831871033,1.0
all,0.1900,wor-uniform,234,0.01902073621749878,0.0
all,0.1900,wor-active,235,0.017158865928649902,1.0
all,0.1900,wor-uniform,235,0.01904129981994629,1.0
all,0.1900,wor-active,236,0.01607435941696167,1.0
all,0.1900,wor-uniform,236,0.019032835960388184,1.0
all,0.1900,wor-active,237,0.016912639141082764,1.0
all,0.1900,wor-uniform,237,0.01880033314228058,1.0
all,0.1900,wor-active,238,0.016238465905189514,1.0
all,0.1900,wor-uniform,238,0.018081963062286377,1.0
all,0.1900,wor-active,239,0.01695650815963745,1.0
all,0.1900,wor-uniform,239,0.018899500370025635,1.0
all,0.1900,wor-active,240,0.016373619437217712,1.0
all,0.1900,wor-uniform,240,0.019320666790008545,1.0
all,0.1900,wor-active,241,0.016323447227478027,1.0
all,0.1900,wor-uniform,241,0.018524348735809326,1.0
all,0.1900,wor-active,242,0.016913771629333496,1.0
all,0.1900,wor-uniform,242,0.018368110060691833,1.0
all,0.1900,wor-active,243,0.016008809208869934,1.0
all,0.1900,wor-uniform,243,0.018905162811279297,1.0
all,0.1900,wor-active,244,0.016256511211395264,1.0
all,0.1900,wor-uniform,244,0.018397510051727295,0.0
all,0.1900,wor-active,245,0.01605665683746338,1.0
all,0.1900,wor-uniform,245,0.0185164213180542,1.0
all,0.1900,wor-active,246,0.01799166202545166,1.0
all,0.1900,wor-uniform,246,0.018204689025878906,1.0
all,0.1900,wor-active,247,0.014833033084869385,1.0
all,0.1900,wor-uniform,247,0.017947018146514893,1.0
all,0.1900,wor-active,248,0.016228914260864258,1.0
all,0.1900,wor-uniform,248,0.018503770232200623,1.0
all,0.1900,wor-active,249,0.01580512523651123,1.0
all,0.1900,wor-uniform,249,0.01877880096435547,1.0
all,0.1900,wor-active,250,0.016097605228424072,1.0
all,0.1900,wor-uniform,250,0.01817333698272705,1.0
all,0.1900,wor-active,251,0.016224920749664307,1.0
all,0.1900,wor-uniform,251,0.01806342601776123,1.0
all,0.1900,wor-active,252,0.01654881238937378,1.0
all,0.1900,wor-uniform,252,0.017999351024627686,1.0
all,0.1900,wor-active,253,0.016378700733184814,1.0
all,0.1900,wor-uniform,253,0.01837654411792755,1.0
all,0.1900,wor-active,254,0.016580581665039062,1.0
all,0.1900,wor-uniform,254,0.01862037181854248,1.0
all,0.1900,wor-active,255,0.015179410576820374,1.0
all,0.1900,wor-uniform,255,0.01846945285797119,1.0
all,0.1900,wor-active,256,0.01649649441242218,1.0
all,0.1900,wor-uniform,256,0.01804119348526001,1.0
all,0.1900,wor-active,257,0.016726374626159668,1.0
all,0.1900,wor-uniform,257,0.01855289936065674,1.0
all,0.1900,wor-active,258,0.016906678676605225,1.0
all,0.1900,wor-uniform,258,0.018223583698272705,1.0
all,0.1900,wor-active,259,0.017621397972106934,0.0
all,0.1900,wor-uniform,259,0.018225669860839844,1.0
all,0.1900,wor-active,260,0.01626819372177124,1.0
all,0.1900,wor-uniform,260,0.017986848950386047,1.0
all,0.1900,wor-active,261,0.01632833480834961,1.0
all,0.1900,wor-uniform,261,0.018143609166145325,0.0
all,0.1900,wor-active,262,0.016199469566345215,1.0
all,0.1900,wor-uniform,262,0.01842653751373291,1.0
all,0.1900,wor-active,263,0.016894757747650146,1.0
all,0.1900,wor-uniform,263,0.018607914447784424,1.0
all,0.1900,wor-active,264,0.016089022159576416,1.0
all,0.1900,wor-uniform,264,0.01799754798412323,1.0
all,0.1900,wor-active,265,0.015636876225471497,1.0
all,0.1900,wor-uniform,265,0.017969205975532532,1.0
all,0.1900,wor-active,266,0.015486657619476318,1.0
all,0.1900,wor-uniform,266,0.018485605716705322,1.0
all,0.1900,wor-active,267,0.01653468608856201,1.0
all,0.1900,wor-uniform,267,0.01872551441192627,1.0
all,0.1900,wor-active,268,0.015621379017829895,1.0
all,0.1900,wor-uniform,268,0.017737269401550293,1.0
all,0.1900,wor-active,269,0.016114771366119385,1.0
all,0.1900,wor-uniform,269,0.01801896095275879,1.0
all,0.1900,wor-active,270,0.01585245132446289,1.0
all,0.1900,wor-uniform,270,0.018892884254455566,1.0
all,0.1900,wor-active,271,0.015392139554023743,1.0
all,0.1900,wor-uniform,271,0.01903700828552246,1.0
all,0.1900,wor-active,272,0.01615196466445923,1.0
all,0.1900,wor-uniform,272,0.01890873908996582,1.0
all,0.1900,wor-active,273,0.01679837703704834,1.0
all,0.1900,wor-uniform,273,0.018512800335884094,1.0
all,0.1900,wor-active,274,0.016076862812042236,1.0
all,0.1900,wor-uniform,274,0.019002094864845276,1.0
all,0.1900,wor-active,275,0.016562283039093018,1.0
all,0.1900,wor-uniform,275,0.018860697746276855,1.0
all,0.1900,wor-active,276,0.016823410987854004,1.0
all,0.1900,wor-uniform,276,0.017971649765968323,0.0
all,0.1900,wor-active,277,0.016606450080871582,1.0
all,0.1900,wor-uniform,277,0.018975138664245605,1.0
all,0.1900,wor-active,278,0.01532590389251709,1.0
all,0.1900,wor-uniform,278,0.018331527709960938,1.0
all,0.1900,wor-active,279,0.016347885131835938,1.0
all,0.1900,wor-uniform,279,0.01923578977584839,1.0
all,0.1900,wor-active,280,0.016523122787475586,1.0
all,0.1900,wor-uniform,280,0.01844412088394165,1.0
all,0.1900,wor-active,281,0.015012621879577637,0.0
all,0.1900,wor-uniform,281,0.01860363781452179,1.0
all,0.1900,wor-active,282,0.01631486415863037,1.0
all,0.1900,wor-uniform,282,0.01844841241836548,1.0
all,0.1900,wor-active,283,0.015922129154205322,1.0
all,0.1900,wor-uniform,283,0.018942654132843018,1.0
all,0.1900,wor-active,284,0.01579183340072632,1.0
all,0.1900,wor-uniform,284,0.018458768725395203,1.0
all,0.1900,wor-active,285,0.016314446926116943,1.0
all,0.1900,wor-uniform,285,0.018930017948150635,1.0
all,0.1900,wor-active,286,0.016382038593292236,1.0
all,0.1900,wor-uniform,286,0.0189221054315567,1.0
all,0.1900,wor-active,287,0.016982734203338623,1.0
all,0.1900,wor-uniform,287,0.018148422241210938,1.0
all,0.1900,wor-active,288,0.016258418560028076,1.0
all,0.1900,wor-uniform,288,0.01853322982788086,1.0
all,0.1900,wor-active,289,0.01601111888885498,1.0
all,0.1900,wor-uniform,289,0.018387317657470703,1.0
all,0.1900,wor-active,290,0.01614201068878174,1.0
all,0.1900,wor-uniform,290,0.018529891967773438,1.0
all,0.1900,wor-active,291,0.016137659549713135,1.0
all,0.1900,wor-uniform,291,0.01821911334991455,1.0
all,0.1900,wor-active,292,0.017322435975074768,1.0
all,0.1900,wor-uniform,292,0.0189933180809021,1.0
all,0.1900,wor-active,293,0.016818642616271973,1.0
all,0.1900,wor-uniform,293,0.01794913411140442,0.0
all,0.1900,wor-active,294,0.016948401927947998,1.0
all,0.1900,wor-uniform,294,0.0183640718460083,1.0
all,0.1900,wor-active,295,0.016909301280975342,1.0
all,0.1900,wor-uniform,295,0.018606603145599365,1.0
all,0.1900,wor-active,296,0.017027556896209717,1.0
all,0.1900,wor-uniform,296,0.01856750249862671,1.0
all,0.1900,wor-active,297,0.016478896141052246,1.0
all,0.1900,wor-uniform,297,0.019072651863098145,1.0
all,0.1900,wor-active,298,0.016825079917907715,1.0
all,0.1900,wor-uniform,298,0.018508315086364746,1.0
all,0.1900,wor-active,299,0.01604682207107544,1.0
all,0.1900,wor-uniform,299,0.018611252307891846,1.0
all,0.1900,wor-active,300,0.015568926930427551,1.0
all,0.1900,wor-uniform,300,0.018152177333831787,1.0
all,0.1900,wor-active,301,0.01635974645614624,1.0
all,0.1900,wor-uniform,301,0.01849430799484253,1.0
all,0.1900,wor-active,302,0.016567766666412354,1.0
all,0.1900,wor-uniform,302,0.018745481967926025,1.0
all,0.1900,wor-active,303,0.01617199182510376,1.0
all,0.1900,wor-uniform,303,0.018882334232330322,1.0
all,0.1900,wor-active,304,0.017070412635803223,1.0
all,0.1900,wor-uniform,304,0.018732964992523193,1.0
all,0.1900,wor-active,305,0.015266552567481995,1.0
all,0.1900,wor-uniform,305,0.0183323472738266,0.0
all,0.1900,wor-active,306,0.01673436164855957,1.0
all,0.1900,wor-uniform,306,0.018360376358032227,1.0
all,0.1900,wor-active,307,0.016301393508911133,1.0
all,0.1900,wor-uniform,307,0.01876777410507202,1.0
all,0.1900,wor-active,308,0.01612614095211029,1.0
all,0.1900,wor-uniform,308,0.018434464931488037,1.0
all,0.1900,wor-active,309,0.016476154327392578,1.0
all,0.1900,wor-uniform,309,0.017635107040405273,1.0
all,0.1900,wor-active,310,0.015813827514648438,1.0
all,0.1900,wor-uniform,310,0.018608152866363525,1.0
all,0.1900,wor-active,311,0.016721725463867188,1.0
all,0.1900,wor-uniform,311,0.018471181392669678,1.0
all,0.1900,wor-active,312,0.016159817576408386,1.0
all,0.1900,wor-uniform,312,0.01816922426223755,1.0
all,0.1900,wor-active,313,0.016002357006072998,1.0
all,0.1900,wor-uniform,313,0.018643498420715332,1.0
all,0.1900,wor-active,314,0.015993133187294006,1.0
all,0.1900,wor-uniform,314,0.019187510013580322,0.0
all,0.1900,wor-active,315,0.01633937656879425,1.0
all,0.1900,wor-uniform,315,0.018646374344825745,1.0
all,0.1900,wor-active,316,0.016737401485443115,1.0
all,0.1900,wor-uniform,316,0.01811186969280243,1.0
all,0.1900,wor-active,317,0.016770362854003906,1.0
all,0.1900,wor-uniform,317,0.01868152618408203,1.0
all,0.1900,wor-active,318,0.01652628183364868,1.0
all,0.1900,wor-uniform,318,0.017821207642555237,1.0
all,0.1900,wor-active,319,0.017139792442321777,1.0
all,0.1900,wor-uniform,319,0.019091904163360596,1.0
all,0.1900,wor-active,320,0.016340672969818115,1.0
all,0.1900,wor-uniform,320,0.01862482726573944,1.0
all,0.1900,wor-active,321,0.01594257354736328,1.0
all,0.1900,wor-uniform,321,0.018302202224731445,1.0
all,0.1900,wor-active,322,0.016857489943504333,1.0
all,0.1900,wor-uniform,322,0.01823192834854126,1.0
all,0.1900,wor-active,323,0.014673292636871338,0.0
all,0.1900,wor-uniform,323,0.01887136697769165,1.0
all,0.1900,wor-active,324,0.01687045395374298,1.0
all,0.1900,wor-uniform,324,0.018152236938476562,1.0
all,0.1900,wor-active,325,0.016279637813568115,1.0
all,0.1900,wor-uniform,325,0.01830841600894928,1.0
all,0.1900,wor-active,326,0.016102254390716553,1.0
all,0.1900,wor-uniform,326,0.018025875091552734,1.0
all,0.1900,wor-active,327,0.016135990619659424,1.0
all,0.1900,wor-uniform,327,0.01766812801361084,1.0
all,0.1900,wor-active,328,0.01670891046524048,1.0
all,0.1900,wor-uniform,328,0.018716514110565186,1.0
all,0.1900,wor-active,329,0.016637563705444336,1.0
all,0.1900,wor-uniform,329,0.018090367317199707,1.0
all,0.1900,wor-active,330,0.016800522804260254,1.0
all,0.1900,wor-uniform,330,0.01901473104953766,1.0
all,0.1900,wor-active,331,0.01569552719593048,1.0
all,0.1900,wor-uniform,331,0.018314912915229797,1.0
all,0.1900,wor-active,332,0.015283644199371338,1.0
all,0.1900,wor-uniform,332,0.018261030316352844,1.0
all,0.2000,wor-active,0,0.015432670712471008,1.0
all,0.2000,wor-uniform,0,0.017972111701965332,1.0
all,0.2000,wor-active,1,0.014922678470611572,1.0
all,0.2000,wor-uniform,1,0.017935410141944885,1.0
all,0.2000,wor-active,2,0.015883684158325195,1.0
all,0.2000,wor-uniform,2,0.018068790435791016,1.0
all,0.2000,wor-active,3,0.01700669527053833,1.0
all,0.2000,wor-uniform,3,0.018016204237937927,1.0
all,0.2000,wor-active,4,0.015948131680488586,1.0
all,0.2000,wor-uniform,4,0.01732271909713745,1.0
all,0.2000,wor-active,5,0.014943644404411316,0.0
all,0.2000,wor-uniform,5,0.018256843090057373,1.0
all,0.2000,wor-active,6,0.015128791332244873,1.0
all,0.2000,wor-uniform,6,0.018072053790092468,1.0
all,0.2000,wor-active,7,0.01600867509841919,1.0
all,0.2000,wor-uniform,7,0.017897069454193115,1.0
all,0.2000,wor-active,8,0.016517937183380127,1.0
all,0.2000,wor-uniform,8,0.01829451322555542,1.0
all,0.2000,wor-active,9,0.016047775745391846,1.0
all,0.2000,wor-uniform,9,0.018100738525390625,1.0
all,0.2000,wor-active,10,0.01605546474456787,1.0
all,0.2000,wor-uniform,10,0.017906010150909424,1.0
all,0.2000,wor-active,11,0.01536695659160614,1.0
all,0.2000,wor-uniform,11,0.01787090301513672,1.0
all,0.2000,wor-active,12,0.01594226062297821,1.0
all,0.2000,wor-uniform,12,0.018107712268829346,1.0
all,0.2000,wor-active,13,0.015785500407218933,1.0
all,0.2000,wor-uniform,13,0.018112897872924805,1.0
all,0.2000,wor-active,14,0.015162989497184753,1.0
all,0.2000,wor-uniform,14,0.018145084381103516,1.0
all,0.2000,wor-active,15,0.015611112117767334,0.0
all,0.2000,wor-uniform,15,0.01796877384185791,1.0
all,0.2000,wor-active,16,0.01519078016281128,1.0
all,0.2000,wor-uniform,16,0.018567383289337158,1.0
all,0.2000,wor-active,17,0.016765296459197998,1.0
all,0.2000,wor-uniform,17,0.01897495985031128,1.0
all,0.2000,wor-active,18,0.01663053035736084,1.0
all,0.2000,wor-uniform,18,0.018168509006500244,1.0
all,0.2000,wor-active,19,0.016045331954956055,1.0
all,0.2000,wor-uniform,19,0.018269076943397522,1.0
all,0.2000,wor-active,20,0.01577824354171753,1.0
all,0.2000,wor-uniform,20,0.017458796501159668,1.0
all,0.2000,wor-active,21,0.015635013580322266,1.0
all,0.2000,wor-uniform,21,0.017503201961517334,1.0
all,0.2000,wor-active,22,0.015650689601898193,1.0
all,0.2000,wor-uniform,22,0.017998382449150085,1.0
all,0.2000,wor-active,23,0.01635134220123291,1.0
all,0.2000,wor-uniform,23,0.017790377140045166,1.0
all,0.2000,wor-active,24,0.01623326539993286,1.0
all,0.2000,wor-uniform,24,0.018213734030723572,1.0
all,0.2000,wor-active,25,0.014756456017494202,1.0
all,0.2000,wor-uniform,25,0.017916440963745117,1.0
all,0.2000,wor-active,26,0.015672802925109863,1.0
all,0.2000,wor-uniform,26,0.01793558895587921,1.0
all,0.2000,wor-active,27,0.015491306781768799,1.0
all,0.2000,wor-uniform,27,0.017708659172058105,1.0
all,0.2000,wor-active,28,0.015004143118858337,1.0
all,0.2000,wor-uniform,28,0.017653167247772217,1.0
all,0.2000,wor-active,29,0.014994204044342041,1.0
all,0.2000,wor-uniform,29,0.01781223714351654,1.0
all,0.2000,wor-active,30,0.014935553073883057,1.0
all,0.2000,wor-uniform,30,0.017600834369659424,0.0
all,0.2000,wor-active,31,0.016779601573944092,1.0
all,0.2000,wor-uniform,31,0.017466068267822266,0.0
all,0.2000,wor-active,32,0.014935135841369629,1.0
all,0.2000,wor-uniform,32,0.01791602373123169,1.0
all,0.2000,wor-active,33,0.014110088348388672,1.0
all,0.2000,wor-uniform,33,0.01814579963684082,1.0
all,0.2000,wor-active,34,0.015825271606445312,1.0
all,0.2000,wor-uniform,34,0.017664670944213867,1.0
all,0.2000,wor-active,35,0.015950694680213928,1.0
all,0.2000,wor-uniform,35,0.018148422241210938,1.0
all,0.2000,wor-active,36,0.01574110984802246,1.0
all,0.2000,wor-uniform,36,0.018545150756835938,1.0
all,0.2000,wor-active,37,0.016695916652679443,1.0
all,0.2000,wor-uniform,37,0.01790034770965576,1.0
all,0.2000,wor-active,38,0.016006886959075928,1.0
all,0.2000,wor-uniform,38,0.017785057425498962,1.0
all,0.2000,wor-active,39,0.015545427799224854,1.0
all,0.2000,wor-uniform,39,0.01778256893157959,1.0
all,0.2000,wor-active,40,0.016346275806427002,1.0
all,0.2000,wor-uniform,40,0.017880797386169434,1.0
all,0.2000,wor-active,41,0.016044020652770996,1.0
all,0.2000,wor-uniform,41,0.018081367015838623,1.0
all,0.2000,wor-active,42,0.015270411968231201,1.0
all,0.2000,wor-uniform,42,0.017715811729431152,1.0
all,0.2000,wor-active,43,0.015245631337165833,1.0
all,0.2000,wor-uniform,43,0.018110692501068115,1.0
all,0.2000,wor-active,44,0.016356289386749268,1.0
all,0.2000,wor-uniform,44,0.018003344535827637,1.0
all,0.2000,wor-active,45,0.016138136386871338,1.0
all,0.2000,wor-uniform,45,0.01862025260925293,1.0
all,0.2000,wor-active,46,0.014944374561309814,1.0
all,0.2000,wor-uniform,46,0.018309414386749268,1.0
all,0.2000,wor-active,47,0.015827834606170654,1.0
all,0.2000,wor-uniform,47,0.01810765266418457,1.0
all,0.2000,wor-active,48,0.016566812992095947,1.0
all,0.2000,wor-uniform,48,0.01724874973297119,1.0
all,0.2000,wor-active,49,0.016727566719055176,1.0
all,0.2000,wor-uniform,49,0.017661750316619873,1.0
all,0.2000,wor-active,50,0.015584051609039307,1.0
all,0.2000,wor-uniform,50,0.017886757850646973,1.0
all,0.2000,wor-active,51,0.01628965139389038,1.0
all,0.2000,wor-uniform,51,0.01817268133163452,1.0
all,0.2000,wor-active,52,0.014718830585479736,1.0
all,0.2000,wor-uniform,52,0.01756870746612549,1.0
all,0.2000,wor-active,53,0.015214800834655762,1.0
all,0.2000,wor-uniform,53,0.018425166606903076,1.0
all,0.2000,wor-active,54,0.015109777450561523,1.0
all,0.2000,wor-uniform,54,0.01802736520767212,1.0
all,0.2000,wor-active,55,0.015629470348358154,1.0
all,0.2000,wor-uniform,55,0.018111348152160645,1.0
all,0.2000,wor-active,56,0.016255781054496765,1.0
all,0.2000,wor-uniform,56,0.01847928762435913,1.0
all,0.2000,wor-active,57,0.015826940536499023,1.0
all,0.2000,wor-uniform,57,0.018267929553985596,1.0
all,0.2000,wor-active,58,0.014872744679450989,1.0
all,0.2000,wor-uniform,58,0.017870619893074036,1.0
all,0.2000,wor-active,59,0.016011953353881836,1.0
all,0.2000,wor-uniform,59,0.01743219792842865,1.0
all,0.2000,wor-active,60,0.01549278199672699,1.0
all,0.2000,wor-uniform,60,0.018346071243286133,1.0
all,0.2000,wor-active,61,0.015772521495819092,1.0
all,0.2000,wor-uniform,61,0.017271265387535095,1.0
all,0.2000,wor-active,62,0.016419947147369385,1.0
all,0.2000,wor-uniform,62,0.017729133367538452,0.0
all,0.2000,wor-active,63,0.01577538251876831,1.0
all,0.2000,wor-uniform,63,0.017805278301239014,0.0
all,0.2000,wor-active,64,0.015705227851867676,1.0
all,0.2000,wor-uniform,64,0.018173113465309143,1.0
all,0.2000,wor-active,65,0.0159757137298584,1.0
all,0.2000,wor-uniform,65,0.018179774284362793,1.0
all,0.2000,wor-active,66,0.01572704315185547,1.0
all,0.2000,wor-uniform,66,0.01846998929977417,1.0
all,0.2000,wor-active,67,0.015353381633758545,1.0
all,0.2000,wor-uniform,67,0.01782800257205963,1.0
all,0.2000,wor-active,68,0.016050994396209717,1.0
all,0.2000,wor-uniform,68,0.017725110054016113,1.0
all,0.2000,wor-active,69,0.014780387282371521,1.0
all,0.2000,wor-uniform,69,0.017931997776031494,1.0
all,0.2000,wor-active,70,0.014570966362953186,1.0
all,0.2000,wor-uniform,70,0.01802210509777069,1.0
all,0.2000,wor-active,71,0.015642940998077393,1.0
all,0.2000,wor-uniform,71,0.01785607635974884,1.0
all,0.2000,wor-active,72,0.016207098960876465,1.0
all,0.2000,wor-uniform,72,0.018028676509857178,1.0
all,0.2000,wor-active,73,0.015550971031188965,1.0
all,0.2000,wor-uniform,73,0.017884135246276855,1.0
all,0.2000,wor-active,74,0.016626298427581787,0.0
all,0.2000,wor-uniform,74,0.01827263832092285,1.0
all,0.2000,wor-active,75,0.01569908857345581,1.0
all,0.2000,wor-uniform,75,0.018165946006774902,1.0
all,0.2000,wor-active,76,0.015548110008239746,1.0
all,0.2000,wor-uniform,76,0.017349258065223694,1.0
all,0.2000,wor-active,77,0.016049206256866455,1.0
all,0.2000,wor-uniform,77,0.017794489860534668,1.0
all,0.2000,wor-active,78,0.01567894220352173,1.0
all,0.2000,wor-uniform,78,0.01773315668106079,1.0
all,0.2000,wor-active,79,0.015659570693969727,1.0
all,0.2000,wor-uniform,79,0.018422484397888184,1.0
all,0.2000,wor-active,80,0.0157889723777771,1.0
all,0.2000,wor-uniform,80,0.018332302570343018,1.0
all,0.2000,wor-active,81,0.015698492527008057,1.0
all,0.2000,wor-uniform,81,0.017850831151008606,1.0
all,0.2000,wor-active,82,0.0158197283744812,1.0
all,0.2000,wor-uniform,82,0.017662405967712402,1.0
all,0.2000,wor-active,83,0.01501619815826416,1.0
all,0.2000,wor-uniform,83,0.0178060382604599,1.0
all,0.2000,wor-active,84,0.015621006488800049,1.0
all,0.2000,wor-uniform,84,0.01795172691345215,0.0
all,0.2000,wor-active,85,0.01604229211807251,1.0
all,0.2000,wor-uniform,85,0.017443135380744934,1.0
all,0.2000,wor-active,86,0.015826106071472168,1.0
all,0.2000,wor-uniform,86,0.017951607704162598,1.0
all,0.2000,wor-active,87,0.015816807746887207,1.0
all,0.2000,wor-uniform,87,0.017795145511627197,1.0
all,0.2000,wor-active,88,0.01515042781829834,1.0
all,0.2000,wor-uniform,88,0.018503248691558838,1.0
all,0.2000,wor-active,89,0.016168177127838135,1.0
all,0.2000,wor-uniform,89,0.018329858779907227,1.0
all,0.2000,wor-active,90,0.01605898141860962,1.0
all,0.2000,wor-uniform,90,0.018473908305168152,1.0
all,0.2000,wor-active,91,0.01562589406967163,1.0
all,0.2000,wor-uniform,91,0.018061816692352295,1.0
all,0.2000,wor-active,92,0.015803635120391846,1.0
all,0.2000,wor-uniform,92,0.018360376358032227,1.0
all,0.2000,wor-active,93,0.01593947410583496,1.0
all,0.2000,wor-uniform,93,0.018145501613616943,1.0
all,0.2000,wor-active,94,0.01586669683456421,1.0
all,0.2000,wor-uniform,94,0.01797431707382202,1.0
all,0.2000,wor-active,95,0.015520691871643066,1.0
all,0.2000,wor-uniform,95,0.01830059289932251,1.0
all,0.2000,wor-active,96,0.016014397144317627,1.0
all,0.2000,wor-uniform,96,0.01803678274154663,1.0
all,0.2000,wor-active,97,0.016888201236724854,1.0
all,0.2000,wor-uniform,97,0.018057405948638916,0.0
all,0.2000,wor-active,98,0.016393542289733887,1.0
all,0.2000,wor-uniform,98,0.017770707607269287,1.0
all,0.2000,wor-active,99,0.01645714044570923,1.0
all,0.2000,wor-uniform,99,0.017833828926086426,1.0
all,0.2000,wor-active,100,0.016898632049560547,0.0
all,0.2000,wor-uniform,100,0.017935872077941895,1.0
all,0.2000,wor-active,101,0.015992462635040283,0.0
all,0.2000,wor-uniform,101,0.01809440553188324,1.0
all,0.2000,wor-active,102,0.016452372074127197,1.0
all,0.2000,wor-uniform,102,0.017853140830993652,1.0
all,0.2000,wor-active,103,0.015933096408843994,1.0
all,0.2000,wor-uniform,103,0.017545118927955627,1.0
all,0.2000,wor-active,104,0.015958130359649658,0.0
all,0.2000,wor-uniform,104,0.01824277639389038,1.0
all,0.2000,wor-active,105,0.015124574303627014,1.0
all,0.2000,wor-uniform,105,0.01859360933303833,1.0
all,0.2000,wor-active,106,0.015958189964294434,1.0
all,0.2000,wor-uniform,106,0.017557740211486816,1.0
all,0.2000,wor-active,107,0.016397416591644287,1.0
all,0.2000,wor-uniform,107,0.018092691898345947,1.0
all,0.2000,wor-active,108,0.01522129774093628,1.0
all,0.2000,wor-uniform,108,0.017982006072998047,1.0
all,0.2000,wor-active,109,0.015461087226867676,1.0
all,0.2000,wor-uniform,109,0.017619729042053223,1.0
all,0.2000,wor-active,110,0.015834689140319824,1.0
all,0.2000,wor-uniform,110,0.01799541711807251,1.0
all,0.2000,wor-active,111,0.016062557697296143,1.0
all,0.2000,wor-uniform,111,0.017860591411590576,1.0
all,0.2000,wor-active,112,0.016334474086761475,1.0
all,0.2000,wor-uniform,112,0.01732124388217926,1.0
all,0.2000,wor-active,113,0.016651809215545654,1.0
all,0.2000,wor-uniform,113,0.017962396144866943,1.0
all,0.2000,wor-active,114,0.015378952026367188,1.0
all,0.2000,wor-uniform,114,0.017712652683258057,1.0
all,0.2000,wor-active,115,0.01614147424697876,1.0
all,0.2000,wor-uniform,115,0.017725646495819092,1.0
all,0.2000,wor-active,116,0.015846848487854004,1.0
all,0.2000,wor-uniform,116,0.018207192420959473,1.0
all,0.2000,wor-active,117,0.015034198760986328,1.0
all,0.2000,wor-uniform,117,0.017779245972633362,1.0
all,0.2000,wor-active,118,0.01568455994129181,1.0
all,0.2000,wor-uniform,118,0.018331706523895264,1.0
all,0.2000,wor-active,119,0.015298187732696533,1.0
all,0.2000,wor-uniform,119,0.018136560916900635,1.0
all,0.2000,wor-active,120,0.014597296714782715,1.0
all,0.2000,wor-uniform,120,0.01794677972793579,1.0
all,0.2000,wor-active,121,0.015095174312591553,1.0
all,0.2000,wor-uniform,121,0.018115997314453125,1.0
all,0.2000,wor-active,122,0.015701591968536377,1.0
all,0.2000,wor-uniform,122,0.018423259258270264,1.0
all,0.2000,wor-active,123,0.015214681625366211,1.0
all,0.2000,wor-uniform,123,0.01815420389175415,1.0
all,0.2000,wor-active,124,0.015030816197395325,1.0
all,0.2000,wor-uniform,124,0.018336892127990723,1.0
all,0.2000,wor-active,125,0.016573786735534668,1.0
all,0.2000,wor-uniform,125,0.018143415451049805,1.0
all,0.2000,wor-active,126,0.015268445014953613,1.0
all,0.2000,wor-uniform,126,0.01786673069000244,1.0
all,0.2000,wor-active,127,0.01624976098537445,1.0
all,0.2000,wor-uniform,127,0.01737356185913086,1.0
all,0.2000,wor-active,128,0.015865758061408997,1.0
all,0.2000,wor-uniform,128,0.01796698570251465,1.0
all,0.2000,wor-active,129,0.016958892345428467,0.0
all,0.2000,wor-uniform,129,0.017715811729431152,1.0
all,0.2000,wor-active,130,0.015952467918395996,1.0
all,0.2000,wor-uniform,130,0.018449068069458008,1.0
all,0.2000,wor-active,131,0.014877155423164368,1.0
all,0.2000,wor-uniform,131,0.018495142459869385,1.0
all,0.2000,wor-active,132,0.016168057918548584,1.0
all,0.2000,wor-uniform,132,0.018265962600708008,1.0
all,0.2000,wor-active,133,0.01625804603099823,1.0
all,0.2000,wor-uniform,133,0.017747819423675537,1.0
all,0.2000,wor-active,134,0.01591712236404419,1.0
all,0.2000,wor-uniform,134,0.0180588960647583,1.0
all,0.2000,wor-active,135,0.015962541103363037,1.0
all,0.2000,wor-uniform,135,0.01811598241329193,1.0
all,0.2000,wor-active,136,0.015651047229766846,1.0
all,0.2000,wor-uniform,136,0.018044888973236084,1.0
all,0.2000,wor-active,137,0.014930441975593567,1.0
all,0.2000,wor-uniform,137,0.01704305410385132,1.0
all,0.2000,wor-active,138,0.01587390899658203,1.0
all,0.2000,wor-uniform,138,0.018035590648651123,1.0
all,0.2000,wor-active,139,0.015398040413856506,1.0
all,0.2000,wor-uniform,139,0.018348753452301025,1.0
all,0.2000,wor-active,140,0.016220808029174805,1.0
all,0.2000,wor-uniform,140,0.017894327640533447,1.0
all,0.2000,wor-active,141,0.014846071600914001,1.0
all,0.2000,wor-uniform,141,0.017830386757850647,0.0
all,0.2000,wor-active,142,0.015774741768836975,1.0
all,0.2000,wor-uniform,142,0.01733262836933136,1.0
all,0.2000,wor-active,143,0.015751183032989502,1.0
all,0.2000,wor-uniform,143,0.01814711093902588,1.0
all,0.2000,wor-active,144,0.015152931213378906,1.0
all,0.2000,wor-uniform,144,0.017737984657287598,1.0
all,0.2000,wor-active,145,0.01605898141860962,1.0
all,0.2000,wor-uniform,145,0.01776580512523651,0.0
all,0.2000,wor-active,146,0.015810072422027588,1.0
all,0.2000,wor-uniform,146,0.01820284128189087,1.0
all,0.2000,wor-active,147,0.01657956838607788,1.0
all,0.2000,wor-uniform,147,0.01784569025039673,1.0
all,0.2000,wor-active,148,0.015185356140136719,1.0
all,0.2000,wor-uniform,148,0.018407166004180908,1.0
all,0.2000,wor-active,149,0.016202151775360107,1.0
all,0.2000,wor-uniform,149,0.017728030681610107,1.0
all,0.2000,wor-active,150,0.015363931655883789,1.0
all,0.2000,wor-uniform,150,0.01749400794506073,1.0
all,0.2000,wor-active,151,0.016141116619110107,1.0
all,0.2000,wor-uniform,151,0.017762422561645508,1.0
all,0.2000,wor-active,152,0.01624387502670288,1.0
all,0.2000,wor-uniform,152,0.01764136552810669,1.0
all,0.2000,wor-active,153,0.01593571901321411,1.0
all,0.2000,wor-uniform,153,0.017862722277641296,0.0
all,0.2000,wor-active,154,0.015782654285430908,1.0
all,0.2000,wor-uniform,154,0.017945528030395508,1.0
all,0.2000,wor-active,155,0.014708712697029114,1.0
all,0.2000,wor-uniform,155,0.01782993972301483,1.0
all,0.2000,wor-active,156,0.01584380865097046,1.0
all,0.2000,wor-uniform,156,0.017716586589813232,1.0
all,0.2000,wor-active,157,0.014945507049560547,1.0
all,0.2000,wor-uniform,157,0.01769280433654785,1.0
all,0.2000,wor-active,158,0.015410766005516052,1.0
all,0.2000,wor-uniform,158,0.018329322338104248,1.0
all,0.2000,wor-active,159,0.015423238277435303,1.0
all,0.2000,wor-uniform,159,0.017702654004096985,1.0
all,0.2000,wor-active,160,0.015664100646972656,1.0
all,0.2000,wor-uniform,160,0.017920196056365967,1.0
all,0.2000,wor-active,161,0.014848768711090088,1.0
all,0.2000,wor-uniform,161,0.018176019191741943,1.0
all,0.2000,wor-active,162,0.016541779041290283,1.0
all,0.2000,wor-uniform,162,0.01771886646747589,1.0
all,0.2000,wor-active,163,0.016028761863708496,1.0
all,0.2000,wor-uniform,163,0.018432438373565674,1.0
all,0.2000,wor-active,164,0.015180826187133789,1.0
all,0.2000,wor-uniform,164,0.017957091331481934,1.0
all,0.2000,wor-active,165,0.014973580837249756,1.0
all,0.2000,wor-uniform,165,0.017985299229621887,1.0
all,0.2000,wor-active,166,0.0157051682472229,1.0
all,0.2000,wor-uniform,166,0.018512248992919922,1.0
all,0.2000,wor-active,167,0.015423282980918884,1.0
all,0.2000,wor-uniform,167,0.01797996461391449,1.0
all,0.2000,wor-active,168,0.01572263240814209,1.0
all,0.2000,wor-uniform,168,0.0181160569190979,1.0
all,0.2000,wor-active,169,0.01651918888092041,1.0
all,0.2000,wor-uniform,169,0.017986297607421875,1.0
all,0.2000,wor-active,170,0.016756772994995117,1.0
all,0.2000,wor-uniform,170,0.017832458019256592,1.0
all,0.2000,wor-active,171,0.01585566997528076,1.0
all,0.2000,wor-uniform,171,0.018007516860961914,1.0
all,0.2000,wor-active,172,0.015646860003471375,1.0
all,0.2000,wor-uniform,172,0.018022239208221436,1.0
all,0.2000,wor-active,173,0.016266286373138428,0.0
all,0.2000,wor-uniform,173,0.017330750823020935,1.0
all,0.2000,wor-active,174,0.016279637813568115,1.0
all,0.2000,wor-uniform,174,0.017824187874794006,1.0
all,0.2000,wor-active,175,0.016079962253570557,1.0
all,0.2000,wor-uniform,175,0.018382489681243896,1.0
all,0.2000,wor-active,176,0.01577204465866089,1.0
all,0.2000,wor-uniform,176,0.01770128309726715,0.0
all,0.2000,wor-active,177,0.015516489744186401,0.0
all,0.2000,wor-uniform,177,0.01758432388305664,1.0
all,0.2000,wor-active,178,0.015376508235931396,1.0
all,0.2000,wor-uniform,178,0.01753680408000946,1.0
all,0.2000,wor-active,179,0.015690982341766357,1.0
all,0.2000,wor-uniform,179,0.0180283784866333,0.0
all,0.2000,wor-active,180,0.01636451482772827,1.0
all,0.2000,wor-uniform,180,0.017706766724586487,1.0
all,0.2000,wor-active,181,0.016198277473449707,1.0
all,0.2000,wor-uniform,181,0.01796625554561615,1.0
all,0.2000,wor-active,182,0.016287505626678467,1.0
all,0.2000,wor-uniform,182,0.017914533615112305,1.0
all,0.2000,wor-active,183,0.016964435577392578,0.0
all,0.2000,wor-uniform,183,0.017654240131378174,1.0
all,0.2000,wor-active,184,0.016049444675445557,1.0
all,0.2000,wor-uniform,184,0.018162190914154053,1.0
all,0.2000,wor-active,185,0.016485631465911865,1.0
all,0.2000,wor-uniform,185,0.01807767152786255,1.0
all,0.2000,wor-active,186,0.016119062900543213,1.0
all,0.2000,wor-uniform,186,0.018001914024353027,1.0
all,0.2000,wor-active,187,0.015844404697418213,1.0
all,0.2000,wor-uniform,187,0.0181427001953125,1.0
all,0.2000,wor-active,188,0.015258073806762695,1.0
all,0.2000,wor-uniform,188,0.017684757709503174,1.0
all,0.2000,wor-active,189,0.015364810824394226,1.0
all,0.2000,wor-uniform,189,0.018025711178779602,1.0
all,0.2000,wor-active,190,0.016038060188293457,1.0
all,0.2000,wor-uniform,190,0.018401741981506348,1.0
all,0.2000,wor-active,191,0.015337511897087097,1.0
all,0.2000,wor-uniform,191,0.01757115125656128,1.0
all,0.2000,wor-active,192,0.015389993786811829,1.0
all,0.2000,wor-uniform,192,0.018542706966400146,0.0
all,0.2000,wor-active,193,0.014337778091430664,0.0
all,0.2000,wor-uniform,193,0.017901897430419922,1.0
all,0.2000,wor-active,194,0.01602315902709961,1.0
all,0.2000,wor-uniform,194,0.018263697624206543,1.0
all,0.2000,wor-active,195,0.014990568161010742,1.0
all,0.2000,wor-uniform,195,0.018388032913208008,1.0
all,0.2000,wor-active,196,0.015734314918518066,1.0
all,0.2000,wor-uniform,196,0.017688751220703125,1.0
all,0.2000,wor-active,197,0.015353918075561523,1.0
all,0.2000,wor-uniform,197,0.017814576625823975,1.0
all,0.2000,wor-active,198,0.014854177832603455,1.0
all,0.2000,wor-uniform,198,0.018277108669281006,1.0
all,0.2000,wor-active,199,0.01644444465637207,1.0
all,0.2000,wor-uniform,199,0.018093526363372803,1.0
all,0.2000,wor-active,200,0.016167283058166504,1.0
all,0.2000,wor-uniform,200,0.017709925770759583,1.0
all,0.2000,wor-active,201,0.015797078609466553,1.0
all,0.2000,wor-uniform,201,0.017649337649345398,1.0
all,0.2000,wor-active,202,0.016203761100769043,1.0
all,0.2000,wor-uniform,202,0.017867207527160645,1.0
all,0.2000,wor-active,203,0.015161201357841492,0.0
all,0.2000,wor-uniform,203,0.018279850482940674,1.0
all,0.2000,wor-active,204,0.015831828117370605,1.0
all,0.2000,wor-uniform,204,0.017793476581573486,1.0
all,0.2000,wor-active,205,0.015382587909698486,1.0
all,0.2000,wor-uniform,205,0.018358305096626282,1.0
all,0.2000,wor-active,206,0.014568790793418884,1.0
all,0.2000,wor-uniform,206,0.01795363426208496,1.0
all,0.2000,wor-active,207,0.015714585781097412,1.0
all,0.2000,wor-uniform,207,0.018255606293678284,1.0
all,0.2000,wor-active,208,0.015881478786468506,0.0
all,0.2000,wor-uniform,208,0.017821967601776123,1.0
all,0.2000,wor-active,209,0.015716254711151123,1.0
all,0.2000,wor-uniform,209,0.017943501472473145,1.0
all,0.2000,wor-active,210,0.016963720321655273,1.0
all,0.2000,wor-uniform,210,0.01786285638809204,1.0
all,0.2000,wor-active,211,0.0162200927734375,1.0
all,0.2000,wor-uniform,211,0.018265724182128906,1.0
all,0.2000,wor-active,212,0.01640695333480835,1.0
all,0.2000,wor-uniform,212,0.017750859260559082,1.0
all,0.2000,wor-active,213,0.016282320022583008,1.0
all,0.2000,wor-uniform,213,0.017982780933380127,1.0
all,0.2000,wor-active,214,0.015816926956176758,1.0
all,0.2000,wor-uniform,214,0.017569005489349365,1.0
all,0.2000,wor-active,215,0.01586735248565674,1.0
all,0.2000,wor-uniform,215,0.017756104469299316,1.0
all,0.2000,wor-active,216,0.015314698219299316,1.0
all,0.2000,wor-uniform,216,0.018394529819488525,1.0
all,0.2000,wor-active,217,0.015901386737823486,1.0
all,0.2000,wor-uniform,217,0.0176544189453125,1.0
all,0.2000,wor-active,218,0.015580013394355774,1.0
all,0.2000,wor-uniform,218,0.01774519681930542,1.0
all,0.2000,wor-active,219,0.015822768211364746,1.0
all,0.2000,wor-uniform,219,0.018295347690582275,1.0
all,0.2000,wor-active,220,0.016124367713928223,1.0
all,0.2000,wor-uniform,220,0.017942190170288086,1.0
all,0.2000,wor-active,221,0.015692532062530518,1.0
all,0.2000,wor-uniform,221,0.018414795398712158,1.0
all,0.2000,wor-active,222,0.014893710613250732,1.0
all,0.2000,wor-uniform,222,0.01788318157196045,1.0
all,0.2000,wor-active,223,0.016189932823181152,1.0
all,0.2000,wor-uniform,223,0.018109381198883057,1.0
all,0.2000,wor-active,224,0.01578022539615631,1.0
all,0.2000,wor-uniform,224,0.01736384630203247,1.0
all,0.2000,wor-active,225,0.015956461429595947,1.0
all,0.2000,wor-uniform,225,0.017987072467803955,1.0
all,0.2000,wor-active,226,0.016510367393493652,1.0
all,0.2000,wor-uniform,226,0.018346786499023438,1.0
all,0.2000,wor-active,227,0.015796363353729248,1.0
all,0.2000,wor-uniform,227,0.018392086029052734,1.0
all,0.2000,wor-active,228,0.01634502410888672,1.0
all,0.2000,wor-uniform,228,0.01737874746322632,1.0
all,0.2000,wor-active,229,0.016151130199432373,1.0
all,0.2000,wor-uniform,229,0.017596006393432617,1.0
all,0.2000,wor-active,230,0.016856789588928223,0.0
all,0.2000,wor-uniform,230,0.017993807792663574,1.0
all,0.2000,wor-active,231,0.015682518482208252,1.0
all,0.2000,wor-uniform,231,0.017949998378753662,1.0
all,0.2000,wor-active,232,0.015761911869049072,1.0
all,0.2000,wor-uniform,232,0.017998874187469482,1.0
all,0.2000,wor-active,233,0.015708506107330322,1.0
all,0.2000,wor-uniform,233,0.017811119556427002,1.0
all,0.2000,wor-active,234,0.01607513427734375,1.0
all,0.2000,wor-uniform,234,0.018236875534057617,1.0
all,0.2000,wor-active,235,0.01538938283920288,1.0
all,0.2000,wor-uniform,235,0.018276095390319824,1.0
all,0.2000,wor-active,236,0.015285447239875793,0.0
all,0.2000,wor-uniform,236,0.01772366464138031,1.0
all,0.2000,wor-active,237,0.014576688408851624,0.0
all,0.2000,wor-uniform,237,0.017775461077690125,1.0
all,0.2000,wor-active,238,0.01561206579208374,1.0
all,0.2000,wor-uniform,238,0.018029868602752686,1.0
all,0.2000,wor-active,239,0.015999019145965576,1.0
all,0.2000,wor-uniform,239,0.018331587314605713,1.0
all,0.2000,wor-active,240,0.01584172248840332,1.0
all,0.2000,wor-uniform,240,0.018365681171417236,1.0
all,0.2000,wor-active,241,0.016902565956115723,1.0
all,0.2000,wor-uniform,241,0.017855897545814514,1.0
all,0.2000,wor-active,242,0.015348434448242188,0.0
all,0.2000,wor-uniform,242,0.01822298765182495,0.0
all,0.2000,wor-active,243,0.015530750155448914,1.0
all,0.2000,wor-uniform,243,0.017989397048950195,1.0
all,0.2000,wor-active,244,0.015500068664550781,1.0
all,0.2000,wor-uniform,244,0.017453432083129883,1.0
all,0.2000,wor-active,245,0.015077486634254456,1.0
all,0.2000,wor-uniform,245,0.01767599582672119,1.0
all,0.2000,wor-active,246,0.015585482120513916,1.0
all,0.2000,wor-uniform,246,0.017702177166938782,1.0
all,0.2000,wor-active,247,0.01595616340637207,1.0
all,0.2000,wor-uniform,247,0.017368614673614502,1.0
all,0.2000,wor-active,248,0.014859318733215332,1.0
all,0.2000,wor-uniform,248,0.0181465744972229,0.0
all,0.2000,wor-active,249,0.01610398292541504,1.0
all,0.2000,wor-uniform,249,0.0178680419921875,1.0
all,0.2000,wor-active,250,0.014978766441345215,1.0
all,0.2000,wor-uniform,250,0.01827991008758545,1.0
all,0.2000,wor-active,251,0.015253126621246338,1.0
all,0.2000,wor-uniform,251,0.018547773361206055,1.0
all,0.2000,wor-active,252,0.015582799911499023,1.0
all,0.2000,wor-uniform,252,0.017873167991638184,1.0
all,0.2000,wor-active,253,0.01617109775543213,1.0
all,0.2000,wor-uniform,253,0.017647147178649902,1.0
all,0.2000,wor-active,254,0.016778290271759033,1.0
all,0.2000,wor-uniform,254,0.0178220272064209,1.0
all,0.2000,wor-active,255,0.015390276908874512,1.0
all,0.2000,wor-uniform,255,0.017892763018608093,1.0
all,0.2000,wor-active,256,0.015506312251091003,1.0
all,0.2000,wor-uniform,256,0.017764374613761902,0.0
all,0.2000,wor-active,257,0.01628977060317993,1.0
all,0.2000,wor-uniform,257,0.018068015575408936,1.0
all,0.2000,wor-active,258,0.015937387943267822,1.0
all,0.2000,wor-uniform,258,0.018342062830924988,1.0
all,0.2000,wor-active,259,0.016864418983459473,1.0
all,0.2000,wor-uniform,259,0.017752408981323242,1.0
all,0.2000,wor-active,260,0.015543878078460693,1.0
all,0.2000,wor-uniform,260,0.018694698810577393,1.0
all,0.2000,wor-active,261,0.015362262725830078,1.0
all,0.2000,wor-uniform,261,0.01777881383895874,1.0
all,0.2000,wor-active,262,0.01632106304168701,1.0
all,0.2000,wor-uniform,262,0.017576858401298523,1.0
all,0.2000,wor-active,263,0.015342876315116882,1.0
all,0.2000,wor-uniform,263,0.017831802368164062,1.0
all,0.2000,wor-active,264,0.015079498291015625,1.0
all,0.2000,wor-uniform,264,0.017610132694244385,0.0
all,0.2000,wor-active,265,0.015055418014526367,1.0
all,0.2000,wor-uniform,265,0.01745760440826416,1.0
all,0.2000,wor-active,266,0.016114234924316406,1.0
all,0.2000,wor-uniform,266,0.017209425568580627,1.0
all,0.2000,wor-active,267,0.01485377550125122,1.0
all,0.2000,wor-uniform,267,0.01793193817138672,1.0
all,0.2000,wor-active,268,0.016046226024627686,1.0
all,0.2000,wor-uniform,268,0.017470240592956543,1.0
all,0.2000,wor-active,269,0.01619899272918701,1.0
all,0.2000,wor-uniform,269,0.018351316452026367,1.0
all,0.2000,wor-active,270,0.01529441773891449,0.0
all,0.2000,wor-uniform,270,0.017760753631591797,1.0
all,0.2000,wor-active,271,0.01625072956085205,1.0
all,0.2000,wor-uniform,271,0.018247604370117188,1.0
all,0.2000,wor-active,272,0.01529790461063385,1.0
all,0.2000,wor-uniform,272,0.017590641975402832,1.0
all,0.2000,wor-active,273,0.015459954738616943,1.0
all,0.2000,wor-uniform,273,0.017727255821228027,1.0
all,0.2000,wor-active,274,0.016095101833343506,1.0
all,0.2000,wor-uniform,274,0.017639517784118652,1.0
all,0.2000,wor-active,275,0.015200555324554443,1.0
all,0.2000,wor-uniform,275,0.017496377229690552,0.0
all,0.2000,wor-active,276,0.015354454517364502,1.0
all,0.2000,wor-uniform,276,0.017981112003326416,1.0
all,0.2000,wor-active,277,0.015611648559570312,1.0
all,0.2000,wor-uniform,277,0.018256664276123047,1.0
all,0.2000,wor-active,278,0.015943720936775208,0.0
all,0.2000,wor-uniform,278,0.018133163452148438,0.0
all,0.2000,wor-active,279,0.016398251056671143,1.0
all,0.2000,wor-uniform,279,0.01804894208908081,1.0
all,0.2000,wor-active,280,0.015887737274169922,1.0
all,0.2000,wor-uniform,280,0.018229186534881592,1.0
all,0.2000,wor-active,281,0.016311466693878174,1.0
all,0.2000,wor-uniform,281,0.01764233410358429,1.0
all,0.2000,wor-active,282,0.016655266284942627,0.0
all,0.2000,wor-uniform,282,0.018359288573265076,1.0
all,0.2000,wor-active,283,0.016204476356506348,1.0
all,0.2000,wor-uniform,283,0.018438875675201416,1.0
all,0.2000,wor-active,284,0.015680059790611267,1.0
all,0.2000,wor-uniform,284,0.017630338668823242,1.0
all,0.2000,wor-active,285,0.015652477741241455,1.0
all,0.2000,wor-uniform,285,0.017900049686431885,1.0
all,0.2000,wor-active,286,0.015924572944641113,1.0
all,0.2000,wor-uniform,286,0.01826179027557373,1.0
all,0.2000,wor-active,287,0.014915645122528076,1.0
all,0.2000,wor-uniform,287,0.018293678760528564,1.0
all,0.2000,wor-active,288,0.016550779342651367,1.0
all,0.2000,wor-uniform,288,0.017076939344406128,0.0
all,0.2000,wor-active,289,0.015354707837104797,1.0
all,0.2000,wor-uniform,289,0.018183767795562744,1.0
all,0.2000,wor-active,290,0.01511700451374054,1.0
all,0.2000,wor-uniform,290,0.017550870776176453,1.0
all,0.2000,wor-active,291,0.015264689922332764,1.0
all,0.2000,wor-uniform,291,0.018343865871429443,1.0
all,0.2000,wor-active,292,0.015713989734649658,1.0
all,0.2000,wor-uniform,292,0.017867565155029297,0.0
all,0.2000,wor-active,293,0.015328586101531982,1.0
all,0.2000,wor-uniform,293,0.018260538578033447,1.0
all,0.2000,wor-active,294,0.015374109148979187,1.0
all,0.2000,wor-uniform,294,0.01811450719833374,1.0
all,0.2000,wor-active,295,0.015409842133522034,1.0
all,0.2000,wor-uniform,295,0.018114253878593445,1.0
all,0.2000,wor-active,296,0.016131579875946045,1.0
all,0.2000,wor-uniform,296,0.01755434274673462,1.0
all,0.2000,wor-active,297,0.016614973545074463,1.0
all,0.2000,wor-uniform,297,0.01808178424835205,1.0
all,0.2000,wor-active,298,0.01633310317993164,1.0
all,0.2000,wor-uniform,298,0.017768993973731995,0.0
all,0.2000,wor-active,299,0.01563185453414917,1.0
all,0.2000,wor-uniform,299,0.018029212951660156,1.0
all,0.2000,wor-active,300,0.015887677669525146,1.0
all,0.2000,wor-uniform,300,0.017777740955352783,1.0
all,0.2000,wor-active,301,0.01633995771408081,1.0
all,0.2000,wor-uniform,301,0.018297672271728516,1.0
all,0.2000,wor-active,302,0.016342341899871826,1.0
all,0.2000,wor-uniform,302,0.017218098044395447,0.0
all,0.2000,wor-active,303,0.015421032905578613,1.0
all,0.2000,wor-uniform,303,0.018356025218963623,1.0
all,0.2000,wor-active,304,0.016423463821411133,1.0
all,0.2000,wor-uniform,304,0.017850160598754883,1.0
all,0.2000,wor-active,305,0.015333414077758789,1.0
all,0.2000,wor-uniform,305,0.01801718771457672,1.0
all,0.2000,wor-active,306,0.01636672019958496,1.0
all,0.2000,wor-uniform,306,0.018467247486114502,1.0
all,0.2000,wor-active,307,0.01598966121673584,1.0
all,0.2000,wor-uniform,307,0.01814669370651245,1.0
all,0.2000,wor-active,308,0.01558142900466919,1.0
all,0.2000,wor-uniform,308,0.017670094966888428,1.0
all,0.2000,wor-active,309,0.015992239117622375,1.0
all,0.2000,wor-uniform,309,0.018149256706237793,1.0
all,0.2000,wor-active,310,0.01615816354751587,1.0
all,0.2000,wor-uniform,310,0.01786494255065918,1.0
all,0.2000,wor-active,311,0.015583336353302002,1.0
all,0.2000,wor-uniform,311,0.017538845539093018,1.0
all,0.2000,wor-active,312,0.016964077949523926,1.0
all,0.2000,wor-uniform,312,0.018230736255645752,1.0
all,0.2000,wor-active,313,0.015585243701934814,1.0
all,0.2000,wor-uniform,313,0.017729878425598145,1.0
all,0.2000,wor-active,314,0.016205251216888428,1.0
all,0.2000,wor-uniform,314,0.017752692103385925,1.0
all,0.2000,wor-active,315,0.015483438968658447,1.0
all,0.2000,wor-uniform,315,0.01796036958694458,1.0
all,0.2000,wor-active,316,0.01577693223953247,1.0
all,0.2000,wor-uniform,316,0.01784658432006836,1.0
all,0.2000,wor-active,317,0.015360355377197266,1.0
all,0.2000,wor-uniform,317,0.017970338463783264,1.0
all,0.2000,wor-active,318,0.015579521656036377,1.0
all,0.2000,wor-uniform,318,0.017962634563446045,1.0
all,0.2000,wor-active,319,0.015014171600341797,1.0
all,0.2000,wor-uniform,319,0.018122494220733643,1.0
all,0.2000,wor-active,320,0.01584470272064209,1.0
all,0.2000,wor-uniform,320,0.017610132694244385,1.0
all,0.2000,wor-active,321,0.016292154788970947,1.0
all,0.2000,wor-uniform,321,0.0178411602973938,1.0
all,0.2000,wor-active,322,0.014867231249809265,1.0
all,0.2000,wor-uniform,322,0.018467366695404053,1.0
all,0.2000,wor-active,323,0.01644839346408844,1.0
all,0.2000,wor-uniform,323,0.01770317554473877,1.0
all,0.2000,wor-active,324,0.016315817832946777,1.0
all,0.2000,wor-uniform,324,0.018078505992889404,1.0
all,0.2000,wor-active,325,0.0155256986618042,1.0
all,0.2000,wor-uniform,325,0.018265366554260254,1.0
all,0.2000,wor-active,326,0.016409873962402344,1.0
all,0.2000,wor-uniform,326,0.01811361312866211,1.0
all,0.2000,wor-active,327,0.014961779117584229,1.0
all,0.2000,wor-uniform,327,0.018354475498199463,1.0
all,0.2000,wor-active,328,0.01590704917907715,1.0
all,0.2000,wor-uniform,328,0.017797425389289856,1.0
all,0.2000,wor-active,329,0.016091585159301758,1.0
all,0.2000,wor-uniform,329,0.017678439617156982,1.0
all,0.2000,wor-active,330,0.016283273696899414,1.0
all,0.2000,wor-uniform,330,0.018484115600585938,1.0
all,0.2000,wor-active,331,0.015566706657409668,1.0
all,0.2000,wor-uniform,331,0.01762312650680542,1.0
all,0.2000,wor-active,332,0.01582103967666626,1.0
all,0.2000,wor-uniform,332,0.017997637391090393,1.0
