prop_budget,beta0,rho,gamma,mean_width
0.025,1.0,0.0,0.0,0.09708267003297806
0.05,1.0,0.0,0.0,0.06325846165418625
0.075,1.0,0.0,0.0,0.04914519786834717
0.1,1.0,0.0,0.0,0.041212616860866545
0.125,1.0,0.0,0.0,0.03600142002105713
0.15,1.0,0.0,0.0,0.03225761353969574
0.175,1.0,0.0,0.0,0.029445214942097665
0.2,1.0,0.0,0.0,0.02722635567188263
0.225,1.0,0.0,0.0,0.0254177026450634
0.25,1.0,0.0,0.0,0.023918134346604347
