prop_budget,beta0,rho,gamma,mean_width
0.025,1.0,0.0,0.0,0.0729647547006607
0.05,1.0,0.05,0.0,0.04699671268463135
0.075,1.0,0.0,0.0,0.036427779495716094
0.1,1.0,0.05,0.0,0.03048645183444023
0.125,1.0,0.05,0.0,0.026604089140892028
0.15,1.0,0.05,0.0,0.02383958101272583
0.175,1.0,0.0,0.0,0.02173662930727005
0.2,1.0,0.0,0.0,0.020086345821619035
0.225,1.0,0.0,0.0,0.01874205581843853
0.25,1.0,0.75,0.0,0.017623112350702286
