group,prop_budget,method,seed,width,coverage
all,0.0100,cross-ppi,0,0.09999496057385282,1.0
all,0.0100,cross-ppi,1,0.08521035822737552,1.0
all,0.0100,cross-ppi,2,0.10343786454456394,1.0
all,0.0100,cross-ppi,3,0.08903466724861919,1.0
all,0.0100,cross-ppi,4,0.08471091818159227,1.0
all,0.0100,cross-ppi,5,0.09109567976157143,1.0
all,0.0100,cross-ppi,6,0.07998168393200641,1.0
all,0.0100,cross-ppi,7,0.08966997969491097,1.0
all,0.0100,cross-ppi,8,0.08421251493955295,1.0
all,0.0100,cross-ppi,9,0.09883757363384527,1.0
all,0.0100,cross-ppi,10,0.07803308430949576,1.0
all,0.0100,cross-ppi,11,0.07630019097578211,1.0
all,0.0100,cross-ppi,12,0.08242315961039984,1.0
all,0.0100,cross-ppi,13,0.08708184739678437,1.0
all,0.0100,cross-ppi,14,0.08934188972141166,1.0
all,0.0100,cross-ppi,15,0.08615909206461927,1.0
all,0.0100,cross-ppi,16,0.09196527334683444,1.0
all,0.0100,cross-ppi,17,0.09596428379894306,1.0
all,0.0100,cross-ppi,18,0.09938779515878038,1.0
all,0.0100,cross-ppi,19,0.10124480558294732,1.0
all,0.0100,cross-ppi,20,0.09440926071880493,1.0
all,0.0100,cross-ppi,21,0.0807160257387203,1.0
all,0.0100,cross-ppi,22,0.09915780726348156,1.0
all,0.0100,cross-ppi,23,0.09326815597843918,1.0
all,0.0100,cross-ppi,24,0.08468231846141427,1.0
all,0.0100,cross-ppi,25,0.09571715213469403,1.0
all,0.0100,cross-ppi,26,0.08548342458809433,0.0
all,0.0100,cross-ppi,27,0.0858423485208255,0.0
all,0.0100,cross-ppi,28,0.09518752795737753,1.0
all,0.0100,cross-ppi,29,0.08751448661542749,1.0
all,0.0100,cross-ppi,30,0.09237008679739012,1.0
all,0.0100,cross-ppi,31,0.09388534626351522,1.0
all,0.0100,cross-ppi,32,0.08746595397819923,1.0
all,0.0100,cross-ppi,33,0.10556851814280022,1.0
all,0.0100,cross-ppi,34,0.07607445251554668,1.0
all,0.0100,cross-ppi,35,0.08342293777844889,1.0
all,0.0100,cross-ppi,36,0.0945232580206018,1.0
all,0.0100,cross-ppi,37,0.09846882196985043,1.0
all,0.0100,cross-ppi,38,0.07790136642539813,1.0
all,0.0100,cross-ppi,39,0.09195467896491505,1.0
all,0.0100,cross-ppi,40,0.09604075902721576,1.0
all,0.0100,cross-ppi,41,0.08431112811819055,1.0
all,0.0100,cross-ppi,42,0.08390082398865253,1.0
all,0.0100,cross-ppi,43,0.09080153415853617,1.0
all,0.0100,cross-ppi,44,0.0828445035093811,1.0
all,0.0100,cross-ppi,45,0.07664150384773483,1.0
all,0.0100,cross-ppi,46,0.08712713089551904,1.0
all,0.0100,cross-ppi,47,0.09185740925028374,1.0
all,0.0100,cross-ppi,48,0.08610074629899711,1.0
all,0.0100,cross-ppi,49,0.09470361076201508,1.0
all,0.0100,cross-ppi,50,0.0836585039699479,1.0
all,0.0100,cross-ppi,51,0.08322950086584366,1.0
all,0.0100,cross-ppi,52,0.08776089543762963,1.0
all,0.0100,cross-ppi,53,0.10037281712706436,1.0
all,0.0100,cross-ppi,54,0.09937815726482202,1.0
all,0.0100,cross-ppi,55,0.09006288450528022,1.0
all,0.0100,cross-ppi,56,0.07854628025847418,1.0
all,0.0100,cross-ppi,57,0.100233352420626,1.0
all,0.0100,cross-ppi,58,0.08512996212860613,1.0
all,0.0100,cross-ppi,59,0.08065449654751797,1.0
all,0.0100,cross-ppi,60,0.08072675884790126,1.0
all,0.0100,cross-ppi,61,0.09405809090984929,1.0
all,0.0100,cross-ppi,62,0.09307017757337777,1.0
all,0.0100,cross-ppi,63,0.09898360963161898,1.0
all,0.0100,cross-ppi,64,0.10090355112247307,1.0
all,0.0100,cross-ppi,65,0.08389798373050872,1.0
all,0.0100,cross-ppi,66,0.09003234260344095,1.0
all,0.0100,cross-ppi,67,0.08210632844938828,1.0
all,0.0100,cross-ppi,68,0.06956307675440687,0.0
all,0.0100,cross-ppi,69,0.08748430248389424,1.0
all,0.0100,cross-ppi,70,0.08950616470335804,1.0
all,0.0100,cross-ppi,71,0.0748926641803809,1.0
all,0.0100,cross-ppi,72,0.08203244523047568,1.0
all,0.0100,cross-ppi,73,0.09521336773519473,1.0
all,0.0100,cross-ppi,74,0.09217418199981675,1.0
all,0.0100,cross-ppi,75,0.09300823220039087,1.0
all,0.0100,cross-ppi,76,0.10552561491181578,0.0
all,0.0100,cross-ppi,77,0.09035970973489338,1.0
all,0.0100,cross-ppi,78,0.07964975340379343,1.0
all,0.0100,cross-ppi,79,0.08966359824088091,1.0
all,0.0100,cross-ppi,80,0.0875220509018978,1.0
all,0.0100,cross-ppi,81,0.08580395027512322,1.0
all,0.0100,cross-ppi,82,0.08846451280663384,1.0
all,0.0100,cross-ppi,83,0.09469895974803669,1.0
all,0.0100,cross-ppi,84,0.09387325508745836,1.0
all,0.0100,cross-ppi,85,0.0851889869276663,1.0
all,0.0100,cross-ppi,86,0.08017220027068483,0.0
all,0.0100,cross-ppi,87,0.08114058957045589,1.0
all,0.0100,cross-ppi,88,0.08683582555062752,1.0
all,0.0100,cross-ppi,89,0.09047099820437321,1.0
all,0.0100,cross-ppi,90,0.10091345916951966,1.0
all,0.0100,cross-ppi,91,0.08840167665859924,1.0
all,0.0100,cross-ppi,92,0.08806842457068442,1.0
all,0.0100,cross-ppi,93,0.09250076057630896,0.0
all,0.0100,cross-ppi,94,0.08921240607636804,1.0
all,0.0100,cross-ppi,95,0.0828806675160294,1.0
all,0.0100,cross-ppi,96,0.08614189718562537,1.0
all,0.0100,cross-ppi,97,0.09151308088575161,1.0
all,0.0100,cross-ppi,98,0.1010009230571918,1.0
all,0.0100,cross-ppi,99,0.09253215674602178,0.0
all,0.0100,cross-ppi,100,0.09306232122951474,1.0
all,0.0100,cross-ppi,101,0.08272194892597873,1.0
all,0.0100,cross-ppi,102,0.09120839931227542,1.0
all,0.0100,cross-ppi,103,0.09055441709715673,1.0
all,0.0100,cross-ppi,104,0.09350445231341986,1.0
all,0.0100,cross-ppi,105,0.0698510526450219,1.0
all,0.0100,cross-ppi,106,0.09447801102904121,1.0
all,0.0100,cross-ppi,107,0.09234803646424294,1.0
all,0.0100,cross-ppi,108,0.09122305329195302,1.0
all,0.0100,cross-ppi,109,0.0906447577501468,1.0
all,0.0100,cross-ppi,110,0.07784020960737148,1.0
all,0.0100,cross-ppi,111,0.0783771863295486,1.0
all,0.0100,cross-ppi,112,0.07867807115691997,1.0
all,0.0100,cross-ppi,113,0.08387591149305715,1.0
all,0.0100,cross-ppi,114,0.09262550559015637,1.0
all,0.0100,cross-ppi,115,0.09158192611464053,1.0
all,0.0100,cross-ppi,116,0.08749404989937484,1.0
all,0.0100,cross-ppi,117,0.08036963836956978,1.0
all,0.0100,cross-ppi,118,0.09433962693495568,1.0
all,0.0100,cross-ppi,119,0.07893622068630779,1.0
all,0.0100,cross-ppi,120,0.0904778688545359,1.0
all,0.0100,cross-ppi,121,0.07896476199500721,1.0
all,0.0100,cross-ppi,122,0.09082297117115867,1.0
all,0.0100,cross-ppi,123,0.08271002568292271,1.0
all,0.0100,cross-ppi,124,0.09628099083556274,1.0
all,0.0100,cross-ppi,125,0.0950813504922696,1.0
all,0.0100,cross-ppi,126,0.09281666445509873,1.0
all,0.0100,cross-ppi,127,0.09263676440264412,1.0
all,0.0100,cross-ppi,128,0.09616559165828098,1.0
all,0.0100,cross-ppi,129,0.0942323542546252,1.0
all,0.0100,cross-ppi,130,0.09737390610613672,1.0
all,0.0100,cross-ppi,131,0.08218887847142864,1.0
all,0.0100,cross-ppi,132,0.10295522510029442,1.0
all,0.0100,cross-ppi,133,0.09522859122678803,1.0
all,0.0100,cross-ppi,134,0.0812127058421428,1.0
all,0.0100,cross-ppi,135,0.08126655392391771,1.0
all,0.0100,cross-ppi,136,0.08455789471069874,1.0
all,0.0100,cross-ppi,137,0.09869099002846038,1.0
all,0.0100,cross-ppi,138,0.0819282975642468,1.0
all,0.0100,cross-ppi,139,0.08133926161182481,0.0
all,0.0100,cross-ppi,140,0.07962710435299125,1.0
all,0.0100,cross-ppi,141,0.0802844890367346,1.0
all,0.0100,cross-ppi,142,0.09027396898583803,1.0
all,0.0100,cross-ppi,143,0.08949663633092195,1.0
all,0.0100,cross-ppi,144,0.08612881301443343,1.0
all,0.0100,cross-ppi,145,0.10348233758403391,1.0
all,0.0100,cross-ppi,146,0.08064885983983927,1.0
all,0.0100,cross-ppi,147,0.09198186220673854,1.0
all,0.0100,cross-ppi,148,0.0955375587425017,0.0
all,0.0100,cross-ppi,149,0.09923219428139654,1.0
all,0.0100,cross-ppi,150,0.09700473826035727,1.0
all,0.0100,cross-ppi,151,0.0887955525597992,1.0
all,0.0100,cross-ppi,152,0.1016700557495556,1.0
all,0.0100,cross-ppi,153,0.09075368055474589,1.0
all,0.0100,cross-ppi,154,0.072026741493209,0.0
all,0.0100,cross-ppi,155,0.08661950594130599,1.0
all,0.0100,cross-ppi,156,0.09804834694161244,1.0
all,0.0100,cross-ppi,157,0.09634599550973799,1.0
all,0.0100,cross-ppi,158,0.08193758498933398,1.0
all,0.0100,cross-ppi,159,0.08462779864763614,1.0
all,0.0100,cross-ppi,160,0.08785594551607656,1.0
all,0.0100,cross-ppi,161,0.08429765697095334,1.0
all,0.0100,cross-ppi,162,0.09066801282003875,1.0
all,0.0100,cross-ppi,163,0.08845673677855381,1.0
all,0.0100,cross-ppi,164,0.10045546206775735,1.0
all,0.0100,cross-ppi,165,0.0840912454086784,1.0
all,0.0100,cross-ppi,166,0.08450434598775133,1.0
all,0.0100,cross-ppi,167,0.0931642638624289,1.0
all,0.0100,cross-ppi,168,0.08666061301932537,1.0
all,0.0100,cross-ppi,169,0.08766370603878129,1.0
all,0.0100,cross-ppi,170,0.09167196740880301,0.0
all,0.0100,cross-ppi,171,0.0889028179386949,1.0
all,0.0100,cross-ppi,172,0.08930158580122216,1.0
all,0.0100,cross-ppi,173,0.08443968448101247,1.0
all,0.0100,cross-ppi,174,0.08980718095655613,1.0
all,0.0100,cross-ppi,175,0.08646536535088556,1.0
all,0.0100,cross-ppi,176,0.0801295817956584,1.0
all,0.0100,cross-ppi,177,0.09337521691716,1.0
all,0.0100,cross-ppi,178,0.0783071801725238,1.0
all,0.0100,cross-ppi,179,0.09351465241785908,1.0
all,0.0100,cross-ppi,180,0.08658935101551202,1.0
all,0.0100,cross-ppi,181,0.07721354205990294,1.0
all,0.0100,cross-ppi,182,0.09921195470408398,1.0
all,0.0100,cross-ppi,183,0.10393327419832829,1.0
all,0.0100,cross-ppi,184,0.0871553655439562,1.0
all,0.0100,cross-ppi,185,0.08756756074511185,1.0
all,0.0100,cross-ppi,186,0.095002677532117,1.0
all,0.0100,cross-ppi,187,0.08704820968658278,1.0
all,0.0100,cross-ppi,188,0.09359524565536848,1.0
all,0.0100,cross-ppi,189,0.08706222113999651,1.0
all,0.0100,cross-ppi,190,0.08713632340195362,1.0
all,0.0100,cross-ppi,191,0.10083594713750299,1.0
all,0.0100,cross-ppi,192,0.100104080517192,1.0
all,0.0100,cross-ppi,193,0.07769338505463755,0.0
all,0.0100,cross-ppi,194,0.09093896176466065,1.0
all,0.0100,cross-ppi,195,0.07247096078747173,1.0
all,0.0100,cross-ppi,196,0.09066623126994341,1.0
all,0.0100,cross-ppi,197,0.09500104201071802,1.0
all,0.0100,cross-ppi,198,0.07056043084609664,1.0
all,0.0100,cross-ppi,199,0.09051928259281761,1.0
all,0.0100,cross-ppi,200,0.10210454223120735,1.0
all,0.0100,cross-ppi,201,0.07994217586821195,1.0
all,0.0100,cross-ppi,202,0.08136870099700677,1.0
all,0.0100,cross-ppi,203,0.0852573794675966,1.0
all,0.0100,cross-ppi,204,0.08468952497757862,1.0
all,0.0100,cross-ppi,205,0.09096406409756128,1.0
all,0.0100,cross-ppi,206,0.09184235369169125,1.0
all,0.0100,cross-ppi,207,0.09327320857133248,1.0
all,0.0100,cross-ppi,208,0.08282099288927058,1.0
all,0.0100,cross-ppi,209,0.08486884091524788,0.0
all,0.0100,cross-ppi,210,0.09449657857778071,1.0
all,0.0100,cross-ppi,211,0.08712997115366283,1.0
all,0.0100,cross-ppi,212,0.09772237438421005,1.0
all,0.0100,cross-ppi,213,0.07566222810865178,1.0
all,0.0100,cross-ppi,214,0.0948286332303856,1.0
all,0.0100,cross-ppi,215,0.09067698628342877,1.0
all,0.0100,cross-ppi,216,0.10060666017994657,1.0
all,0.0100,cross-ppi,217,0.09068934031113904,1.0
all,0.0100,cross-ppi,218,0.08824226443224095,1.0
all,0.0100,cross-ppi,219,0.09059841554336365,1.0
all,0.0100,cross-ppi,220,0.08998293379403474,1.0
all,0.0100,cross-ppi,221,0.0921457648155092,1.0
all,0.0100,cross-ppi,222,0.09060287672003678,1.0
all,0.0100,cross-ppi,223,0.09442373216261205,1.0
all,0.0100,cross-ppi,224,0.08152920843858757,1.0
all,0.0100,cross-ppi,225,0.09282966831050768,1.0
all,0.0100,cross-ppi,226,0.09478018821037515,1.0
all,0.0100,cross-ppi,227,0.08983131219862608,1.0
all,0.0100,cross-ppi,228,0.09866220777241197,1.0
all,0.0100,cross-ppi,229,0.09846364525256524,1.0
all,0.0100,cross-ppi,230,0.10741619733327101,1.0
all,0.0100,cross-ppi,231,0.07928674796899948,1.0
all,0.0100,cross-ppi,232,0.09966342432311992,1.0
all,0.0100,cross-ppi,233,0.09513090533037216,1.0
all,0.0100,cross-ppi,234,0.07899950222186622,0.0
all,0.0100,cross-ppi,235,0.10001602521329969,1.0
all,0.0100,cross-ppi,236,0.09632839175039432,1.0
all,0.0100,cross-ppi,237,0.10283803707148254,1.0
all,0.0100,cross-ppi,238,0.09890406780072317,1.0
all,0.0100,cross-ppi,239,0.10148643196534435,1.0
all,0.0100,cross-ppi,240,0.07875775171507726,1.0
all,0.0100,cross-ppi,241,0.0827355149918686,1.0
all,0.0100,cross-ppi,242,0.09085200167599083,1.0
all,0.0100,cross-ppi,243,0.08150237566563534,1.0
all,0.0100,cross-ppi,244,0.07857282097403373,1.0
all,0.0100,cross-ppi,245,0.0742979404102366,1.0
all,0.0100,cross-ppi,246,0.09865296415593372,1.0
all,0.0100,cross-ppi,247,0.08723926633143764,1.0
all,0.0100,cross-ppi,248,0.08368668020690648,1.0
all,0.0100,cross-ppi,249,0.08082775959572397,1.0
all,0.0100,cross-ppi,250,0.09395381181779372,1.0
all,0.0100,cross-ppi,251,0.09718792395847953,1.0
all,0.0100,cross-ppi,252,0.08854539080010115,1.0
all,0.0100,cross-ppi,253,0.0919371555213544,1.0
all,0.0100,cross-ppi,254,0.08809228565966618,1.0
all,0.0100,cross-ppi,255,0.09830700027000261,1.0
all,0.0100,cross-ppi,256,0.09021598829195665,1.0
all,0.0100,cross-ppi,257,0.09390708993640007,1.0
all,0.0100,cross-ppi,258,0.08493641569447866,1.0
all,0.0100,cross-ppi,259,0.09085596635509643,1.0
all,0.0100,cross-ppi,260,0.09921519654114272,1.0
all,0.0100,cross-ppi,261,0.09505341520265997,1.0
all,0.0100,cross-ppi,262,0.08348532853895962,1.0
all,0.0100,cross-ppi,263,0.09214663368625242,1.0
all,0.0100,cross-ppi,264,0.08922844002722605,1.0
all,0.0100,cross-ppi,265,0.08299854918114893,1.0
all,0.0100,cross-ppi,266,0.08391377673401779,0.0
all,0.0100,cross-ppi,267,0.0830659341230745,1.0
all,0.0100,cross-ppi,268,0.09048217670107794,1.0
all,0.0100,cross-ppi,269,0.08669781382971772,1.0
all,0.0100,cross-ppi,270,0.08972636867600217,1.0
all,0.0100,cross-ppi,271,0.08837237600067885,1.0
all,0.0100,cross-ppi,272,0.09218397322390626,1.0
all,0.0100,cross-ppi,273,0.08946288179776318,1.0
all,0.0100,cross-ppi,274,0.0790710562830722,1.0
all,0.0100,cross-ppi,275,0.09116394087567503,1.0
all,0.0100,cross-ppi,276,0.0868580803239496,1.0
all,0.0100,cross-ppi,277,0.09238219257631664,1.0
all,0.0100,cross-ppi,278,0.076790350897913,1.0
all,0.0100,cross-ppi,279,0.09135284359725895,1.0
all,0.0100,cross-ppi,280,0.09171412589343608,1.0
all,0.0100,cross-ppi,281,0.08971328450481023,1.0
all,0.0100,cross-ppi,282,0.08380748244595274,1.0
all,0.0100,cross-ppi,283,0.1001555994412604,1.0
all,0.0100,cross-ppi,284,0.08551544137976663,1.0
all,0.0100,cross-ppi,285,0.0792309723084329,1.0
all,0.0100,cross-ppi,286,0.09493448213092681,1.0
all,0.0100,cross-ppi,287,0.08952015425246729,1.0
all,0.0100,cross-ppi,288,0.07756487250042454,1.0
all,0.0100,cross-ppi,289,0.09387916194822532,1.0
all,0.0100,cross-ppi,290,0.08694826034537362,1.0
all,0.0100,cross-ppi,291,0.0932245956183213,1.0
all,0.0100,cross-ppi,292,0.08799018239518608,1.0
all,0.0100,cross-ppi,293,0.09853355649093751,1.0
all,0.0100,cross-ppi,294,0.08295850081117806,1.0
all,0.0100,cross-ppi,295,0.10080743503454281,1.0
all,0.0100,cross-ppi,296,0.09667260329196944,1.0
all,0.0100,cross-ppi,297,0.08683803788537706,1.0
all,0.0100,cross-ppi,298,0.10286696535622727,1.0
all,0.0100,cross-ppi,299,0.09044377845537566,1.0
all,0.0100,cross-ppi,300,0.09305676483761904,1.0
all,0.0100,cross-ppi,301,0.09529727582411099,1.0
all,0.0100,cross-ppi,302,0.0840612511144504,1.0
all,0.0100,cross-ppi,303,0.09049889698680869,1.0
all,0.0100,cross-ppi,304,0.09769457052042715,1.0
all,0.0100,cross-ppi,305,0.08695027554138313,1.0
all,0.0100,cross-ppi,306,0.08227842326802359,1.0
all,0.0100,cross-ppi,307,0.08893330873049043,1.0
all,0.0100,cross-ppi,308,0.08455316338093741,1.0
all,0.0100,cross-ppi,309,0.08824885762788068,1.0
all,0.0100,cross-ppi,310,0.08320021481079287,1.0
all,0.0100,cross-ppi,311,0.09537884015245104,1.0
all,0.0100,cross-ppi,312,0.08579104863980169,1.0
all,0.0100,cross-ppi,313,0.08742094793398761,1.0
all,0.0100,cross-ppi,314,0.08609233504608801,1.0
all,0.0100,cross-ppi,315,0.09025667918819147,1.0
all,0.0100,cross-ppi,316,0.08135716472999599,1.0
all,0.0100,cross-ppi,317,0.09715947756843277,1.0
all,0.0100,cross-ppi,318,0.09484568938211793,1.0
all,0.0100,cross-ppi,319,0.08890206589090874,1.0
all,0.0100,cross-ppi,320,0.09536176939784902,1.0
all,0.0100,cross-ppi,321,0.08706746357019501,0.0
all,0.0100,cross-ppi,322,0.08368937443635394,1.0
all,0.0100,cross-ppi,323,0.0868904183787538,1.0
all,0.0100,cross-ppi,324,0.08438338311713903,1.0
all,0.0100,cross-ppi,325,0.07704209706896636,1.0
all,0.0100,cross-ppi,326,0.08760766752656127,1.0
all,0.0100,cross-ppi,327,0.08796421849297698,1.0
all,0.0100,cross-ppi,328,0.08332954512570537,1.0
all,0.0100,cross-ppi,329,0.0828018631300502,1.0
all,0.0100,cross-ppi,330,0.09632575593242543,1.0
all,0.0100,cross-ppi,331,0.08542749559739657,1.0
all,0.0100,cross-ppi,332,0.07572325350085177,1.0
all,0.0200,cross-ppi,0,0.0671288733050911,1.0
all,0.0200,cross-ppi,1,0.06562857447890591,1.0
all,0.0200,cross-ppi,2,0.06584123606938411,1.0
all,0.0200,cross-ppi,3,0.06606237462568487,1.0
all,0.0200,cross-ppi,4,0.06424990295390132,1.0
all,0.0200,cross-ppi,5,0.058887272884663194,1.0
all,0.0200,cross-ppi,6,0.07026670142484592,1.0
all,0.0200,cross-ppi,7,0.06487577464497474,1.0
all,0.0200,cross-ppi,8,0.06279715837267885,1.0
all,0.0200,cross-ppi,9,0.06442680941808099,1.0
all,0.0200,cross-ppi,10,0.060294452861910486,1.0
all,0.0200,cross-ppi,11,0.06121985861491419,1.0
all,0.0200,cross-ppi,12,0.057927575943041765,1.0
all,0.0200,cross-ppi,13,0.061650081058632816,1.0
all,0.0200,cross-ppi,14,0.07309862863151018,1.0
all,0.0200,cross-ppi,15,0.061930930748866464,1.0
all,0.0200,cross-ppi,16,0.06506816745240118,1.0
all,0.0200,cross-ppi,17,0.057146643680760945,1.0
all,0.0200,cross-ppi,18,0.06509586909609666,1.0
all,0.0200,cross-ppi,19,0.05920750286358201,1.0
all,0.0200,cross-ppi,20,0.06181036215573432,1.0
all,0.0200,cross-ppi,21,0.057943540530268955,1.0
all,0.0200,cross-ppi,22,0.061598554833129676,1.0
all,0.0200,cross-ppi,23,0.06073826692654091,1.0
all,0.0200,cross-ppi,24,0.06793905511524856,1.0
all,0.0200,cross-ppi,25,0.06761878497843823,1.0
all,0.0200,cross-ppi,26,0.0653744480401022,1.0
all,0.0200,cross-ppi,27,0.06134894068104291,1.0
all,0.0200,cross-ppi,28,0.06214716274097021,1.0
all,0.0200,cross-ppi,29,0.06537120620304349,1.0
all,0.0200,cross-ppi,30,0.06643352116029966,1.0
all,0.0200,cross-ppi,31,0.06634237734947979,1.0
all,0.0200,cross-ppi,32,0.06459591064844136,1.0
all,0.0200,cross-ppi,33,0.06603321999646083,1.0
all,0.0200,cross-ppi,34,0.06335769682501025,1.0
all,0.0200,cross-ppi,35,0.061276890122269306,1.0
all,0.0200,cross-ppi,36,0.06123828378567475,1.0
all,0.0200,cross-ppi,37,0.06704877656514927,1.0
all,0.0200,cross-ppi,38,0.06076552683342995,1.0
all,0.0200,cross-ppi,39,0.06339164849690904,1.0
all,0.0200,cross-ppi,40,0.05876957010469663,1.0
all,0.0200,cross-ppi,41,0.057831715405330136,1.0
all,0.0200,cross-ppi,42,0.0636030177334247,1.0
all,0.0200,cross-ppi,43,0.06578395631324521,0.0
all,0.0200,cross-ppi,44,0.06312644578148807,1.0
all,0.0200,cross-ppi,45,0.06368020120087459,1.0
all,0.0200,cross-ppi,46,0.05581921727601902,1.0
all,0.0200,cross-ppi,47,0.06166457440674444,1.0
all,0.0200,cross-ppi,48,0.06877850107615238,1.0
all,0.0200,cross-ppi,49,0.06834160512101106,1.0
all,0.0200,cross-ppi,50,0.0691839643544068,1.0
all,0.0200,cross-ppi,51,0.06792221800656073,1.0
all,0.0200,cross-ppi,52,0.06634999274599385,1.0
all,0.0200,cross-ppi,53,0.062463796763241736,1.0
all,0.0200,cross-ppi,54,0.062320929588178614,1.0
all,0.0200,cross-ppi,55,0.06340579867758431,1.0
all,0.0200,cross-ppi,56,0.06840444857048045,1.0
all,0.0200,cross-ppi,57,0.0625903087243149,1.0
all,0.0200,cross-ppi,58,0.06201485344065241,1.0
all,0.0200,cross-ppi,59,0.06595782538054107,1.0
all,0.0200,cross-ppi,60,0.059733308390489265,1.0
all,0.0200,cross-ppi,61,0.060353477660970656,1.0
all,0.0200,cross-ppi,62,0.06528884601830842,1.0
all,0.0200,cross-ppi,63,0.06467581755107799,1.0
all,0.0200,cross-ppi,64,0.06688366191819894,1.0
all,0.0200,cross-ppi,65,0.061225046284351575,1.0
all,0.0200,cross-ppi,66,0.0612851261407428,1.0
all,0.0200,cross-ppi,67,0.06979590490784948,1.0
all,0.0200,cross-ppi,68,0.059804709121564104,1.0
all,0.0200,cross-ppi,69,0.06611677761650592,1.0
all,0.0200,cross-ppi,70,0.06375084988416335,1.0
all,0.0200,cross-ppi,71,0.06140130657154996,1.0
all,0.0200,cross-ppi,72,0.06255783194224909,1.0
all,0.0200,cross-ppi,73,0.0665458099263494,1.0
all,0.0200,cross-ppi,74,0.06275109362041875,1.0
all,0.0200,cross-ppi,75,0.0638358239825629,1.0
all,0.0200,cross-ppi,76,0.057562080718975284,1.0
all,0.0200,cross-ppi,77,0.06488455827105954,1.0
all,0.0200,cross-ppi,78,0.05931687835713981,1.0
all,0.0200,cross-ppi,79,0.06891033578320707,1.0
all,0.0200,cross-ppi,80,0.060378598247458365,1.0
all,0.0200,cross-ppi,81,0.05947144973221444,1.0
all,0.0200,cross-ppi,82,0.06628475442590442,1.0
all,0.0200,cross-ppi,83,0.07105733729399846,1.0
all,0.0200,cross-ppi,84,0.05938095209837585,0.0
all,0.0200,cross-ppi,85,0.05646034531514246,1.0
all,0.0200,cross-ppi,86,0.06548206388786915,1.0
all,0.0200,cross-ppi,87,0.06227659527597018,1.0
all,0.0200,cross-ppi,88,0.0667906781458052,1.0
all,0.0200,cross-ppi,89,0.06169225414613544,0.0
all,0.0200,cross-ppi,90,0.0593579197222458,1.0
all,0.0200,cross-ppi,91,0.06462979660742676,1.0
all,0.0200,cross-ppi,92,0.07004948373904193,1.0
all,0.0200,cross-ppi,93,0.05856296140368167,1.0
all,0.0200,cross-ppi,94,0.06203591808009934,1.0
all,0.0200,cross-ppi,95,0.059022353079493994,0.0
all,0.0200,cross-ppi,96,0.0668522073370075,1.0
all,0.0200,cross-ppi,97,0.06207841973216874,1.0
all,0.0200,cross-ppi,98,0.06306091540400605,1.0
all,0.0200,cross-ppi,99,0.061637515289312855,1.0
all,0.0200,cross-ppi,100,0.06624000393191143,1.0
all,0.0200,cross-ppi,101,0.06302130512012416,1.0
all,0.0200,cross-ppi,102,0.05864954181774096,1.0
all,0.0200,cross-ppi,103,0.059819052790262006,1.0
all,0.0200,cross-ppi,104,0.059910886586672096,1.0
all,0.0200,cross-ppi,105,0.06422889672593299,1.0
all,0.0200,cross-ppi,106,0.06246516213155251,1.0
all,0.0200,cross-ppi,107,0.0708848408964482,0.0
all,0.0200,cross-ppi,108,0.05950095117959231,1.0
all,0.0200,cross-ppi,109,0.07001999324381625,1.0
all,0.0200,cross-ppi,110,0.06971604911525664,1.0
all,0.0200,cross-ppi,111,0.061372290669587465,1.0
all,0.0200,cross-ppi,112,0.07098906887846004,1.0
all,0.0200,cross-ppi,113,0.05380759896960341,0.0
all,0.0200,cross-ppi,114,0.07088447582470736,0.0
all,0.0200,cross-ppi,115,0.0616638150575235,1.0
all,0.0200,cross-ppi,116,0.06920266332897299,1.0
all,0.0200,cross-ppi,117,0.06368372049245638,1.0
all,0.0200,cross-ppi,118,0.060822207871913864,1.0
all,0.0200,cross-ppi,119,0.059304779879648106,1.0
all,0.0200,cross-ppi,120,0.06572052144755561,1.0
all,0.0200,cross-ppi,121,0.06616000941205702,1.0
all,0.0200,cross-ppi,122,0.06448224191121121,1.0
all,0.0200,cross-ppi,123,0.06630788537140453,1.0
all,0.0200,cross-ppi,124,0.060204634261509904,1.0
all,0.0200,cross-ppi,125,0.06439471231062568,1.0
all,0.0200,cross-ppi,126,0.06628512679908008,1.0
all,0.0200,cross-ppi,127,0.06615641710612707,1.0
all,0.0200,cross-ppi,128,0.06816518055152929,1.0
all,0.0200,cross-ppi,129,0.0637499664105505,1.0
all,0.0200,cross-ppi,130,0.07211135051986772,1.0
all,0.0200,cross-ppi,131,0.05935240713895906,0.0
all,0.0200,cross-ppi,132,0.06237844299023165,1.0
all,0.0200,cross-ppi,133,0.06302743832537039,1.0
all,0.0200,cross-ppi,134,0.05976942493781123,1.0
all,0.0200,cross-ppi,135,0.07057363184024568,1.0
all,0.0200,cross-ppi,136,0.0629425445427538,1.0
all,0.0200,cross-ppi,137,0.07077741488598654,1.0
all,0.0200,cross-ppi,138,0.06789060279380335,1.0
all,0.0200,cross-ppi,139,0.06632811764728228,1.0
all,0.0200,cross-ppi,140,0.05751431108168545,1.0
all,0.0200,cross-ppi,141,0.06662781964221329,1.0
all,0.0200,cross-ppi,142,0.06175009611275528,1.0
all,0.0200,cross-ppi,143,0.06612120228600493,1.0
all,0.0200,cross-ppi,144,0.06092714044238556,1.0
all,0.0200,cross-ppi,145,0.05333676229471551,1.0
all,0.0200,cross-ppi,146,0.06826433403634335,1.0
all,0.0200,cross-ppi,147,0.0647532638701813,1.0
all,0.0200,cross-ppi,148,0.06039393491129133,1.0
all,0.0200,cross-ppi,149,0.061586492862812064,1.0
all,0.0200,cross-ppi,150,0.06758015308682183,1.0
all,0.0200,cross-ppi,151,0.06308329430172,1.0
all,0.0200,cross-ppi,152,0.06418237198327939,1.0
all,0.0200,cross-ppi,153,0.06310154058732753,1.0
all,0.0200,cross-ppi,154,0.06289898418263593,1.0
all,0.0200,cross-ppi,155,0.0650410791292303,1.0
all,0.0200,cross-ppi,156,0.06042972289404658,1.0
all,0.0200,cross-ppi,157,0.06494184532863323,1.0
all,0.0200,cross-ppi,158,0.06280091861160955,0.0
all,0.0200,cross-ppi,159,0.06042220971761994,1.0
all,0.0200,cross-ppi,160,0.07314808124952532,1.0
all,0.0200,cross-ppi,161,0.0666683426054473,1.0
all,0.0200,cross-ppi,162,0.062214481969982444,1.0
all,0.0200,cross-ppi,163,0.06815198685881507,1.0
all,0.0200,cross-ppi,164,0.06509738779453855,1.0
all,0.0200,cross-ppi,165,0.058851116179449686,1.0
all,0.0200,cross-ppi,166,0.060432964731105265,1.0
all,0.0200,cross-ppi,167,0.059037832121305894,1.0
all,0.0200,cross-ppi,168,0.06279204006687214,1.0
all,0.0200,cross-ppi,169,0.06331197524018661,1.0
all,0.0200,cross-ppi,170,0.05792426109163484,1.0
all,0.0200,cross-ppi,171,0.061204821309908675,1.0
all,0.0200,cross-ppi,172,0.06115458013693331,1.0
all,0.0200,cross-ppi,173,0.06374520587504984,1.0
all,0.0200,cross-ppi,174,0.06441020595530725,1.0
all,0.0200,cross-ppi,175,0.06354073649443617,1.0
all,0.0200,cross-ppi,176,0.06158258659518501,1.0
all,0.0200,cross-ppi,177,0.06570035488459125,1.0
all,0.0200,cross-ppi,178,0.057259702748183844,1.0
all,0.0200,cross-ppi,179,0.06632989919737761,1.0
all,0.0200,cross-ppi,180,0.06478393719784725,1.0
all,0.0200,cross-ppi,181,0.06826275692642292,1.0
all,0.0200,cross-ppi,182,0.0664938091075831,1.0
all,0.0200,cross-ppi,183,0.06390074103952034,1.0
all,0.0200,cross-ppi,184,0.06482170752015526,1.0
all,0.0200,cross-ppi,185,0.06059640734948257,1.0
all,0.0200,cross-ppi,186,0.06708873731790232,1.0
all,0.0200,cross-ppi,187,0.06605878231975493,1.0
all,0.0200,cross-ppi,188,0.055790409464948815,1.0
all,0.0200,cross-ppi,189,0.06692852923514903,1.0
all,0.0200,cross-ppi,190,0.06378391078101442,1.0
all,0.0200,cross-ppi,191,0.06635798051568353,1.0
all,0.0200,cross-ppi,192,0.05814551647089261,1.0
all,0.0200,cross-ppi,193,0.06437340672382985,1.0
all,0.0200,cross-ppi,194,0.06696159743343497,1.0
all,0.0200,cross-ppi,195,0.07108119108154543,1.0
all,0.0200,cross-ppi,196,0.07118753647965415,1.0
all,0.0200,cross-ppi,197,0.06825871923296911,1.0
all,0.0200,cross-ppi,198,0.06528710097538715,1.0
all,0.0200,cross-ppi,199,0.06106737545019714,1.0
all,0.0200,cross-ppi,200,0.0654848384330996,1.0
all,0.0200,cross-ppi,201,0.061872387844504245,1.0
all,0.0200,cross-ppi,202,0.06398345169312661,1.0
all,0.0200,cross-ppi,203,0.064551452211841,1.0
all,0.0200,cross-ppi,204,0.06801844361601317,1.0
all,0.0200,cross-ppi,205,0.067794771461831,1.0
all,0.0200,cross-ppi,206,0.061290317460897636,1.0
all,0.0200,cross-ppi,207,0.061831200450701895,1.0
all,0.0200,cross-ppi,208,0.062283648462003294,1.0
all,0.0200,cross-ppi,209,0.06312267093968771,1.0
all,0.0200,cross-ppi,210,0.05747435397964973,1.0
all,0.0200,cross-ppi,211,0.06248178019719586,0.0
all,0.0200,cross-ppi,212,0.061167401456471815,1.0
all,0.0200,cross-ppi,213,0.06935478872338396,1.0
all,0.0200,cross-ppi,214,0.06530669802643585,1.0
all,0.0200,cross-ppi,215,0.0631999639286599,1.0
all,0.0200,cross-ppi,216,0.06311158006020079,1.0
all,0.0200,cross-ppi,217,0.069112322675983,1.0
all,0.0200,cross-ppi,218,0.07003935664895078,1.0
all,0.0200,cross-ppi,219,0.06534352646365249,1.0
all,0.0200,cross-ppi,220,0.062293300958831344,1.0
all,0.0200,cross-ppi,221,0.0668860275830796,1.0
all,0.0200,cross-ppi,222,0.06294460354737219,1.0
all,0.0200,cross-ppi,223,0.06312890636502141,1.0
all,0.0200,cross-ppi,224,0.06529463605611821,1.0
all,0.0200,cross-ppi,225,0.0576236026087428,1.0
all,0.0200,cross-ppi,226,0.06390712249355035,1.0
all,0.0200,cross-ppi,227,0.06665435305633804,1.0
all,0.0200,cross-ppi,228,0.06409674805718113,1.0
all,0.0200,cross-ppi,229,0.061384469462862135,1.0
all,0.0200,cross-ppi,230,0.06955775400842534,1.0
all,0.0200,cross-ppi,231,0.06182984968526073,1.0
all,0.0200,cross-ppi,232,0.061574540414016776,1.0
all,0.0200,cross-ppi,233,0.0629722978896328,1.0
all,0.0200,cross-ppi,234,0.060944057866856416,1.0
all,0.0200,cross-ppi,235,0.06590031927992282,1.0
all,0.0200,cross-ppi,236,0.06364087567295051,1.0
all,0.0200,cross-ppi,237,0.05933384689165436,1.0
all,0.0200,cross-ppi,238,0.06084300600898995,1.0
all,0.0200,cross-ppi,239,0.06556576753661059,1.0
all,0.0200,cross-ppi,240,0.06814530604595759,1.0
all,0.0200,cross-ppi,241,0.06632358345626096,1.0
all,0.0200,cross-ppi,242,0.05616307834872292,1.0
all,0.0200,cross-ppi,243,0.06059767414842329,1.0
all,0.0200,cross-ppi,244,0.06526571507280832,1.0
all,0.0200,cross-ppi,245,0.057179376013045236,1.0
all,0.0200,cross-ppi,246,0.059798188940272584,1.0
all,0.0200,cross-ppi,247,0.06116612735609628,1.0
all,0.0200,cross-ppi,248,0.059017377151666245,1.0
all,0.0200,cross-ppi,249,0.06750846029835425,1.0
all,0.0200,cross-ppi,250,0.07084521600969662,0.0
all,0.0200,cross-ppi,251,0.06195527373254617,0.0
all,0.0200,cross-ppi,252,0.06047785030164243,1.0
all,0.0200,cross-ppi,253,0.06979699282163723,1.0
all,0.0200,cross-ppi,254,0.06963821582010801,1.0
all,0.0200,cross-ppi,255,0.06423194142425159,1.0
all,0.0200,cross-ppi,256,0.07028459724158223,1.0
all,0.0200,cross-ppi,257,0.06316145616143531,1.0
all,0.0200,cross-ppi,258,0.05933181709277524,1.0
all,0.0200,cross-ppi,259,0.06170084063348022,1.0
all,0.0200,cross-ppi,260,0.0635843552660326,1.0
all,0.0200,cross-ppi,261,0.0643130311593286,1.0
all,0.0200,cross-ppi,262,0.0641108252235082,1.0
all,0.0200,cross-ppi,263,0.05704094080891606,1.0
all,0.0200,cross-ppi,264,0.06646171200012785,1.0
all,0.0200,cross-ppi,265,0.06020875592146405,1.0
all,0.0200,cross-ppi,266,0.07059651453696203,1.0
all,0.0200,cross-ppi,267,0.0680444732311356,1.0
all,0.0200,cross-ppi,268,0.06668044838437381,1.0
all,0.0200,cross-ppi,269,0.06798375449919791,1.0
all,0.0200,cross-ppi,270,0.06624510033341369,1.0
all,0.0200,cross-ppi,271,0.06573989215412501,1.0
all,0.0200,cross-ppi,272,0.06167562147762251,1.0
all,0.0200,cross-ppi,273,0.06400165417012527,1.0
all,0.0200,cross-ppi,274,0.06763573160864836,1.0
all,0.0200,cross-ppi,275,0.06862630996882804,1.0
all,0.0200,cross-ppi,276,0.07035185075768113,1.0
all,0.0200,cross-ppi,277,0.06661424627488857,1.0
all,0.0200,cross-ppi,278,0.06759220045426975,1.0
all,0.0200,cross-ppi,279,0.06281386405554001,1.0
all,0.0200,cross-ppi,280,0.07015978651482146,1.0
all,0.0200,cross-ppi,281,0.06507516222695575,1.0
all,0.0200,cross-ppi,282,0.06485239545069088,1.0
all,0.0200,cross-ppi,283,0.0683806604958469,1.0
all,0.0200,cross-ppi,284,0.06386443100417569,1.0
all,0.0200,cross-ppi,285,0.06308293653141395,1.0
all,0.0200,cross-ppi,286,0.05597978312907839,1.0
all,0.0200,cross-ppi,287,0.05926100777792054,1.0
all,0.0200,cross-ppi,288,0.0734953959008976,1.0
all,0.0200,cross-ppi,289,0.06196706554977552,1.0
all,0.0200,cross-ppi,290,0.06235032516475161,1.0
all,0.0200,cross-ppi,291,0.0636836182723689,1.0
all,0.0200,cross-ppi,292,0.06816742209201809,1.0
all,0.0200,cross-ppi,293,0.05775981452597026,1.0
all,0.0200,cross-ppi,294,0.06612759104146979,1.0
all,0.0200,cross-ppi,295,0.06733496360423408,1.0
all,0.0200,cross-ppi,296,0.06713640108438734,1.0
all,0.0200,cross-ppi,297,0.05825135441928164,1.0
all,0.0200,cross-ppi,298,0.059793804428665026,1.0
all,0.0200,cross-ppi,299,0.07031729306669254,1.0
all,0.0200,cross-ppi,300,0.06218297627874733,1.0
all,0.0200,cross-ppi,301,0.055743957736643424,1.0
all,0.0200,cross-ppi,302,0.06892233934204617,1.0
all,0.0200,cross-ppi,303,0.06439138285634916,1.0
all,0.0200,cross-ppi,304,0.06352971862929746,1.0
all,0.0200,cross-ppi,305,0.06899400292477442,1.0
all,0.0200,cross-ppi,306,0.06304246467822361,1.0
all,0.0200,cross-ppi,307,0.06425177942264926,1.0
all,0.0200,cross-ppi,308,0.06315585596093076,1.0
all,0.0200,cross-ppi,309,0.056279229573790834,1.0
all,0.0200,cross-ppi,310,0.0603983887865297,1.0
all,0.0200,cross-ppi,311,0.07245500715239672,1.0
all,0.0200,cross-ppi,312,0.06633455021135601,1.0
all,0.0200,cross-ppi,313,0.06285662125782798,1.0
all,0.0200,cross-ppi,314,0.06364111662029948,1.0
all,0.0200,cross-ppi,315,0.0653918035506621,1.0
all,0.0200,cross-ppi,316,0.06250423941069275,1.0
all,0.0200,cross-ppi,317,0.06819622625237087,1.0
all,0.0200,cross-ppi,318,0.056772244356935175,1.0
all,0.0200,cross-ppi,319,0.061955040086632024,1.0
all,0.0200,cross-ppi,320,0.0598293587655061,1.0
all,0.0200,cross-ppi,321,0.0677451655136847,1.0
all,0.0200,cross-ppi,322,0.06634594775110525,1.0
all,0.0200,cross-ppi,323,0.06534358487513103,1.0
all,0.0200,cross-ppi,324,0.060831612119958106,1.0
all,0.0200,cross-ppi,325,0.0682359022491662,1.0
all,0.0200,cross-ppi,326,0.06321206240615154,1.0
all,0.0200,cross-ppi,327,0.0651849246965589,1.0
all,0.0200,cross-ppi,328,0.059919779734279116,1.0
all,0.0200,cross-ppi,329,0.0648818786444817,1.0
all,0.0200,cross-ppi,330,0.06812439473664186,1.0
all,0.0200,cross-ppi,331,0.061175856517989846,1.0
all,0.0200,cross-ppi,332,0.06198797685909127,1.0
all,0.0300,cross-ppi,0,0.05211213279076132,1.0
all,0.0300,cross-ppi,1,0.052766399761837834,1.0
all,0.0300,cross-ppi,2,0.05118643863108241,1.0
all,0.0300,cross-ppi,3,0.047728986551498515,1.0
all,0.0300,cross-ppi,4,0.048054583085007846,0.0
all,0.0300,cross-ppi,5,0.052960340473445444,1.0
all,0.0300,cross-ppi,6,0.05402219178959067,1.0
all,0.0300,cross-ppi,7,0.05693013788485157,1.0
all,0.0300,cross-ppi,8,0.048355460610944395,1.0
all,0.0300,cross-ppi,9,0.05443659567477846,1.0
all,0.0300,cross-ppi,10,0.0582239229286744,1.0
all,0.0300,cross-ppi,11,0.05219468281280171,1.0
all,0.0300,cross-ppi,12,0.05792733134497538,1.0
all,0.0300,cross-ppi,13,0.04724045119861439,0.0
all,0.0300,cross-ppi,14,0.05518756649928802,1.0
all,0.0300,cross-ppi,15,0.051308584334135016,1.0
all,0.0300,cross-ppi,16,0.057673270619085115,1.0
all,0.0300,cross-ppi,17,0.05164363987644968,1.0
all,0.0300,cross-ppi,18,0.05167035217572746,1.0
all,0.0300,cross-ppi,19,0.050010823659054404,1.0
all,0.0300,cross-ppi,20,0.05349313347347251,1.0
all,0.0300,cross-ppi,21,0.05495449374777897,1.0
all,0.0300,cross-ppi,22,0.0564105823861476,1.0
all,0.0300,cross-ppi,23,0.052884920302503885,1.0
all,0.0300,cross-ppi,24,0.04833849937786461,1.0
all,0.0300,cross-ppi,25,0.05380283843410272,1.0
all,0.0300,cross-ppi,26,0.05380003468313302,1.0
all,0.0300,cross-ppi,27,0.05455313752660906,1.0
all,0.0300,cross-ppi,28,0.0531816141062903,1.0
all,0.0300,cross-ppi,29,0.05501624563274324,1.0
all,0.0300,cross-ppi,30,0.05721538303884499,1.0
all,0.0300,cross-ppi,31,0.0508481193474046,0.0
all,0.0300,cross-ppi,32,0.05140930397671731,1.0
all,0.0300,cross-ppi,33,0.05277084998635881,1.0
all,0.0300,cross-ppi,34,0.049759234468849584,1.0
all,0.0300,cross-ppi,35,0.05719349333726384,1.0
all,0.0300,cross-ppi,36,0.05370257148047908,1.0
all,0.0300,cross-ppi,37,0.05568073461256351,1.0
all,0.0300,cross-ppi,38,0.05278788058306927,1.0
all,0.0300,cross-ppi,39,0.055773335059629364,1.0
all,0.0300,cross-ppi,40,0.049771573893690246,1.0
all,0.0300,cross-ppi,41,0.051091180461743185,1.0
all,0.0300,cross-ppi,42,0.05076012975642563,1.0
all,0.0300,cross-ppi,43,0.053741732726119734,1.0
all,0.0300,cross-ppi,44,0.05040176803417529,1.0
all,0.0300,cross-ppi,45,0.0421903809510199,1.0
all,0.0300,cross-ppi,46,0.054428523938588325,1.0
all,0.0300,cross-ppi,47,0.052852874305092334,1.0
all,0.0300,cross-ppi,48,0.05003469570018837,1.0
all,0.0300,cross-ppi,49,0.052947124876426804,1.0
all,0.0300,cross-ppi,50,0.05304952019829956,1.0
all,0.0300,cross-ppi,51,0.05014995980092604,1.0
all,0.0300,cross-ppi,52,0.053724837205953335,1.0
all,0.0300,cross-ppi,53,0.050318035179694603,1.0
all,0.0300,cross-ppi,54,0.04987295796684088,1.0
all,0.0300,cross-ppi,55,0.05303992246223274,1.0
all,0.0300,cross-ppi,56,0.050223875876295315,1.0
all,0.0300,cross-ppi,57,0.053030788367276704,1.0
all,0.0300,cross-ppi,58,0.0525739813993896,1.0
all,0.0300,cross-ppi,59,0.048341598836944416,1.0
all,0.0300,cross-ppi,60,0.05801365620881607,1.0
all,0.0300,cross-ppi,61,0.05647346234279116,1.0
all,0.0300,cross-ppi,62,0.051004333545313085,1.0
all,0.0300,cross-ppi,63,0.054655521896329634,1.0
all,0.0300,cross-ppi,64,0.051383730701271,1.0
all,0.0300,cross-ppi,65,0.04655686166531303,1.0
all,0.0300,cross-ppi,66,0.049582054200864256,1.0
all,0.0300,cross-ppi,67,0.05188341534512064,1.0
all,0.0300,cross-ppi,68,0.05343085223448399,1.0
all,0.0300,cross-ppi,69,0.049889857137724675,1.0
all,0.0300,cross-ppi,70,0.050315516184682774,1.0
all,0.0300,cross-ppi,71,0.05242691589930673,1.0
all,0.0300,cross-ppi,72,0.05104487111141673,1.0
all,0.0300,cross-ppi,73,0.05429653590140249,1.0
all,0.0300,cross-ppi,74,0.05393834576287038,1.0
all,0.0300,cross-ppi,75,0.05055425119889234,1.0
all,0.0300,cross-ppi,76,0.05106267200950043,1.0
all,0.0300,cross-ppi,77,0.05414805757368257,1.0
all,0.0300,cross-ppi,78,0.05099464089059358,1.0
all,0.0300,cross-ppi,79,0.05379675633890024,1.0
all,0.0300,cross-ppi,80,0.05530998965686362,1.0
all,0.0300,cross-ppi,81,0.053112633800857206,1.0
all,0.0300,cross-ppi,82,0.05298789243772717,1.0
all,0.0300,cross-ppi,83,0.05345529743825114,1.0
all,0.0300,cross-ppi,84,0.05428720101698903,1.0
all,0.0300,cross-ppi,85,0.05167140723305852,1.0
all,0.0300,cross-ppi,86,0.0544295643930498,0.0
all,0.0300,cross-ppi,87,0.055878745874081565,1.0
all,0.0300,cross-ppi,88,0.0462376027772248,1.0
all,0.0300,cross-ppi,89,0.052832547110561956,1.0
all,0.0300,cross-ppi,90,0.05354647045481031,1.0
all,0.0300,cross-ppi,91,0.05381579848090279,1.0
all,0.0300,cross-ppi,92,0.05008702873423879,1.0
all,0.0300,cross-ppi,93,0.052736412769044644,1.0
all,0.0300,cross-ppi,94,0.05541553554785994,1.0
all,0.0300,cross-ppi,95,0.05689486100253349,1.0
all,0.0300,cross-ppi,96,0.05564893321321829,1.0
all,0.0300,cross-ppi,97,0.0548266310212647,1.0
all,0.0300,cross-ppi,98,0.052706593709252264,1.0
all,0.0300,cross-ppi,99,0.05084162107041748,1.0
all,0.0300,cross-ppi,100,0.051406719268792145,1.0
all,0.0300,cross-ppi,101,0.051510666145563544,1.0
all,0.0300,cross-ppi,102,0.053986327141769874,1.0
all,0.0300,cross-ppi,103,0.05346298949983075,1.0
all,0.0300,cross-ppi,104,0.05481753343348281,1.0
all,0.0300,cross-ppi,105,0.054931592797475615,1.0
all,0.0300,cross-ppi,106,0.04999996277476415,1.0
all,0.0300,cross-ppi,107,0.05033139315469223,1.0
all,0.0300,cross-ppi,108,0.053128686005302295,1.0
all,0.0300,cross-ppi,109,0.05280444388795155,1.0
all,0.0300,cross-ppi,110,0.04993623950239934,1.0
all,0.0300,cross-ppi,111,0.050853361777603134,1.0
all,0.0300,cross-ppi,112,0.04911982226690814,1.0
all,0.0300,cross-ppi,113,0.05729124494659302,1.0
all,0.0300,cross-ppi,114,0.0540110534507775,1.0
all,0.0300,cross-ppi,115,0.053935823117141096,1.0
all,0.0300,cross-ppi,116,0.04963952379430844,1.0
all,0.0300,cross-ppi,117,0.05585717378491492,1.0
all,0.0300,cross-ppi,118,0.05439748918989895,1.0
all,0.0300,cross-ppi,119,0.05219782242977297,1.0
all,0.0300,cross-ppi,120,0.05116335149419124,1.0
all,0.0300,cross-ppi,121,0.05587987029504338,1.0
all,0.0300,cross-ppi,122,0.050778408898489835,1.0
all,0.0300,cross-ppi,123,0.04983105138170907,1.0
all,0.0300,cross-ppi,124,0.05086000973400395,1.0
all,0.0300,cross-ppi,125,0.046286474931171995,1.0
all,0.0300,cross-ppi,126,0.05041207035870199,1.0
all,0.0300,cross-ppi,127,0.05503314480362709,1.0
all,0.0300,cross-ppi,128,0.05246388306378491,1.0
all,0.0300,cross-ppi,129,0.05267688417098215,1.0
all,0.0300,cross-ppi,130,0.05486199552080054,1.0
all,0.0300,cross-ppi,131,0.05010687768478864,1.0
all,0.0300,cross-ppi,132,0.054728287995715275,1.0
all,0.0300,cross-ppi,133,0.055172861409566676,1.0
all,0.0300,cross-ppi,134,0.049530721463383776,1.0
all,0.0300,cross-ppi,135,0.05295795290426031,1.0
all,0.0300,cross-ppi,136,0.052949574507807906,1.0
all,0.0300,cross-ppi,137,0.05154169724353552,1.0
all,0.0300,cross-ppi,138,0.05282749816838603,1.0
all,0.0300,cross-ppi,139,0.05243559000386924,1.0
all,0.0300,cross-ppi,140,0.05357020376868274,1.0
all,0.0300,cross-ppi,141,0.05287874693936612,1.0
all,0.0300,cross-ppi,142,0.04529181141821226,1.0
all,0.0300,cross-ppi,143,0.05143976556277363,1.0
all,0.0300,cross-ppi,144,0.05032485106909623,1.0
all,0.0300,cross-ppi,145,0.048778155275366775,1.0
all,0.0300,cross-ppi,146,0.047110124237849355,1.0
all,0.0300,cross-ppi,147,0.053815889748838,1.0
all,0.0300,cross-ppi,148,0.04963610307209668,1.0
all,0.0300,cross-ppi,149,0.05497997210457273,1.0
all,0.0300,cross-ppi,150,0.05991510681599632,0.0
all,0.0300,cross-ppi,151,0.0518750771065597,0.0
all,0.0300,cross-ppi,152,0.05040141756530406,1.0
all,0.0300,cross-ppi,153,0.05735352618558154,1.0
all,0.0300,cross-ppi,154,0.05512138264338984,1.0
all,0.0300,cross-ppi,155,0.054967990450038084,1.0
all,0.0300,cross-ppi,156,0.056932375774622956,1.0
all,0.0300,cross-ppi,157,0.053036739036652514,1.0
all,0.0300,cross-ppi,158,0.04955967165243294,1.0
all,0.0300,cross-ppi,159,0.053469268733773334,1.0
all,0.0300,cross-ppi,160,0.0507251303286306,1.0
all,0.0300,cross-ppi,161,0.051968644993738766,1.0
all,0.0300,cross-ppi,162,0.0532529308708648,1.0
all,0.0300,cross-ppi,163,0.04802373817362368,1.0
all,0.0300,cross-ppi,164,0.052809974724825376,1.0
all,0.0300,cross-ppi,165,0.05149667294573687,1.0
all,0.0300,cross-ppi,166,0.05491784784643272,1.0
all,0.0300,cross-ppi,167,0.055527510352212595,1.0
all,0.0300,cross-ppi,168,0.05270006987724332,1.0
all,0.0300,cross-ppi,169,0.05347919138368959,1.0
all,0.0300,cross-ppi,170,0.05214583986459376,1.0
all,0.0300,cross-ppi,171,0.053734694142956174,1.0
all,0.0300,cross-ppi,172,0.05106097807662291,1.0
all,0.0300,cross-ppi,173,0.05228293525543404,1.0
all,0.0300,cross-ppi,174,0.05291658662530496,1.0
all,0.0300,cross-ppi,175,0.053212009979433206,1.0
all,0.0300,cross-ppi,176,0.056044174482729026,1.0
all,0.0300,cross-ppi,177,0.056308632451798624,1.0
all,0.0300,cross-ppi,178,0.054987697022609,1.0
all,0.0300,cross-ppi,179,0.04977928420885691,1.0
all,0.0300,cross-ppi,180,0.054694434893186566,1.0
all,0.0300,cross-ppi,181,0.053992518758494645,1.0
all,0.0300,cross-ppi,182,0.05260192764115146,1.0
all,0.0300,cross-ppi,183,0.053572751969433896,1.0
all,0.0300,cross-ppi,184,0.053268486577742274,1.0
all,0.0300,cross-ppi,185,0.052451616653292454,1.0
all,0.0300,cross-ppi,186,0.05043858186852235,1.0
all,0.0300,cross-ppi,187,0.05020888968133355,1.0
all,0.0300,cross-ppi,188,0.058093165183255135,1.0
all,0.0300,cross-ppi,189,0.050539692137867354,1.0
all,0.0300,cross-ppi,190,0.05038392697820013,1.0
all,0.0300,cross-ppi,191,0.052156434246513145,1.0
all,0.0300,cross-ppi,192,0.05419275695763193,1.0
all,0.0300,cross-ppi,193,0.04865348692658489,1.0
all,0.0300,cross-ppi,194,0.052978510093987435,1.0
all,0.0300,cross-ppi,195,0.05606453088299865,1.0
all,0.0300,cross-ppi,196,0.055321168153568356,1.0
all,0.0300,cross-ppi,197,0.050239420631020604,1.0
all,0.0300,cross-ppi,198,0.05338652887442774,1.0
all,0.0300,cross-ppi,199,0.05814737468605358,1.0
all,0.0300,cross-ppi,200,0.05205837597692162,1.0
all,0.0300,cross-ppi,201,0.049734679743560245,1.0
all,0.0300,cross-ppi,202,0.05466237794362275,1.0
all,0.0300,cross-ppi,203,0.052279667863353474,1.0
all,0.0300,cross-ppi,204,0.05378233235441934,1.0
all,0.0300,cross-ppi,205,0.05592903815710068,1.0
all,0.0300,cross-ppi,206,0.05305931507310649,1.0
all,0.0300,cross-ppi,207,0.052863873916644044,1.0
all,0.0300,cross-ppi,208,0.050676787528707634,1.0
all,0.0300,cross-ppi,209,0.050845213376347426,1.0
all,0.0300,cross-ppi,210,0.052492647066246234,1.0
all,0.0300,cross-ppi,211,0.058654744090048005,1.0
all,0.0300,cross-ppi,212,0.05430085835081411,1.0
all,0.0300,cross-ppi,213,0.05246424448480835,1.0
all,0.0300,cross-ppi,214,0.05179459704128997,1.0
all,0.0300,cross-ppi,215,0.05420085059812649,1.0
all,0.0300,cross-ppi,216,0.05029911351136651,1.0
all,0.0300,cross-ppi,217,0.05538558141152347,1.0
all,0.0300,cross-ppi,218,0.04973742143233398,1.0
all,0.0300,cross-ppi,219,0.052186417588588885,1.0
all,0.0300,cross-ppi,220,0.052351809690062256,1.0
all,0.0300,cross-ppi,221,0.05563354178862423,1.0
all,0.0300,cross-ppi,222,0.055127873618942086,1.0
all,0.0300,cross-ppi,223,0.053511314046166714,1.0
all,0.0300,cross-ppi,224,0.04767789476136697,1.0
all,0.0300,cross-ppi,225,0.05569686713279154,1.0
all,0.0300,cross-ppi,226,0.051279473513519885,1.0
all,0.0300,cross-ppi,227,0.05263723737992618,1.0
all,0.0300,cross-ppi,228,0.048282617846493125,1.0
all,0.0300,cross-ppi,229,0.05301498441161545,1.0
all,0.0300,cross-ppi,230,0.056074161475522244,1.0
all,0.0300,cross-ppi,231,0.051680866241863854,1.0
all,0.0300,cross-ppi,232,0.05012851913758609,1.0
all,0.0300,cross-ppi,233,0.04892683074182669,0.0
all,0.0300,cross-ppi,234,0.05195382673177784,1.0
all,0.0300,cross-ppi,235,0.05061607609820476,1.0
all,0.0300,cross-ppi,236,0.05877905831924127,1.0
all,0.0300,cross-ppi,237,0.05372995916247747,1.0
all,0.0300,cross-ppi,238,0.050440483892292165,1.0
all,0.0300,cross-ppi,239,0.05295352093332642,1.0
all,0.0300,cross-ppi,240,0.050246806032337915,1.0
all,0.0300,cross-ppi,241,0.04872104710294603,1.0
all,0.0300,cross-ppi,242,0.05057718135493494,1.0
all,0.0300,cross-ppi,243,0.0529791708738383,1.0
all,0.0300,cross-ppi,244,0.046081782856796455,1.0
all,0.0300,cross-ppi,245,0.05277300025891238,1.0
all,0.0300,cross-ppi,246,0.05435138062902997,1.0
all,0.0300,cross-ppi,247,0.053912305195595756,1.0
all,0.0300,cross-ppi,248,0.05412229811164837,1.0
all,0.0300,cross-ppi,249,0.049132223753944715,0.0
all,0.0300,cross-ppi,250,0.05256779708409964,1.0
all,0.0300,cross-ppi,251,0.0542431879679125,1.0
all,0.0300,cross-ppi,252,0.053557397052013817,1.0
all,0.0300,cross-ppi,253,0.05252151693951246,1.0
all,0.0300,cross-ppi,254,0.05290568193240586,1.0
all,0.0300,cross-ppi,255,0.05552355662525921,1.0
all,0.0300,cross-ppi,256,0.05468736710428376,1.0
all,0.0300,cross-ppi,257,0.05126215451013408,1.0
all,0.0300,cross-ppi,258,0.05022203226400404,1.0
all,0.0300,cross-ppi,259,0.04921468615876726,1.0
all,0.0300,cross-ppi,260,0.05391921600364999,1.0
all,0.0300,cross-ppi,261,0.05197137573036037,0.0
all,0.0300,cross-ppi,262,0.050248875989108543,1.0
all,0.0300,cross-ppi,263,0.05334789698281131,1.0
all,0.0300,cross-ppi,264,0.04779381599123814,1.0
all,0.0300,cross-ppi,265,0.055101212429708,1.0
all,0.0300,cross-ppi,266,0.054968019655777356,1.0
all,0.0300,cross-ppi,267,0.050724327170800776,1.0
all,0.0300,cross-ppi,268,0.049661125089214386,1.0
all,0.0300,cross-ppi,269,0.05672448202108016,1.0
all,0.0300,cross-ppi,270,0.054359755374765006,1.0
all,0.0300,cross-ppi,271,0.05377814863226926,1.0
all,0.0300,cross-ppi,272,0.04966061033805977,1.0
all,0.0300,cross-ppi,273,0.054612874215563934,1.0
all,0.0300,cross-ppi,274,0.05669137366490273,1.0
all,0.0300,cross-ppi,275,0.05155850514648408,1.0
all,0.0300,cross-ppi,276,0.05524978567608055,1.0
all,0.0300,cross-ppi,277,0.054817752476527315,1.0
all,0.0300,cross-ppi,278,0.0552556669818256,1.0
all,0.0300,cross-ppi,279,0.05572352467130817,1.0
all,0.0300,cross-ppi,280,0.05017031255047824,1.0
all,0.0300,cross-ppi,281,0.047805545746271605,1.0
all,0.0300,cross-ppi,282,0.05275253798783788,1.0
all,0.0300,cross-ppi,283,0.051531037148702774,1.0
all,0.0300,cross-ppi,284,0.04960156728541254,1.0
all,0.0300,cross-ppi,285,0.04956707530733731,1.0
all,0.0300,cross-ppi,286,0.0540646897909427,1.0
all,0.0300,cross-ppi,287,0.04968227369516165,1.0
all,0.0300,cross-ppi,288,0.05257160113163928,1.0
all,0.0300,cross-ppi,289,0.05122862267073727,1.0
all,0.0300,cross-ppi,290,0.05024325388429951,1.0
all,0.0300,cross-ppi,291,0.048181452816387,1.0
all,0.0300,cross-ppi,292,0.0536445652315759,1.0
all,0.0300,cross-ppi,293,0.0497409918339595,1.0
all,0.0300,cross-ppi,294,0.050295725645611467,1.0
all,0.0300,cross-ppi,295,0.05011816570301564,1.0
all,0.0300,cross-ppi,296,0.053076663282231595,1.0
all,0.0300,cross-ppi,297,0.04606592779109145,0.0
all,0.0300,cross-ppi,298,0.05502867632551911,1.0
all,0.0300,cross-ppi,299,0.0510833095150105,1.0
all,0.0300,cross-ppi,300,0.05386065119498329,1.0
all,0.0300,cross-ppi,301,0.05319630459314195,1.0
all,0.0300,cross-ppi,302,0.05365471787668885,1.0
all,0.0300,cross-ppi,303,0.05508447389039017,1.0
all,0.0300,cross-ppi,304,0.05611224210880994,1.0
all,0.0300,cross-ppi,305,0.055167418189910666,1.0
all,0.0300,cross-ppi,306,0.052987410543029245,1.0
all,0.0300,cross-ppi,307,0.05195771839653521,1.0
all,0.0300,cross-ppi,308,0.05795067768280257,1.0
all,0.0300,cross-ppi,309,0.054385065798557924,1.0
all,0.0300,cross-ppi,310,0.052074515798584464,1.0
all,0.0300,cross-ppi,311,0.05444709148732785,1.0
all,0.0300,cross-ppi,312,0.054811765299977416,1.0
all,0.0300,cross-ppi,313,0.05301304588067157,1.0
all,0.0300,cross-ppi,314,0.05159072272761389,1.0
all,0.0300,cross-ppi,315,0.05072738282127165,1.0
all,0.0300,cross-ppi,316,0.05296223884649787,1.0
all,0.0300,cross-ppi,317,0.05048096304691724,0.0
all,0.0300,cross-ppi,318,0.05648308928459722,1.0
all,0.0300,cross-ppi,319,0.05426376341122663,1.0
all,0.0300,cross-ppi,320,0.05303559271138625,1.0
all,0.0300,cross-ppi,321,0.055732614957655274,1.0
all,0.0300,cross-ppi,322,0.05327812082098324,1.0
all,0.0300,cross-ppi,323,0.0535575138749709,1.0
all,0.0300,cross-ppi,324,0.053915576238393714,1.0
all,0.0300,cross-ppi,325,0.05159502327272103,1.0
all,0.0300,cross-ppi,326,0.05270292108753938,1.0
all,0.0300,cross-ppi,327,0.04942827868218469,1.0
all,0.0300,cross-ppi,328,0.0557527413627282,1.0
all,0.0300,cross-ppi,329,0.0532006087889666,1.0
all,0.0300,cross-ppi,330,0.05315399642909524,1.0
all,0.0300,cross-ppi,331,0.048809336052752506,1.0
all,0.0300,cross-ppi,332,0.056638865396416715,1.0
all,0.0400,cross-ppi,0,0.046583833165526806,1.0
all,0.0400,cross-ppi,1,0.047098996851188346,1.0
all,0.0400,cross-ppi,2,0.04548535055090494,1.0
all,0.0400,cross-ppi,3,0.04566634946929948,1.0
all,0.0400,cross-ppi,4,0.04779613054607512,1.0
all,0.0400,cross-ppi,5,0.0466489948205506,1.0
all,0.0400,cross-ppi,6,0.04441611383344235,1.0
all,0.0400,cross-ppi,7,0.043594446866317776,1.0
all,0.0400,cross-ppi,8,0.045342607500233695,1.0
all,0.0400,cross-ppi,9,0.047247811044909827,1.0
all,0.0400,cross-ppi,10,0.044828659503469176,1.0
all,0.0400,cross-ppi,11,0.045872078347419104,1.0
all,0.0400,cross-ppi,12,0.04407662997091122,1.0
all,0.0400,cross-ppi,13,0.04931315695942595,1.0
all,0.0400,cross-ppi,14,0.046532598997416325,1.0
all,0.0400,cross-ppi,15,0.04822249783221044,1.0
all,0.0400,cross-ppi,16,0.04534610853822843,1.0
all,0.0400,cross-ppi,17,0.04955259656209532,1.0
all,0.0400,cross-ppi,18,0.04873876403452937,1.0
all,0.0400,cross-ppi,19,0.044607104765383876,1.0
all,0.0400,cross-ppi,20,0.043716625425827105,1.0
all,0.0400,cross-ppi,21,0.04804271460271292,1.0
all,0.0400,cross-ppi,22,0.046410770906778254,0.0
all,0.0400,cross-ppi,23,0.044408637164189774,1.0
all,0.0400,cross-ppi,24,0.04536546099121075,1.0
all,0.0400,cross-ppi,25,0.042360372956427916,1.0
all,0.0400,cross-ppi,26,0.04274742931750883,1.0
all,0.0400,cross-ppi,27,0.047562466378345936,1.0
all,0.0400,cross-ppi,28,0.04493434412172703,0.0
all,0.0400,cross-ppi,29,0.045691094031894114,1.0
all,0.0400,cross-ppi,30,0.047104396262235504,1.0
all,0.0400,cross-ppi,31,0.04472783764079946,1.0
all,0.0400,cross-ppi,32,0.04581285275890146,1.0
all,0.0400,cross-ppi,33,0.047962906269446326,1.0
all,0.0400,cross-ppi,34,0.04328949879047084,1.0
all,0.0400,cross-ppi,35,0.04580243361141767,1.0
all,0.0400,cross-ppi,36,0.04691961885132312,1.0
all,0.0400,cross-ppi,37,0.045640192079067804,1.0
all,0.0400,cross-ppi,38,0.04554714259376069,0.0
all,0.0400,cross-ppi,39,0.047069495403810474,1.0
all,0.0400,cross-ppi,40,0.04726161805814866,1.0
all,0.0400,cross-ppi,41,0.04552503019841758,1.0
all,0.0400,cross-ppi,42,0.04050017910668083,1.0
all,0.0400,cross-ppi,43,0.0456771665449808,1.0
all,0.0400,cross-ppi,44,0.04501705842605075,1.0
all,0.0400,cross-ppi,45,0.04354013514343194,1.0
all,0.0400,cross-ppi,46,0.04212031273179909,1.0
all,0.0400,cross-ppi,47,0.04641433765768632,1.0
all,0.0400,cross-ppi,48,0.042782950797893265,1.0
all,0.0400,cross-ppi,49,0.0468307421360139,1.0
all,0.0400,cross-ppi,50,0.0513997975085857,0.0
all,0.0400,cross-ppi,51,0.04462230635267275,0.0
all,0.0400,cross-ppi,52,0.046272532841389075,1.0
all,0.0400,cross-ppi,53,0.04850698363698294,1.0
all,0.0400,cross-ppi,54,0.04732591449314669,1.0
all,0.0400,cross-ppi,55,0.04847401400806706,1.0
all,0.0400,cross-ppi,56,0.04752193976439453,1.0
all,0.0400,cross-ppi,57,0.046988865659126994,1.0
all,0.0400,cross-ppi,58,0.04276325882819196,1.0
all,0.0400,cross-ppi,59,0.04766729307801276,1.0
all,0.0400,cross-ppi,60,0.044837092660682726,1.0
all,0.0400,cross-ppi,61,0.04525201859845995,1.0
all,0.0400,cross-ppi,62,0.04681543102720276,1.0
all,0.0400,cross-ppi,63,0.04339364645669966,1.0
all,0.0400,cross-ppi,64,0.04670282099802106,1.0
all,0.0400,cross-ppi,65,0.04357686501127858,1.0
all,0.0400,cross-ppi,66,0.046362873494379064,1.0
all,0.0400,cross-ppi,67,0.04827791207175361,1.0
all,0.0400,cross-ppi,68,0.04537527046888734,1.0
all,0.0400,cross-ppi,69,0.047834203877928055,1.0
all,0.0400,cross-ppi,70,0.04492315467287,1.0
all,0.0400,cross-ppi,71,0.047920521440333985,1.0
all,0.0400,cross-ppi,72,0.044003381976827655,1.0
all,0.0400,cross-ppi,73,0.04483360987627505,1.0
all,0.0400,cross-ppi,74,0.045508974343255154,1.0
all,0.0400,cross-ppi,75,0.04657822566358738,1.0
all,0.0400,cross-ppi,76,0.04995611765868846,1.0
all,0.0400,cross-ppi,77,0.04723003935256542,1.0
all,0.0400,cross-ppi,78,0.048504961139538616,1.0
all,0.0400,cross-ppi,79,0.043792381462770286,1.0
all,0.0400,cross-ppi,80,0.04725323236026144,1.0
all,0.0400,cross-ppi,81,0.0468471119528735,1.0
all,0.0400,cross-ppi,82,0.04546354116510676,1.0
all,0.0400,cross-ppi,83,0.046949441561832894,1.0
all,0.0400,cross-ppi,84,0.04733863724331522,1.0
all,0.0400,cross-ppi,85,0.04760641736522653,1.0
all,0.0400,cross-ppi,86,0.04471234764683529,1.0
all,0.0400,cross-ppi,87,0.04382382144109201,1.0
all,0.0400,cross-ppi,88,0.047682454507410155,1.0
all,0.0400,cross-ppi,89,0.04584691760303991,1.0
all,0.0400,cross-ppi,90,0.04386558564824494,1.0
all,0.0400,cross-ppi,91,0.04433400919892583,1.0
all,0.0400,cross-ppi,92,0.04713446722152903,1.0
all,0.0400,cross-ppi,93,0.04272720069234848,1.0
all,0.0400,cross-ppi,94,0.04755832281408734,1.0
all,0.0400,cross-ppi,95,0.04830122920384153,1.0
all,0.0400,cross-ppi,96,0.048344179894152184,1.0
all,0.0400,cross-ppi,97,0.04354539947793501,1.0
all,0.0400,cross-ppi,98,0.04596314184245598,1.0
all,0.0400,cross-ppi,99,0.04934091336388258,1.0
all,0.0400,cross-ppi,100,0.04518183355628205,1.0
all,0.0400,cross-ppi,101,0.0451425737412714,1.0
all,0.0400,cross-ppi,102,0.04624645211622294,1.0
all,0.0400,cross-ppi,103,0.04559886960872131,1.0
all,0.0400,cross-ppi,104,0.04541888558976634,0.0
all,0.0400,cross-ppi,105,0.04753065402684853,1.0
all,0.0400,cross-ppi,106,0.04681490897461338,1.0
all,0.0400,cross-ppi,107,0.04602165189036156,1.0
all,0.0400,cross-ppi,108,0.04405492280520043,1.0
all,0.0400,cross-ppi,109,0.0444480831657883,1.0
all,0.0400,cross-ppi,110,0.04401689693267383,1.0
all,0.0400,cross-ppi,111,0.0493737187105151,1.0
all,0.0400,cross-ppi,112,0.04658896972492052,1.0
all,0.0400,cross-ppi,113,0.04537293766046327,1.0
all,0.0400,cross-ppi,114,0.0445107404286699,1.0
all,0.0400,cross-ppi,115,0.049288233511678325,1.0
all,0.0400,cross-ppi,116,0.04276889553587063,1.0
all,0.0400,cross-ppi,117,0.04873249940345645,1.0
all,0.0400,cross-ppi,118,0.04700860508815463,1.0
all,0.0400,cross-ppi,119,0.045248276613116256,1.0
all,0.0400,cross-ppi,120,0.045979208649770675,1.0
all,0.0400,cross-ppi,121,0.04631224534535838,1.0
all,0.0400,cross-ppi,122,0.048629384890254146,1.0
all,0.0400,cross-ppi,123,0.047826311026890944,1.0
all,0.0400,cross-ppi,124,0.044569568088990014,1.0
all,0.0400,cross-ppi,125,0.048160045009503744,1.0
all,0.0400,cross-ppi,126,0.04588640376252995,1.0
all,0.0400,cross-ppi,127,0.04501794555038097,1.0
all,0.0400,cross-ppi,128,0.0429095905340757,1.0
all,0.0400,cross-ppi,129,0.04537216005765532,1.0
all,0.0400,cross-ppi,130,0.04991996825490974,0.0
all,0.0400,cross-ppi,131,0.04506538662310408,1.0
all,0.0400,cross-ppi,132,0.04297724927980687,1.0
all,0.0400,cross-ppi,133,0.04532083462160963,1.0
all,0.0400,cross-ppi,134,0.04676716124162794,1.0
all,0.0400,cross-ppi,135,0.0474491371578348,1.0
all,0.0400,cross-ppi,136,0.04906672623291933,1.0
all,0.0400,cross-ppi,137,0.04726516655546972,1.0
all,0.0400,cross-ppi,138,0.045103255514782115,1.0
all,0.0400,cross-ppi,139,0.04550889402747216,1.0
all,0.0400,cross-ppi,140,0.046815569754464326,1.0
all,0.0400,cross-ppi,141,0.04310557929814943,1.0
all,0.0400,cross-ppi,142,0.04464394415475281,1.0
all,0.0400,cross-ppi,143,0.046655219293732064,1.0
all,0.0400,cross-ppi,144,0.04221787085310569,1.0
all,0.0400,cross-ppi,145,0.04539348024732079,1.0
all,0.0400,cross-ppi,146,0.04629512348071271,1.0
all,0.0400,cross-ppi,147,0.04878044427518191,1.0
all,0.0400,cross-ppi,148,0.045380947334457494,1.0
all,0.0400,cross-ppi,149,0.04331301671201615,0.0
all,0.0400,cross-ppi,150,0.04620972589909375,1.0
all,0.0400,cross-ppi,151,0.04532239712866046,1.0
all,0.0400,cross-ppi,152,0.04708598569434452,1.0
all,0.0400,cross-ppi,153,0.046484018900861734,1.0
all,0.0400,cross-ppi,154,0.045953690135085434,1.0
all,0.0400,cross-ppi,155,0.04806196118489037,1.0
all,0.0400,cross-ppi,156,0.046018581637020994,1.0
all,0.0400,cross-ppi,157,0.04598825147679142,1.0
all,0.0400,cross-ppi,158,0.04415744225146512,1.0
all,0.0400,cross-ppi,159,0.042883086325690184,1.0
all,0.0400,cross-ppi,160,0.04629499570560336,1.0
all,0.0400,cross-ppi,161,0.045907435545520126,0.0
all,0.0400,cross-ppi,162,0.04550055578891121,1.0
all,0.0400,cross-ppi,163,0.04582609756165937,1.0
all,0.0400,cross-ppi,164,0.041499592202989044,1.0
all,0.0400,cross-ppi,165,0.04793255420491227,1.0
all,0.0400,cross-ppi,166,0.04891565954655683,1.0
all,0.0400,cross-ppi,167,0.04496459761689098,1.0
all,0.0400,cross-ppi,168,0.0433452963553419,1.0
all,0.0400,cross-ppi,169,0.048923935722921835,1.0
all,0.0400,cross-ppi,170,0.04746124658747866,1.0
all,0.0400,cross-ppi,171,0.04535025210248708,1.0
all,0.0400,cross-ppi,172,0.04245260833175293,1.0
all,0.0400,cross-ppi,173,0.04519705704787538,1.0
all,0.0400,cross-ppi,174,0.049590582276730494,1.0
all,0.0400,cross-ppi,175,0.044961987353943966,1.0
all,0.0400,cross-ppi,176,0.0454919620001317,1.0
all,0.0400,cross-ppi,177,0.04959255366413107,1.0
all,0.0400,cross-ppi,178,0.04791516218717831,1.0
all,0.0400,cross-ppi,179,0.04862651177565369,1.0
all,0.0400,cross-ppi,180,0.04525093068467223,1.0
all,0.0400,cross-ppi,181,0.04239324036525638,1.0
all,0.0400,cross-ppi,182,0.04534429778239382,1.0
all,0.0400,cross-ppi,183,0.04575014438597613,1.0
all,0.0400,cross-ppi,184,0.04332876955763376,1.0
all,0.0400,cross-ppi,185,0.043840428554583144,1.0
all,0.0400,cross-ppi,186,0.04727906118592637,1.0
all,0.0400,cross-ppi,187,0.043469263766381355,1.0
all,0.0400,cross-ppi,188,0.04510513198353008,1.0
all,0.0400,cross-ppi,189,0.04531350763177078,1.0
all,0.0400,cross-ppi,190,0.04592636086456561,1.0
all,0.0400,cross-ppi,191,0.04417224225983907,1.0
all,0.0400,cross-ppi,192,0.04467239419551697,1.0
all,0.0400,cross-ppi,193,0.04482146759017447,1.0
all,0.0400,cross-ppi,194,0.04509273779792833,1.0
all,0.0400,cross-ppi,195,0.04509553424746324,1.0
all,0.0400,cross-ppi,196,0.04636446520716919,1.0
all,0.0400,cross-ppi,197,0.04159621939135641,0.0
all,0.0400,cross-ppi,198,0.04652346490246029,1.0
all,0.0400,cross-ppi,199,0.04470266959498548,1.0
all,0.0400,cross-ppi,200,0.0473504984241753,1.0
all,0.0400,cross-ppi,201,0.045640312552742285,1.0
all,0.0400,cross-ppi,202,0.04772428442747645,1.0
all,0.0400,cross-ppi,203,0.04894636207996206,1.0
all,0.0400,cross-ppi,204,0.04697671972230899,1.0
all,0.0400,cross-ppi,205,0.046260069292156536,1.0
all,0.0400,cross-ppi,206,0.046648169758416264,1.0
all,0.0400,cross-ppi,207,0.04368157488798838,1.0
all,0.0400,cross-ppi,208,0.048321968929439074,1.0
all,0.0400,cross-ppi,209,0.04747981778693555,1.0
all,0.0400,cross-ppi,210,0.04533813172069093,1.0
all,0.0400,cross-ppi,211,0.047554237661307286,1.0
all,0.0400,cross-ppi,212,0.04705606441446475,1.0
all,0.0400,cross-ppi,213,0.046913127875770844,1.0
all,0.0400,cross-ppi,214,0.04554163001047393,1.0
all,0.0400,cross-ppi,215,0.046972612665224484,1.0
all,0.0400,cross-ppi,216,0.04724797167647579,1.0
all,0.0400,cross-ppi,217,0.04459977777554511,1.0
all,0.0400,cross-ppi,218,0.048868868301532475,1.0
all,0.0400,cross-ppi,219,0.04703705512891884,1.0
all,0.0400,cross-ppi,220,0.04601136781942186,1.0
all,0.0400,cross-ppi,221,0.04837542273373388,1.0
all,0.0400,cross-ppi,222,0.04663309229551926,1.0
all,0.0400,cross-ppi,223,0.046637443950670154,1.0
all,0.0400,cross-ppi,224,0.04726418086176942,1.0
all,0.0400,cross-ppi,225,0.04434988616893529,1.0
all,0.0400,cross-ppi,226,0.044486988861210386,1.0
all,0.0400,cross-ppi,227,0.04243142321863158,1.0
all,0.0400,cross-ppi,228,0.04795642624604626,1.0
all,0.0400,cross-ppi,229,0.045444185061407016,1.0
all,0.0400,cross-ppi,230,0.047145802699082334,1.0
all,0.0400,cross-ppi,231,0.043892334454696785,1.0
all,0.0400,cross-ppi,232,0.04916405070831176,1.0
all,0.0400,cross-ppi,233,0.0430487887381433,1.0
all,0.0400,cross-ppi,234,0.044041159600570534,1.0
all,0.0400,cross-ppi,235,0.045995658782413185,0.0
all,0.0400,cross-ppi,236,0.04626981305691977,1.0
all,0.0400,cross-ppi,237,0.044676070467947304,1.0
all,0.0400,cross-ppi,238,0.044522364312898466,1.0
all,0.0400,cross-ppi,239,0.04705505681645994,1.0
all,0.0400,cross-ppi,240,0.04336692685598709,1.0
all,0.0400,cross-ppi,241,0.04428737858546741,1.0
all,0.0400,cross-ppi,242,0.04803824977532234,1.0
all,0.0400,cross-ppi,243,0.04689084389670953,1.0
all,0.0400,cross-ppi,244,0.04799974200809776,0.0
all,0.0400,cross-ppi,245,0.0419932239573754,1.0
all,0.0400,cross-ppi,246,0.04490381682275735,1.0
all,0.0400,cross-ppi,247,0.04667128245032928,1.0
all,0.0400,cross-ppi,248,0.050197094213386806,1.0
all,0.0400,cross-ppi,249,0.04638902358317598,1.0
all,0.0400,cross-ppi,250,0.04685856425338386,1.0
all,0.0400,cross-ppi,251,0.04678148665673887,1.0
all,0.0400,cross-ppi,252,0.049963857179594395,1.0
all,0.0400,cross-ppi,253,0.04905014832516752,0.0
all,0.0400,cross-ppi,254,0.04433768912207359,1.0
all,0.0400,cross-ppi,255,0.04712400426543639,1.0
all,0.0400,cross-ppi,256,0.04350751963410471,1.0
all,0.0400,cross-ppi,257,0.04650483529152494,1.0
all,0.0400,cross-ppi,258,0.04852504373600264,1.0
all,0.0400,cross-ppi,259,0.047974603168023044,1.0
all,0.0400,cross-ppi,260,0.04515325574040854,1.0
all,0.0400,cross-ppi,261,0.04302883756750597,1.0
all,0.0400,cross-ppi,262,0.047654475409191654,1.0
all,0.0400,cross-ppi,263,0.04703781447813979,1.0
all,0.0400,cross-ppi,264,0.04940369110043863,1.0
all,0.0400,cross-ppi,265,0.04503628310392374,1.0
all,0.0400,cross-ppi,266,0.04582238843277239,1.0
all,0.0400,cross-ppi,267,0.042845242989034,1.0
all,0.0400,cross-ppi,268,0.04644604048766143,1.0
all,0.0400,cross-ppi,269,0.04187652877541362,0.0
all,0.0400,cross-ppi,270,0.044410396809980685,1.0
all,0.0400,cross-ppi,271,0.04862124013971589,1.0
all,0.0400,cross-ppi,272,0.04827614147381054,1.0
all,0.0400,cross-ppi,273,0.043891407172475055,1.0
all,0.0400,cross-ppi,274,0.04510236108901708,1.0
all,0.0400,cross-ppi,275,0.043027570768565226,1.0
all,0.0400,cross-ppi,276,0.04401568124377678,1.0
all,0.0400,cross-ppi,277,0.044791272506489066,1.0
all,0.0400,cross-ppi,278,0.04591369287515823,1.0
all,0.0400,cross-ppi,279,0.04833192443581194,1.0
all,0.0400,cross-ppi,280,0.04735275456753374,1.0
all,0.0400,cross-ppi,281,0.04303756643282963,1.0
all,0.0400,cross-ppi,282,0.04345704116449778,1.0
all,0.0400,cross-ppi,283,0.04449710864986667,1.0
all,0.0400,cross-ppi,284,0.04816800722417158,1.0
all,0.0400,cross-ppi,285,0.045431232316041736,1.0
all,0.0400,cross-ppi,286,0.04684400154164148,1.0
all,0.0400,cross-ppi,287,0.04530721014424122,1.0
all,0.0400,cross-ppi,288,0.04413229245923819,1.0
all,0.0400,cross-ppi,289,0.048491259997104685,1.0
all,0.0400,cross-ppi,290,0.0468128645728646,1.0
all,0.0400,cross-ppi,291,0.04268915291551742,1.0
all,0.0400,cross-ppi,292,0.044631885835152624,1.0
all,0.0400,cross-ppi,293,0.047540310174393974,1.0
all,0.0400,cross-ppi,294,0.04733519826751642,1.0
all,0.0400,cross-ppi,295,0.04790365877662428,1.0
all,0.0400,cross-ppi,296,0.045393783256865716,1.0
all,0.0400,cross-ppi,297,0.04224921956349223,1.0
all,0.0400,cross-ppi,298,0.04523488213094454,1.0
all,0.0400,cross-ppi,299,0.043988888628716055,1.0
all,0.0400,cross-ppi,300,0.0473081245472152,1.0
all,0.0400,cross-ppi,301,0.047706731778176525,1.0
all,0.0400,cross-ppi,302,0.04965012182694517,0.0
all,0.0400,cross-ppi,303,0.04432470352025164,0.0
all,0.0400,cross-ppi,304,0.04989411387422296,1.0
all,0.0400,cross-ppi,305,0.04581447367743083,0.0
all,0.0400,cross-ppi,306,0.04635709440872149,1.0
all,0.0400,cross-ppi,307,0.04773767525893069,0.0
all,0.0400,cross-ppi,308,0.0427271568837396,1.0
all,0.0400,cross-ppi,309,0.04465036576667428,1.0
all,0.0400,cross-ppi,310,0.04928248363176002,1.0
all,0.0400,cross-ppi,311,0.045639586059978005,1.0
all,0.0400,cross-ppi,312,0.04700949951391964,1.0
all,0.0400,cross-ppi,313,0.04219019841514948,1.0
all,0.0400,cross-ppi,314,0.045454323103650385,1.0
all,0.0400,cross-ppi,315,0.04336053444980481,1.0
all,0.0400,cross-ppi,316,0.04733438050681693,1.0
all,0.0400,cross-ppi,317,0.047777687121727586,1.0
all,0.0400,cross-ppi,318,0.04358673290043369,1.0
all,0.0400,cross-ppi,319,0.04229155693327824,1.0
all,0.0400,cross-ppi,320,0.045040021438550015,1.0
all,0.0400,cross-ppi,321,0.043332157423388806,1.0
all,0.0400,cross-ppi,322,0.040991686143535516,1.0
all,0.0400,cross-ppi,323,0.04204000790096496,1.0
all,0.0400,cross-ppi,324,0.045247484407438615,1.0
all,0.0400,cross-ppi,325,0.046474797188687966,0.0
all,0.0400,cross-ppi,326,0.04540953610248322,1.0
all,0.0400,cross-ppi,327,0.04505804503039565,1.0
all,0.0400,cross-ppi,328,0.046960342604014604,1.0
all,0.0400,cross-ppi,329,0.04451160564869572,1.0
all,0.0400,cross-ppi,330,0.045226007236924576,1.0
all,0.0400,cross-ppi,331,0.04513331187120606,1.0
all,0.0400,cross-ppi,332,0.04627774971656576,1.0
all,0.0500,cross-ppi,0,0.040916119943897544,1.0
all,0.0500,cross-ppi,1,0.04051079904362209,1.0
all,0.0500,cross-ppi,2,0.04142006862568026,1.0
all,0.0500,cross-ppi,3,0.04089652654356632,1.0
all,0.0500,cross-ppi,4,0.042116523287129115,1.0
all,0.0500,cross-ppi,5,0.042334325087718505,1.0
all,0.0500,cross-ppi,6,0.04240609819196903,1.0
all,0.0500,cross-ppi,7,0.04100726740543484,1.0
all,0.0500,cross-ppi,8,0.039990338167000816,1.0
all,0.0500,cross-ppi,9,0.040497185518405865,1.0
all,0.0500,cross-ppi,10,0.04032315216882665,1.0
all,0.0500,cross-ppi,11,0.04374889411700056,1.0
all,0.0500,cross-ppi,12,0.041283593856799444,1.0
all,0.0500,cross-ppi,13,0.039593987079397985,1.0
all,0.0500,cross-ppi,14,0.04007117965329399,1.0
all,0.0500,cross-ppi,15,0.04337653919492357,1.0
all,0.0500,cross-ppi,16,0.03850212686615506,1.0
all,0.0500,cross-ppi,17,0.042919560643318255,1.0
all,0.0500,cross-ppi,18,0.04145037323088799,1.0
all,0.0500,cross-ppi,19,0.03850383175118485,1.0
all,0.0500,cross-ppi,20,0.041195965686843916,1.0
all,0.0500,cross-ppi,21,0.04206918443449348,1.0
all,0.0500,cross-ppi,22,0.04414750864939668,1.0
all,0.0500,cross-ppi,23,0.04255633981619722,1.0
all,0.0500,cross-ppi,24,0.041944067047470335,1.0
all,0.0500,cross-ppi,25,0.04318120390926594,1.0
all,0.0500,cross-ppi,26,0.04123523645400684,1.0
all,0.0500,cross-ppi,27,0.039394468071590194,1.0
all,0.0500,cross-ppi,28,0.039135968073331195,1.0
all,0.0500,cross-ppi,29,0.041327778489594125,1.0
all,0.0500,cross-ppi,30,0.04437026082279194,0.0
all,0.0500,cross-ppi,31,0.04050483377137662,1.0
all,0.0500,cross-ppi,32,0.03924803414561906,1.0
all,0.0500,cross-ppi,33,0.040102725502420666,0.0
all,0.0500,cross-ppi,34,0.041280760900090474,1.0
all,0.0500,cross-ppi,35,0.04215995952285512,1.0
all,0.0500,cross-ppi,36,0.04393638036022998,1.0
all,0.0500,cross-ppi,37,0.04150619635078093,1.0
all,0.0500,cross-ppi,38,0.04099486956911569,1.0
all,0.0500,cross-ppi,39,0.042348387651175906,1.0
all,0.0500,cross-ppi,40,0.04257482704915372,1.0
all,0.0500,cross-ppi,41,0.039325564431222704,1.0
all,0.0500,cross-ppi,42,0.03992798756438154,1.0
all,0.0500,cross-ppi,43,0.04244065223224022,1.0
all,0.0500,cross-ppi,44,0.037359163910628435,1.0
all,0.0500,cross-ppi,45,0.040345640588062864,1.0
all,0.0500,cross-ppi,46,0.04090540143758628,1.0
all,0.0500,cross-ppi,47,0.043620991232594775,1.0
all,0.0500,cross-ppi,48,0.040710854706888844,1.0
all,0.0500,cross-ppi,49,0.03992510349762887,1.0
all,0.0500,cross-ppi,50,0.04070063269814517,1.0
all,0.0500,cross-ppi,51,0.040933128636303606,1.0
all,0.0500,cross-ppi,52,0.04357597423623094,1.0
all,0.0500,cross-ppi,53,0.041293834119130235,1.0
all,0.0500,cross-ppi,54,0.04077048917575621,1.0
all,0.0500,cross-ppi,55,0.04303645661473743,1.0
all,0.0500,cross-ppi,56,0.040192916475996876,1.0
all,0.0500,cross-ppi,57,0.04061632668103132,1.0
all,0.0500,cross-ppi,58,0.039857105235178714,1.0
all,0.0500,cross-ppi,59,0.0394709104434062,1.0
all,0.0500,cross-ppi,60,0.04181292597672326,1.0
all,0.0500,cross-ppi,61,0.04008074453290422,1.0
all,0.0500,cross-ppi,62,0.04059781024233555,1.0
all,0.0500,cross-ppi,63,0.04083651605080585,1.0
all,0.0500,cross-ppi,64,0.03711266747120845,0.0
all,0.0500,cross-ppi,65,0.04269845494347416,1.0
all,0.0500,cross-ppi,66,0.04342796320033929,1.0
all,0.0500,cross-ppi,67,0.039691694880118256,1.0
all,0.0500,cross-ppi,68,0.04035294932431463,1.0
all,0.0500,cross-ppi,69,0.04336066587563156,1.0
all,0.0500,cross-ppi,70,0.04161462630852994,1.0
all,0.0500,cross-ppi,71,0.04145489281903969,1.0
all,0.0500,cross-ppi,72,0.04009789195257177,1.0
all,0.0500,cross-ppi,73,0.041438599667245696,1.0
all,0.0500,cross-ppi,74,0.044168368848668704,1.0
all,0.0500,cross-ppi,75,0.04118360070698143,1.0
all,0.0500,cross-ppi,76,0.04031646770525177,1.0
all,0.0500,cross-ppi,77,0.043619969031720385,1.0
all,0.0500,cross-ppi,78,0.04306815214327783,1.0
all,0.0500,cross-ppi,79,0.04440913366175736,1.0
all,0.0500,cross-ppi,80,0.04060324981127417,1.0
all,0.0500,cross-ppi,81,0.03894441128019133,1.0
all,0.0500,cross-ppi,82,0.04151449443145039,1.0
all,0.0500,cross-ppi,83,0.04184717335673213,1.0
all,0.0500,cross-ppi,84,0.04002413650876846,1.0
all,0.0500,cross-ppi,85,0.04002539235555694,1.0
all,0.0500,cross-ppi,86,0.042914464241816,1.0
all,0.0500,cross-ppi,87,0.03839530322406581,1.0
all,0.0500,cross-ppi,88,0.039973267412398816,1.0
all,0.0500,cross-ppi,89,0.040012019777689756,1.0
all,0.0500,cross-ppi,90,0.04061259929855732,1.0
all,0.0500,cross-ppi,91,0.040801724713903115,1.0
all,0.0500,cross-ppi,92,0.039865439823022236,0.0
all,0.0500,cross-ppi,93,0.04056487346987636,1.0
all,0.0500,cross-ppi,94,0.04073858555632359,1.0
all,0.0500,cross-ppi,95,0.04013827983926169,1.0
all,0.0500,cross-ppi,96,0.04159710651568671,1.0
all,0.0500,cross-ppi,97,0.03833756347753345,1.0
all,0.0500,cross-ppi,98,0.04207668665876785,1.0
all,0.0500,cross-ppi,99,0.03916117627703672,1.0
all,0.0500,cross-ppi,100,0.04218932224297145,1.0
all,0.0500,cross-ppi,101,0.042138266960013965,1.0
all,0.0500,cross-ppi,102,0.043068444200670464,1.0
all,0.0500,cross-ppi,103,0.04351171795912445,1.0
all,0.0500,cross-ppi,104,0.04139426170431981,1.0
all,0.0500,cross-ppi,105,0.04185846867639395,1.0
all,0.0500,cross-ppi,106,0.041334097881428195,1.0
all,0.0500,cross-ppi,107,0.03925050568130459,1.0
all,0.0500,cross-ppi,108,0.0426041350085089,1.0
all,0.0500,cross-ppi,109,0.04237272698413819,1.0
all,0.0500,cross-ppi,110,0.040325397360032905,1.0
all,0.0500,cross-ppi,111,0.04236906896529491,1.0
all,0.0500,cross-ppi,112,0.0433141812908695,1.0
all,0.0500,cross-ppi,113,0.04149860285857132,1.0
all,0.0500,cross-ppi,114,0.04013787095891197,1.0
all,0.0500,cross-ppi,115,0.041419834979766174,1.0
all,0.0500,cross-ppi,116,0.04148022514713709,1.0
all,0.0500,cross-ppi,117,0.04029154790822154,1.0
all,0.0500,cross-ppi,118,0.04250446677254027,1.0
all,0.0500,cross-ppi,119,0.041702050038310595,1.0
all,0.0500,cross-ppi,120,0.04071823280677142,1.0
all,0.0500,cross-ppi,121,0.04293816834994921,1.0
all,0.0500,cross-ppi,122,0.0413819441837836,1.0
all,0.0500,cross-ppi,123,0.042238501057180966,1.0
all,0.0500,cross-ppi,124,0.04114602752341345,1.0
all,0.0500,cross-ppi,125,0.040572886794587926,1.0
all,0.0500,cross-ppi,126,0.03997705320635139,1.0
all,0.0500,cross-ppi,127,0.03894786485885973,1.0
all,0.0500,cross-ppi,128,0.04357964320722643,1.0
all,0.0500,cross-ppi,129,0.040465632367844506,1.0
all,0.0500,cross-ppi,130,0.04159229487014229,1.0
all,0.0500,cross-ppi,131,0.04023504575489065,1.0
all,0.0500,cross-ppi,132,0.044007879660674876,1.0
all,0.0500,cross-ppi,133,0.040368377256082805,1.0
all,0.0500,cross-ppi,134,0.04054809477266699,1.0
all,0.0500,cross-ppi,135,0.04078342001681701,1.0
all,0.0500,cross-ppi,136,0.04111028334926711,1.0
all,0.0500,cross-ppi,137,0.040298831089451426,1.0
all,0.0500,cross-ppi,138,0.03956766540688286,1.0
all,0.0500,cross-ppi,139,0.043269021916526706,1.0
all,0.0500,cross-ppi,140,0.0399973037358162,1.0
all,0.0500,cross-ppi,141,0.041014192816358735,1.0
all,0.0500,cross-ppi,142,0.044061052359729236,1.0
all,0.0500,cross-ppi,143,0.040663986796798945,1.0
all,0.0500,cross-ppi,144,0.04438279008493784,1.0
all,0.0500,cross-ppi,145,0.037705810480714974,1.0
all,0.0500,cross-ppi,146,0.04057759256932747,1.0
all,0.0500,cross-ppi,147,0.041785063701461816,1.0
all,0.0500,cross-ppi,148,0.04351432457135407,1.0
all,0.0500,cross-ppi,149,0.0423759724719143,1.0
all,0.0500,cross-ppi,150,0.04192714232156469,1.0
all,0.0500,cross-ppi,151,0.04164932637749741,1.0
all,0.0500,cross-ppi,152,0.04424093780931426,1.0
all,0.0500,cross-ppi,153,0.04378303927692195,1.0
all,0.0500,cross-ppi,154,0.03910095039194916,1.0
all,0.0500,cross-ppi,155,0.04310978127388662,1.0
all,0.0500,cross-ppi,156,0.03914196985275076,1.0
all,0.0500,cross-ppi,157,0.04132230971491624,1.0
all,0.0500,cross-ppi,158,0.04221953558024394,1.0
all,0.0500,cross-ppi,159,0.04210969279485788,1.0
all,0.0500,cross-ppi,160,0.04071497271612565,1.0
all,0.0500,cross-ppi,161,0.03966283230828693,1.0
all,0.0500,cross-ppi,162,0.04247598752603676,1.0
all,0.0500,cross-ppi,163,0.04152210982796445,1.0
all,0.0500,cross-ppi,164,0.04236616299423776,1.0
all,0.0500,cross-ppi,165,0.040962137236831314,1.0
all,0.0500,cross-ppi,166,0.04129175686092479,1.0
all,0.0500,cross-ppi,167,0.03947000871620632,1.0
all,0.0500,cross-ppi,168,0.04147113121007259,1.0
all,0.0500,cross-ppi,169,0.03854443868091928,1.0
all,0.0500,cross-ppi,170,0.03953105601271076,1.0
all,0.0500,cross-ppi,171,0.042206403949725635,1.0
all,0.0500,cross-ppi,172,0.04181648907691393,1.0
all,0.0500,cross-ppi,173,0.03936727387761452,1.0
all,0.0500,cross-ppi,174,0.04111332439686832,1.0
all,0.0500,cross-ppi,175,0.03838659626304661,1.0
all,0.0500,cross-ppi,176,0.04032873046502683,1.0
all,0.0500,cross-ppi,177,0.04110454077078354,1.0
all,0.0500,cross-ppi,178,0.03996295048500251,1.0
all,0.0500,cross-ppi,179,0.04275981985239319,1.0
all,0.0500,cross-ppi,180,0.04251064013567796,0.0
all,0.0500,cross-ppi,181,0.03957908485093656,1.0
all,0.0500,cross-ppi,182,0.03890235501564576,1.0
all,0.0500,cross-ppi,183,0.04051722065554356,1.0
all,0.0500,cross-ppi,184,0.041849849332592504,1.0
all,0.0500,cross-ppi,185,0.041522880129337664,1.0
all,0.0500,cross-ppi,186,0.04115708189572628,1.0
all,0.0500,cross-ppi,187,0.03955348967118577,1.0
all,0.0500,cross-ppi,188,0.03884402020217581,1.0
all,0.0500,cross-ppi,189,0.04185981214040024,1.0
all,0.0500,cross-ppi,190,0.042137051271116915,1.0
all,0.0500,cross-ppi,191,0.037291315327592,1.0
all,0.0500,cross-ppi,192,0.04011487874067343,1.0
all,0.0500,cross-ppi,193,0.04211257321089312,1.0
all,0.0500,cross-ppi,194,0.04183659722839983,0.0
all,0.0500,cross-ppi,195,0.04261901168194848,0.0
all,0.0500,cross-ppi,196,0.040844416203277806,1.0
all,0.0500,cross-ppi,197,0.038856071220341154,1.0
all,0.0500,cross-ppi,198,0.04093104407666337,1.0
all,0.0500,cross-ppi,199,0.03975421341573837,1.0
all,0.0500,cross-ppi,200,0.04150920089120813,1.0
all,0.0500,cross-ppi,201,0.04247843350670044,1.0
all,0.0500,cross-ppi,202,0.04409854522751422,0.0
all,0.0500,cross-ppi,203,0.03993170764542078,1.0
all,0.0500,cross-ppi,204,0.044164871461391364,1.0
all,0.0500,cross-ppi,205,0.04117786542993271,1.0
all,0.0500,cross-ppi,206,0.040375430442116,1.0
all,0.0500,cross-ppi,207,0.042710115334876786,0.0
all,0.0500,cross-ppi,208,0.038824357438213775,1.0
all,0.0500,cross-ppi,209,0.039741468761265386,1.0
all,0.0500,cross-ppi,210,0.04403258406537802,1.0
all,0.0500,cross-ppi,211,0.04172582351007456,1.0
all,0.0500,cross-ppi,212,0.043205046744660636,1.0
all,0.0500,cross-ppi,213,0.03907314652816618,1.0
all,0.0500,cross-ppi,214,0.042283247900456566,1.0
all,0.0500,cross-ppi,215,0.03969807268343087,1.0
all,0.0500,cross-ppi,216,0.04265002087561598,1.0
all,0.0500,cross-ppi,217,0.04293175403946248,1.0
all,0.0500,cross-ppi,218,0.03964300891275893,1.0
all,0.0500,cross-ppi,219,0.03938986086622073,1.0
all,0.0500,cross-ppi,220,0.04085509455169756,1.0
all,0.0500,cross-ppi,221,0.040223805195989976,1.0
all,0.0500,cross-ppi,222,0.03795785601059576,1.0
all,0.0500,cross-ppi,223,0.0389560315137025,1.0
all,0.0500,cross-ppi,224,0.04199529756486342,1.0
all,0.0500,cross-ppi,225,0.04243390570646932,0.0
all,0.0500,cross-ppi,226,0.040844543978387104,1.0
all,0.0500,cross-ppi,227,0.039213461851760806,1.0
all,0.0500,cross-ppi,228,0.04109536286721868,1.0
all,0.0500,cross-ppi,229,0.040817389942302884,1.0
all,0.0500,cross-ppi,230,0.039776187083819914,1.0
all,0.0500,cross-ppi,231,0.04074631777579474,1.0
all,0.0500,cross-ppi,232,0.04154843880191436,1.0
all,0.0500,cross-ppi,233,0.04237378204146924,1.0
all,0.0500,cross-ppi,234,0.04261865756235983,1.0
all,0.0500,cross-ppi,235,0.042884199794499755,1.0
all,0.0500,cross-ppi,236,0.03926302034058082,1.0
all,0.0500,cross-ppi,237,0.0404235067396681,0.0
all,0.0500,cross-ppi,238,0.04244635830354959,1.0
all,0.0500,cross-ppi,239,0.040097760526745074,1.0
all,0.0500,cross-ppi,240,0.03992232530168102,1.0
all,0.0500,cross-ppi,241,0.03786562793670556,1.0
all,0.0500,cross-ppi,242,0.03973814295770628,1.0
all,0.0500,cross-ppi,243,0.04007147901212149,1.0
all,0.0500,cross-ppi,244,0.0422861429193615,1.0
all,0.0500,cross-ppi,245,0.04097382318325585,1.0
all,0.0500,cross-ppi,246,0.04155068034240317,1.0
all,0.0500,cross-ppi,247,0.040815882196013176,1.0
all,0.0500,cross-ppi,248,0.0400353077040384,1.0
all,0.0500,cross-ppi,249,0.04186286414015372,1.0
all,0.0500,cross-ppi,250,0.03932408589067227,1.0
all,0.0500,cross-ppi,251,0.04098062081907042,1.0
all,0.0500,cross-ppi,252,0.04150656872395661,1.0
all,0.0500,cross-ppi,253,0.041504367341359316,1.0
all,0.0500,cross-ppi,254,0.03969852537238952,1.0
all,0.0500,cross-ppi,255,0.041769537200323587,1.0
all,0.0500,cross-ppi,256,0.04047464598912598,1.0
all,0.0500,cross-ppi,257,0.04510334313199993,1.0
all,0.0500,cross-ppi,258,0.04011555412339396,1.0
all,0.0500,cross-ppi,259,0.04250720115987919,1.0
all,0.0500,cross-ppi,260,0.041181089013404365,1.0
all,0.0500,cross-ppi,261,0.04057137904829822,1.0
all,0.0500,cross-ppi,262,0.04036758139968777,1.0
all,0.0500,cross-ppi,263,0.04245482431721992,0.0
all,0.0500,cross-ppi,264,0.0426932380682975,1.0
all,0.0500,cross-ppi,265,0.039469253017702766,1.0
all,0.0500,cross-ppi,266,0.039977907474225,1.0
all,0.0500,cross-ppi,267,0.04232445719856337,1.0
all,0.0500,cross-ppi,268,0.042298460439897684,1.0
all,0.0500,cross-ppi,269,0.041890627846045136,1.0
all,0.0500,cross-ppi,270,0.041380597069059916,1.0
all,0.0500,cross-ppi,271,0.041130190711295506,1.0
all,0.0500,cross-ppi,272,0.0409185111638001,1.0
all,0.0500,cross-ppi,273,0.03987808955884256,1.0
all,0.0500,cross-ppi,274,0.04065306019959536,1.0
all,0.0500,cross-ppi,275,0.03823336835197824,1.0
all,0.0500,cross-ppi,276,0.041203533624031646,1.0
all,0.0500,cross-ppi,277,0.042875996632482954,1.0
all,0.0500,cross-ppi,278,0.04103650965187669,1.0
all,0.0500,cross-ppi,279,0.04202636882072694,1.0
all,0.0500,cross-ppi,280,0.04139344394362032,0.0
all,0.0500,cross-ppi,281,0.03799870388767915,1.0
all,0.0500,cross-ppi,282,0.040694948531140196,1.0
all,0.0500,cross-ppi,283,0.0379875144388222,1.0
all,0.0500,cross-ppi,284,0.04145613406295856,1.0
all,0.0500,cross-ppi,285,0.041264296164578274,0.0
all,0.0500,cross-ppi,286,0.03998032424914941,1.0
all,0.0500,cross-ppi,287,0.04180946509662001,1.0
all,0.0500,cross-ppi,288,0.041315614299189146,1.0
all,0.0500,cross-ppi,289,0.04298793858037886,1.0
all,0.0500,cross-ppi,290,0.03994771969197433,1.0
all,0.0500,cross-ppi,291,0.04384330531990102,1.0
all,0.0500,cross-ppi,292,0.03859786327947479,1.0
all,0.0500,cross-ppi,293,0.0408007098144636,1.0
all,0.0500,cross-ppi,294,0.040975166647262196,1.0
all,0.0500,cross-ppi,295,0.03966725697778595,1.0
all,0.0500,cross-ppi,296,0.03801727143641864,1.0
all,0.0500,cross-ppi,297,0.04079874572849784,1.0
all,0.0500,cross-ppi,298,0.042000138416147026,1.0
all,0.0500,cross-ppi,299,0.04066388092599407,1.0
all,0.0500,cross-ppi,300,0.039328225804213496,1.0
all,0.0500,cross-ppi,301,0.043742552820862035,1.0
all,0.0500,cross-ppi,302,0.042651751315667646,1.0
all,0.0500,cross-ppi,303,0.0396898074592181,1.0
all,0.0500,cross-ppi,304,0.03909888773661338,1.0
all,0.0500,cross-ppi,305,0.04326148683579564,1.0
all,0.0500,cross-ppi,306,0.04213888028053858,1.0
all,0.0500,cross-ppi,307,0.039415247955079225,1.0
all,0.0500,cross-ppi,308,0.040060731300070956,1.0
all,0.0500,cross-ppi,309,0.044305759947619094,1.0
all,0.0500,cross-ppi,310,0.043602883674248805,1.0
all,0.0500,cross-ppi,311,0.03959364026124415,1.0
all,0.0500,cross-ppi,312,0.04045209550769388,1.0
all,0.0500,cross-ppi,313,0.03943025605434547,1.0
all,0.0500,cross-ppi,314,0.040064345510305355,1.0
all,0.0500,cross-ppi,315,0.04311232582392033,1.0
all,0.0500,cross-ppi,316,0.04120380012640246,1.0
all,0.0500,cross-ppi,317,0.04098045653678706,1.0
all,0.0500,cross-ppi,318,0.04229840932985396,1.0
all,0.0500,cross-ppi,319,0.04186494869979396,1.0
all,0.0500,cross-ppi,320,0.041880445995192916,1.0
all,0.0500,cross-ppi,321,0.04374386707912911,1.0
all,0.0500,cross-ppi,322,0.04062111277155389,1.0
all,0.0500,cross-ppi,323,0.04106888056313762,1.0
all,0.0500,cross-ppi,324,0.04228091144131518,1.0
all,0.0500,cross-ppi,325,0.04178685985442676,1.0
all,0.0500,cross-ppi,326,0.041604090338089095,1.0
all,0.0500,cross-ppi,327,0.04269576801546157,1.0
all,0.0500,cross-ppi,328,0.042359412817749464,1.0
all,0.0500,cross-ppi,329,0.0411447680259075,1.0
all,0.0500,cross-ppi,330,0.042340728446052966,1.0
all,0.0500,cross-ppi,331,0.04123622944914196,1.0
all,0.0500,cross-ppi,332,0.04063922763133465,1.0
all,0.0600,cross-ppi,0,0.03884591127379336,1.0
all,0.0600,cross-ppi,1,0.03879851400967918,1.0
all,0.0600,cross-ppi,2,0.03870440946704101,1.0
all,0.0600,cross-ppi,3,0.04024900609826065,1.0
all,0.0600,cross-ppi,4,0.037429648311633756,1.0
all,0.0600,cross-ppi,5,0.038179115040571004,1.0
all,0.0600,cross-ppi,6,0.037492283670210874,1.0
all,0.0600,cross-ppi,7,0.037244443766784596,1.0
all,0.0600,cross-ppi,8,0.03903026885220373,1.0
all,0.0600,cross-ppi,9,0.038777566193189394,1.0
all,0.0600,cross-ppi,10,0.03695976447398944,1.0
all,0.0600,cross-ppi,11,0.03846292546262289,1.0
all,0.0600,cross-ppi,12,0.03950060172808925,1.0
all,0.0600,cross-ppi,13,0.038367784116240755,1.0
all,0.0600,cross-ppi,14,0.037504305482636974,1.0
all,0.0600,cross-ppi,15,0.0376627466181646,1.0
all,0.0600,cross-ppi,16,0.03856526237301716,1.0
all,0.0600,cross-ppi,17,0.03652152870555922,1.0
all,0.0600,cross-ppi,18,0.03880080300949429,1.0
all,0.0600,cross-ppi,19,0.03809976669769788,1.0
all,0.0600,cross-ppi,20,0.03705096669628791,1.0
all,0.0600,cross-ppi,21,0.03966057251421107,1.0
all,0.0600,cross-ppi,22,0.03765387537486206,1.0
all,0.0600,cross-ppi,23,0.03883318122219004,1.0
all,0.0600,cross-ppi,24,0.036960509220340776,1.0
all,0.0600,cross-ppi,25,0.037659406211735885,1.0
all,0.0600,cross-ppi,26,0.037113101906580015,1.0
all,0.0600,cross-ppi,27,0.03576511831211107,1.0
all,0.0600,cross-ppi,28,0.03999050610000163,1.0
all,0.0600,cross-ppi,29,0.03738138947821115,1.0
all,0.0600,cross-ppi,30,0.03862034439727616,1.0
all,0.0600,cross-ppi,31,0.03706456561863447,1.0
all,0.0600,cross-ppi,32,0.04041459898919145,1.0
all,0.0600,cross-ppi,33,0.03685942085530025,1.0
all,0.0600,cross-ppi,34,0.0369529339817182,1.0
all,0.0600,cross-ppi,35,0.037477030972878245,1.0
all,0.0600,cross-ppi,36,0.038701591113201705,1.0
all,0.0600,cross-ppi,37,0.03718132651350958,1.0
all,0.0600,cross-ppi,38,0.03628328653819979,1.0
all,0.0600,cross-ppi,39,0.03960162803093392,1.0
all,0.0600,cross-ppi,40,0.0360950847543583,1.0
all,0.0600,cross-ppi,41,0.03776145471545489,1.0
all,0.0600,cross-ppi,42,0.03932632378044365,1.0
all,0.0600,cross-ppi,43,0.03689220794834569,1.0
all,0.0600,cross-ppi,44,0.03991209234078508,1.0
all,0.0600,cross-ppi,45,0.035248760841856935,1.0
all,0.0600,cross-ppi,46,0.0373447545290172,1.0
all,0.0600,cross-ppi,47,0.03857803623322942,1.0
all,0.0600,cross-ppi,48,0.04062615441229492,1.0
all,0.0600,cross-ppi,49,0.038998500309315204,1.0
all,0.0600,cross-ppi,50,0.0378998096038011,1.0
all,0.0600,cross-ppi,51,0.03736418729778246,1.0
all,0.0600,cross-ppi,52,0.040976166943832104,1.0
all,0.0600,cross-ppi,53,0.03987815527175598,1.0
all,0.0600,cross-ppi,54,0.03646031347605394,1.0
all,0.0600,cross-ppi,55,0.03924780049970489,1.0
all,0.0600,cross-ppi,56,0.035499722108667475,1.0
all,0.0600,cross-ppi,57,0.03748083136970051,1.0
all,0.0600,cross-ppi,58,0.039263987780694065,1.0
all,0.0600,cross-ppi,59,0.03808092169443533,1.0
all,0.0600,cross-ppi,60,0.037453403529810664,1.0
all,0.0600,cross-ppi,61,0.037069369962744014,1.0
all,0.0600,cross-ppi,62,0.039191017241133524,1.0
all,0.0600,cross-ppi,63,0.03814680619150601,1.0
all,0.0600,cross-ppi,64,0.038892421413577294,1.0
all,0.0600,cross-ppi,65,0.03749046926365887,1.0
all,0.0600,cross-ppi,66,0.03735807234612329,1.0
all,0.0600,cross-ppi,67,0.03645030685963735,1.0
all,0.0600,cross-ppi,68,0.03777757628353065,1.0
all,0.0600,cross-ppi,69,0.035744641438166996,1.0
all,0.0600,cross-ppi,70,0.03680181983602937,1.0
all,0.0600,cross-ppi,71,0.03870554484015509,1.0
all,0.0600,cross-ppi,72,0.03826366200503373,1.0
all,0.0600,cross-ppi,73,0.036229025925357705,1.0
all,0.0600,cross-ppi,74,0.03739635741958591,1.0
all,0.0600,cross-ppi,75,0.035615387788320074,1.0
all,0.0600,cross-ppi,76,0.036969541095209335,1.0
all,0.0600,cross-ppi,77,0.037589166408796865,1.0
all,0.0600,cross-ppi,78,0.03562598582095686,1.0
all,0.0600,cross-ppi,79,0.03916494746811963,1.0
all,0.0600,cross-ppi,80,0.03871518273411345,1.0
all,0.0600,cross-ppi,81,0.036094898567770484,1.0
all,0.0600,cross-ppi,82,0.0354651753698311,1.0
all,0.0600,cross-ppi,83,0.03745866786431373,1.0
all,0.0600,cross-ppi,84,0.038315896469714145,1.0
all,0.0600,cross-ppi,85,0.03867788335435107,1.0
all,0.0600,cross-ppi,86,0.03738007521994413,1.0
all,0.0600,cross-ppi,87,0.0362254920309063,1.0
all,0.0600,cross-ppi,88,0.035741870543653964,0.0
all,0.0600,cross-ppi,89,0.03861457626377082,1.0
all,0.0600,cross-ppi,90,0.03883369597334463,1.0
all,0.0600,cross-ppi,91,0.034407186512704024,1.0
all,0.0600,cross-ppi,92,0.03790179559407125,1.0
all,0.0600,cross-ppi,93,0.03813579197708461,1.0
all,0.0600,cross-ppi,94,0.038713288011778424,0.0
all,0.0600,cross-ppi,95,0.03868011759340506,0.0
all,0.0600,cross-ppi,96,0.03744810268813359,1.0
all,0.0600,cross-ppi,97,0.036306567163113646,1.0
all,0.0600,cross-ppi,98,0.038151920846595244,1.0
all,0.0600,cross-ppi,99,0.0368764404998585,1.0
all,0.0600,cross-ppi,100,0.03877663160953282,1.0
all,0.0600,cross-ppi,101,0.03924613577256664,1.0
all,0.0600,cross-ppi,102,0.03947895297385706,1.0
all,0.0600,cross-ppi,103,0.03627800029939232,1.0
all,0.0600,cross-ppi,104,0.03991968948371208,1.0
all,0.0600,cross-ppi,105,0.03805897358137558,1.0
all,0.0600,cross-ppi,106,0.037301168613877445,1.0
all,0.0600,cross-ppi,107,0.03869416920471025,0.0
all,0.0600,cross-ppi,108,0.036276817466951994,1.0
all,0.0600,cross-ppi,109,0.03628862388705101,1.0
all,0.0600,cross-ppi,110,0.04073517213554667,1.0
all,0.0600,cross-ppi,111,0.037678663746065544,1.0
all,0.0600,cross-ppi,112,0.03917984969658103,1.0
all,0.0600,cross-ppi,113,0.03533957973882751,1.0
all,0.0600,cross-ppi,114,0.03900883549029863,1.0
all,0.0600,cross-ppi,115,0.03674700431414121,1.0
all,0.0600,cross-ppi,116,0.038782994809975796,1.0
all,0.0600,cross-ppi,117,0.039026231158749924,1.0
all,0.0600,cross-ppi,118,0.034995437560883164,1.0
all,0.0600,cross-ppi,119,0.03691030090382208,1.0
all,0.0600,cross-ppi,120,0.03673606311406799,1.0
all,0.0600,cross-ppi,121,0.03727673436226253,1.0
all,0.0600,cross-ppi,122,0.03520572983576331,1.0
all,0.0600,cross-ppi,123,0.035803735600857894,1.0
all,0.0600,cross-ppi,124,0.038943473045817356,1.0
all,0.0600,cross-ppi,125,0.03883490801152423,0.0
all,0.0600,cross-ppi,126,0.038411567170120536,1.0
all,0.0600,cross-ppi,127,0.03576443927867312,1.0
all,0.0600,cross-ppi,128,0.03811558525622874,1.0
all,0.0600,cross-ppi,129,0.03752187273480656,1.0
all,0.0600,cross-ppi,130,0.036741685218877024,1.0
all,0.0600,cross-ppi,131,0.03805647283995081,1.0
all,0.0600,cross-ppi,132,0.03821878008521404,1.0
all,0.0600,cross-ppi,133,0.038487863513240184,1.0
all,0.0600,cross-ppi,134,0.03889814208775633,1.0
all,0.0600,cross-ppi,135,0.03929631123262867,1.0
all,0.0600,cross-ppi,136,0.036753360213149344,1.0
all,0.0600,cross-ppi,137,0.036915338893845795,1.0
all,0.0600,cross-ppi,138,0.038138212402726496,1.0
all,0.0600,cross-ppi,139,0.03745313702743988,1.0
all,0.0600,cross-ppi,140,0.036270640453096886,1.0
all,0.0600,cross-ppi,141,0.03612620712026551,1.0
all,0.0600,cross-ppi,142,0.03637092931102495,1.0
all,0.0600,cross-ppi,143,0.03673747229098767,1.0
all,0.0600,cross-ppi,144,0.03925406148006039,1.0
all,0.0600,cross-ppi,145,0.037439202239091696,1.0
all,0.0600,cross-ppi,146,0.038272263095248116,1.0
all,0.0600,cross-ppi,147,0.03801065633647449,1.0
all,0.0600,cross-ppi,148,0.0372685640567024,1.0
all,0.0600,cross-ppi,149,0.03852357483092983,1.0
all,0.0600,cross-ppi,150,0.036361769661047094,1.0
all,0.0600,cross-ppi,151,0.037825575916017234,1.0
all,0.0600,cross-ppi,152,0.03771832148927379,1.0
all,0.0600,cross-ppi,153,0.037209886075796006,1.0
all,0.0600,cross-ppi,154,0.03667852050627565,1.0
all,0.0600,cross-ppi,155,0.037862470066147264,1.0
all,0.0600,cross-ppi,156,0.03803675166451026,1.0
all,0.0600,cross-ppi,157,0.040747161091516104,1.0
all,0.0600,cross-ppi,158,0.03646517258092463,1.0
all,0.0600,cross-ppi,159,0.0394383789005793,1.0
all,0.0600,cross-ppi,160,0.03775313473048092,1.0
all,0.0600,cross-ppi,161,0.03687768904521224,1.0
all,0.0600,cross-ppi,162,0.03754592366109355,1.0
all,0.0600,cross-ppi,163,0.03831714866578528,1.0
all,0.0600,cross-ppi,164,0.038727693742672264,1.0
all,0.0600,cross-ppi,165,0.036564278606412426,1.0
all,0.0600,cross-ppi,166,0.03738122884664519,1.0
all,0.0600,cross-ppi,167,0.03809473235839156,1.0
all,0.0600,cross-ppi,168,0.03881645728574182,1.0
all,0.0600,cross-ppi,169,0.03848989696283667,1.0
all,0.0600,cross-ppi,170,0.03748992530676501,1.0
all,0.0600,cross-ppi,171,0.037837371383964036,1.0
all,0.0600,cross-ppi,172,0.03735959104456521,1.0
all,0.0600,cross-ppi,173,0.036768426723894104,1.0
all,0.0600,cross-ppi,174,0.0378448772589558,1.0
all,0.0600,cross-ppi,175,0.035782641755671724,1.0
all,0.0600,cross-ppi,176,0.03712784350347545,1.0
all,0.0600,cross-ppi,177,0.037857143669448284,1.0
all,0.0600,cross-ppi,178,0.036932614088622695,1.0
all,0.0600,cross-ppi,179,0.03903705188514872,1.0
all,0.0600,cross-ppi,180,0.037705755719953826,0.0
all,0.0600,cross-ppi,181,0.03581580852332769,1.0
all,0.0600,cross-ppi,182,0.03764805978203034,1.0
all,0.0600,cross-ppi,183,0.0347416506387985,1.0
all,0.0600,cross-ppi,184,0.038632180023114415,1.0
all,0.0600,cross-ppi,185,0.03735526129371877,0.0
all,0.0600,cross-ppi,186,0.03693248996423079,1.0
all,0.0600,cross-ppi,187,0.03786793884082515,1.0
all,0.0600,cross-ppi,188,0.03922035075551056,1.0
all,0.0600,cross-ppi,189,0.039215017057376844,1.0
all,0.0600,cross-ppi,190,0.036822041159754876,1.0
all,0.0600,cross-ppi,191,0.03941240404621804,1.0
all,0.0600,cross-ppi,192,0.03640369449976599,1.0
all,0.0600,cross-ppi,193,0.03801366452761909,1.0
all,0.0600,cross-ppi,194,0.03763489894577279,1.0
all,0.0600,cross-ppi,195,0.03673709261637717,1.0
all,0.0600,cross-ppi,196,0.03667586643471976,1.0
all,0.0600,cross-ppi,197,0.03737638799536158,1.0
all,0.0600,cross-ppi,198,0.03837878737850986,1.0
all,0.0600,cross-ppi,199,0.03747219742302946,1.0
all,0.0600,cross-ppi,200,0.03671611194343072,1.0
all,0.0600,cross-ppi,201,0.03969636414768374,1.0
all,0.0600,cross-ppi,202,0.039131904824855596,1.0
all,0.0600,cross-ppi,203,0.036899553191771545,1.0
all,0.0600,cross-ppi,204,0.03640210643769329,1.0
all,0.0600,cross-ppi,205,0.03899013651573244,1.0
all,0.0600,cross-ppi,206,0.03900143548611168,1.0
all,0.0600,cross-ppi,207,0.03576244963768549,1.0
all,0.0600,cross-ppi,208,0.03644748485508062,1.0
all,0.0600,cross-ppi,209,0.03918472340432133,1.0
all,0.0600,cross-ppi,210,0.03978772700154809,1.0
all,0.0600,cross-ppi,211,0.03658974966177131,1.0
all,0.0600,cross-ppi,212,0.03709772873557296,1.0
all,0.0600,cross-ppi,213,0.036765319963379506,1.0
all,0.0600,cross-ppi,214,0.03726461032974904,1.0
all,0.0600,cross-ppi,215,0.039508618703518295,1.0
all,0.0600,cross-ppi,216,0.03825014704918761,1.0
all,0.0600,cross-ppi,217,0.03751399083592166,1.0
all,0.0600,cross-ppi,218,0.03860328824554382,1.0
all,0.0600,cross-ppi,219,0.039112661893395545,1.0
all,0.0600,cross-ppi,220,0.03928393895133134,1.0
all,0.0600,cross-ppi,221,0.04069327285184965,1.0
all,0.0600,cross-ppi,222,0.03728033762034469,1.0
all,0.0600,cross-ppi,223,0.0375051670519454,1.0
all,0.0600,cross-ppi,224,0.03802261243598726,1.0
all,0.0600,cross-ppi,225,0.03870161301750616,1.0
all,0.0600,cross-ppi,226,0.03797612054979038,1.0
all,0.0600,cross-ppi,227,0.03879504582814117,1.0
all,0.0600,cross-ppi,228,0.0386277553536154,1.0
all,0.0600,cross-ppi,229,0.037661640450789874,1.0
all,0.0600,cross-ppi,230,0.03905537483582178,1.0
all,0.0600,cross-ppi,231,0.03737078779485703,1.0
all,0.0600,cross-ppi,232,0.03642633989985075,1.0
all,0.0600,cross-ppi,233,0.03835486057661475,1.0
all,0.0600,cross-ppi,234,0.03836762348467479,1.0
all,0.0600,cross-ppi,235,0.03725786745469559,1.0
all,0.0600,cross-ppi,236,0.03780578902766332,1.0
all,0.0600,cross-ppi,237,0.038898507159497164,1.0
all,0.0600,cross-ppi,238,0.03994223996514423,1.0
all,0.0600,cross-ppi,239,0.036252186076597054,1.0
all,0.0600,cross-ppi,240,0.037641780548087755,1.0
all,0.0600,cross-ppi,241,0.03986380795234068,0.0
all,0.0600,cross-ppi,242,0.03883560894926666,1.0
all,0.0600,cross-ppi,243,0.03863922225699534,0.0
all,0.0600,cross-ppi,244,0.0387003060606739,1.0
all,0.0600,cross-ppi,245,0.03884905454148205,1.0
all,0.0600,cross-ppi,246,0.03593724598720305,1.0
all,0.0600,cross-ppi,247,0.036614673109518936,1.0
all,0.0600,cross-ppi,248,0.03840923436169652,1.0
all,0.0600,cross-ppi,249,0.038471869720273694,1.0
all,0.0600,cross-ppi,250,0.0393620314474159,1.0
all,0.0600,cross-ppi,251,0.038011901231110756,1.0
all,0.0600,cross-ppi,252,0.03855248486208751,1.0
all,0.0600,cross-ppi,253,0.034443795906876185,1.0
all,0.0600,cross-ppi,254,0.03755213353140538,1.0
all,0.0600,cross-ppi,255,0.03750864983635305,1.0
all,0.0600,cross-ppi,256,0.037836816474917906,1.0
all,0.0600,cross-ppi,257,0.03726970673125127,1.0
all,0.0600,cross-ppi,258,0.03825748864189604,1.0
all,0.0600,cross-ppi,259,0.03820614130154587,1.0
all,0.0600,cross-ppi,260,0.038373504790419816,1.0
all,0.0600,cross-ppi,261,0.037566331171406925,1.0
all,0.0600,cross-ppi,262,0.03820230439754957,1.0
all,0.0600,cross-ppi,263,0.03963932168817633,1.0
all,0.0600,cross-ppi,264,0.0386759375219724,1.0
all,0.0600,cross-ppi,265,0.038295540069444495,1.0
all,0.0600,cross-ppi,266,0.03914663912031616,1.0
all,0.0600,cross-ppi,267,0.03822515423780917,1.0
all,0.0600,cross-ppi,268,0.037784932479108746,1.0
all,0.0600,cross-ppi,269,0.03567782965887456,1.0
all,0.0600,cross-ppi,270,0.0387575639125084,1.0
all,0.0600,cross-ppi,271,0.037568682233417944,1.0
all,0.0600,cross-ppi,272,0.039266517727858136,1.0
all,0.0600,cross-ppi,273,0.038002296193609064,1.0
all,0.0600,cross-ppi,274,0.03781747497408783,1.0
all,0.0600,cross-ppi,275,0.036380165626068384,1.0
all,0.0600,cross-ppi,276,0.03789724314946297,1.0
all,0.0600,cross-ppi,277,0.03630424530684184,1.0
all,0.0600,cross-ppi,278,0.03615313116115301,1.0
all,0.0600,cross-ppi,279,0.038048904902763026,1.0
all,0.0600,cross-ppi,280,0.03897285767023817,1.0
all,0.0600,cross-ppi,281,0.03817521607437868,1.0
all,0.0600,cross-ppi,282,0.03645715195477825,1.0
all,0.0600,cross-ppi,283,0.03706777459923649,1.0
all,0.0600,cross-ppi,284,0.03852881361041094,1.0
all,0.0600,cross-ppi,285,0.03970744772573587,1.0
all,0.0600,cross-ppi,286,0.03670150177236198,1.0
all,0.0600,cross-ppi,287,0.03743895033959055,1.0
all,0.0600,cross-ppi,288,0.03814861694734062,1.0
all,0.0600,cross-ppi,289,0.03793367000776468,1.0
all,0.0600,cross-ppi,290,0.03802505111521606,1.0
all,0.0600,cross-ppi,291,0.03822755640986397,1.0
all,0.0600,cross-ppi,292,0.03773342085647524,1.0
all,0.0600,cross-ppi,293,0.03822961176376494,1.0
all,0.0600,cross-ppi,294,0.03921509372244239,1.0
all,0.0600,cross-ppi,295,0.03680183078818158,1.0
all,0.0600,cross-ppi,296,0.03718636815425069,1.0
all,0.0600,cross-ppi,297,0.0378357650683043,1.0
all,0.0600,cross-ppi,298,0.03659515637425326,1.0
all,0.0600,cross-ppi,299,0.03817638430394943,1.0
all,0.0600,cross-ppi,300,0.03701532474222899,1.0
all,0.0600,cross-ppi,301,0.0379181179516046,1.0
all,0.0600,cross-ppi,302,0.03706600400129337,1.0
all,0.0600,cross-ppi,303,0.038876719678003435,1.0
all,0.0600,cross-ppi,304,0.03742199640794561,1.0
all,0.0600,cross-ppi,305,0.03581953590580175,1.0
all,0.0600,cross-ppi,306,0.03927196094751417,1.0
all,0.0600,cross-ppi,307,0.04126076957156166,1.0
all,0.0600,cross-ppi,308,0.03817661064842878,1.0
all,0.0600,cross-ppi,309,0.03767123818685672,1.0
all,0.0600,cross-ppi,310,0.03705987079604714,1.0
all,0.0600,cross-ppi,311,0.03812967337470807,1.0
all,0.0600,cross-ppi,312,0.03706724159449484,1.0
all,0.0600,cross-ppi,313,0.037662016474682924,1.0
all,0.0600,cross-ppi,314,0.03960317958583248,1.0
all,0.0600,cross-ppi,315,0.035521695776749046,1.0
all,0.0600,cross-ppi,316,0.0365188490789814,1.0
all,0.0600,cross-ppi,317,0.0375954492934569,1.0
all,0.0600,cross-ppi,318,0.03649160012424457,1.0
all,0.0600,cross-ppi,319,0.035325418606000025,1.0
all,0.0600,cross-ppi,320,0.03936844575790266,1.0
all,0.0600,cross-ppi,321,0.03856559093758394,1.0
all,0.0600,cross-ppi,322,0.037328881209725134,1.0
all,0.0600,cross-ppi,323,0.036292464441764705,1.0
all,0.0600,cross-ppi,324,0.03687418435650011,1.0
all,0.0600,cross-ppi,325,0.03815963481247939,1.0
all,0.0600,cross-ppi,326,0.03744537195151201,1.0
all,0.0600,cross-ppi,327,0.03774034991811648,1.0
all,0.0600,cross-ppi,328,0.03805521334244488,1.0
all,0.0600,cross-ppi,329,0.03757512574964392,1.0
all,0.0600,cross-ppi,330,0.03737132445031602,1.0
all,0.0600,cross-ppi,331,0.03870343472549298,1.0
all,0.0600,cross-ppi,332,0.037096206386413644,1.0
all,0.0700,cross-ppi,0,0.03550293473998692,1.0
all,0.0700,cross-ppi,1,0.03589260501473232,1.0
all,0.0700,cross-ppi,2,0.03694041567172457,1.0
all,0.0700,cross-ppi,3,0.03434145534576449,1.0
all,0.0700,cross-ppi,4,0.03684042982334135,1.0
all,0.0700,cross-ppi,5,0.035399122939759664,1.0
all,0.0700,cross-ppi,6,0.034685042614662764,1.0
all,0.0700,cross-ppi,7,0.03595723001429707,0.0
all,0.0700,cross-ppi,8,0.034011200496842,1.0
all,0.0700,cross-ppi,9,0.03489937258299666,1.0
all,0.0700,cross-ppi,10,0.0376557847000667,1.0
all,0.0700,cross-ppi,11,0.034830958138761914,1.0
all,0.0700,cross-ppi,12,0.036233947092424335,1.0
all,0.0700,cross-ppi,13,0.03289315368762813,1.0
all,0.0700,cross-ppi,14,0.03586435211270811,1.0
all,0.0700,cross-ppi,15,0.03461489407965898,1.0
all,0.0700,cross-ppi,16,0.035731936941585496,1.0
all,0.0700,cross-ppi,17,0.03657227002681951,1.0
all,0.0700,cross-ppi,18,0.033699790651182004,1.0
all,0.0700,cross-ppi,19,0.03504002742331025,1.0
all,0.0700,cross-ppi,20,0.034509632944620505,1.0
all,0.0700,cross-ppi,21,0.03481997313007981,1.0
all,0.0700,cross-ppi,22,0.03332805270034703,1.0
all,0.0700,cross-ppi,23,0.03407025815235884,1.0
all,0.0700,cross-ppi,24,0.03566285806678238,1.0
all,0.0700,cross-ppi,25,0.03607268395233998,0.0
all,0.0700,cross-ppi,26,0.03583221484736135,1.0
all,0.0700,cross-ppi,27,0.03435197306261828,1.0
all,0.0700,cross-ppi,28,0.034869527968182434,1.0
all,0.0700,cross-ppi,29,0.03446621496248159,1.0
all,0.0700,cross-ppi,30,0.034469336325865796,1.0
all,0.0700,cross-ppi,31,0.03570026331734957,1.0
all,0.0700,cross-ppi,32,0.03552288591062425,1.0
all,0.0700,cross-ppi,33,0.03530803023898346,1.0
all,0.0700,cross-ppi,34,0.03634516254755593,1.0
all,0.0700,cross-ppi,35,0.036580100815660765,1.0
all,0.0700,cross-ppi,36,0.0340432756999928,1.0
all,0.0700,cross-ppi,37,0.03547580260820715,1.0
all,0.0700,cross-ppi,38,0.03554932075537898,1.0
all,0.0700,cross-ppi,39,0.03504708791077818,1.0
all,0.0700,cross-ppi,40,0.033802018040054005,1.0
all,0.0700,cross-ppi,41,0.03369921018711408,1.0
all,0.0700,cross-ppi,42,0.03410143162830981,1.0
all,0.0700,cross-ppi,43,0.03477035622978131,1.0
all,0.0700,cross-ppi,44,0.03599119628906544,1.0
all,0.0700,cross-ppi,45,0.03515289300271052,1.0
all,0.0700,cross-ppi,46,0.036610211932845776,1.0
all,0.0700,cross-ppi,47,0.03499536819725238,1.0
all,0.0700,cross-ppi,48,0.03438597584456082,1.0
all,0.0700,cross-ppi,49,0.036594152426965926,1.0
all,0.0700,cross-ppi,50,0.03390527128051779,1.0
all,0.0700,cross-ppi,51,0.03512027019194841,1.0
all,0.0700,cross-ppi,52,0.035536430072209635,1.0
all,0.0700,cross-ppi,53,0.034365988166749406,1.0
all,0.0700,cross-ppi,54,0.03509368201706253,1.0
all,0.0700,cross-ppi,55,0.03492548981533683,1.0
all,0.0700,cross-ppi,56,0.0361168028722213,1.0
all,0.0700,cross-ppi,57,0.03882876750484321,1.0
all,0.0700,cross-ppi,58,0.034221091192807224,1.0
all,0.0700,cross-ppi,59,0.03654924130140691,1.0
all,0.0700,cross-ppi,60,0.03489709453533374,1.0
all,0.0700,cross-ppi,61,0.03402070696497364,1.0
all,0.0700,cross-ppi,62,0.03527355286377787,1.0
all,0.0700,cross-ppi,63,0.03594728180935894,1.0
all,0.0700,cross-ppi,64,0.03574532777303974,1.0
all,0.0700,cross-ppi,65,0.034210854581193884,1.0
all,0.0700,cross-ppi,66,0.03438142705066982,1.0
all,0.0700,cross-ppi,67,0.035749420227254664,1.0
all,0.0700,cross-ppi,68,0.03625217877516221,1.0
all,0.0700,cross-ppi,69,0.035431628927564685,1.0
all,0.0700,cross-ppi,70,0.03482383558909796,1.0
all,0.0700,cross-ppi,71,0.03549639630510837,1.0
all,0.0700,cross-ppi,72,0.03531805510898711,1.0
all,0.0700,cross-ppi,73,0.034795958710966884,1.0
all,0.0700,cross-ppi,74,0.03565694025386326,1.0
all,0.0700,cross-ppi,75,0.033742241193207706,1.0
all,0.0700,cross-ppi,76,0.03475317230293962,1.0
all,0.0700,cross-ppi,77,0.03586299039511476,1.0
all,0.0700,cross-ppi,78,0.034572804958656694,1.0
all,0.0700,cross-ppi,79,0.03675549588283333,1.0
all,0.0700,cross-ppi,80,0.0349421115316976,0.0
all,0.0700,cross-ppi,81,0.03350400632728312,1.0
all,0.0700,cross-ppi,82,0.03554683826754121,1.0
all,0.0700,cross-ppi,83,0.032590636989575206,1.0
all,0.0700,cross-ppi,84,0.03570672873787997,1.0
all,0.0700,cross-ppi,85,0.034579164508382276,1.0
all,0.0700,cross-ppi,86,0.03520570063002404,1.0
all,0.0700,cross-ppi,87,0.035955623698637335,1.0
all,0.0700,cross-ppi,88,0.036316774568987714,1.0
all,0.0700,cross-ppi,89,0.0355299975081359,1.0
all,0.0700,cross-ppi,90,0.03453446147371553,1.0
all,0.0700,cross-ppi,91,0.03670426536544025,1.0
all,0.0700,cross-ppi,92,0.03454628249668415,1.0
all,0.0700,cross-ppi,93,0.0349073347976645,1.0
all,0.0700,cross-ppi,94,0.03557637257137572,1.0
all,0.0700,cross-ppi,95,0.034711871736897604,1.0
all,0.0700,cross-ppi,96,0.03413199908517087,1.0
all,0.0700,cross-ppi,97,0.035157507509514824,1.0
all,0.0700,cross-ppi,98,0.03573752984065526,1.0
all,0.0700,cross-ppi,99,0.03505116576212344,1.0
all,0.0700,cross-ppi,100,0.033657398520634874,1.0
all,0.0700,cross-ppi,101,0.03635999176166918,1.0
all,0.0700,cross-ppi,102,0.03638290731484217,1.0
all,0.0700,cross-ppi,103,0.034920776739162496,1.0
all,0.0700,cross-ppi,104,0.03391025450978036,1.0
all,0.0700,cross-ppi,105,0.03596086612883587,1.0
all,0.0700,cross-ppi,106,0.0355142154567791,1.0
all,0.0700,cross-ppi,107,0.03263369355069068,1.0
all,0.0700,cross-ppi,108,0.03456881107381182,1.0
all,0.0700,cross-ppi,109,0.03576305565677529,1.0
all,0.0700,cross-ppi,110,0.037015795684774644,1.0
all,0.0700,cross-ppi,111,0.034151322332413914,1.0
all,0.0700,cross-ppi,112,0.03508389809440782,1.0
all,0.0700,cross-ppi,113,0.03473161481664258,1.0
all,0.0700,cross-ppi,114,0.03528349741799855,1.0
all,0.0700,cross-ppi,115,0.03592394642368402,1.0
all,0.0700,cross-ppi,116,0.03551147011728795,1.0
all,0.0700,cross-ppi,117,0.0347515732887147,1.0
all,0.0700,cross-ppi,118,0.036279588361465054,1.0
all,0.0700,cross-ppi,119,0.03629530469990849,1.0
all,0.0700,cross-ppi,120,0.03643134868413514,1.0
all,0.0700,cross-ppi,121,0.03723378002123445,1.0
all,0.0700,cross-ppi,122,0.03442293570760413,1.0
all,0.0700,cross-ppi,123,0.035432585415525714,1.0
all,0.0700,cross-ppi,124,0.03477640911924451,1.0
all,0.0700,cross-ppi,125,0.03565731992847376,1.0
all,0.0700,cross-ppi,126,0.035102385327364316,1.0
all,0.0700,cross-ppi,127,0.03640353021748263,1.0
all,0.0700,cross-ppi,128,0.03598830492087793,1.0
all,0.0700,cross-ppi,129,0.034542781458689414,1.0
all,0.0700,cross-ppi,130,0.0356905195525864,1.0
all,0.0700,cross-ppi,131,0.035088979893040384,1.0
all,0.0700,cross-ppi,132,0.033669978892824415,1.0
all,0.0700,cross-ppi,133,0.03600956304834746,1.0
all,0.0700,cross-ppi,134,0.035240678153514615,1.0
all,0.0700,cross-ppi,135,0.03445697864743813,1.0
all,0.0700,cross-ppi,136,0.03507548319078127,1.0
all,0.0700,cross-ppi,137,0.036184103847646476,1.0
all,0.0700,cross-ppi,138,0.03622395142815993,1.0
all,0.0700,cross-ppi,139,0.03398629530268138,1.0
all,0.0700,cross-ppi,140,0.03512634863643349,1.0
all,0.0700,cross-ppi,141,0.03715734860157072,1.0
all,0.0700,cross-ppi,142,0.036425726579326106,1.0
all,0.0700,cross-ppi,143,0.035960800415922534,0.0
all,0.0700,cross-ppi,144,0.03608018252589695,1.0
all,0.0700,cross-ppi,145,0.03673870258275436,1.0
all,0.0700,cross-ppi,146,0.033700086359292114,1.0
all,0.0700,cross-ppi,147,0.034863409365805786,1.0
all,0.0700,cross-ppi,148,0.03569761289651108,1.0
all,0.0700,cross-ppi,149,0.03523764805806559,1.0
all,0.0700,cross-ppi,150,0.0363650735603018,1.0
all,0.0700,cross-ppi,151,0.03456696746152055,1.0
all,0.0700,cross-ppi,152,0.03607706846394754,1.0
all,0.0700,cross-ppi,153,0.032126419065348855,1.0
all,0.0700,cross-ppi,154,0.035069590932884004,1.0
all,0.0700,cross-ppi,155,0.0351848294785998,1.0
all,0.0700,cross-ppi,156,0.03624309579024998,1.0
all,0.0700,cross-ppi,157,0.03561656697004301,1.0
all,0.0700,cross-ppi,158,0.0357528409494664,1.0
all,0.0700,cross-ppi,159,0.03559052275205096,1.0
all,0.0700,cross-ppi,160,0.03528394645623978,1.0
all,0.0700,cross-ppi,161,0.03454643947753275,1.0
all,0.0700,cross-ppi,162,0.03571268670869063,1.0
all,0.0700,cross-ppi,163,0.037289365844495825,1.0
all,0.0700,cross-ppi,164,0.03626382821441265,1.0
all,0.0700,cross-ppi,165,0.03527377920825722,1.0
all,0.0700,cross-ppi,166,0.03627359023276289,1.0
all,0.0700,cross-ppi,167,0.03533925847569552,1.0
all,0.0700,cross-ppi,168,0.03520892056277833,1.0
all,0.0700,cross-ppi,169,0.032932537627030745,1.0
all,0.0700,cross-ppi,170,0.036633233356823586,1.0
all,0.0700,cross-ppi,171,0.034973850868846856,1.0
all,0.0700,cross-ppi,172,0.035744820323319965,1.0
all,0.0700,cross-ppi,173,0.035751778590700556,1.0
all,0.0700,cross-ppi,174,0.03578262350208472,1.0
all,0.0700,cross-ppi,175,0.03398622958976805,1.0
all,0.0700,cross-ppi,176,0.035469873843135824,1.0
all,0.0700,cross-ppi,177,0.03367284470599008,1.0
all,0.0700,cross-ppi,178,0.034033462571598866,1.0
all,0.0700,cross-ppi,179,0.03482784772752989,1.0
all,0.0700,cross-ppi,180,0.03634235514586884,1.0
all,0.0700,cross-ppi,181,0.035761120776548805,1.0
all,0.0700,cross-ppi,182,0.0340332727342936,1.0
all,0.0700,cross-ppi,183,0.03448442474091504,1.0
all,0.0700,cross-ppi,184,0.03559867480402412,1.0
all,0.0700,cross-ppi,185,0.03618132930241602,1.0
all,0.0700,cross-ppi,186,0.033930322503374716,0.0
all,0.0700,cross-ppi,187,0.034840866185808506,1.0
all,0.0700,cross-ppi,188,0.03556121844341317,1.0
all,0.0700,cross-ppi,189,0.03528596165224929,1.0
all,0.0700,cross-ppi,190,0.035310589391886804,1.0
all,0.0700,cross-ppi,191,0.035766388761769186,1.0
all,0.0700,cross-ppi,192,0.034959854018302816,1.0
all,0.0700,cross-ppi,193,0.035315623731193124,1.0
all,0.0700,cross-ppi,194,0.03633249820886597,1.0
all,0.0700,cross-ppi,195,0.03437969661061824,1.0
all,0.0700,cross-ppi,196,0.035355788924121084,1.0
all,0.0700,cross-ppi,197,0.034944656081731335,1.0
all,0.0700,cross-ppi,198,0.03414676258637073,1.0
all,0.0700,cross-ppi,199,0.0357515230404819,1.0
all,0.0700,cross-ppi,200,0.03524244510074026,1.0
all,0.0700,cross-ppi,201,0.03535276613010688,1.0
all,0.0700,cross-ppi,202,0.03467741261527901,1.0
all,0.0700,cross-ppi,203,0.0357942583384655,1.0
all,0.0700,cross-ppi,204,0.03469672856108727,1.0
all,0.0700,cross-ppi,205,0.03386058284872073,1.0
all,0.0700,cross-ppi,206,0.03636556640715194,1.0
all,0.0700,cross-ppi,207,0.037169158672387126,1.0
all,0.0700,cross-ppi,208,0.035569790327888234,1.0
all,0.0700,cross-ppi,209,0.035409772082440144,1.0
all,0.0700,cross-ppi,210,0.035024935357543585,1.0
all,0.0700,cross-ppi,211,0.03509060081156978,1.0
all,0.0700,cross-ppi,212,0.0343815292707573,1.0
all,0.0700,cross-ppi,213,0.034960671779002306,1.0
all,0.0700,cross-ppi,214,0.036702246518713344,1.0
all,0.0700,cross-ppi,215,0.033216965020324674,1.0
all,0.0700,cross-ppi,216,0.03414370328518246,1.0
all,0.0700,cross-ppi,217,0.035750091959257824,1.0
all,0.0700,cross-ppi,218,0.034093210212705866,1.0
all,0.0700,cross-ppi,219,0.03403232719848481,1.0
all,0.0700,cross-ppi,220,0.03573194059230289,1.0
all,0.0700,cross-ppi,221,0.03538135489813263,1.0
all,0.0700,cross-ppi,222,0.036358082436464545,1.0
all,0.0700,cross-ppi,223,0.034525637689739264,1.0
all,0.0700,cross-ppi,224,0.03412319355478166,1.0
all,0.0700,cross-ppi,225,0.03495690423863673,1.0
all,0.0700,cross-ppi,226,0.0349878732744128,1.0
all,0.0700,cross-ppi,227,0.035590781952986955,1.0
all,0.0700,cross-ppi,228,0.03464643992878558,1.0
all,0.0700,cross-ppi,229,0.035179988627316194,1.0
all,0.0700,cross-ppi,230,0.034555387385900915,1.0
all,0.0700,cross-ppi,231,0.03539635934668142,1.0
all,0.0700,cross-ppi,232,0.03436293251627853,1.0
all,0.0700,cross-ppi,233,0.03530419333498716,1.0
all,0.0700,cross-ppi,234,0.03477314537788134,1.0
all,0.0700,cross-ppi,235,0.03475455592483745,1.0
all,0.0700,cross-ppi,236,0.03661480818606308,1.0
all,0.0700,cross-ppi,237,0.03452345821144642,1.0
all,0.0700,cross-ppi,238,0.03433709638917881,1.0
all,0.0700,cross-ppi,239,0.03497614351937939,1.0
all,0.0700,cross-ppi,240,0.035467289135210606,1.0
all,0.0700,cross-ppi,241,0.034386914078934794,1.0
all,0.0700,cross-ppi,242,0.03593312797796633,1.0
all,0.0700,cross-ppi,243,0.0356925603036177,1.0
all,0.0700,cross-ppi,244,0.03436119112407468,1.0
all,0.0700,cross-ppi,245,0.0360662951968751,1.0
all,0.0700,cross-ppi,246,0.035614380190315265,1.0
all,0.0700,cross-ppi,247,0.03451629185317359,1.0
all,0.0700,cross-ppi,248,0.03522193537033949,1.0
all,0.0700,cross-ppi,249,0.034687568911109384,1.0
all,0.0700,cross-ppi,250,0.03591409313739857,1.0
all,0.0700,cross-ppi,251,0.03504138549018618,1.0
all,0.0700,cross-ppi,252,0.032892500209212,1.0
all,0.0700,cross-ppi,253,0.03627679191193012,1.0
all,0.0700,cross-ppi,254,0.037172772882621524,1.0
all,0.0700,cross-ppi,255,0.03595337850743108,1.0
all,0.0700,cross-ppi,256,0.034742271260757907,1.0
all,0.0700,cross-ppi,257,0.035676562859933814,1.0
all,0.0700,cross-ppi,258,0.035811128303610024,1.0
all,0.0700,cross-ppi,259,0.03265211872145124,1.0
all,0.0700,cross-ppi,260,0.03514184958254987,1.0
all,0.0700,cross-ppi,261,0.03491702380166661,1.0
all,0.0700,cross-ppi,262,0.03365389748264014,1.0
all,0.0700,cross-ppi,263,0.03548934676979257,1.0
all,0.0700,cross-ppi,264,0.034469245057930586,1.0
all,0.0700,cross-ppi,265,0.03451161528417335,1.0
all,0.0700,cross-ppi,266,0.03636900903366813,1.0
all,0.0700,cross-ppi,267,0.034872200293325384,1.0
all,0.0700,cross-ppi,268,0.03495672900420113,1.0
all,0.0700,cross-ppi,269,0.03372242509911452,1.0
all,0.0700,cross-ppi,270,0.036477760254549074,1.0
all,0.0700,cross-ppi,271,0.035878432929752596,1.0
all,0.0700,cross-ppi,272,0.035396070940006186,1.0
all,0.0700,cross-ppi,273,0.035628639892512776,1.0
all,0.0700,cross-ppi,274,0.03549496157316681,1.0
all,0.0700,cross-ppi,275,0.036205489750225306,1.0
all,0.0700,cross-ppi,276,0.03689275190523955,1.0
all,0.0700,cross-ppi,277,0.03568122847678182,1.0
all,0.0700,cross-ppi,278,0.033308331524906504,1.0
all,0.0700,cross-ppi,279,0.03470831593814172,1.0
all,0.0700,cross-ppi,280,0.03661445041575706,1.0
all,0.0700,cross-ppi,281,0.034950150411431125,1.0
all,0.0700,cross-ppi,282,0.034162113853073356,1.0
all,0.0700,cross-ppi,283,0.03582353344136402,1.0
all,0.0700,cross-ppi,284,0.036026736023036965,1.0
all,0.0700,cross-ppi,285,0.036748789514953945,1.0
all,0.0700,cross-ppi,286,0.03671697351273909,1.0
all,0.0700,cross-ppi,287,0.03668462815650006,1.0
all,0.0700,cross-ppi,288,0.03581074497828218,1.0
all,0.0700,cross-ppi,289,0.03411737796194991,1.0
all,0.0700,cross-ppi,290,0.0359365961595044,1.0
all,0.0700,cross-ppi,291,0.03383810538163676,1.0
all,0.0700,cross-ppi,292,0.03454013103785092,0.0
all,0.0700,cross-ppi,293,0.03520637236202717,1.0
all,0.0700,cross-ppi,294,0.03561370845831213,1.0
all,0.0700,cross-ppi,295,0.03529212041251739,1.0
all,0.0700,cross-ppi,296,0.03587826499675184,1.0
all,0.0700,cross-ppi,297,0.03492132434677378,1.0
all,0.0700,cross-ppi,298,0.03426539264855899,1.0
all,0.0700,cross-ppi,299,0.03620321535327983,1.0
all,0.0700,cross-ppi,300,0.03664053479164053,1.0
all,0.0700,cross-ppi,301,0.03537172795632648,1.0
all,0.0700,cross-ppi,302,0.03556398203649136,1.0
all,0.0700,cross-ppi,303,0.03446342946509892,1.0
all,0.0700,cross-ppi,304,0.034792483227994025,1.0
all,0.0700,cross-ppi,305,0.03583877518654441,1.0
all,0.0700,cross-ppi,306,0.03877011507895867,1.0
all,0.0700,cross-ppi,307,0.03487566117342866,1.0
all,0.0700,cross-ppi,308,0.0350914879359,1.0
all,0.0700,cross-ppi,309,0.03666721788517904,1.0
all,0.0700,cross-ppi,310,0.03225129550502304,1.0
all,0.0700,cross-ppi,311,0.03510349514545649,1.0
all,0.0700,cross-ppi,312,0.03518305888065673,1.0
all,0.0700,cross-ppi,313,0.03456871980587661,1.0
all,0.0700,cross-ppi,314,0.03641335794874623,1.0
all,0.0700,cross-ppi,315,0.03608921075004809,1.0
all,0.0700,cross-ppi,316,0.03423968429656854,1.0
all,0.0700,cross-ppi,317,0.034125716200510886,1.0
all,0.0700,cross-ppi,318,0.035667392257803715,1.0
all,0.0700,cross-ppi,319,0.036999352853566925,1.0
all,0.0700,cross-ppi,320,0.03423415711041211,1.0
all,0.0700,cross-ppi,321,0.036544951708451956,1.0
all,0.0700,cross-ppi,322,0.03344816130308573,1.0
all,0.0700,cross-ppi,323,0.03380387625521494,1.0
all,0.0700,cross-ppi,324,0.03486373062893777,1.0
all,0.0700,cross-ppi,325,0.03574764232787675,1.0
all,0.0700,cross-ppi,326,0.03535299977602102,1.0
all,0.0700,cross-ppi,327,0.034166969307226625,1.0
all,0.0700,cross-ppi,328,0.035991247399109194,1.0
all,0.0700,cross-ppi,329,0.03748833359397494,1.0
all,0.0700,cross-ppi,330,0.03651921050000484,1.0
all,0.0700,cross-ppi,331,0.03693029223235089,1.0
all,0.0700,cross-ppi,332,0.0336666895964394,1.0
all,0.0800,cross-ppi,0,0.03192572087581816,1.0
all,0.0800,cross-ppi,1,0.03409903675768977,1.0
all,0.0800,cross-ppi,2,0.03391834449955755,1.0
all,0.0800,cross-ppi,3,0.03369366839808796,1.0
all,0.0800,cross-ppi,4,0.0320512434924736,1.0
all,0.0800,cross-ppi,5,0.034083119629788855,1.0
all,0.0800,cross-ppi,6,0.03320328578219514,1.0
all,0.0800,cross-ppi,7,0.03133104456500013,1.0
all,0.0800,cross-ppi,8,0.03329636812395895,1.0
all,0.0800,cross-ppi,9,0.03361757284442582,1.0
all,0.0800,cross-ppi,10,0.03496934223284742,1.0
all,0.0800,cross-ppi,11,0.03219686330846272,1.0
all,0.0800,cross-ppi,12,0.032890802625617055,1.0
all,0.0800,cross-ppi,13,0.032467114966059585,1.0
all,0.0800,cross-ppi,14,0.03325859415093346,1.0
all,0.0800,cross-ppi,15,0.033749089939066,1.0
all,0.0800,cross-ppi,16,0.03338540547083413,1.0
all,0.0800,cross-ppi,17,0.032668043150787,1.0
all,0.0800,cross-ppi,18,0.03435515283748106,1.0
all,0.0800,cross-ppi,19,0.03427895871444886,1.0
all,0.0800,cross-ppi,20,0.034183718798696666,1.0
all,0.0800,cross-ppi,21,0.03465713288007499,1.0
all,0.0800,cross-ppi,22,0.03248973846183989,1.0
all,0.0800,cross-ppi,23,0.03339705125936718,1.0
all,0.0800,cross-ppi,24,0.03263617968924584,1.0
all,0.0800,cross-ppi,25,0.03329216249750436,1.0
all,0.0800,cross-ppi,26,0.032973257729004835,1.0
all,0.0800,cross-ppi,27,0.034261928117738316,1.0
all,0.0800,cross-ppi,28,0.034031122461740004,1.0
all,0.0800,cross-ppi,29,0.03235075565009937,1.0
all,0.0800,cross-ppi,30,0.03377437480783707,1.0
all,0.0800,cross-ppi,31,0.03319498405080834,1.0
all,0.0800,cross-ppi,32,0.03199685875523961,1.0
all,0.0800,cross-ppi,33,0.03408271805087393,1.0
all,0.0800,cross-ppi,34,0.03342436227629994,1.0
all,0.0800,cross-ppi,35,0.03272804999283005,1.0
all,0.0800,cross-ppi,36,0.03305917006177836,1.0
all,0.0800,cross-ppi,37,0.034005505377684764,1.0
all,0.0800,cross-ppi,38,0.033713028152505126,1.0
all,0.0800,cross-ppi,39,0.03187607111906299,1.0
all,0.0800,cross-ppi,40,0.033489104098821776,1.0
all,0.0800,cross-ppi,41,0.03429444505769563,1.0
all,0.0800,cross-ppi,42,0.03403641600198229,1.0
all,0.0800,cross-ppi,43,0.0336346472497453,0.0
all,0.0800,cross-ppi,44,0.03382758766478289,1.0
all,0.0800,cross-ppi,45,0.03418122170798932,1.0
all,0.0800,cross-ppi,46,0.031834923883152094,1.0
all,0.0800,cross-ppi,47,0.032835684094184,1.0
all,0.0800,cross-ppi,48,0.03280928940732075,1.0
all,0.0800,cross-ppi,49,0.03344591246116213,1.0
all,0.0800,cross-ppi,50,0.03429671215320629,1.0
all,0.0800,cross-ppi,51,0.03239338872799549,1.0
all,0.0800,cross-ppi,52,0.03392342629819012,1.0
all,0.0800,cross-ppi,53,0.03163297714826771,1.0
all,0.0800,cross-ppi,54,0.03263010854619561,0.0
all,0.0800,cross-ppi,55,0.03309023401620703,1.0
all,0.0800,cross-ppi,56,0.03424874537717637,1.0
all,0.0800,cross-ppi,57,0.03377087011912494,1.0
all,0.0800,cross-ppi,58,0.03332573084407528,1.0
all,0.0800,cross-ppi,59,0.033414567401492984,1.0
all,0.0800,cross-ppi,60,0.03301364926641215,1.0
all,0.0800,cross-ppi,61,0.032954376218568227,1.0
all,0.0800,cross-ppi,62,0.03372825529481585,1.0
all,0.0800,cross-ppi,63,0.0347338198499573,1.0
all,0.0800,cross-ppi,64,0.03383925900833784,1.0
all,0.0800,cross-ppi,65,0.03345227931232253,1.0
all,0.0800,cross-ppi,66,0.03420334505548461,1.0
all,0.0800,cross-ppi,67,0.032679528307754085,1.0
all,0.0800,cross-ppi,68,0.03357234775716969,1.0
all,0.0800,cross-ppi,69,0.031454646904298694,1.0
all,0.0800,cross-ppi,70,0.03395972538138256,1.0
all,0.0800,cross-ppi,71,0.03287698100950864,1.0
all,0.0800,cross-ppi,72,0.033294831171929995,1.0
all,0.0800,cross-ppi,73,0.033488089199382176,1.0
all,0.0800,cross-ppi,74,0.03341411471253433,1.0
all,0.0800,cross-ppi,75,0.03229427905179036,1.0
all,0.0800,cross-ppi,76,0.0337480859917787,1.0
all,0.0800,cross-ppi,77,0.03144200081919579,1.0
all,0.0800,cross-ppi,78,0.03181874025288034,1.0
all,0.0800,cross-ppi,79,0.033026846609843785,1.0
all,0.0800,cross-ppi,80,0.033936974110492985,1.0
all,0.0800,cross-ppi,81,0.03364566511488398,1.0
all,0.0800,cross-ppi,82,0.03211461994668466,1.0
all,0.0800,cross-ppi,83,0.03268750512529159,1.0
all,0.0800,cross-ppi,84,0.033822692052738246,1.0
all,0.0800,cross-ppi,85,0.03420764925130926,1.0
all,0.0800,cross-ppi,86,0.03213915641838702,0.0
all,0.0800,cross-ppi,87,0.03295478144820052,1.0
all,0.0800,cross-ppi,88,0.03298829868472772,1.0
all,0.0800,cross-ppi,89,0.03292040629308235,1.0
all,0.0800,cross-ppi,90,0.033803281188277357,1.0
all,0.0800,cross-ppi,91,0.03338354360495577,1.0
all,0.0800,cross-ppi,92,0.03230741798374345,1.0
all,0.0800,cross-ppi,93,0.03322820922994274,1.0
all,0.0800,cross-ppi,94,0.03430840540106561,1.0
all,0.0800,cross-ppi,95,0.03200130167832571,1.0
all,0.0800,cross-ppi,96,0.03368185102583676,1.0
all,0.0800,cross-ppi,97,0.03310994789021279,1.0
all,0.0800,cross-ppi,98,0.03216184562708069,1.0
all,0.0800,cross-ppi,99,0.033321393791793996,1.0
all,0.0800,cross-ppi,100,0.0327761299410996,1.0
all,0.0800,cross-ppi,101,0.03301388656304369,1.0
all,0.0800,cross-ppi,102,0.03254875595946524,1.0
all,0.0800,cross-ppi,103,0.03355910295441178,1.0
all,0.0800,cross-ppi,104,0.03289540252955178,1.0
all,0.0800,cross-ppi,105,0.03225440591625506,1.0
all,0.0800,cross-ppi,106,0.03475040870986146,1.0
all,0.0800,cross-ppi,107,0.035143970649364226,1.0
all,0.0800,cross-ppi,108,0.033191278572638705,1.0
all,0.0800,cross-ppi,109,0.0333912174129484,1.0
all,0.0800,cross-ppi,110,0.033132932807016485,1.0
all,0.0800,cross-ppi,111,0.03323826330568569,1.0
all,0.0800,cross-ppi,112,0.03265678798901672,1.0
all,0.0800,cross-ppi,113,0.03258120718650914,1.0
all,0.0800,cross-ppi,114,0.03494170630206528,1.0
all,0.0800,cross-ppi,115,0.03143325004956765,1.0
all,0.0800,cross-ppi,116,0.03233350601034435,1.0
all,0.0800,cross-ppi,117,0.03350741974806004,1.0
all,0.0800,cross-ppi,118,0.03236468678773011,1.0
all,0.0800,cross-ppi,119,0.03239682040235947,1.0
all,0.0800,cross-ppi,120,0.03373258139494492,1.0
all,0.0800,cross-ppi,121,0.03312699674051034,1.0
all,0.0800,cross-ppi,122,0.034182386286842587,1.0
all,0.0800,cross-ppi,123,0.03273574570512708,1.0
all,0.0800,cross-ppi,124,0.03163645263124057,1.0
all,0.0800,cross-ppi,125,0.032830317539593534,1.0
all,0.0800,cross-ppi,126,0.033466871229804185,1.0
all,0.0800,cross-ppi,127,0.033170995186717206,1.0
all,0.0800,cross-ppi,128,0.03307192931912095,1.0
all,0.0800,cross-ppi,129,0.033368042658839414,1.0
all,0.0800,cross-ppi,130,0.032691896938333964,1.0
all,0.0800,cross-ppi,131,0.033116048239002355,1.0
all,0.0800,cross-ppi,132,0.0324125513436726,1.0
all,0.0800,cross-ppi,133,0.03371810995113769,1.0
all,0.0800,cross-ppi,134,0.032471466621210476,1.0
all,0.0800,cross-ppi,135,0.03308266242830185,1.0
all,0.0800,cross-ppi,136,0.03436015432033068,1.0
all,0.0800,cross-ppi,137,0.03167944347944274,1.0
all,0.0800,cross-ppi,138,0.03200508747227834,1.0
all,0.0800,cross-ppi,139,0.032750542062783605,1.0
all,0.0800,cross-ppi,140,0.033279614981771455,1.0
all,0.0800,cross-ppi,141,0.03275444102897587,1.0
all,0.0800,cross-ppi,142,0.03371744552056935,1.0
all,0.0800,cross-ppi,143,0.03371043979386254,1.0
all,0.0800,cross-ppi,144,0.03265116223349021,1.0
all,0.0800,cross-ppi,145,0.03435439348826011,1.0
all,0.0800,cross-ppi,146,0.033366096826460745,0.0
all,0.0800,cross-ppi,147,0.03234549496631378,1.0
all,0.0800,cross-ppi,148,0.03328746402419969,1.0
all,0.0800,cross-ppi,149,0.03293900669827854,1.0
all,0.0800,cross-ppi,150,0.03394651343508129,1.0
all,0.0800,cross-ppi,151,0.032309403974013634,1.0
all,0.0800,cross-ppi,152,0.031200191900928265,1.0
all,0.0800,cross-ppi,153,0.03432029213694757,1.0
all,0.0800,cross-ppi,154,0.03448603835800956,1.0
all,0.0800,cross-ppi,155,0.03326484052841938,1.0
all,0.0800,cross-ppi,156,0.03295410606547999,1.0
all,0.0800,cross-ppi,157,0.03382273951206449,1.0
all,0.0800,cross-ppi,158,0.03388291063639093,1.0
all,0.0800,cross-ppi,159,0.03135921350052387,1.0
all,0.0800,cross-ppi,160,0.03360095112806505,1.0
all,0.0800,cross-ppi,161,0.03275136347420049,1.0
all,0.0800,cross-ppi,162,0.03226412047527896,1.0
all,0.0800,cross-ppi,163,0.03304475702944973,1.0
all,0.0800,cross-ppi,164,0.032460218760875015,1.0
all,0.0800,cross-ppi,165,0.03311217847854933,1.0
all,0.0800,cross-ppi,166,0.033956728142390175,1.0
all,0.0800,cross-ppi,167,0.032411722630820844,1.0
all,0.0800,cross-ppi,168,0.0327735050752829,1.0
all,0.0800,cross-ppi,169,0.032337718938233756,1.0
all,0.0800,cross-ppi,170,0.03461832940474033,1.0
all,0.0800,cross-ppi,171,0.03331185811792306,1.0
all,0.0800,cross-ppi,172,0.03325228936196911,1.0
all,0.0800,cross-ppi,173,0.03377140677458401,1.0
all,0.0800,cross-ppi,174,0.03334602883286639,1.0
all,0.0800,cross-ppi,175,0.03347732688446203,1.0
all,0.0800,cross-ppi,176,0.03432219050999999,1.0
all,0.0800,cross-ppi,177,0.03331898431830441,1.0
all,0.0800,cross-ppi,178,0.03130320054332569,1.0
all,0.0800,cross-ppi,179,0.03253081633412,1.0
all,0.0800,cross-ppi,180,0.03416757897703382,1.0
all,0.0800,cross-ppi,181,0.03226898323086702,1.0
all,0.0800,cross-ppi,182,0.03231574527015213,1.0
all,0.0800,cross-ppi,183,0.03373278948583716,1.0
all,0.0800,cross-ppi,184,0.034207514174765086,1.0
all,0.0800,cross-ppi,185,0.03455667973986351,1.0
all,0.0800,cross-ppi,186,0.034014610266901474,1.0
all,0.0800,cross-ppi,187,0.0341094157472821,1.0
all,0.0800,cross-ppi,188,0.03372799244316249,1.0
all,0.0800,cross-ppi,189,0.03222666046395062,1.0
all,0.0800,cross-ppi,190,0.03373782747586085,1.0
all,0.0800,cross-ppi,191,0.032385196518130877,1.0
all,0.0800,cross-ppi,192,0.0323308519387884,1.0
all,0.0800,cross-ppi,193,0.033097984489265236,1.0
all,0.0800,cross-ppi,194,0.033799451585715845,1.0
all,0.0800,cross-ppi,195,0.033051328320784945,1.0
all,0.0800,cross-ppi,196,0.03363035035535547,1.0
all,0.0800,cross-ppi,197,0.03294559989391821,1.0
all,0.0800,cross-ppi,198,0.03245107006304937,1.0
all,0.0800,cross-ppi,199,0.033799988241174916,1.0
all,0.0800,cross-ppi,200,0.03418008268415784,1.0
all,0.0800,cross-ppi,201,0.03396197422330616,1.0
all,0.0800,cross-ppi,202,0.033706044330102714,1.0
all,0.0800,cross-ppi,203,0.033251599376378865,1.0
all,0.0800,cross-ppi,204,0.032654360261940046,1.0
all,0.0800,cross-ppi,205,0.03388527630127158,1.0
all,0.0800,cross-ppi,206,0.036133723947409546,1.0
all,0.0800,cross-ppi,207,0.032909742547532206,1.0
all,0.0800,cross-ppi,208,0.032918628393704435,1.0
all,0.0800,cross-ppi,209,0.03438133578273461,1.0
all,0.0800,cross-ppi,210,0.03038952089463806,1.0
all,0.0800,cross-ppi,211,0.03292254196276634,1.0
all,0.0800,cross-ppi,212,0.033071253936400424,1.0
all,0.0800,cross-ppi,213,0.03361212232333499,1.0
all,0.0800,cross-ppi,214,0.03403402843279715,1.0
all,0.0800,cross-ppi,215,0.03417991840187448,1.0
all,0.0800,cross-ppi,216,0.032488942605444854,0.0
all,0.0800,cross-ppi,217,0.03216138198596977,1.0
all,0.0800,cross-ppi,218,0.03367652827985523,1.0
all,0.0800,cross-ppi,219,0.03472943533834971,1.0
all,0.0800,cross-ppi,220,0.03207615598806901,1.0
all,0.0800,cross-ppi,221,0.033880913693968506,1.0
all,0.0800,cross-ppi,222,0.03142741620314893,1.0
all,0.0800,cross-ppi,223,0.0319991696593592,1.0
all,0.0800,cross-ppi,224,0.03279402940855336,1.0
all,0.0800,cross-ppi,225,0.033434416352042834,1.0
all,0.0800,cross-ppi,226,0.03263426306260642,1.0
all,0.0800,cross-ppi,227,0.032474033075548636,0.0
all,0.0800,cross-ppi,228,0.0337485642357592,1.0
all,0.0800,cross-ppi,229,0.034928976250461985,1.0
all,0.0800,cross-ppi,230,0.03386521925982944,1.0
all,0.0800,cross-ppi,231,0.0344943619937009,1.0
all,0.0800,cross-ppi,232,0.032340164918897435,1.0
all,0.0800,cross-ppi,233,0.03271024909474629,1.0
all,0.0800,cross-ppi,234,0.03385390203586322,1.0
all,0.0800,cross-ppi,235,0.03454053261676582,1.0
all,0.0800,cross-ppi,236,0.03279395274348773,1.0
all,0.0800,cross-ppi,237,0.03389785302274381,1.0
all,0.0800,cross-ppi,238,0.034634140661836454,1.0
all,0.0800,cross-ppi,239,0.03448765927653896,1.0
all,0.0800,cross-ppi,240,0.03371537556379878,1.0
all,0.0800,cross-ppi,241,0.03292564142184615,1.0
all,0.0800,cross-ppi,242,0.03239230446492522,1.0
all,0.0800,cross-ppi,243,0.03421530845643217,1.0
all,0.0800,cross-ppi,244,0.03307853711763031,1.0
all,0.0800,cross-ppi,245,0.03436522881752846,1.0
all,0.0800,cross-ppi,246,0.033504342193284686,1.0
all,0.0800,cross-ppi,247,0.0333182359212357,1.0
all,0.0800,cross-ppi,248,0.031439766580141804,1.0
all,0.0800,cross-ppi,249,0.03407320793202484,1.0
all,0.0800,cross-ppi,250,0.034073627764526826,1.0
all,0.0800,cross-ppi,251,0.03317934437743042,1.0
all,0.0800,cross-ppi,252,0.03228054505289968,1.0
all,0.0800,cross-ppi,253,0.03207651010765766,1.0
all,0.0800,cross-ppi,254,0.031765552950956316,1.0
all,0.0800,cross-ppi,255,0.03329164044491495,1.0
all,0.0800,cross-ppi,256,0.034112175689642865,1.0
all,0.0800,cross-ppi,257,0.03325800638543075,1.0
all,0.0800,cross-ppi,258,0.034153742758055716,1.0
all,0.0800,cross-ppi,259,0.03306989586952447,1.0
all,0.0800,cross-ppi,260,0.033809498360024004,1.0
all,0.0800,cross-ppi,261,0.03198041592403189,1.0
all,0.0800,cross-ppi,262,0.03337681168205461,1.0
all,0.0800,cross-ppi,263,0.03389668844389049,1.0
all,0.0800,cross-ppi,264,0.0328669415366353,1.0
all,0.0800,cross-ppi,265,0.03432059149577507,1.0
all,0.0800,cross-ppi,266,0.03308136277290444,1.0
all,0.0800,cross-ppi,267,0.03500303105309277,1.0
all,0.0800,cross-ppi,268,0.032892314022624186,1.0
all,0.0800,cross-ppi,269,0.03400519871742247,1.0
all,0.0800,cross-ppi,270,0.03335782430081313,1.0
all,0.0800,cross-ppi,271,0.032911546001932024,1.0
all,0.0800,cross-ppi,272,0.03457741216402621,0.0
all,0.0800,cross-ppi,273,0.03331064242902604,1.0
all,0.0800,cross-ppi,274,0.03385955699712895,1.0
all,0.0800,cross-ppi,275,0.03307466370645992,1.0
all,0.0800,cross-ppi,276,0.034827869631834374,1.0
all,0.0800,cross-ppi,277,0.03198482233994393,1.0
all,0.0800,cross-ppi,278,0.03304090917330116,1.0
all,0.0800,cross-ppi,279,0.03493694941728209,0.0
all,0.0800,cross-ppi,280,0.03273865897761907,1.0
all,0.0800,cross-ppi,281,0.033293111684030596,0.0
all,0.0800,cross-ppi,282,0.031123216524370667,0.0
all,0.0800,cross-ppi,283,0.034630727241059533,1.0
all,0.0800,cross-ppi,284,0.035124384550467735,1.0
all,0.0800,cross-ppi,285,0.03209639921609897,1.0
all,0.0800,cross-ppi,286,0.03287802146397001,1.0
all,0.0800,cross-ppi,287,0.032376164643262345,1.0
all,0.0800,cross-ppi,288,0.03351793381419643,1.0
all,0.0800,cross-ppi,289,0.034045663269177934,1.0
all,0.0800,cross-ppi,290,0.03335931744423318,1.0
all,0.0800,cross-ppi,291,0.03290556977753434,1.0
all,0.0800,cross-ppi,292,0.03330659013270265,1.0
all,0.0800,cross-ppi,293,0.03353074783230017,1.0
all,0.0800,cross-ppi,294,0.03349827470095179,1.0
all,0.0800,cross-ppi,295,0.03412720204249617,1.0
all,0.0800,cross-ppi,296,0.032785577997752724,1.0
all,0.0800,cross-ppi,297,0.03279055027486308,1.0
all,0.0800,cross-ppi,298,0.03366929985938649,1.0
all,0.0800,cross-ppi,299,0.03594644944578984,1.0
all,0.0800,cross-ppi,300,0.03343941053345767,1.0
all,0.0800,cross-ppi,301,0.033968947093556356,1.0
all,0.0800,cross-ppi,302,0.03374244198266518,1.0
all,0.0800,cross-ppi,303,0.03314073439011844,1.0
all,0.0800,cross-ppi,304,0.03321346033161254,1.0
all,0.0800,cross-ppi,305,0.03122717800401173,1.0
all,0.0800,cross-ppi,306,0.03404249079574995,1.0
all,0.0800,cross-ppi,307,0.03249462677244985,1.0
all,0.0800,cross-ppi,308,0.03257035725437116,1.0
all,0.0800,cross-ppi,309,0.03185001229820128,1.0
all,0.0800,cross-ppi,310,0.03358056917277355,1.0
all,0.0800,cross-ppi,311,0.03311907103301656,1.0
all,0.0800,cross-ppi,312,0.03412879375528624,1.0
all,0.0800,cross-ppi,313,0.03319690067744774,1.0
all,0.0800,cross-ppi,314,0.03265330155389157,1.0
all,0.0800,cross-ppi,315,0.03225511050471486,1.0
all,0.0800,cross-ppi,316,0.03458186968998189,1.0
all,0.0800,cross-ppi,317,0.03333887342674577,1.0
all,0.0800,cross-ppi,318,0.03401676784088992,1.0
all,0.0800,cross-ppi,319,0.03286860261305616,1.0
all,0.0800,cross-ppi,320,0.03365094405225666,1.0
all,0.0800,cross-ppi,321,0.03379560372956736,1.0
all,0.0800,cross-ppi,322,0.03530936640155502,0.0
all,0.0800,cross-ppi,323,0.032874195512125975,1.0
all,0.0800,cross-ppi,324,0.03386059015015552,1.0
all,0.0800,cross-ppi,325,0.03277194621894952,1.0
all,0.0800,cross-ppi,326,0.03276502080802565,1.0
all,0.0800,cross-ppi,327,0.03447835724858217,1.0
all,0.0800,cross-ppi,328,0.03257994403828579,1.0
all,0.0800,cross-ppi,329,0.03197700250325497,0.0
all,0.0800,cross-ppi,330,0.0333797979688947,1.0
all,0.0800,cross-ppi,331,0.03326128838038092,1.0
all,0.0800,cross-ppi,332,0.03318344413308014,1.0
all,0.0900,cross-ppi,0,0.0318134248083336,1.0
all,0.0900,cross-ppi,1,0.031429482509202106,1.0
all,0.0900,cross-ppi,2,0.03087715452032236,1.0
all,0.0900,cross-ppi,3,0.03197318750356315,1.0
all,0.0900,cross-ppi,4,0.03139036872288778,1.0
all,0.0900,cross-ppi,5,0.031003684734982523,1.0
all,0.0900,cross-ppi,6,0.032480984041494354,1.0
all,0.0900,cross-ppi,7,0.032896793452884404,1.0
all,0.0900,cross-ppi,8,0.031354160907630546,1.0
all,0.0900,cross-ppi,9,0.03205688385086969,1.0
all,0.0900,cross-ppi,10,0.03126346248433451,1.0
all,0.0900,cross-ppi,11,0.031676650680625223,1.0
all,0.0900,cross-ppi,12,0.031658126940494635,1.0
all,0.0900,cross-ppi,13,0.03133176740704702,1.0
all,0.0900,cross-ppi,14,0.03293122701948106,1.0
all,0.0900,cross-ppi,15,0.02967889232285084,1.0
all,0.0900,cross-ppi,16,0.030986478903836434,1.0
all,0.0900,cross-ppi,17,0.0317015996833947,1.0
all,0.0900,cross-ppi,18,0.03067246974738158,1.0
all,0.0900,cross-ppi,19,0.030933328109086472,1.0
all,0.0900,cross-ppi,20,0.0324041656457853,1.0
all,0.0900,cross-ppi,21,0.031564657622685566,1.0
all,0.0900,cross-ppi,22,0.03221813603880186,1.0
all,0.0900,cross-ppi,23,0.03087511011857358,1.0
all,0.0900,cross-ppi,24,0.0305066340837431,1.0
all,0.0900,cross-ppi,25,0.03148810572934735,1.0
all,0.0900,cross-ppi,26,0.03172328494480103,1.0
all,0.0900,cross-ppi,27,0.03132774066574548,1.0
all,0.0900,cross-ppi,28,0.03170530151084694,1.0
all,0.0900,cross-ppi,29,0.03143932484333534,1.0
all,0.0900,cross-ppi,30,0.03045472270755334,1.0
all,0.0900,cross-ppi,31,0.03137709471439054,1.0
all,0.0900,cross-ppi,32,0.030974172335452438,1.0
all,0.0900,cross-ppi,33,0.0320900104606342,1.0
all,0.0900,cross-ppi,34,0.030699802668618825,1.0
all,0.0900,cross-ppi,35,0.030926742214881592,1.0
all,0.0900,cross-ppi,36,0.03224261409902565,1.0
all,0.0900,cross-ppi,37,0.029908929502834747,1.0
all,0.0900,cross-ppi,38,0.030567896772574654,1.0
all,0.0900,cross-ppi,39,0.03125352888226607,1.0
all,0.0900,cross-ppi,40,0.03152282040118448,1.0
all,0.0900,cross-ppi,41,0.03138292491009187,1.0
all,0.0900,cross-ppi,42,0.031677837163783,1.0
all,0.0900,cross-ppi,43,0.03174527321575227,1.0
all,0.0900,cross-ppi,44,0.030643307816722754,1.0
all,0.0900,cross-ppi,45,0.03263661412461749,1.0
all,0.0900,cross-ppi,46,0.03129022224293854,1.0
all,0.0900,cross-ppi,47,0.030487245123586693,1.0
all,0.0900,cross-ppi,48,0.03186196474699665,1.0
all,0.0900,cross-ppi,49,0.031105937678876372,1.0
all,0.0900,cross-ppi,50,0.03257372686653914,1.0
all,0.0900,cross-ppi,51,0.03061199926422767,1.0
all,0.0900,cross-ppi,52,0.030111728680233957,1.0
all,0.0900,cross-ppi,53,0.032770007688005615,1.0
all,0.0900,cross-ppi,54,0.032711380817142977,1.0
all,0.0900,cross-ppi,55,0.03172969925528771,1.0
all,0.0900,cross-ppi,56,0.031088147732944882,1.0
all,0.0900,cross-ppi,57,0.03209823917767285,1.0
all,0.0900,cross-ppi,58,0.0316784906421991,1.0
all,0.0900,cross-ppi,59,0.030114046885788337,1.0
all,0.0900,cross-ppi,60,0.03173085653270624,1.0
all,0.0900,cross-ppi,61,0.030797276823425035,1.0
all,0.0900,cross-ppi,62,0.03045462596354201,1.0
all,0.0900,cross-ppi,63,0.03134385493238645,1.0
all,0.0900,cross-ppi,64,0.030822583596500502,1.0
all,0.0900,cross-ppi,65,0.03141636183083607,1.0
all,0.0900,cross-ppi,66,0.03260221706519484,1.0
all,0.0900,cross-ppi,67,0.030567630270203816,1.0
all,0.0900,cross-ppi,68,0.031201783613718392,1.0
all,0.0900,cross-ppi,69,0.031033799502884984,1.0
all,0.0900,cross-ppi,70,0.0324339701027081,1.0
all,0.0900,cross-ppi,71,0.031549857614311616,1.0
all,0.0900,cross-ppi,72,0.031557140795541505,1.0
all,0.0900,cross-ppi,73,0.03172102880144259,1.0
all,0.0900,cross-ppi,74,0.03189537246200158,1.0
all,0.0900,cross-ppi,75,0.03130345609354432,1.0
all,0.0900,cross-ppi,76,0.03231178424176395,1.0
all,0.0900,cross-ppi,77,0.0316329369903762,1.0
all,0.0900,cross-ppi,78,0.02998907552746158,1.0
all,0.0900,cross-ppi,79,0.031157230258465396,1.0
all,0.0900,cross-ppi,80,0.03210049532103132,1.0
all,0.0900,cross-ppi,81,0.031033978388038008,1.0
all,0.0900,cross-ppi,82,0.031457268119397974,1.0
all,0.0900,cross-ppi,83,0.031854046340937664,1.0
all,0.0900,cross-ppi,84,0.032443881800472085,1.0
all,0.0900,cross-ppi,85,0.03239103036454963,1.0
all,0.0900,cross-ppi,86,0.032160808823336634,1.0
all,0.0900,cross-ppi,87,0.03238180500165844,1.0
all,0.0900,cross-ppi,88,0.0320682923427712,1.0
all,0.0900,cross-ppi,89,0.030446510418743022,1.0
all,0.0900,cross-ppi,90,0.03206453575455792,1.0
all,0.0900,cross-ppi,91,0.0312261448509851,1.0
all,0.0900,cross-ppi,92,0.031034489488475203,1.0
all,0.0900,cross-ppi,93,0.031142861034745645,1.0
all,0.0900,cross-ppi,94,0.031932569621676454,1.0
all,0.0900,cross-ppi,95,0.031259118130618435,1.0
all,0.0900,cross-ppi,96,0.03141280238136279,1.0
all,0.0900,cross-ppi,97,0.031239838691984295,1.0
all,0.0900,cross-ppi,98,0.030555882261583345,1.0
all,0.0900,cross-ppi,99,0.03202684209731543,1.0
all,0.0900,cross-ppi,100,0.03246553785613915,1.0
all,0.0900,cross-ppi,101,0.03200884406049165,1.0
all,0.0900,cross-ppi,102,0.03197951054611459,1.0
all,0.0900,cross-ppi,103,0.03184378052358505,1.0
all,0.0900,cross-ppi,104,0.031035716129524465,1.0
all,0.0900,cross-ppi,105,0.032623741695035235,1.0
all,0.0900,cross-ppi,106,0.03338483595891839,1.0
all,0.0900,cross-ppi,107,0.0317274394612119,1.0
all,0.0900,cross-ppi,108,0.03138034020216671,1.0
all,0.0900,cross-ppi,109,0.03273803835565961,1.0
all,0.0900,cross-ppi,110,0.0288573494801182,1.0
all,0.0900,cross-ppi,111,0.030835160317972704,1.0
all,0.0900,cross-ppi,112,0.03148198712697073,1.0
all,0.0900,cross-ppi,113,0.03167613227875321,1.0
all,0.0900,cross-ppi,114,0.031979240393026354,1.0
all,0.0900,cross-ppi,115,0.031998059841267024,1.0
all,0.0900,cross-ppi,116,0.030980287287111663,1.0
all,0.0900,cross-ppi,117,0.030668859187864633,1.0
all,0.0900,cross-ppi,118,0.03227034129774298,1.0
all,0.0900,cross-ppi,119,0.032993720000079274,1.0
all,0.0900,cross-ppi,120,0.030585644735255935,1.0
all,0.0900,cross-ppi,121,0.032329329589629086,1.0
all,0.0900,cross-ppi,122,0.0303925893226199,1.0
all,0.0900,cross-ppi,123,0.03017861529923327,1.0
all,0.0900,cross-ppi,124,0.031188823566918322,1.0
all,0.0900,cross-ppi,125,0.03188546441495496,1.0
all,0.0900,cross-ppi,126,0.03130479955755061,1.0
all,0.0900,cross-ppi,127,0.030624524875656145,1.0
all,0.0900,cross-ppi,128,0.032232023367823714,1.0
all,0.0900,cross-ppi,129,0.0330473344359401,1.0
all,0.0900,cross-ppi,130,0.03158557988415356,1.0
all,0.0900,cross-ppi,131,0.032545243969318266,1.0
all,0.0900,cross-ppi,132,0.030285948216401043,1.0
all,0.0900,cross-ppi,133,0.03145473452151648,1.0
all,0.0900,cross-ppi,134,0.03178077644254962,1.0
all,0.0900,cross-ppi,135,0.0323326517424708,1.0
all,0.0900,cross-ppi,136,0.03170548039599996,1.0
all,0.0900,cross-ppi,137,0.03215006476200355,1.0
all,0.0900,cross-ppi,138,0.032861323082543664,1.0
all,0.0900,cross-ppi,139,0.03267758247537533,1.0
all,0.0900,cross-ppi,140,0.03172391651891271,1.0
all,0.0900,cross-ppi,141,0.03138510438838474,1.0
all,0.0900,cross-ppi,142,0.030518429551689846,1.0
all,0.0900,cross-ppi,143,0.03236915526583806,1.0
all,0.0900,cross-ppi,144,0.032013235873534024,1.0
all,0.0900,cross-ppi,145,0.032248265409573956,1.0
all,0.0900,cross-ppi,146,0.03172537680587609,1.0
all,0.0900,cross-ppi,147,0.031137417815089607,1.0
all,0.0900,cross-ppi,148,0.03027441377474896,1.0
all,0.0900,cross-ppi,149,0.03223277176489245,1.0
all,0.0900,cross-ppi,150,0.03251359955082167,1.0
all,0.0900,cross-ppi,151,0.03169471443036234,1.0
all,0.0900,cross-ppi,152,0.030882904400240663,1.0
all,0.0900,cross-ppi,153,0.03044829196883833,1.0
all,0.0900,cross-ppi,154,0.030542894834402756,1.0
all,0.0900,cross-ppi,155,0.031455921004674314,1.0
all,0.0900,cross-ppi,156,0.03213624679661242,1.0
all,0.0900,cross-ppi,157,0.03097414678043056,1.0
all,0.0900,cross-ppi,158,0.032269874005914745,1.0
all,0.0900,cross-ppi,159,0.03130230246684321,1.0
all,0.0900,cross-ppi,160,0.031645265463064565,1.0
all,0.0900,cross-ppi,161,0.030681611143772436,1.0
all,0.0900,cross-ppi,162,0.03141181303694515,1.0
all,0.0900,cross-ppi,163,0.03212224629535099,1.0
all,0.0900,cross-ppi,164,0.03132352773785607,1.0
all,0.0900,cross-ppi,165,0.031970427561202275,0.0
all,0.0900,cross-ppi,166,0.03144709722069797,1.0
all,0.0900,cross-ppi,167,0.03294545021450446,1.0
all,0.0900,cross-ppi,168,0.031007653064805546,1.0
all,0.0900,cross-ppi,169,0.03255807624100904,1.0
all,0.0900,cross-ppi,170,0.031897314643662855,1.0
all,0.0900,cross-ppi,171,0.03108088280530208,1.0
all,0.0900,cross-ppi,172,0.032649238305415995,0.0
all,0.0900,cross-ppi,173,0.03182137242013183,1.0
all,0.0900,cross-ppi,174,0.03248278384517675,1.0
all,0.0900,cross-ppi,175,0.03177328882114486,1.0
all,0.0900,cross-ppi,176,0.033132290280752597,1.0
all,0.0900,cross-ppi,177,0.030239963779923912,1.0
all,0.0900,cross-ppi,178,0.03150553790497279,1.0
all,0.0900,cross-ppi,179,0.03344284950925647,0.0
all,0.0900,cross-ppi,180,0.031074621824946552,1.0
all,0.0900,cross-ppi,181,0.03169514521501657,0.0
all,0.0900,cross-ppi,182,0.030244109169541233,1.0
all,0.0900,cross-ppi,183,0.03310075173306082,1.0
all,0.0900,cross-ppi,184,0.03326830140852263,1.0
all,0.0900,cross-ppi,185,0.030562187050547807,0.0
all,0.0900,cross-ppi,186,0.03132687179500224,1.0
all,0.0900,cross-ppi,187,0.030848956379059295,1.0
all,0.0900,cross-ppi,188,0.03177772444279614,1.0
all,0.0900,cross-ppi,189,0.03216745677973745,1.0
all,0.0900,cross-ppi,190,0.03193846187957372,1.0
all,0.0900,cross-ppi,191,0.03188851276399107,1.0
all,0.0900,cross-ppi,192,0.031386969904980466,1.0
all,0.0900,cross-ppi,193,0.031824015539535594,1.0
all,0.0900,cross-ppi,194,0.031947073921940294,1.0
all,0.0900,cross-ppi,195,0.03221161220679292,1.0
all,0.0900,cross-ppi,196,0.03086482239691654,1.0
all,0.0900,cross-ppi,197,0.03085895934475849,1.0
all,0.0900,cross-ppi,198,0.03182074449673758,1.0
all,0.0900,cross-ppi,199,0.033903686869162536,1.0
all,0.0900,cross-ppi,200,0.03162763979941652,1.0
all,0.0900,cross-ppi,201,0.031799402402767685,1.0
all,0.0900,cross-ppi,202,0.031800983163405516,1.0
all,0.0900,cross-ppi,203,0.03176872907510164,1.0
all,0.0900,cross-ppi,204,0.03168595635929941,1.0
all,0.0900,cross-ppi,205,0.029920734097575008,1.0
all,0.0900,cross-ppi,206,0.03231950185836552,1.0
all,0.0900,cross-ppi,207,0.03090944146508287,1.0
all,0.0900,cross-ppi,208,0.03081956810392114,1.0
all,0.0900,cross-ppi,209,0.030678139311516972,1.0
all,0.0900,cross-ppi,210,0.031867050196346614,1.0
all,0.0900,cross-ppi,211,0.031566242034040876,1.0
all,0.0900,cross-ppi,212,0.032220987249097915,1.0
all,0.0900,cross-ppi,213,0.03190049076780821,1.0
all,0.0900,cross-ppi,214,0.03148805827002099,0.0
all,0.0900,cross-ppi,215,0.030711167351911373,1.0
all,0.0900,cross-ppi,216,0.03270402827228236,1.0
all,0.0900,cross-ppi,217,0.03148630227494756,1.0
all,0.0900,cross-ppi,218,0.03219410336610193,1.0
all,0.0900,cross-ppi,219,0.031424021035959065,1.0
all,0.0900,cross-ppi,220,0.0315337177926488,1.0
all,0.0900,cross-ppi,221,0.032070723720565214,1.0
all,0.0900,cross-ppi,222,0.033769011903963975,1.0
all,0.0900,cross-ppi,223,0.031166882755293418,1.0
all,0.0900,cross-ppi,224,0.031904196245977845,1.0
all,0.0900,cross-ppi,225,0.03128100053076477,1.0
all,0.0900,cross-ppi,226,0.03124672029429923,1.0
all,0.0900,cross-ppi,227,0.03298069424036587,1.0
all,0.0900,cross-ppi,228,0.03141799005080026,0.0
all,0.0900,cross-ppi,229,0.030352237943104043,0.0
all,0.0900,cross-ppi,230,0.0315950060365022,1.0
all,0.0900,cross-ppi,231,0.03122588930076653,1.0
all,0.0900,cross-ppi,232,0.03174158234045232,1.0
all,0.0900,cross-ppi,233,0.03145509229182253,1.0
all,0.0900,cross-ppi,234,0.032858380604312454,0.0
all,0.0900,cross-ppi,235,0.029301495760032797,1.0
all,0.0900,cross-ppi,236,0.03079822600995119,1.0
all,0.0900,cross-ppi,237,0.0320689932805136,1.0
all,0.0900,cross-ppi,238,0.03166703469097132,1.0
all,0.0900,cross-ppi,239,0.031195179465926454,1.0
all,0.0900,cross-ppi,240,0.03127765647361866,1.0
all,0.0900,cross-ppi,241,0.03269441228262837,1.0
all,0.0900,cross-ppi,242,0.03159784994536341,1.0
all,0.0900,cross-ppi,243,0.03196186297816206,1.0
all,0.0900,cross-ppi,244,0.0317447329095758,1.0
all,0.0900,cross-ppi,245,0.03053868008115468,1.0
all,0.0900,cross-ppi,246,0.03171746205053452,1.0
all,0.0900,cross-ppi,247,0.03356129338485683,1.0
all,0.0900,cross-ppi,248,0.03194820564433698,1.0
all,0.0900,cross-ppi,249,0.0322237544928935,1.0
all,0.0900,cross-ppi,250,0.031000961299795793,1.0
all,0.0900,cross-ppi,251,0.030842793968073795,1.0
all,0.0900,cross-ppi,252,0.03190188899257562,1.0
all,0.0900,cross-ppi,253,0.029709938023692484,1.0
all,0.0900,cross-ppi,254,0.03041608899057821,1.0
all,0.0900,cross-ppi,255,0.031227397047056238,1.0
all,0.0900,cross-ppi,256,0.032660584735121484,1.0
all,0.0900,cross-ppi,257,0.034378791232700934,1.0
all,0.0900,cross-ppi,258,0.031881674970284934,1.0
all,0.0900,cross-ppi,259,0.03150052546997095,1.0
all,0.0900,cross-ppi,260,0.030701850721085,1.0
all,0.0900,cross-ppi,261,0.03287465915323684,1.0
all,0.0900,cross-ppi,262,0.03155682683384442,1.0
all,0.0900,cross-ppi,263,0.031222767937382323,1.0
all,0.0900,cross-ppi,264,0.03185901496733057,1.0
all,0.0900,cross-ppi,265,0.03231623811700232,1.0
all,0.0900,cross-ppi,266,0.031852012891341125,1.0
all,0.0900,cross-ppi,267,0.03219093819410879,1.0
all,0.0900,cross-ppi,268,0.03166090148572509,1.0
all,0.0900,cross-ppi,269,0.03196812760923495,1.0
all,0.0900,cross-ppi,270,0.03028943647688484,1.0
all,0.0900,cross-ppi,271,0.0313300917277565,1.0
all,0.0900,cross-ppi,272,0.03210984845903178,1.0
all,0.0900,cross-ppi,273,0.031932704698220515,1.0
all,0.0900,cross-ppi,274,0.031876775707522786,1.0
all,0.0900,cross-ppi,275,0.032078423083579666,1.0
all,0.0900,cross-ppi,276,0.03196395118851969,1.0
all,0.0900,cross-ppi,277,0.030899150092708383,1.0
all,0.0900,cross-ppi,278,0.03288585590352858,1.0
all,0.0900,cross-ppi,279,0.03173525564718341,1.0
all,0.0900,cross-ppi,280,0.033751116087227695,1.0
all,0.0900,cross-ppi,281,0.03270371065986777,1.0
all,0.0900,cross-ppi,282,0.032424518395337554,1.0
all,0.0900,cross-ppi,283,0.030832049906740683,1.0
all,0.0900,cross-ppi,284,0.03257686283279304,1.0
all,0.0900,cross-ppi,285,0.030245149624002682,1.0
all,0.0900,cross-ppi,286,0.032679112125969495,1.0
all,0.0900,cross-ppi,287,0.03173378075735042,1.0
all,0.0900,cross-ppi,288,0.030217471709970356,1.0
all,0.0900,cross-ppi,289,0.031212750368813436,1.0
all,0.0900,cross-ppi,290,0.03329936171223391,1.0
all,0.0900,cross-ppi,291,0.032510686278329676,1.0
all,0.0900,cross-ppi,292,0.03134255527698904,1.0
all,0.0900,cross-ppi,293,0.030771886083849065,1.0
all,0.0900,cross-ppi,294,0.03021664664783605,1.0
all,0.0900,cross-ppi,295,0.03177663287829102,1.0
all,0.0900,cross-ppi,296,0.031742345340390665,1.0
all,0.0900,cross-ppi,297,0.033114478430516736,1.0
all,0.0900,cross-ppi,298,0.03238483509710746,1.0
all,0.0900,cross-ppi,299,0.032214226120457407,1.0
all,0.0900,cross-ppi,300,0.0328032803264664,1.0
all,0.0900,cross-ppi,301,0.03231555543284692,1.0
all,0.0900,cross-ppi,302,0.0318812113291741,1.0
all,0.0900,cross-ppi,303,0.031159683540563865,1.0
all,0.0900,cross-ppi,304,0.0307250838866725,1.0
all,0.0900,cross-ppi,305,0.031000753208903498,1.0
all,0.0900,cross-ppi,306,0.030518665022962743,1.0
all,0.0900,cross-ppi,307,0.03177179202700742,1.0
all,0.0900,cross-ppi,308,0.031646539563440185,1.0
all,0.0900,cross-ppi,309,0.031160008454413246,1.0
all,0.0900,cross-ppi,310,0.03097645038311536,1.0
all,0.0900,cross-ppi,311,0.03192929492816107,0.0
all,0.0900,cross-ppi,312,0.03269764681825227,1.0
all,0.0900,cross-ppi,313,0.03366509788364935,1.0
all,0.0900,cross-ppi,314,0.03312317078866625,1.0
all,0.0900,cross-ppi,315,0.031037128957161514,1.0
all,0.0900,cross-ppi,316,0.032501961063723384,1.0
all,0.0900,cross-ppi,317,0.03282113233459383,1.0
all,0.0900,cross-ppi,318,0.030428709520659264,1.0
all,0.0900,cross-ppi,319,0.03131972369031644,1.0
all,0.0900,cross-ppi,320,0.031906514451532225,1.0
all,0.0900,cross-ppi,321,0.03236371569689944,1.0
all,0.0900,cross-ppi,322,0.03227932571328526,1.0
all,0.0900,cross-ppi,323,0.03147160083594369,1.0
all,0.0900,cross-ppi,324,0.03141520455341762,1.0
all,0.0900,cross-ppi,325,0.03212564876397564,1.0
all,0.0900,cross-ppi,326,0.03035492852183408,1.0
all,0.0900,cross-ppi,327,0.03143668172393166,1.0
all,0.0900,cross-ppi,328,0.03145076984241091,1.0
all,0.0900,cross-ppi,329,0.031135355159753852,1.0
all,0.0900,cross-ppi,330,0.03118643964845058,1.0
all,0.0900,cross-ppi,331,0.03220736277172945,1.0
all,0.0900,cross-ppi,332,0.03031526530254977,1.0
all,0.1000,cross-ppi,0,0.030884068979093987,1.0
all,0.1000,cross-ppi,1,0.030639682654336142,1.0
all,0.1000,cross-ppi,2,0.03069573942014317,1.0
all,0.1000,cross-ppi,3,0.03052983621823266,1.0
all,0.1000,cross-ppi,4,0.02950346257386291,1.0
all,0.1000,cross-ppi,5,0.031212695608052288,1.0
all,0.1000,cross-ppi,6,0.031751672923369334,1.0
all,0.1000,cross-ppi,7,0.030041954343764582,1.0
all,0.1000,cross-ppi,8,0.030298762234504784,1.0
all,0.1000,cross-ppi,9,0.030890822806299623,1.0
all,0.1000,cross-ppi,10,0.027722865315772727,1.0
all,0.1000,cross-ppi,11,0.029305936857760173,1.0
all,0.1000,cross-ppi,12,0.029954101654688453,1.0
all,0.1000,cross-ppi,13,0.030542414765063475,1.0
all,0.1000,cross-ppi,14,0.030702544357392586,1.0
all,0.1000,cross-ppi,15,0.030659330815428487,1.0
all,0.1000,cross-ppi,16,0.029650069908910975,1.0
all,0.1000,cross-ppi,17,0.02918949905137569,1.0
all,0.1000,cross-ppi,18,0.03114617588615254,1.0
all,0.1000,cross-ppi,19,0.03150513632605789,1.0
all,0.1000,cross-ppi,20,0.029491813134612466,1.0
all,0.1000,cross-ppi,21,0.03058140260162731,1.0
all,0.1000,cross-ppi,22,0.028857552094934347,1.0
all,0.1000,cross-ppi,23,0.02855817683921144,0.0
all,0.1000,cross-ppi,24,0.029582856550703612,1.0
all,0.1000,cross-ppi,25,0.030257691663659464,1.0
all,0.1000,cross-ppi,26,0.029909540998000667,1.0
all,0.1000,cross-ppi,27,0.02951387989598797,1.0
all,0.1000,cross-ppi,28,0.030929294066350144,1.0
all,0.1000,cross-ppi,29,0.03127129692389308,1.0
all,0.1000,cross-ppi,30,0.03029563539504443,1.0
all,0.1000,cross-ppi,31,0.03088356518009161,1.0
all,0.1000,cross-ppi,32,0.02878376014395692,1.0
all,0.1000,cross-ppi,33,0.030405501910093613,1.0
all,0.1000,cross-ppi,34,0.03032352870140384,1.0
all,0.1000,cross-ppi,35,0.030878738931677585,1.0
all,0.1000,cross-ppi,36,0.02996328138361204,1.0
all,0.1000,cross-ppi,37,0.03048619189161439,1.0
all,0.1000,cross-ppi,38,0.03114274786250601,1.0
all,0.1000,cross-ppi,39,0.03130040409379084,1.0
all,0.1000,cross-ppi,40,0.03012279035398166,1.0
all,0.1000,cross-ppi,41,0.029743895171667395,1.0
all,0.1000,cross-ppi,42,0.0290428880656102,1.0
all,0.1000,cross-ppi,43,0.030606459300560357,1.0
all,0.1000,cross-ppi,44,0.03080089103365935,1.0
all,0.1000,cross-ppi,45,0.030348010412345028,1.0
all,0.1000,cross-ppi,46,0.03018455136573947,1.0
all,0.1000,cross-ppi,47,0.030000509574384937,1.0
all,0.1000,cross-ppi,48,0.02926503239455694,1.0
all,0.1000,cross-ppi,49,0.030706826648912666,1.0
all,0.1000,cross-ppi,50,0.03067969816785035,1.0
all,0.1000,cross-ppi,51,0.030244700585761453,1.0
all,0.1000,cross-ppi,52,0.029659282494291284,1.0
all,0.1000,cross-ppi,53,0.029308736958012477,1.0
all,0.1000,cross-ppi,54,0.029559838777443198,1.0
all,0.1000,cross-ppi,55,0.030102959657018813,1.0
all,0.1000,cross-ppi,56,0.03033088489698188,1.0
all,0.1000,cross-ppi,57,0.029442475514195682,1.0
all,0.1000,cross-ppi,58,0.03041133028043627,1.0
all,0.1000,cross-ppi,59,0.029796507485599588,1.0
all,0.1000,cross-ppi,60,0.03038526963421595,1.0
all,0.1000,cross-ppi,61,0.029010024307499133,1.0
all,0.1000,cross-ppi,62,0.029817652440829456,1.0
all,0.1000,cross-ppi,63,0.030942049672975314,1.0
all,0.1000,cross-ppi,64,0.02988248188056908,1.0
all,0.1000,cross-ppi,65,0.030197542443637482,0.0
all,0.1000,cross-ppi,66,0.030167655845573044,1.0
all,0.1000,cross-ppi,67,0.031400061377607286,1.0
all,0.1000,cross-ppi,68,0.02966926173032733,0.0
all,0.1000,cross-ppi,69,0.030927476009080718,1.0
all,0.1000,cross-ppi,70,0.030314630077720728,1.0
all,0.1000,cross-ppi,71,0.02967473598108128,1.0
all,0.1000,cross-ppi,72,0.031172986754800402,1.0
all,0.1000,cross-ppi,73,0.03059385702406628,1.0
all,0.1000,cross-ppi,74,0.0309049693362575,1.0
all,0.1000,cross-ppi,75,0.030032696124416725,1.0
all,0.1000,cross-ppi,76,0.03102423462327486,1.0
all,0.1000,cross-ppi,77,0.028832356668739817,1.0
all,0.1000,cross-ppi,78,0.029915252545386184,1.0
all,0.1000,cross-ppi,79,0.031516906238982734,0.0
all,0.1000,cross-ppi,80,0.030107716541802082,1.0
all,0.1000,cross-ppi,81,0.030146425098484086,0.0
all,0.1000,cross-ppi,82,0.029162991192272808,1.0
all,0.1000,cross-ppi,83,0.03153601044318133,1.0
all,0.1000,cross-ppi,84,0.031209395359515057,1.0
all,0.1000,cross-ppi,85,0.029499052507233475,1.0
all,0.1000,cross-ppi,86,0.029781075903113963,1.0
all,0.1000,cross-ppi,87,0.02966455413022906,1.0
all,0.1000,cross-ppi,88,0.030547469183315523,1.0
all,0.1000,cross-ppi,89,0.030460824881701626,1.0
all,0.1000,cross-ppi,90,0.030337406903632153,1.0
all,0.1000,cross-ppi,91,0.030142688589216537,1.0
all,0.1000,cross-ppi,92,0.029785913103680173,1.0
all,0.1000,cross-ppi,93,0.03048079978200202,1.0
all,0.1000,cross-ppi,94,0.030845309312368285,1.0
all,0.1000,cross-ppi,95,0.03088461293598785,1.0
all,0.1000,cross-ppi,96,0.02952063007247621,1.0
all,0.1000,cross-ppi,97,0.02938194296884586,1.0
all,0.1000,cross-ppi,98,0.03023213481644149,1.0
all,0.1000,cross-ppi,99,0.032094752742547805,1.0
all,0.1000,cross-ppi,100,0.03014184344813642,1.0
all,0.1000,cross-ppi,101,0.030463537364736087,1.0
all,0.1000,cross-ppi,102,0.030250685936952598,1.0
all,0.1000,cross-ppi,103,0.030153363286918866,1.0
all,0.1000,cross-ppi,104,0.030256601924513044,1.0
all,0.1000,cross-ppi,105,0.028853131076152727,1.0
all,0.1000,cross-ppi,106,0.030438581060531766,1.0
all,0.1000,cross-ppi,107,0.029463907050742116,1.0
all,0.1000,cross-ppi,108,0.029275009805234314,1.0
all,0.1000,cross-ppi,109,0.02945778114693068,1.0
all,0.1000,cross-ppi,110,0.030338115142809374,1.0
all,0.1000,cross-ppi,111,0.03037002423831814,1.0
all,0.1000,cross-ppi,112,0.030521928764325912,1.0
all,0.1000,cross-ppi,113,0.030265560785033396,1.0
all,0.1000,cross-ppi,114,0.030240400040654203,1.0
all,0.1000,cross-ppi,115,0.02929247666267512,1.0
all,0.1000,cross-ppi,116,0.031510721923692864,1.0
all,0.1000,cross-ppi,117,0.030114990596238456,1.0
all,0.1000,cross-ppi,118,0.030640164549034066,1.0
all,0.1000,cross-ppi,119,0.03004419405889469,1.0
all,0.1000,cross-ppi,120,0.029741029358501758,1.0
all,0.1000,cross-ppi,121,0.030678303593800305,1.0
all,0.1000,cross-ppi,122,0.031704198994189525,1.0
all,0.1000,cross-ppi,123,0.03021789336783101,1.0
all,0.1000,cross-ppi,124,0.030037117143198344,1.0
all,0.1000,cross-ppi,125,0.030219775312655073,1.0
all,0.1000,cross-ppi,126,0.03007814208007606,1.0
all,0.1000,cross-ppi,127,0.031681057096537235,1.0
all,0.1000,cross-ppi,128,0.030615991323713843,0.0
all,0.1000,cross-ppi,129,0.02897086671257587,0.0
all,0.1000,cross-ppi,130,0.030244857566609995,1.0
all,0.1000,cross-ppi,131,0.029397958666116802,1.0
all,0.1000,cross-ppi,132,0.030644494299880476,1.0
all,0.1000,cross-ppi,133,0.029680126265334894,1.0
all,0.1000,cross-ppi,134,0.03141584707968148,1.0
all,0.1000,cross-ppi,135,0.028255081502449236,1.0
all,0.1000,cross-ppi,136,0.029335286800365568,1.0
all,0.1000,cross-ppi,137,0.030730965192417498,1.0
all,0.1000,cross-ppi,138,0.030136371022741137,1.0
all,0.1000,cross-ppi,139,0.02979719199511366,1.0
all,0.1000,cross-ppi,140,0.029970309014623386,1.0
all,0.1000,cross-ppi,141,0.031384345039163764,1.0
all,0.1000,cross-ppi,142,0.030498146165768403,1.0
all,0.1000,cross-ppi,143,0.03056629958370846,1.0
all,0.1000,cross-ppi,144,0.030272926107405035,0.0
all,0.1000,cross-ppi,145,0.029490438639508176,1.0
all,0.1000,cross-ppi,146,0.029897338475062818,1.0
all,0.1000,cross-ppi,147,0.031751158172214744,1.0
all,0.1000,cross-ppi,148,0.03041326150994539,1.0
all,0.1000,cross-ppi,149,0.030856323526789575,1.0
all,0.1000,cross-ppi,150,0.02932007243556578,1.0
all,0.1000,cross-ppi,151,0.02966109872620193,1.0
all,0.1000,cross-ppi,152,0.031113753864847937,1.0
all,0.1000,cross-ppi,153,0.028488771225200243,1.0
all,0.1000,cross-ppi,154,0.028855447456348382,1.0
all,0.1000,cross-ppi,155,0.029594827253086015,1.0
all,0.1000,cross-ppi,156,0.031425517830096505,1.0
all,0.1000,cross-ppi,157,0.03233563802931094,1.0
all,0.1000,cross-ppi,158,0.030336883025684047,1.0
all,0.1000,cross-ppi,159,0.03043399575946673,1.0
all,0.1000,cross-ppi,160,0.029735463839812515,1.0
all,0.1000,cross-ppi,161,0.03130686586360376,1.0
all,0.1000,cross-ppi,162,0.030648718179922096,1.0
all,0.1000,cross-ppi,163,0.02994724743275401,1.0
all,0.1000,cross-ppi,164,0.03092857122430326,1.0
all,0.1000,cross-ppi,165,0.030535321421138878,1.0
all,0.1000,cross-ppi,166,0.030377623206603865,1.0
all,0.1000,cross-ppi,167,0.030488862391398697,1.0
all,0.1000,cross-ppi,168,0.030381801452677853,1.0
all,0.1000,cross-ppi,169,0.030550021034784103,1.0
all,0.1000,cross-ppi,170,0.029133865768787987,1.0
all,0.1000,cross-ppi,171,0.029731590428642152,1.0
all,0.1000,cross-ppi,172,0.030598661368175795,1.0
all,0.1000,cross-ppi,173,0.030844747101887338,1.0
all,0.1000,cross-ppi,174,0.030635484329316398,1.0
all,0.1000,cross-ppi,175,0.030546273573364258,1.0
all,0.1000,cross-ppi,176,0.030524334587098023,1.0
all,0.1000,cross-ppi,177,0.02951431615671829,1.0
all,0.1000,cross-ppi,178,0.031362261849559925,1.0
all,0.1000,cross-ppi,179,0.030568982861003652,1.0
all,0.1000,cross-ppi,180,0.031875716999474335,1.0
all,0.1000,cross-ppi,181,0.03111929930459137,1.0
all,0.1000,cross-ppi,182,0.030814468051701488,1.0
all,0.1000,cross-ppi,183,0.02985539173203952,1.0
all,0.1000,cross-ppi,184,0.03162001345075027,1.0
all,0.1000,cross-ppi,185,0.029049906569827977,1.0
all,0.1000,cross-ppi,186,0.03133105186643492,1.0
all,0.1000,cross-ppi,187,0.030195322807453157,1.0
all,0.1000,cross-ppi,188,0.028963545198813195,1.0
all,0.1000,cross-ppi,189,0.029742308934953415,1.0
all,0.1000,cross-ppi,190,0.03143203436067066,1.0
all,0.1000,cross-ppi,191,0.030688781152762634,1.0
all,0.1000,cross-ppi,192,0.02996302765875214,1.0
all,0.1000,cross-ppi,193,0.02928410374229884,1.0
all,0.1000,cross-ppi,194,0.0289342445408928,1.0
all,0.1000,cross-ppi,195,0.03082252883573941,1.0
all,0.1000,cross-ppi,196,0.030213704169604783,1.0
all,0.1000,cross-ppi,197,0.03161111300170838,1.0
all,0.1000,cross-ppi,198,0.030742267813514162,1.0
all,0.1000,cross-ppi,199,0.030819290649398062,1.0
all,0.1000,cross-ppi,200,0.03144729435943805,1.0
all,0.1000,cross-ppi,201,0.030534777464245016,1.0
all,0.1000,cross-ppi,202,0.030126605353673508,1.0
all,0.1000,cross-ppi,203,0.029972446509666018,1.0
all,0.1000,cross-ppi,204,0.02966202235770632,1.0
all,0.1000,cross-ppi,205,0.0295601691673687,1.0
all,0.1000,cross-ppi,206,0.029277247695005726,1.0
all,0.1000,cross-ppi,207,0.030337479917980303,1.0
all,0.1000,cross-ppi,208,0.030420499057207645,1.0
all,0.1000,cross-ppi,209,0.029768252758216707,1.0
all,0.1000,cross-ppi,210,0.02951464837200246,1.0
all,0.1000,cross-ppi,211,0.0303174812880167,0.0
all,0.1000,cross-ppi,212,0.031156145995395068,1.0
all,0.1000,cross-ppi,213,0.03159421018010711,1.0
all,0.1000,cross-ppi,214,0.03170639307535206,1.0
all,0.1000,cross-ppi,215,0.029536977985031382,1.0
all,0.1000,cross-ppi,216,0.031079192523141952,1.0
all,0.1000,cross-ppi,217,0.031137238929936584,1.0
all,0.1000,cross-ppi,218,0.02892994764650303,1.0
all,0.1000,cross-ppi,219,0.029925947322034324,1.0
all,0.1000,cross-ppi,220,0.030073832408175377,0.0
all,0.1000,cross-ppi,221,0.030565208019203288,1.0
all,0.1000,cross-ppi,222,0.030895159858580934,1.0
all,0.1000,cross-ppi,223,0.030463208800169284,1.0
all,0.1000,cross-ppi,224,0.030129852666808343,1.0
all,0.1000,cross-ppi,225,0.030526946675403815,1.0
all,0.1000,cross-ppi,226,0.029037459448823827,1.0
all,0.1000,cross-ppi,227,0.030033676342040905,1.0
all,0.1000,cross-ppi,228,0.029974207980815598,1.0
all,0.1000,cross-ppi,229,0.029417902535319285,1.0
all,0.1000,cross-ppi,230,0.029309226154145218,1.0
all,0.1000,cross-ppi,231,0.030968258173250746,1.0
all,0.1000,cross-ppi,232,0.029229164096018723,1.0
all,0.1000,cross-ppi,233,0.0307009343910154,1.0
all,0.1000,cross-ppi,234,0.029576026058432348,1.0
all,0.1000,cross-ppi,235,0.03009159132300887,1.0
all,0.1000,cross-ppi,236,0.030282580429591754,1.0
all,0.1000,cross-ppi,237,0.03071045911273418,1.0
all,0.1000,cross-ppi,238,0.029590716545284085,1.0
all,0.1000,cross-ppi,239,0.030395681480264836,1.0
all,0.1000,cross-ppi,240,0.029844138395627856,1.0
all,0.1000,cross-ppi,241,0.03040706441714447,1.0
all,0.1000,cross-ppi,242,0.030352964435868324,1.0
all,0.1000,cross-ppi,243,0.02907895350288847,1.0
all,0.1000,cross-ppi,244,0.02966821945050721,1.0
all,0.1000,cross-ppi,245,0.030669815675825635,1.0
all,0.1000,cross-ppi,246,0.029642193486102197,1.0
all,0.1000,cross-ppi,247,0.02979338429685663,1.0
all,0.1000,cross-ppi,248,0.029628892097224413,1.0
all,0.1000,cross-ppi,249,0.030155498956602855,1.0
all,0.1000,cross-ppi,250,0.03131665708769338,1.0
all,0.1000,cross-ppi,251,0.030883561529374215,1.0
all,0.1000,cross-ppi,252,0.030019580922126754,1.0
all,0.1000,cross-ppi,253,0.030762021845411408,1.0
all,0.1000,cross-ppi,254,0.031047259697970064,1.0
all,0.1000,cross-ppi,255,0.030038568303368235,1.0
all,0.1000,cross-ppi,256,0.029693411225984345,1.0
all,0.1000,cross-ppi,257,0.029964672306944662,1.0
all,0.1000,cross-ppi,258,0.0298913239181324,1.0
all,0.1000,cross-ppi,259,0.029500830406611445,1.0
all,0.1000,cross-ppi,260,0.03101066125595009,0.0
all,0.1000,cross-ppi,261,0.030446313280002912,1.0
all,0.1000,cross-ppi,262,0.031540062739504715,1.0
all,0.1000,cross-ppi,263,0.0308622632440132,1.0
all,0.1000,cross-ppi,264,0.030601917808104173,1.0
all,0.1000,cross-ppi,265,0.030582833682851418,1.0
all,0.1000,cross-ppi,266,0.029345094452683407,1.0
all,0.1000,cross-ppi,267,0.02962530161665322,1.0
all,0.1000,cross-ppi,268,0.030630658080902373,1.0
all,0.1000,cross-ppi,269,0.02892048681233897,1.0
all,0.1000,cross-ppi,270,0.03021530865990585,1.0
all,0.1000,cross-ppi,271,0.030354143617591256,1.0
all,0.1000,cross-ppi,272,0.031023442417597163,1.0
all,0.1000,cross-ppi,273,0.03065070782090973,1.0
all,0.1000,cross-ppi,274,0.03033575130328739,1.0
all,0.1000,cross-ppi,275,0.03101089490186426,1.0
all,0.1000,cross-ppi,276,0.030920912019180263,1.0
all,0.1000,cross-ppi,277,0.03057632080299469,1.0
all,0.1000,cross-ppi,278,0.02913947874680356,1.0
all,0.1000,cross-ppi,279,0.029893507047142664,1.0
all,0.1000,cross-ppi,280,0.028397811775609516,1.0
all,0.1000,cross-ppi,281,0.029789724452654598,1.0
all,0.1000,cross-ppi,282,0.028798616738450744,1.0
all,0.1000,cross-ppi,283,0.02993585901979831,1.0
all,0.1000,cross-ppi,284,0.02964264617506085,1.0
all,0.1000,cross-ppi,285,0.030156758454108784,1.0
all,0.1000,cross-ppi,286,0.03021910905672806,1.0
all,0.1000,cross-ppi,287,0.030583905168410808,1.0
all,0.1000,cross-ppi,288,0.030787237350551694,1.0
all,0.1000,cross-ppi,289,0.030040541516127534,1.0
all,0.1000,cross-ppi,290,0.030282857884114778,1.0
all,0.1000,cross-ppi,291,0.030684451401916224,1.0
all,0.1000,cross-ppi,292,0.029431213050990584,1.0
all,0.1000,cross-ppi,293,0.029028210356269457,1.0
all,0.1000,cross-ppi,294,0.03105643030010008,1.0
all,0.1000,cross-ppi,295,0.030865855549943144,1.0
all,0.1000,cross-ppi,296,0.030368702678616244,1.0
all,0.1000,cross-ppi,297,0.0301174694333588,1.0
all,0.1000,cross-ppi,298,0.03009883069562988,1.0
all,0.1000,cross-ppi,299,0.030329336992800715,1.0
all,0.1000,cross-ppi,300,0.029294356782140513,1.0
all,0.1000,cross-ppi,301,0.03038417624435208,1.0
all,0.1000,cross-ppi,302,0.031000829873969127,1.0
all,0.1000,cross-ppi,303,0.02978016322376187,1.0
all,0.1000,cross-ppi,304,0.030133921391360063,1.0
all,0.1000,cross-ppi,305,0.0290143230272476,1.0
all,0.1000,cross-ppi,306,0.029100695350414596,1.0
all,0.1000,cross-ppi,307,0.028836177144507785,1.0
all,0.1000,cross-ppi,308,0.0303699621761222,1.0
all,0.1000,cross-ppi,309,0.030557780634635767,1.0
all,0.1000,cross-ppi,310,0.029983157714542436,1.0
all,0.1000,cross-ppi,311,0.030036407078662397,1.0
all,0.1000,cross-ppi,312,0.03121796359327278,1.0
all,0.1000,cross-ppi,313,0.03031313510894193,1.0
all,0.1000,cross-ppi,314,0.030310826030181065,1.0
all,0.1000,cross-ppi,315,0.030959543910796694,1.0
all,0.1000,cross-ppi,316,0.030764314495943884,1.0
all,0.1000,cross-ppi,317,0.030214616848956904,1.0
all,0.1000,cross-ppi,318,0.029332855422571552,1.0
all,0.1000,cross-ppi,319,0.030016674951069633,1.0
all,0.1000,cross-ppi,320,0.02944647852583407,1.0
all,0.1000,cross-ppi,321,0.030998869438720766,1.0
all,0.1000,cross-ppi,322,0.03000434647838124,1.0
all,0.1000,cross-ppi,323,0.029707289428212658,1.0
all,0.1000,cross-ppi,324,0.030816012305165286,1.0
all,0.1000,cross-ppi,325,0.03045800835322099,1.0
all,0.1000,cross-ppi,326,0.029744318654886776,1.0
all,0.1000,cross-ppi,327,0.030782586336573298,1.0
all,0.1000,cross-ppi,328,0.03047413539737287,1.0
all,0.1000,cross-ppi,329,0.03039029849744604,1.0
all,0.1000,cross-ppi,330,0.0301853326192649,1.0
all,0.1000,cross-ppi,331,0.031051001683313734,1.0
all,0.1000,cross-ppi,332,0.030749872257875982,1.0
all,0.1100,cross-ppi,0,0.02916445330459491,1.0
all,0.1100,cross-ppi,1,0.029285459983816042,1.0
all,0.1100,cross-ppi,2,0.028695469368791776,1.0
all,0.1100,cross-ppi,3,0.028880852798793932,1.0
all,0.1100,cross-ppi,4,0.029117192942383546,1.0
all,0.1100,cross-ppi,5,0.027815016724597325,1.0
all,0.1100,cross-ppi,6,0.029409149940332502,1.0
all,0.1100,cross-ppi,7,0.028369312450160278,1.0
all,0.1100,cross-ppi,8,0.028043593617617796,1.0
all,0.1100,cross-ppi,9,0.02845508970638974,1.0
all,0.1100,cross-ppi,10,0.02903374666921943,1.0
all,0.1100,cross-ppi,11,0.029700287352223187,1.0
all,0.1100,cross-ppi,12,0.029583502727684924,1.0
all,0.1100,cross-ppi,13,0.028928365060506472,1.0
all,0.1100,cross-ppi,14,0.02922158885739612,1.0
all,0.1100,cross-ppi,15,0.028327418642539404,1.0
all,0.1100,cross-ppi,16,0.03014932559346517,1.0
all,0.1100,cross-ppi,17,0.02869932087565774,1.0
all,0.1100,cross-ppi,18,0.029259036091213525,1.0
all,0.1100,cross-ppi,19,0.028815138060082734,1.0
all,0.1100,cross-ppi,20,0.02841429293935005,1.0
all,0.1100,cross-ppi,21,0.029435825732436194,1.0
all,0.1100,cross-ppi,22,0.030193588716684094,1.0
all,0.1100,cross-ppi,23,0.029065801793424467,1.0
all,0.1100,cross-ppi,24,0.028912907922999026,1.0
all,0.1100,cross-ppi,25,0.0290760238021682,1.0
all,0.1100,cross-ppi,26,0.02903360246588174,1.0
all,0.1100,cross-ppi,27,0.030250534432180176,1.0
all,0.1100,cross-ppi,28,0.0292694935712301,0.0
all,0.1100,cross-ppi,29,0.02745002347417455,0.0
all,0.1100,cross-ppi,30,0.02908860782507519,1.0
all,0.1100,cross-ppi,31,0.028241559245168246,1.0
all,0.1100,cross-ppi,32,0.029516698249827306,1.0
all,0.1100,cross-ppi,33,0.028785439473964836,1.0
all,0.1100,cross-ppi,34,0.029979808181320178,0.0
all,0.1100,cross-ppi,35,0.0275502064612978,1.0
all,0.1100,cross-ppi,36,0.028351922257785045,1.0
all,0.1100,cross-ppi,37,0.0291757997343004,1.0
all,0.1100,cross-ppi,38,0.02883806456540794,1.0
all,0.1100,cross-ppi,39,0.028832730867274198,1.0
all,0.1100,cross-ppi,40,0.028796404403701237,1.0
all,0.1100,cross-ppi,41,0.03000199906708756,1.0
all,0.1100,cross-ppi,42,0.029135875488721402,1.0
all,0.1100,cross-ppi,43,0.029133440460209936,1.0
all,0.1100,cross-ppi,44,0.02920254489003485,0.0
all,0.1100,cross-ppi,45,0.02864844630321195,1.0
all,0.1100,cross-ppi,46,0.02891230737998529,1.0
all,0.1100,cross-ppi,47,0.030188866513716245,1.0
all,0.1100,cross-ppi,48,0.029481364781389408,1.0
all,0.1100,cross-ppi,49,0.029148886645565142,1.0
all,0.1100,cross-ppi,50,0.028131413450237286,1.0
all,0.1100,cross-ppi,51,0.02855802715979769,1.0
all,0.1100,cross-ppi,52,0.029553738428653636,1.0
all,0.1100,cross-ppi,53,0.027149124043933548,1.0
all,0.1100,cross-ppi,54,0.02801079374706139,1.0
all,0.1100,cross-ppi,55,0.02858401479166986,1.0
all,0.1100,cross-ppi,56,0.030380897900119247,1.0
all,0.1100,cross-ppi,57,0.03073236706790239,1.0
all,0.1100,cross-ppi,58,0.029280717701902437,1.0
all,0.1100,cross-ppi,59,0.029557217562343946,1.0
all,0.1100,cross-ppi,60,0.028699204052700655,1.0
all,0.1100,cross-ppi,61,0.030090559995340938,1.0
all,0.1100,cross-ppi,62,0.02952051324951918,1.0
all,0.1100,cross-ppi,63,0.029085141468895848,1.0
all,0.1100,cross-ppi,64,0.02977461230794229,1.0
all,0.1100,cross-ppi,65,0.029303144058942715,1.0
all,0.1100,cross-ppi,66,0.029306033601771503,1.0
all,0.1100,cross-ppi,67,0.029350331406805874,1.0
all,0.1100,cross-ppi,68,0.02938812363341836,1.0
all,0.1100,cross-ppi,69,0.029197240397640378,1.0
all,0.1100,cross-ppi,70,0.028178783333970864,1.0
all,0.1100,cross-ppi,71,0.0285791045767555,1.0
all,0.1100,cross-ppi,72,0.029428155575160986,1.0
all,0.1100,cross-ppi,73,0.029753633460354534,1.0
all,0.1100,cross-ppi,74,0.02922038959672746,1.0
all,0.1100,cross-ppi,75,0.029119167980501515,1.0
all,0.1100,cross-ppi,76,0.029537456229011827,1.0
all,0.1100,cross-ppi,77,0.028624243872152566,1.0
all,0.1100,cross-ppi,78,0.03034482333604749,1.0
all,0.1100,cross-ppi,79,0.02924894185757912,1.0
all,0.1100,cross-ppi,80,0.030513979327168927,1.0
all,0.1100,cross-ppi,81,0.030012629956181036,1.0
all,0.1100,cross-ppi,82,0.029549114795055842,1.0
all,0.1100,cross-ppi,83,0.028624081415227848,1.0
all,0.1100,cross-ppi,84,0.030071278731348183,1.0
all,0.1100,cross-ppi,85,0.027623658895556208,1.0
all,0.1100,cross-ppi,86,0.029735308684322642,1.0
all,0.1100,cross-ppi,87,0.02873727555919489,1.0
all,0.1100,cross-ppi,88,0.027647112929546913,1.0
all,0.1100,cross-ppi,89,0.028776016972333562,1.0
all,0.1100,cross-ppi,90,0.03008000759667176,1.0
all,0.1100,cross-ppi,91,0.029795802897139706,1.0
all,0.1100,cross-ppi,92,0.028921306398397184,1.0
all,0.1100,cross-ppi,93,0.027982038871393583,1.0
all,0.1100,cross-ppi,94,0.027985065316125213,1.0
all,0.1100,cross-ppi,95,0.029368968319176125,1.0
all,0.1100,cross-ppi,96,0.028954171981866977,1.0
all,0.1100,cross-ppi,97,0.030343994623195703,1.0
all,0.1100,cross-ppi,98,0.029249810728322334,1.0
all,0.1100,cross-ppi,99,0.029616068952327157,1.0
all,0.1100,cross-ppi,100,0.03026097913468584,1.0
all,0.1100,cross-ppi,101,0.029376815536245604,1.0
all,0.1100,cross-ppi,102,0.0294185961716269,1.0
all,0.1100,cross-ppi,103,0.02870409966474541,1.0
all,0.1100,cross-ppi,104,0.028398520014786738,1.0
all,0.1100,cross-ppi,105,0.028106510081435387,1.0
all,0.1100,cross-ppi,106,0.02819508013648231,1.0
all,0.1100,cross-ppi,107,0.029191475914852383,1.0
all,0.1100,cross-ppi,108,0.029105129146707237,1.0
all,0.1100,cross-ppi,109,0.028472945365234564,1.0
all,0.1100,cross-ppi,110,0.028122713790652898,1.0
all,0.1100,cross-ppi,111,0.028925911778407976,0.0
all,0.1100,cross-ppi,112,0.02998166457112239,1.0
all,0.1100,cross-ppi,113,0.029971860569521946,1.0
all,0.1100,cross-ppi,114,0.030720637312868976,1.0
all,0.1100,cross-ppi,115,0.028668631119763394,1.0
all,0.1100,cross-ppi,116,0.029689610829162105,1.0
all,0.1100,cross-ppi,117,0.02974160982256968,1.0
all,0.1100,cross-ppi,118,0.028044741768242787,1.0
all,0.1100,cross-ppi,119,0.028882104994864988,1.0
all,0.1100,cross-ppi,120,0.0288336581494959,1.0
all,0.1100,cross-ppi,121,0.028987274861968282,1.0
all,0.1100,cross-ppi,122,0.02956474716699886,1.0
all,0.1100,cross-ppi,123,0.029045879828526466,1.0
all,0.1100,cross-ppi,124,0.028682803204743063,1.0
all,0.1100,cross-ppi,125,0.029433445464685848,1.0
all,0.1100,cross-ppi,126,0.027942702391317326,1.0
all,0.1100,cross-ppi,127,0.029097552082725936,1.0
all,0.1100,cross-ppi,128,0.028518133945316576,1.0
all,0.1100,cross-ppi,129,0.028061348881733922,1.0
all,0.1100,cross-ppi,130,0.028291506535392252,1.0
all,0.1100,cross-ppi,131,0.029621806054734606,1.0
all,0.1100,cross-ppi,132,0.02800443237197714,1.0
all,0.1100,cross-ppi,133,0.029419967016013793,1.0
all,0.1100,cross-ppi,134,0.028246286924212244,1.0
all,0.1100,cross-ppi,135,0.028685720127952452,1.0
all,0.1100,cross-ppi,136,0.029280146364628057,1.0
all,0.1100,cross-ppi,137,0.029312150378789426,1.0
all,0.1100,cross-ppi,138,0.028418193730901015,1.0
all,0.1100,cross-ppi,139,0.029088093073920573,1.0
all,0.1100,cross-ppi,140,0.028480232197181876,1.0
all,0.1100,cross-ppi,141,0.02925802301713265,1.0
all,0.1100,cross-ppi,142,0.029446600824867275,1.0
all,0.1100,cross-ppi,143,0.02845467352460518,1.0
all,0.1100,cross-ppi,144,0.02846764087284004,1.0
all,0.1100,cross-ppi,145,0.02957467346763254,1.0
all,0.1100,cross-ppi,146,0.028560075212263808,1.0
all,0.1100,cross-ppi,147,0.0282081424033698,1.0
all,0.1100,cross-ppi,148,0.02898955290963115,1.0
all,0.1100,cross-ppi,149,0.028973225076021764,1.0
all,0.1100,cross-ppi,150,0.029638546419411105,1.0
all,0.1100,cross-ppi,151,0.029527088191571793,1.0
all,0.1100,cross-ppi,152,0.028776312680443672,1.0
all,0.1100,cross-ppi,153,0.029501106035775715,1.0
all,0.1100,cross-ppi,154,0.029968178821015518,1.0
all,0.1100,cross-ppi,155,0.02906805793678291,1.0
all,0.1100,cross-ppi,156,0.02839638069438541,1.0
all,0.1100,cross-ppi,157,0.028990604316244784,1.0
all,0.1100,cross-ppi,158,0.028439805977959143,1.0
all,0.1100,cross-ppi,159,0.028381628145337734,1.0
all,0.1100,cross-ppi,160,0.029442778523740554,1.0
all,0.1100,cross-ppi,161,0.029012254895835726,1.0
all,0.1100,cross-ppi,162,0.030141122431448286,1.0
all,0.1100,cross-ppi,163,0.029314857385747795,1.0
all,0.1100,cross-ppi,164,0.02940109645772937,1.0
all,0.1100,cross-ppi,165,0.02941354722945097,1.0
all,0.1100,cross-ppi,166,0.02784414214808209,1.0
all,0.1100,cross-ppi,167,0.02830999559370742,1.0
all,0.1100,cross-ppi,168,0.029021984057729266,1.0
all,0.1100,cross-ppi,169,0.02775877924827852,1.0
all,0.1100,cross-ppi,170,0.02887757993063722,1.0
all,0.1100,cross-ppi,171,0.029044863103728197,1.0
all,0.1100,cross-ppi,172,0.02964787035167238,1.0
all,0.1100,cross-ppi,173,0.029086196526226904,1.0
all,0.1100,cross-ppi,174,0.029113350562311124,1.0
all,0.1100,cross-ppi,175,0.02965619946343978,1.0
all,0.1100,cross-ppi,176,0.02922784618703425,1.0
all,0.1100,cross-ppi,177,0.029507626217067262,1.0
all,0.1100,cross-ppi,178,0.02793097446164261,1.0
all,0.1100,cross-ppi,179,0.02875374759614191,1.0
all,0.1100,cross-ppi,180,0.027566149144220592,1.0
all,0.1100,cross-ppi,181,0.02869681648351552,1.0
all,0.1100,cross-ppi,182,0.02791397854674746,1.0
all,0.1100,cross-ppi,183,0.02879274090878181,1.0
all,0.1100,cross-ppi,184,0.0284059857318871,1.0
all,0.1100,cross-ppi,185,0.02874601902738816,1.0
all,0.1100,cross-ppi,186,0.028904827060015376,1.0
all,0.1100,cross-ppi,187,0.029226217967070117,1.0
all,0.1100,cross-ppi,188,0.029787526720774754,1.0
all,0.1100,cross-ppi,189,0.028870802373768406,1.0
all,0.1100,cross-ppi,190,0.02865073712838581,1.0
all,0.1100,cross-ppi,191,0.02949465704347365,1.0
all,0.1100,cross-ppi,192,0.028477660266767568,1.0
all,0.1100,cross-ppi,193,0.02801027169447201,1.0
all,0.1100,cross-ppi,194,0.02981142796764802,1.0
all,0.1100,cross-ppi,195,0.029494125864090726,1.0
all,0.1100,cross-ppi,196,0.029071934998670668,1.0
all,0.1100,cross-ppi,197,0.02886992985230777,1.0
all,0.1100,cross-ppi,198,0.029210085446842088,1.0
all,0.1100,cross-ppi,199,0.029102522534477565,1.0
all,0.1100,cross-ppi,200,0.02821110861126419,1.0
all,0.1100,cross-ppi,201,0.02915500524794179,0.0
all,0.1100,cross-ppi,202,0.029466436997906187,1.0
all,0.1100,cross-ppi,203,0.028121083745330067,1.0
all,0.1100,cross-ppi,204,0.028763104384859822,1.0
all,0.1100,cross-ppi,205,0.028271215848035935,1.0
all,0.1100,cross-ppi,206,0.02783180089788273,1.0
all,0.1100,cross-ppi,207,0.028166471289510803,1.0
all,0.1100,cross-ppi,208,0.029282367826171107,1.0
all,0.1100,cross-ppi,209,0.0295631463274153,1.0
all,0.1100,cross-ppi,210,0.028901420940673272,1.0
all,0.1100,cross-ppi,211,0.028949842231020484,1.0
all,0.1100,cross-ppi,212,0.029775048568672524,1.0
all,0.1100,cross-ppi,213,0.029301740358099182,1.0
all,0.1100,cross-ppi,214,0.0292145886067654,1.0
all,0.1100,cross-ppi,215,0.02968685271216001,1.0
all,0.1100,cross-ppi,216,0.029224887280574707,1.0
all,0.1100,cross-ppi,217,0.028739750745597842,1.0
all,0.1100,cross-ppi,218,0.0287070348415418,1.0
all,0.1100,cross-ppi,219,0.0292871484406175,1.0
all,0.1100,cross-ppi,220,0.02841322145379066,1.0
all,0.1100,cross-ppi,221,0.029545830974746945,1.0
all,0.1100,cross-ppi,222,0.028799901790978494,1.0
all,0.1100,cross-ppi,223,0.028387980393628526,1.0
all,0.1100,cross-ppi,224,0.029386528269910867,1.0
all,0.1100,cross-ppi,225,0.029188496929447055,1.0
all,0.1100,cross-ppi,226,0.028696285304132596,1.0
all,0.1100,cross-ppi,227,0.029253549062948636,1.0
all,0.1100,cross-ppi,228,0.029216813719025847,1.0
all,0.1100,cross-ppi,229,0.02924871733845849,1.0
all,0.1100,cross-ppi,230,0.029452805219102984,1.0
all,0.1100,cross-ppi,231,0.029540789334005835,1.0
all,0.1100,cross-ppi,232,0.02952982440426946,1.0
all,0.1100,cross-ppi,233,0.029274673939232776,1.0
all,0.1100,cross-ppi,234,0.02922071998665296,1.0
all,0.1100,cross-ppi,235,0.029266620456629644,1.0
all,0.1100,cross-ppi,236,0.029098661900818112,1.0
all,0.1100,cross-ppi,237,0.02841904617341587,1.0
all,0.1100,cross-ppi,238,0.02906188822436262,1.0
all,0.1100,cross-ppi,239,0.028392120307169727,1.0
all,0.1100,cross-ppi,240,0.029111185686887864,1.0
all,0.1100,cross-ppi,241,0.028754965110397657,1.0
all,0.1100,cross-ppi,242,0.02860279225666032,1.0
all,0.1100,cross-ppi,243,0.028799277518301664,1.0
all,0.1100,cross-ppi,244,0.029244307271829056,1.0
all,0.1100,cross-ppi,245,0.028610113770422996,1.0
all,0.1100,cross-ppi,246,0.029123004884497816,1.0
all,0.1100,cross-ppi,247,0.02980010891832305,1.0
all,0.1100,cross-ppi,248,0.028852472121660505,1.0
all,0.1100,cross-ppi,249,0.02957586725222508,1.0
all,0.1100,cross-ppi,250,0.028854793977932253,1.0
all,0.1100,cross-ppi,251,0.028046094359042595,1.0
all,0.1100,cross-ppi,252,0.027990150765475175,1.0
all,0.1100,cross-ppi,253,0.028371515658116325,1.0
all,0.1100,cross-ppi,254,0.029436439052960783,1.0
all,0.1100,cross-ppi,255,0.029685746544785285,1.0
all,0.1100,cross-ppi,256,0.029824751260830173,1.0
all,0.1100,cross-ppi,257,0.029181598898903788,1.0
all,0.1100,cross-ppi,258,0.029157746936715495,1.0
all,0.1100,cross-ppi,259,0.02700996599775743,1.0
all,0.1100,cross-ppi,260,0.02908937082501359,1.0
all,0.1100,cross-ppi,261,0.029659567250249097,1.0
all,0.1100,cross-ppi,262,0.02992763212811833,1.0
all,0.1100,cross-ppi,263,0.02857954083748579,1.0
all,0.1100,cross-ppi,264,0.028740761994319963,1.0
all,0.1100,cross-ppi,265,0.028049434765471365,1.0
all,0.1100,cross-ppi,266,0.030169941194670757,1.0
all,0.1100,cross-ppi,267,0.029250440477075285,1.0
all,0.1100,cross-ppi,268,0.029089312413535046,1.0
all,0.1100,cross-ppi,269,0.02970736791863693,1.0
all,0.1100,cross-ppi,270,0.028281206036224277,1.0
all,0.1100,cross-ppi,271,0.0285440741178625,1.0
all,0.1100,cross-ppi,272,0.028984792374130514,1.0
all,0.1100,cross-ppi,273,0.029444131114540445,1.0
all,0.1100,cross-ppi,274,0.028648104961134263,1.0
all,0.1100,cross-ppi,275,0.02843913607131468,1.0
all,0.1100,cross-ppi,276,0.028348412092996766,1.0
all,0.1100,cross-ppi,277,0.028406631908868385,0.0
all,0.1100,cross-ppi,278,0.02848663007944019,1.0
all,0.1100,cross-ppi,279,0.028157570840468993,1.0
all,0.1100,cross-ppi,280,0.029302249633177624,1.0
all,0.1100,cross-ppi,281,0.02851303389309698,1.0
all,0.1100,cross-ppi,282,0.028358763702208495,1.0
all,0.1100,cross-ppi,283,0.028212181922182306,1.0
all,0.1100,cross-ppi,284,0.027442822434086328,1.0
all,0.1100,cross-ppi,285,0.029366436546653357,1.0
all,0.1100,cross-ppi,286,0.029397476771418907,1.0
all,0.1100,cross-ppi,287,0.02967053400534414,1.0
all,0.1100,cross-ppi,288,0.02825742708838419,1.0
all,0.1100,cross-ppi,289,0.029247563711757407,1.0
all,0.1100,cross-ppi,290,0.02919911139031217,1.0
all,0.1100,cross-ppi,291,0.028397043299595026,1.0
all,0.1100,cross-ppi,292,0.029734677110211022,1.0
all,0.1100,cross-ppi,293,0.0299757412821271,1.0
all,0.1100,cross-ppi,294,0.028936345528761342,1.0
all,0.1100,cross-ppi,295,0.027861645512697014,1.0
all,0.1100,cross-ppi,296,0.029267306791502468,1.0
all,0.1100,cross-ppi,297,0.029201728954694084,1.0
all,0.1100,cross-ppi,298,0.029276886273982283,1.0
all,0.1100,cross-ppi,299,0.02869877144268773,1.0
all,0.1100,cross-ppi,300,0.028502474192992983,1.0
all,0.1100,cross-ppi,301,0.02825534070338523,1.0
all,0.1100,cross-ppi,302,0.02827064086004416,1.0
all,0.1100,cross-ppi,303,0.028977381417791298,1.0
all,0.1100,cross-ppi,304,0.028500391458711416,1.0
all,0.1100,cross-ppi,305,0.029086733181685975,1.0
all,0.1100,cross-ppi,306,0.0285175790362705,1.0
all,0.1100,cross-ppi,307,0.02827692557006281,1.0
all,0.1100,cross-ppi,308,0.028136533581402667,1.0
all,0.1100,cross-ppi,309,0.029949076442175704,1.0
all,0.1100,cross-ppi,310,0.029112945332678747,1.0
all,0.1100,cross-ppi,311,0.028628270613454077,1.0
all,0.1100,cross-ppi,312,0.02974239107609511,1.0
all,0.1100,cross-ppi,313,0.030144835211052712,1.0
all,0.1100,cross-ppi,314,0.028904923804026678,1.0
all,0.1100,cross-ppi,315,0.03015178070092228,1.0
all,0.1100,cross-ppi,316,0.029076797754258782,1.0
all,0.1100,cross-ppi,317,0.030058077737199068,1.0
all,0.1100,cross-ppi,318,0.027704507683284224,1.0
all,0.1100,cross-ppi,319,0.028304453804681384,1.0
all,0.1100,cross-ppi,320,0.02876641741090802,1.0
all,0.1100,cross-ppi,321,0.029816582780628736,1.0
all,0.1100,cross-ppi,322,0.02857489164886609,1.0
all,0.1100,cross-ppi,323,0.03015854182956279,1.0
all,0.1100,cross-ppi,324,0.028374248220096515,1.0
all,0.1100,cross-ppi,325,0.027592989218607644,1.0
all,0.1100,cross-ppi,326,0.02877478850592563,1.0
all,0.1100,cross-ppi,327,0.028651031011137196,1.0
all,0.1100,cross-ppi,328,0.02866174586673101,1.0
all,0.1100,cross-ppi,329,0.029081171313714127,1.0
all,0.1100,cross-ppi,330,0.02809681742671588,1.0
all,0.1100,cross-ppi,331,0.029059288913567793,1.0
all,0.1100,cross-ppi,332,0.028595039958243446,1.0
all,0.1200,cross-ppi,0,0.02904632704140897,1.0
all,0.1200,cross-ppi,1,0.028166451210565074,1.0
all,0.1200,cross-ppi,2,0.028143413358358904,1.0
all,0.1200,cross-ppi,3,0.027770021632537945,1.0
all,0.1200,cross-ppi,4,0.027576947966314824,1.0
all,0.1200,cross-ppi,5,0.027148762622910105,1.0
all,0.1200,cross-ppi,6,0.02715326578283339,1.0
all,0.1200,cross-ppi,7,0.02774887302659068,1.0
all,0.1200,cross-ppi,8,0.027948001407635675,1.0
all,0.1200,cross-ppi,9,0.0275083309072639,1.0
all,0.1200,cross-ppi,10,0.026979612107864703,1.0
all,0.1200,cross-ppi,11,0.02772879773156145,0.0
all,0.1200,cross-ppi,12,0.028705990736363013,1.0
all,0.1200,cross-ppi,13,0.028830883604265473,1.0
all,0.1200,cross-ppi,14,0.02954756689087465,1.0
all,0.1200,cross-ppi,15,0.027711916814264687,1.0
all,0.1200,cross-ppi,16,0.028829403238356366,1.0
all,0.1200,cross-ppi,17,0.028417848738105933,1.0
all,0.1200,cross-ppi,18,0.02701081844027231,1.0
all,0.1200,cross-ppi,19,0.027870246602911375,1.0
all,0.1200,cross-ppi,20,0.027780528397239518,1.0
all,0.1200,cross-ppi,21,0.028003424773972413,1.0
all,0.1200,cross-ppi,22,0.028475586659279628,1.0
all,0.1200,cross-ppi,23,0.027781839004789144,1.0
all,0.1200,cross-ppi,24,0.027606735995009263,1.0
all,0.1200,cross-ppi,25,0.02848444329971253,1.0
all,0.1200,cross-ppi,26,0.026995191544405328,1.0
all,0.1200,cross-ppi,27,0.02808546734629294,1.0
all,0.1200,cross-ppi,28,0.027620731020194605,1.0
all,0.1200,cross-ppi,29,0.026970791974605834,1.0
all,0.1200,cross-ppi,30,0.02741448008948566,1.0
all,0.1200,cross-ppi,31,0.02847828271408573,1.0
all,0.1200,cross-ppi,32,0.02696497090569805,1.0
all,0.1200,cross-ppi,33,0.028350082296211165,1.0
all,0.1200,cross-ppi,34,0.02755288243715817,1.0
all,0.1200,cross-ppi,35,0.02754670177258567,1.0
all,0.1200,cross-ppi,36,0.028141903786710554,1.0
all,0.1200,cross-ppi,37,0.028367806529229322,0.0
all,0.1200,cross-ppi,38,0.027616749912860672,1.0
all,0.1200,cross-ppi,39,0.027862589223147105,1.0
all,0.1200,cross-ppi,40,0.02730924998554518,1.0
all,0.1200,cross-ppi,41,0.028495541480634268,1.0
all,0.1200,cross-ppi,42,0.028331806804864357,1.0
all,0.1200,cross-ppi,43,0.027583413386845224,1.0
all,0.1200,cross-ppi,44,0.02745363950976762,1.0
all,0.1200,cross-ppi,45,0.028507955745181807,1.0
all,0.1200,cross-ppi,46,0.027616717056404005,1.0
all,0.1200,cross-ppi,47,0.02717259815687001,1.0
all,0.1200,cross-ppi,48,0.02788965564201351,1.0
all,0.1200,cross-ppi,49,0.02824687834043238,1.0
all,0.1200,cross-ppi,50,0.0283590338552967,1.0
all,0.1200,cross-ppi,51,0.028335919338025012,1.0
all,0.1200,cross-ppi,52,0.027748650332828723,1.0
all,0.1200,cross-ppi,53,0.028858745879526942,1.0
all,0.1200,cross-ppi,54,0.028906522818251568,1.0
all,0.1200,cross-ppi,55,0.027839003763329706,1.0
all,0.1200,cross-ppi,56,0.027450092837805307,1.0
all,0.1200,cross-ppi,57,0.027938573429928337,1.0
all,0.1200,cross-ppi,58,0.027629755593628347,1.0
all,0.1200,cross-ppi,59,0.027520350894331358,1.0
all,0.1200,cross-ppi,60,0.028122175309835185,1.0
all,0.1200,cross-ppi,61,0.027974229986856836,1.0
all,0.1200,cross-ppi,62,0.029229474406998412,1.0
all,0.1200,cross-ppi,63,0.028270958472458668,1.0
all,0.1200,cross-ppi,64,0.02816473902410052,1.0
all,0.1200,cross-ppi,65,0.02832581780295576,1.0
all,0.1200,cross-ppi,66,0.0265646387107612,1.0
all,0.1200,cross-ppi,67,0.027442977589576145,1.0
all,0.1200,cross-ppi,68,0.02762877902672156,1.0
all,0.1200,cross-ppi,69,0.026944333400187953,1.0
all,0.1200,cross-ppi,70,0.027833679191989424,1.0
all,0.1200,cross-ppi,71,0.028018235734498576,1.0
all,0.1200,cross-ppi,72,0.028274952357303512,1.0
all,0.1200,cross-ppi,73,0.027918673369334734,1.0
all,0.1200,cross-ppi,74,0.02765636749817743,1.0
all,0.1200,cross-ppi,75,0.028332454807204366,1.0
all,0.1200,cross-ppi,76,0.028063234477275406,1.0
all,0.1200,cross-ppi,77,0.028107629026321107,1.0
all,0.1200,cross-ppi,78,0.026638290109118445,1.0
all,0.1200,cross-ppi,79,0.027736493443858534,1.0
all,0.1200,cross-ppi,80,0.026727909745420275,1.0
all,0.1200,cross-ppi,81,0.027783302942469917,1.0
all,0.1200,cross-ppi,82,0.027234244171029487,1.0
all,0.1200,cross-ppi,83,0.028158673357126296,1.0
all,0.1200,cross-ppi,84,0.027065679596128128,1.0
all,0.1200,cross-ppi,85,0.02760989751628498,1.0
all,0.1200,cross-ppi,86,0.02761509978859203,1.0
all,0.1200,cross-ppi,87,0.028117133669094047,1.0
all,0.1200,cross-ppi,88,0.028326728656949185,1.0
all,0.1200,cross-ppi,89,0.027815595363306578,1.0
all,0.1200,cross-ppi,90,0.02786314778291063,1.0
all,0.1200,cross-ppi,91,0.028421285888545977,1.0
all,0.1200,cross-ppi,92,0.02770971725702609,1.0
all,0.1200,cross-ppi,93,0.02728895017139535,1.0
all,0.1200,cross-ppi,94,0.02850672727877379,1.0
all,0.1200,cross-ppi,95,0.028394809060541037,1.0
all,0.1200,cross-ppi,96,0.027979421307011698,1.0
all,0.1200,cross-ppi,97,0.027723876564494848,1.0
all,0.1200,cross-ppi,98,0.02796808400409967,1.0
all,0.1200,cross-ppi,99,0.027722160727312845,1.0
all,0.1200,cross-ppi,100,0.027087410491502012,1.0
all,0.1200,cross-ppi,101,0.027747732177400453,1.0
all,0.1200,cross-ppi,102,0.028255216578993325,0.0
all,0.1200,cross-ppi,103,0.02737068425809497,1.0
all,0.1200,cross-ppi,104,0.027602316801586313,1.0
all,0.1200,cross-ppi,105,0.027625727026968083,1.0
all,0.1200,cross-ppi,106,0.026984914774900504,1.0
all,0.1200,cross-ppi,107,0.027133659604991256,1.0
all,0.1200,cross-ppi,108,0.028313817894834115,1.0
all,0.1200,cross-ppi,109,0.02822815016012692,1.0
all,0.1200,cross-ppi,110,0.02793329449255566,1.0
all,0.1200,cross-ppi,111,0.02797875870180208,1.0
all,0.1200,cross-ppi,112,0.028825748870230483,1.0
all,0.1200,cross-ppi,113,0.028233772264935952,1.0
all,0.1200,cross-ppi,114,0.028393503929067504,1.0
all,0.1200,cross-ppi,115,0.028807276240143592,1.0
all,0.1200,cross-ppi,116,0.028034848324065775,1.0
all,0.1200,cross-ppi,117,0.02766069177294772,1.0
all,0.1200,cross-ppi,118,0.027436143446587513,1.0
all,0.1200,cross-ppi,119,0.028012571646439333,1.0
all,0.1200,cross-ppi,120,0.027452378186902965,1.0
all,0.1200,cross-ppi,121,0.028471320795987798,0.0
all,0.1200,cross-ppi,122,0.027849468544781097,1.0
all,0.1200,cross-ppi,123,0.027459991758058355,1.0
all,0.1200,cross-ppi,124,0.028422824665933627,1.0
all,0.1200,cross-ppi,125,0.028346723636195392,1.0
all,0.1200,cross-ppi,126,0.027493089162083567,1.0
all,0.1200,cross-ppi,127,0.028122951087284465,1.0
all,0.1200,cross-ppi,128,0.028111429423143264,1.0
all,0.1200,cross-ppi,129,0.02799577469564296,1.0
all,0.1200,cross-ppi,130,0.028464652760641224,1.0
all,0.1200,cross-ppi,131,0.028314445818228395,1.0
all,0.1200,cross-ppi,132,0.028544220146558857,1.0
all,0.1200,cross-ppi,133,0.028027944817446415,1.0
all,0.1200,cross-ppi,134,0.02836947490708497,1.0
all,0.1200,cross-ppi,135,0.028217325783010838,1.0
all,0.1200,cross-ppi,136,0.028115379499379256,1.0
all,0.1200,cross-ppi,137,0.027454499253717318,1.0
all,0.1200,cross-ppi,138,0.028115195138150167,1.0
all,0.1200,cross-ppi,139,0.027345990805544007,1.0
all,0.1200,cross-ppi,140,0.027945115515524255,1.0
all,0.1200,cross-ppi,141,0.027486963258272157,1.0
all,0.1200,cross-ppi,142,0.02734062060023615,1.0
all,0.1200,cross-ppi,143,0.02775834846362435,1.0
all,0.1200,cross-ppi,144,0.028083903013883416,1.0
all,0.1200,cross-ppi,145,0.027758642346375706,1.0
all,0.1200,cross-ppi,146,0.027983933593728555,1.0
all,0.1200,cross-ppi,147,0.02851308865385807,1.0
all,0.1200,cross-ppi,148,0.028277259610705707,1.0
all,0.1200,cross-ppi,149,0.02827667001984424,1.0
all,0.1200,cross-ppi,150,0.02795290979719134,1.0
all,0.1200,cross-ppi,151,0.027177855189938205,1.0
all,0.1200,cross-ppi,152,0.026773226100611613,1.0
all,0.1200,cross-ppi,153,0.02737766442977993,1.0
all,0.1200,cross-ppi,154,0.028068916818921652,1.0
all,0.1200,cross-ppi,155,0.028460826808797135,1.0
all,0.1200,cross-ppi,156,0.028755034474028385,1.0
all,0.1200,cross-ppi,157,0.028176397590144453,1.0
all,0.1200,cross-ppi,158,0.028222601069666037,1.0
all,0.1200,cross-ppi,159,0.026514950621473243,1.0
all,0.1200,cross-ppi,160,0.028045776746628087,1.0
all,0.1200,cross-ppi,161,0.028357195719081574,1.0
all,0.1200,cross-ppi,162,0.02863469770145166,1.0
all,0.1200,cross-ppi,163,0.027521583011456685,1.0
all,0.1200,cross-ppi,164,0.027567764586673843,1.0
all,0.1200,cross-ppi,165,0.027586735539686935,1.0
all,0.1200,cross-ppi,166,0.02920023216055656,1.0
all,0.1200,cross-ppi,167,0.028175052300779435,1.0
all,0.1200,cross-ppi,168,0.028063426139939313,1.0
all,0.1200,cross-ppi,169,0.02874765272342847,1.0
all,0.1200,cross-ppi,170,0.02697980011981127,1.0
all,0.1200,cross-ppi,171,0.027472426101551622,1.0
all,0.1200,cross-ppi,172,0.027910010216924436,1.0
all,0.1200,cross-ppi,173,0.028441328327118515,1.0
all,0.1200,cross-ppi,174,0.027569445742040427,1.0
all,0.1200,cross-ppi,175,0.027394479634163332,1.0
all,0.1200,cross-ppi,176,0.027314833757821427,1.0
all,0.1200,cross-ppi,177,0.027133519052371047,0.0
all,0.1200,cross-ppi,178,0.02747558214675125,1.0
all,0.1200,cross-ppi,179,0.02700790699313904,1.0
all,0.1200,cross-ppi,180,0.028066655199487145,1.0
all,0.1200,cross-ppi,181,0.02733394891417218,1.0
all,0.1200,cross-ppi,182,0.027407947130683175,1.0
all,0.1200,cross-ppi,183,0.027121185103606504,1.0
all,0.1200,cross-ppi,184,0.026352833213515253,1.0
all,0.1200,cross-ppi,185,0.028010474309288158,1.0
all,0.1200,cross-ppi,186,0.028330154855237044,1.0
all,0.1200,cross-ppi,187,0.028545764400022655,1.0
all,0.1200,cross-ppi,188,0.02711189585316065,1.0
all,0.1200,cross-ppi,189,0.028150121551597018,1.0
all,0.1200,cross-ppi,190,0.02820796351821675,1.0
all,0.1200,cross-ppi,191,0.027375030437169712,1.0
all,0.1200,cross-ppi,192,0.028442116882078733,1.0
all,0.1200,cross-ppi,193,0.02889267564712128,1.0
all,0.1200,cross-ppi,194,0.028256569169793133,1.0
all,0.1200,cross-ppi,195,0.026877437654395098,1.0
all,0.1200,cross-ppi,196,0.028085845195544773,1.0
all,0.1200,cross-ppi,197,0.02792502561762547,1.0
all,0.1200,cross-ppi,198,0.028318969057097493,1.0
all,0.1200,cross-ppi,199,0.027631398416462227,1.0
all,0.1200,cross-ppi,200,0.027478710811570273,1.0
all,0.1200,cross-ppi,201,0.027072002638679593,1.0
all,0.1200,cross-ppi,202,0.026988729774592324,1.0
all,0.1200,cross-ppi,203,0.02807475249069913,1.0
all,0.1200,cross-ppi,204,0.0273728217531376,1.0
all,0.1200,cross-ppi,205,0.027678448862422544,1.0
all,0.1200,cross-ppi,206,0.02750032853470452,1.0
all,0.1200,cross-ppi,207,0.02700287082847408,1.0
all,0.1200,cross-ppi,208,0.02724225749574105,1.0
all,0.1200,cross-ppi,209,0.028739889472859326,1.0
all,0.1200,cross-ppi,210,0.027888171625386926,1.0
all,0.1200,cross-ppi,211,0.027564891472073333,1.0
all,0.1200,cross-ppi,212,0.028434446724803553,1.0
all,0.1200,cross-ppi,213,0.02891118113366478,1.0
all,0.1200,cross-ppi,214,0.027583294738529468,1.0
all,0.1200,cross-ppi,215,0.029068830063514794,1.0
all,0.1200,cross-ppi,216,0.027969376358062292,1.0
all,0.1200,cross-ppi,217,0.02887101776609549,1.0
all,0.1200,cross-ppi,218,0.027015087954281536,1.0
all,0.1200,cross-ppi,219,0.027382437742791477,1.0
all,0.1200,cross-ppi,220,0.027807824811302617,1.0
all,0.1200,cross-ppi,221,0.02881000150068902,1.0
all,0.1200,cross-ppi,222,0.027914951462936793,1.0
all,0.1200,cross-ppi,223,0.028791574504569817,1.0
all,0.1200,cross-ppi,224,0.02728598761421841,1.0
all,0.1200,cross-ppi,225,0.026509748349166168,1.0
all,0.1200,cross-ppi,226,0.02776134570261668,1.0
all,0.1200,cross-ppi,227,0.027709459881448795,1.0
all,0.1200,cross-ppi,228,0.027520706839278652,1.0
all,0.1200,cross-ppi,229,0.028114872049659484,1.0
all,0.1200,cross-ppi,230,0.02714705226180425,1.0
all,0.1200,cross-ppi,231,0.027937266473096106,1.0
all,0.1200,cross-ppi,232,0.02750610944572085,1.0
all,0.1200,cross-ppi,233,0.02729303897489288,1.0
all,0.1200,cross-ppi,234,0.0286100115503356,1.0
all,0.1200,cross-ppi,235,0.028303705407612623,0.0
all,0.1200,cross-ppi,236,0.02743584408776001,1.0
all,0.1200,cross-ppi,237,0.02747274188860746,1.0
all,0.1200,cross-ppi,238,0.02829729474784337,1.0
all,0.1200,cross-ppi,239,0.027317214025571745,1.0
all,0.1200,cross-ppi,240,0.026638501850728136,1.0
all,0.1200,cross-ppi,241,0.026914169347600464,1.0
all,0.1200,cross-ppi,242,0.027565229163433624,1.0
all,0.1200,cross-ppi,243,0.028337804933566496,1.0
all,0.1200,cross-ppi,244,0.027635008975979147,1.0
all,0.1200,cross-ppi,245,0.02803698764446716,1.0
all,0.1200,cross-ppi,246,0.0280370770870437,1.0
all,0.1200,cross-ppi,247,0.02804492247875448,1.0
all,0.1200,cross-ppi,248,0.02757040223000143,1.0
all,0.1200,cross-ppi,249,0.02757552236116681,1.0
all,0.1200,cross-ppi,250,0.027640846473115294,1.0
all,0.1200,cross-ppi,251,0.027433805162087377,1.0
all,0.1200,cross-ppi,252,0.028790619841967485,1.0
all,0.1200,cross-ppi,253,0.02759709079961606,1.0
all,0.1200,cross-ppi,254,0.028451093996186172,1.0
all,0.1200,cross-ppi,255,0.0287444674724896,1.0
all,0.1200,cross-ppi,256,0.028695221120007997,1.0
all,0.1200,cross-ppi,257,0.027290441489456696,1.0
all,0.1200,cross-ppi,258,0.02846167194987717,1.0
all,0.1200,cross-ppi,259,0.028455432873826125,1.0
all,0.1200,cross-ppi,260,0.02844388017858701,1.0
all,0.1200,cross-ppi,261,0.028673156183991244,1.0
all,0.1200,cross-ppi,262,0.027486618265477047,1.0
all,0.1200,cross-ppi,263,0.02738237933131296,1.0
all,0.1200,cross-ppi,264,0.027600365493131468,1.0
all,0.1200,cross-ppi,265,0.0282180248953946,1.0
all,0.1200,cross-ppi,266,0.028542371058191462,1.0
all,0.1200,cross-ppi,267,0.02851905940217969,1.0
all,0.1200,cross-ppi,268,0.02888709187484506,1.0
all,0.1200,cross-ppi,269,0.02704539438484796,1.0
all,0.1200,cross-ppi,270,0.02692215529193151,0.0
all,0.1200,cross-ppi,271,0.02763611514335393,1.0
all,0.1200,cross-ppi,272,0.028276208204092046,1.0
all,0.1200,cross-ppi,273,0.028075970004954848,1.0
all,0.1200,cross-ppi,274,0.026942323680254593,1.0
all,0.1200,cross-ppi,275,0.027083588190375374,1.0
all,0.1200,cross-ppi,276,0.028870913720649316,1.0
all,0.1200,cross-ppi,277,0.027364992789655096,1.0
all,0.1200,cross-ppi,278,0.028211760264321595,1.0
all,0.1200,cross-ppi,279,0.029061948461199805,1.0
all,0.1200,cross-ppi,280,0.02787190220325611,1.0
all,0.1200,cross-ppi,281,0.027817159695716076,1.0
all,0.1200,cross-ppi,282,0.027423183399787443,1.0
all,0.1200,cross-ppi,283,0.02836588625187242,1.0
all,0.1200,cross-ppi,284,0.027185596536202866,1.0
all,0.1200,cross-ppi,285,0.027222607509289953,1.0
all,0.1200,cross-ppi,286,0.028463661590864775,1.0
all,0.1200,cross-ppi,287,0.027340087595494555,1.0
all,0.1200,cross-ppi,288,0.02789018864675516,1.0
all,0.1200,cross-ppi,289,0.028057716417912465,1.0
all,0.1200,cross-ppi,290,0.028199880829874457,1.0
all,0.1200,cross-ppi,291,0.02777137239797911,1.0
all,0.1200,cross-ppi,292,0.027327698885968865,1.0
all,0.1200,cross-ppi,293,0.028066416077496825,1.0
all,0.1200,cross-ppi,294,0.028054717353561465,1.0
all,0.1200,cross-ppi,295,0.028167542775070192,1.0
all,0.1200,cross-ppi,296,0.02816059545984187,1.0
all,0.1200,cross-ppi,297,0.027516046698506713,1.0
all,0.1200,cross-ppi,298,0.02829771640570411,1.0
all,0.1200,cross-ppi,299,0.027735056886558307,1.0
all,0.1200,cross-ppi,300,0.02768053342206278,1.0
all,0.1200,cross-ppi,301,0.02749097174598661,1.0
all,0.1200,cross-ppi,302,0.02837673253329298,1.0
all,0.1200,cross-ppi,303,0.028447914221323423,1.0
all,0.1200,cross-ppi,304,0.028199484727035623,1.0
all,0.1200,cross-ppi,305,0.027977597773666152,1.0
all,0.1200,cross-ppi,306,0.027058573474692538,1.0
all,0.1200,cross-ppi,307,0.027370759097801817,1.0
all,0.1200,cross-ppi,308,0.027283412033086707,1.0
all,0.1200,cross-ppi,309,0.02710898988210353,1.0
all,0.1200,cross-ppi,310,0.027367068222501817,1.0
all,0.1200,cross-ppi,311,0.02753451202715876,1.0
all,0.1200,cross-ppi,312,0.0278076696558128,1.0
all,0.1200,cross-ppi,313,0.027704405463196746,1.0
all,0.1200,cross-ppi,314,0.02810807806456228,1.0
all,0.1200,cross-ppi,315,0.02758699108990556,1.0
all,0.1200,cross-ppi,316,0.02769401552145223,1.0
all,0.1200,cross-ppi,317,0.028338104292394,1.0
all,0.1200,cross-ppi,318,0.027989340306210503,1.0
all,0.1200,cross-ppi,319,0.028105139237048493,1.0
all,0.1200,cross-ppi,320,0.027880851936982975,1.0
all,0.1200,cross-ppi,321,0.026729466776394983,1.0
all,0.1200,cross-ppi,322,0.02818728950553262,1.0
all,0.1200,cross-ppi,323,0.027744775096299662,1.0
all,0.1200,cross-ppi,324,0.027407529123539942,1.0
all,0.1200,cross-ppi,325,0.028117726910672936,1.0
all,0.1200,cross-ppi,326,0.026980263760922107,1.0
all,0.1200,cross-ppi,327,0.028739290755204344,1.0
all,0.1200,cross-ppi,328,0.02779210847285918,1.0
all,0.1200,cross-ppi,329,0.02737333832965086,1.0
all,0.1200,cross-ppi,330,0.027419837517282608,1.0
all,0.1200,cross-ppi,331,0.02806424024992138,1.0
all,0.1200,cross-ppi,332,0.027897459050474138,1.0
all,0.1300,cross-ppi,0,0.026461370867427836,1.0
all,0.1300,cross-ppi,1,0.027023937293279676,1.0
all,0.1300,cross-ppi,2,0.027101845428135096,0.0
all,0.1300,cross-ppi,3,0.026365404458911335,1.0
all,0.1300,cross-ppi,4,0.02677719443043461,1.0
all,0.1300,cross-ppi,5,0.026869672578467285,1.0
all,0.1300,cross-ppi,6,0.026461317932025413,1.0
all,0.1300,cross-ppi,7,0.02668338377054788,1.0
all,0.1300,cross-ppi,8,0.027324216101561216,1.0
all,0.1300,cross-ppi,9,0.02727263328993823,1.0
all,0.1300,cross-ppi,10,0.02716086110040175,1.0
all,0.1300,cross-ppi,11,0.02701525588728229,1.0
all,0.1300,cross-ppi,12,0.027778252174935347,1.0
all,0.1300,cross-ppi,13,0.0272580651021197,1.0
all,0.1300,cross-ppi,14,0.0272800862295276,1.0
all,0.1300,cross-ppi,15,0.02773880982405419,1.0
all,0.1300,cross-ppi,16,0.027078161398947698,1.0
all,0.1300,cross-ppi,17,0.02679921555784251,1.0
all,0.1300,cross-ppi,18,0.02634928106547685,1.0
all,0.1300,cross-ppi,19,0.027297691814229946,1.0
all,0.1300,cross-ppi,20,0.02636342759543464,1.0
all,0.1300,cross-ppi,21,0.027583000855778028,0.0
all,0.1300,cross-ppi,22,0.02713439522454908,1.0
all,0.1300,cross-ppi,23,0.026435447123110273,1.0
all,0.1300,cross-ppi,24,0.027496754482361663,1.0
all,0.1300,cross-ppi,25,0.02735074586496855,1.0
all,0.1300,cross-ppi,26,0.026574448188437794,1.0
all,0.1300,cross-ppi,27,0.027193117014064322,1.0
all,0.1300,cross-ppi,28,0.02721032284521041,1.0
all,0.1300,cross-ppi,29,0.02689299153591393,1.0
all,0.1300,cross-ppi,30,0.02761760235537558,1.0
all,0.1300,cross-ppi,31,0.02737202954745996,1.0
all,0.1300,cross-ppi,32,0.027540663485992045,1.0
all,0.1300,cross-ppi,33,0.027243611911899585,1.0
all,0.1300,cross-ppi,34,0.027285973011348746,1.0
all,0.1300,cross-ppi,35,0.02724172084028198,1.0
all,0.1300,cross-ppi,36,0.02732572749856832,1.0
all,0.1300,cross-ppi,37,0.02659180004828024,1.0
all,0.1300,cross-ppi,38,0.027258479458545565,1.0
all,0.1300,cross-ppi,39,0.026809278760378974,1.0
all,0.1300,cross-ppi,40,0.027019516274497946,1.0
all,0.1300,cross-ppi,41,0.026662443255492857,1.0
all,0.1300,cross-ppi,42,0.026191778164323165,1.0
all,0.1300,cross-ppi,43,0.027214524820947578,1.0
all,0.1300,cross-ppi,44,0.027078887891711978,1.0
all,0.1300,cross-ppi,45,0.026756330580445242,1.0
all,0.1300,cross-ppi,46,0.027063914474261125,1.0
all,0.1300,cross-ppi,47,0.02751487481821857,1.0
all,0.1300,cross-ppi,48,0.027274549916577656,1.0
all,0.1300,cross-ppi,49,0.027297005479357178,1.0
all,0.1300,cross-ppi,50,0.02705808792927722,1.0
all,0.1300,cross-ppi,51,0.02622702401554322,1.0
all,0.1300,cross-ppi,52,0.025962438271364324,1.0
all,0.1300,cross-ppi,53,0.026599451951968417,1.0
all,0.1300,cross-ppi,54,0.027109951846140623,1.0
all,0.1300,cross-ppi,55,0.02753587191939344,1.0
all,0.1300,cross-ppi,56,0.02775731348523902,1.0
all,0.1300,cross-ppi,57,0.02727587695235567,1.0
all,0.1300,cross-ppi,58,0.027379785496594256,1.0
all,0.1300,cross-ppi,59,0.025795757466645752,1.0
all,0.1300,cross-ppi,60,0.027092296976753277,1.0
all,0.1300,cross-ppi,61,0.02726843861563588,1.0
all,0.1300,cross-ppi,62,0.0278672402371255,1.0
all,0.1300,cross-ppi,63,0.026715802141135087,1.0
all,0.1300,cross-ppi,64,0.02677174390934378,1.0
all,0.1300,cross-ppi,65,0.02676259156080074,1.0
all,0.1300,cross-ppi,66,0.0280655928407213,1.0
all,0.1300,cross-ppi,67,0.027227065035245662,1.0
all,0.1300,cross-ppi,68,0.027183749273194197,1.0
all,0.1300,cross-ppi,69,0.02759185384549359,1.0
all,0.1300,cross-ppi,70,0.026051935608632976,1.0
all,0.1300,cross-ppi,71,0.02690055399702554,1.0
all,0.1300,cross-ppi,72,0.027249137272697288,1.0
all,0.1300,cross-ppi,73,0.02744257966137864,1.0
all,0.1300,cross-ppi,74,0.026590810703862572,1.0
all,0.1300,cross-ppi,75,0.026755797575703566,1.0
all,0.1300,cross-ppi,76,0.02662241678982638,1.0
all,0.1300,cross-ppi,77,0.026450143086038075,0.0
all,0.1300,cross-ppi,78,0.026506990232164074,1.0
all,0.1300,cross-ppi,79,0.026118636041044474,1.0
all,0.1300,cross-ppi,80,0.02713829966681744,1.0
all,0.1300,cross-ppi,81,0.026453224291530825,1.0
all,0.1300,cross-ppi,82,0.02632853768916188,1.0
all,0.1300,cross-ppi,83,0.02648863259967557,1.0
all,0.1300,cross-ppi,84,0.025537655396584258,1.0
all,0.1300,cross-ppi,85,0.027189440741633986,1.0
all,0.1300,cross-ppi,86,0.027388841101125938,1.0
all,0.1300,cross-ppi,87,0.02747242610155165,1.0
all,0.1300,cross-ppi,88,0.0267209387005288,1.0
all,0.1300,cross-ppi,89,0.027552466255373664,1.0
all,0.1300,cross-ppi,90,0.027057396118328247,1.0
all,0.1300,cross-ppi,91,0.02651707898972233,1.0
all,0.1300,cross-ppi,92,0.027562509378964317,1.0
all,0.1300,cross-ppi,93,0.02771781819895547,1.0
all,0.1300,cross-ppi,94,0.02745998810734096,1.0
all,0.1300,cross-ppi,95,0.02626731880893926,1.0
all,0.1300,cross-ppi,96,0.027079440975399355,1.0
all,0.1300,cross-ppi,97,0.027140355020718404,1.0
all,0.1300,cross-ppi,98,0.02747756813702143,1.0
all,0.1300,cross-ppi,99,0.0269316836643676,1.0
all,0.1300,cross-ppi,100,0.026577136941809076,1.0
all,0.1300,cross-ppi,101,0.026219808372585418,1.0
all,0.1300,cross-ppi,102,0.026364460748461216,1.0
all,0.1300,cross-ppi,103,0.02722822231266417,1.0
all,0.1300,cross-ppi,104,0.026812739640482225,1.0
all,0.1300,cross-ppi,105,0.02684604878611707,1.0
all,0.1300,cross-ppi,106,0.02659778539947144,1.0
all,0.1300,cross-ppi,107,0.02634310587698041,1.0
all,0.1300,cross-ppi,108,0.02638999569137479,1.0
all,0.1300,cross-ppi,109,0.027537898067555133,1.0
all,0.1300,cross-ppi,110,0.026926300681548776,1.0
all,0.1300,cross-ppi,111,0.026782966214657478,1.0
all,0.1300,cross-ppi,112,0.027846208454135324,1.0
all,0.1300,cross-ppi,113,0.028007575639665827,1.0
all,0.1300,cross-ppi,114,0.026691428126357414,1.0
all,0.1300,cross-ppi,115,0.02818406774741966,1.0
all,0.1300,cross-ppi,116,0.0272791772008929,1.0
all,0.1300,cross-ppi,117,0.02790647084639694,1.0
all,0.1300,cross-ppi,118,0.026259046283291676,1.0
all,0.1300,cross-ppi,119,0.026338210264935658,1.0
all,0.1300,cross-ppi,120,0.026806330806071643,1.0
all,0.1300,cross-ppi,121,0.027802323180168065,1.0
all,0.1300,cross-ppi,122,0.02679075136953099,1.0
all,0.1300,cross-ppi,123,0.027730544599841478,1.0
all,0.1300,cross-ppi,124,0.026430737697653334,1.0
all,0.1300,cross-ppi,125,0.026053087409975362,1.0
all,0.1300,cross-ppi,126,0.026882681909952383,1.0
all,0.1300,cross-ppi,127,0.02708427452524817,1.0
all,0.1300,cross-ppi,128,0.02665358478970123,1.0
all,0.1300,cross-ppi,129,0.02711489856822913,1.0
all,0.1300,cross-ppi,130,0.02623005593635097,1.0
all,0.1300,cross-ppi,131,0.02708200012830267,1.0
all,0.1300,cross-ppi,132,0.026633053154995978,1.0
all,0.1300,cross-ppi,133,0.026391216856347932,1.0
all,0.1300,cross-ppi,134,0.0277466533904063,1.0
all,0.1300,cross-ppi,135,0.027508814627320577,1.0
all,0.1300,cross-ppi,136,0.026883711412261563,1.0
all,0.1300,cross-ppi,137,0.026764834926648273,1.0
all,0.1300,cross-ppi,138,0.027190793332433794,1.0
all,0.1300,cross-ppi,139,0.0265710055619216,1.0
all,0.1300,cross-ppi,140,0.025912814069630974,1.0
all,0.1300,cross-ppi,141,0.025910877364045765,1.0
all,0.1300,cross-ppi,142,0.026745424062187384,1.0
all,0.1300,cross-ppi,143,0.02748309349781916,1.0
all,0.1300,cross-ppi,144,0.0267484395547668,1.0
all,0.1300,cross-ppi,145,0.026906856960631303,1.0
all,0.1300,cross-ppi,146,0.027369892052417272,1.0
all,0.1300,cross-ppi,147,0.026993798795714036,1.0
all,0.1300,cross-ppi,148,0.02671212586870475,1.0
all,0.1300,cross-ppi,149,0.026449495083698066,1.0
all,0.1300,cross-ppi,150,0.026848217312257727,1.0
all,0.1300,cross-ppi,151,0.02637955463958655,1.0
all,0.1300,cross-ppi,152,0.027492886547267364,1.0
all,0.1300,cross-ppi,153,0.026724204267250667,1.0
all,0.1300,cross-ppi,154,0.027626566691972054,1.0
all,0.1300,cross-ppi,155,0.027711330874120615,1.0
all,0.1300,cross-ppi,156,0.028007066364587357,1.0
all,0.1300,cross-ppi,157,0.026330616772725995,1.0
all,0.1300,cross-ppi,158,0.027470235671106513,1.0
all,0.1300,cross-ppi,159,0.02767160011656425,1.0
all,0.1300,cross-ppi,160,0.027561998278527122,1.0
all,0.1300,cross-ppi,161,0.02737111686810778,1.0
all,0.1300,cross-ppi,162,0.026887194196669267,1.0
all,0.1300,cross-ppi,163,0.026477965203408033,1.0
all,0.1300,cross-ppi,164,0.02674803980121057,1.0
all,0.1300,cross-ppi,165,0.027330513589090777,1.0
all,0.1300,cross-ppi,166,0.02759164027852523,1.0
all,0.1300,cross-ppi,167,0.02737911924066716,1.0
all,0.1300,cross-ppi,168,0.02799823527917622,1.0
all,0.1300,cross-ppi,169,0.02623500813451554,1.0
all,0.1300,cross-ppi,170,0.02620071512053912,1.0
all,0.1300,cross-ppi,171,0.0268298852347911,1.0
all,0.1300,cross-ppi,172,0.027360610103406263,1.0
all,0.1300,cross-ppi,173,0.027099884992886764,1.0
all,0.1300,cross-ppi,174,0.02612836155222062,1.0
all,0.1300,cross-ppi,175,0.026649430273290364,1.0
all,0.1300,cross-ppi,176,0.027923976036370535,1.0
all,0.1300,cross-ppi,177,0.026667092444112583,1.0
all,0.1300,cross-ppi,178,0.027570221519489735,1.0
all,0.1300,cross-ppi,179,0.028096602034388796,1.0
all,0.1300,cross-ppi,180,0.026961780178683004,1.0
all,0.1300,cross-ppi,181,0.027060683589354623,1.0
all,0.1300,cross-ppi,182,0.026802178115019504,1.0
all,0.1300,cross-ppi,183,0.02745555796176577,1.0
all,0.1300,cross-ppi,184,0.02649233442712773,1.0
all,0.1300,cross-ppi,185,0.02626138274243306,1.0
all,0.1300,cross-ppi,186,0.02755209570755668,1.0
all,0.1300,cross-ppi,187,0.02629041324726522,1.0
all,0.1300,cross-ppi,188,0.027180523864363787,1.0
all,0.1300,cross-ppi,189,0.027153806089009885,1.0
all,0.1300,cross-ppi,190,0.02729505417090239,1.0
all,0.1300,cross-ppi,191,0.026760895802564466,1.0
all,0.1300,cross-ppi,192,0.026419037148359165,1.0
all,0.1300,cross-ppi,193,0.027160653009509428,1.0
all,0.1300,cross-ppi,194,0.02686949369331426,1.0
all,0.1300,cross-ppi,195,0.02719793231032608,1.0
all,0.1300,cross-ppi,196,0.02685724736176756,1.0
all,0.1300,cross-ppi,197,0.026648968457538197,1.0
all,0.1300,cross-ppi,198,0.027321936228539623,0.0
all,0.1300,cross-ppi,199,0.026774173461779127,1.0
all,0.1300,cross-ppi,200,0.026832165107812694,1.0
all,0.1300,cross-ppi,201,0.02654626647540312,1.0
all,0.1300,cross-ppi,202,0.027337605107656815,1.0
all,0.1300,cross-ppi,203,0.027490130255623968,1.0
all,0.1300,cross-ppi,204,0.027347109750429754,1.0
all,0.1300,cross-ppi,205,0.02735306407052296,1.0
all,0.1300,cross-ppi,206,0.026406033292950215,1.0
all,0.1300,cross-ppi,207,0.026299689720200137,1.0
all,0.1300,cross-ppi,208,0.026427568874942797,1.0
all,0.1300,cross-ppi,209,0.0263153093146323,1.0
all,0.1300,cross-ppi,210,0.02637853061335349,1.0
all,0.1300,cross-ppi,211,0.026682054909411196,1.0
all,0.1300,cross-ppi,212,0.026825314536595674,1.0
all,0.1300,cross-ppi,213,0.026883952359610525,1.0
all,0.1300,cross-ppi,214,0.027238749156311526,1.0
all,0.1300,cross-ppi,215,0.026666407934598485,1.0
all,0.1300,cross-ppi,216,0.02687927944132773,1.0
all,0.1300,cross-ppi,217,0.02715803909584502,1.0
all,0.1300,cross-ppi,218,0.02709456589762263,1.0
all,0.1300,cross-ppi,219,0.027146482749888512,1.0
all,0.1300,cross-ppi,220,0.027006065206206492,1.0
all,0.1300,cross-ppi,221,0.02588024967034741,1.0
all,0.1300,cross-ppi,222,0.027154946938200086,1.0
all,0.1300,cross-ppi,223,0.02725180594712287,1.0
all,0.1300,cross-ppi,224,0.02673502134293196,1.0
all,0.1300,cross-ppi,225,0.02710274350461761,1.0
all,0.1300,cross-ppi,226,0.026335959597653336,1.0
all,0.1300,cross-ppi,227,0.02774374011791436,1.0
all,0.1300,cross-ppi,228,0.026785864884279725,1.0
all,0.1300,cross-ppi,229,0.0268423871165564,1.0
all,0.1300,cross-ppi,230,0.026477333629296385,1.0
all,0.1300,cross-ppi,231,0.02707385537776441,1.0
all,0.1300,cross-ppi,232,0.02690196134858655,1.0
all,0.1300,cross-ppi,233,0.02735455356322558,1.0
all,0.1300,cross-ppi,234,0.027619332795427165,1.0
all,0.1300,cross-ppi,235,0.026437778106175563,1.0
all,0.1300,cross-ppi,236,0.026466407032092798,1.0
all,0.1300,cross-ppi,237,0.027430771415920985,1.0
all,0.1300,cross-ppi,238,0.027293316429415904,1.0
all,0.1300,cross-ppi,239,0.027554465023154756,1.0
all,0.1300,cross-ppi,240,0.02740185955940455,1.0
all,0.1300,cross-ppi,241,0.026470530517405666,1.0
all,0.1300,cross-ppi,242,0.026179739923668732,1.0
all,0.1300,cross-ppi,243,0.02723228738649852,1.0
all,0.1300,cross-ppi,244,0.02661819656050224,1.0
all,0.1300,cross-ppi,245,0.02644879049523821,1.0
all,0.1300,cross-ppi,246,0.027837486890246455,1.0
all,0.1300,cross-ppi,247,0.026459768202485523,1.0
all,0.1300,cross-ppi,248,0.026597602863601022,1.0
all,0.1300,cross-ppi,249,0.026228283513049178,1.0
all,0.1300,cross-ppi,250,0.02733064136420013,1.0
all,0.1300,cross-ppi,251,0.026109244570511142,1.0
all,0.1300,cross-ppi,252,0.026692753336776676,1.0
all,0.1300,cross-ppi,253,0.026960272432393323,1.0
all,0.1300,cross-ppi,254,0.026742801021729434,0.0
all,0.1300,cross-ppi,255,0.027901584361145676,1.0
all,0.1300,cross-ppi,256,0.026814375161881204,1.0
all,0.1300,cross-ppi,257,0.02740921392962392,1.0
all,0.1300,cross-ppi,258,0.02738849428297216,1.0
all,0.1300,cross-ppi,259,0.028026979202691815,1.0
all,0.1300,cross-ppi,260,0.025500507521594384,1.0
all,0.1300,cross-ppi,261,0.026753800633281144,1.0
all,0.1300,cross-ppi,262,0.028160124517296214,1.0
all,0.1300,cross-ppi,263,0.027629841385487436,1.0
all,0.1300,cross-ppi,264,0.027391518902345063,1.0
all,0.1300,cross-ppi,265,0.027086021393528115,1.0
all,0.1300,cross-ppi,266,0.026904715814871194,1.0
all,0.1300,cross-ppi,267,0.026851796840676734,1.0
all,0.1300,cross-ppi,268,0.02641685219399023,1.0
all,0.1300,cross-ppi,269,0.026439468388335663,1.0
all,0.1300,cross-ppi,270,0.026919712961985226,1.0
all,0.1300,cross-ppi,271,0.026616805637169588,1.0
all,0.1300,cross-ppi,272,0.02757896133696558,1.0
all,0.1300,cross-ppi,273,0.026829125885570154,1.0
all,0.1300,cross-ppi,274,0.027438229831586475,1.0
all,0.1300,cross-ppi,275,0.02701406757876587,1.0
all,0.1300,cross-ppi,276,0.027456810157836853,1.0
all,0.1300,cross-ppi,277,0.026716092373169076,1.0
all,0.1300,cross-ppi,278,0.02755763932194144,1.0
all,0.1300,cross-ppi,279,0.026266696361621128,1.0
all,0.1300,cross-ppi,280,0.02650066901497128,1.0
all,0.1300,cross-ppi,281,0.027046861973246128,1.0
all,0.1300,cross-ppi,282,0.02730717637805713,1.0
all,0.1300,cross-ppi,283,0.026789636075362666,1.0
all,0.1300,cross-ppi,284,0.027589393261960304,1.0
all,0.1300,cross-ppi,285,0.026489642023039023,1.0
all,0.1300,cross-ppi,286,0.026879708400623176,1.0
all,0.1300,cross-ppi,287,0.02635364002206253,1.0
all,0.1300,cross-ppi,288,0.02805029998549713,1.0
all,0.1300,cross-ppi,289,0.026286025084940268,1.0
all,0.1300,cross-ppi,290,0.027446004034307747,1.0
all,0.1300,cross-ppi,291,0.02749469365238455,1.0
all,0.1300,cross-ppi,292,0.026825285330856402,1.0
all,0.1300,cross-ppi,293,0.0264823643178852,1.0
all,0.1300,cross-ppi,294,0.027132356298876448,1.0
all,0.1300,cross-ppi,295,0.027478973663223716,1.0
all,0.1300,cross-ppi,296,0.02640850482863577,1.0
all,0.1300,cross-ppi,297,0.02764264080072154,1.0
all,0.1300,cross-ppi,298,0.027037702323268298,1.0
all,0.1300,cross-ppi,299,0.026983823210395386,1.0
all,0.1300,cross-ppi,300,0.02727915347122975,1.0
all,0.1300,cross-ppi,301,0.027027491266676806,1.0
all,0.1300,cross-ppi,302,0.02714051747764304,1.0
all,0.1300,cross-ppi,303,0.026815364506298844,1.0
all,0.1300,cross-ppi,304,0.026485633535324515,1.0
all,0.1300,cross-ppi,305,0.02679343282146751,1.0
all,0.1300,cross-ppi,306,0.026962225566206866,1.0
all,0.1300,cross-ppi,307,0.026199871804817754,1.0
all,0.1300,cross-ppi,308,0.025895312530374776,1.0
all,0.1300,cross-ppi,309,0.026594370153335795,1.0
all,0.1300,cross-ppi,310,0.02636284165529057,1.0
all,0.1300,cross-ppi,311,0.02665194379222613,1.0
all,0.1300,cross-ppi,312,0.02805676540602753,0.0
all,0.1300,cross-ppi,313,0.026841397772138675,1.0
all,0.1300,cross-ppi,314,0.026656713454520253,1.0
all,0.1300,cross-ppi,315,0.02682688982115744,1.0
all,0.1300,cross-ppi,316,0.027324721725922263,1.0
all,0.1300,cross-ppi,317,0.027299823833196513,1.0
all,0.1300,cross-ppi,318,0.027332594498013618,1.0
all,0.1300,cross-ppi,319,0.02657090516719285,0.0
all,0.1300,cross-ppi,320,0.0267704606821747,1.0
all,0.1300,cross-ppi,321,0.02706248156767832,1.0
all,0.1300,cross-ppi,322,0.026673375328772536,1.0
all,0.1300,cross-ppi,323,0.027104643703028702,1.0
all,0.1300,cross-ppi,324,0.027505048912313673,1.0
all,0.1300,cross-ppi,325,0.025971225548166527,0.0
all,0.1300,cross-ppi,326,0.02710440640639719,1.0
all,0.1300,cross-ppi,327,0.027468903159252434,1.0
all,0.1300,cross-ppi,328,0.026694830594982122,1.0
all,0.1300,cross-ppi,329,0.027924709830569605,1.0
all,0.1300,cross-ppi,330,0.02710023911247539,1.0
all,0.1300,cross-ppi,331,0.027103774832285515,1.0
all,0.1300,cross-ppi,332,0.026324439758870888,1.0
all,0.1400,cross-ppi,0,0.025679619019088773,1.0
all,0.1400,cross-ppi,1,0.025272018245791728,1.0
all,0.1400,cross-ppi,2,0.02564398071574725,1.0
all,0.1400,cross-ppi,3,0.02638836016997581,1.0
all,0.1400,cross-ppi,4,0.02619768319973137,1.0
all,0.1400,cross-ppi,5,0.026045926527778596,1.0
all,0.1400,cross-ppi,6,0.02563805742675207,1.0
all,0.1400,cross-ppi,7,0.025553264038864182,1.0
all,0.1400,cross-ppi,8,0.025866079410726384,1.0
all,0.1400,cross-ppi,9,0.026808714724539384,1.0
all,0.1400,cross-ppi,10,0.02600693869121487,1.0
all,0.1400,cross-ppi,11,0.025973724464232628,1.0
all,0.1400,cross-ppi,12,0.027013802901753703,1.0
all,0.1400,cross-ppi,13,0.02715493598604779,1.0
all,0.1400,cross-ppi,14,0.026151253375730432,1.0
all,0.1400,cross-ppi,15,0.027387985007893634,1.0
all,0.1400,cross-ppi,16,0.02659338445963555,1.0
all,0.1400,cross-ppi,17,0.02709379559624947,1.0
all,0.1400,cross-ppi,18,0.0256031255372291,1.0
all,0.1400,cross-ppi,19,0.02581332106809789,1.0
all,0.1400,cross-ppi,20,0.025943536681981932,1.0
all,0.1400,cross-ppi,21,0.026952819492803926,1.0
all,0.1400,cross-ppi,22,0.02611157372821779,1.0
all,0.1400,cross-ppi,23,0.02671259133517434,1.0
all,0.1400,cross-ppi,24,0.025649998923395145,1.0
all,0.1400,cross-ppi,25,0.02521615314264858,1.0
all,0.1400,cross-ppi,26,0.026216477092950163,1.0
all,0.1400,cross-ppi,27,0.026411412625051617,1.0
all,0.1400,cross-ppi,28,0.025789940048455362,1.0
all,0.1400,cross-ppi,29,0.026217002796256966,1.0
all,0.1400,cross-ppi,30,0.025277968915167537,1.0
all,0.1400,cross-ppi,31,0.026041801217107086,1.0
all,0.1400,cross-ppi,32,0.025904417419591486,1.0
all,0.1400,cross-ppi,33,0.025627663834290132,1.0
all,0.1400,cross-ppi,34,0.026762524022528683,1.0
all,0.1400,cross-ppi,35,0.026681616823322152,1.0
all,0.1400,cross-ppi,36,0.026081031826378442,1.0
all,0.1400,cross-ppi,37,0.02578700669701764,1.0
all,0.1400,cross-ppi,38,0.02617660030669744,1.0
all,0.1400,cross-ppi,39,0.026136106549202703,1.0
all,0.1400,cross-ppi,40,0.025245132537437015,1.0
all,0.1400,cross-ppi,41,0.025100450955821918,1.0
all,0.1400,cross-ppi,42,0.025836731293479742,1.0
all,0.1400,cross-ppi,43,0.026532839136774733,1.0
all,0.1400,cross-ppi,44,0.026128565992395464,1.0
all,0.1400,cross-ppi,45,0.026062486181943484,1.0
all,0.1400,cross-ppi,46,0.0266417199581237,1.0
all,0.1400,cross-ppi,47,0.026183470956860244,1.0
all,0.1400,cross-ppi,48,0.02573560094518898,1.0
all,0.1400,cross-ppi,49,0.02575615083348126,1.0
all,0.1400,cross-ppi,50,0.026185926064317355,1.0
all,0.1400,cross-ppi,51,0.025579386747280525,1.0
all,0.1400,cross-ppi,52,0.026399376209755854,1.0
all,0.1400,cross-ppi,53,0.026037263375368352,1.0
all,0.1400,cross-ppi,54,0.02677523947126237,1.0
all,0.1400,cross-ppi,55,0.02693989960389534,1.0
all,0.1400,cross-ppi,56,0.027400070707874424,1.0
all,0.1400,cross-ppi,57,0.025487739137458276,1.0
all,0.1400,cross-ppi,58,0.026506756586249902,1.0
all,0.1400,cross-ppi,59,0.02697644145979547,1.0
all,0.1400,cross-ppi,60,0.02667850093601401,1.0
all,0.1400,cross-ppi,61,0.02658136264720945,1.0
all,0.1400,cross-ppi,62,0.02610391817381219,1.0
all,0.1400,cross-ppi,63,0.025583212699124558,1.0
all,0.1400,cross-ppi,64,0.025872499197289206,1.0
all,0.1400,cross-ppi,65,0.02651442674352511,0.0
all,0.1400,cross-ppi,66,0.02680150273229895,1.0
all,0.1400,cross-ppi,67,0.02640219273823652,1.0
all,0.1400,cross-ppi,68,0.027151902239881398,1.0
all,0.1400,cross-ppi,69,0.025422946204892716,1.0
all,0.1400,cross-ppi,70,0.025377996746800885,1.0
all,0.1400,cross-ppi,71,0.026006714172094242,1.0
all,0.1400,cross-ppi,72,0.026472615077045902,1.0
all,0.1400,cross-ppi,73,0.026266093993248724,1.0
all,0.1400,cross-ppi,74,0.02554367725494955,1.0
all,0.1400,cross-ppi,75,0.025793101569731136,1.0
all,0.1400,cross-ppi,76,0.027059466075098904,1.0
all,0.1400,cross-ppi,77,0.025878988347482812,1.0
all,0.1400,cross-ppi,78,0.026639502147298044,1.0
all,0.1400,cross-ppi,79,0.027171134219189153,1.0
all,0.1400,cross-ppi,80,0.02622836200347345,1.0
all,0.1400,cross-ppi,81,0.02616133300649523,1.0
all,0.1400,cross-ppi,82,0.025876288641959233,1.0
all,0.1400,cross-ppi,83,0.026569444880229498,1.0
all,0.1400,cross-ppi,84,0.025869277439176247,1.0
all,0.1400,cross-ppi,85,0.02544829496121845,1.0
all,0.1400,cross-ppi,86,0.026757571824364113,1.0
all,0.1400,cross-ppi,87,0.025824620038477103,1.0
all,0.1400,cross-ppi,88,0.02638681774187071,1.0
all,0.1400,cross-ppi,89,0.026431893149713087,1.0
all,0.1400,cross-ppi,90,0.026240007792006526,1.0
all,0.1400,cross-ppi,91,0.02589488174572052,1.0
all,0.1400,cross-ppi,92,0.025901949534623353,1.0
all,0.1400,cross-ppi,93,0.026091038442795145,1.0
all,0.1400,cross-ppi,94,0.02598299911180879,1.0
all,0.1400,cross-ppi,95,0.026500617904927554,1.0
all,0.1400,cross-ppi,96,0.026137179860120763,1.0
all,0.1400,cross-ppi,97,0.025793404579276008,1.0
all,0.1400,cross-ppi,98,0.026661747793826573,0.0
all,0.1400,cross-ppi,99,0.026115054687266714,1.0
all,0.1400,cross-ppi,100,0.02624701716943076,1.0
all,0.1400,cross-ppi,101,0.025844231692395442,1.0
all,0.1400,cross-ppi,102,0.026379485275955794,1.0
all,0.1400,cross-ppi,103,0.02658660142669056,1.0
all,0.1400,cross-ppi,104,0.02634487647492345,1.0
all,0.1400,cross-ppi,105,0.026481692585882066,1.0
all,0.1400,cross-ppi,106,0.025647770160417305,1.0
all,0.1400,cross-ppi,107,0.025608357015275418,1.0
all,0.1400,cross-ppi,108,0.02570456437114088,1.0
all,0.1400,cross-ppi,109,0.02578063254442245,1.0
all,0.1400,cross-ppi,110,0.0256474434212092,1.0
all,0.1400,cross-ppi,111,0.02590129788156592,1.0
all,0.1400,cross-ppi,112,0.02594796865291582,1.0
all,0.1400,cross-ppi,113,0.026140421697179478,1.0
all,0.1400,cross-ppi,114,0.026294549510089027,1.0
all,0.1400,cross-ppi,115,0.025963217699531027,1.0
all,0.1400,cross-ppi,116,0.02615570725096872,1.0
all,0.1400,cross-ppi,117,0.026174815105884708,1.0
all,0.1400,cross-ppi,118,0.026142111979339605,1.0
all,0.1400,cross-ppi,119,0.026383552175148872,1.0
all,0.1400,cross-ppi,120,0.026200180290438774,1.0
all,0.1400,cross-ppi,121,0.02523770880358689,1.0
all,0.1400,cross-ppi,122,0.026349229955433096,1.0
all,0.1400,cross-ppi,123,0.026418763344553536,1.0
all,0.1400,cross-ppi,124,0.025898988802805084,1.0
all,0.1400,cross-ppi,125,0.02634605383128774,1.0
all,0.1400,cross-ppi,126,0.025560167545483625,1.0
all,0.1400,cross-ppi,127,0.026996932936609208,1.0
all,0.1400,cross-ppi,128,0.02609740529395546,1.0
all,0.1400,cross-ppi,129,0.026336417762688052,1.0
all,0.1400,cross-ppi,130,0.025726238680394947,1.0
all,0.1400,cross-ppi,131,0.026290270869286286,1.0
all,0.1400,cross-ppi,132,0.02596274310626792,1.0
all,0.1400,cross-ppi,133,0.02639273190407243,1.0
all,0.1400,cross-ppi,134,0.026369372788734302,1.0
all,0.1400,cross-ppi,135,0.025785042611051884,1.0
all,0.1400,cross-ppi,136,0.025739669669740728,1.0
all,0.1400,cross-ppi,137,0.02651451071002553,1.0
all,0.1400,cross-ppi,138,0.026523334494001793,1.0
all,0.1400,cross-ppi,139,0.026647135797399163,1.0
all,0.1400,cross-ppi,140,0.026377922768904966,1.0
all,0.1400,cross-ppi,141,0.02592216355691404,1.0
all,0.1400,cross-ppi,142,0.025276149032539386,1.0
all,0.1400,cross-ppi,143,0.026366238647839157,1.0
all,0.1400,cross-ppi,144,0.025850094744553465,1.0
all,0.1400,cross-ppi,145,0.02557880810857127,1.0
all,0.1400,cross-ppi,146,0.026940474591887198,1.0
all,0.1400,cross-ppi,147,0.025877398460051437,1.0
all,0.1400,cross-ppi,148,0.02593124289110893,1.0
all,0.1400,cross-ppi,149,0.02542507274778316,1.0
all,0.1400,cross-ppi,150,0.02650455337829391,1.0
all,0.1400,cross-ppi,151,0.025418545265056824,1.0
all,0.1400,cross-ppi,152,0.0258955699059521,1.0
all,0.1400,cross-ppi,153,0.026315729147134287,1.0
all,0.1400,cross-ppi,154,0.025842015706928484,0.0
all,0.1400,cross-ppi,155,0.02695020740449816,1.0
all,0.1400,cross-ppi,156,0.026147664720517882,1.0
all,0.1400,cross-ppi,157,0.026394504327374224,1.0
all,0.1400,cross-ppi,158,0.026571270238933686,1.0
all,0.1400,cross-ppi,159,0.026823284737716557,1.0
all,0.1400,cross-ppi,160,0.024714126563581407,1.0
all,0.1400,cross-ppi,161,0.025830526899244033,1.0
all,0.1400,cross-ppi,162,0.027328129670623036,1.0
all,0.1400,cross-ppi,163,0.02643708994594407,1.0
all,0.1400,cross-ppi,164,0.02652939651025854,1.0
all,0.1400,cross-ppi,165,0.026299352028839845,1.0
all,0.1400,cross-ppi,166,0.026143024658691782,1.0
all,0.1400,cross-ppi,167,0.026125955729448425,1.0
all,0.1400,cross-ppi,168,0.02584801748634802,1.0
all,0.1400,cross-ppi,169,0.025916384471256437,1.0
all,0.1400,cross-ppi,170,0.026263297543713815,1.0
all,0.1400,cross-ppi,171,0.025699969943282275,1.0
all,0.1400,cross-ppi,172,0.02674071828744784,1.0
all,0.1400,cross-ppi,173,0.02618888314541823,1.0
all,0.1400,cross-ppi,174,0.02653487988780609,1.0
all,0.1400,cross-ppi,175,0.026226301173496364,1.0
all,0.1400,cross-ppi,176,0.026679948445466506,1.0
all,0.1400,cross-ppi,177,0.02596696333559212,1.0
all,0.1400,cross-ppi,178,0.026725704712105558,1.0
all,0.1400,cross-ppi,179,0.025902110166189346,1.0
all,0.1400,cross-ppi,180,0.025863204470767287,1.0
all,0.1400,cross-ppi,181,0.026226505613671236,1.0
all,0.1400,cross-ppi,182,0.026346459060920036,1.0
all,0.1400,cross-ppi,183,0.02592932443911078,1.0
all,0.1400,cross-ppi,184,0.026607596702506675,1.0
all,0.1400,cross-ppi,185,0.02610774412565628,1.0
all,0.1400,cross-ppi,186,0.026373125726230268,1.0
all,0.1400,cross-ppi,187,0.025661458525340325,1.0
all,0.1400,cross-ppi,188,0.027053447867451008,1.0
all,0.1400,cross-ppi,189,0.02550397205241503,1.0
all,0.1400,cross-ppi,190,0.026901065097462706,1.0
all,0.1400,cross-ppi,191,0.026513001138377096,1.0
all,0.1400,cross-ppi,192,0.02596216811827609,1.0
all,0.1400,cross-ppi,193,0.025741458521270855,1.0
all,0.1400,cross-ppi,194,0.02631971025446822,1.0
all,0.1400,cross-ppi,195,0.026547429228897718,1.0
all,0.1400,cross-ppi,196,0.02561689056721772,1.0
all,0.1400,cross-ppi,197,0.026831195842340727,1.0
all,0.1400,cross-ppi,198,0.02620682277076347,1.0
all,0.1400,cross-ppi,199,0.02599595915860889,1.0
all,0.1400,cross-ppi,200,0.026616909682615736,1.0
all,0.1400,cross-ppi,201,0.026203142847615712,1.0
all,0.1400,cross-ppi,202,0.02631885781195331,1.0
all,0.1400,cross-ppi,203,0.02619863603697503,1.0
all,0.1400,cross-ppi,204,0.025614123323422083,1.0
all,0.1400,cross-ppi,205,0.026306598702895673,1.0
all,0.1400,cross-ppi,206,0.026099411363171426,1.0
all,0.1400,cross-ppi,207,0.025546172520298227,1.0
all,0.1400,cross-ppi,208,0.025099353915240652,1.0
all,0.1400,cross-ppi,209,0.025698102601327877,1.0
all,0.1400,cross-ppi,210,0.025646444949998015,1.0
all,0.1400,cross-ppi,211,0.025912596851945163,1.0
all,0.1400,cross-ppi,212,0.027205785003471705,0.0
all,0.1400,cross-ppi,213,0.025940977529078646,1.0
all,0.1400,cross-ppi,214,0.02579686180866181,1.0
all,0.1400,cross-ppi,215,0.026067418301162326,1.0
all,0.1400,cross-ppi,216,0.026589815883368728,1.0
all,0.1400,cross-ppi,217,0.026222318240803677,1.0
all,0.1400,cross-ppi,218,0.026373175010915267,1.0
all,0.1400,cross-ppi,219,0.025668069974567054,0.0
all,0.1400,cross-ppi,220,0.02610470672877241,1.0
all,0.1400,cross-ppi,221,0.02621201044020091,1.0
all,0.1400,cross-ppi,222,0.025682232932753263,1.0
all,0.1400,cross-ppi,223,0.026291855280641596,1.0
all,0.1400,cross-ppi,224,0.026418151849387644,1.0
all,0.1400,cross-ppi,225,0.025469934588657123,0.0
all,0.1400,cross-ppi,226,0.026315046462978886,1.0
all,0.1400,cross-ppi,227,0.026373817537179156,1.0
all,0.1400,cross-ppi,228,0.02596961558178934,1.0
all,0.1400,cross-ppi,229,0.027003354548530645,1.0
all,0.1400,cross-ppi,230,0.02633233808598412,1.0
all,0.1400,cross-ppi,231,0.026097704652782966,1.0
all,0.1400,cross-ppi,232,0.025415350887324384,1.0
all,0.1400,cross-ppi,233,0.026152443509605577,1.0
all,0.1400,cross-ppi,234,0.026973442395444414,1.0
all,0.1400,cross-ppi,235,0.027320472290858766,1.0
all,0.1400,cross-ppi,236,0.025577860747403758,1.0
all,0.1400,cross-ppi,237,0.02619393208759413,1.0
all,0.1400,cross-ppi,238,0.02592204125788089,1.0
all,0.1400,cross-ppi,239,0.026634336382165058,1.0
all,0.1400,cross-ppi,240,0.026346634295355664,1.0
all,0.1400,cross-ppi,241,0.026516215595055265,1.0
all,0.1400,cross-ppi,242,0.02609327633256653,1.0
all,0.1400,cross-ppi,243,0.02587350131921784,1.0
all,0.1400,cross-ppi,244,0.026943762062913518,1.0
all,0.1400,cross-ppi,245,0.02648324779149805,1.0
all,0.1400,cross-ppi,246,0.02602321724013923,1.0
all,0.1400,cross-ppi,247,0.026261359012769936,1.0
all,0.1400,cross-ppi,248,0.027021122590157765,1.0
all,0.1400,cross-ppi,249,0.02588057458419679,1.0
all,0.1400,cross-ppi,250,0.025234315461755696,1.0
all,0.1400,cross-ppi,251,0.025872183410233368,1.0
all,0.1400,cross-ppi,252,0.02607241430793583,1.0
all,0.1400,cross-ppi,253,0.02650426314625995,1.0
all,0.1400,cross-ppi,254,0.02724103815612655,1.0
all,0.1400,cross-ppi,255,0.026949298375863462,1.0
all,0.1400,cross-ppi,256,0.02568439780817644,1.0
all,0.1400,cross-ppi,257,0.02602521418256165,1.0
all,0.1400,cross-ppi,258,0.02657593403042302,1.0
all,0.1400,cross-ppi,259,0.02676029708490954,1.0
all,0.1400,cross-ppi,260,0.02564252773021869,1.0
all,0.1400,cross-ppi,261,0.025794326385421645,1.0
all,0.1400,cross-ppi,262,0.026983102193707226,1.0
all,0.1400,cross-ppi,263,0.025062311911055596,1.0
all,0.1400,cross-ppi,264,0.026148692397468393,1.0
all,0.1400,cross-ppi,265,0.026495090718771097,1.0
all,0.1400,cross-ppi,266,0.025624442076177173,1.0
all,0.1400,cross-ppi,267,0.02597599703581932,1.0
all,0.1400,cross-ppi,268,0.025960353711724116,1.0
all,0.1400,cross-ppi,269,0.026344436563475765,1.0
all,0.1400,cross-ppi,270,0.02577074457632164,1.0
all,0.1400,cross-ppi,271,0.026345257974892733,1.0
all,0.1400,cross-ppi,272,0.0260062249759615,1.0
all,0.1400,cross-ppi,273,0.026236046763618237,1.0
all,0.1400,cross-ppi,274,0.02738702304385654,1.0
all,0.1400,cross-ppi,275,0.02634830267321131,1.0
all,0.1400,cross-ppi,276,0.026221462147571456,1.0
all,0.1400,cross-ppi,277,0.02615926122436593,1.0
all,0.1400,cross-ppi,278,0.025451158949025388,1.0
all,0.1400,cross-ppi,279,0.026420524815703117,1.0
all,0.1400,cross-ppi,280,0.027279609810905825,1.0
all,0.1400,cross-ppi,281,0.025994847515158015,1.0
all,0.1400,cross-ppi,282,0.02582207913916082,1.0
all,0.1400,cross-ppi,283,0.02598603650869269,1.0
all,0.1400,cross-ppi,284,0.02624670138237495,1.0
all,0.1400,cross-ppi,285,0.02633489723888749,1.0
all,0.1400,cross-ppi,286,0.027258231209761785,1.0
all,0.1400,cross-ppi,287,0.02653462068687007,1.0
all,0.1400,cross-ppi,288,0.025752288374463084,1.0
all,0.1400,cross-ppi,289,0.026794960646702948,1.0
all,0.1400,cross-ppi,290,0.025723865714079475,1.0
all,0.1400,cross-ppi,291,0.02715130352222639,1.0
all,0.1400,cross-ppi,292,0.02683550368888274,1.0
all,0.1400,cross-ppi,293,0.025456675183029548,1.0
all,0.1400,cross-ppi,294,0.026537528483285944,1.0
all,0.1400,cross-ppi,295,0.02635500173965588,1.0
all,0.1400,cross-ppi,296,0.026164463496673007,1.0
all,0.1400,cross-ppi,297,0.026104376338846963,1.0
all,0.1400,cross-ppi,298,0.02635287884748283,1.0
all,0.1400,cross-ppi,299,0.026621252210973112,1.0
all,0.1400,cross-ppi,300,0.02627094579668454,1.0
all,0.1400,cross-ppi,301,0.026029666232441295,1.0
all,0.1400,cross-ppi,302,0.026328774985793446,1.0
all,0.1400,cross-ppi,303,0.02657871952780566,1.0
all,0.1400,cross-ppi,304,0.026144678433677765,1.0
all,0.1400,cross-ppi,305,0.025909986588998124,1.0
all,0.1400,cross-ppi,306,0.025509835104573025,1.0
all,0.1400,cross-ppi,307,0.025951002399082324,1.0
all,0.1400,cross-ppi,308,0.02653716888762117,1.0
all,0.1400,cross-ppi,309,0.025804447999436597,1.0
all,0.1400,cross-ppi,310,0.02652957357005284,1.0
all,0.1400,cross-ppi,311,0.026861608143711968,1.0
all,0.1400,cross-ppi,312,0.02682586579492438,1.0
all,0.1400,cross-ppi,313,0.025924605886860297,1.0
all,0.1400,cross-ppi,314,0.02560834241240581,1.0
all,0.1400,cross-ppi,315,0.026858461225305885,1.0
all,0.1400,cross-ppi,316,0.02534285311566828,1.0
all,0.1400,cross-ppi,317,0.026369312551897117,1.0
all,0.1400,cross-ppi,318,0.026563809997909527,1.0
all,0.1400,cross-ppi,319,0.026527490835771328,1.0
all,0.1400,cross-ppi,320,0.025301276920461913,1.0
all,0.1400,cross-ppi,321,0.02559443135372083,1.0
all,0.1400,cross-ppi,322,0.026145048981494723,1.0
all,0.1400,cross-ppi,323,0.0264518552725026,1.0
all,0.1400,cross-ppi,324,0.026816105601932816,1.0
all,0.1400,cross-ppi,325,0.02676231593163636,1.0
all,0.1400,cross-ppi,326,0.02565012852386317,1.0
all,0.1400,cross-ppi,327,0.026290225235318654,1.0
all,0.1400,cross-ppi,328,0.02539756824282771,1.0
all,0.1400,cross-ppi,329,0.026837730626501854,0.0
all,0.1400,cross-ppi,330,0.02651542521473635,1.0
all,0.1400,cross-ppi,331,0.025892685839199348,1.0
all,0.1400,cross-ppi,332,0.025850675208621388,1.0
all,0.1500,cross-ppi,0,0.02576370051708199,1.0
all,0.1500,cross-ppi,1,0.024986287546382907,1.0
all,0.1500,cross-ppi,2,0.025616781045695425,1.0
all,0.1500,cross-ppi,3,0.02567912252152127,1.0
all,0.1500,cross-ppi,4,0.025820264732608816,1.0
all,0.1500,cross-ppi,5,0.025693343891185938,1.0
all,0.1500,cross-ppi,6,0.02516571118021571,1.0
all,0.1500,cross-ppi,7,0.024760036160351606,1.0
all,0.1500,cross-ppi,8,0.02502771223681685,1.0
all,0.1500,cross-ppi,9,0.02500584809025752,1.0
all,0.1500,cross-ppi,10,0.025126150181018825,1.0
all,0.1500,cross-ppi,11,0.025205283131564865,1.0
all,0.1500,cross-ppi,12,0.025198888900023947,1.0
all,0.1500,cross-ppi,13,0.025392176133215427,1.0
all,0.1500,cross-ppi,14,0.02563397409933066,1.0
all,0.1500,cross-ppi,15,0.025452088056605815,1.0
all,0.1500,cross-ppi,16,0.025573374015708805,1.0
all,0.1500,cross-ppi,17,0.025300397097566457,1.0
all,0.1500,cross-ppi,18,0.02524763510422054,1.0
all,0.1500,cross-ppi,19,0.025632298420040223,1.0
all,0.1500,cross-ppi,20,0.025541906657006425,1.0
all,0.1500,cross-ppi,21,0.024522748655594562,1.0
all,0.1500,cross-ppi,22,0.025773435155051705,1.0
all,0.1500,cross-ppi,23,0.025777960219279472,1.0
all,0.1500,cross-ppi,24,0.025092580009089233,1.0
all,0.1500,cross-ppi,25,0.025929103570707546,1.0
all,0.1500,cross-ppi,26,0.024779868682673123,1.0
all,0.1500,cross-ppi,27,0.02628631531697423,1.0
all,0.1500,cross-ppi,28,0.025490907960168813,1.0
all,0.1500,cross-ppi,29,0.025645910119897697,1.0
all,0.1500,cross-ppi,30,0.02498819322087012,1.0
all,0.1500,cross-ppi,31,0.025716075083129786,1.0
all,0.1500,cross-ppi,32,0.025231323698839486,1.0
all,0.1500,cross-ppi,33,0.02552579604108285,1.0
all,0.1500,cross-ppi,34,0.025663210869696362,1.0
all,0.1500,cross-ppi,35,0.025182750903719797,1.0
all,0.1500,cross-ppi,36,0.024890344867529612,1.0
all,0.1500,cross-ppi,37,0.02552638928266171,1.0
all,0.1500,cross-ppi,38,0.02574337332255161,1.0
all,0.1500,cross-ppi,39,0.0257859388621757,1.0
all,0.1500,cross-ppi,40,0.025570101147552066,1.0
all,0.1500,cross-ppi,41,0.02516844556755471,1.0
all,0.1500,cross-ppi,42,0.02458219328715669,1.0
all,0.1500,cross-ppi,43,0.025623480112139996,1.0
all,0.1500,cross-ppi,44,0.025163528051205475,1.0
all,0.1500,cross-ppi,45,0.024899363964887233,1.0
all,0.1500,cross-ppi,46,0.02614023916130906,1.0
all,0.1500,cross-ppi,47,0.025182749078361044,1.0
all,0.1500,cross-ppi,48,0.025183238274493758,1.0
all,0.1500,cross-ppi,49,0.024632941909851852,1.0
all,0.1500,cross-ppi,50,0.025580978460070597,1.0
all,0.1500,cross-ppi,51,0.024843020617763556,1.0
all,0.1500,cross-ppi,52,0.02504873854373091,1.0
all,0.1500,cross-ppi,53,0.02557160706848305,1.0
all,0.1500,cross-ppi,54,0.02522430701998038,0.0
all,0.1500,cross-ppi,55,0.02615148519628585,1.0
all,0.1500,cross-ppi,56,0.02538630395426389,1.0
all,0.1500,cross-ppi,57,0.025655604599975845,1.0
all,0.1500,cross-ppi,58,0.026067982337001916,1.0
all,0.1500,cross-ppi,59,0.02615396768412362,1.0
all,0.1500,cross-ppi,60,0.024239834484666378,1.0
all,0.1500,cross-ppi,61,0.025140628926260816,1.0
all,0.1500,cross-ppi,62,0.026472971021993197,1.0
all,0.1500,cross-ppi,63,0.025791119230178294,1.0
all,0.1500,cross-ppi,64,0.025802509468492718,1.0
all,0.1500,cross-ppi,65,0.02561136885713744,1.0
all,0.1500,cross-ppi,66,0.02554851445551576,1.0
all,0.1500,cross-ppi,67,0.025625617607182627,1.0
all,0.1500,cross-ppi,68,0.025078513794914437,1.0
all,0.1500,cross-ppi,69,0.025443945131426227,1.0
all,0.1500,cross-ppi,70,0.025512803137826112,1.0
all,0.1500,cross-ppi,71,0.02508743067218458,1.0
all,0.1500,cross-ppi,72,0.02591722413626041,1.0
all,0.1500,cross-ppi,73,0.025532137337221372,1.0
all,0.1500,cross-ppi,74,0.025664121723689814,1.0
all,0.1500,cross-ppi,75,0.02567996948796003,1.0
all,0.1500,cross-ppi,76,0.025958104869800436,1.0
all,0.1500,cross-ppi,77,0.025494775895263055,0.0
all,0.1500,cross-ppi,78,0.025856872301422307,1.0
all,0.1500,cross-ppi,79,0.025379181404599938,1.0
all,0.1500,cross-ppi,80,0.025364279176138593,1.0
all,0.1500,cross-ppi,81,0.025460464627699575,1.0
all,0.1500,cross-ppi,82,0.025629576810212162,1.0
all,0.1500,cross-ppi,83,0.0253795209213189,1.0
all,0.1500,cross-ppi,84,0.02596319031915048,1.0
all,0.1500,cross-ppi,85,0.025314266173001254,1.0
all,0.1500,cross-ppi,86,0.025517656766620656,1.0
all,0.1500,cross-ppi,87,0.02529844213839419,1.0
all,0.1500,cross-ppi,88,0.02639277936339879,1.0
all,0.1500,cross-ppi,89,0.024719755969825258,1.0
all,0.1500,cross-ppi,90,0.02593801862261902,1.0
all,0.1500,cross-ppi,91,0.025651154375454954,1.0
all,0.1500,cross-ppi,92,0.025363455939362956,1.0
all,0.1500,cross-ppi,93,0.0252820193861322,1.0
all,0.1500,cross-ppi,94,0.025732457677500292,1.0
all,0.1500,cross-ppi,95,0.025876221103687147,1.0
all,0.1500,cross-ppi,96,0.025000162097893797,1.0
all,0.1500,cross-ppi,97,0.02622739638871896,1.0
all,0.1500,cross-ppi,98,0.025583157938363438,1.0
all,0.1500,cross-ppi,99,0.025471683282295793,1.0
all,0.1500,cross-ppi,100,0.025697009211464006,1.0
all,0.1500,cross-ppi,101,0.025538675772099922,1.0
all,0.1500,cross-ppi,102,0.025840265187931144,1.0
all,0.1500,cross-ppi,103,0.02543325765621296,1.0
all,0.1500,cross-ppi,104,0.025005514049614597,1.0
all,0.1500,cross-ppi,105,0.02567630234232321,1.0
all,0.1500,cross-ppi,106,0.025377564136788044,1.0
all,0.1500,cross-ppi,107,0.025058069777426972,1.0
all,0.1500,cross-ppi,108,0.02449784711215139,1.0
all,0.1500,cross-ppi,109,0.02501120734341311,1.0
all,0.1500,cross-ppi,110,0.0248536624590093,1.0
all,0.1500,cross-ppi,111,0.02517410600489653,1.0
all,0.1500,cross-ppi,112,0.026408112376514303,0.0
all,0.1500,cross-ppi,113,0.025150732286688737,1.0
all,0.1500,cross-ppi,114,0.02505882182521313,1.0
all,0.1500,cross-ppi,115,0.025173195150903105,1.0
all,0.1500,cross-ppi,116,0.02595412376246653,1.0
all,0.1500,cross-ppi,117,0.025528749471466328,1.0
all,0.1500,cross-ppi,118,0.025787588986444288,1.0
all,0.1500,cross-ppi,119,0.02497108595909403,0.0
all,0.1500,cross-ppi,120,0.025232077571984313,1.0
all,0.1500,cross-ppi,121,0.0254947850220566,1.0
all,0.1500,cross-ppi,122,0.024966385660430634,1.0
all,0.1500,cross-ppi,123,0.02564040666340439,1.0
all,0.1500,cross-ppi,124,0.025595628789030767,1.0
all,0.1500,cross-ppi,125,0.024995452672436858,0.0
all,0.1500,cross-ppi,126,0.02559751438457225,1.0
all,0.1500,cross-ppi,127,0.02554496960891217,1.0
all,0.1500,cross-ppi,128,0.02507789682367237,1.0
all,0.1500,cross-ppi,129,0.026308916908450053,0.0
all,0.1500,cross-ppi,130,0.02577879623356602,1.0
all,0.1500,cross-ppi,131,0.025448419085610324,1.0
all,0.1500,cross-ppi,132,0.024790744169832957,1.0
all,0.1500,cross-ppi,133,0.02571882772405576,1.0
all,0.1500,cross-ppi,134,0.02620782306733338,1.0
all,0.1500,cross-ppi,135,0.02645050085634404,1.0
all,0.1500,cross-ppi,136,0.02497897881013114,1.0
all,0.1500,cross-ppi,137,0.02530713449654376,1.0
all,0.1500,cross-ppi,138,0.025232225426039395,1.0
all,0.1500,cross-ppi,139,0.026038360415949535,1.0
all,0.1500,cross-ppi,140,0.025464036854683764,1.0
all,0.1500,cross-ppi,141,0.025625382135909813,1.0
all,0.1500,cross-ppi,142,0.025372584558242872,1.0
all,0.1500,cross-ppi,143,0.025309961977176637,1.0
all,0.1500,cross-ppi,144,0.0259515281023891,1.0
all,0.1500,cross-ppi,145,0.025597923264922023,0.0
all,0.1500,cross-ppi,146,0.02534593797187845,1.0
all,0.1500,cross-ppi,147,0.025528486619812885,1.0
all,0.1500,cross-ppi,148,0.02614115549137863,1.0
all,0.1500,cross-ppi,149,0.02541692069581003,1.0
all,0.1500,cross-ppi,150,0.024710870123653028,1.0
all,0.1500,cross-ppi,151,0.02526418015551571,1.0
all,0.1500,cross-ppi,152,0.025497413538590696,1.0
all,0.1500,cross-ppi,153,0.026061122638991407,1.0
all,0.1500,cross-ppi,154,0.026290650543896787,1.0
all,0.1500,cross-ppi,155,0.026340114114064117,1.0
all,0.1500,cross-ppi,156,0.025213055508927495,1.0
all,0.1500,cross-ppi,157,0.025287805773224648,1.0
all,0.1500,cross-ppi,158,0.025891083174257035,1.0
all,0.1500,cross-ppi,159,0.02597439619623576,1.0
all,0.1500,cross-ppi,160,0.02494009684437226,1.0
all,0.1500,cross-ppi,161,0.025283722445803236,1.0
all,0.1500,cross-ppi,162,0.026122976744043097,1.0
all,0.1500,cross-ppi,163,0.02438940255153274,1.0
all,0.1500,cross-ppi,164,0.025258118139258934,1.0
all,0.1500,cross-ppi,165,0.02582331125628623,1.0
all,0.1500,cross-ppi,166,0.025130945398334825,1.0
all,0.1500,cross-ppi,167,0.02523353420823027,1.0
all,0.1500,cross-ppi,168,0.025107246766277763,1.0
all,0.1500,cross-ppi,169,0.025724665221191878,1.0
all,0.1500,cross-ppi,170,0.025127482692872932,1.0
all,0.1500,cross-ppi,171,0.025695026871911275,1.0
all,0.1500,cross-ppi,172,0.025119138978235894,1.0
all,0.1500,cross-ppi,173,0.02555438845982605,1.0
all,0.1500,cross-ppi,174,0.026497213610944148,1.0
all,0.1500,cross-ppi,175,0.025483670412906556,1.0
all,0.1500,cross-ppi,176,0.02560671601780029,1.0
all,0.1500,cross-ppi,177,0.025400415802406345,1.0
all,0.1500,cross-ppi,178,0.024846731572009312,1.0
all,0.1500,cross-ppi,179,0.025501275997608874,1.0
all,0.1500,cross-ppi,180,0.026372736924826223,1.0
all,0.1500,cross-ppi,181,0.02518961972852382,1.0
all,0.1500,cross-ppi,182,0.02525678197668746,1.0
all,0.1500,cross-ppi,183,0.025190828115986025,1.0
all,0.1500,cross-ppi,184,0.025750950386532856,0.0
all,0.1500,cross-ppi,185,0.025571999520604488,1.0
all,0.1500,cross-ppi,186,0.026500497431253045,1.0
all,0.1500,cross-ppi,187,0.02566937328068189,1.0
all,0.1500,cross-ppi,188,0.02518252638459917,1.0
all,0.1500,cross-ppi,189,0.02608384287878307,1.0
all,0.1500,cross-ppi,190,0.025196568869110814,1.0
all,0.1500,cross-ppi,191,0.026206713249241204,1.0
all,0.1500,cross-ppi,192,0.025999221074613388,1.0
all,0.1500,cross-ppi,193,0.02495204746780888,1.0
all,0.1500,cross-ppi,194,0.025729865668140284,1.0
all,0.1500,cross-ppi,195,0.025745620339116537,1.0
all,0.1500,cross-ppi,196,0.025274272563791444,1.0
all,0.1500,cross-ppi,197,0.02529076102896677,1.0
all,0.1500,cross-ppi,198,0.02545409412582178,1.0
all,0.1500,cross-ppi,199,0.025821971442997277,1.0
all,0.1500,cross-ppi,200,0.025481040071013705,1.0
all,0.1500,cross-ppi,201,0.02521482793222929,1.0
all,0.1500,cross-ppi,202,0.025719408188123682,1.0
all,0.1500,cross-ppi,203,0.025738534296626647,1.0
all,0.1500,cross-ppi,204,0.025368462898288674,1.0
all,0.1500,cross-ppi,205,0.025102446072885615,1.0
all,0.1500,cross-ppi,206,0.024774847120877824,1.0
all,0.1500,cross-ppi,207,0.02543021843397042,1.0
all,0.1500,cross-ppi,208,0.025655193894267403,1.0
all,0.1500,cross-ppi,209,0.025237973480599002,1.0
all,0.1500,cross-ppi,210,0.02586982139607011,1.0
all,0.1500,cross-ppi,211,0.025856034461777005,1.0
all,0.1500,cross-ppi,212,0.026052857414778613,1.0
all,0.1500,cross-ppi,213,0.025266826925636865,1.0
all,0.1500,cross-ppi,214,0.024802813441585414,1.0
all,0.1500,cross-ppi,215,0.02623554844069198,0.0
all,0.1500,cross-ppi,216,0.024592917269544046,1.0
all,0.1500,cross-ppi,217,0.025690041817289955,1.0
all,0.1500,cross-ppi,218,0.02577042878926583,1.0
all,0.1500,cross-ppi,219,0.025819965373781312,1.0
all,0.1500,cross-ppi,220,0.02485793562373592,1.0
all,0.1500,cross-ppi,221,0.024960194043705863,1.0
all,0.1500,cross-ppi,222,0.025447110303419396,1.0
all,0.1500,cross-ppi,223,0.02583861141294508,1.0
all,0.1500,cross-ppi,224,0.02613070348743818,1.0
all,0.1500,cross-ppi,225,0.025935744225673574,1.0
all,0.1500,cross-ppi,226,0.024858758860511476,1.0
all,0.1500,cross-ppi,227,0.025514467864964363,1.0
all,0.1500,cross-ppi,228,0.024882577966243047,1.0
all,0.1500,cross-ppi,229,0.026022147579938593,0.0
all,0.1500,cross-ppi,230,0.02569363959929602,1.0
all,0.1500,cross-ppi,231,0.025363297133155688,1.0
all,0.1500,cross-ppi,232,0.025443934179274014,1.0
all,0.1500,cross-ppi,233,0.02507523727604033,1.0
all,0.1500,cross-ppi,234,0.025832271942165308,1.0
all,0.1500,cross-ppi,235,0.02544151557899088,1.0
all,0.1500,cross-ppi,236,0.024538320790700396,1.0
all,0.1500,cross-ppi,237,0.02569768276882589,1.0
all,0.1500,cross-ppi,238,0.024961844167974506,1.0
all,0.1500,cross-ppi,239,0.025645652744320374,1.0
all,0.1500,cross-ppi,240,0.025707302409197164,1.0
all,0.1500,cross-ppi,241,0.02536301055183912,1.0
all,0.1500,cross-ppi,242,0.02494912871924082,1.0
all,0.1500,cross-ppi,243,0.025573529171198595,1.0
all,0.1500,cross-ppi,244,0.026257940115916867,1.0
all,0.1500,cross-ppi,245,0.025584411959793246,1.0
all,0.1500,cross-ppi,246,0.025913509531297257,1.0
all,0.1500,cross-ppi,247,0.025802593434993137,1.0
all,0.1500,cross-ppi,248,0.02501274977151824,1.0
all,0.1500,cross-ppi,249,0.02512683651589165,1.0
all,0.1500,cross-ppi,250,0.02510942624457066,1.0
all,0.1500,cross-ppi,251,0.02534125410144336,1.0
all,0.1500,cross-ppi,252,0.02519542984527942,1.0
all,0.1500,cross-ppi,253,0.02550153519854484,1.0
all,0.1500,cross-ppi,254,0.025175009557455108,1.0
all,0.1500,cross-ppi,255,0.02502258662957535,1.0
all,0.1500,cross-ppi,256,0.025855145512088035,1.0
all,0.1500,cross-ppi,257,0.02593802592405392,1.0
all,0.1500,cross-ppi,258,0.02545833260873301,1.0
all,0.1500,cross-ppi,259,0.02580591558783485,1.0
all,0.1500,cross-ppi,260,0.025617852531254814,1.0
all,0.1500,cross-ppi,261,0.02570064350064416,1.0
all,0.1500,cross-ppi,262,0.025509119563960958,1.0
all,0.1500,cross-ppi,263,0.0260701216574033,1.0
all,0.1500,cross-ppi,264,0.02533312395377471,1.0
all,0.1500,cross-ppi,265,0.025720996250196415,1.0
all,0.1500,cross-ppi,266,0.025225057242407867,1.0
all,0.1500,cross-ppi,267,0.025413268153042873,1.0
all,0.1500,cross-ppi,268,0.024970627794059258,1.0
all,0.1500,cross-ppi,269,0.025844992866975086,1.0
all,0.1500,cross-ppi,270,0.025280544496299212,1.0
all,0.1500,cross-ppi,271,0.02582049107708817,0.0
all,0.1500,cross-ppi,272,0.024878713681866227,1.0
all,0.1500,cross-ppi,273,0.025273558848538102,1.0
all,0.1500,cross-ppi,274,0.025815445785629665,1.0
all,0.1500,cross-ppi,275,0.02582289507450164,1.0
all,0.1500,cross-ppi,276,0.02577651270982706,1.0
all,0.1500,cross-ppi,277,0.026406747008203557,1.0
all,0.1500,cross-ppi,278,0.025628711590186343,1.0
all,0.1500,cross-ppi,279,0.025154950690654293,1.0
all,0.1500,cross-ppi,280,0.025928283984649386,1.0
all,0.1500,cross-ppi,281,0.025228987239698047,1.0
all,0.1500,cross-ppi,282,0.025311995426773176,1.0
all,0.1500,cross-ppi,283,0.02493689516520503,1.0
all,0.1500,cross-ppi,284,0.025401803075021573,1.0
all,0.1500,cross-ppi,285,0.025389836023356566,1.0
all,0.1500,cross-ppi,286,0.025602147144963644,1.0
all,0.1500,cross-ppi,287,0.025823081261089453,1.0
all,0.1500,cross-ppi,288,0.025158376888942097,1.0
all,0.1500,cross-ppi,289,0.025849043337939803,1.0
all,0.1500,cross-ppi,290,0.025851958435790467,1.0
all,0.1500,cross-ppi,291,0.02491219258586061,1.0
all,0.1500,cross-ppi,292,0.02543198173047867,1.0
all,0.1500,cross-ppi,293,0.025575433020327165,1.0
all,0.1500,cross-ppi,294,0.02552841543082343,1.0
all,0.1500,cross-ppi,295,0.02572114045353402,1.0
all,0.1500,cross-ppi,296,0.02565155960508725,1.0
all,0.1500,cross-ppi,297,0.025475229954258105,1.0
all,0.1500,cross-ppi,298,0.025438406993117613,1.0
all,0.1500,cross-ppi,299,0.024934414502725932,1.0
all,0.1500,cross-ppi,300,0.025525544141581702,1.0
all,0.1500,cross-ppi,301,0.0251048372927882,1.0
all,0.1500,cross-ppi,302,0.02576886263149758,1.0
all,0.1500,cross-ppi,303,0.0257422963609161,1.0
all,0.1500,cross-ppi,304,0.025126688661836566,1.0
all,0.1500,cross-ppi,305,0.024580691016943074,1.0
all,0.1500,cross-ppi,306,0.025449684059192346,1.0
all,0.1500,cross-ppi,307,0.025756216546394595,1.0
all,0.1500,cross-ppi,308,0.025345249811646903,1.0
all,0.1500,cross-ppi,309,0.025495327153591735,1.0
all,0.1500,cross-ppi,310,0.025516054101678343,1.0
all,0.1500,cross-ppi,311,0.024682615396270174,1.0
all,0.1500,cross-ppi,312,0.025474647664831457,1.0
all,0.1500,cross-ppi,313,0.026065174935314794,1.0
all,0.1500,cross-ppi,314,0.02555514963440564,1.0
all,0.1500,cross-ppi,315,0.024875652555319205,1.0
all,0.1500,cross-ppi,316,0.025838626015814742,1.0
all,0.1500,cross-ppi,317,0.02531983351704914,1.0
all,0.1500,cross-ppi,318,0.0252462350540944,1.0
all,0.1500,cross-ppi,319,0.02511865708353797,1.0
all,0.1500,cross-ppi,320,0.025506731994775822,1.0
all,0.1500,cross-ppi,321,0.025172280646192258,0.0
all,0.1500,cross-ppi,322,0.024787210275381583,1.0
all,0.1500,cross-ppi,323,0.02575738295060659,1.0
all,0.1500,cross-ppi,324,0.025479904697899652,1.0
all,0.1500,cross-ppi,325,0.02521472206142447,1.0
all,0.1500,cross-ppi,326,0.02504879512985078,1.0
all,0.1500,cross-ppi,327,0.026085151660973943,1.0
all,0.1500,cross-ppi,328,0.025590386358832262,1.0
all,0.1500,cross-ppi,329,0.024998645224810573,1.0
all,0.1500,cross-ppi,330,0.025305526355525382,1.0
all,0.1500,cross-ppi,331,0.025928473821954623,1.0
all,0.1500,cross-ppi,332,0.02532707836574624,1.0
all,0.1600,cross-ppi,0,0.024868657780764553,1.0
all,0.1600,cross-ppi,1,0.02488070332285383,1.0
all,0.1600,cross-ppi,2,0.02534986249309254,1.0
all,0.1600,cross-ppi,3,0.024757736208384284,1.0
all,0.1600,cross-ppi,4,0.02447267906633735,1.0
all,0.1600,cross-ppi,5,0.024977273925101406,1.0
all,0.1600,cross-ppi,6,0.024991803780387123,1.0
all,0.1600,cross-ppi,7,0.024654619869823313,1.0
all,0.1600,cross-ppi,8,0.023931681078934758,1.0
all,0.1600,cross-ppi,9,0.024378335401708973,1.0
all,0.1600,cross-ppi,10,0.024032276597125174,1.0
all,0.1600,cross-ppi,11,0.02466323373754864,1.0
all,0.1600,cross-ppi,12,0.02577931281007928,0.0
all,0.1600,cross-ppi,13,0.024501676714712817,1.0
all,0.1600,cross-ppi,14,0.0245849587055936,1.0
all,0.1600,cross-ppi,15,0.024805706635131597,1.0
all,0.1600,cross-ppi,16,0.025360305370239478,1.0
all,0.1600,cross-ppi,17,0.0249035860195701,1.0
all,0.1600,cross-ppi,18,0.025155292032731924,1.0
all,0.1600,cross-ppi,19,0.02431686644734385,1.0
all,0.1600,cross-ppi,20,0.02484027892898985,1.0
all,0.1600,cross-ppi,21,0.024788679689138476,1.0
all,0.1600,cross-ppi,22,0.02452948240385444,1.0
all,0.1600,cross-ppi,23,0.024874606624781692,1.0
all,0.1600,cross-ppi,24,0.02506808186991971,1.0
all,0.1600,cross-ppi,25,0.024438745648025617,0.0
all,0.1600,cross-ppi,26,0.024922471180724104,1.0
all,0.1600,cross-ppi,27,0.0250078924920063,1.0
all,0.1600,cross-ppi,28,0.024536404164060915,1.0
all,0.1600,cross-ppi,29,0.025752691778736736,0.0
all,0.1600,cross-ppi,30,0.02514749044963005,1.0
all,0.1600,cross-ppi,31,0.024986440876514054,1.0
all,0.1600,cross-ppi,32,0.02418549903211742,1.0
all,0.1600,cross-ppi,33,0.02511692481812766,1.0
all,0.1600,cross-ppi,34,0.025623976609707583,1.0
all,0.1600,cross-ppi,35,0.02567977052386128,1.0
all,0.1600,cross-ppi,36,0.02430939525416742,1.0
all,0.1600,cross-ppi,37,0.02467760478662706,1.0
all,0.1600,cross-ppi,38,0.024576029050812465,1.0
all,0.1600,cross-ppi,39,0.025419414135800067,1.0
all,0.1600,cross-ppi,40,0.024934827033793128,1.0
all,0.1600,cross-ppi,41,0.025009940544472392,1.0
all,0.1600,cross-ppi,42,0.02468450646788778,1.0
all,0.1600,cross-ppi,43,0.024760373851711925,1.0
all,0.1600,cross-ppi,44,0.02533548049186185,1.0
all,0.1600,cross-ppi,45,0.02495795615393448,1.0
all,0.1600,cross-ppi,46,0.02473510541116919,1.0
all,0.1600,cross-ppi,47,0.02485251430838431,1.0
all,0.1600,cross-ppi,48,0.02531963637830914,1.0
all,0.1600,cross-ppi,49,0.02475587251714728,1.0
all,0.1600,cross-ppi,50,0.024159264976820083,1.0
all,0.1600,cross-ppi,51,0.024645221097855247,1.0
all,0.1600,cross-ppi,52,0.024936712629334612,1.0
all,0.1600,cross-ppi,53,0.02558177066574821,1.0
all,0.1600,cross-ppi,54,0.025509583205071795,1.0
all,0.1600,cross-ppi,55,0.025765582461906078,1.0
all,0.1600,cross-ppi,56,0.024604778450404208,1.0
all,0.1600,cross-ppi,57,0.024775471393554627,1.0
all,0.1600,cross-ppi,58,0.025252643888504928,1.0
all,0.1600,cross-ppi,59,0.025394017920147977,1.0
all,0.1600,cross-ppi,60,0.024220757660848413,1.0
all,0.1600,cross-ppi,61,0.024706332281914323,1.0
all,0.1600,cross-ppi,62,0.025497701945265988,1.0
all,0.1600,cross-ppi,63,0.023903260243909846,1.0
all,0.1600,cross-ppi,64,0.024493269112521143,1.0
all,0.1600,cross-ppi,65,0.025090942662331583,1.0
all,0.1600,cross-ppi,66,0.02473937127446102,1.0
all,0.1600,cross-ppi,67,0.02460820647405071,1.0
all,0.1600,cross-ppi,68,0.024362549699634722,1.0
all,0.1600,cross-ppi,69,0.02501840473278394,1.0
all,0.1600,cross-ppi,70,0.024790643775104232,1.0
all,0.1600,cross-ppi,71,0.02487603040457098,1.0
all,0.1600,cross-ppi,72,0.02456825302273244,1.0
all,0.1600,cross-ppi,73,0.024987682120432897,1.0
all,0.1600,cross-ppi,74,0.025785880450697185,1.0
all,0.1600,cross-ppi,75,0.02467639822452361,1.0
all,0.1600,cross-ppi,76,0.025143491088709058,1.0
all,0.1600,cross-ppi,77,0.024900278469598053,1.0
all,0.1600,cross-ppi,78,0.024335392012833107,1.0
all,0.1600,cross-ppi,79,0.024969594641032655,1.0
all,0.1600,cross-ppi,80,0.025538619185980105,1.0
all,0.1600,cross-ppi,81,0.024626361491723037,1.0
all,0.1600,cross-ppi,82,0.024642044973709837,1.0
all,0.1600,cross-ppi,83,0.024570036398186446,1.0
all,0.1600,cross-ppi,84,0.025153085174058565,0.0
all,0.1600,cross-ppi,85,0.024950829953553133,1.0
all,0.1600,cross-ppi,86,0.02588342214377537,1.0
all,0.1600,cross-ppi,87,0.025099558355415552,1.0
all,0.1600,cross-ppi,88,0.024726287103269046,1.0
all,0.1600,cross-ppi,89,0.025391327341417913,1.0
all,0.1600,cross-ppi,90,0.024572916814221774,1.0
all,0.1600,cross-ppi,91,0.025532447648201062,1.0
all,0.1600,cross-ppi,92,0.02531246636931883,1.0
all,0.1600,cross-ppi,93,0.024322044989987718,1.0
all,0.1600,cross-ppi,94,0.025011963041916663,1.0
all,0.1600,cross-ppi,95,0.025186010994365543,1.0
all,0.1600,cross-ppi,96,0.024675328564322863,1.0
all,0.1600,cross-ppi,97,0.024676980513950203,1.0
all,0.1600,cross-ppi,98,0.024968484822940562,1.0
all,0.1600,cross-ppi,99,0.025253868704195465,1.0
all,0.1600,cross-ppi,100,0.02479551930820323,1.0
all,0.1600,cross-ppi,101,0.024488002952659405,1.0
all,0.1600,cross-ppi,102,0.025024884756183946,1.0
all,0.1600,cross-ppi,103,0.025190997874345533,1.0
all,0.1600,cross-ppi,104,0.024688374402982077,1.0
all,0.1600,cross-ppi,105,0.024437201394561847,1.0
all,0.1600,cross-ppi,106,0.02439072776195203,1.0
all,0.1600,cross-ppi,107,0.024823368805953816,1.0
all,0.1600,cross-ppi,108,0.02486694011822388,1.0
all,0.1600,cross-ppi,109,0.02459574840089432,1.0
all,0.1600,cross-ppi,110,0.025041331238109144,1.0
all,0.1600,cross-ppi,111,0.02528310547456125,1.0
all,0.1600,cross-ppi,112,0.02518795135066812,1.0
all,0.1600,cross-ppi,113,0.024577474734906235,1.0
all,0.1600,cross-ppi,114,0.024300816068257514,1.0
all,0.1600,cross-ppi,115,0.025492390151436672,0.0
all,0.1600,cross-ppi,116,0.023824424826832585,1.0
all,0.1600,cross-ppi,117,0.024832336793267684,1.0
all,0.1600,cross-ppi,118,0.025264161901928706,1.0
all,0.1600,cross-ppi,119,0.0250006385165156,1.0
all,0.1600,cross-ppi,120,0.024235395212297672,1.0
all,0.1600,cross-ppi,121,0.024572179369305225,1.0
all,0.1600,cross-ppi,122,0.024804803082573046,1.0
all,0.1600,cross-ppi,123,0.02542191305186614,1.0
all,0.1600,cross-ppi,124,0.025497243780231216,1.0
all,0.1600,cross-ppi,125,0.025414341463960932,1.0
all,0.1600,cross-ppi,126,0.024346499320548415,1.0
all,0.1600,cross-ppi,127,0.024765503109670822,1.0
all,0.1600,cross-ppi,128,0.024107138208303264,1.0
all,0.1600,cross-ppi,129,0.02531369301036812,0.0
all,0.1600,cross-ppi,130,0.02506147224605168,1.0
all,0.1600,cross-ppi,131,0.024571002012941046,1.0
all,0.1600,cross-ppi,132,0.024775429410304445,1.0
all,0.1600,cross-ppi,133,0.024384660269619135,1.0
all,0.1600,cross-ppi,134,0.025251576053663016,1.0
all,0.1600,cross-ppi,135,0.024848133447494147,1.0
all,0.1600,cross-ppi,136,0.02378850176753322,1.0
all,0.1600,cross-ppi,137,0.024993397318535893,1.0
all,0.1600,cross-ppi,138,0.024229628904151035,1.0
all,0.1600,cross-ppi,139,0.024706516643143467,1.0
all,0.1600,cross-ppi,140,0.025116822598040156,1.0
all,0.1600,cross-ppi,141,0.0248163393495838,1.0
all,0.1600,cross-ppi,142,0.024376314729623344,1.0
all,0.1600,cross-ppi,143,0.025038890733521585,1.0
all,0.1600,cross-ppi,144,0.025435150553189234,1.0
all,0.1600,cross-ppi,145,0.025061240425496206,1.0
all,0.1600,cross-ppi,146,0.025257639895278433,1.0
all,0.1600,cross-ppi,147,0.025213979140431858,1.0
all,0.1600,cross-ppi,148,0.024435188023911092,1.0
all,0.1600,cross-ppi,149,0.024580201820810332,1.0
all,0.1600,cross-ppi,150,0.02456995425704478,1.0
all,0.1600,cross-ppi,151,0.024774993149574126,1.0
all,0.1600,cross-ppi,152,0.02461775675079128,1.0
all,0.1600,cross-ppi,153,0.02490925740906416,1.0
all,0.1600,cross-ppi,154,0.02469143005345295,1.0
all,0.1600,cross-ppi,155,0.024262437901500955,1.0
all,0.1600,cross-ppi,156,0.025185302755188294,1.0
all,0.1600,cross-ppi,157,0.025377994921442215,1.0
all,0.1600,cross-ppi,158,0.02476117700954175,1.0
all,0.1600,cross-ppi,159,0.025084665253747668,1.0
all,0.1600,cross-ppi,160,0.02477294327174928,1.0
all,0.1600,cross-ppi,161,0.025123788166855565,1.0
all,0.1600,cross-ppi,162,0.024854576963720093,1.0
all,0.1600,cross-ppi,163,0.02537256082857972,1.0
all,0.1600,cross-ppi,164,0.024681766604472744,1.0
all,0.1600,cross-ppi,165,0.02503110557864799,1.0
all,0.1600,cross-ppi,166,0.024615312595486327,1.0
all,0.1600,cross-ppi,167,0.024663007393069286,1.0
all,0.1600,cross-ppi,168,0.024319071480658566,1.0
all,0.1600,cross-ppi,169,0.02525590945522682,1.0
all,0.1600,cross-ppi,170,0.024632164307043847,1.0
all,0.1600,cross-ppi,171,0.025079627263724036,0.0
all,0.1600,cross-ppi,172,0.024335492407561832,1.0
all,0.1600,cross-ppi,173,0.024669976612602063,1.0
all,0.1600,cross-ppi,174,0.025133462567987985,1.0
all,0.1600,cross-ppi,175,0.025053926213168376,1.0
all,0.1600,cross-ppi,176,0.02507170520694757,1.0
all,0.1600,cross-ppi,177,0.02558600732330074,1.0
all,0.1600,cross-ppi,178,0.024909078523911138,1.0
all,0.1600,cross-ppi,179,0.02474193955415782,1.0
all,0.1600,cross-ppi,180,0.025561034590868115,1.0
all,0.1600,cross-ppi,181,0.02463441679968484,1.0
all,0.1600,cross-ppi,182,0.024734581533221056,1.0
all,0.1600,cross-ppi,183,0.02444888916634505,1.0
all,0.1600,cross-ppi,184,0.024822903339484226,1.0
all,0.1600,cross-ppi,185,0.025113332512197717,1.0
all,0.1600,cross-ppi,186,0.024974543188479886,1.0
all,0.1600,cross-ppi,187,0.025378370945335238,1.0
all,0.1600,cross-ppi,188,0.0246251640564131,1.0
all,0.1600,cross-ppi,189,0.025271651348692137,1.0
all,0.1600,cross-ppi,190,0.025239116155147845,1.0
all,0.1600,cross-ppi,191,0.024438992071450727,1.0
all,0.1600,cross-ppi,192,0.024832309412887138,1.0
all,0.1600,cross-ppi,193,0.024852653035645877,1.0
all,0.1600,cross-ppi,194,0.024820962983181594,1.0
all,0.1600,cross-ppi,195,0.024878284722570698,1.0
all,0.1600,cross-ppi,196,0.025084772949911183,1.0
all,0.1600,cross-ppi,197,0.025047975543792567,1.0
all,0.1600,cross-ppi,198,0.024786956550521655,1.0
all,0.1600,cross-ppi,199,0.024413112135742043,1.0
all,0.1600,cross-ppi,200,0.024865793792957613,1.0
all,0.1600,cross-ppi,201,0.02440351987575129,1.0
all,0.1600,cross-ppi,202,0.025000884939940682,1.0
all,0.1600,cross-ppi,203,0.02512882798223795,1.0
all,0.1600,cross-ppi,204,0.024568180008384233,1.0
all,0.1600,cross-ppi,205,0.02414250270783913,1.0
all,0.1600,cross-ppi,206,0.024877039827934433,1.0
all,0.1600,cross-ppi,207,0.02498530002732391,1.0
all,0.1600,cross-ppi,208,0.02475430088330291,1.0
all,0.1600,cross-ppi,209,0.024997862145926475,1.0
all,0.1600,cross-ppi,210,0.02486366177399113,1.0
all,0.1600,cross-ppi,211,0.023984941395206932,1.0
all,0.1600,cross-ppi,212,0.024790136325384488,1.0
all,0.1600,cross-ppi,213,0.02540958640453639,1.0
all,0.1600,cross-ppi,214,0.024719400024877936,1.0
all,0.1600,cross-ppi,215,0.02431231582809415,1.0
all,0.1600,cross-ppi,216,0.025279160874401407,1.0
all,0.1600,cross-ppi,217,0.024583863490371033,1.0
all,0.1600,cross-ppi,218,0.024529073523504724,1.0
all,0.1600,cross-ppi,219,0.024589735669322543,1.0
all,0.1600,cross-ppi,220,0.02477912576168051,1.0
all,0.1600,cross-ppi,221,0.024571452876540945,0.0
all,0.1600,cross-ppi,222,0.024310634672727566,1.0
all,0.1600,cross-ppi,223,0.02511866438497279,1.0
all,0.1600,cross-ppi,224,0.024801692671340997,1.0
all,0.1600,cross-ppi,225,0.0247993178796668,1.0
all,0.1600,cross-ppi,226,0.024515699120278817,1.0
all,0.1600,cross-ppi,227,0.025500907275150614,1.0
all,0.1600,cross-ppi,228,0.025264307930625063,1.0
all,0.1600,cross-ppi,229,0.02445813825889942,1.0
all,0.1600,cross-ppi,230,0.02462845335279809,1.0
all,0.1600,cross-ppi,231,0.025188849427150606,1.0
all,0.1600,cross-ppi,232,0.024840479718447273,1.0
all,0.1600,cross-ppi,233,0.025311467898107648,1.0
all,0.1600,cross-ppi,234,0.024176620487380007,1.0
all,0.1600,cross-ppi,235,0.025359883712378767,1.0
all,0.1600,cross-ppi,236,0.024796112549782118,1.0
all,0.1600,cross-ppi,237,0.02456139332472196,1.0
all,0.1600,cross-ppi,238,0.0253001251191195,1.0
all,0.1600,cross-ppi,239,0.0250658165997677,1.0
all,0.1600,cross-ppi,240,0.024481652529727366,1.0
all,0.1600,cross-ppi,241,0.024801311171371826,1.0
all,0.1600,cross-ppi,242,0.0244805335848417,1.0
all,0.1600,cross-ppi,243,0.02483005692024609,1.0
all,0.1600,cross-ppi,244,0.024657193625596263,1.0
all,0.1600,cross-ppi,245,0.02451357440274704,1.0
all,0.1600,cross-ppi,246,0.025441656131611118,1.0
all,0.1600,cross-ppi,247,0.024977485666711097,1.0
all,0.1600,cross-ppi,248,0.024591942527996014,1.0
all,0.1600,cross-ppi,249,0.024948727140325838,1.0
all,0.1600,cross-ppi,250,0.024615436719878203,1.0
all,0.1600,cross-ppi,251,0.025869562195134144,1.0
all,0.1600,cross-ppi,252,0.02369705494716845,1.0
all,0.1600,cross-ppi,253,0.024413971879691743,1.0
all,0.1600,cross-ppi,254,0.025300979386993133,1.0
all,0.1600,cross-ppi,255,0.02467226743777587,1.0
all,0.1600,cross-ppi,256,0.025274433195357382,1.0
all,0.1600,cross-ppi,257,0.02486671377374461,1.0
all,0.1600,cross-ppi,258,0.0248066120130489,1.0
all,0.1600,cross-ppi,259,0.025469932763298453,1.0
all,0.1600,cross-ppi,260,0.024409311738919803,1.0
all,0.1600,cross-ppi,261,0.024503241047122398,1.0
all,0.1600,cross-ppi,262,0.024492338179581963,1.0
all,0.1600,cross-ppi,263,0.025074441419645238,1.0
all,0.1600,cross-ppi,264,0.02439600122324856,1.0
all,0.1600,cross-ppi,265,0.024488015730170343,1.0
all,0.1600,cross-ppi,266,0.024552653507246003,1.0
all,0.1600,cross-ppi,267,0.025323834703328885,1.0
all,0.1600,cross-ppi,268,0.02488558433202892,1.0
all,0.1600,cross-ppi,269,0.02523993026512994,1.0
all,0.1600,cross-ppi,270,0.025149173430355387,1.0
all,0.1600,cross-ppi,271,0.02502278011759798,1.0
all,0.1600,cross-ppi,272,0.024832092195201327,0.0
all,0.1600,cross-ppi,273,0.02488631082479323,1.0
all,0.1600,cross-ppi,274,0.024419387718967234,1.0
all,0.1600,cross-ppi,275,0.024992395196607314,1.0
all,0.1600,cross-ppi,276,0.024898179307088153,0.0
all,0.1600,cross-ppi,277,0.024633872842790977,1.0
all,0.1600,cross-ppi,278,0.024659230725910253,1.0
all,0.1600,cross-ppi,279,0.02412929623761398,1.0
all,0.1600,cross-ppi,280,0.0252499478336988,1.0
all,0.1600,cross-ppi,281,0.024637583797036705,1.0
all,0.1600,cross-ppi,282,0.025258817251642696,1.0
all,0.1600,cross-ppi,283,0.024880652212810106,1.0
all,0.1600,cross-ppi,284,0.024652197618822785,1.0
all,0.1600,cross-ppi,285,0.024832886226237694,1.0
all,0.1600,cross-ppi,286,0.025146705545387227,1.0
all,0.1600,cross-ppi,287,0.024886447726696043,1.0
all,0.1600,cross-ppi,288,0.024884078411097965,1.0
all,0.1600,cross-ppi,289,0.025856076445027187,1.0
all,0.1600,cross-ppi,290,0.02490842869621246,1.0
all,0.1600,cross-ppi,291,0.024828806549533677,1.0
all,0.1600,cross-ppi,292,0.02572313557059777,1.0
all,0.1600,cross-ppi,293,0.02477364055877429,1.0
all,0.1600,cross-ppi,294,0.025100034774037328,1.0
all,0.1600,cross-ppi,295,0.025033082442124682,1.0
all,0.1600,cross-ppi,296,0.024903814189408124,1.0
all,0.1600,cross-ppi,297,0.025105594816650423,1.0
all,0.1600,cross-ppi,298,0.024965308698795124,1.0
all,0.1600,cross-ppi,299,0.025554297191890812,1.0
all,0.1600,cross-ppi,300,0.025051801495636655,1.0
all,0.1600,cross-ppi,301,0.02490296904832809,1.0
all,0.1600,cross-ppi,302,0.024955930005772786,1.0
all,0.1600,cross-ppi,303,0.024326989886717554,1.0
all,0.1600,cross-ppi,304,0.025444102112274797,1.0
all,0.1600,cross-ppi,305,0.025866342262379827,1.0
all,0.1600,cross-ppi,306,0.024342978203607896,1.0
all,0.1600,cross-ppi,307,0.02477531806342348,1.0
all,0.1600,cross-ppi,308,0.02543967379205836,1.0
all,0.1600,cross-ppi,309,0.02399827198982396,1.0
all,0.1600,cross-ppi,310,0.024774744900790346,1.0
all,0.1600,cross-ppi,311,0.025814314063233007,1.0
all,0.1600,cross-ppi,312,0.02534891878264245,1.0
all,0.1600,cross-ppi,313,0.024786534892661027,1.0
all,0.1600,cross-ppi,314,0.024781343572506165,1.0
all,0.1600,cross-ppi,315,0.0247454497189461,1.0
all,0.1600,cross-ppi,316,0.025426268357734427,1.0
all,0.1600,cross-ppi,317,0.025008880011065243,1.0
all,0.1600,cross-ppi,318,0.024769217714633918,1.0
all,0.1600,cross-ppi,319,0.02508154936643958,1.0
all,0.1600,cross-ppi,320,0.025258357261249226,1.0
all,0.1600,cross-ppi,321,0.02462538309945761,1.0
all,0.1600,cross-ppi,322,0.02469720001231701,1.0
all,0.1600,cross-ppi,323,0.024942692504449693,1.0
all,0.1600,cross-ppi,324,0.024730030913971413,1.0
all,0.1600,cross-ppi,325,0.024486641235066053,1.0
all,0.1600,cross-ppi,326,0.025022791069750222,1.0
all,0.1600,cross-ppi,327,0.02513716804615762,1.0
all,0.1600,cross-ppi,328,0.024901342653722597,1.0
all,0.1600,cross-ppi,329,0.02464526673182285,1.0
all,0.1600,cross-ppi,330,0.025246768058835967,1.0
all,0.1600,cross-ppi,331,0.024605017572394416,1.0
all,0.1600,cross-ppi,332,0.02455950407846305,1.0
all,0.1700,cross-ppi,0,0.024248497637076705,1.0
all,0.1700,cross-ppi,1,0.023813399660259,1.0
all,0.1700,cross-ppi,2,0.024343894533677468,1.0
all,0.1700,cross-ppi,3,0.024682232070942334,1.0
all,0.1700,cross-ppi,4,0.024114258932608518,1.0
all,0.1700,cross-ppi,5,0.023894648201543217,1.0
all,0.1700,cross-ppi,6,0.023908429659760227,1.0
all,0.1700,cross-ppi,7,0.02424469358953707,1.0
all,0.1700,cross-ppi,8,0.02427809400310718,1.0
all,0.1700,cross-ppi,9,0.02419276943583637,1.0
all,0.1700,cross-ppi,10,0.02441973818783838,1.0
all,0.1700,cross-ppi,11,0.024560349219543087,1.0
all,0.1700,cross-ppi,12,0.02443333345946755,1.0
all,0.1700,cross-ppi,13,0.024035080348094873,1.0
all,0.1700,cross-ppi,14,0.023949728400443515,1.0
all,0.1700,cross-ppi,15,0.024959575247105126,1.0
all,0.1700,cross-ppi,16,0.02345580276330575,1.0
all,0.1700,cross-ppi,17,0.024171403612203296,1.0
all,0.1700,cross-ppi,18,0.024651018437099825,1.0
all,0.1700,cross-ppi,19,0.024385563822177714,1.0
all,0.1700,cross-ppi,20,0.023796118989406034,1.0
all,0.1700,cross-ppi,21,0.024087678059157458,1.0
all,0.1700,cross-ppi,22,0.024172416686284115,1.0
all,0.1700,cross-ppi,23,0.0246662017708017,1.0
all,0.1700,cross-ppi,24,0.024845346124752754,1.0
all,0.1700,cross-ppi,25,0.024964218959648732,1.0
all,0.1700,cross-ppi,26,0.023693709064663615,1.0
all,0.1700,cross-ppi,27,0.024342649639041175,1.0
all,0.1700,cross-ppi,28,0.023620986773886826,1.0
all,0.1700,cross-ppi,29,0.024560248824814335,1.0
all,0.1700,cross-ppi,30,0.024425789251942942,1.0
all,0.1700,cross-ppi,31,0.0242579931530561,1.0
all,0.1700,cross-ppi,32,0.024248466605978708,1.0
all,0.1700,cross-ppi,33,0.023946187204557323,1.0
all,0.1700,cross-ppi,34,0.02463406450545491,1.0
all,0.1700,cross-ppi,35,0.02424755027590919,1.0
all,0.1700,cross-ppi,36,0.023102349430611152,1.0
all,0.1700,cross-ppi,37,0.024475825984743488,1.0
all,0.1700,cross-ppi,38,0.023610478183826555,1.0
all,0.1700,cross-ppi,39,0.0241661465791351,1.0
all,0.1700,cross-ppi,40,0.02441954104909838,1.0
all,0.1700,cross-ppi,41,0.024108297311080468,1.0
all,0.1700,cross-ppi,42,0.023869408966739752,1.0
all,0.1700,cross-ppi,43,0.024480466046569616,1.0
all,0.1700,cross-ppi,44,0.02466939614853414,1.0
all,0.1700,cross-ppi,45,0.02457165549135712,1.0
all,0.1700,cross-ppi,46,0.02449210818438527,1.0
all,0.1700,cross-ppi,47,0.024634137519803118,1.0
all,0.1700,cross-ppi,48,0.023892114603661807,1.0
all,0.1700,cross-ppi,49,0.02406584859441349,1.0
all,0.1700,cross-ppi,50,0.023914358424831583,1.0
all,0.1700,cross-ppi,51,0.02418734081904997,1.0
all,0.1700,cross-ppi,52,0.02410370653393934,1.0
all,0.1700,cross-ppi,53,0.024518386048291402,1.0
all,0.1700,cross-ppi,54,0.024051537782172283,1.0
all,0.1700,cross-ppi,55,0.02366524624638844,1.0
all,0.1700,cross-ppi,56,0.024407595901737827,1.0
all,0.1700,cross-ppi,57,0.0245609935711657,1.0
all,0.1700,cross-ppi,58,0.02412860442666509,1.0
all,0.1700,cross-ppi,59,0.02445706129726391,1.0
all,0.1700,cross-ppi,60,0.024085303267483232,1.0
all,0.1700,cross-ppi,61,0.024563846606820428,1.0
all,0.1700,cross-ppi,62,0.02432156492064852,1.0
all,0.1700,cross-ppi,63,0.024784537950238605,1.0
all,0.1700,cross-ppi,64,0.023987354519413945,1.0
all,0.1700,cross-ppi,65,0.024388800183160364,1.0
all,0.1700,cross-ppi,66,0.024064322594536725,1.0
all,0.1700,cross-ppi,67,0.0240517513491407,1.0
all,0.1700,cross-ppi,68,0.02366723771273474,1.0
all,0.1700,cross-ppi,69,0.024720659522383892,1.0
all,0.1700,cross-ppi,70,0.02411627960469409,1.0
all,0.1700,cross-ppi,71,0.02447075148754574,0.0
all,0.1700,cross-ppi,72,0.023627134582002718,1.0
all,0.1700,cross-ppi,73,0.024161864287614992,1.0
all,0.1700,cross-ppi,74,0.024459368550666105,1.0
all,0.1700,cross-ppi,75,0.024420190876797032,1.0
all,0.1700,cross-ppi,76,0.024309477395309087,1.0
all,0.1700,cross-ppi,77,0.02491680709266489,1.0
all,0.1700,cross-ppi,78,0.024192004610539303,1.0
all,0.1700,cross-ppi,79,0.02413466826828059,1.0
all,0.1700,cross-ppi,80,0.02483774898182578,1.0
all,0.1700,cross-ppi,81,0.024079504102879845,1.0
all,0.1700,cross-ppi,82,0.02434668915785365,1.0
all,0.1700,cross-ppi,83,0.024029308563872087,1.0
all,0.1700,cross-ppi,84,0.02425214470376777,1.0
all,0.1700,cross-ppi,85,0.024455588232789593,1.0
all,0.1700,cross-ppi,86,0.024444561240857338,1.0
all,0.1700,cross-ppi,87,0.024625118422445524,1.0
all,0.1700,cross-ppi,88,0.024157317319082744,1.0
all,0.1700,cross-ppi,89,0.024654382573191774,1.0
all,0.1700,cross-ppi,90,0.024528624485263495,1.0
all,0.1700,cross-ppi,91,0.02408482137278531,1.0
all,0.1700,cross-ppi,92,0.024335930493650876,1.0
all,0.1700,cross-ppi,93,0.024288182760665467,1.0
all,0.1700,cross-ppi,94,0.02434288876103141,1.0
all,0.1700,cross-ppi,95,0.024386215475235118,1.0
all,0.1700,cross-ppi,96,0.02453028556168435,1.0
all,0.1700,cross-ppi,97,0.024316271380406262,1.0
all,0.1700,cross-ppi,98,0.024204000867943498,1.0
all,0.1700,cross-ppi,99,0.023876900238861937,1.0
all,0.1700,cross-ppi,100,0.024233728659800696,1.0
all,0.1700,cross-ppi,101,0.023832701003197593,1.0
all,0.1700,cross-ppi,102,0.02452882527472089,1.0
all,0.1700,cross-ppi,103,0.024390004919905145,1.0
all,0.1700,cross-ppi,104,0.023977333300127746,1.0
all,0.1700,cross-ppi,105,0.0236548818596658,1.0
all,0.1700,cross-ppi,106,0.02432644227910627,1.0
all,0.1700,cross-ppi,107,0.02458675120784115,1.0
all,0.1700,cross-ppi,108,0.02421107413292245,1.0
all,0.1700,cross-ppi,109,0.02441668436272626,1.0
all,0.1700,cross-ppi,110,0.02439495894342844,1.0
all,0.1700,cross-ppi,111,0.02342606036857897,1.0
all,0.1700,cross-ppi,112,0.02428385848589512,1.0
all,0.1700,cross-ppi,113,0.0248887914872723,1.0
all,0.1700,cross-ppi,114,0.02429228251631521,1.0
all,0.1700,cross-ppi,115,0.023733226255251566,1.0
all,0.1700,cross-ppi,116,0.024737252033005364,1.0
all,0.1700,cross-ppi,117,0.02403658809438458,1.0
all,0.1700,cross-ppi,118,0.023832370613272147,1.0
all,0.1700,cross-ppi,119,0.024028910635674583,1.0
all,0.1700,cross-ppi,120,0.024240725259714074,1.0
all,0.1700,cross-ppi,121,0.024194634952432126,0.0
all,0.1700,cross-ppi,122,0.023733160542338205,1.0
all,0.1700,cross-ppi,123,0.024560221444433816,1.0
all,0.1700,cross-ppi,124,0.024230497774894194,1.0
all,0.1700,cross-ppi,125,0.02431887069120109,1.0
all,0.1700,cross-ppi,126,0.02389576532107021,1.0
all,0.1700,cross-ppi,127,0.024915744733899015,1.0
all,0.1700,cross-ppi,128,0.024667565313753803,1.0
all,0.1700,cross-ppi,129,0.023877234279504833,1.0
all,0.1700,cross-ppi,130,0.02415339827394472,1.0
all,0.1700,cross-ppi,131,0.02453170386539752,1.0
all,0.1700,cross-ppi,132,0.02424221840313412,1.0
all,0.1700,cross-ppi,133,0.024821864710381503,1.0
all,0.1700,cross-ppi,134,0.023640545492402687,1.0
all,0.1700,cross-ppi,135,0.02470100040913925,1.0
all,0.1700,cross-ppi,136,0.024307330773472913,1.0
all,0.1700,cross-ppi,137,0.024229488351530826,1.0
all,0.1700,cross-ppi,138,0.02468655086963656,1.0
all,0.1700,cross-ppi,139,0.02448004621406763,1.0
all,0.1700,cross-ppi,140,0.023921973821345643,1.0
all,0.1700,cross-ppi,141,0.024125922974728597,1.0
all,0.1700,cross-ppi,142,0.023864882077153288,1.0
all,0.1700,cross-ppi,143,0.024382886020958616,1.0
all,0.1700,cross-ppi,144,0.024228900586028,1.0
all,0.1700,cross-ppi,145,0.023956599050606292,1.0
all,0.1700,cross-ppi,146,0.02487433647169346,1.0
all,0.1700,cross-ppi,147,0.02439223733360041,1.0
all,0.1700,cross-ppi,148,0.02415512871399636,1.0
all,0.1700,cross-ppi,149,0.02441903907545473,1.0
all,0.1700,cross-ppi,150,0.024057070444404832,1.0
all,0.1700,cross-ppi,151,0.02523376055270965,1.0
all,0.1700,cross-ppi,152,0.023140667360530442,1.0
all,0.1700,cross-ppi,153,0.0239023931985253,1.0
all,0.1700,cross-ppi,154,0.024581888452253065,1.0
all,0.1700,cross-ppi,155,0.024003457833902703,1.0
all,0.1700,cross-ppi,156,0.024523228724933732,1.0
all,0.1700,cross-ppi,157,0.024327006314945887,1.0
all,0.1700,cross-ppi,158,0.024219792046093896,1.0
all,0.1700,cross-ppi,159,0.024799034949067655,1.0
all,0.1700,cross-ppi,160,0.02375972498756096,1.0
all,0.1700,cross-ppi,161,0.023950688539121967,1.0
all,0.1700,cross-ppi,162,0.023982077407399993,1.0
all,0.1700,cross-ppi,163,0.024466644430461176,1.0
all,0.1700,cross-ppi,164,0.02383418684518282,1.0
all,0.1700,cross-ppi,165,0.02409484989350638,1.0
all,0.1700,cross-ppi,166,0.023891107005656997,1.0
all,0.1700,cross-ppi,167,0.024677281698136433,1.0
all,0.1700,cross-ppi,168,0.024420656343266622,1.0
all,0.1700,cross-ppi,169,0.024600503460318834,1.0
all,0.1700,cross-ppi,170,0.024424033256869482,1.0
all,0.1700,cross-ppi,171,0.02446294807908511,1.0
all,0.1700,cross-ppi,172,0.02425139995741643,0.0
all,0.1700,cross-ppi,173,0.024285282265684466,1.0
all,0.1700,cross-ppi,174,0.023842081521578656,1.0
all,0.1700,cross-ppi,175,0.024282173679811114,1.0
all,0.1700,cross-ppi,176,0.02438662618094356,0.0
all,0.1700,cross-ppi,177,0.02417813188438711,1.0
all,0.1700,cross-ppi,178,0.024246911400362725,1.0
all,0.1700,cross-ppi,179,0.023665337514323648,1.0
all,0.1700,cross-ppi,180,0.024739416908428596,1.0
all,0.1700,cross-ppi,181,0.024292136487618854,1.0
all,0.1700,cross-ppi,182,0.024461186607935503,1.0
all,0.1700,cross-ppi,183,0.02450706699896643,1.0
all,0.1700,cross-ppi,184,0.024186249254544823,1.0
all,0.1700,cross-ppi,185,0.024173196114450873,1.0
all,0.1700,cross-ppi,186,0.024467885674380047,1.0
all,0.1700,cross-ppi,187,0.024386080398691057,1.0
all,0.1700,cross-ppi,188,0.024201093071527707,1.0
all,0.1700,cross-ppi,189,0.025105886874043137,1.0
all,0.1700,cross-ppi,190,0.024398425299607784,1.0
all,0.1700,cross-ppi,191,0.02415272654194156,1.0
all,0.1700,cross-ppi,192,0.025058812698419586,1.0
all,0.1700,cross-ppi,193,0.024250963696686112,1.0
all,0.1700,cross-ppi,194,0.02444799291522126,1.0
all,0.1700,cross-ppi,195,0.024393467625367093,1.0
all,0.1700,cross-ppi,196,0.02434139379225264,1.0
all,0.1700,cross-ppi,197,0.02438638888431202,1.0
all,0.1700,cross-ppi,198,0.02422988627972833,1.0
all,0.1700,cross-ppi,199,0.024962758672685298,1.0
all,0.1700,cross-ppi,200,0.024539483544194995,1.0
all,0.1700,cross-ppi,201,0.024240947953475978,1.0
all,0.1700,cross-ppi,202,0.0243670948428083,1.0
all,0.1700,cross-ppi,203,0.023769390261899948,1.0
all,0.1700,cross-ppi,204,0.024943145193408317,1.0
all,0.1700,cross-ppi,205,0.02511631697367911,1.0
all,0.1700,cross-ppi,206,0.023811180024074674,1.0
all,0.1700,cross-ppi,207,0.024316379076569805,1.0
all,0.1700,cross-ppi,208,0.024901183847515385,1.0
all,0.1700,cross-ppi,209,0.023504541666067552,1.0
all,0.1700,cross-ppi,210,0.023976906166190887,1.0
all,0.1700,cross-ppi,211,0.025239957645510458,1.0
all,0.1700,cross-ppi,212,0.02469134608695256,1.0
all,0.1700,cross-ppi,213,0.024197449655554037,1.0
all,0.1700,cross-ppi,214,0.024302155881546383,1.0
all,0.1700,cross-ppi,215,0.024128595299871547,1.0
all,0.1700,cross-ppi,216,0.024749618838226572,1.0
all,0.1700,cross-ppi,217,0.02434714732288837,1.0
all,0.1700,cross-ppi,218,0.02421042430522377,1.0
all,0.1700,cross-ppi,219,0.024697864442885353,1.0
all,0.1700,cross-ppi,220,0.024452731546417472,1.0
all,0.1700,cross-ppi,221,0.023927137761119877,1.0
all,0.1700,cross-ppi,222,0.02419937358362831,1.0
all,0.1700,cross-ppi,223,0.02434762556686887,1.0
all,0.1700,cross-ppi,224,0.024325980463354102,1.0
all,0.1700,cross-ppi,225,0.024063807843382135,1.0
all,0.1700,cross-ppi,226,0.024551618528860786,1.0
all,0.1700,cross-ppi,227,0.024429436318634035,1.0
all,0.1700,cross-ppi,228,0.024527584030802047,1.0
all,0.1700,cross-ppi,229,0.024016967313672755,1.0
all,0.1700,cross-ppi,230,0.024813772895245667,1.0
all,0.1700,cross-ppi,231,0.024152963838573127,1.0
all,0.1700,cross-ppi,232,0.024079564339717113,1.0
all,0.1700,cross-ppi,233,0.024022724495025932,1.0
all,0.1700,cross-ppi,234,0.023873890222358668,1.0
all,0.1700,cross-ppi,235,0.024528166320228695,1.0
all,0.1700,cross-ppi,236,0.024135254208424634,1.0
all,0.1700,cross-ppi,237,0.024521846928394653,1.0
all,0.1700,cross-ppi,238,0.024365406386006816,1.0
all,0.1700,cross-ppi,239,0.02480276963297648,1.0
all,0.1700,cross-ppi,240,0.024018068004971416,1.0
all,0.1700,cross-ppi,241,0.024700774064659897,1.0
all,0.1700,cross-ppi,242,0.024306233732891647,1.0
all,0.1700,cross-ppi,243,0.02475719042613178,1.0
all,0.1700,cross-ppi,244,0.02472815261986472,1.0
all,0.1700,cross-ppi,245,0.02389735520850164,1.0
all,0.1700,cross-ppi,246,0.02386346924951621,1.0
all,0.1700,cross-ppi,247,0.023840183148526206,1.0
all,0.1700,cross-ppi,248,0.02367703623825912,1.0
all,0.1700,cross-ppi,249,0.02402775153289738,1.0
all,0.1700,cross-ppi,250,0.024824241327414426,1.0
all,0.1700,cross-ppi,251,0.024501815441974384,1.0
all,0.1700,cross-ppi,252,0.024100170814129213,1.0
all,0.1700,cross-ppi,253,0.023912385212072285,1.0
all,0.1700,cross-ppi,254,0.024192004610539303,1.0
all,0.1700,cross-ppi,255,0.024315037437922182,1.0
all,0.1700,cross-ppi,256,0.02380969418208942,1.0
all,0.1700,cross-ppi,257,0.024471976303236276,1.0
all,0.1700,cross-ppi,258,0.024561772999332376,1.0
all,0.1700,cross-ppi,259,0.02460045052491644,1.0
all,0.1700,cross-ppi,260,0.024501528860657817,1.0
all,0.1700,cross-ppi,261,0.0243984636321406,1.0
all,0.1700,cross-ppi,262,0.024688744950799008,1.0
all,0.1700,cross-ppi,263,0.023973708137741107,1.0
all,0.1700,cross-ppi,264,0.023909406226666957,0.0
all,0.1700,cross-ppi,265,0.024169426748726602,1.0
all,0.1700,cross-ppi,266,0.024595675386546167,1.0
all,0.1700,cross-ppi,267,0.0242314798178771,1.0
all,0.1700,cross-ppi,268,0.024198387889928008,1.0
all,0.1700,cross-ppi,269,0.023841126858976325,1.0
all,0.1700,cross-ppi,270,0.02496178575649599,1.0
all,0.1700,cross-ppi,271,0.024570487261786428,1.0
all,0.1700,cross-ppi,272,0.024676310607305768,1.0
all,0.1700,cross-ppi,273,0.02387675238480691,1.0
all,0.1700,cross-ppi,274,0.0243623416087424,1.0
all,0.1700,cross-ppi,275,0.023888595312079985,1.0
all,0.1700,cross-ppi,276,0.024042761457522294,1.0
all,0.1700,cross-ppi,277,0.02477499680029152,1.0
all,0.1700,cross-ppi,278,0.023950067917162504,1.0
all,0.1700,cross-ppi,279,0.024512524821492132,1.0
all,0.1700,cross-ppi,280,0.024591683327059993,1.0
all,0.1700,cross-ppi,281,0.024484837780666235,1.0
all,0.1700,cross-ppi,282,0.024363352857464604,1.0
all,0.1700,cross-ppi,283,0.024182596711777693,1.0
all,0.1700,cross-ppi,284,0.02483079071444519,1.0
all,0.1700,cross-ppi,285,0.02379397419292853,1.0
all,0.1700,cross-ppi,286,0.024350042341793304,1.0
all,0.1700,cross-ppi,287,0.024538877525105196,1.0
all,0.1700,cross-ppi,288,0.023991773712836895,1.0
all,0.1700,cross-ppi,289,0.024227973303806216,1.0
all,0.1700,cross-ppi,290,0.024157129307136205,1.0
all,0.1700,cross-ppi,291,0.02448781128999547,1.0
all,0.1700,cross-ppi,292,0.02376866011841819,1.0
all,0.1700,cross-ppi,293,0.0250976891881024,1.0
all,0.1700,cross-ppi,294,0.02461003183275498,1.0
all,0.1700,cross-ppi,295,0.023810285598309583,0.0
all,0.1700,cross-ppi,296,0.024199030416191897,1.0
all,0.1700,cross-ppi,297,0.02507819070642381,1.0
all,0.1700,cross-ppi,298,0.02512224756410919,1.0
all,0.1700,cross-ppi,299,0.024836923919691417,1.0
all,0.1700,cross-ppi,300,0.024072001878605476,1.0
all,0.1700,cross-ppi,301,0.023963606602671828,1.0
all,0.1700,cross-ppi,302,0.02456516634116357,1.0
all,0.1700,cross-ppi,303,0.0239796003956384,1.0
all,0.1700,cross-ppi,304,0.02442375032627031,1.0
all,0.1700,cross-ppi,305,0.0250804139933255,1.0
all,0.1700,cross-ppi,306,0.02411583786788765,1.0
all,0.1700,cross-ppi,307,0.023818554473239772,1.0
all,0.1700,cross-ppi,308,0.025047803960074333,1.0
all,0.1700,cross-ppi,309,0.024138457712950534,1.0
all,0.1700,cross-ppi,310,0.024206833824652496,1.0
all,0.1700,cross-ppi,311,0.024606651268434754,1.0
all,0.1700,cross-ppi,312,0.023659485414317866,1.0
all,0.1700,cross-ppi,313,0.023660244763538812,1.0
all,0.1700,cross-ppi,314,0.023790591803249606,1.0
all,0.1700,cross-ppi,315,0.02458158361734944,1.0
all,0.1700,cross-ppi,316,0.023648799764463296,1.0
all,0.1700,cross-ppi,317,0.024626686405572418,1.0
all,0.1700,cross-ppi,318,0.024161700005331577,1.0
all,0.1700,cross-ppi,319,0.0239535379240593,1.0
all,0.1700,cross-ppi,320,0.023954571077085873,1.0
all,0.1700,cross-ppi,321,0.02425977652851019,1.0
all,0.1700,cross-ppi,322,0.02374706612494712,1.0
all,0.1700,cross-ppi,323,0.024508551015593016,1.0
all,0.1700,cross-ppi,324,0.02415272471658289,1.0
all,0.1700,cross-ppi,325,0.02422113551010019,1.0
all,0.1700,cross-ppi,326,0.023765646451197497,1.0
all,0.1700,cross-ppi,327,0.02436099449401874,1.0
all,0.1700,cross-ppi,328,0.02445086237910432,1.0
all,0.1700,cross-ppi,329,0.02469339048870134,1.0
all,0.1700,cross-ppi,330,0.024450964599191827,1.0
all,0.1700,cross-ppi,331,0.024099495431408657,1.0
all,0.1700,cross-ppi,332,0.02455090846432484,1.0
all,0.1800,cross-ppi,0,0.02371035451068751,1.0
all,0.1800,cross-ppi,1,0.023511284541120975,1.0
all,0.1800,cross-ppi,2,0.024058669458629778,1.0
all,0.1800,cross-ppi,3,0.023849700568810167,1.0
all,0.1800,cross-ppi,4,0.023439432946446237,1.0
all,0.1800,cross-ppi,5,0.02332188532196955,1.0
all,0.1800,cross-ppi,6,0.023820297690802295,1.0
all,0.1800,cross-ppi,7,0.024153171929465422,1.0
all,0.1800,cross-ppi,8,0.023709631668640624,1.0
all,0.1800,cross-ppi,9,0.0239954810163652,1.0
all,0.1800,cross-ppi,10,0.02388933093163781,1.0
all,0.1800,cross-ppi,11,0.023064235940866706,1.0
all,0.1800,cross-ppi,12,0.02360431212212366,1.0
all,0.1800,cross-ppi,13,0.024381845566497223,1.0
all,0.1800,cross-ppi,14,0.023765097018227488,1.0
all,0.1800,cross-ppi,15,0.023368123483306524,1.0
all,0.1800,cross-ppi,16,0.02417824140590938,1.0
all,0.1800,cross-ppi,17,0.02348207880185324,1.0
all,0.1800,cross-ppi,18,0.02349019799736965,1.0
all,0.1800,cross-ppi,19,0.02357413164130784,1.0
all,0.1800,cross-ppi,20,0.02386258760126203,1.0
all,0.1800,cross-ppi,21,0.02377363787160469,0.0
all,0.1800,cross-ppi,22,0.02341945074471094,1.0
all,0.1800,cross-ppi,23,0.024033601807544436,1.0
all,0.1800,cross-ppi,24,0.023696841380200034,1.0
all,0.1800,cross-ppi,25,0.023813558466466267,1.0
all,0.1800,cross-ppi,26,0.0232985207305553,1.0
all,0.1800,cross-ppi,27,0.024332922302506277,1.0
all,0.1800,cross-ppi,28,0.024279705794842954,1.0
all,0.1800,cross-ppi,29,0.02337992442732939,1.0
all,0.1800,cross-ppi,30,0.02354397489015514,1.0
all,0.1800,cross-ppi,31,0.023929702390099394,1.0
all,0.1800,cross-ppi,32,0.023645755066144636,1.0
all,0.1800,cross-ppi,33,0.024226372464222656,1.0
all,0.1800,cross-ppi,34,0.023242717689608172,1.0
all,0.1800,cross-ppi,35,0.024110652023808937,1.0
all,0.1800,cross-ppi,36,0.023667812700726598,1.0
all,0.1800,cross-ppi,37,0.02373229714767111,1.0
all,0.1800,cross-ppi,38,0.024154360237981898,1.0
all,0.1800,cross-ppi,39,0.023959410103010836,1.0
all,0.1800,cross-ppi,40,0.02336020872796496,1.0
all,0.1800,cross-ppi,41,0.023521017353731993,1.0
all,0.1800,cross-ppi,42,0.02348548674655404,1.0
all,0.1800,cross-ppi,43,0.02395129638357052,1.0
all,0.1800,cross-ppi,44,0.023708545580211626,1.0
all,0.1800,cross-ppi,45,0.02353168474999956,1.0
all,0.1800,cross-ppi,46,0.024416215245539274,1.0
all,0.1800,cross-ppi,47,0.02394973935259581,1.0
all,0.1800,cross-ppi,48,0.023728213820249727,1.0
all,0.1800,cross-ppi,49,0.023837468840133047,1.0
all,0.1800,cross-ppi,50,0.02350896816092532,1.0
all,0.1800,cross-ppi,51,0.0245835641315435,1.0
all,0.1800,cross-ppi,52,0.02292378554072802,1.0
all,0.1800,cross-ppi,53,0.023331337029340066,1.0
all,0.1800,cross-ppi,54,0.024048111583884424,1.0
all,0.1800,cross-ppi,55,0.02340850041784423,1.0
all,0.1800,cross-ppi,56,0.023919370859833422,1.0
all,0.1800,cross-ppi,57,0.023722754172365357,1.0
all,0.1800,cross-ppi,58,0.023700760425338085,1.0
all,0.1800,cross-ppi,59,0.024229798662510516,1.0
all,0.1800,cross-ppi,60,0.02332970515865848,1.0
all,0.1800,cross-ppi,61,0.023391822115363614,1.0
all,0.1800,cross-ppi,62,0.023601418928577478,1.0
all,0.1800,cross-ppi,63,0.023908033556921393,1.0
all,0.1800,cross-ppi,64,0.023343979463725573,1.0
all,0.1800,cross-ppi,65,0.02349157066711527,1.0
all,0.1800,cross-ppi,66,0.023542257227614494,1.0
all,0.1800,cross-ppi,67,0.024077090978672833,1.0
all,0.1800,cross-ppi,68,0.023824866563639024,1.0
all,0.1800,cross-ppi,69,0.024146085886975532,1.0
all,0.1800,cross-ppi,70,0.02379031069800916,1.0
all,0.1800,cross-ppi,71,0.024026386164586633,1.0
all,0.1800,cross-ppi,72,0.023723648598130476,0.0
all,0.1800,cross-ppi,73,0.023751901500154604,1.0
all,0.1800,cross-ppi,74,0.02334995568812326,1.0
all,0.1800,cross-ppi,75,0.023680090063371267,1.0
all,0.1800,cross-ppi,76,0.023794729891432054,1.0
all,0.1800,cross-ppi,77,0.023513850995459135,1.0
all,0.1800,cross-ppi,78,0.02374739834023129,1.0
all,0.1800,cross-ppi,79,0.023312265681598193,1.0
all,0.1800,cross-ppi,80,0.024114284487630394,1.0
all,0.1800,cross-ppi,81,0.023811433748934574,1.0
all,0.1800,cross-ppi,82,0.023912060298222904,1.0
all,0.1800,cross-ppi,83,0.024072664483815093,1.0
all,0.1800,cross-ppi,84,0.023551641396712952,1.0
all,0.1800,cross-ppi,85,0.023720116529037744,1.0
all,0.1800,cross-ppi,86,0.023892612926588036,1.0
all,0.1800,cross-ppi,87,0.024042463924053514,1.0
all,0.1800,cross-ppi,88,0.023534577943545743,1.0
all,0.1800,cross-ppi,89,0.024363192225898667,1.0
all,0.1800,cross-ppi,90,0.023874859487830635,1.0
all,0.1800,cross-ppi,91,0.023620265757198666,1.0
all,0.1800,cross-ppi,92,0.02438677403499867,1.0
all,0.1800,cross-ppi,93,0.023709593336107865,1.0
all,0.1800,cross-ppi,94,0.023944522477419072,1.0
all,0.1800,cross-ppi,95,0.023869993081525154,1.0
all,0.1800,cross-ppi,96,0.023787059734156846,1.0
all,0.1800,cross-ppi,97,0.023797416819444722,1.0
all,0.1800,cross-ppi,98,0.023869436347120354,1.0
all,0.1800,cross-ppi,99,0.024453631448258656,1.0
all,0.1800,cross-ppi,100,0.02404596496204825,1.0
all,0.1800,cross-ppi,101,0.02366583766260863,1.0
all,0.1800,cross-ppi,102,0.023743444613277903,1.0
all,0.1800,cross-ppi,103,0.02332051812830005,1.0
all,0.1800,cross-ppi,104,0.02442203083837094,1.0
all,0.1800,cross-ppi,105,0.02452015299551713,1.0
all,0.1800,cross-ppi,106,0.023117202374387524,1.0
all,0.1800,cross-ppi,107,0.023775912268550137,1.0
all,0.1800,cross-ppi,108,0.024349932820271092,0.0
all,0.1800,cross-ppi,109,0.023068147684569884,1.0
all,0.1800,cross-ppi,110,0.02357395093079609,1.0
all,0.1800,cross-ppi,111,0.024616144959055508,1.0
all,0.1800,cross-ppi,112,0.024093420637640972,1.0
all,0.1800,cross-ppi,113,0.02363833315765318,1.0
all,0.1800,cross-ppi,114,0.024002727690421,1.0
all,0.1800,cross-ppi,115,0.023764292035038964,1.0
all,0.1800,cross-ppi,116,0.024206291693117388,1.0
all,0.1800,cross-ppi,117,0.023810851459507898,1.0
all,0.1800,cross-ppi,118,0.023684237278347314,1.0
all,0.1800,cross-ppi,119,0.024007605048878777,1.0
all,0.1800,cross-ppi,120,0.024012856605870825,1.0
all,0.1800,cross-ppi,121,0.02353551435256107,1.0
all,0.1800,cross-ppi,122,0.023552857085609946,1.0
all,0.1800,cross-ppi,123,0.02379219446819192,1.0
all,0.1800,cross-ppi,124,0.02391555951085897,1.0
all,0.1800,cross-ppi,125,0.023381112735845866,1.0
all,0.1800,cross-ppi,126,0.023972518003865906,1.0
all,0.1800,cross-ppi,127,0.02399337090170306,1.0
all,0.1800,cross-ppi,128,0.023942134908233936,1.0
all,0.1800,cross-ppi,129,0.02347772714670235,1.0
all,0.1800,cross-ppi,130,0.024384536145227287,1.0
all,0.1800,cross-ppi,131,0.023565661976920227,1.0
all,0.1800,cross-ppi,132,0.023616817654606354,1.0
all,0.1800,cross-ppi,133,0.023526323671485216,1.0
all,0.1800,cross-ppi,134,0.02340447002582524,1.0
all,0.1800,cross-ppi,135,0.023962843602733486,1.0
all,0.1800,cross-ppi,136,0.023534672862198347,1.0
all,0.1800,cross-ppi,137,0.024046806452410863,1.0
all,0.1800,cross-ppi,138,0.02391263528621479,1.0
all,0.1800,cross-ppi,139,0.024295137377328607,1.0
all,0.1800,cross-ppi,140,0.02357326642128202,1.0
all,0.1800,cross-ppi,141,0.02416196285698502,1.0
all,0.1800,cross-ppi,142,0.023926725230052792,1.0
all,0.1800,cross-ppi,143,0.024074038978919354,1.0
all,0.1800,cross-ppi,144,0.02430681419695957,1.0
all,0.1800,cross-ppi,145,0.023323212357747508,1.0
all,0.1800,cross-ppi,146,0.023486503471352282,1.0
all,0.1800,cross-ppi,147,0.023307682205891855,1.0
all,0.1800,cross-ppi,148,0.02324295681159838,1.0
all,0.1800,cross-ppi,149,0.02349776228384004,1.0
all,0.1800,cross-ppi,150,0.02416037844562971,1.0
all,0.1800,cross-ppi,151,0.02410652123706125,1.0
all,0.1800,cross-ppi,152,0.023585912506384976,1.0
all,0.1800,cross-ppi,153,0.023700837090403604,1.0
all,0.1800,cross-ppi,154,0.023656692615500408,1.0
all,0.1800,cross-ppi,155,0.023812737055049382,1.0
all,0.1800,cross-ppi,156,0.023254734025958124,1.0
all,0.1800,cross-ppi,157,0.02401491926120658,1.0
all,0.1800,cross-ppi,158,0.024002676580377275,1.0
all,0.1800,cross-ppi,159,0.024001679934524817,1.0
all,0.1800,cross-ppi,160,0.024055555396680278,1.0
all,0.1800,cross-ppi,161,0.023876679370458787,1.0
all,0.1800,cross-ppi,162,0.024141241384974532,1.0
all,0.1800,cross-ppi,163,0.023557051759912295,1.0
all,0.1800,cross-ppi,164,0.02333544591178327,0.0
all,0.1800,cross-ppi,165,0.02372963394932162,1.0
all,0.1800,cross-ppi,166,0.02416538357919673,1.0
all,0.1800,cross-ppi,167,0.023825530994207367,1.0
all,0.1800,cross-ppi,168,0.023693245423552667,1.0
all,0.1800,cross-ppi,169,0.02328615209997542,1.0
all,0.1800,cross-ppi,170,0.02441355387254851,1.0
all,0.1800,cross-ppi,171,0.024012108208802063,1.0
all,0.1800,cross-ppi,172,0.02420553964533123,1.0
all,0.1800,cross-ppi,173,0.023395158871074934,1.0
all,0.1800,cross-ppi,174,0.023919283242615608,1.0
all,0.1800,cross-ppi,175,0.023328482168326614,1.0
all,0.1800,cross-ppi,176,0.023474998235439526,1.0
all,0.1800,cross-ppi,177,0.024259320188834116,1.0
all,0.1800,cross-ppi,178,0.023557197788608653,1.0
all,0.1800,cross-ppi,179,0.02394263140580144,1.0
all,0.1800,cross-ppi,180,0.024095857491511108,1.0
all,0.1800,cross-ppi,181,0.023991074600453133,1.0
all,0.1800,cross-ppi,182,0.023733532915513916,1.0
all,0.1800,cross-ppi,183,0.023683211426755557,1.0
all,0.1800,cross-ppi,184,0.02417930011395783,1.0
all,0.1800,cross-ppi,185,0.023215215010011447,1.0
all,0.1800,cross-ppi,186,0.023801611493747044,1.0
all,0.1800,cross-ppi,187,0.02396921592996995,1.0
all,0.1800,cross-ppi,188,0.023493952760224285,1.0
all,0.1800,cross-ppi,189,0.023608399100262467,1.0
all,0.1800,cross-ppi,190,0.023663813339805606,1.0
all,0.1800,cross-ppi,191,0.02388457769757199,1.0
all,0.1800,cross-ppi,192,0.02330248906037835,1.0
all,0.1800,cross-ppi,193,0.02439221725465468,1.0
all,0.1800,cross-ppi,194,0.02406182550382932,1.0
all,0.1800,cross-ppi,195,0.02338510114461459,0.0
all,0.1800,cross-ppi,196,0.023752233715438775,1.0
all,0.1800,cross-ppi,197,0.024559799786573078,1.0
all,0.1800,cross-ppi,198,0.02472257614902329,1.0
all,0.1800,cross-ppi,199,0.024332016924588973,1.0
all,0.1800,cross-ppi,200,0.02352447640847652,1.0
all,0.1800,cross-ppi,201,0.0233825638960157,1.0
all,0.1800,cross-ppi,202,0.024097239288050215,1.0
all,0.1800,cross-ppi,203,0.023570088471777995,1.0
all,0.1800,cross-ppi,204,0.023896736411900904,1.0
all,0.1800,cross-ppi,205,0.02448761050053805,1.0
all,0.1800,cross-ppi,206,0.023634607600537844,1.0
all,0.1800,cross-ppi,207,0.023366526294440332,1.0
all,0.1800,cross-ppi,208,0.024608890983564807,1.0
all,0.1800,cross-ppi,209,0.023697347004561164,1.0
all,0.1800,cross-ppi,210,0.02370891430266986,1.0
all,0.1800,cross-ppi,211,0.024143650858464122,1.0
all,0.1800,cross-ppi,212,0.023226559614358266,1.0
all,0.1800,cross-ppi,213,0.023227881174060133,1.0
all,0.1800,cross-ppi,214,0.02334966363073057,1.0
all,0.1800,cross-ppi,215,0.024028142159660093,1.0
all,0.1800,cross-ppi,216,0.02321990435652263,1.0
all,0.1800,cross-ppi,217,0.02396547576998498,1.0
all,0.1800,cross-ppi,218,0.023530532948657146,1.0
all,0.1800,cross-ppi,219,0.0234527489381936,1.0
all,0.1800,cross-ppi,220,0.023676629183268072,1.0
all,0.1800,cross-ppi,221,0.02374057514939487,1.0
all,0.1800,cross-ppi,222,0.023352618886472748,1.0
all,0.1800,cross-ppi,223,0.024053224413615015,1.0
all,0.1800,cross-ppi,224,0.023671972693213528,1.0
all,0.1800,cross-ppi,225,0.023666827007026298,1.0
all,0.1800,cross-ppi,226,0.02346170414799653,1.0
all,0.1800,cross-ppi,227,0.023813304741606367,1.0
all,0.1800,cross-ppi,228,0.023993022258190555,1.0
all,0.1800,cross-ppi,229,0.024221818194255618,1.0
all,0.1800,cross-ppi,230,0.023812331825417088,1.0
all,0.1800,cross-ppi,231,0.023427263279965027,1.0
all,0.1800,cross-ppi,232,0.024035679065749882,1.0
all,0.1800,cross-ppi,233,0.02342201354833165,1.0
all,0.1800,cross-ppi,234,0.023795047503846645,1.0
all,0.1800,cross-ppi,235,0.022964726511105288,1.0
all,0.1800,cross-ppi,236,0.02310288608607014,1.0
all,0.1800,cross-ppi,237,0.023478433560520928,1.0
all,0.1800,cross-ppi,238,0.02384481043284148,1.0
all,0.1800,cross-ppi,239,0.023983658168037852,1.0
all,0.1800,cross-ppi,240,0.0238676474955902,1.0
all,0.1800,cross-ppi,241,0.023876509612099195,1.0
all,0.1800,cross-ppi,242,0.02397405860661228,1.0
all,0.1800,cross-ppi,243,0.023893919883420267,0.0
all,0.1800,cross-ppi,244,0.023784969698440572,1.0
all,0.1800,cross-ppi,245,0.02407510681376135,1.0
all,0.1800,cross-ppi,246,0.02337200054519431,1.0
all,0.1800,cross-ppi,247,0.024225145823173366,1.0
all,0.1800,cross-ppi,248,0.023979111199505576,1.0
all,0.1800,cross-ppi,249,0.02403468972133216,1.0
all,0.1800,cross-ppi,250,0.024410584013936698,1.0
all,0.1800,cross-ppi,251,0.02348687949524539,1.0
all,0.1800,cross-ppi,252,0.023703863535135233,1.0
all,0.1800,cross-ppi,253,0.02408712680082878,1.0
all,0.1800,cross-ppi,254,0.023632731131789875,1.0
all,0.1800,cross-ppi,255,0.02367394955669022,1.0
all,0.1800,cross-ppi,256,0.023833195675406427,1.0
all,0.1800,cross-ppi,257,0.023688369890453725,1.0
all,0.1800,cross-ppi,258,0.023530293826666937,1.0
all,0.1800,cross-ppi,259,0.02411505113828616,1.0
all,0.1800,cross-ppi,260,0.023991069124377096,1.0
all,0.1800,cross-ppi,261,0.02383560332353732,1.0
all,0.1800,cross-ppi,262,0.023514152179645365,1.0
all,0.1800,cross-ppi,263,0.023663860799131936,1.0
all,0.1800,cross-ppi,264,0.023690414292202422,1.0
all,0.1800,cross-ppi,265,0.024197783696196934,1.0
all,0.1800,cross-ppi,266,0.02441861559223535,1.0
all,0.1800,cross-ppi,267,0.023593964163629355,1.0
all,0.1800,cross-ppi,268,0.023751832136523876,1.0
all,0.1800,cross-ppi,269,0.02383563800535271,1.0
all,0.1800,cross-ppi,270,0.02334959791781721,1.0
all,0.1800,cross-ppi,271,0.023677855824317334,1.0
all,0.1800,cross-ppi,272,0.023366270744221707,1.0
all,0.1800,cross-ppi,273,0.023495612011286443,1.0
all,0.1800,cross-ppi,274,0.02381449852619899,1.0
all,0.1800,cross-ppi,275,0.023720762706019083,1.0
all,0.1800,cross-ppi,276,0.02373475042976958,1.0
all,0.1800,cross-ppi,277,0.024025550150300057,1.0
all,0.1800,cross-ppi,278,0.02408450010965335,1.0
all,0.1800,cross-ppi,279,0.02380827952909359,1.0
all,0.1800,cross-ppi,280,0.02410196514173546,1.0
all,0.1800,cross-ppi,281,0.023474941649319625,1.0
all,0.1800,cross-ppi,282,0.023934033966304558,1.0
all,0.1800,cross-ppi,283,0.02414785465955996,1.0
all,0.1800,cross-ppi,284,0.022936674398538637,1.0
all,0.1800,cross-ppi,285,0.023684598699370757,1.0
all,0.1800,cross-ppi,286,0.023284344994858208,1.0
all,0.1800,cross-ppi,287,0.02422963255486843,1.0
all,0.1800,cross-ppi,288,0.023958648928431137,1.0
all,0.1800,cross-ppi,289,0.023417849905127297,1.0
all,0.1800,cross-ppi,290,0.02352031641598959,1.0
all,0.1800,cross-ppi,291,0.02419702434697593,1.0
all,0.1800,cross-ppi,292,0.02372937109766826,1.0
all,0.1800,cross-ppi,293,0.023511923416667496,1.0
all,0.1800,cross-ppi,294,0.024097608010508448,1.0
all,0.1800,cross-ppi,295,0.02377630837138897,1.0
all,0.1800,cross-ppi,296,0.023913451221555554,1.0
all,0.1800,cross-ppi,297,0.02332660387422003,1.0
all,0.1800,cross-ppi,298,0.0235981624886491,1.0
all,0.1800,cross-ppi,299,0.02285778787141768,1.0
all,0.1800,cross-ppi,300,0.02411863431742256,1.0
all,0.1800,cross-ppi,301,0.023301370115492603,1.0
all,0.1800,cross-ppi,302,0.02366407619145905,1.0
all,0.1800,cross-ppi,303,0.02385935489099686,1.0
all,0.1800,cross-ppi,304,0.024352128726792266,1.0
all,0.1800,cross-ppi,305,0.024017757693991726,1.0
all,0.1800,cross-ppi,306,0.02371385919939964,1.0
all,0.1800,cross-ppi,307,0.023705758257470233,1.0
all,0.1800,cross-ppi,308,0.023738047027589443,1.0
all,0.1800,cross-ppi,309,0.02425483163178041,1.0
all,0.1800,cross-ppi,310,0.023447827771126972,1.0
all,0.1800,cross-ppi,311,0.023921508354876053,1.0
all,0.1800,cross-ppi,312,0.02336935377507318,1.0
all,0.1800,cross-ppi,313,0.02407549561516542,1.0
all,0.1800,cross-ppi,314,0.023571101545858814,1.0
all,0.1800,cross-ppi,315,0.02426829365222416,1.0
all,0.1800,cross-ppi,316,0.023673458535198783,1.0
all,0.1800,cross-ppi,317,0.024028426915617934,1.0
all,0.1800,cross-ppi,318,0.023405375403742545,1.0
all,0.1800,cross-ppi,319,0.024053395997333138,1.0
all,0.1800,cross-ppi,320,0.02385759341984728,1.0
all,0.1800,cross-ppi,321,0.0243171165214863,1.0
all,0.1800,cross-ppi,322,0.023942417838833108,1.0
all,0.1800,cross-ppi,323,0.02413754503359844,1.0
all,0.1800,cross-ppi,324,0.023724446279884237,1.0
all,0.1800,cross-ppi,325,0.02385004373624655,1.0
all,0.1800,cross-ppi,326,0.02367507580301076,1.0
all,0.1800,cross-ppi,327,0.023890796694677308,1.0
all,0.1800,cross-ppi,328,0.023200968085324875,1.0
all,0.1800,cross-ppi,329,0.02439682263466547,1.0
all,0.1800,cross-ppi,330,0.024026734808099137,1.0
all,0.1800,cross-ppi,331,0.023564950087025527,1.0
all,0.1800,cross-ppi,332,0.023668593954252026,1.0
all,0.1900,cross-ppi,0,0.023594915175514264,1.0
all,0.1900,cross-ppi,1,0.023194679724588774,1.0
all,0.1900,cross-ppi,2,0.02334291893031845,1.0
all,0.1900,cross-ppi,3,0.022990756126227696,1.0
all,0.1900,cross-ppi,4,0.023945769197414063,1.0
all,0.1900,cross-ppi,5,0.024053485439909705,1.0
all,0.1900,cross-ppi,6,0.0226506826728351,1.0
all,0.1900,cross-ppi,7,0.02358262320999993,1.0
all,0.1900,cross-ppi,8,0.023905390437517715,0.0
all,0.1900,cross-ppi,9,0.02256135144320856,1.0
all,0.1900,cross-ppi,10,0.0230612131468525,1.0
all,0.1900,cross-ppi,11,0.023980965763949147,1.0
all,0.1900,cross-ppi,12,0.02351408646673203,1.0
all,0.1900,cross-ppi,13,0.023180710254425252,1.0
all,0.1900,cross-ppi,14,0.023597711625049173,1.0
all,0.1900,cross-ppi,15,0.023314478016347756,1.0
all,0.1900,cross-ppi,16,0.02373580913781803,1.0
all,0.1900,cross-ppi,17,0.023291434688065493,1.0
all,0.1900,cross-ppi,18,0.023179213460287756,1.0
all,0.1900,cross-ppi,19,0.02347368215181378,1.0
all,0.1900,cross-ppi,20,0.02341697190759054,1.0
all,0.1900,cross-ppi,21,0.023012107346991134,1.0
all,0.1900,cross-ppi,22,0.023235408953356407,1.0
all,0.1900,cross-ppi,23,0.023210149639607214,1.0
all,0.1900,cross-ppi,24,0.02349418640613843,1.0
all,0.1900,cross-ppi,25,0.022992364267246157,1.0
all,0.1900,cross-ppi,26,0.023406567362976416,1.0
all,0.1900,cross-ppi,27,0.02344307271170243,1.0
all,0.1900,cross-ppi,28,0.023516979660278214,1.0
all,0.1900,cross-ppi,29,0.023005296933665625,1.0
all,0.1900,cross-ppi,30,0.023890603206654704,1.0
all,0.1900,cross-ppi,31,0.02306763110805657,1.0
all,0.1900,cross-ppi,32,0.02324739790932584,1.0
all,0.1900,cross-ppi,33,0.023089613902931738,1.0
all,0.1900,cross-ppi,34,0.02286890795664387,1.0
all,0.1900,cross-ppi,35,0.023443928804934733,1.0
all,0.1900,cross-ppi,36,0.02310509842081973,1.0
all,0.1900,cross-ppi,37,0.023547114507126432,1.0
all,0.1900,cross-ppi,38,0.023319289661892117,1.0
all,0.1900,cross-ppi,39,0.02386393106526838,1.0
all,0.1900,cross-ppi,40,0.023015630289290323,1.0
all,0.1900,cross-ppi,41,0.023725937597945584,1.0
all,0.1900,cross-ppi,42,0.023422050055505766,1.0
all,0.1900,cross-ppi,43,0.023615371970512666,1.0
all,0.1900,cross-ppi,44,0.023677468848272043,1.0
all,0.1900,cross-ppi,45,0.022917247105849414,0.0
all,0.1900,cross-ppi,46,0.022955745746280454,1.0
all,0.1900,cross-ppi,47,0.023019607745906834,1.0
all,0.1900,cross-ppi,48,0.022853450819136395,1.0
all,0.1900,cross-ppi,49,0.023230882063769887,1.0
all,0.1900,cross-ppi,50,0.023623976711444367,1.0
all,0.1900,cross-ppi,51,0.02355804292968869,1.0
all,0.1900,cross-ppi,52,0.023055527154488775,1.0
all,0.1900,cross-ppi,53,0.023141689561404832,1.0
all,0.1900,cross-ppi,54,0.023307521574325918,1.0
all,0.1900,cross-ppi,55,0.023231796568480706,1.0
all,0.1900,cross-ppi,56,0.022785030898825553,1.0
all,0.1900,cross-ppi,57,0.023676240381864,1.0
all,0.1900,cross-ppi,58,0.023643491621351376,1.0
all,0.1900,cross-ppi,59,0.023603063576769973,1.0
all,0.1900,cross-ppi,60,0.023439774288523868,1.0
all,0.1900,cross-ppi,61,0.023357404976995233,1.0
all,0.1900,cross-ppi,62,0.023792630728922237,1.0
all,0.1900,cross-ppi,63,0.02306089735979666,1.0
all,0.1900,cross-ppi,64,0.022919355395152802,1.0
all,0.1900,cross-ppi,65,0.023415407575181013,1.0
all,0.1900,cross-ppi,66,0.023807127727751287,1.0
all,0.1900,cross-ppi,67,0.023356083417293366,1.0
all,0.1900,cross-ppi,68,0.023178426730686263,1.0
all,0.1900,cross-ppi,69,0.022944251462519882,1.0
all,0.1900,cross-ppi,70,0.023885428314728174,1.0
all,0.1900,cross-ppi,71,0.023595260168309373,1.0
all,0.1900,cross-ppi,72,0.023636022253533645,1.0
all,0.1900,cross-ppi,73,0.022941719689997142,1.0
all,0.1900,cross-ppi,74,0.023600924256368616,1.0
all,0.1900,cross-ppi,75,0.022858999909597277,1.0
all,0.1900,cross-ppi,76,0.023014091511902618,1.0
all,0.1900,cross-ppi,77,0.02373168930322264,1.0
all,0.1900,cross-ppi,78,0.02305161906150302,1.0
all,0.1900,cross-ppi,79,0.023562093400653406,1.0
all,0.1900,cross-ppi,80,0.023546687373189656,1.0
all,0.1900,cross-ppi,81,0.023509130617849983,1.0
all,0.1900,cross-ppi,82,0.023332512560345603,1.0
all,0.1900,cross-ppi,83,0.023374413669401295,1.0
all,0.1900,cross-ppi,84,0.023688519569867478,1.0
all,0.1900,cross-ppi,85,0.022844862506433,1.0
all,0.1900,cross-ppi,86,0.023391546486199233,1.0
all,0.1900,cross-ppi,87,0.023371283179223545,1.0
all,0.1900,cross-ppi,88,0.022970956460362846,1.0
all,0.1900,cross-ppi,89,0.023172089085265135,1.0
all,0.1900,cross-ppi,90,0.023161478275117414,1.0
all,0.1900,cross-ppi,91,0.023430150997435173,1.0
all,0.1900,cross-ppi,92,0.022904511578169973,1.0
all,0.1900,cross-ppi,93,0.0237758502063542,1.0
all,0.1900,cross-ppi,94,0.023683399438702013,1.0
all,0.1900,cross-ppi,95,0.022919678483643485,0.0
all,0.1900,cross-ppi,96,0.023172795499083687,1.0
all,0.1900,cross-ppi,97,0.024131041280535226,1.0
all,0.1900,cross-ppi,98,0.024245206515332907,1.0
all,0.1900,cross-ppi,99,0.023668084679173557,1.0
all,0.1900,cross-ppi,100,0.022996790762103925,1.0
all,0.1900,cross-ppi,101,0.02287394959738498,1.0
all,0.1900,cross-ppi,102,0.02353834913462871,1.0
all,0.1900,cross-ppi,103,0.023314746344077264,1.0
all,0.1900,cross-ppi,104,0.023446241534412993,1.0
all,0.1900,cross-ppi,105,0.024028939841413854,1.0
all,0.1900,cross-ppi,106,0.02310258855260139,1.0
all,0.1900,cross-ppi,107,0.022805701260792288,1.0
all,0.1900,cross-ppi,108,0.02407363557464573,1.0
all,0.1900,cross-ppi,109,0.023232021087601334,1.0
all,0.1900,cross-ppi,110,0.02328360024850687,0.0
all,0.1900,cross-ppi,111,0.023562651960416875,1.0
all,0.1900,cross-ppi,112,0.022730781238135656,1.0
all,0.1900,cross-ppi,113,0.02292720808829843,1.0
all,0.1900,cross-ppi,114,0.022927845138486225,1.0
all,0.1900,cross-ppi,115,0.023594236142076258,1.0
all,0.1900,cross-ppi,116,0.022841429006710295,1.0
all,0.1900,cross-ppi,117,0.023630763395106724,1.0
all,0.1900,cross-ppi,118,0.02318967094030433,1.0
all,0.1900,cross-ppi,119,0.023138250585606035,1.0
all,0.1900,cross-ppi,120,0.023038916390280245,1.0
all,0.1900,cross-ppi,121,0.02343702529831526,1.0
all,0.1900,cross-ppi,122,0.023061421237744795,1.0
all,0.1900,cross-ppi,123,0.023541919536254174,1.0
all,0.1900,cross-ppi,124,0.023022186977755932,1.0
all,0.1900,cross-ppi,125,0.023260149865233587,1.0
all,0.1900,cross-ppi,126,0.02308707665433274,1.0
all,0.1900,cross-ppi,127,0.023441011881725343,1.0
all,0.1900,cross-ppi,128,0.023549688262899382,1.0
all,0.1900,cross-ppi,129,0.023698024212640445,1.0
all,0.1900,cross-ppi,130,0.023298425811902668,1.0
all,0.1900,cross-ppi,131,0.022985980987857424,1.0
all,0.1900,cross-ppi,132,0.023542370399854184,1.0
all,0.1900,cross-ppi,133,0.02295052339502765,1.0
all,0.1900,cross-ppi,134,0.023470606422397094,1.0
all,0.1900,cross-ppi,135,0.022511789303671148,1.0
all,0.1900,cross-ppi,136,0.022684588710766285,1.0
all,0.1900,cross-ppi,137,0.02301559013139884,1.0
all,0.1900,cross-ppi,138,0.023419980098735138,1.0
all,0.1900,cross-ppi,139,0.023667339932822218,1.0
all,0.1900,cross-ppi,140,0.023507637474429965,1.0
all,0.1900,cross-ppi,141,0.023304310768365144,1.0
all,0.1900,cross-ppi,142,0.023455326344683947,1.0
all,0.1900,cross-ppi,143,0.02339196084262518,0.0
all,0.1900,cross-ppi,144,0.023394914273008577,1.0
all,0.1900,cross-ppi,145,0.02351744147603041,1.0
all,0.1900,cross-ppi,146,0.022986680100241158,1.0
all,0.1900,cross-ppi,147,0.023761920894082134,1.0
all,0.1900,cross-ppi,148,0.02344366412792262,1.0
all,0.1900,cross-ppi,149,0.0235464427751233,1.0
all,0.1900,cross-ppi,150,0.023795412575587482,1.0
all,0.1900,cross-ppi,151,0.02309370635714658,1.0
all,0.1900,cross-ppi,152,0.02323525562322523,1.0
all,0.1900,cross-ppi,153,0.02373718363292235,1.0
all,0.1900,cross-ppi,154,0.02318624474201647,1.0
all,0.1900,cross-ppi,155,0.023139422465894177,1.0
all,0.1900,cross-ppi,156,0.023332397562747215,1.0
all,0.1900,cross-ppi,157,0.023205018556289536,1.0
all,0.1900,cross-ppi,158,0.023156047832972315,1.0
all,0.1900,cross-ppi,159,0.023521218143189415,1.0
all,0.1900,cross-ppi,160,0.023525405516056974,1.0
all,0.1900,cross-ppi,161,0.02348739972247607,1.0
all,0.1900,cross-ppi,162,0.023208685701926357,1.0
all,0.1900,cross-ppi,163,0.023214669227758833,1.0
all,0.1900,cross-ppi,164,0.023215514368838924,1.0
all,0.1900,cross-ppi,165,0.023809425854359884,1.0
all,0.1900,cross-ppi,166,0.023828871400636165,1.0
all,0.1900,cross-ppi,167,0.023150422077445887,1.0
all,0.1900,cross-ppi,168,0.023400976289265324,1.0
all,0.1900,cross-ppi,169,0.023374024867997334,1.0
all,0.1900,cross-ppi,170,0.022877724439185343,1.0
all,0.1900,cross-ppi,171,0.023243451483807243,1.0
all,0.1900,cross-ppi,172,0.022999844587216073,1.0
all,0.1900,cross-ppi,173,0.023047086695840407,1.0
all,0.1900,cross-ppi,174,0.023239056020047416,1.0
all,0.1900,cross-ppi,175,0.02333596796437276,1.0
all,0.1900,cross-ppi,176,0.023195555896766806,1.0
all,0.1900,cross-ppi,177,0.023494310530530305,1.0
all,0.1900,cross-ppi,178,0.023551502669451413,1.0
all,0.1900,cross-ppi,179,0.023293093939127596,1.0
all,0.1900,cross-ppi,180,0.02353814286909514,1.0
all,0.1900,cross-ppi,181,0.023170683559062932,1.0
all,0.1900,cross-ppi,182,0.023512003732450465,1.0
all,0.1900,cross-ppi,183,0.0235536894491791,1.0
all,0.1900,cross-ppi,184,0.022472385285322805,1.0
all,0.1900,cross-ppi,185,0.02330771506234855,1.0
all,0.1900,cross-ppi,186,0.02298350397609572,1.0
all,0.1900,cross-ppi,187,0.023881396097350516,1.0
all,0.1900,cross-ppi,188,0.02361457063804151,1.0
all,0.1900,cross-ppi,189,0.023070524301602835,1.0
all,0.1900,cross-ppi,190,0.023154350249377398,1.0
all,0.1900,cross-ppi,191,0.02379112298263253,1.0
all,0.1900,cross-ppi,192,0.023437138470554952,1.0
all,0.1900,cross-ppi,193,0.02300088686703619,1.0
all,0.1900,cross-ppi,194,0.023569199522088996,1.0
all,0.1900,cross-ppi,195,0.023278007349437108,1.0
all,0.1900,cross-ppi,196,0.023453046471662353,1.0
all,0.1900,cross-ppi,197,0.02285923538087009,1.0
all,0.1900,cross-ppi,198,0.023056554831439313,1.0
all,0.1900,cross-ppi,199,0.02249416911609914,1.0
all,0.1900,cross-ppi,200,0.0234987571043338,1.0
all,0.1900,cross-ppi,201,0.023029309527419883,1.0
all,0.1900,cross-ppi,202,0.023142228042222546,1.0
all,0.1900,cross-ppi,203,0.023328726766393,1.0
all,0.1900,cross-ppi,204,0.023734542338877285,1.0
all,0.1900,cross-ppi,205,0.023400602090731026,1.0
all,0.1900,cross-ppi,206,0.023210848751990865,1.0
all,0.1900,cross-ppi,207,0.02319961366916634,1.0
all,0.1900,cross-ppi,208,0.023291091520629054,1.0
all,0.1900,cross-ppi,209,0.023687794902461867,1.0
all,0.1900,cross-ppi,210,0.023165561602538798,1.0
all,0.1900,cross-ppi,211,0.023425589426033233,1.0
all,0.1900,cross-ppi,212,0.023034376723182842,1.0
all,0.1900,cross-ppi,213,0.023543109670129292,1.0
all,0.1900,cross-ppi,214,0.023003696094082038,1.0
all,0.1900,cross-ppi,215,0.023801197137321206,1.0
all,0.1900,cross-ppi,216,0.02316005814604552,1.0
all,0.1900,cross-ppi,217,0.023506226472151587,1.0
all,0.1900,cross-ppi,218,0.023035356940806967,1.0
all,0.1900,cross-ppi,219,0.0234776030223105,1.0
all,0.1900,cross-ppi,220,0.023399557985552155,1.0
all,0.1900,cross-ppi,221,0.02376775108978349,1.0
all,0.1900,cross-ppi,222,0.023489792767737327,1.0
all,0.1900,cross-ppi,223,0.023788861363197994,1.0
all,0.1900,cross-ppi,224,0.023479183782948332,1.0
all,0.1900,cross-ppi,225,0.0234246639691702,1.0
all,0.1900,cross-ppi,226,0.02316530970303765,1.0
all,0.1900,cross-ppi,227,0.023400176782152893,1.0
all,0.1900,cross-ppi,228,0.02271331985677094,1.0
all,0.1900,cross-ppi,229,0.023844012751087718,1.0
all,0.1900,cross-ppi,230,0.02357322261267314,1.0
all,0.1900,cross-ppi,231,0.023139415164459387,1.0
all,0.1900,cross-ppi,232,0.023242140876257616,1.0
all,0.1900,cross-ppi,233,0.02396063309334262,1.0
all,0.1900,cross-ppi,234,0.023568341603497966,1.0
all,0.1900,cross-ppi,235,0.02395861607197447,1.0
all,0.1900,cross-ppi,236,0.023343705659919944,1.0
all,0.1900,cross-ppi,237,0.023404539389455997,1.0
all,0.1900,cross-ppi,238,0.02350106253237727,1.0
all,0.1900,cross-ppi,239,0.02289621349750051,1.0
all,0.1900,cross-ppi,240,0.023557247073293652,1.0
all,0.1900,cross-ppi,241,0.02320180775032879,1.0
all,0.1900,cross-ppi,242,0.02357583105026148,1.0
all,0.1900,cross-ppi,243,0.0233569103047864,1.0
all,0.1900,cross-ppi,244,0.023336592237049536,1.0
all,0.1900,cross-ppi,245,0.02294575373273347,1.0
all,0.1900,cross-ppi,246,0.02306780634249217,1.0
all,0.1900,cross-ppi,247,0.02383215704630373,1.0
all,0.1900,cross-ppi,248,0.023360876809250697,1.0
all,0.1900,cross-ppi,249,0.023479594488656774,1.0
all,0.1900,cross-ppi,250,0.023863978524594653,1.0
all,0.1900,cross-ppi,251,0.023209388465027514,1.0
all,0.1900,cross-ppi,252,0.022578796396344886,1.0
all,0.1900,cross-ppi,253,0.02365179335273826,1.0
all,0.1900,cross-ppi,254,0.0230387612347904,1.0
all,0.1900,cross-ppi,255,0.022781871202908532,1.0
all,0.1900,cross-ppi,256,0.023418185771128863,1.0
all,0.1900,cross-ppi,257,0.023401326758136554,1.0
all,0.1900,cross-ppi,258,0.022707571802211307,1.0
all,0.1900,cross-ppi,259,0.02334997211635159,1.0
all,0.1900,cross-ppi,260,0.023272056680061298,1.0
all,0.1900,cross-ppi,261,0.02308264833411633,1.0
all,0.1900,cross-ppi,262,0.0233425629853711,1.0
all,0.1900,cross-ppi,263,0.023335376548152542,1.0
all,0.1900,cross-ppi,264,0.023287670798417315,1.0
all,0.1900,cross-ppi,265,0.02305551620233659,1.0
all,0.1900,cross-ppi,266,0.023245154543478308,1.0
all,0.1900,cross-ppi,267,0.022892398497808664,1.0
all,0.1900,cross-ppi,268,0.023321649850696735,1.0
all,0.1900,cross-ppi,269,0.02261535833119077,1.0
all,0.1900,cross-ppi,270,0.02333277358664032,1.0
all,0.1900,cross-ppi,271,0.023262637829147476,1.0
all,0.1900,cross-ppi,272,0.02368367871858379,1.0
all,0.1900,cross-ppi,273,0.023795808678426345,1.0
all,0.1900,cross-ppi,274,0.023487224488040526,1.0
all,0.1900,cross-ppi,275,0.02311988200096529,1.0
all,0.1900,cross-ppi,276,0.023460229258163517,1.0
all,0.1900,cross-ppi,277,0.02305225063561467,1.0
all,0.1900,cross-ppi,278,0.02341392355855454,1.0
all,0.1900,cross-ppi,279,0.023302949050771793,1.0
all,0.1900,cross-ppi,280,0.022937714853000002,1.0
all,0.1900,cross-ppi,281,0.023231809345991644,1.0
all,0.1900,cross-ppi,282,0.022901994408516813,1.0
all,0.1900,cross-ppi,283,0.023211556991168142,1.0
all,0.1900,cross-ppi,284,0.023561896261913295,1.0
all,0.1900,cross-ppi,285,0.022947066165641822,1.0
all,0.1900,cross-ppi,286,0.024016545655812127,0.0
all,0.1900,cross-ppi,287,0.02326197704929653,1.0
all,0.1900,cross-ppi,288,0.023279160976138247,1.0
all,0.1900,cross-ppi,289,0.023078984839196903,1.0
all,0.1900,cross-ppi,290,0.02347327144610531,1.0
all,0.1900,cross-ppi,291,0.023267765261747675,1.0
all,0.1900,cross-ppi,292,0.023414480292959255,1.0
all,0.1900,cross-ppi,293,0.022783450138187722,1.0
all,0.1900,cross-ppi,294,0.023390661187227768,1.0
all,0.1900,cross-ppi,295,0.023448557914608648,0.0
all,0.1900,cross-ppi,296,0.02386115652003795,1.0
all,0.1900,cross-ppi,297,0.02338590430244447,1.0
all,0.1900,cross-ppi,298,0.023755984827576015,1.0
all,0.1900,cross-ppi,299,0.02307603505953093,1.0
all,0.1900,cross-ppi,300,0.022970823209177427,1.0
all,0.1900,cross-ppi,301,0.02337581371952746,1.0
all,0.1900,cross-ppi,302,0.023239751481713755,1.0
all,0.1900,cross-ppi,303,0.023292989893681476,1.0
all,0.1900,cross-ppi,304,0.02308298785083529,1.0
all,0.1900,cross-ppi,305,0.0229783509884737,1.0
all,0.1900,cross-ppi,306,0.023712740254513975,1.0
all,0.1900,cross-ppi,307,0.023853241764696387,1.0
all,0.1900,cross-ppi,308,0.023408449307800505,1.0
all,0.1900,cross-ppi,309,0.022967331297976235,1.0
all,0.1900,cross-ppi,310,0.02344798657733424,1.0
all,0.1900,cross-ppi,311,0.023437231563848915,1.0
all,0.1900,cross-ppi,312,0.023697839851411273,1.0
all,0.1900,cross-ppi,313,0.023547983377869675,1.0
all,0.1900,cross-ppi,314,0.023138686846336354,1.0
all,0.1900,cross-ppi,315,0.023394755466801337,1.0
all,0.1900,cross-ppi,316,0.023377084169185602,1.0
all,0.1900,cross-ppi,317,0.023265060080147976,1.0
all,0.1900,cross-ppi,318,0.02340319775080843,1.0
all,0.1900,cross-ppi,319,0.023239939493660294,1.0
all,0.1900,cross-ppi,320,0.024090552999116582,1.0
all,0.1900,cross-ppi,321,0.02322429251884761,1.0
all,0.1900,cross-ppi,322,0.023459128566864856,1.0
all,0.1900,cross-ppi,323,0.023296596802481084,1.0
all,0.1900,cross-ppi,324,0.02339996321518445,1.0
all,0.1900,cross-ppi,325,0.023176557563373112,1.0
all,0.1900,cross-ppi,326,0.023096973749227145,1.0
all,0.1900,cross-ppi,327,0.023715892648996206,1.0
all,0.1900,cross-ppi,328,0.02300228691716233,1.0
all,0.1900,cross-ppi,329,0.02379830941985106,1.0
all,0.1900,cross-ppi,330,0.02312094253437247,1.0
all,0.1900,cross-ppi,331,0.023059650639801643,1.0
all,0.1900,cross-ppi,332,0.023105667932735413,1.0
all,0.2000,cross-ppi,0,0.0226068138270962,1.0
all,0.2000,cross-ppi,1,0.022533355916761644,1.0
all,0.2000,cross-ppi,2,0.023092525350064924,1.0
all,0.2000,cross-ppi,3,0.02284778125500106,1.0
all,0.2000,cross-ppi,4,0.023212341895410965,1.0
all,0.2000,cross-ppi,5,0.023679111671105812,1.0
all,0.2000,cross-ppi,6,0.022770957383215884,1.0
all,0.2000,cross-ppi,7,0.02225127958547879,1.0
all,0.2000,cross-ppi,8,0.023667440327550943,1.0
all,0.2000,cross-ppi,9,0.022855776326125565,1.0
all,0.2000,cross-ppi,10,0.022931623631003983,0.0
all,0.2000,cross-ppi,11,0.023093153273459177,1.0
all,0.2000,cross-ppi,12,0.022269858086370498,1.0
all,0.2000,cross-ppi,13,0.022646703390859863,1.0
all,0.2000,cross-ppi,14,0.022642435702209363,1.0
all,0.2000,cross-ppi,15,0.02305575897504422,1.0
all,0.2000,cross-ppi,16,0.022366633128792945,1.0
all,0.2000,cross-ppi,17,0.023205933061000383,1.0
all,0.2000,cross-ppi,18,0.02277223695966757,1.0
all,0.2000,cross-ppi,19,0.022781564542646238,1.0
all,0.2000,cross-ppi,20,0.0227387671824667,1.0
all,0.2000,cross-ppi,21,0.023070657552788143,1.0
all,0.2000,cross-ppi,22,0.02279311358716793,1.0
all,0.2000,cross-ppi,23,0.023046248856195106,1.0
all,0.2000,cross-ppi,24,0.022629888186476488,1.0
all,0.2000,cross-ppi,25,0.022888470325877153,1.0
all,0.2000,cross-ppi,26,0.022709382558045887,1.0
all,0.2000,cross-ppi,27,0.023082241279125282,1.0
all,0.2000,cross-ppi,28,0.02307658449250083,1.0
all,0.2000,cross-ppi,29,0.02309011587657539,1.0
all,0.2000,cross-ppi,30,0.02288014669018587,1.0
all,0.2000,cross-ppi,31,0.022702391434208713,1.0
all,0.2000,cross-ppi,32,0.02321144381892848,1.0
all,0.2000,cross-ppi,33,0.022677803852462652,1.0
all,0.2000,cross-ppi,34,0.023032540412326358,1.0
all,0.2000,cross-ppi,35,0.022108364951089365,1.0
all,0.2000,cross-ppi,36,0.02224150844033501,1.0
all,0.2000,cross-ppi,37,0.02248893946341146,1.0
all,0.2000,cross-ppi,38,0.02312224766584603,1.0
all,0.2000,cross-ppi,39,0.023128952208366638,1.0
all,0.2000,cross-ppi,40,0.022999421103996692,1.0
all,0.2000,cross-ppi,41,0.022693472731579845,1.0
all,0.2000,cross-ppi,42,0.022979579454881688,1.0
all,0.2000,cross-ppi,43,0.023030472280914482,0.0
all,0.2000,cross-ppi,44,0.022962289657235124,1.0
all,0.2000,cross-ppi,45,0.023098114598417263,1.0
all,0.2000,cross-ppi,46,0.02260209162412838,1.0
all,0.2000,cross-ppi,47,0.023240764555794602,1.0
all,0.2000,cross-ppi,48,0.02302531016649889,1.0
all,0.2000,cross-ppi,49,0.02313746020528709,1.0
all,0.2000,cross-ppi,50,0.023276003105579868,1.0
all,0.2000,cross-ppi,51,0.022731732250020564,1.0
all,0.2000,cross-ppi,52,0.022779171497384954,1.0
all,0.2000,cross-ppi,53,0.023444980211548366,1.0
all,0.2000,cross-ppi,54,0.022693361384698824,1.0
all,0.2000,cross-ppi,55,0.022660939363394195,1.0
all,0.2000,cross-ppi,56,0.02291250482393581,1.0
all,0.2000,cross-ppi,57,0.022847649829174338,1.0
all,0.2000,cross-ppi,58,0.02275160675559229,1.0
all,0.2000,cross-ppi,59,0.02300180684782316,1.0
all,0.2000,cross-ppi,60,0.023016641538012417,1.0
all,0.2000,cross-ppi,61,0.023106994968513428,1.0
all,0.2000,cross-ppi,62,0.02282457364443538,1.0
all,0.2000,cross-ppi,63,0.022892309055232207,1.0
all,0.2000,cross-ppi,64,0.02266472515734677,1.0
all,0.2000,cross-ppi,65,0.02331537791818894,1.0
all,0.2000,cross-ppi,66,0.023303157141664088,1.0
all,0.2000,cross-ppi,67,0.022763708883801387,1.0
all,0.2000,cross-ppi,68,0.023105025406471524,1.0
all,0.2000,cross-ppi,69,0.02298442030616532,1.0
all,0.2000,cross-ppi,70,0.022581669510945396,1.0
all,0.2000,cross-ppi,71,0.022823733979431465,1.0
all,0.2000,cross-ppi,72,0.02259063749825929,1.0
all,0.2000,cross-ppi,73,0.02260095807637305,1.0
all,0.2000,cross-ppi,74,0.02278587421454692,1.0
all,0.2000,cross-ppi,75,0.022827859290103003,1.0
all,0.2000,cross-ppi,76,0.022906090513449162,1.0
all,0.2000,cross-ppi,77,0.023032638981696385,1.0
all,0.2000,cross-ppi,78,0.023112887226410694,1.0
all,0.2000,cross-ppi,79,0.022969384826518557,1.0
all,0.2000,cross-ppi,80,0.023112065814993782,1.0
all,0.2000,cross-ppi,81,0.022847887125805877,1.0
all,0.2000,cross-ppi,82,0.023060145312010505,1.0
all,0.2000,cross-ppi,83,0.023100901921158656,1.0
all,0.2000,cross-ppi,84,0.022020988680634984,1.0
all,0.2000,cross-ppi,85,0.022858580077095292,1.0
all,0.2000,cross-ppi,86,0.022659418839593548,1.0
all,0.2000,cross-ppi,87,0.02335988563947433,1.0
all,0.2000,cross-ppi,88,0.02325193940178194,1.0
all,0.2000,cross-ppi,89,0.022586382587119758,1.0
all,0.2000,cross-ppi,90,0.022805073337398035,1.0
all,0.2000,cross-ppi,91,0.023271512723167437,1.0
all,0.2000,cross-ppi,92,0.023067632933415294,1.0
all,0.2000,cross-ppi,93,0.022684128720372843,1.0
all,0.2000,cross-ppi,94,0.023219564839803586,1.0
all,0.2000,cross-ppi,95,0.022879787094521098,1.0
all,0.2000,cross-ppi,96,0.022992123319897195,1.0
all,0.2000,cross-ppi,97,0.022525023154276846,1.0
all,0.2000,cross-ppi,98,0.022674844946003025,1.0
all,0.2000,cross-ppi,99,0.022240811153309975,1.0
all,0.2000,cross-ppi,100,0.02306988725141501,1.0
all,0.2000,cross-ppi,101,0.022550987056485866,1.0
all,0.2000,cross-ppi,102,0.02267442876421852,1.0
all,0.2000,cross-ppi,103,0.02286129803620593,1.0
all,0.2000,cross-ppi,104,0.023265178728463787,1.0
all,0.2000,cross-ppi,105,0.023027447661541522,1.0
all,0.2000,cross-ppi,106,0.022827983414494907,1.0
all,0.2000,cross-ppi,107,0.022809105554775694,1.0
all,0.2000,cross-ppi,108,0.02283314005283435,1.0
all,0.2000,cross-ppi,109,0.023422862340129136,1.0
all,0.2000,cross-ppi,110,0.0226859650312293,1.0
all,0.2000,cross-ppi,111,0.023012339167546553,1.0
all,0.2000,cross-ppi,112,0.022508063746555784,1.0
all,0.2000,cross-ppi,113,0.02313644165513018,1.0
all,0.2000,cross-ppi,114,0.02273117186489837,1.0
all,0.2000,cross-ppi,115,0.02340057653570915,1.0
all,0.2000,cross-ppi,116,0.022670573606635158,1.0
all,0.2000,cross-ppi,117,0.023020082339169967,1.0
all,0.2000,cross-ppi,118,0.02273917971353387,1.0
all,0.2000,cross-ppi,119,0.023039431141434807,1.0
all,0.2000,cross-ppi,120,0.02306215138122647,1.0
all,0.2000,cross-ppi,121,0.02326249727652721,1.0
all,0.2000,cross-ppi,122,0.02310275283488472,1.0
all,0.2000,cross-ppi,123,0.023229372492121453,1.0
all,0.2000,cross-ppi,124,0.023105012628960586,1.0
all,0.2000,cross-ppi,125,0.022989620753113643,1.0
all,0.2000,cross-ppi,126,0.02276495560379635,1.0
all,0.2000,cross-ppi,127,0.022995544042108906,1.0
all,0.2000,cross-ppi,128,0.022325852789981587,1.0
all,0.2000,cross-ppi,129,0.023551057281927634,1.0
all,0.2000,cross-ppi,130,0.023045449349082703,1.0
all,0.2000,cross-ppi,131,0.022623612603251297,1.0
all,0.2000,cross-ppi,132,0.022918835167922147,1.0
all,0.2000,cross-ppi,133,0.02346801258767839,1.0
all,0.2000,cross-ppi,134,0.023429382521420683,1.0
all,0.2000,cross-ppi,135,0.023383757680608297,1.0
all,0.2000,cross-ppi,136,0.02284808608990463,1.0
all,0.2000,cross-ppi,137,0.022985953607476878,1.0
all,0.2000,cross-ppi,138,0.02303106187177595,1.0
all,0.2000,cross-ppi,139,0.02246609144851061,1.0
all,0.2000,cross-ppi,140,0.023043448755942886,1.0
all,0.2000,cross-ppi,141,0.022975868500635932,1.0
all,0.2000,cross-ppi,142,0.023219678012043277,1.0
all,0.2000,cross-ppi,143,0.022910925888656647,1.0
all,0.2000,cross-ppi,144,0.022919163732488923,1.0
all,0.2000,cross-ppi,145,0.022555216412603607,1.0
all,0.2000,cross-ppi,146,0.02254399228193127,1.0
all,0.2000,cross-ppi,147,0.023338970679441157,1.0
all,0.2000,cross-ppi,148,0.023067437620033937,1.0
all,0.2000,cross-ppi,149,0.02300649071825822,1.0
all,0.2000,cross-ppi,150,0.02343589540127733,1.0
all,0.2000,cross-ppi,151,0.02282290709193846,1.0
all,0.2000,cross-ppi,152,0.02218874462163034,1.0
all,0.2000,cross-ppi,153,0.023157718036186714,1.0
all,0.2000,cross-ppi,154,0.02249252629326534,1.0
all,0.2000,cross-ppi,155,0.02235359276620985,1.0
all,0.2000,cross-ppi,156,0.023010271036134733,1.0
all,0.2000,cross-ppi,157,0.023146263910317627,1.0
all,0.2000,cross-ppi,158,0.022310032406091973,1.0
all,0.2000,cross-ppi,159,0.022917168615425143,1.0
all,0.2000,cross-ppi,160,0.022898343691108353,1.0
all,0.2000,cross-ppi,161,0.02269378669327693,1.0
all,0.2000,cross-ppi,162,0.022913651149202074,1.0
all,0.2000,cross-ppi,163,0.022898557258076768,1.0
all,0.2000,cross-ppi,164,0.023091647352528222,1.0
all,0.2000,cross-ppi,165,0.022664922296086853,1.0
all,0.2000,cross-ppi,166,0.022747399303779003,1.0
all,0.2000,cross-ppi,167,0.022392744885057048,1.0
all,0.2000,cross-ppi,168,0.022943236563080394,1.0
all,0.2000,cross-ppi,169,0.022307394762764332,1.0
all,0.2000,cross-ppi,170,0.022879460355313075,1.0
all,0.2000,cross-ppi,171,0.022847118649791387,1.0
all,0.2000,cross-ppi,172,0.023167481879895674,1.0
all,0.2000,cross-ppi,173,0.02333431784010409,1.0
all,0.2000,cross-ppi,174,0.022961159760197192,1.0
all,0.2000,cross-ppi,175,0.022612808305080945,1.0
all,0.2000,cross-ppi,176,0.022953075246496146,1.0
all,0.2000,cross-ppi,177,0.022627798150760103,1.0
all,0.2000,cross-ppi,178,0.022839817214974495,1.0
all,0.2000,cross-ppi,179,0.0228162007240591,1.0
all,0.2000,cross-ppi,180,0.022561287555653897,1.0
all,0.2000,cross-ppi,181,0.02281152780577622,1.0
all,0.2000,cross-ppi,182,0.02253797955035952,1.0
all,0.2000,cross-ppi,183,0.02274592441394599,1.0
all,0.2000,cross-ppi,184,0.023082770633149452,1.0
all,0.2000,cross-ppi,185,0.02246341912336758,1.0
all,0.2000,cross-ppi,186,0.02349422291331249,1.0
all,0.2000,cross-ppi,187,0.02292622056923943,1.0
all,0.2000,cross-ppi,188,0.022799838208634293,1.0
all,0.2000,cross-ppi,189,0.022681960194232187,1.0
all,0.2000,cross-ppi,190,0.02296707392239894,1.0
all,0.2000,cross-ppi,191,0.022783765925243532,1.0
all,0.2000,cross-ppi,192,0.023092154802247994,1.0
all,0.2000,cross-ppi,193,0.022507216780117023,1.0
all,0.2000,cross-ppi,194,0.02284689595602951,1.0
all,0.2000,cross-ppi,195,0.022958586004424242,0.0
all,0.2000,cross-ppi,196,0.02333329381387106,1.0
all,0.2000,cross-ppi,197,0.022945846826027405,1.0
all,0.2000,cross-ppi,198,0.023399833614716536,1.0
all,0.2000,cross-ppi,199,0.022654853617474296,1.0
all,0.2000,cross-ppi,200,0.022580932066028847,1.0
all,0.2000,cross-ppi,201,0.02292250231355894,1.0
all,0.2000,cross-ppi,202,0.022896671662535284,1.0
all,0.2000,cross-ppi,203,0.022987559923136586,1.0
all,0.2000,cross-ppi,204,0.02263651058785543,1.0
all,0.2000,cross-ppi,205,0.022512815155262933,1.0
all,0.2000,cross-ppi,206,0.023361818694342062,1.0
all,0.2000,cross-ppi,207,0.023284489198195812,1.0
all,0.2000,cross-ppi,208,0.022923188648431708,1.0
all,0.2000,cross-ppi,209,0.022569456035855362,1.0
all,0.2000,cross-ppi,210,0.023064188481540376,1.0
all,0.2000,cross-ppi,211,0.023200641346116768,1.0
all,0.2000,cross-ppi,212,0.023313892076203713,1.0
all,0.2000,cross-ppi,213,0.023083710692882176,1.0
all,0.2000,cross-ppi,214,0.022655583760956,1.0
all,0.2000,cross-ppi,215,0.022864158373295473,1.0
all,0.2000,cross-ppi,216,0.022983252076594574,1.0
all,0.2000,cross-ppi,217,0.02290517965945571,1.0
all,0.2000,cross-ppi,218,0.02293488189629103,1.0
all,0.2000,cross-ppi,219,0.022792978510623785,1.0
all,0.2000,cross-ppi,220,0.023557723491915455,1.0
all,0.2000,cross-ppi,221,0.02268909734676572,1.0
all,0.2000,cross-ppi,222,0.02320595861602226,1.0
all,0.2000,cross-ppi,223,0.022832984897344533,1.0
all,0.2000,cross-ppi,224,0.023014639119513958,1.0
all,0.2000,cross-ppi,225,0.022692240614454406,1.0
all,0.2000,cross-ppi,226,0.02271178290474196,1.0
all,0.2000,cross-ppi,227,0.02324787067723022,1.0
all,0.2000,cross-ppi,228,0.02276256985996994,1.0
all,0.2000,cross-ppi,229,0.023426520358972414,1.0
all,0.2000,cross-ppi,230,0.02278595818104734,1.0
all,0.2000,cross-ppi,231,0.022564514789842977,1.0
all,0.2000,cross-ppi,232,0.02266344740625381,1.0
all,0.2000,cross-ppi,233,0.022941150178081404,1.0
all,0.2000,cross-ppi,234,0.02260633193239836,1.0
all,0.2000,cross-ppi,235,0.022945757383450838,1.0
all,0.2000,cross-ppi,236,0.02306958971794626,1.0
all,0.2000,cross-ppi,237,0.022836989734341562,1.0
all,0.2000,cross-ppi,238,0.02257854267148504,1.0
all,0.2000,cross-ppi,239,0.022559657510330983,1.0
all,0.2000,cross-ppi,240,0.02280417343555685,1.0
all,0.2000,cross-ppi,241,0.022789473821911654,1.0
all,0.2000,cross-ppi,242,0.02298609963617318,1.0
all,0.2000,cross-ppi,243,0.022797193263871862,1.0
all,0.2000,cross-ppi,244,0.022966464252591745,1.0
all,0.2000,cross-ppi,245,0.023014230239164157,1.0
all,0.2000,cross-ppi,246,0.02311232136521235,1.0
all,0.2000,cross-ppi,247,0.022941644850290266,1.0
all,0.2000,cross-ppi,248,0.023117808393477324,1.0
all,0.2000,cross-ppi,249,0.022268008998003075,1.0
all,0.2000,cross-ppi,250,0.02282689184998976,1.0
all,0.2000,cross-ppi,251,0.0232108432759148,1.0
all,0.2000,cross-ppi,252,0.022305083858644825,1.0
all,0.2000,cross-ppi,253,0.022328340753895448,1.0
all,0.2000,cross-ppi,254,0.022949333261152477,1.0
all,0.2000,cross-ppi,255,0.02271071689525872,1.0
all,0.2000,cross-ppi,256,0.022696678061464443,1.0
all,0.2000,cross-ppi,257,0.02271005429004913,1.0
all,0.2000,cross-ppi,258,0.022977909251667317,1.0
all,0.2000,cross-ppi,259,0.022916343553290863,1.0
all,0.2000,cross-ppi,260,0.022548214336614136,1.0
all,0.2000,cross-ppi,261,0.022965883788523794,1.0
all,0.2000,cross-ppi,262,0.02227395601666149,1.0
all,0.2000,cross-ppi,263,0.02332111684595506,1.0
all,0.2000,cross-ppi,264,0.02300805322530905,1.0
all,0.2000,cross-ppi,265,0.022544406638357106,0.0
all,0.2000,cross-ppi,266,0.022666758606943338,1.0
all,0.2000,cross-ppi,267,0.022585636015409666,1.0
all,0.2000,cross-ppi,268,0.023304684966899525,1.0
all,0.2000,cross-ppi,269,0.02348605625846978,1.0
all,0.2000,cross-ppi,270,0.02327151272316741,1.0
all,0.2000,cross-ppi,271,0.02330456266786629,1.0
all,0.2000,cross-ppi,272,0.02260178313850736,1.0
all,0.2000,cross-ppi,273,0.023166623961304644,1.0
all,0.2000,cross-ppi,274,0.022878631642461317,1.0
all,0.2000,cross-ppi,275,0.023048484920607848,1.0
all,0.2000,cross-ppi,276,0.02261911857012147,1.0
all,0.2000,cross-ppi,277,0.022690508349044097,1.0
all,0.2000,cross-ppi,278,0.022575662255449713,1.0
all,0.2000,cross-ppi,279,0.02303071687898084,1.0
all,0.2000,cross-ppi,280,0.022850831429395813,1.0
all,0.2000,cross-ppi,281,0.023303982203798368,1.0
all,0.2000,cross-ppi,282,0.023036326206278934,1.0
all,0.2000,cross-ppi,283,0.022653010005183022,0.0
all,0.2000,cross-ppi,284,0.023036169225430392,1.0
all,0.2000,cross-ppi,285,0.023041537605379525,1.0
all,0.2000,cross-ppi,286,0.02246729618525542,1.0
all,0.2000,cross-ppi,287,0.022906517647385938,1.0
all,0.2000,cross-ppi,288,0.023212152058105673,1.0
all,0.2000,cross-ppi,289,0.02279825562263771,1.0
all,0.2000,cross-ppi,290,0.022919700387947883,1.0
all,0.2000,cross-ppi,291,0.022524526656709315,1.0
all,0.2000,cross-ppi,292,0.022490122295851872,1.0
all,0.2000,cross-ppi,293,0.02299006796599623,1.0
all,0.2000,cross-ppi,294,0.023034812983913105,1.0
all,0.2000,cross-ppi,295,0.023171992341253805,1.0
all,0.2000,cross-ppi,296,0.022667496051859803,1.0
all,0.2000,cross-ppi,297,0.02299818351079519,1.0
all,0.2000,cross-ppi,298,0.022561844290058697,1.0
all,0.2000,cross-ppi,299,0.02320326621193347,1.0
all,0.2000,cross-ppi,300,0.022602549789163123,1.0
all,0.2000,cross-ppi,301,0.022717640480823892,1.0
all,0.2000,cross-ppi,302,0.02286859947102285,1.0
all,0.2000,cross-ppi,303,0.022672389838545887,1.0
all,0.2000,cross-ppi,304,0.022401858901067273,1.0
all,0.2000,cross-ppi,305,0.022823122484265546,1.0
all,0.2000,cross-ppi,306,0.022951071002638934,1.0
all,0.2000,cross-ppi,307,0.02298915528664411,1.0
all,0.2000,cross-ppi,308,0.022880604855220588,1.0
all,0.2000,cross-ppi,309,0.022395132454242156,1.0
all,0.2000,cross-ppi,310,0.02282526180466693,1.0
all,0.2000,cross-ppi,311,0.022564277493211438,1.0
all,0.2000,cross-ppi,312,0.023110791714618273,1.0
all,0.2000,cross-ppi,313,0.02333010673757341,1.0
all,0.2000,cross-ppi,314,0.02277327376341154,1.0
all,0.2000,cross-ppi,315,0.02302880572841748,1.0
all,0.2000,cross-ppi,316,0.022613795824139915,1.0
all,0.2000,cross-ppi,317,0.02245565587279849,1.0
all,0.2000,cross-ppi,318,0.0228038759020881,1.0
all,0.2000,cross-ppi,319,0.0223935498682456,1.0
all,0.2000,cross-ppi,320,0.022950014119949125,1.0
all,0.2000,cross-ppi,321,0.022565728653381273,1.0
all,0.2000,cross-ppi,322,0.022772733457235073,1.0
all,0.2000,cross-ppi,323,0.02274502633746353,1.0
all,0.2000,cross-ppi,324,0.023134358920848586,1.0
all,0.2000,cross-ppi,325,0.02313446114093609,1.0
all,0.2000,cross-ppi,326,0.022743301373488012,1.0
all,0.2000,cross-ppi,327,0.02270751704145013,1.0
all,0.2000,cross-ppi,328,0.02278377505203702,1.0
all,0.2000,cross-ppi,329,0.023099217115074677,1.0
all,0.2000,cross-ppi,330,0.023222348511827584,1.0
all,0.2000,cross-ppi,331,0.023119799859823598,1.0
all,0.2000,cross-ppi,332,0.022918714694247666,1.0
