group,prop_budget,method,seed,width,coverage
all,0.0100,cross-ppi,333,0.08152269785769317,1.0
all,0.0100,cross-ppi,334,0.09012429163154512,1.0
all,0.0100,cross-ppi,335,0.09598864532414322,1.0
all,0.0100,cross-ppi,336,0.07862615419129837,1.0
all,0.0100,cross-ppi,337,0.07970890523083238,1.0
all,0.0100,cross-ppi,338,0.09450960851585233,1.0
all,0.0100,cross-ppi,339,0.09607570059520529,1.0
all,0.0100,cross-ppi,340,0.10061656017667353,1.0
all,0.0100,cross-ppi,341,0.09968473753756299,1.0
all,0.0100,cross-ppi,342,0.08049046619267172,1.0
all,0.0100,cross-ppi,343,0.07873890838023581,1.0
all,0.0100,cross-ppi,344,0.09298670264344297,1.0
all,0.0100,cross-ppi,345,0.10538093005418323,1.0
all,0.0100,cross-ppi,346,0.08838381461394806,0.0
all,0.0100,cross-ppi,347,0.08866456864824057,1.0
all,0.0100,cross-ppi,348,0.09927504881475091,1.0
all,0.0100,cross-ppi,349,0.08397706085160694,1.0
all,0.0100,cross-ppi,350,0.09564837389616099,1.0
all,0.0100,cross-ppi,351,0.07821473586174066,1.0
all,0.0100,cross-ppi,352,0.09699856972826226,1.0
all,0.0100,cross-ppi,353,0.08561747803916,1.0
all,0.0100,cross-ppi,354,0.0904132118225015,1.0
all,0.0100,cross-ppi,355,0.0966650706407266,1.0
all,0.0100,cross-ppi,356,0.09312774952918224,1.0
all,0.0100,cross-ppi,357,0.09201576830348235,1.0
all,0.0100,cross-ppi,358,0.0837699337357661,1.0
all,0.0100,cross-ppi,359,0.10030287818449227,1.0
all,0.0100,cross-ppi,360,0.09857231035999159,1.0
all,0.0100,cross-ppi,361,0.08672146836802419,1.0
all,0.0100,cross-ppi,362,0.08534436118471153,1.0
all,0.0100,cross-ppi,363,0.0728645298307796,1.0
all,0.0100,cross-ppi,364,0.09237572160184304,0.0
all,0.0100,cross-ppi,365,0.07732619692519252,1.0
all,0.0100,cross-ppi,366,0.09127394365731323,1.0
all,0.0100,cross-ppi,367,0.09032838085224248,1.0
all,0.0100,cross-ppi,368,0.08760334766208189,1.0
all,0.0100,cross-ppi,369,0.07148661130085379,1.0
all,0.0100,cross-ppi,370,0.09592994451278891,1.0
all,0.0100,cross-ppi,371,0.09800495178627755,1.0
all,0.0100,cross-ppi,372,0.09156696791661698,1.0
all,0.0100,cross-ppi,373,0.07475565543387039,1.0
all,0.0100,cross-ppi,374,0.08301917059967859,1.0
all,0.0100,cross-ppi,375,0.09785526754490592,1.0
all,0.0100,cross-ppi,376,0.0812827687027361,1.0
all,0.0100,cross-ppi,377,0.08597623646512886,1.0
all,0.0100,cross-ppi,378,0.08217437643466885,1.0
all,0.0100,cross-ppi,379,0.08184581426089721,1.0
all,0.0100,cross-ppi,380,0.0822673816315043,1.0
all,0.0100,cross-ppi,381,0.08534426490807667,1.0
all,0.0100,cross-ppi,382,0.08843202327027455,1.0
all,0.0100,cross-ppi,383,0.08000886106715266,1.0
all,0.0100,cross-ppi,384,0.09390059761919342,1.0
all,0.0100,cross-ppi,385,0.08387854250214025,1.0
all,0.0100,cross-ppi,386,0.09097138781007011,1.0
all,0.0100,cross-ppi,387,0.09195152483674107,1.0
all,0.0100,cross-ppi,388,0.08619101016005612,1.0
all,0.0100,cross-ppi,389,0.08811850722579317,1.0
all,0.0100,cross-ppi,390,0.08380458202674793,1.0
all,0.0100,cross-ppi,391,0.06925829007161477,1.0
all,0.0100,cross-ppi,392,0.08118061580474267,1.0
all,0.0100,cross-ppi,393,0.09166519519792005,1.0
all,0.0100,cross-ppi,394,0.09815385391951603,1.0
all,0.0100,cross-ppi,395,0.09550238974443581,1.0
all,0.0100,cross-ppi,396,0.06535685576272143,0.0
all,0.0100,cross-ppi,397,0.10529665693587817,1.0
all,0.0100,cross-ppi,398,0.08819714166995918,1.0
all,0.0100,cross-ppi,399,0.09573544846681117,1.0
all,0.0100,cross-ppi,400,0.08525112957453163,1.0
all,0.0100,cross-ppi,401,0.0886211058604153,1.0
all,0.0100,cross-ppi,402,0.08886455701424267,1.0
all,0.0100,cross-ppi,403,0.09099221130550236,1.0
all,0.0100,cross-ppi,404,0.08536661432042048,1.0
all,0.0100,cross-ppi,405,0.08774396232226256,1.0
all,0.0100,cross-ppi,406,0.09599897861670537,1.0
all,0.0100,cross-ppi,407,0.08712511257983291,1.0
all,0.0100,cross-ppi,408,0.08730445393845787,1.0
all,0.0100,cross-ppi,409,0.10177426165971984,1.0
all,0.0100,cross-ppi,410,0.08671550760405422,1.0
all,0.0100,cross-ppi,411,0.0830291206468097,1.0
all,0.0100,cross-ppi,412,0.09663462369409703,1.0
all,0.0100,cross-ppi,413,0.08419212134811604,1.0
all,0.0100,cross-ppi,414,0.10083963472216884,1.0
all,0.0100,cross-ppi,415,0.10780666320756471,1.0
all,0.0100,cross-ppi,416,0.09731447107600819,1.0
all,0.0100,cross-ppi,417,0.0987367064190241,1.0
all,0.0100,cross-ppi,418,0.09031963448194694,1.0
all,0.0100,cross-ppi,419,0.07960690130667178,1.0
all,0.0100,cross-ppi,420,0.09304173779564329,1.0
all,0.0100,cross-ppi,421,0.09733841815546554,1.0
all,0.0100,cross-ppi,422,0.07838411125668321,1.0
all,0.0100,cross-ppi,423,0.08176411511799528,1.0
all,0.0100,cross-ppi,424,0.08699974219705472,1.0
all,0.0100,cross-ppi,425,0.08323332493314517,1.0
all,0.0100,cross-ppi,426,0.07590675295710267,1.0
all,0.0100,cross-ppi,427,0.08490383309039184,1.0
all,0.0100,cross-ppi,428,0.0804344609317883,1.0
all,0.0100,cross-ppi,429,0.09515639144928856,1.0
all,0.0100,cross-ppi,430,0.08561061361220335,1.0
all,0.0100,cross-ppi,431,0.09691351885194244,1.0
all,0.0100,cross-ppi,432,0.09671291241635016,1.0
all,0.0100,cross-ppi,433,0.08348052648472848,1.0
all,0.0100,cross-ppi,434,0.0899504812861801,1.0
all,0.0100,cross-ppi,435,0.08047475400107773,1.0
all,0.0100,cross-ppi,436,0.08230613162720524,1.0
all,0.0100,cross-ppi,437,0.0794769806439116,1.0
all,0.0100,cross-ppi,438,0.0924163111493661,1.0
all,0.0100,cross-ppi,439,0.0854726728587546,1.0
all,0.0100,cross-ppi,440,0.09376124728671717,1.0
all,0.0100,cross-ppi,441,0.09498134984069331,1.0
all,0.0100,cross-ppi,442,0.09537619169869693,1.0
all,0.0100,cross-ppi,443,0.08935351207606712,1.0
all,0.0100,cross-ppi,444,0.0889820136632109,1.0
all,0.0100,cross-ppi,445,0.09297582517248049,1.0
all,0.0100,cross-ppi,446,0.09512651018957063,1.0
all,0.0100,cross-ppi,447,0.09034285961177757,1.0
all,0.0100,cross-ppi,448,0.08153117543878616,1.0
all,0.0100,cross-ppi,449,0.08540055689296067,1.0
all,0.0100,cross-ppi,450,0.07936655769415568,1.0
all,0.0100,cross-ppi,451,0.08833610802153558,1.0
all,0.0100,cross-ppi,452,0.0908836294827049,1.0
all,0.0100,cross-ppi,453,0.09110795089608414,1.0
all,0.0100,cross-ppi,454,0.07931644294013096,1.0
all,0.0100,cross-ppi,455,0.08808287467992768,1.0
all,0.0100,cross-ppi,456,0.08792618995739529,1.0
all,0.0100,cross-ppi,457,0.10053692305828954,1.0
all,0.0100,cross-ppi,458,0.08097469255606002,1.0
all,0.0100,cross-ppi,459,0.09055552018939483,1.0
all,0.0100,cross-ppi,460,0.07846869291271685,1.0
all,0.0100,cross-ppi,461,0.10049407813659983,1.0
all,0.0100,cross-ppi,462,0.09644754196938288,1.0
all,0.0100,cross-ppi,463,0.08216854900739423,0.0
all,0.0100,cross-ppi,464,0.074216247183713,1.0
all,0.0100,cross-ppi,465,0.09656704808893124,1.0
all,0.0100,cross-ppi,466,0.08849919827357347,1.0
all,0.0100,cross-ppi,467,0.1004724999722019,1.0
all,0.0100,cross-ppi,468,0.09453669480170257,1.0
all,0.0100,cross-ppi,469,0.08480711765300938,1.0
all,0.0100,cross-ppi,470,0.0918812949206933,1.0
all,0.0100,cross-ppi,471,0.0982469210683237,1.0
all,0.0100,cross-ppi,472,0.08845147765310346,1.0
all,0.0100,cross-ppi,473,0.0986987679372755,1.0
all,0.0100,cross-ppi,474,0.10928175431805354,1.0
all,0.0100,cross-ppi,475,0.08178411529532406,1.0
all,0.0100,cross-ppi,476,0.08197977050152352,0.0
all,0.0100,cross-ppi,477,0.08126428462139168,1.0
all,0.0100,cross-ppi,478,0.07682726044647922,1.0
all,0.0100,cross-ppi,479,0.09262598965338653,1.0
all,0.0100,cross-ppi,480,0.09291650605604884,1.0
all,0.0100,cross-ppi,481,0.0837156101498524,1.0
all,0.0100,cross-ppi,482,0.07609837571093384,0.0
all,0.0100,cross-ppi,483,0.08037490248837661,1.0
all,0.0100,cross-ppi,484,0.07847852028655103,1.0
all,0.0100,cross-ppi,485,0.08511697713185062,0.0
all,0.0100,cross-ppi,486,0.09443792921005209,1.0
all,0.0100,cross-ppi,487,0.07907438746065001,1.0
all,0.0100,cross-ppi,488,0.08745232159750818,1.0
all,0.0100,cross-ppi,489,0.10044888597162893,1.0
all,0.0100,cross-ppi,490,0.09164491576655132,1.0
all,0.0100,cross-ppi,491,0.08580265846743318,1.0
all,0.0100,cross-ppi,492,0.08345997078606138,1.0
all,0.0100,cross-ppi,493,0.10305702749458934,1.0
all,0.0100,cross-ppi,494,0.08624608656063326,1.0
all,0.0100,cross-ppi,495,0.09491316225095692,1.0
all,0.0100,cross-ppi,496,0.08085295253006908,1.0
all,0.0100,cross-ppi,497,0.09579879297817981,1.0
all,0.0100,cross-ppi,498,0.10314271618451842,1.0
all,0.0100,cross-ppi,499,0.07539279051578873,0.0
all,0.0100,cross-ppi,500,0.0893790892393228,1.0
all,0.0100,cross-ppi,501,0.10436276263301092,1.0
all,0.0100,cross-ppi,502,0.09979387051185151,1.0
all,0.0100,cross-ppi,503,0.07873556857089381,1.0
all,0.0100,cross-ppi,504,0.09698195992530978,1.0
all,0.0100,cross-ppi,505,0.09980016697513294,1.0
all,0.0100,cross-ppi,506,0.08198339845553423,1.0
all,0.0100,cross-ppi,507,0.1017305575989936,1.0
all,0.0100,cross-ppi,508,0.09629828627249304,1.0
all,0.0100,cross-ppi,509,0.08623885304312695,1.0
all,0.0100,cross-ppi,510,0.08368958830479867,1.0
all,0.0100,cross-ppi,511,0.08570015662555433,0.0
all,0.0100,cross-ppi,512,0.09911464967887093,1.0
all,0.0100,cross-ppi,513,0.09129138479691612,1.0
all,0.0100,cross-ppi,514,0.08589414772299542,1.0
all,0.0100,cross-ppi,515,0.09306869179611396,1.0
all,0.0100,cross-ppi,516,0.10522397928765226,1.0
all,0.0100,cross-ppi,517,0.07207145344246246,1.0
all,0.0100,cross-ppi,518,0.08350615591244293,0.0
all,0.0100,cross-ppi,519,0.09520131721742328,1.0
all,0.0100,cross-ppi,520,0.09526187972073327,1.0
all,0.0100,cross-ppi,521,0.08725037934228042,1.0
all,0.0100,cross-ppi,522,0.08856279946307444,1.0
all,0.0100,cross-ppi,523,0.08464898000717813,1.0
all,0.0100,cross-ppi,524,0.09515506580106281,1.0
all,0.0100,cross-ppi,525,0.08738360986682481,1.0
all,0.0100,cross-ppi,526,0.08311689359915653,1.0
all,0.0100,cross-ppi,527,0.09248663848535399,1.0
all,0.0100,cross-ppi,528,0.0828288706240613,1.0
all,0.0100,cross-ppi,529,0.09588209652897561,1.0
all,0.0100,cross-ppi,530,0.10110100450846302,1.0
all,0.0100,cross-ppi,531,0.08198225012172564,1.0
all,0.0100,cross-ppi,532,0.08569691034503268,1.0
all,0.0100,cross-ppi,533,0.08656453449215629,1.0
all,0.0100,cross-ppi,534,0.0923926282484887,1.0
all,0.0100,cross-ppi,535,0.09690550536962683,0.0
all,0.0100,cross-ppi,536,0.08948654172866502,1.0
all,0.0100,cross-ppi,537,0.08230099866757642,1.0
all,0.0100,cross-ppi,538,0.08509783388888348,1.0
all,0.0100,cross-ppi,539,0.09182462593123286,1.0
all,0.0100,cross-ppi,540,0.09103344201989036,1.0
all,0.0100,cross-ppi,541,0.1011187970681181,1.0
all,0.0100,cross-ppi,542,0.07672430838311661,1.0
all,0.0100,cross-ppi,543,0.09410793629246939,1.0
all,0.0100,cross-ppi,544,0.08623342057030581,1.0
all,0.0100,cross-ppi,545,0.07920225108371381,1.0
all,0.0100,cross-ppi,546,0.09140246415658115,1.0
all,0.0100,cross-ppi,547,0.09276727256181305,1.0
all,0.0100,cross-ppi,548,0.08641166345005255,1.0
all,0.0100,cross-ppi,549,0.09114591207745612,1.0
all,0.0100,cross-ppi,550,0.08850689217326313,1.0
all,0.0100,cross-ppi,551,0.10260209064064318,1.0
all,0.0100,cross-ppi,552,0.09650581251587087,1.0
all,0.0100,cross-ppi,553,0.08596839875088191,1.0
all,0.0100,cross-ppi,554,0.08450871464033116,1.0
all,0.0100,cross-ppi,555,0.09574031508508218,1.0
all,0.0100,cross-ppi,556,0.09483016303171568,1.0
all,0.0100,cross-ppi,557,0.09212614430451971,1.0
all,0.0100,cross-ppi,558,0.09483831355115743,1.0
all,0.0100,cross-ppi,559,0.08981057913517454,1.0
all,0.0100,cross-ppi,560,0.08450211614949285,1.0
all,0.0100,cross-ppi,561,0.0900910659816285,1.0
all,0.0100,cross-ppi,562,0.08987894786336359,1.0
all,0.0100,cross-ppi,563,0.0924855183470438,1.0
all,0.0100,cross-ppi,564,0.0738678253048165,1.0
all,0.0100,cross-ppi,565,0.0849852718307669,1.0
all,0.0100,cross-ppi,566,0.08628151906404302,1.0
all,0.0100,cross-ppi,567,0.09705566882986452,1.0
all,0.0100,cross-ppi,568,0.08599451215721723,1.0
all,0.0100,cross-ppi,569,0.08142566523009387,1.0
all,0.0100,cross-ppi,570,0.09426234815674303,1.0
all,0.0100,cross-ppi,571,0.08919473622511442,1.0
all,0.0100,cross-ppi,572,0.09605462385501295,1.0
all,0.0100,cross-ppi,573,0.0885828386365464,1.0
all,0.0100,cross-ppi,574,0.09571792894149544,1.0
all,0.0100,cross-ppi,575,0.10321741684645547,1.0
all,0.0100,cross-ppi,576,0.08165592496025531,1.0
all,0.0100,cross-ppi,577,0.09111979985747334,1.0
all,0.0100,cross-ppi,578,0.08678538468811314,1.0
all,0.0100,cross-ppi,579,0.08825570124303184,1.0
all,0.0100,cross-ppi,580,0.07288131941660339,1.0
all,0.0100,cross-ppi,581,0.08724028511298298,1.0
all,0.0100,cross-ppi,582,0.10197702192127142,1.0
all,0.0100,cross-ppi,583,0.08906748803643427,1.0
all,0.0100,cross-ppi,584,0.08847317292506585,1.0
all,0.0100,cross-ppi,585,0.08219510261935359,1.0
all,0.0100,cross-ppi,586,0.0776871893585862,1.0
all,0.0100,cross-ppi,587,0.0861822193551964,1.0
all,0.0100,cross-ppi,588,0.09367048694161917,1.0
all,0.0100,cross-ppi,589,0.1012516960253359,1.0
all,0.0100,cross-ppi,590,0.09552675925016241,1.0
all,0.0100,cross-ppi,591,0.09158765121508136,1.0
all,0.0100,cross-ppi,592,0.08719590136152008,1.0
all,0.0100,cross-ppi,593,0.10788826749817623,1.0
all,0.0100,cross-ppi,594,0.08167075273161961,1.0
all,0.0100,cross-ppi,595,0.08950559653279788,1.0
all,0.0100,cross-ppi,596,0.09489704998456763,1.0
all,0.0100,cross-ppi,597,0.07758637747746089,0.0
all,0.0100,cross-ppi,598,0.08228397602518045,1.0
all,0.0100,cross-ppi,599,0.08529935854074577,1.0
all,0.0100,cross-ppi,600,0.08547054079515279,1.0
all,0.0100,cross-ppi,601,0.08347249055173067,0.0
all,0.0100,cross-ppi,602,0.08452915618386103,1.0
all,0.0100,cross-ppi,603,0.09706081158947633,1.0
all,0.0100,cross-ppi,604,0.10217333649493521,1.0
all,0.0100,cross-ppi,605,0.08387095474508899,1.0
all,0.0100,cross-ppi,606,0.0811074195529975,1.0
all,0.0100,cross-ppi,607,0.08327020972743926,1.0
all,0.0100,cross-ppi,608,0.08766307506469262,1.0
all,0.0100,cross-ppi,609,0.0846550147529542,1.0
all,0.0100,cross-ppi,610,0.10251581743757054,1.0
all,0.0100,cross-ppi,611,0.09413189937814193,1.0
all,0.0100,cross-ppi,612,0.08997362551984081,1.0
all,0.0100,cross-ppi,613,0.09623482324584587,1.0
all,0.0100,cross-ppi,614,0.0940559153824988,1.0
all,0.0100,cross-ppi,615,0.09114712271318873,1.0
all,0.0100,cross-ppi,616,0.08736834959996453,1.0
all,0.0100,cross-ppi,617,0.08931779629462733,1.0
all,0.0100,cross-ppi,618,0.09557802360754297,0.0
all,0.0100,cross-ppi,619,0.09286791885516965,1.0
all,0.0100,cross-ppi,620,0.08462821492535377,1.0
all,0.0100,cross-ppi,621,0.09082677052626395,1.0
all,0.0100,cross-ppi,622,0.0850216812823219,1.0
all,0.0100,cross-ppi,623,0.09136721886405574,1.0
all,0.0100,cross-ppi,624,0.0915378759741741,1.0
all,0.0100,cross-ppi,625,0.09429639719421623,1.0
all,0.0100,cross-ppi,626,0.08127451841072095,1.0
all,0.0100,cross-ppi,627,0.09001199917965494,1.0
all,0.0100,cross-ppi,628,0.0911873816449692,1.0
all,0.0100,cross-ppi,629,0.0797036392557122,1.0
all,0.0100,cross-ppi,630,0.08294284567584576,1.0
all,0.0100,cross-ppi,631,0.08695611061497688,1.0
all,0.0100,cross-ppi,632,0.07997857910457018,1.0
all,0.0100,cross-ppi,633,0.08844272204848028,1.0
all,0.0100,cross-ppi,634,0.09617004611377467,1.0
all,0.0100,cross-ppi,635,0.08169060116690297,1.0
all,0.0100,cross-ppi,636,0.08958249345125036,1.0
all,0.0100,cross-ppi,637,0.09663959900890104,1.0
all,0.0100,cross-ppi,638,0.0945082240884394,1.0
all,0.0100,cross-ppi,639,0.0887571771278233,1.0
all,0.0100,cross-ppi,640,0.099815709527149,1.0
all,0.0100,cross-ppi,641,0.0995387671666497,1.0
all,0.0100,cross-ppi,642,0.10368817054502741,1.0
all,0.0100,cross-ppi,643,0.07842276326901021,1.0
all,0.0100,cross-ppi,644,0.0997669797631513,1.0
all,0.0100,cross-ppi,645,0.08632100374425569,1.0
all,0.0100,cross-ppi,646,0.09551066932258812,1.0
all,0.0100,cross-ppi,647,0.08671568006410388,1.0
all,0.0100,cross-ppi,648,0.10161671600320796,1.0
all,0.0100,cross-ppi,649,0.0968708498401463,1.0
all,0.0100,cross-ppi,650,0.0895681815402217,1.0
all,0.0100,cross-ppi,651,0.10396352590477653,1.0
all,0.0100,cross-ppi,652,0.0927580239294361,1.0
all,0.0100,cross-ppi,653,0.08370310712281903,1.0
all,0.0100,cross-ppi,654,0.10028173147002686,1.0
all,0.0100,cross-ppi,655,0.1020016608068679,1.0
all,0.0100,cross-ppi,656,0.09504187037407819,1.0
all,0.0100,cross-ppi,657,0.0942051093045447,1.0
all,0.0100,cross-ppi,658,0.09498472935417956,1.0
all,0.0100,cross-ppi,659,0.10237043281350722,1.0
all,0.0100,cross-ppi,660,0.08258155739610731,1.0
all,0.0100,cross-ppi,661,0.09750038825863208,1.0
all,0.0100,cross-ppi,662,0.09997876594038288,1.0
all,0.0100,cross-ppi,663,0.07418297811226207,1.0
all,0.0100,cross-ppi,664,0.08716751472589643,1.0
all,0.0100,cross-ppi,665,0.07373145844980211,1.0
all,0.0200,cross-ppi,333,0.05906320846507743,1.0
all,0.0200,cross-ppi,334,0.061207252546937374,1.0
all,0.0200,cross-ppi,335,0.06568307236308568,1.0
all,0.0200,cross-ppi,336,0.06701719241806992,1.0
all,0.0200,cross-ppi,337,0.06369984006042961,1.0
all,0.0200,cross-ppi,338,0.06387465916342328,1.0
all,0.0200,cross-ppi,339,0.06041183865651634,1.0
all,0.0200,cross-ppi,340,0.0668833363285557,1.0
all,0.0200,cross-ppi,341,0.06592127391810432,1.0
all,0.0200,cross-ppi,342,0.06708705927831862,1.0
all,0.0200,cross-ppi,343,0.059033830150652666,1.0
all,0.0200,cross-ppi,344,0.06286016307773767,1.0
all,0.0200,cross-ppi,345,0.06722182479068839,0.0
all,0.0200,cross-ppi,346,0.06671570931129778,1.0
all,0.0200,cross-ppi,347,0.059224587519695365,1.0
all,0.0200,cross-ppi,348,0.05940045884866643,1.0
all,0.0200,cross-ppi,349,0.05765710722104653,1.0
all,0.0200,cross-ppi,350,0.06115895701441729,1.0
all,0.0200,cross-ppi,351,0.06758493772156868,1.0
all,0.0200,cross-ppi,352,0.06462200620728675,1.0
all,0.0200,cross-ppi,353,0.06316488822701494,1.0
all,0.0200,cross-ppi,354,0.05873192759193868,1.0
all,0.0200,cross-ppi,355,0.063582277013296,1.0
all,0.0200,cross-ppi,356,0.06361200518194776,1.0
all,0.0200,cross-ppi,357,0.06576416068408586,1.0
all,0.0200,cross-ppi,358,0.05767457303904788,1.0
all,0.0200,cross-ppi,359,0.07043069928698939,1.0
all,0.0200,cross-ppi,360,0.06118603790211197,1.0
all,0.0200,cross-ppi,361,0.07163075700339228,1.0
all,0.0200,cross-ppi,362,0.06457377063870895,1.0
all,0.0200,cross-ppi,363,0.06132341093455129,1.0
all,0.0200,cross-ppi,364,0.05681080506709893,1.0
all,0.0200,cross-ppi,365,0.06423734740354747,1.0
all,0.0200,cross-ppi,366,0.06096728637471338,1.0
all,0.0200,cross-ppi,367,0.0659823056226142,1.0
all,0.0200,cross-ppi,368,0.06423901265364695,1.0
all,0.0200,cross-ppi,369,0.06066418629686621,1.0
all,0.0200,cross-ppi,370,0.05817156731978165,1.0
all,0.0200,cross-ppi,371,0.06374307316880692,1.0
all,0.0200,cross-ppi,372,0.06274681988733355,1.0
all,0.0200,cross-ppi,373,0.0691009574591982,1.0
all,0.0200,cross-ppi,374,0.07226335998072764,1.0
all,0.0200,cross-ppi,375,0.06251656966024385,1.0
all,0.0200,cross-ppi,376,0.05592695255822397,0.0
all,0.0200,cross-ppi,377,0.06263635166140527,1.0
all,0.0200,cross-ppi,378,0.05718094659001749,1.0
all,0.0200,cross-ppi,379,0.0638521982560124,1.0
all,0.0200,cross-ppi,380,0.06454239636338752,1.0
all,0.0200,cross-ppi,381,0.060645677705429835,1.0
all,0.0200,cross-ppi,382,0.06149860355746026,1.0
all,0.0200,cross-ppi,383,0.05827269734431875,1.0
all,0.0200,cross-ppi,384,0.060646345961708065,1.0
all,0.0200,cross-ppi,385,0.06400225660470685,1.0
all,0.0200,cross-ppi,386,0.06656224347909723,1.0
all,0.0200,cross-ppi,387,0.0603558469246642,1.0
all,0.0200,cross-ppi,388,0.06557524168465478,1.0
all,0.0200,cross-ppi,389,0.06962622282311026,1.0
all,0.0200,cross-ppi,390,0.06353901017126717,1.0
all,0.0200,cross-ppi,391,0.06075394853770691,1.0
all,0.0200,cross-ppi,392,0.061980992939032226,1.0
all,0.0200,cross-ppi,393,0.07042940458173583,1.0
all,0.0200,cross-ppi,394,0.05845665244796974,1.0
all,0.0200,cross-ppi,395,0.06577164387571335,1.0
all,0.0200,cross-ppi,396,0.06037252505728383,1.0
all,0.0200,cross-ppi,397,0.06851486203314305,1.0
all,0.0200,cross-ppi,398,0.07207945975804397,1.0
all,0.0200,cross-ppi,399,0.05800350779635269,1.0
all,0.0200,cross-ppi,400,0.06301437922072092,1.0
all,0.0200,cross-ppi,401,0.06811323181017451,1.0
all,0.0200,cross-ppi,402,0.0675369981778482,1.0
all,0.0200,cross-ppi,403,0.060091491479776216,1.0
all,0.0200,cross-ppi,404,0.06562769890203102,0.0
all,0.0200,cross-ppi,405,0.06495931762533447,1.0
all,0.0200,cross-ppi,406,0.06038082306323478,1.0
all,0.0200,cross-ppi,407,0.06724266749680677,1.0
all,0.0200,cross-ppi,408,0.06692432192689934,1.0
all,0.0200,cross-ppi,409,0.05869735044073607,1.0
all,0.0200,cross-ppi,410,0.06175164065608374,1.0
all,0.0200,cross-ppi,411,0.061423305220073304,1.0
all,0.0200,cross-ppi,412,0.06786648981656285,1.0
all,0.0200,cross-ppi,413,0.06451730214756302,1.0
all,0.0200,cross-ppi,414,0.06543840060121223,1.0
all,0.0200,cross-ppi,415,0.06180942152610702,0.0
all,0.0200,cross-ppi,416,0.06855116939438999,1.0
all,0.0200,cross-ppi,417,0.05456713151449366,1.0
all,0.0200,cross-ppi,418,0.0642483581810703,1.0
all,0.0200,cross-ppi,419,0.06978752562329049,1.0
all,0.0200,cross-ppi,420,0.06588159173983563,1.0
all,0.0200,cross-ppi,421,0.061633177793152444,1.0
all,0.0200,cross-ppi,422,0.06801740137122025,1.0
all,0.0200,cross-ppi,423,0.06543309698079772,1.0
all,0.0200,cross-ppi,424,0.07238447306768611,1.0
all,0.0200,cross-ppi,425,0.06894559575877446,1.0
all,0.0200,cross-ppi,426,0.0615939539430187,1.0
all,0.0200,cross-ppi,427,0.0670245875609353,1.0
all,0.0200,cross-ppi,428,0.06036383883794594,1.0
all,0.0200,cross-ppi,429,0.062355872584329924,1.0
all,0.0200,cross-ppi,430,0.06665437672161423,1.0
all,0.0200,cross-ppi,431,0.06364453856651184,1.0
all,0.0200,cross-ppi,432,0.060499995380746685,1.0
all,0.0200,cross-ppi,433,0.06016305132354738,1.0
all,0.0200,cross-ppi,434,0.061736959287402415,1.0
all,0.0200,cross-ppi,435,0.06380297062011653,0.0
all,0.0200,cross-ppi,436,0.06604757600772648,1.0
all,0.0200,cross-ppi,437,0.06296437856330706,1.0
all,0.0200,cross-ppi,438,0.060542013854196775,1.0
all,0.0200,cross-ppi,439,0.0656378156054451,1.0
all,0.0200,cross-ppi,440,0.06276398944863415,0.0
all,0.0200,cross-ppi,441,0.06214830477563382,1.0
all,0.0200,cross-ppi,442,0.06265164217547137,1.0
all,0.0200,cross-ppi,443,0.0653007626504647,1.0
all,0.0200,cross-ppi,444,0.06141248199039903,1.0
all,0.0200,cross-ppi,445,0.0567057914457304,1.0
all,0.0200,cross-ppi,446,0.06457326385452633,1.0
all,0.0200,cross-ppi,447,0.06326747586755865,1.0
all,0.0200,cross-ppi,448,0.06645225940852892,1.0
all,0.0200,cross-ppi,449,0.06030284600163893,1.0
all,0.0200,cross-ppi,450,0.06425268649877336,1.0
all,0.0200,cross-ppi,451,0.07160087435929785,1.0
all,0.0200,cross-ppi,452,0.06579044558769331,1.0
all,0.0200,cross-ppi,453,0.06116283058600713,1.0
all,0.0200,cross-ppi,454,0.059086625663639064,0.0
all,0.0200,cross-ppi,455,0.06709354564811901,1.0
all,0.0200,cross-ppi,456,0.06441240643674151,1.0
all,0.0200,cross-ppi,457,0.06531179548348176,1.0
all,0.0200,cross-ppi,458,0.06484671488452698,1.0
all,0.0200,cross-ppi,459,0.06345613575943224,1.0
all,0.0200,cross-ppi,460,0.06550415618413219,1.0
all,0.0200,cross-ppi,461,0.06628294419916617,1.0
all,0.0200,cross-ppi,462,0.06029581315375565,1.0
all,0.0200,cross-ppi,463,0.06782299400582151,1.0
all,0.0200,cross-ppi,464,0.05479582184057433,1.0
all,0.0200,cross-ppi,465,0.061331603360201076,1.0
all,0.0200,cross-ppi,466,0.06194452883861534,1.0
all,0.0200,cross-ppi,467,0.06585023871547258,1.0
all,0.0200,cross-ppi,468,0.06715676719981334,1.0
all,0.0200,cross-ppi,469,0.056193185929533485,1.0
all,0.0200,cross-ppi,470,0.06599903222600012,1.0
all,0.0200,cross-ppi,471,0.06313270861395404,1.0
all,0.0200,cross-ppi,472,0.06672249883480086,0.0
all,0.0200,cross-ppi,473,0.06253595240957524,1.0
all,0.0200,cross-ppi,474,0.06602980405801484,1.0
all,0.0200,cross-ppi,475,0.06912117085278002,1.0
all,0.0200,cross-ppi,476,0.0630997225731601,1.0
all,0.0200,cross-ppi,477,0.06451891691074782,1.0
all,0.0200,cross-ppi,478,0.06422752031932932,1.0
all,0.0200,cross-ppi,479,0.06023724273668574,1.0
all,0.0200,cross-ppi,480,0.06073050516790046,1.0
all,0.0200,cross-ppi,481,0.06724362940789874,0.0
all,0.0200,cross-ppi,482,0.06356920777293992,1.0
all,0.0200,cross-ppi,483,0.06200816903323711,1.0
all,0.0200,cross-ppi,484,0.059907924073317464,1.0
all,0.0200,cross-ppi,485,0.06014850312667522,1.0
all,0.0200,cross-ppi,486,0.06258464925420959,1.0
all,0.0200,cross-ppi,487,0.06394485960156093,1.0
all,0.0200,cross-ppi,488,0.0611095778207188,1.0
all,0.0200,cross-ppi,489,0.06889081434015101,1.0
all,0.0200,cross-ppi,490,0.06408661190457254,1.0
all,0.0200,cross-ppi,491,0.06613121019044366,1.0
all,0.0200,cross-ppi,492,0.06153518267332403,1.0
all,0.0200,cross-ppi,493,0.07070065547255108,1.0
all,0.0200,cross-ppi,494,0.05949154085365749,1.0
all,0.0200,cross-ppi,495,0.06453301007784085,1.0
all,0.0200,cross-ppi,496,0.06994513857522941,1.0
all,0.0200,cross-ppi,497,0.06797592114356257,0.0
all,0.0200,cross-ppi,498,0.06120059551494561,1.0
all,0.0200,cross-ppi,499,0.06440523434128875,1.0
all,0.0200,cross-ppi,500,0.06156711969952844,1.0
all,0.0200,cross-ppi,501,0.06090135526623375,0.0
all,0.0200,cross-ppi,502,0.06265313910581496,1.0
all,0.0200,cross-ppi,503,0.06613203099015963,1.0
all,0.0200,cross-ppi,504,0.06732839654404144,1.0
all,0.0200,cross-ppi,505,0.06003242564062558,1.0
all,0.0200,cross-ppi,506,0.061104931561575704,0.0
all,0.0200,cross-ppi,507,0.057825452430604246,1.0
all,0.0200,cross-ppi,508,0.06459695531112905,1.0
all,0.0200,cross-ppi,509,0.06408249293375812,1.0
all,0.0200,cross-ppi,510,0.06289216098880748,1.0
all,0.0200,cross-ppi,511,0.06427769002672068,1.0
all,0.0200,cross-ppi,512,0.06344448230604385,1.0
all,0.0200,cross-ppi,513,0.0703073867419769,1.0
all,0.0200,cross-ppi,514,0.07072988686458695,1.0
all,0.0200,cross-ppi,515,0.06264326526102001,1.0
all,0.0200,cross-ppi,516,0.06322725691018746,1.0
all,0.0200,cross-ppi,517,0.06615520421785781,0.0
all,0.0200,cross-ppi,518,0.06976646820047072,1.0
all,0.0200,cross-ppi,519,0.06854158403065827,1.0
all,0.0200,cross-ppi,520,0.05592966073734129,1.0
all,0.0200,cross-ppi,521,0.061199723503918224,1.0
all,0.0200,cross-ppi,522,0.06248829960928856,1.0
all,0.0200,cross-ppi,523,0.058720249806156755,1.0
all,0.0200,cross-ppi,524,0.0661947818109041,1.0
all,0.0200,cross-ppi,525,0.062066043788781805,1.0
all,0.0200,cross-ppi,526,0.06057024101555522,1.0
all,0.0200,cross-ppi,527,0.060345949969592194,1.0
all,0.0200,cross-ppi,528,0.06165205611370564,1.0
all,0.0200,cross-ppi,529,0.060596423488007894,1.0
all,0.0200,cross-ppi,530,0.06306393852160641,1.0
all,0.0200,cross-ppi,531,0.06074038989484573,1.0
all,0.0200,cross-ppi,532,0.059462791731028974,1.0
all,0.0200,cross-ppi,533,0.06405046074321119,1.0
all,0.0200,cross-ppi,534,0.07047156244898678,1.0
all,0.0200,cross-ppi,535,0.06126019547249564,1.0
all,0.0200,cross-ppi,536,0.06383735257303269,1.0
all,0.0200,cross-ppi,537,0.06422200015001922,1.0
all,0.0200,cross-ppi,538,0.06133685289942584,1.0
all,0.0200,cross-ppi,539,0.06785259094673801,1.0
all,0.0200,cross-ppi,540,0.06868701621471518,1.0
all,0.0200,cross-ppi,541,0.07293497928939185,1.0
all,0.0200,cross-ppi,542,0.0706224305110219,1.0
all,0.0200,cross-ppi,543,0.0623711639303286,1.0
all,0.0200,cross-ppi,544,0.06454489712072797,1.0
all,0.0200,cross-ppi,545,0.0612416103467224,1.0
all,0.0200,cross-ppi,546,0.06544670239543504,1.0
all,0.0200,cross-ppi,547,0.06085447349653292,1.0
all,0.0200,cross-ppi,548,0.06748028373877704,1.0
all,0.0200,cross-ppi,549,0.06294081652136432,1.0
all,0.0200,cross-ppi,550,0.05911823707435615,1.0
all,0.0200,cross-ppi,551,0.06522631477250629,1.0
all,0.0200,cross-ppi,552,0.06933934565073549,1.0
all,0.0200,cross-ppi,553,0.06576905745363673,1.0
all,0.0200,cross-ppi,554,0.07318172390600575,1.0
all,0.0200,cross-ppi,555,0.06417701443346432,1.0
all,0.0200,cross-ppi,556,0.06503405932015979,1.0
all,0.0200,cross-ppi,557,0.0639673588926353,1.0
all,0.0200,cross-ppi,558,0.06512077353680801,1.0
all,0.0200,cross-ppi,559,0.06806258082746675,1.0
all,0.0200,cross-ppi,560,0.05736257658956487,1.0
all,0.0200,cross-ppi,561,0.06391735410019583,1.0
all,0.0200,cross-ppi,562,0.06504587423114258,0.0
all,0.0200,cross-ppi,563,0.05787171221568832,1.0
all,0.0200,cross-ppi,564,0.06145988648459197,1.0
all,0.0200,cross-ppi,565,0.06022202581416772,1.0
all,0.0200,cross-ppi,566,0.06886197852152487,1.0
all,0.0200,cross-ppi,567,0.06040999885592224,1.0
all,0.0200,cross-ppi,568,0.06724695534546876,1.0
all,0.0200,cross-ppi,569,0.07096570008499958,1.0
all,0.0200,cross-ppi,570,0.059616094855746926,0.0
all,0.0200,cross-ppi,571,0.067492487288637,0.0
all,0.0200,cross-ppi,572,0.06861889834054338,1.0
all,0.0200,cross-ppi,573,0.06667737203764013,1.0
all,0.0200,cross-ppi,574,0.0591509249638644,1.0
all,0.0200,cross-ppi,575,0.0678744439043214,1.0
all,0.0200,cross-ppi,576,0.06376786706608181,1.0
all,0.0200,cross-ppi,577,0.06173818351147922,1.0
all,0.0200,cross-ppi,578,0.06107229179495477,1.0
all,0.0200,cross-ppi,579,0.06296807086467127,1.0
all,0.0200,cross-ppi,580,0.07070828256682649,1.0
all,0.0200,cross-ppi,581,0.06649683602823994,1.0
all,0.0200,cross-ppi,582,0.06368085599077433,1.0
all,0.0200,cross-ppi,583,0.06205891629935567,1.0
all,0.0200,cross-ppi,584,0.06289417691979879,1.0
all,0.0200,cross-ppi,585,0.061471765143712,1.0
all,0.0200,cross-ppi,586,0.06445175110070978,1.0
all,0.0200,cross-ppi,587,0.06100019211766283,1.0
all,0.0200,cross-ppi,588,0.06293424158019878,1.0
all,0.0200,cross-ppi,589,0.06698483099931687,1.0
all,0.0200,cross-ppi,590,0.0633762167868133,1.0
all,0.0200,cross-ppi,591,0.06189107523572901,1.0
all,0.0200,cross-ppi,592,0.060555062599536885,1.0
all,0.0200,cross-ppi,593,0.06503114664390164,1.0
all,0.0200,cross-ppi,594,0.062426559133483606,1.0
all,0.0200,cross-ppi,595,0.05828765561860308,1.0
all,0.0200,cross-ppi,596,0.06623473569551805,1.0
all,0.0200,cross-ppi,597,0.059947720002167304,0.0
all,0.0200,cross-ppi,598,0.059148455968457,1.0
all,0.0200,cross-ppi,599,0.06423114396676632,1.0
all,0.0200,cross-ppi,600,0.05700284427786351,1.0
all,0.0200,cross-ppi,601,0.06315790576063826,1.0
all,0.0200,cross-ppi,602,0.06306783751459824,1.0
all,0.0200,cross-ppi,603,0.05792565833040067,1.0
all,0.0200,cross-ppi,604,0.05716749149444514,1.0
all,0.0200,cross-ppi,605,0.07085413023319675,1.0
all,0.0200,cross-ppi,606,0.0645309122624097,1.0
all,0.0200,cross-ppi,607,0.06132887318750546,1.0
all,0.0200,cross-ppi,608,0.06018175163037762,1.0
all,0.0200,cross-ppi,609,0.0580003384737271,1.0
all,0.0200,cross-ppi,610,0.06204010227054113,1.0
all,0.0200,cross-ppi,611,0.06531008957830753,1.0
all,0.0200,cross-ppi,612,0.07295194473414313,0.0
all,0.0200,cross-ppi,613,0.06782859609660519,1.0
all,0.0200,cross-ppi,614,0.06400920930508802,1.0
all,0.0200,cross-ppi,615,0.05931462935625487,1.0
all,0.0200,cross-ppi,616,0.06547008806412236,1.0
all,0.0200,cross-ppi,617,0.06658849846551274,1.0
all,0.0200,cross-ppi,618,0.06485974828687402,1.0
all,0.0200,cross-ppi,619,0.06722325560814102,1.0
all,0.0200,cross-ppi,620,0.06687221038918623,1.0
all,0.0200,cross-ppi,621,0.059661501742524936,1.0
all,0.0200,cross-ppi,622,0.06060113323045521,1.0
all,0.0200,cross-ppi,623,0.0637142950302898,1.0
all,0.0200,cross-ppi,624,0.05893766889357832,1.0
all,0.0200,cross-ppi,625,0.05805849164421928,1.0
all,0.0200,cross-ppi,626,0.06655146578730853,1.0
all,0.0200,cross-ppi,627,0.06085092076881429,1.0
all,0.0200,cross-ppi,628,0.06670334855599136,1.0
all,0.0200,cross-ppi,629,0.06014344015492004,1.0
all,0.0200,cross-ppi,630,0.06345194640833565,1.0
all,0.0200,cross-ppi,631,0.06025629718939926,1.0
all,0.0200,cross-ppi,632,0.05952253387036566,1.0
all,0.0200,cross-ppi,633,0.0631240427560886,1.0
all,0.0200,cross-ppi,634,0.07047105486824223,1.0
all,0.0200,cross-ppi,635,0.05358015627201329,1.0
all,0.0200,cross-ppi,636,0.06885218182662725,1.0
all,0.0200,cross-ppi,637,0.06066555459988951,1.0
all,0.0200,cross-ppi,638,0.06356088993828399,1.0
all,0.0200,cross-ppi,639,0.06240667170235714,1.0
all,0.0200,cross-ppi,640,0.05584991051213953,1.0
all,0.0200,cross-ppi,641,0.06333540990181452,1.0
all,0.0200,cross-ppi,642,0.06467729469189909,1.0
all,0.0200,cross-ppi,643,0.0584765531364011,1.0
all,0.0200,cross-ppi,644,0.061926666193760416,1.0
all,0.0200,cross-ppi,645,0.06731394877184349,1.0
all,0.0200,cross-ppi,646,0.05555489060433927,0.0
all,0.0200,cross-ppi,647,0.06741877574673708,1.0
all,0.0200,cross-ppi,648,0.06624066052086955,1.0
all,0.0200,cross-ppi,649,0.06353034577091277,1.0
all,0.0200,cross-ppi,650,0.07166744512269985,0.0
all,0.0200,cross-ppi,651,0.06445987354441221,1.0
all,0.0200,cross-ppi,652,0.06867931049392118,1.0
all,0.0200,cross-ppi,653,0.06313423856088174,1.0
all,0.0200,cross-ppi,654,0.06399757463992775,1.0
all,0.0200,cross-ppi,655,0.0613708131552369,0.0
all,0.0200,cross-ppi,656,0.06833113128680465,1.0
all,0.0200,cross-ppi,657,0.06499611595394528,1.0
all,0.0200,cross-ppi,658,0.06166059180019867,1.0
all,0.0200,cross-ppi,659,0.06003129061821891,0.0
all,0.0200,cross-ppi,660,0.060984318129174264,1.0
all,0.0200,cross-ppi,661,0.061308124058791796,1.0
all,0.0200,cross-ppi,662,0.05725097345179467,1.0
all,0.0200,cross-ppi,663,0.059081373229469686,1.0
all,0.0200,cross-ppi,664,0.06343168000552132,1.0
all,0.0200,cross-ppi,665,0.06922052616870858,1.0
all,0.0300,cross-ppi,333,0.049634388943478935,1.0
all,0.0300,cross-ppi,334,0.053254502740667675,1.0
all,0.0300,cross-ppi,335,0.05297338667453966,0.0
all,0.0300,cross-ppi,336,0.05198217204494407,1.0
all,0.0300,cross-ppi,337,0.05515646341308564,1.0
all,0.0300,cross-ppi,338,0.04838963500317395,1.0
all,0.0300,cross-ppi,339,0.054511715629142116,1.0
all,0.0300,cross-ppi,340,0.05341748108392674,1.0
all,0.0300,cross-ppi,341,0.052759876951147894,1.0
all,0.0300,cross-ppi,342,0.050795419602881225,1.0
all,0.0300,cross-ppi,343,0.052741289413115844,1.0
all,0.0300,cross-ppi,344,0.04924502561653518,1.0
all,0.0300,cross-ppi,345,0.04739002823329255,1.0
all,0.0300,cross-ppi,346,0.05335668337084232,1.0
all,0.0300,cross-ppi,347,0.052514191438203434,1.0
all,0.0300,cross-ppi,348,0.05649743351731165,1.0
all,0.0300,cross-ppi,349,0.0523448935818317,1.0
all,0.0300,cross-ppi,350,0.050438644702524266,1.0
all,0.0300,cross-ppi,351,0.053918816461314495,1.0
all,0.0300,cross-ppi,352,0.05566434230315753,1.0
all,0.0300,cross-ppi,353,0.050818788097378165,1.0
all,0.0300,cross-ppi,354,0.04760142798370637,0.0
all,0.0300,cross-ppi,355,0.05287904616206518,1.0
all,0.0300,cross-ppi,356,0.05091401637729265,1.0
all,0.0300,cross-ppi,357,0.05349934133972892,1.0
all,0.0300,cross-ppi,358,0.05238466305711628,1.0
all,0.0300,cross-ppi,359,0.05299414964049076,1.0
all,0.0300,cross-ppi,360,0.05285430167024874,1.0
all,0.0300,cross-ppi,361,0.053716341063265505,1.0
all,0.0300,cross-ppi,362,0.05205309084415666,1.0
all,0.0300,cross-ppi,363,0.05690741729178028,1.0
all,0.0300,cross-ppi,364,0.04711807321458325,1.0
all,0.0300,cross-ppi,365,0.05313878505960734,1.0
all,0.0300,cross-ppi,366,0.05298894735198212,1.0
all,0.0300,cross-ppi,367,0.054956185360093474,1.0
all,0.0300,cross-ppi,368,0.054786323743801574,1.0
all,0.0300,cross-ppi,369,0.05023632153334345,1.0
all,0.0300,cross-ppi,370,0.05508288880021639,1.0
all,0.0300,cross-ppi,371,0.05382173577864413,1.0
all,0.0300,cross-ppi,372,0.05382671868404598,1.0
all,0.0300,cross-ppi,373,0.05045737824336197,1.0
all,0.0300,cross-ppi,374,0.0550447917034077,1.0
all,0.0300,cross-ppi,375,0.05360500290697054,1.0
all,0.0300,cross-ppi,376,0.052029088584123806,1.0
all,0.0300,cross-ppi,377,0.05526355381352141,1.0
all,0.0300,cross-ppi,378,0.05218423159314722,1.0
all,0.0300,cross-ppi,379,0.05231355293383311,1.0
all,0.0300,cross-ppi,380,0.051618241066817755,1.0
all,0.0300,cross-ppi,381,0.055161643411413164,1.0
all,0.0300,cross-ppi,382,0.05106977759932463,1.0
all,0.0300,cross-ppi,383,0.0523042182727573,1.0
all,0.0300,cross-ppi,384,0.050647826401003626,1.0
all,0.0300,cross-ppi,385,0.051523717382647743,1.0
all,0.0300,cross-ppi,386,0.053677451976318985,1.0
all,0.0300,cross-ppi,387,0.05434855285175766,1.0
all,0.0300,cross-ppi,388,0.050353220799364884,1.0
all,0.0300,cross-ppi,389,0.05516751600167211,1.0
all,0.0300,cross-ppi,390,0.050527001054569975,1.0
all,0.0300,cross-ppi,391,0.054019133671776354,1.0
all,0.0300,cross-ppi,392,0.05007677746472894,1.0
all,0.0300,cross-ppi,393,0.05587176049912135,1.0
all,0.0300,cross-ppi,394,0.05049616898753917,1.0
all,0.0300,cross-ppi,395,0.05292920757501751,1.0
all,0.0300,cross-ppi,396,0.057581868171102224,1.0
all,0.0300,cross-ppi,397,0.051725009334900984,0.0
all,0.0300,cross-ppi,398,0.05019432229932716,1.0
all,0.0300,cross-ppi,399,0.05463292806721132,1.0
all,0.0300,cross-ppi,400,0.04958885917084779,1.0
all,0.0300,cross-ppi,401,0.048348128293493886,0.0
all,0.0300,cross-ppi,402,0.04951905563205272,1.0
all,0.0300,cross-ppi,403,0.05344531717255685,1.0
all,0.0300,cross-ppi,404,0.05601535684470582,1.0
all,0.0300,cross-ppi,405,0.0502224905496802,1.0
all,0.0300,cross-ppi,406,0.050237591579289115,1.0
all,0.0300,cross-ppi,407,0.049080167580400375,1.0
all,0.0300,cross-ppi,408,0.05441735165740702,1.0
all,0.0300,cross-ppi,409,0.05411818550682035,1.0
all,0.0300,cross-ppi,410,0.051673057351540264,1.0
all,0.0300,cross-ppi,411,0.05150513896507489,1.0
all,0.0300,cross-ppi,412,0.05334046958469629,1.0
all,0.0300,cross-ppi,413,0.05364160826119024,1.0
all,0.0300,cross-ppi,414,0.05692013405160387,1.0
all,0.0300,cross-ppi,415,0.05327945018512903,1.0
all,0.0300,cross-ppi,416,0.05341940761808964,1.0
all,0.0300,cross-ppi,417,0.052869052001155104,1.0
all,0.0300,cross-ppi,418,0.05426343993911151,1.0
all,0.0300,cross-ppi,419,0.05576093696436901,1.0
all,0.0300,cross-ppi,420,0.04732088328026285,1.0
all,0.0300,cross-ppi,421,0.05161167430848004,1.0
all,0.0300,cross-ppi,422,0.05077101965133701,1.0
all,0.0300,cross-ppi,423,0.05087074447168127,1.0
all,0.0300,cross-ppi,424,0.05595656926727696,1.0
all,0.0300,cross-ppi,425,0.049016142590545986,1.0
all,0.0300,cross-ppi,426,0.05220968783655444,1.0
all,0.0300,cross-ppi,427,0.05211677938584777,1.0
all,0.0300,cross-ppi,428,0.0525226562432867,1.0
all,0.0300,cross-ppi,429,0.051778539835745874,0.0
all,0.0300,cross-ppi,430,0.05192755750556266,1.0
all,0.0300,cross-ppi,431,0.05016270511438056,1.0
all,0.0300,cross-ppi,432,0.05120889623481151,1.0
all,0.0300,cross-ppi,433,0.054046292997296685,1.0
all,0.0300,cross-ppi,434,0.05721430427404672,1.0
all,0.0300,cross-ppi,435,0.050640894449246576,1.0
all,0.0300,cross-ppi,436,0.050412755452585195,1.0
all,0.0300,cross-ppi,437,0.05385929451814109,1.0
all,0.0300,cross-ppi,438,0.0506062949268663,1.0
all,0.0300,cross-ppi,439,0.0535189931773703,1.0
all,0.0300,cross-ppi,440,0.054387792279471964,1.0
all,0.0300,cross-ppi,441,0.05631993979826255,1.0
all,0.0300,cross-ppi,442,0.05559741812897723,1.0
all,0.0300,cross-ppi,443,0.05026536737174592,1.0
all,0.0300,cross-ppi,444,0.054416317655612195,1.0
all,0.0300,cross-ppi,445,0.05085518643481168,1.0
all,0.0300,cross-ppi,446,0.05526547466816922,1.0
all,0.0300,cross-ppi,447,0.05147610500606459,1.0
all,0.0300,cross-ppi,448,0.055492059577590847,1.0
all,0.0300,cross-ppi,449,0.05229195069971401,1.0
all,0.0300,cross-ppi,450,0.05158930437501774,1.0
all,0.0300,cross-ppi,451,0.05148670398018851,1.0
all,0.0300,cross-ppi,452,0.05547333031994858,1.0
all,0.0300,cross-ppi,453,0.05319010278396763,1.0
all,0.0300,cross-ppi,454,0.05868573866637372,1.0
all,0.0300,cross-ppi,455,0.05448887249575152,1.0
all,0.0300,cross-ppi,456,0.05534442196433975,1.0
all,0.0300,cross-ppi,457,0.05542322758960716,1.0
all,0.0300,cross-ppi,458,0.052858423285110256,1.0
all,0.0300,cross-ppi,459,0.054129422217663925,1.0
all,0.0300,cross-ppi,460,0.048725963097984715,1.0
all,0.0300,cross-ppi,461,0.0548727501309666,1.0
all,0.0300,cross-ppi,462,0.05393047867318901,1.0
all,0.0300,cross-ppi,463,0.05130064692441971,1.0
all,0.0300,cross-ppi,464,0.05016746199912203,1.0
all,0.0300,cross-ppi,465,0.04891582479089193,1.0
all,0.0300,cross-ppi,466,0.05305083100794902,1.0
all,0.0300,cross-ppi,467,0.050852748969137274,1.0
all,0.0300,cross-ppi,468,0.05331526892555927,1.0
all,0.0300,cross-ppi,469,0.05825602546037034,1.0
all,0.0300,cross-ppi,470,0.04911200742526958,1.0
all,0.0300,cross-ppi,471,0.05803518344184588,0.0
all,0.0300,cross-ppi,472,0.058086523326910444,1.0
all,0.0300,cross-ppi,473,0.05249043576504389,1.0
all,0.0300,cross-ppi,474,0.05175871526414491,1.0
all,0.0300,cross-ppi,475,0.05642556643575036,1.0
all,0.0300,cross-ppi,476,0.05342136689473609,1.0
all,0.0300,cross-ppi,477,0.051806290142614286,1.0
all,0.0300,cross-ppi,478,0.04991836372104044,1.0
all,0.0300,cross-ppi,479,0.049845915034151284,1.0
all,0.0300,cross-ppi,480,0.05443253703826337,1.0
all,0.0300,cross-ppi,481,0.05304577068507088,1.0
all,0.0300,cross-ppi,482,0.05333125493199764,1.0
all,0.0300,cross-ppi,483,0.05357939551445279,1.0
all,0.0300,cross-ppi,484,0.0509386864302617,1.0
all,0.0300,cross-ppi,485,0.050609281526588085,1.0
all,0.0300,cross-ppi,486,0.0553990640113855,1.0
all,0.0300,cross-ppi,487,0.05012698634005297,1.0
all,0.0300,cross-ppi,488,0.05169798898237557,1.0
all,0.0300,cross-ppi,489,0.05200055688589181,1.0
all,0.0300,cross-ppi,490,0.054871222278984555,1.0
all,0.0300,cross-ppi,491,0.05189764315470849,1.0
all,0.0300,cross-ppi,492,0.04822291133665188,1.0
all,0.0300,cross-ppi,493,0.05300857541837278,1.0
all,0.0300,cross-ppi,494,0.05387799754196518,1.0
all,0.0300,cross-ppi,495,0.0505367511210382,1.0
all,0.0300,cross-ppi,496,0.05437788273649355,1.0
all,0.0300,cross-ppi,497,0.052541507946086585,1.0
all,0.0300,cross-ppi,498,0.048963481262907504,1.0
all,0.0300,cross-ppi,499,0.05520431783152446,0.0
all,0.0300,cross-ppi,500,0.04753249895007616,1.0
all,0.0300,cross-ppi,501,0.049685688469754824,1.0
all,0.0300,cross-ppi,502,0.052676398992443585,1.0
all,0.0300,cross-ppi,503,0.05144185001678117,1.0
all,0.0300,cross-ppi,504,0.05041786203683074,1.0
all,0.0300,cross-ppi,505,0.05707826316941386,1.0
all,0.0300,cross-ppi,506,0.05368545567275573,1.0
all,0.0300,cross-ppi,507,0.05147474865078858,1.0
all,0.0300,cross-ppi,508,0.04914887688518055,0.0
all,0.0300,cross-ppi,509,0.04805463893073106,1.0
all,0.0300,cross-ppi,510,0.0509512473584284,1.0
all,0.0300,cross-ppi,511,0.05488226650270489,1.0
all,0.0300,cross-ppi,512,0.05717229387864975,0.0
all,0.0300,cross-ppi,513,0.05473525131081447,1.0
all,0.0300,cross-ppi,514,0.05230724978560711,1.0
all,0.0300,cross-ppi,515,0.04838624249803447,1.0
all,0.0300,cross-ppi,516,0.052255242387204276,1.0
all,0.0300,cross-ppi,517,0.054821388811586685,1.0
all,0.0300,cross-ppi,518,0.052008422404820176,1.0
all,0.0300,cross-ppi,519,0.05516932387866469,1.0
all,0.0300,cross-ppi,520,0.0535060888549688,1.0
all,0.0300,cross-ppi,521,0.0498461912456514,1.0
all,0.0300,cross-ppi,522,0.04807915046088318,0.0
all,0.0300,cross-ppi,523,0.052500163628122376,1.0
all,0.0300,cross-ppi,524,0.0506420418916691,1.0
all,0.0300,cross-ppi,525,0.05046489757986536,1.0
all,0.0300,cross-ppi,526,0.05538635965227315,1.0
all,0.0300,cross-ppi,527,0.04910939446405996,0.0
all,0.0300,cross-ppi,528,0.05222765461431114,1.0
all,0.0300,cross-ppi,529,0.04869840685703475,1.0
all,0.0300,cross-ppi,530,0.05022678677240086,1.0
all,0.0300,cross-ppi,531,0.052622228478155564,0.0
all,0.0300,cross-ppi,532,0.05092940968879997,1.0
all,0.0300,cross-ppi,533,0.05066833685021374,1.0
all,0.0300,cross-ppi,534,0.054274501845639284,1.0
all,0.0300,cross-ppi,535,0.04620464805177227,1.0
all,0.0300,cross-ppi,536,0.052327121200280796,1.0
all,0.0300,cross-ppi,537,0.049043573609928254,1.0
all,0.0300,cross-ppi,538,0.05422017751699959,1.0
all,0.0300,cross-ppi,539,0.04903193835380046,1.0
all,0.0300,cross-ppi,540,0.04838282975385133,1.0
all,0.0300,cross-ppi,541,0.05191013443260217,1.0
all,0.0300,cross-ppi,542,0.049633341037593426,1.0
all,0.0300,cross-ppi,543,0.04847824612164739,1.0
all,0.0300,cross-ppi,544,0.051269061387585135,1.0
all,0.0300,cross-ppi,545,0.05315708615731696,1.0
all,0.0300,cross-ppi,546,0.047346535422618574,1.0
all,0.0300,cross-ppi,547,0.054974637956879846,1.0
all,0.0300,cross-ppi,548,0.05285252601890733,1.0
all,0.0300,cross-ppi,549,0.052616344509081925,1.0
all,0.0300,cross-ppi,550,0.05556912770735978,1.0
all,0.0300,cross-ppi,551,0.051972424958713015,1.0
all,0.0300,cross-ppi,552,0.055690818863239566,1.0
all,0.0300,cross-ppi,553,0.050422688721534215,1.0
all,0.0300,cross-ppi,554,0.053494068205154455,1.0
all,0.0300,cross-ppi,555,0.05109161597343237,1.0
all,0.0300,cross-ppi,556,0.05508520692085758,1.0
all,0.0300,cross-ppi,557,0.052148568718012656,1.0
all,0.0300,cross-ppi,558,0.04996483588226683,1.0
all,0.0300,cross-ppi,559,0.050627826941615384,1.0
all,0.0300,cross-ppi,560,0.050773294862281215,1.0
all,0.0300,cross-ppi,561,0.049705702317487166,1.0
all,0.0300,cross-ppi,562,0.04945838774985045,1.0
all,0.0300,cross-ppi,563,0.048999858922888245,1.0
all,0.0300,cross-ppi,564,0.05425725208319743,1.0
all,0.0300,cross-ppi,565,0.05298307264581692,1.0
all,0.0300,cross-ppi,566,0.04998091971797125,1.0
all,0.0300,cross-ppi,567,0.05389269316297163,1.0
all,0.0300,cross-ppi,568,0.05367983802219123,1.0
all,0.0300,cross-ppi,569,0.05513556054981242,1.0
all,0.0300,cross-ppi,570,0.05327906828280368,1.0
all,0.0300,cross-ppi,571,0.05485169776356602,1.0
all,0.0300,cross-ppi,572,0.04896833252565558,1.0
all,0.0300,cross-ppi,573,0.05497703049221106,1.0
all,0.0300,cross-ppi,574,0.053700051653174014,1.0
all,0.0300,cross-ppi,575,0.05193747019645856,1.0
all,0.0300,cross-ppi,576,0.05636682429257034,1.0
all,0.0300,cross-ppi,577,0.04750023071707543,1.0
all,0.0300,cross-ppi,578,0.05484172624596931,1.0
all,0.0300,cross-ppi,579,0.05423792946503181,1.0
all,0.0300,cross-ppi,580,0.0488637438889421,1.0
all,0.0300,cross-ppi,581,0.045306362862353455,1.0
all,0.0300,cross-ppi,582,0.04589655521701444,1.0
all,0.0300,cross-ppi,583,0.051659853433561054,1.0
all,0.0300,cross-ppi,584,0.05249858667767404,1.0
all,0.0300,cross-ppi,585,0.05473481616884013,1.0
all,0.0300,cross-ppi,586,0.05200063168353988,1.0
all,0.0300,cross-ppi,587,0.04607192004640415,1.0
all,0.0300,cross-ppi,588,0.05209108107372129,1.0
all,0.0300,cross-ppi,589,0.050223826917791814,1.0
all,0.0300,cross-ppi,590,0.051705265610450635,1.0
all,0.0300,cross-ppi,591,0.05081478409073634,1.0
all,0.0300,cross-ppi,592,0.0508007942783365,1.0
all,0.0300,cross-ppi,593,0.05558213415602331,1.0
all,0.0300,cross-ppi,594,0.05168793190253829,1.0
all,0.0300,cross-ppi,595,0.05188679558417464,1.0
all,0.0300,cross-ppi,596,0.052507942075693204,1.0
all,0.0300,cross-ppi,597,0.0519749013960942,1.0
all,0.0300,cross-ppi,598,0.05045333795628126,1.0
all,0.0300,cross-ppi,599,0.051088308134709215,1.0
all,0.0300,cross-ppi,600,0.05485715971986496,1.0
all,0.0300,cross-ppi,601,0.05769236340035577,1.0
all,0.0300,cross-ppi,602,0.047592555486318355,1.0
all,0.0300,cross-ppi,603,0.05664634882172492,1.0
all,0.0300,cross-ppi,604,0.051425856308647044,1.0
all,0.0300,cross-ppi,605,0.05009661033690885,1.0
all,0.0300,cross-ppi,606,0.054947048471179816,1.0
all,0.0300,cross-ppi,607,0.04785651258848331,0.0
all,0.0300,cross-ppi,608,0.05297655455350278,1.0
all,0.0300,cross-ppi,609,0.05270826289295508,1.0
all,0.0300,cross-ppi,610,0.051848079594406515,1.0
all,0.0300,cross-ppi,611,0.054513143429584354,1.0
all,0.0300,cross-ppi,612,0.054762728075155226,1.0
all,0.0300,cross-ppi,613,0.0497023562072898,0.0
all,0.0300,cross-ppi,614,0.05208987405731566,1.0
all,0.0300,cross-ppi,615,0.04734583728784547,1.0
all,0.0300,cross-ppi,616,0.05053356742799053,1.0
all,0.0300,cross-ppi,617,0.048780008879686615,1.0
all,0.0300,cross-ppi,618,0.052042543056575075,1.0
all,0.0300,cross-ppi,619,0.04988523735714681,1.0
all,0.0300,cross-ppi,620,0.052561133451292985,1.0
all,0.0300,cross-ppi,621,0.05442321068036127,1.0
all,0.0300,cross-ppi,622,0.05603825670406415,1.0
all,0.0300,cross-ppi,623,0.053396405473589564,1.0
all,0.0300,cross-ppi,624,0.05568588248144926,1.0
all,0.0300,cross-ppi,625,0.0508933638404826,1.0
all,0.0300,cross-ppi,626,0.05020778268206039,1.0
all,0.0300,cross-ppi,627,0.04966549006211099,1.0
all,0.0300,cross-ppi,628,0.055252637553362405,1.0
all,0.0300,cross-ppi,629,0.04935757068401339,1.0
all,0.0300,cross-ppi,630,0.0565253616299419,1.0
all,0.0300,cross-ppi,631,0.05027142155184916,1.0
all,0.0300,cross-ppi,632,0.05329922706660939,1.0
all,0.0300,cross-ppi,633,0.05489519009729171,1.0
all,0.0300,cross-ppi,634,0.05191694478444875,1.0
all,0.0300,cross-ppi,635,0.049265849742005985,1.0
all,0.0300,cross-ppi,636,0.054038030652833996,1.0
all,0.0300,cross-ppi,637,0.05571509195925595,1.0
all,0.0300,cross-ppi,638,0.05247453077199096,1.0
all,0.0300,cross-ppi,639,0.04947760289854142,1.0
all,0.0300,cross-ppi,640,0.04964618142157562,1.0
all,0.0300,cross-ppi,641,0.05426315466378551,1.0
all,0.0300,cross-ppi,642,0.05145296885758974,1.0
all,0.0300,cross-ppi,643,0.05090904309076058,1.0
all,0.0300,cross-ppi,644,0.05691403545920262,1.0
all,0.0300,cross-ppi,645,0.053423606244762084,1.0
all,0.0300,cross-ppi,646,0.05792117512595307,1.0
all,0.0300,cross-ppi,647,0.05618358592406389,1.0
all,0.0300,cross-ppi,648,0.055745758093251996,1.0
all,0.0300,cross-ppi,649,0.057374487318625045,1.0
all,0.0300,cross-ppi,650,0.04752370108449863,1.0
all,0.0300,cross-ppi,651,0.04990395418890403,1.0
all,0.0300,cross-ppi,652,0.05782170024602362,1.0
all,0.0300,cross-ppi,653,0.055804484385702596,1.0
all,0.0300,cross-ppi,654,0.049321102700022545,1.0
all,0.0300,cross-ppi,655,0.05360306676956794,1.0
all,0.0300,cross-ppi,656,0.0532297101046737,1.0
all,0.0300,cross-ppi,657,0.052493654647935206,1.0
all,0.0300,cross-ppi,658,0.05582563502268589,1.0
all,0.0300,cross-ppi,659,0.05113763714600794,1.0
all,0.0300,cross-ppi,660,0.05046114280042002,1.0
all,0.0300,cross-ppi,661,0.05400604879539064,1.0
all,0.0300,cross-ppi,662,0.046497366778192356,1.0
all,0.0300,cross-ppi,663,0.05798701940576856,1.0
all,0.0300,cross-ppi,664,0.05050295143300698,1.0
all,0.0300,cross-ppi,665,0.049441752149371965,1.0
all,0.0400,cross-ppi,333,0.04717454216976802,1.0
all,0.0400,cross-ppi,334,0.047515171963656955,1.0
all,0.0400,cross-ppi,335,0.04441484158975273,1.0
all,0.0400,cross-ppi,336,0.04574840415295542,1.0
all,0.0400,cross-ppi,337,0.04691151754411638,1.0
all,0.0400,cross-ppi,338,0.04693554751015902,1.0
all,0.0400,cross-ppi,339,0.04764368517382511,1.0
all,0.0400,cross-ppi,340,0.04806530287650215,1.0
all,0.0400,cross-ppi,341,0.048172771862124875,1.0
all,0.0400,cross-ppi,342,0.04861044994697153,1.0
all,0.0400,cross-ppi,343,0.04538638365292105,1.0
all,0.0400,cross-ppi,344,0.047315117462322975,1.0
all,0.0400,cross-ppi,345,0.0447726217697495,1.0
all,0.0400,cross-ppi,346,0.04695324951204882,1.0
all,0.0400,cross-ppi,347,0.04511037797546649,1.0
all,0.0400,cross-ppi,348,0.048638584672737295,1.0
all,0.0400,cross-ppi,349,0.044789696059000184,1.0
all,0.0400,cross-ppi,350,0.04533186915443663,1.0
all,0.0400,cross-ppi,351,0.042837796639595416,1.0
all,0.0400,cross-ppi,352,0.04821311791219951,1.0
all,0.0400,cross-ppi,353,0.04762478053533417,1.0
all,0.0400,cross-ppi,354,0.04913599326462681,1.0
all,0.0400,cross-ppi,355,0.047722614768335614,1.0
all,0.0400,cross-ppi,356,0.049591758666511526,1.0
all,0.0400,cross-ppi,357,0.04880584017502476,1.0
all,0.0400,cross-ppi,358,0.045316268231839985,1.0
all,0.0400,cross-ppi,359,0.04576845746763669,1.0
all,0.0400,cross-ppi,360,0.0448921480776818,1.0
all,0.0400,cross-ppi,361,0.0473555760669524,1.0
all,0.0400,cross-ppi,362,0.045227388951775443,1.0
all,0.0400,cross-ppi,363,0.0441518584362359,1.0
all,0.0400,cross-ppi,364,0.044742401703160906,1.0
all,0.0400,cross-ppi,365,0.043698659173429744,1.0
all,0.0400,cross-ppi,366,0.04611834200533649,1.0
all,0.0400,cross-ppi,367,0.04560288089486075,1.0
all,0.0400,cross-ppi,368,0.04720559059159271,1.0
all,0.0400,cross-ppi,369,0.05140083292717834,1.0
all,0.0400,cross-ppi,370,0.04376548839174396,1.0
all,0.0400,cross-ppi,371,0.04984860229809185,1.0
all,0.0400,cross-ppi,372,0.04909366685413841,1.0
all,0.0400,cross-ppi,373,0.045740354704105785,1.0
all,0.0400,cross-ppi,374,0.044848750578585395,1.0
all,0.0400,cross-ppi,375,0.047882666588755174,1.0
all,0.0400,cross-ppi,376,0.04712992492698073,1.0
all,0.0400,cross-ppi,377,0.044726984392887276,1.0
all,0.0400,cross-ppi,378,0.0424784046314538,1.0
all,0.0400,cross-ppi,379,0.04547234299261749,1.0
all,0.0400,cross-ppi,380,0.047008045337555454,1.0
all,0.0400,cross-ppi,381,0.046842269869505154,1.0
all,0.0400,cross-ppi,382,0.04549043321542787,1.0
all,0.0400,cross-ppi,383,0.04781344378632757,1.0
all,0.0400,cross-ppi,384,0.0453137824361709,1.0
all,0.0400,cross-ppi,385,0.04584844687005471,1.0
all,0.0400,cross-ppi,386,0.04775033409551058,1.0
all,0.0400,cross-ppi,387,0.04277043832184049,1.0
all,0.0400,cross-ppi,388,0.045465913974119115,1.0
all,0.0400,cross-ppi,389,0.04594476079363219,1.0
all,0.0400,cross-ppi,390,0.047172285408758924,1.0
all,0.0400,cross-ppi,391,0.047879547968254305,1.0
all,0.0400,cross-ppi,392,0.04477124419330658,1.0
all,0.0400,cross-ppi,393,0.04582641740793428,1.0
all,0.0400,cross-ppi,394,0.04467236706934452,1.0
all,0.0400,cross-ppi,395,0.04548843446474227,1.0
all,0.0400,cross-ppi,396,0.04684993716879993,1.0
all,0.0400,cross-ppi,397,0.04546788810539382,1.0
all,0.0400,cross-ppi,398,0.042937398009913474,1.0
all,0.0400,cross-ppi,399,0.04799297581700157,1.0
all,0.0400,cross-ppi,400,0.04297303164054181,1.0
all,0.0400,cross-ppi,401,0.044298930169216044,1.0
all,0.0400,cross-ppi,402,0.0474380409236371,1.0
all,0.0400,cross-ppi,403,0.045879490962394326,1.0
all,0.0400,cross-ppi,404,0.04543602156161153,1.0
all,0.0400,cross-ppi,405,0.047696426020862104,1.0
all,0.0400,cross-ppi,406,0.046329842201426774,1.0
all,0.0400,cross-ppi,407,0.04448067799032948,1.0
all,0.0400,cross-ppi,408,0.04243447935914424,0.0
all,0.0400,cross-ppi,409,0.04381909016860344,1.0
all,0.0400,cross-ppi,410,0.045170020393957566,1.0
all,0.0400,cross-ppi,411,0.04730924086802299,1.0
all,0.0400,cross-ppi,412,0.04762578737348677,1.0
all,0.0400,cross-ppi,413,0.04908943484078343,1.0
all,0.0400,cross-ppi,414,0.04529980009859558,1.0
all,0.0400,cross-ppi,415,0.044609332943859714,1.0
all,0.0400,cross-ppi,416,0.04698792328856696,1.0
all,0.0400,cross-ppi,417,0.04864317019489217,1.0
all,0.0400,cross-ppi,418,0.04512981857346324,1.0
all,0.0400,cross-ppi,419,0.04819694360608115,1.0
all,0.0400,cross-ppi,420,0.04506620686113105,1.0
all,0.0400,cross-ppi,421,0.04396639163119975,1.0
all,0.0400,cross-ppi,422,0.04205877814960424,1.0
all,0.0400,cross-ppi,423,0.04557029464779802,1.0
all,0.0400,cross-ppi,424,0.045244863645238165,1.0
all,0.0400,cross-ppi,425,0.04434570903212409,1.0
all,0.0400,cross-ppi,426,0.04676806309038836,1.0
all,0.0400,cross-ppi,427,0.044122347721682886,0.0
all,0.0400,cross-ppi,428,0.0442411138587917,1.0
all,0.0400,cross-ppi,429,0.04443905798899797,1.0
all,0.0400,cross-ppi,430,0.044704279177074535,1.0
all,0.0400,cross-ppi,431,0.046314605663469455,1.0
all,0.0400,cross-ppi,432,0.045855576036078594,1.0
all,0.0400,cross-ppi,433,0.043911643454162985,1.0
all,0.0400,cross-ppi,434,0.046998961559061,1.0
all,0.0400,cross-ppi,435,0.041795786142041574,1.0
all,0.0400,cross-ppi,436,0.045726797173104655,1.0
all,0.0400,cross-ppi,437,0.043125059776979335,1.0
all,0.0400,cross-ppi,438,0.04701496656289714,1.0
all,0.0400,cross-ppi,439,0.04330221260822151,1.0
all,0.0400,cross-ppi,440,0.043218257772425606,1.0
all,0.0400,cross-ppi,441,0.04671128333179167,1.0
all,0.0400,cross-ppi,442,0.04272638228352946,1.0
all,0.0400,cross-ppi,443,0.04436108322763385,1.0
all,0.0400,cross-ppi,444,0.04439711226118648,1.0
all,0.0400,cross-ppi,445,0.044808554639305664,1.0
all,0.0400,cross-ppi,446,0.04205029373085578,1.0
all,0.0400,cross-ppi,447,0.047698933771681745,1.0
all,0.0400,cross-ppi,448,0.04487589640620415,1.0
all,0.0400,cross-ppi,449,0.04469998395602218,1.0
all,0.0400,cross-ppi,450,0.048485720138459865,1.0
all,0.0400,cross-ppi,451,0.04607915223417536,1.0
all,0.0400,cross-ppi,452,0.04783048855759109,1.0
all,0.0400,cross-ppi,453,0.045627080324719294,1.0
all,0.0400,cross-ppi,454,0.04679038647271827,1.0
all,0.0400,cross-ppi,455,0.04431327972541299,1.0
all,0.0400,cross-ppi,456,0.048360376814418266,1.0
all,0.0400,cross-ppi,457,0.04564176445127799,1.0
all,0.0400,cross-ppi,458,0.04600034418112256,1.0
all,0.0400,cross-ppi,459,0.04590517645475886,1.0
all,0.0400,cross-ppi,460,0.046161026611312383,1.0
all,0.0400,cross-ppi,461,0.042482615419889735,1.0
all,0.0400,cross-ppi,462,0.04518825670094764,1.0
all,0.0400,cross-ppi,463,0.04322115592358569,1.0
all,0.0400,cross-ppi,464,0.04770344655657799,1.0
all,0.0400,cross-ppi,465,0.045043698799058896,1.0
all,0.0400,cross-ppi,466,0.04439339162754974,1.0
all,0.0400,cross-ppi,467,0.04608069020038219,1.0
all,0.0400,cross-ppi,468,0.04706789832360747,1.0
all,0.0400,cross-ppi,469,0.047743341996902666,1.0
all,0.0400,cross-ppi,470,0.04674544716330731,0.0
all,0.0400,cross-ppi,471,0.04890245306607388,1.0
all,0.0400,cross-ppi,472,0.04315509752676239,1.0
all,0.0400,cross-ppi,473,0.04650942324414589,1.0
all,0.0400,cross-ppi,474,0.046892787698841504,1.0
all,0.0400,cross-ppi,475,0.04433245071401001,1.0
all,0.0400,cross-ppi,476,0.04747758009876116,1.0
all,0.0400,cross-ppi,477,0.042744818546196384,1.0
all,0.0400,cross-ppi,478,0.04748683124906161,0.0
all,0.0400,cross-ppi,479,0.047367900819644954,1.0
all,0.0400,cross-ppi,480,0.042305089718243094,1.0
all,0.0400,cross-ppi,481,0.041468449985503836,1.0
all,0.0400,cross-ppi,482,0.040009986530671754,1.0
all,0.0400,cross-ppi,483,0.04502586918179796,1.0
all,0.0400,cross-ppi,484,0.046620763428243256,1.0
all,0.0400,cross-ppi,485,0.04865712147923751,1.0
all,0.0400,cross-ppi,486,0.04536262410006664,1.0
all,0.0400,cross-ppi,487,0.04015846199409526,1.0
all,0.0400,cross-ppi,488,0.04619744622336017,1.0
all,0.0400,cross-ppi,489,0.04360987393309834,1.0
all,0.0400,cross-ppi,490,0.044689192495225294,1.0
all,0.0400,cross-ppi,491,0.04552876343127721,1.0
all,0.0400,cross-ppi,492,0.046295811570095324,1.0
all,0.0400,cross-ppi,493,0.048766964090175335,1.0
all,0.0400,cross-ppi,494,0.04493132218809584,0.0
all,0.0400,cross-ppi,495,0.044586293025879326,1.0
all,0.0400,cross-ppi,496,0.046350337520553064,1.0
all,0.0400,cross-ppi,497,0.04558677959998525,1.0
all,0.0400,cross-ppi,498,0.04383152078284727,1.0
all,0.0400,cross-ppi,499,0.045878574547986606,1.0
all,0.0400,cross-ppi,500,0.04719074968369796,1.0
all,0.0400,cross-ppi,501,0.04737882921937098,1.0
all,0.0400,cross-ppi,502,0.03939998334371264,1.0
all,0.0400,cross-ppi,503,0.0492027184789052,1.0
all,0.0400,cross-ppi,504,0.04502488843629257,1.0
all,0.0400,cross-ppi,505,0.04565857305013943,1.0
all,0.0400,cross-ppi,506,0.047606356505918046,1.0
all,0.0400,cross-ppi,507,0.041187676328752754,0.0
all,0.0400,cross-ppi,508,0.048256510356077253,1.0
all,0.0400,cross-ppi,509,0.04416310635157569,1.0
all,0.0400,cross-ppi,510,0.04606045860418584,1.0
all,0.0400,cross-ppi,511,0.04743325954680533,1.0
all,0.0400,cross-ppi,512,0.04699350106030753,1.0
all,0.0400,cross-ppi,513,0.04270059017974395,0.0
all,0.0400,cross-ppi,514,0.046093034874530675,1.0
all,0.0400,cross-ppi,515,0.04198354595930584,1.0
all,0.0400,cross-ppi,516,0.04369775207187554,1.0
all,0.0400,cross-ppi,517,0.04586702564899561,1.0
all,0.0400,cross-ppi,518,0.04446996070034592,1.0
all,0.0400,cross-ppi,519,0.04394725323567972,1.0
all,0.0400,cross-ppi,520,0.04539835051810148,1.0
all,0.0400,cross-ppi,521,0.0464952135101743,1.0
all,0.0400,cross-ppi,522,0.048968090379786444,1.0
all,0.0400,cross-ppi,523,0.04453702500117965,1.0
all,0.0400,cross-ppi,524,0.04955028409353565,1.0
all,0.0400,cross-ppi,525,0.04527257213318367,1.0
all,0.0400,cross-ppi,526,0.04465693679440008,1.0
all,0.0400,cross-ppi,527,0.04349443203046596,1.0
all,0.0400,cross-ppi,528,0.047262774628248655,1.0
all,0.0400,cross-ppi,529,0.04355200468839904,1.0
all,0.0400,cross-ppi,530,0.051285474236115514,1.0
all,0.0400,cross-ppi,531,0.04454680923539478,1.0
all,0.0400,cross-ppi,532,0.04657719050770329,1.0
all,0.0400,cross-ppi,533,0.0475898857204442,1.0
all,0.0400,cross-ppi,534,0.04722275472358539,1.0
all,0.0400,cross-ppi,535,0.042803268399369904,1.0
all,0.0400,cross-ppi,536,0.045787327430231284,1.0
all,0.0400,cross-ppi,537,0.046937310556665834,0.0
all,0.0400,cross-ppi,538,0.045906018773962165,1.0
all,0.0400,cross-ppi,539,0.043076704533513616,1.0
all,0.0400,cross-ppi,540,0.0446878598503051,1.0
all,0.0400,cross-ppi,541,0.0462394853595581,1.0
all,0.0400,cross-ppi,542,0.04383741924625084,1.0
all,0.0400,cross-ppi,543,0.04414745688811947,1.0
all,0.0400,cross-ppi,544,0.049075602862157286,1.0
all,0.0400,cross-ppi,545,0.046821261037724576,1.0
all,0.0400,cross-ppi,546,0.050307878573858184,1.0
all,0.0400,cross-ppi,547,0.04862045544865212,1.0
all,0.0400,cross-ppi,548,0.04826540195837414,1.0
all,0.0400,cross-ppi,549,0.04948690649446852,1.0
all,0.0400,cross-ppi,550,0.04397385929300579,1.0
all,0.0400,cross-ppi,551,0.04420584771377492,1.0
all,0.0400,cross-ppi,552,0.04711716424729728,1.0
all,0.0400,cross-ppi,553,0.04818739992677035,1.0
all,0.0400,cross-ppi,554,0.04491218688426815,1.0
all,0.0400,cross-ppi,555,0.04665467460619169,1.0
all,0.0400,cross-ppi,556,0.044704116454590714,1.0
all,0.0400,cross-ppi,557,0.04450636826877877,1.0
all,0.0400,cross-ppi,558,0.04774666155227583,1.0
all,0.0400,cross-ppi,559,0.04474478078454547,1.0
all,0.0400,cross-ppi,560,0.044205826516347774,1.0
all,0.0400,cross-ppi,561,0.046462681874714945,1.0
all,0.0400,cross-ppi,562,0.041589077146460096,1.0
all,0.0400,cross-ppi,563,0.049753623753964415,1.0
all,0.0400,cross-ppi,564,0.04494888973366695,1.0
all,0.0400,cross-ppi,565,0.043339252154954294,1.0
all,0.0400,cross-ppi,566,0.04653526880695591,0.0
all,0.0400,cross-ppi,567,0.04530324137768951,1.0
all,0.0400,cross-ppi,568,0.04465385537176106,1.0
all,0.0400,cross-ppi,569,0.048000814035244505,1.0
all,0.0400,cross-ppi,570,0.04572907118535474,1.0
all,0.0400,cross-ppi,571,0.04690146807587772,1.0
all,0.0400,cross-ppi,572,0.044838970423644015,1.0
all,0.0400,cross-ppi,573,0.04530584183063499,1.0
all,0.0400,cross-ppi,574,0.04334068990886608,1.0
all,0.0400,cross-ppi,575,0.04909998199441623,1.0
all,0.0400,cross-ppi,576,0.04093145327336034,0.0
all,0.0400,cross-ppi,577,0.044860938924983995,1.0
all,0.0400,cross-ppi,578,0.04312947790070165,1.0
all,0.0400,cross-ppi,579,0.044216875383935594,1.0
all,0.0400,cross-ppi,580,0.045476498490679695,1.0
all,0.0400,cross-ppi,581,0.0458857190838807,1.0
all,0.0400,cross-ppi,582,0.043622257348962384,1.0
all,0.0400,cross-ppi,583,0.04609114269110082,1.0
all,0.0400,cross-ppi,584,0.04823801741690448,1.0
all,0.0400,cross-ppi,585,0.048412959516101584,1.0
all,0.0400,cross-ppi,586,0.04835245190956006,0.0
all,0.0400,cross-ppi,587,0.04579571670454677,1.0
all,0.0400,cross-ppi,588,0.047340509483003945,1.0
all,0.0400,cross-ppi,589,0.048592792209913055,1.0
all,0.0400,cross-ppi,590,0.04706216244559558,1.0
all,0.0400,cross-ppi,591,0.045548831437091236,1.0
all,0.0400,cross-ppi,592,0.04430828663534514,0.0
all,0.0400,cross-ppi,593,0.04599771507421946,1.0
all,0.0400,cross-ppi,594,0.04202807919372989,1.0
all,0.0400,cross-ppi,595,0.044428162007748934,1.0
all,0.0400,cross-ppi,596,0.04380283753505934,1.0
all,0.0400,cross-ppi,597,0.04437514598762801,1.0
all,0.0400,cross-ppi,598,0.04587476563281767,1.0
all,0.0400,cross-ppi,599,0.050288776561189685,1.0
all,0.0400,cross-ppi,600,0.04723386340260449,1.0
all,0.0400,cross-ppi,601,0.04883616512992997,1.0
all,0.0400,cross-ppi,602,0.044906543137205324,1.0
all,0.0400,cross-ppi,603,0.04467311523631523,1.0
all,0.0400,cross-ppi,604,0.04537043874039315,1.0
all,0.0400,cross-ppi,605,0.04356388562223856,1.0
all,0.0400,cross-ppi,606,0.047503449060630726,1.0
all,0.0400,cross-ppi,607,0.045995496398289176,1.0
all,0.0400,cross-ppi,608,0.04562320879048887,1.0
all,0.0400,cross-ppi,609,0.04341170079193704,1.0
all,0.0400,cross-ppi,610,0.04478481956730995,1.0
all,0.0400,cross-ppi,611,0.045856972980216515,1.0
all,0.0400,cross-ppi,612,0.046741644812371336,1.0
all,0.0400,cross-ppi,613,0.0461400305591054,1.0
all,0.0400,cross-ppi,614,0.04215936756470562,0.0
all,0.0400,cross-ppi,615,0.045758028595385775,1.0
all,0.0400,cross-ppi,616,0.04446677379462591,1.0
all,0.0400,cross-ppi,617,0.047470463756124515,1.0
all,0.0400,cross-ppi,618,0.04455729108719428,1.0
all,0.0400,cross-ppi,619,0.045161889427517865,1.0
all,0.0400,cross-ppi,620,0.044890280513692565,1.0
all,0.0400,cross-ppi,621,0.045954174912761575,1.0
all,0.0400,cross-ppi,622,0.042495846511073604,1.0
all,0.0400,cross-ppi,623,0.04354993986088784,1.0
all,0.0400,cross-ppi,624,0.04844246735825075,1.0
all,0.0400,cross-ppi,625,0.04486278755560735,0.0
all,0.0400,cross-ppi,626,0.04672625718358736,1.0
all,0.0400,cross-ppi,627,0.04739072473601122,1.0
all,0.0400,cross-ppi,628,0.04634524124505887,1.0
all,0.0400,cross-ppi,629,0.04571594399004009,1.0
all,0.0400,cross-ppi,630,0.04212772314582383,1.0
all,0.0400,cross-ppi,631,0.04834358976107489,0.0
all,0.0400,cross-ppi,632,0.04603127372372873,1.0
all,0.0400,cross-ppi,633,0.04898625715323865,1.0
all,0.0400,cross-ppi,634,0.04629082734499279,1.0
all,0.0400,cross-ppi,635,0.0434912581689382,1.0
all,0.0400,cross-ppi,636,0.04453696386065631,1.0
all,0.0400,cross-ppi,637,0.0499873714784993,1.0
all,0.0400,cross-ppi,638,0.04286346203098554,1.0
all,0.0400,cross-ppi,639,0.04071969831172584,1.0
all,0.0400,cross-ppi,640,0.04671091621784315,1.0
all,0.0400,cross-ppi,641,0.04813330295111562,1.0
all,0.0400,cross-ppi,642,0.04450685484814876,1.0
all,0.0400,cross-ppi,643,0.04433863017236797,1.0
all,0.0400,cross-ppi,644,0.0449097371610708,1.0
all,0.0400,cross-ppi,645,0.046380201605656673,1.0
all,0.0400,cross-ppi,646,0.045402127737582565,1.0
all,0.0400,cross-ppi,647,0.045054289400022124,1.0
all,0.0400,cross-ppi,648,0.047657977818562874,1.0
all,0.0400,cross-ppi,649,0.047334516424210465,1.0
all,0.0400,cross-ppi,650,0.04506069311309524,1.0
all,0.0400,cross-ppi,651,0.046174620406664396,1.0
all,0.0400,cross-ppi,652,0.04617545840559634,1.0
all,0.0400,cross-ppi,653,0.04385484180045285,1.0
all,0.0400,cross-ppi,654,0.044278419692866416,1.0
all,0.0400,cross-ppi,655,0.044411711796226605,1.0
all,0.0400,cross-ppi,656,0.044225843823801014,1.0
all,0.0400,cross-ppi,657,0.04428461546246962,1.0
all,0.0400,cross-ppi,658,0.044860405862904074,1.0
all,0.0400,cross-ppi,659,0.0437361678465055,1.0
all,0.0400,cross-ppi,660,0.04714616127808005,1.0
all,0.0400,cross-ppi,661,0.05210193327384982,0.0
all,0.0400,cross-ppi,662,0.0474241745711155,1.0
all,0.0400,cross-ppi,663,0.04370191086805941,1.0
all,0.0400,cross-ppi,664,0.04677696280819987,1.0
all,0.0400,cross-ppi,665,0.0479938010551092,1.0
all,0.0500,cross-ppi,333,0.038672922678704036,1.0
all,0.0500,cross-ppi,334,0.04154176629878803,1.0
all,0.0500,cross-ppi,335,0.03884076112130444,0.0
all,0.0500,cross-ppi,336,0.041648694172548156,1.0
all,0.0500,cross-ppi,337,0.040039060649007197,1.0
all,0.0500,cross-ppi,338,0.04132959552253887,1.0
all,0.0500,cross-ppi,339,0.0391008738711979,1.0
all,0.0500,cross-ppi,340,0.03940050629932468,1.0
all,0.0500,cross-ppi,341,0.041296458864047175,1.0
all,0.0500,cross-ppi,342,0.03756797024820566,1.0
all,0.0500,cross-ppi,343,0.03970017836418874,1.0
all,0.0500,cross-ppi,344,0.03989477277864717,1.0
all,0.0500,cross-ppi,345,0.04019619915702763,1.0
all,0.0500,cross-ppi,346,0.0391860325856388,1.0
all,0.0500,cross-ppi,347,0.04231749967468468,1.0
all,0.0500,cross-ppi,348,0.04016481024019944,1.0
all,0.0500,cross-ppi,349,0.04052190514484566,1.0
all,0.0500,cross-ppi,350,0.043315449781372806,1.0
all,0.0500,cross-ppi,351,0.041387134600507275,1.0
all,0.0500,cross-ppi,352,0.043375620786004654,1.0
all,0.0500,cross-ppi,353,0.042412656311770824,1.0
all,0.0500,cross-ppi,354,0.04169243024878644,1.0
all,0.0500,cross-ppi,355,0.04094445908116362,1.0
all,0.0500,cross-ppi,356,0.04201967946355689,1.0
all,0.0500,cross-ppi,357,0.04038493445399527,1.0
all,0.0500,cross-ppi,358,0.04081238188084546,1.0
all,0.0500,cross-ppi,359,0.04129347428587335,1.0
all,0.0500,cross-ppi,360,0.04271055399898324,1.0
all,0.0500,cross-ppi,361,0.038672532349633165,1.0
all,0.0500,cross-ppi,362,0.041580063888971036,1.0
all,0.0500,cross-ppi,363,0.038485453601061925,1.0
all,0.0500,cross-ppi,364,0.04284465405968663,1.0
all,0.0500,cross-ppi,365,0.04046836379376742,1.0
all,0.0500,cross-ppi,366,0.040857152607611774,1.0
all,0.0500,cross-ppi,367,0.04202674618394267,1.0
all,0.0500,cross-ppi,368,0.04248464111149278,1.0
all,0.0500,cross-ppi,369,0.042859065512961814,1.0
all,0.0500,cross-ppi,370,0.043183509187476044,1.0
all,0.0500,cross-ppi,371,0.042458279607943794,1.0
all,0.0500,cross-ppi,372,0.03826879864660884,0.0
all,0.0500,cross-ppi,373,0.041297027562817806,1.0
all,0.0500,cross-ppi,374,0.04351996325634899,1.0
all,0.0500,cross-ppi,375,0.04111068141996521,1.0
all,0.0500,cross-ppi,376,0.0427331556413747,1.0
all,0.0500,cross-ppi,377,0.03933406201242173,1.0
all,0.0500,cross-ppi,378,0.042140886380585135,0.0
all,0.0500,cross-ppi,379,0.042922067247823215,1.0
all,0.0500,cross-ppi,380,0.03810218097131954,1.0
all,0.0500,cross-ppi,381,0.03758161643567515,1.0
all,0.0500,cross-ppi,382,0.03672451913335206,1.0
all,0.0500,cross-ppi,383,0.039616490915336366,1.0
all,0.0500,cross-ppi,384,0.04214611084603137,1.0
all,0.0500,cross-ppi,385,0.04308546726563156,1.0
all,0.0500,cross-ppi,386,0.04102564543379095,1.0
all,0.0500,cross-ppi,387,0.03616292543355104,1.0
all,0.0500,cross-ppi,388,0.04178753096692381,1.0
all,0.0500,cross-ppi,389,0.03956805144970332,1.0
all,0.0500,cross-ppi,390,0.040761217575274594,1.0
all,0.0500,cross-ppi,391,0.040567791831709304,1.0
all,0.0500,cross-ppi,392,0.04068073392269311,1.0
all,0.0500,cross-ppi,393,0.042752385766975265,1.0
all,0.0500,cross-ppi,394,0.04086488012237108,1.0
all,0.0500,cross-ppi,395,0.04052539658017584,1.0
all,0.0500,cross-ppi,396,0.041721197496511375,1.0
all,0.0500,cross-ppi,397,0.041978714726931016,1.0
all,0.0500,cross-ppi,398,0.039574142811851204,1.0
all,0.0500,cross-ppi,399,0.041687806577968195,1.0
all,0.0500,cross-ppi,400,0.04252270686088411,1.0
all,0.0500,cross-ppi,401,0.04270805745399486,1.0
all,0.0500,cross-ppi,402,0.03773839645441232,1.0
all,0.0500,cross-ppi,403,0.04250045320700954,1.0
all,0.0500,cross-ppi,404,0.04008929778003889,1.0
all,0.0500,cross-ppi,405,0.04138539075239475,1.0
all,0.0500,cross-ppi,406,0.04294117813607312,1.0
all,0.0500,cross-ppi,407,0.03703574244388355,1.0
all,0.0500,cross-ppi,408,0.04382807842706227,1.0
all,0.0500,cross-ppi,409,0.04100404001333183,1.0
all,0.0500,cross-ppi,410,0.04038408739868296,1.0
all,0.0500,cross-ppi,411,0.04218340552127642,1.0
all,0.0500,cross-ppi,412,0.04226033773646176,1.0
all,0.0500,cross-ppi,413,0.03818458645003156,0.0
all,0.0500,cross-ppi,414,0.04233381340160411,1.0
all,0.0500,cross-ppi,415,0.037754196204349943,1.0
all,0.0500,cross-ppi,416,0.039328408511602686,1.0
all,0.0500,cross-ppi,417,0.04109431470853778,1.0
all,0.0500,cross-ppi,418,0.03958366722644424,1.0
all,0.0500,cross-ppi,419,0.04003657757754439,1.0
all,0.0500,cross-ppi,420,0.041313693078230324,1.0
all,0.0500,cross-ppi,421,0.04064868620268294,1.0
all,0.0500,cross-ppi,422,0.04360117769974625,1.0
all,0.0500,cross-ppi,423,0.03942604511703793,1.0
all,0.0500,cross-ppi,424,0.04397459735705822,1.0
all,0.0500,cross-ppi,425,0.04173302665847853,1.0
all,0.0500,cross-ppi,426,0.0393430927519641,1.0
all,0.0500,cross-ppi,427,0.03989503416996465,1.0
all,0.0500,cross-ppi,428,0.04192401696604464,1.0
all,0.0500,cross-ppi,429,0.03988460448254458,1.0
all,0.0500,cross-ppi,430,0.04559007904530166,1.0
all,0.0500,cross-ppi,431,0.03997681089441896,1.0
all,0.0500,cross-ppi,432,0.04214545424245589,1.0
all,0.0500,cross-ppi,433,0.04280753609184626,1.0
all,0.0500,cross-ppi,434,0.042067660605411006,1.0
all,0.0500,cross-ppi,435,0.03880153047815538,1.0
all,0.0500,cross-ppi,436,0.04097042658399577,1.0
all,0.0500,cross-ppi,437,0.04245018777206988,0.0
all,0.0500,cross-ppi,438,0.041014665313681475,1.0
all,0.0500,cross-ppi,439,0.03864873773580557,1.0
all,0.0500,cross-ppi,440,0.040527501730531545,1.0
all,0.0500,cross-ppi,441,0.04237624070188106,1.0
all,0.0500,cross-ppi,442,0.04026857626943639,1.0
all,0.0500,cross-ppi,443,0.04012247891446538,1.0
all,0.0500,cross-ppi,444,0.04339880284082295,1.0
all,0.0500,cross-ppi,445,0.04092722128476278,1.0
all,0.0500,cross-ppi,446,0.04459686141566929,1.0
all,0.0500,cross-ppi,447,0.04324700613441512,1.0
all,0.0500,cross-ppi,448,0.043448567344239186,1.0
all,0.0500,cross-ppi,449,0.04424638267512604,1.0
all,0.0500,cross-ppi,450,0.040072379419648696,1.0
all,0.0500,cross-ppi,451,0.03933690630629083,1.0
all,0.0500,cross-ppi,452,0.0418918653759649,1.0
all,0.0500,cross-ppi,453,0.04304603028618689,1.0
all,0.0500,cross-ppi,454,0.04045307215123681,1.0
all,0.0500,cross-ppi,455,0.04203981867469864,1.0
all,0.0500,cross-ppi,456,0.040089476658244694,1.0
all,0.0500,cross-ppi,457,0.03961525001916222,1.0
all,0.0500,cross-ppi,458,0.04380693681008216,1.0
all,0.0500,cross-ppi,459,0.03982701426929791,1.0
all,0.0500,cross-ppi,460,0.03922928607549825,1.0
all,0.0500,cross-ppi,461,0.04210195798223712,1.0
all,0.0500,cross-ppi,462,0.03847690767586112,1.0
all,0.0500,cross-ppi,463,0.043395124701576915,1.0
all,0.0500,cross-ppi,464,0.0402870290457831,1.0
all,0.0500,cross-ppi,465,0.03970816607035632,1.0
all,0.0500,cross-ppi,466,0.0422006604288534,0.0
all,0.0500,cross-ppi,467,0.04122220097810636,1.0
all,0.0500,cross-ppi,468,0.0383134350981619,1.0
all,0.0500,cross-ppi,469,0.04326328657278175,1.0
all,0.0500,cross-ppi,470,0.04149641030072748,1.0
all,0.0500,cross-ppi,471,0.042486152692422174,1.0
all,0.0500,cross-ppi,472,0.03998314124516297,1.0
all,0.0500,cross-ppi,473,0.041909236958364265,1.0
all,0.0500,cross-ppi,474,0.03912540266831732,1.0
all,0.0500,cross-ppi,475,0.043397808698958706,1.0
all,0.0500,cross-ppi,476,0.039097722104764476,1.0
all,0.0500,cross-ppi,477,0.04005033726140264,1.0
all,0.0500,cross-ppi,478,0.03893529192537526,1.0
all,0.0500,cross-ppi,479,0.03944297283077938,1.0
all,0.0500,cross-ppi,480,0.04006812227382886,1.0
all,0.0500,cross-ppi,481,0.04119156480405506,1.0
all,0.0500,cross-ppi,482,0.039400331907696984,1.0
all,0.0500,cross-ppi,483,0.04108512239951853,1.0
all,0.0500,cross-ppi,484,0.042005267700849114,1.0
all,0.0500,cross-ppi,485,0.04260165718061926,1.0
all,0.0500,cross-ppi,486,0.04311659011157609,0.0
all,0.0500,cross-ppi,487,0.04041996072506382,1.0
all,0.0500,cross-ppi,488,0.04231489540354616,1.0
all,0.0500,cross-ppi,489,0.04311773069452732,1.0
all,0.0500,cross-ppi,490,0.04294381462111896,1.0
all,0.0500,cross-ppi,491,0.03939719972042943,1.0
all,0.0500,cross-ppi,492,0.04132383638375137,1.0
all,0.0500,cross-ppi,493,0.04080354402105002,1.0
all,0.0500,cross-ppi,494,0.039636708184547786,1.0
all,0.0500,cross-ppi,495,0.03982261549556407,1.0
all,0.0500,cross-ppi,496,0.03969874659707237,1.0
all,0.0500,cross-ppi,497,0.03959736757760804,1.0
all,0.0500,cross-ppi,498,0.04144632538322579,1.0
all,0.0500,cross-ppi,499,0.04541127814989421,1.0
all,0.0500,cross-ppi,500,0.04160372707181606,1.0
all,0.0500,cross-ppi,501,0.04279697007175076,1.0
all,0.0500,cross-ppi,502,0.039727352153882595,1.0
all,0.0500,cross-ppi,503,0.04020924764438383,1.0
all,0.0500,cross-ppi,504,0.04029751202756812,1.0
all,0.0500,cross-ppi,505,0.039357278255547495,1.0
all,0.0500,cross-ppi,506,0.04226673278609694,1.0
all,0.0500,cross-ppi,507,0.040247382142473614,1.0
all,0.0500,cross-ppi,508,0.040369312989290834,1.0
all,0.0500,cross-ppi,509,0.0396233711605172,1.0
all,0.0500,cross-ppi,510,0.040910901319276105,1.0
all,0.0500,cross-ppi,511,0.04104533699471971,1.0
all,0.0500,cross-ppi,512,0.04187855813683242,1.0
all,0.0500,cross-ppi,513,0.04144316230458811,1.0
all,0.0500,cross-ppi,514,0.03882909227750844,1.0
all,0.0500,cross-ppi,515,0.04061946878940281,1.0
all,0.0500,cross-ppi,516,0.04042552381434761,1.0
all,0.0500,cross-ppi,517,0.04197839779722101,1.0
all,0.0500,cross-ppi,518,0.03941836273804891,1.0
all,0.0500,cross-ppi,519,0.040355378687943255,1.0
all,0.0500,cross-ppi,520,0.040438955338251925,1.0
all,0.0500,cross-ppi,521,0.040857990396275995,1.0
all,0.0500,cross-ppi,522,0.03922586484378318,1.0
all,0.0500,cross-ppi,523,0.039754339907511566,1.0
all,0.0500,cross-ppi,524,0.04214798060516481,1.0
all,0.0500,cross-ppi,525,0.04044593383157202,0.0
all,0.0500,cross-ppi,526,0.0417375562471205,1.0
all,0.0500,cross-ppi,527,0.04243108336035184,1.0
all,0.0500,cross-ppi,528,0.04161586905133571,1.0
all,0.0500,cross-ppi,529,0.0404685618080938,1.0
all,0.0500,cross-ppi,530,0.038377110106536244,1.0
all,0.0500,cross-ppi,531,0.04277407874042172,1.0
all,0.0500,cross-ppi,532,0.04165898859127862,1.0
all,0.0500,cross-ppi,533,0.04357701192661967,1.0
all,0.0500,cross-ppi,534,0.04225749029782533,1.0
all,0.0500,cross-ppi,535,0.038866766161118615,1.0
all,0.0500,cross-ppi,536,0.039527541870184146,1.0
all,0.0500,cross-ppi,537,0.044392329495903105,1.0
all,0.0500,cross-ppi,538,0.03970819462487374,1.0
all,0.0500,cross-ppi,539,0.0374617549181506,1.0
all,0.0500,cross-ppi,540,0.043133895673317574,1.0
all,0.0500,cross-ppi,541,0.04312286425446962,1.0
all,0.0500,cross-ppi,542,0.040161348822365245,1.0
all,0.0500,cross-ppi,543,0.04140073649271536,1.0
all,0.0500,cross-ppi,544,0.040039851939668164,1.0
all,0.0500,cross-ppi,545,0.04159766568694975,1.0
all,0.0500,cross-ppi,546,0.04103918595304967,1.0
all,0.0500,cross-ppi,547,0.04103054197714484,1.0
all,0.0500,cross-ppi,548,0.04279528319537629,1.0
all,0.0500,cross-ppi,549,0.04126360555457498,1.0
all,0.0500,cross-ppi,550,0.040316493672535425,1.0
all,0.0500,cross-ppi,551,0.04322635511237738,1.0
all,0.0500,cross-ppi,552,0.04236084519797911,0.0
all,0.0500,cross-ppi,553,0.04022329408156433,1.0
all,0.0500,cross-ppi,554,0.03933595538532034,1.0
all,0.0500,cross-ppi,555,0.04107490421297777,1.0
all,0.0500,cross-ppi,556,0.039463129560949745,1.0
all,0.0500,cross-ppi,557,0.03998754762979295,1.0
all,0.0500,cross-ppi,558,0.04147405870778009,1.0
all,0.0500,cross-ppi,559,0.04038208533658108,1.0
all,0.0500,cross-ppi,560,0.040818697193014036,1.0
all,0.0500,cross-ppi,561,0.047131303349181364,1.0
all,0.0500,cross-ppi,562,0.04260864872956405,1.0
all,0.0500,cross-ppi,563,0.04012167771307115,1.0
all,0.0500,cross-ppi,564,0.04135735517958186,1.0
all,0.0500,cross-ppi,565,0.04257752118203792,1.0
all,0.0500,cross-ppi,566,0.03971337194620206,1.0
all,0.0500,cross-ppi,567,0.04224519886766187,1.0
all,0.0500,cross-ppi,568,0.041530314520698,1.0
all,0.0500,cross-ppi,569,0.038433562376893965,1.0
all,0.0500,cross-ppi,570,0.041772809054271165,1.0
all,0.0500,cross-ppi,571,0.040276863409575925,1.0
all,0.0500,cross-ppi,572,0.038708170282293036,1.0
all,0.0500,cross-ppi,573,0.040855305882323306,1.0
all,0.0500,cross-ppi,574,0.04216777201058533,1.0
all,0.0500,cross-ppi,575,0.04038571985925929,1.0
all,0.0500,cross-ppi,576,0.040545435043912725,1.0
all,0.0500,cross-ppi,577,0.040644945619430856,1.0
all,0.0500,cross-ppi,578,0.041474295974574665,1.0
all,0.0500,cross-ppi,579,0.04159703918541591,1.0
all,0.0500,cross-ppi,580,0.04114913279054222,1.0
all,0.0500,cross-ppi,581,0.043588199527064386,1.0
all,0.0500,cross-ppi,582,0.04077220559967887,1.0
all,0.0500,cross-ppi,583,0.0398403107005435,1.0
all,0.0500,cross-ppi,584,0.03790972841949969,1.0
all,0.0500,cross-ppi,585,0.039960513664981545,1.0
all,0.0500,cross-ppi,586,0.044375750265591374,1.0
all,0.0500,cross-ppi,587,0.04132526219378729,1.0
all,0.0500,cross-ppi,588,0.04174784033210177,1.0
all,0.0500,cross-ppi,589,0.04405401862175948,1.0
all,0.0500,cross-ppi,590,0.03926830281690885,1.0
all,0.0500,cross-ppi,591,0.04230034885947487,0.0
all,0.0500,cross-ppi,592,0.04196712837587735,1.0
all,0.0500,cross-ppi,593,0.04016532353214641,1.0
all,0.0500,cross-ppi,594,0.042436782999570766,1.0
all,0.0500,cross-ppi,595,0.03933647006174834,1.0
all,0.0500,cross-ppi,596,0.04090546525346017,1.0
all,0.0500,cross-ppi,597,0.04193508067392415,1.0
all,0.0500,cross-ppi,598,0.040788153177727104,1.0
all,0.0500,cross-ppi,599,0.04236633375112475,1.0
all,0.0500,cross-ppi,600,0.04028668620759812,1.0
all,0.0500,cross-ppi,601,0.040744434910169214,1.0
all,0.0500,cross-ppi,602,0.039145030519918494,1.0
all,0.0500,cross-ppi,603,0.04134109490192617,1.0
all,0.0500,cross-ppi,604,0.043991830182466996,1.0
all,0.0500,cross-ppi,605,0.03990880402569896,1.0
all,0.0500,cross-ppi,606,0.043726594601779745,0.0
all,0.0500,cross-ppi,607,0.03921998222763945,1.0
all,0.0500,cross-ppi,608,0.039880658038194544,1.0
all,0.0500,cross-ppi,609,0.04142689267272526,1.0
all,0.0500,cross-ppi,610,0.03860160356337691,1.0
all,0.0500,cross-ppi,611,0.04235659494632216,1.0
all,0.0500,cross-ppi,612,0.03921083280486817,1.0
all,0.0500,cross-ppi,613,0.042217946042511195,1.0
all,0.0500,cross-ppi,614,0.03981339452262456,0.0
all,0.0500,cross-ppi,615,0.03998956202033832,1.0
all,0.0500,cross-ppi,616,0.042282723349542084,1.0
all,0.0500,cross-ppi,617,0.041192783651632675,1.0
all,0.0500,cross-ppi,618,0.04148211116838063,1.0
all,0.0500,cross-ppi,619,0.04157585549600795,1.0
all,0.0500,cross-ppi,620,0.04098396869822796,1.0
all,0.0500,cross-ppi,621,0.042845569093758695,1.0
all,0.0500,cross-ppi,622,0.04323994035647863,1.0
all,0.0500,cross-ppi,623,0.04041489562547759,1.0
all,0.0500,cross-ppi,624,0.040616408439192536,1.0
all,0.0500,cross-ppi,625,0.03911976455840868,1.0
all,0.0500,cross-ppi,626,0.041488828923730486,1.0
all,0.0500,cross-ppi,627,0.04142510253960438,1.0
all,0.0500,cross-ppi,628,0.04159846000836653,1.0
all,0.0500,cross-ppi,629,0.04015522237076194,1.0
all,0.0500,cross-ppi,630,0.04103079704176085,1.0
all,0.0500,cross-ppi,631,0.04405478338441371,1.0
all,0.0500,cross-ppi,632,0.03992841392719981,1.0
all,0.0500,cross-ppi,633,0.04120122013114311,1.0
all,0.0500,cross-ppi,634,0.04276875524505763,0.0
all,0.0500,cross-ppi,635,0.03786711191528902,1.0
all,0.0500,cross-ppi,636,0.04242252932768842,1.0
all,0.0500,cross-ppi,637,0.04130990945584023,1.0
all,0.0500,cross-ppi,638,0.041398583714015974,1.0
all,0.0500,cross-ppi,639,0.04317091816128038,1.0
all,0.0500,cross-ppi,640,0.0384505466939595,1.0
all,0.0500,cross-ppi,641,0.04031302719389665,1.0
all,0.0500,cross-ppi,642,0.04347471511995915,0.0
all,0.0500,cross-ppi,643,0.042519764993037806,1.0
all,0.0500,cross-ppi,644,0.04247040698689808,1.0
all,0.0500,cross-ppi,645,0.04301695638498659,1.0
all,0.0500,cross-ppi,646,0.040252287009876125,1.0
all,0.0500,cross-ppi,647,0.041230391498548374,1.0
all,0.0500,cross-ppi,648,0.041502438428903,1.0
all,0.0500,cross-ppi,649,0.040574557892050805,1.0
all,0.0500,cross-ppi,650,0.03873364180200026,1.0
all,0.0500,cross-ppi,651,0.041517496406104776,1.0
all,0.0500,cross-ppi,652,0.04308627099604137,1.0
all,0.0500,cross-ppi,653,0.04104922172921879,1.0
all,0.0500,cross-ppi,654,0.04054535589513028,1.0
all,0.0500,cross-ppi,655,0.04080650150446219,1.0
all,0.0500,cross-ppi,656,0.04056659496771234,1.0
all,0.0500,cross-ppi,657,0.041558703153180526,1.0
all,0.0500,cross-ppi,658,0.041018306597474075,1.0
all,0.0500,cross-ppi,659,0.04129880848175271,0.0
all,0.0500,cross-ppi,660,0.042384934479886116,1.0
all,0.0500,cross-ppi,661,0.04009709084688837,1.0
all,0.0500,cross-ppi,662,0.04140532183582102,1.0
all,0.0500,cross-ppi,663,0.04341860104052597,1.0
all,0.0500,cross-ppi,664,0.04125851974605654,1.0
all,0.0500,cross-ppi,665,0.040968669429062715,1.0
all,0.0600,cross-ppi,333,0.0388609867027038,1.0
all,0.0600,cross-ppi,334,0.038817064062837775,1.0
all,0.0600,cross-ppi,335,0.036566987361649844,1.0
all,0.0600,cross-ppi,336,0.03713272113810173,1.0
all,0.0600,cross-ppi,337,0.039012355105211394,1.0
all,0.0600,cross-ppi,338,0.03872004181004496,1.0
all,0.0600,cross-ppi,339,0.03642403658497509,1.0
all,0.0600,cross-ppi,340,0.0367395353111519,1.0
all,0.0600,cross-ppi,341,0.03853210314536479,1.0
all,0.0600,cross-ppi,342,0.037137808639047615,1.0
all,0.0600,cross-ppi,343,0.03665425007959833,1.0
all,0.0600,cross-ppi,344,0.04042644729957856,1.0
all,0.0600,cross-ppi,345,0.037588518195137005,1.0
all,0.0600,cross-ppi,346,0.04035025296689143,1.0
all,0.0600,cross-ppi,347,0.03933352758097164,1.0
all,0.0600,cross-ppi,348,0.0389961897283079,1.0
all,0.0600,cross-ppi,349,0.03994669334008116,1.0
all,0.0600,cross-ppi,350,0.03660677547738678,1.0
all,0.0600,cross-ppi,351,0.03700804209198208,1.0
all,0.0600,cross-ppi,352,0.03851173516229567,1.0
all,0.0600,cross-ppi,353,0.03942105568621221,1.0
all,0.0600,cross-ppi,354,0.03732684085858029,1.0
all,0.0600,cross-ppi,355,0.03871643530779442,1.0
all,0.0600,cross-ppi,356,0.038000115383677535,1.0
all,0.0600,cross-ppi,357,0.036956971240350606,1.0
all,0.0600,cross-ppi,358,0.03973287806474102,1.0
all,0.0600,cross-ppi,359,0.03668945599823459,1.0
all,0.0600,cross-ppi,360,0.035932051540403936,0.0
all,0.0600,cross-ppi,361,0.038013712656833065,1.0
all,0.0600,cross-ppi,362,0.035491646915696284,1.0
all,0.0600,cross-ppi,363,0.03949791493152888,1.0
all,0.0600,cross-ppi,364,0.03757288693809924,1.0
all,0.0600,cross-ppi,365,0.03650245352311343,1.0
all,0.0600,cross-ppi,366,0.03859378857283047,0.0
all,0.0600,cross-ppi,367,0.03872604231547794,1.0
all,0.0600,cross-ppi,368,0.035826653677235115,1.0
all,0.0600,cross-ppi,369,0.03904740328609643,1.0
all,0.0600,cross-ppi,370,0.037531736487994016,1.0
all,0.0600,cross-ppi,371,0.0387659219212341,1.0
all,0.0600,cross-ppi,372,0.037107509121947824,1.0
all,0.0600,cross-ppi,373,0.03855724469225255,1.0
all,0.0600,cross-ppi,374,0.0354452433470821,1.0
all,0.0600,cross-ppi,375,0.0398248465867701,1.0
all,0.0600,cross-ppi,376,0.03663054171423863,1.0
all,0.0600,cross-ppi,377,0.03675980729898984,1.0
all,0.0600,cross-ppi,378,0.03583059503247121,1.0
all,0.0600,cross-ppi,379,0.03636683047077818,1.0
all,0.0600,cross-ppi,380,0.03748517308991717,1.0
all,0.0600,cross-ppi,381,0.037929089830962326,1.0
all,0.0600,cross-ppi,382,0.03588427711964093,1.0
all,0.0600,cross-ppi,383,0.03809837150190917,1.0
all,0.0600,cross-ppi,384,0.038717282896772565,1.0
all,0.0600,cross-ppi,385,0.03872444390105653,1.0
all,0.0600,cross-ppi,386,0.03972868960287257,1.0
all,0.0600,cross-ppi,387,0.03737258072280039,1.0
all,0.0600,cross-ppi,388,0.038324025066032386,1.0
all,0.0600,cross-ppi,389,0.0404909568417664,1.0
all,0.0600,cross-ppi,390,0.039293638395609065,1.0
all,0.0600,cross-ppi,391,0.036561337693402446,1.0
all,0.0600,cross-ppi,392,0.038569562463384305,1.0
all,0.0600,cross-ppi,393,0.03847889562391493,1.0
all,0.0600,cross-ppi,394,0.03741578516248967,1.0
all,0.0600,cross-ppi,395,0.037371506783683395,1.0
all,0.0600,cross-ppi,396,0.03779710521873622,1.0
all,0.0600,cross-ppi,397,0.03671607443072325,1.0
all,0.0600,cross-ppi,398,0.03787418082682892,1.0
all,0.0600,cross-ppi,399,0.040814782869979443,1.0
all,0.0600,cross-ppi,400,0.038711514017893967,1.0
all,0.0600,cross-ppi,401,0.03847431716554783,1.0
all,0.0600,cross-ppi,402,0.03654244902366954,1.0
all,0.0600,cross-ppi,403,0.03820875140384683,1.0
all,0.0600,cross-ppi,404,0.03752736753522887,1.0
all,0.0600,cross-ppi,405,0.03680639942487998,1.0
all,0.0600,cross-ppi,406,0.038610690438539014,1.0
all,0.0600,cross-ppi,407,0.037587975260297085,1.0
all,0.0600,cross-ppi,408,0.03755239141094646,1.0
all,0.0600,cross-ppi,409,0.03607037480708661,1.0
all,0.0600,cross-ppi,410,0.03765049098430148,1.0
all,0.0600,cross-ppi,411,0.037843681247809347,1.0
all,0.0600,cross-ppi,412,0.03824820318175304,1.0
all,0.0600,cross-ppi,413,0.039189472858801394,1.0
all,0.0600,cross-ppi,414,0.03651154324716163,1.0
all,0.0600,cross-ppi,415,0.03745122682841606,1.0
all,0.0600,cross-ppi,416,0.03727610112690702,1.0
all,0.0600,cross-ppi,417,0.03795746919088372,1.0
all,0.0600,cross-ppi,418,0.035804000025406874,1.0
all,0.0600,cross-ppi,419,0.03703725771631805,1.0
all,0.0600,cross-ppi,420,0.03814848405770932,1.0
all,0.0600,cross-ppi,421,0.03744809090403978,1.0
all,0.0600,cross-ppi,422,0.03669687987709902,1.0
all,0.0600,cross-ppi,423,0.03633361389559195,1.0
all,0.0600,cross-ppi,424,0.03847601585860863,1.0
all,0.0600,cross-ppi,425,0.03668760726683251,0.0
all,0.0600,cross-ppi,426,0.03753721451731884,1.0
all,0.0600,cross-ppi,427,0.03852333949257325,1.0
all,0.0600,cross-ppi,428,0.03866884577619556,1.0
all,0.0600,cross-ppi,429,0.03781644408701512,1.0
all,0.0600,cross-ppi,430,0.035511755402008155,1.0
all,0.0600,cross-ppi,431,0.03989392883908216,1.0
all,0.0600,cross-ppi,432,0.03844489684758509,1.0
all,0.0600,cross-ppi,433,0.0397476938627922,1.0
all,0.0600,cross-ppi,434,0.038363159754874476,1.0
all,0.0600,cross-ppi,435,0.03677676332832314,1.0
all,0.0600,cross-ppi,436,0.03683846096641219,1.0
all,0.0600,cross-ppi,437,0.04093393213584762,1.0
all,0.0600,cross-ppi,438,0.03598457679436354,1.0
all,0.0600,cross-ppi,439,0.03538520952214155,1.0
all,0.0600,cross-ppi,440,0.03988240573472157,1.0
all,0.0600,cross-ppi,441,0.03839598217933993,1.0
all,0.0600,cross-ppi,442,0.03837064028957826,1.0
all,0.0600,cross-ppi,443,0.03798374735465407,1.0
all,0.0600,cross-ppi,444,0.03777039997794843,1.0
all,0.0600,cross-ppi,445,0.03780800580481902,1.0
all,0.0600,cross-ppi,446,0.03667167162703,1.0
all,0.0600,cross-ppi,447,0.037537940673644576,1.0
all,0.0600,cross-ppi,448,0.03905888741576999,1.0
all,0.0600,cross-ppi,449,0.03818533758114806,1.0
all,0.0600,cross-ppi,450,0.03783679270908591,1.0
all,0.0600,cross-ppi,451,0.03906054924595481,1.0
all,0.0600,cross-ppi,452,0.03905650816574768,1.0
all,0.0600,cross-ppi,453,0.037826449493119335,1.0
all,0.0600,cross-ppi,454,0.036483021072221206,1.0
all,0.0600,cross-ppi,455,0.037683212342799366,1.0
all,0.0600,cross-ppi,456,0.03664293966392926,1.0
all,0.0600,cross-ppi,457,0.036321722275892115,1.0
all,0.0600,cross-ppi,458,0.038314612158903416,1.0
all,0.0600,cross-ppi,459,0.0371494343214257,1.0
all,0.0600,cross-ppi,460,0.03747820365418178,1.0
all,0.0600,cross-ppi,461,0.04310010315925028,1.0
all,0.0600,cross-ppi,462,0.038818651938909016,1.0
all,0.0600,cross-ppi,463,0.037446552506206876,1.0
all,0.0600,cross-ppi,464,0.03784333627089309,1.0
all,0.0600,cross-ppi,465,0.038126761092742045,1.0
all,0.0600,cross-ppi,466,0.03723905691774232,1.0
all,0.0600,cross-ppi,467,0.038626996371089795,1.0
all,0.0600,cross-ppi,468,0.037756420169095334,1.0
all,0.0600,cross-ppi,469,0.036558272540992975,1.0
all,0.0600,cross-ppi,470,0.038038960373136144,1.0
all,0.0600,cross-ppi,471,0.037843001204563076,1.0
all,0.0600,cross-ppi,472,0.036246799611175856,1.0
all,0.0600,cross-ppi,473,0.03730401810677131,1.0
all,0.0600,cross-ppi,474,0.03929560636542806,1.0
all,0.0600,cross-ppi,475,0.037008756360412204,1.0
all,0.0600,cross-ppi,476,0.03797659531614972,1.0
all,0.0600,cross-ppi,477,0.03670313450519361,1.0
all,0.0600,cross-ppi,478,0.03832357294273536,1.0
all,0.0600,cross-ppi,479,0.038614469501856985,1.0
all,0.0600,cross-ppi,480,0.03739026509602572,1.0
all,0.0600,cross-ppi,481,0.03939063675122845,1.0
all,0.0600,cross-ppi,482,0.03742011745635898,1.0
all,0.0600,cross-ppi,483,0.036192490169002944,1.0
all,0.0600,cross-ppi,484,0.03635379195725055,1.0
all,0.0600,cross-ppi,485,0.037027123968402825,1.0
all,0.0600,cross-ppi,486,0.040370830855534307,1.0
all,0.0600,cross-ppi,487,0.038548309351649795,1.0
all,0.0600,cross-ppi,488,0.03836202051030313,0.0
all,0.0600,cross-ppi,489,0.04040262818341678,1.0
all,0.0600,cross-ppi,490,0.036472011279011674,1.0
all,0.0600,cross-ppi,491,0.03852389233847875,1.0
all,0.0600,cross-ppi,492,0.038059790524651554,1.0
all,0.0600,cross-ppi,493,0.03662619315978233,1.0
all,0.0600,cross-ppi,494,0.03955310554097624,0.0
all,0.0600,cross-ppi,495,0.03695024607303052,1.0
all,0.0600,cross-ppi,496,0.038714192186926705,1.0
all,0.0600,cross-ppi,497,0.03793749026601512,1.0
all,0.0600,cross-ppi,498,0.03740241421103463,1.0
all,0.0600,cross-ppi,499,0.03909189447122874,1.0
all,0.0600,cross-ppi,500,0.036944259970706494,1.0
all,0.0600,cross-ppi,501,0.03732060821144212,1.0
all,0.0600,cross-ppi,502,0.036231814833521364,1.0
all,0.0600,cross-ppi,503,0.03807937928079638,1.0
all,0.0600,cross-ppi,504,0.039854356980537076,1.0
all,0.0600,cross-ppi,505,0.03722354298746125,1.0
all,0.0600,cross-ppi,506,0.03898043072355151,0.0
all,0.0600,cross-ppi,507,0.036000368196046795,1.0
all,0.0600,cross-ppi,508,0.037241647660705396,1.0
all,0.0600,cross-ppi,509,0.03741158947771994,1.0
all,0.0600,cross-ppi,510,0.03577650048900846,1.0
all,0.0600,cross-ppi,511,0.03819073557098707,1.0
all,0.0600,cross-ppi,512,0.036034492795363526,1.0
all,0.0600,cross-ppi,513,0.03832287083236388,1.0
all,0.0600,cross-ppi,514,0.03689095653417196,1.0
all,0.0600,cross-ppi,515,0.037456104420979464,1.0
all,0.0600,cross-ppi,516,0.039344563539588595,1.0
all,0.0600,cross-ppi,517,0.03839160507359454,1.0
all,0.0600,cross-ppi,518,0.0385479431397365,1.0
all,0.0600,cross-ppi,519,0.03885469685961604,1.0
all,0.0600,cross-ppi,520,0.037524886650713185,1.0
all,0.0600,cross-ppi,521,0.03977156115587688,1.0
all,0.0600,cross-ppi,522,0.03852035823909242,1.0
all,0.0600,cross-ppi,523,0.037051290691534206,1.0
all,0.0600,cross-ppi,524,0.03782537161202651,1.0
all,0.0600,cross-ppi,525,0.03675952581649777,1.0
all,0.0600,cross-ppi,526,0.03867441002915595,1.0
all,0.0600,cross-ppi,527,0.03851291126668743,1.0
all,0.0600,cross-ppi,528,0.037985469254324916,1.0
all,0.0600,cross-ppi,529,0.03667999407041145,1.0
all,0.0600,cross-ppi,530,0.037400573217610006,1.0
all,0.0600,cross-ppi,531,0.04030374671451234,1.0
all,0.0600,cross-ppi,532,0.03714828342973045,1.0
all,0.0600,cross-ppi,533,0.038495102754420696,1.0
all,0.0600,cross-ppi,534,0.0403103455074687,0.0
all,0.0600,cross-ppi,535,0.03525809403779681,1.0
all,0.0600,cross-ppi,536,0.040449122326775444,1.0
all,0.0600,cross-ppi,537,0.03759516032939303,1.0
all,0.0600,cross-ppi,538,0.03807929709046157,1.0
all,0.0600,cross-ppi,539,0.039051070608822985,1.0
all,0.0600,cross-ppi,540,0.03660592192735354,1.0
all,0.0600,cross-ppi,541,0.03724156016846317,1.0
all,0.0600,cross-ppi,542,0.03998142543055161,1.0
all,0.0600,cross-ppi,543,0.038659318064027476,1.0
all,0.0600,cross-ppi,544,0.038288430997344025,1.0
all,0.0600,cross-ppi,545,0.03895166935062255,1.0
all,0.0600,cross-ppi,546,0.03854055093506789,1.0
all,0.0600,cross-ppi,547,0.037126003317764944,1.0
all,0.0600,cross-ppi,548,0.038333627066605896,1.0
all,0.0600,cross-ppi,549,0.03774942111266841,1.0
all,0.0600,cross-ppi,550,0.03601376349749688,1.0
all,0.0600,cross-ppi,551,0.037252678254610566,1.0
all,0.0600,cross-ppi,552,0.03914416724241174,1.0
all,0.0600,cross-ppi,553,0.0379364110712542,1.0
all,0.0600,cross-ppi,554,0.03805527537145337,1.0
all,0.0600,cross-ppi,555,0.03733559630166883,1.0
all,0.0600,cross-ppi,556,0.036868597205699266,1.0
all,0.0600,cross-ppi,557,0.038039255107372605,1.0
all,0.0600,cross-ppi,558,0.037342586860236476,1.0
all,0.0600,cross-ppi,559,0.03796661115290581,0.0
all,0.0600,cross-ppi,560,0.03981205167776583,1.0
all,0.0600,cross-ppi,561,0.03727304450319677,1.0
all,0.0600,cross-ppi,562,0.038592354619635144,1.0
all,0.0600,cross-ppi,563,0.03941056329280079,1.0
all,0.0600,cross-ppi,564,0.038463078709727955,1.0
all,0.0600,cross-ppi,565,0.03645916901608204,0.0
all,0.0600,cross-ppi,566,0.0375389406951786,1.0
all,0.0600,cross-ppi,567,0.038465969680427925,1.0
all,0.0600,cross-ppi,568,0.03621494991837737,1.0
all,0.0600,cross-ppi,569,0.038893622301243574,1.0
all,0.0600,cross-ppi,570,0.038356041720197825,1.0
all,0.0600,cross-ppi,571,0.035852531380583946,1.0
all,0.0600,cross-ppi,572,0.036795185395371105,1.0
all,0.0600,cross-ppi,573,0.03676005766748833,1.0
all,0.0600,cross-ppi,574,0.036440362087618694,1.0
all,0.0600,cross-ppi,575,0.03966408870461871,1.0
all,0.0600,cross-ppi,576,0.03857519777523266,1.0
all,0.0600,cross-ppi,577,0.0398167777879741,1.0
all,0.0600,cross-ppi,578,0.03775134860047871,1.0
all,0.0600,cross-ppi,579,0.03696758923057186,1.0
all,0.0600,cross-ppi,580,0.037443996787623446,1.0
all,0.0600,cross-ppi,581,0.039652116964202344,1.0
all,0.0600,cross-ppi,582,0.03741777326979978,1.0
all,0.0600,cross-ppi,583,0.03910938124178143,1.0
all,0.0600,cross-ppi,584,0.03808312394627966,1.0
all,0.0600,cross-ppi,585,0.03900864197347442,1.0
all,0.0600,cross-ppi,586,0.0366898229542556,1.0
all,0.0600,cross-ppi,587,0.03668581661776496,1.0
all,0.0600,cross-ppi,588,0.03741652926127814,1.0
all,0.0600,cross-ppi,589,0.0391195796475855,1.0
all,0.0600,cross-ppi,590,0.037464452593423486,1.0
all,0.0600,cross-ppi,591,0.03776626552630771,1.0
all,0.0600,cross-ppi,592,0.03736813142259243,1.0
all,0.0600,cross-ppi,593,0.03862042271988886,1.0
all,0.0600,cross-ppi,594,0.03926490403963892,1.0
all,0.0600,cross-ppi,595,0.03774623152460865,1.0
all,0.0600,cross-ppi,596,0.037726297171008616,0.0
all,0.0600,cross-ppi,597,0.0382834719646149,1.0
all,0.0600,cross-ppi,598,0.03822941591325646,1.0
all,0.0600,cross-ppi,599,0.036712148767608616,1.0
all,0.0600,cross-ppi,600,0.037052794859751215,1.0
all,0.0600,cross-ppi,601,0.035549752277528185,1.0
all,0.0600,cross-ppi,602,0.0393455978525743,1.0
all,0.0600,cross-ppi,603,0.037303554672071026,1.0
all,0.0600,cross-ppi,604,0.035844739458480435,1.0
all,0.0600,cross-ppi,605,0.037862745593945674,1.0
all,0.0600,cross-ppi,606,0.03886634739277536,1.0
all,0.0600,cross-ppi,607,0.03718120189110716,1.0
all,0.0600,cross-ppi,608,0.03713601688643364,1.0
all,0.0600,cross-ppi,609,0.04072219918028663,1.0
all,0.0600,cross-ppi,610,0.038909271577939886,1.0
all,0.0600,cross-ppi,611,0.038196874981377776,1.0
all,0.0600,cross-ppi,612,0.038869119984163314,1.0
all,0.0600,cross-ppi,613,0.03884750944216184,1.0
all,0.0600,cross-ppi,614,0.03753604265089852,1.0
all,0.0600,cross-ppi,615,0.037136026806973144,1.0
all,0.0600,cross-ppi,616,0.038392668014892245,1.0
all,0.0600,cross-ppi,617,0.04014231861737272,1.0
all,0.0600,cross-ppi,618,0.0371607794719081,1.0
all,0.0600,cross-ppi,619,0.038667697408498625,0.0
all,0.0600,cross-ppi,620,0.038354479481976594,1.0
all,0.0600,cross-ppi,621,0.038083671433352256,1.0
all,0.0600,cross-ppi,622,0.03856124454806853,1.0
all,0.0600,cross-ppi,623,0.036894373630648736,1.0
all,0.0600,cross-ppi,624,0.0377852644844332,1.0
all,0.0600,cross-ppi,625,0.0378025122884994,1.0
all,0.0600,cross-ppi,626,0.03942128247640475,1.0
all,0.0600,cross-ppi,627,0.04028249570195774,1.0
all,0.0600,cross-ppi,628,0.038095187760433524,1.0
all,0.0600,cross-ppi,629,0.038511691331446496,1.0
all,0.0600,cross-ppi,630,0.036823341200278414,1.0
all,0.0600,cross-ppi,631,0.03741283757410885,1.0
all,0.0600,cross-ppi,632,0.03740265595981962,1.0
all,0.0600,cross-ppi,633,0.037422205049325585,1.0
all,0.0600,cross-ppi,634,0.03715891463026641,1.0
all,0.0600,cross-ppi,635,0.03866831412238633,1.0
all,0.0600,cross-ppi,636,0.03957222420210185,1.0
all,0.0600,cross-ppi,637,0.03783827547915622,1.0
all,0.0600,cross-ppi,638,0.039143401876163386,1.0
all,0.0600,cross-ppi,639,0.03933350752541462,1.0
all,0.0600,cross-ppi,640,0.037587097667990954,1.0
all,0.0600,cross-ppi,641,0.036923959744089685,1.0
all,0.0600,cross-ppi,642,0.03704565517185479,1.0
all,0.0600,cross-ppi,643,0.03744153352043131,1.0
all,0.0600,cross-ppi,644,0.03703672522834989,1.0
all,0.0600,cross-ppi,645,0.03937133585451866,1.0
all,0.0600,cross-ppi,646,0.03895290900166523,1.0
all,0.0600,cross-ppi,647,0.037024557830270144,1.0
all,0.0600,cross-ppi,648,0.036940688194890964,1.0
all,0.0600,cross-ppi,649,0.037672926143748287,1.0
all,0.0600,cross-ppi,650,0.037580951679459434,1.0
all,0.0600,cross-ppi,651,0.03521827211875109,1.0
all,0.0600,cross-ppi,652,0.03626126522779308,1.0
all,0.0600,cross-ppi,653,0.03813671999720081,1.0
all,0.0600,cross-ppi,654,0.03733548174655221,1.0
all,0.0600,cross-ppi,655,0.03690859509318753,1.0
all,0.0600,cross-ppi,656,0.03818137739334704,1.0
all,0.0600,cross-ppi,657,0.03735284789483742,1.0
all,0.0600,cross-ppi,658,0.036783513760517694,1.0
all,0.0600,cross-ppi,659,0.03954898010134758,1.0
all,0.0600,cross-ppi,660,0.037417876660405774,1.0
all,0.0600,cross-ppi,661,0.03830450771358962,1.0
all,0.0600,cross-ppi,662,0.03791620144516464,1.0
all,0.0600,cross-ppi,663,0.039520249388867335,1.0
all,0.0600,cross-ppi,664,0.039298907727090326,1.0
all,0.0600,cross-ppi,665,0.0365146590574863,1.0
all,0.0700,cross-ppi,333,0.036930706555299925,1.0
all,0.0700,cross-ppi,334,0.03559493554387641,1.0
all,0.0700,cross-ppi,335,0.03430281598046969,1.0
all,0.0700,cross-ppi,336,0.03455546951039293,1.0
all,0.0700,cross-ppi,337,0.037461745093043786,1.0
all,0.0700,cross-ppi,338,0.03379202635193035,1.0
all,0.0700,cross-ppi,339,0.0331888395375739,1.0
all,0.0700,cross-ppi,340,0.036609816881959856,1.0
all,0.0700,cross-ppi,341,0.03580163043663653,1.0
all,0.0700,cross-ppi,342,0.03552514421682032,1.0
all,0.0700,cross-ppi,343,0.0351289217717724,1.0
all,0.0700,cross-ppi,344,0.03529138960563183,1.0
all,0.0700,cross-ppi,345,0.035777304969136586,1.0
all,0.0700,cross-ppi,346,0.03414144539310049,1.0
all,0.0700,cross-ppi,347,0.035461348234450685,1.0
all,0.0700,cross-ppi,348,0.03665019935202907,1.0
all,0.0700,cross-ppi,349,0.03508480855982676,1.0
all,0.0700,cross-ppi,350,0.03493448946693842,1.0
all,0.0700,cross-ppi,351,0.03632828930073195,1.0
all,0.0700,cross-ppi,352,0.03630894657433992,1.0
all,0.0700,cross-ppi,353,0.03580521956241656,1.0
all,0.0700,cross-ppi,354,0.034270053367291164,1.0
all,0.0700,cross-ppi,355,0.03532937819500026,1.0
all,0.0700,cross-ppi,356,0.03397283066453549,1.0
all,0.0700,cross-ppi,357,0.03421792170480209,1.0
all,0.0700,cross-ppi,358,0.0361852857762186,1.0
all,0.0700,cross-ppi,359,0.034625777310621664,0.0
all,0.0700,cross-ppi,360,0.03512949388126252,1.0
all,0.0700,cross-ppi,361,0.0388031572481462,1.0
all,0.0700,cross-ppi,362,0.03670244758790031,1.0
all,0.0700,cross-ppi,363,0.0348625530130563,1.0
all,0.0700,cross-ppi,364,0.03506176184993273,1.0
all,0.0700,cross-ppi,365,0.03495818819650898,1.0
all,0.0700,cross-ppi,366,0.034251877551369075,1.0
all,0.0700,cross-ppi,367,0.03580559710614628,1.0
all,0.0700,cross-ppi,368,0.03581237620994024,1.0
all,0.0700,cross-ppi,369,0.034217492833050644,1.0
all,0.0700,cross-ppi,370,0.03564617298324291,1.0
all,0.0700,cross-ppi,371,0.034935303004458795,1.0
all,0.0700,cross-ppi,372,0.0335308993967868,1.0
all,0.0700,cross-ppi,373,0.035123912932519236,1.0
all,0.0700,cross-ppi,374,0.035928982278032096,1.0
all,0.0700,cross-ppi,375,0.03398393144651901,1.0
all,0.0700,cross-ppi,376,0.03482529279812166,1.0
all,0.0700,cross-ppi,377,0.03410488531917,1.0
all,0.0700,cross-ppi,378,0.03542146287883696,1.0
all,0.0700,cross-ppi,379,0.03512166241813319,1.0
all,0.0700,cross-ppi,380,0.03439685485172414,1.0
all,0.0700,cross-ppi,381,0.03635226745289899,1.0
all,0.0700,cross-ppi,382,0.03493885002724928,1.0
all,0.0700,cross-ppi,383,0.035230494401760265,1.0
all,0.0700,cross-ppi,384,0.03401556215104351,1.0
all,0.0700,cross-ppi,385,0.03522586116108051,1.0
all,0.0700,cross-ppi,386,0.03732328838717858,1.0
all,0.0700,cross-ppi,387,0.03556775514009314,1.0
all,0.0700,cross-ppi,388,0.03567450208385625,1.0
all,0.0700,cross-ppi,389,0.03725470215886409,1.0
all,0.0700,cross-ppi,390,0.0334552229769991,1.0
all,0.0700,cross-ppi,391,0.03515271687902832,1.0
all,0.0700,cross-ppi,392,0.034866624966301774,1.0
all,0.0700,cross-ppi,393,0.03439912309178028,1.0
all,0.0700,cross-ppi,394,0.03674586376692901,0.0
all,0.0700,cross-ppi,395,0.03486756240388711,1.0
all,0.0700,cross-ppi,396,0.03565468466962096,1.0
all,0.0700,cross-ppi,397,0.03548768829782334,1.0
all,0.0700,cross-ppi,398,0.03540430612892065,1.0
all,0.0700,cross-ppi,399,0.035962149328219395,1.0
all,0.0700,cross-ppi,400,0.03510596239494343,1.0
all,0.0700,cross-ppi,401,0.03490792709652313,1.0
all,0.0700,cross-ppi,402,0.034062760759561495,1.0
all,0.0700,cross-ppi,403,0.03561857541191846,1.0
all,0.0700,cross-ppi,404,0.03711431836455922,1.0
all,0.0700,cross-ppi,405,0.03470980966682491,1.0
all,0.0700,cross-ppi,406,0.03549733395344101,0.0
all,0.0700,cross-ppi,407,0.03382997148426381,1.0
all,0.0700,cross-ppi,408,0.03452034646526558,1.0
all,0.0700,cross-ppi,409,0.034971562909576925,1.0
all,0.0700,cross-ppi,410,0.033902413732847414,1.0
all,0.0700,cross-ppi,411,0.03545332774247989,1.0
all,0.0700,cross-ppi,412,0.03370349439654027,1.0
all,0.0700,cross-ppi,413,0.03611595751765195,1.0
all,0.0700,cross-ppi,414,0.03479772794144209,0.0
all,0.0700,cross-ppi,415,0.03466780840443051,1.0
all,0.0700,cross-ppi,416,0.03638687838423926,1.0
all,0.0700,cross-ppi,417,0.03533558890981017,1.0
all,0.0700,cross-ppi,418,0.03618632601086913,1.0
all,0.0700,cross-ppi,419,0.0362670375865739,1.0
all,0.0700,cross-ppi,420,0.03537266521946289,1.0
all,0.0700,cross-ppi,421,0.036835863091841836,1.0
all,0.0700,cross-ppi,422,0.03591644720119366,1.0
all,0.0700,cross-ppi,423,0.03452813124480858,1.0
all,0.0700,cross-ppi,424,0.035019717311833176,1.0
all,0.0700,cross-ppi,425,0.03394444977010724,1.0
all,0.0700,cross-ppi,426,0.0358182736358911,1.0
all,0.0700,cross-ppi,427,0.03473321599212953,1.0
all,0.0700,cross-ppi,428,0.03559375667720263,1.0
all,0.0700,cross-ppi,429,0.03464814448827383,1.0
all,0.0700,cross-ppi,430,0.03467057949144656,1.0
all,0.0700,cross-ppi,431,0.036773033334737026,1.0
all,0.0700,cross-ppi,432,0.035371118887827735,1.0
all,0.0700,cross-ppi,433,0.03572095085789437,1.0
all,0.0700,cross-ppi,434,0.03709396774700768,0.0
all,0.0700,cross-ppi,435,0.03269094866373931,1.0
all,0.0700,cross-ppi,436,0.03736001974174097,1.0
all,0.0700,cross-ppi,437,0.035085023851639724,1.0
all,0.0700,cross-ppi,438,0.03539065624365256,1.0
all,0.0700,cross-ppi,439,0.03591084827747182,1.0
all,0.0700,cross-ppi,440,0.03479410087953913,1.0
all,0.0700,cross-ppi,441,0.035564730638352,1.0
all,0.0700,cross-ppi,442,0.03726701435364632,1.0
all,0.0700,cross-ppi,443,0.03520010290419384,1.0
all,0.0700,cross-ppi,444,0.03525131530400727,1.0
all,0.0700,cross-ppi,445,0.036409432753712,1.0
all,0.0700,cross-ppi,446,0.03554293225029781,1.0
all,0.0700,cross-ppi,447,0.03468555081908062,1.0
all,0.0700,cross-ppi,448,0.03607353491727214,1.0
all,0.0700,cross-ppi,449,0.03522325106194171,1.0
all,0.0700,cross-ppi,450,0.033545923537643185,1.0
all,0.0700,cross-ppi,451,0.034607121807272406,1.0
all,0.0700,cross-ppi,452,0.037378388856318945,1.0
all,0.0700,cross-ppi,453,0.03512457738069363,1.0
all,0.0700,cross-ppi,454,0.03468360656768818,1.0
all,0.0700,cross-ppi,455,0.035070359765759895,1.0
all,0.0700,cross-ppi,456,0.03491241456879879,1.0
all,0.0700,cross-ppi,457,0.03555401469804875,1.0
all,0.0700,cross-ppi,458,0.03493900180949039,1.0
all,0.0700,cross-ppi,459,0.03502454651816336,1.0
all,0.0700,cross-ppi,460,0.0366634499184757,1.0
all,0.0700,cross-ppi,461,0.03488351688851521,1.0
all,0.0700,cross-ppi,462,0.03621507291039375,1.0
all,0.0700,cross-ppi,463,0.03650355732997668,1.0
all,0.0700,cross-ppi,464,0.03589702020879326,1.0
all,0.0700,cross-ppi,465,0.034612272138723005,1.0
all,0.0700,cross-ppi,466,0.03554904796478486,1.0
all,0.0700,cross-ppi,467,0.03559561034141856,1.0
all,0.0700,cross-ppi,468,0.034513138812636956,1.0
all,0.0700,cross-ppi,469,0.03603744609977322,1.0
all,0.0700,cross-ppi,470,0.03615175552469038,1.0
all,0.0700,cross-ppi,471,0.03328495932849099,1.0
all,0.0700,cross-ppi,472,0.03493942387350024,1.0
all,0.0700,cross-ppi,473,0.034386241397962536,1.0
all,0.0700,cross-ppi,474,0.03453931274919053,1.0
all,0.0700,cross-ppi,475,0.03628437211323329,1.0
all,0.0700,cross-ppi,476,0.03633898812899372,1.0
all,0.0700,cross-ppi,477,0.036481021873854935,1.0
all,0.0700,cross-ppi,478,0.03461776681408821,1.0
all,0.0700,cross-ppi,479,0.03487111659992781,1.0
all,0.0700,cross-ppi,480,0.03537949094238679,1.0
all,0.0700,cross-ppi,481,0.036577517149754435,1.0
all,0.0700,cross-ppi,482,0.03565360358243827,1.0
all,0.0700,cross-ppi,483,0.035835084195762645,1.0
all,0.0700,cross-ppi,484,0.035776606370707564,1.0
all,0.0700,cross-ppi,485,0.03550772196878438,0.0
all,0.0700,cross-ppi,486,0.034502516478081696,1.0
all,0.0700,cross-ppi,487,0.03358622924426247,1.0
all,0.0700,cross-ppi,488,0.035260557651722535,1.0
all,0.0700,cross-ppi,489,0.035962178338016404,1.0
all,0.0700,cross-ppi,490,0.03458684640450285,1.0
all,0.0700,cross-ppi,491,0.0346983747348536,1.0
all,0.0700,cross-ppi,492,0.034590076448151263,1.0
all,0.0700,cross-ppi,493,0.035570432107301236,1.0
all,0.0700,cross-ppi,494,0.03607098972845246,1.0
all,0.0700,cross-ppi,495,0.03445296958811772,1.0
all,0.0700,cross-ppi,496,0.034952134696964565,0.0
all,0.0700,cross-ppi,497,0.035358530957600526,1.0
all,0.0700,cross-ppi,498,0.035617540907331574,1.0
all,0.0700,cross-ppi,499,0.03442670266391876,1.0
all,0.0700,cross-ppi,500,0.035235716498259295,1.0
all,0.0700,cross-ppi,501,0.03391761310666949,1.0
all,0.0700,cross-ppi,502,0.03628393875170721,1.0
all,0.0700,cross-ppi,503,0.034387454211923574,1.0
all,0.0700,cross-ppi,504,0.03361871352796872,1.0
all,0.0700,cross-ppi,505,0.03531371528565008,1.0
all,0.0700,cross-ppi,506,0.0356068204371881,1.0
all,0.0700,cross-ppi,507,0.03484831587132867,1.0
all,0.0700,cross-ppi,508,0.03475260723422213,1.0
all,0.0700,cross-ppi,509,0.03856008001085365,1.0
all,0.0700,cross-ppi,510,0.03570561229668598,1.0
all,0.0700,cross-ppi,511,0.035110343806815436,1.0
all,0.0700,cross-ppi,512,0.03667009542291508,1.0
all,0.0700,cross-ppi,513,0.03580668705443013,1.0
all,0.0700,cross-ppi,514,0.03563979422549149,1.0
all,0.0700,cross-ppi,515,0.03546505003438716,1.0
all,0.0700,cross-ppi,516,0.03507959405651473,1.0
all,0.0700,cross-ppi,517,0.03684266851683257,1.0
all,0.0700,cross-ppi,518,0.035404927352147314,1.0
all,0.0700,cross-ppi,519,0.0358265570237184,1.0
all,0.0700,cross-ppi,520,0.035261481727041355,1.0
all,0.0700,cross-ppi,521,0.03552831431980305,1.0
all,0.0700,cross-ppi,522,0.03612795698670679,1.0
all,0.0700,cross-ppi,523,0.035097591203286066,1.0
all,0.0700,cross-ppi,524,0.03516595757348881,1.0
all,0.0700,cross-ppi,525,0.034772519823090264,1.0
all,0.0700,cross-ppi,526,0.03705963610949714,1.0
all,0.0700,cross-ppi,527,0.037647740200102864,1.0
all,0.0700,cross-ppi,528,0.03600350510304809,1.0
all,0.0700,cross-ppi,529,0.03622599561179843,1.0
all,0.0700,cross-ppi,530,0.033897316763305096,1.0
all,0.0700,cross-ppi,531,0.0348310386069588,1.0
all,0.0700,cross-ppi,532,0.03463095805507485,1.0
all,0.0700,cross-ppi,533,0.0352285586288118,1.0
all,0.0700,cross-ppi,534,0.034559692292624455,1.0
all,0.0700,cross-ppi,535,0.03554519764199007,1.0
all,0.0700,cross-ppi,536,0.03686546312407876,1.0
all,0.0700,cross-ppi,537,0.03585197490821712,1.0
all,0.0700,cross-ppi,538,0.036765405865463285,1.0
all,0.0700,cross-ppi,539,0.03691979937730738,1.0
all,0.0700,cross-ppi,540,0.035119208638337285,1.0
all,0.0700,cross-ppi,541,0.03452509981774843,1.0
all,0.0700,cross-ppi,542,0.03489637525522557,1.0
all,0.0700,cross-ppi,543,0.035181225005294886,1.0
all,0.0700,cross-ppi,544,0.034357392434214984,1.0
all,0.0700,cross-ppi,545,0.036412929707610536,1.0
all,0.0700,cross-ppi,546,0.03634635247760365,1.0
all,0.0700,cross-ppi,547,0.0348301924663712,1.0
all,0.0700,cross-ppi,548,0.0346224261674144,1.0
all,0.0700,cross-ppi,549,0.03484189613234412,1.0
all,0.0700,cross-ppi,550,0.035135449153176124,1.0
all,0.0700,cross-ppi,551,0.03285033380441729,1.0
all,0.0700,cross-ppi,552,0.03433921083052552,1.0
all,0.0700,cross-ppi,553,0.03545871264207601,0.0
all,0.0700,cross-ppi,554,0.034808898811404615,1.0
all,0.0700,cross-ppi,555,0.035102605630885436,1.0
all,0.0700,cross-ppi,556,0.03533327464581423,1.0
all,0.0700,cross-ppi,557,0.03478221038925333,1.0
all,0.0700,cross-ppi,558,0.035134637616714426,1.0
all,0.0700,cross-ppi,559,0.036014687916584576,1.0
all,0.0700,cross-ppi,560,0.03546383562449884,1.0
all,0.0700,cross-ppi,561,0.03597654036338685,1.0
all,0.0700,cross-ppi,562,0.03547872787217865,1.0
all,0.0700,cross-ppi,563,0.036370021093178995,1.0
all,0.0700,cross-ppi,564,0.03611491392989741,1.0
all,0.0700,cross-ppi,565,0.03506176569259242,1.0
all,0.0700,cross-ppi,566,0.03371295149300513,1.0
all,0.0700,cross-ppi,567,0.036190379446153664,1.0
all,0.0700,cross-ppi,568,0.035155119150699465,1.0
all,0.0700,cross-ppi,569,0.03576403741217993,1.0
all,0.0700,cross-ppi,570,0.03442897291934777,1.0
all,0.0700,cross-ppi,571,0.03465289980087963,1.0
all,0.0700,cross-ppi,572,0.035599855066495295,1.0
all,0.0700,cross-ppi,573,0.037327302105524846,1.0
all,0.0700,cross-ppi,574,0.03492138404358969,1.0
all,0.0700,cross-ppi,575,0.03581836435304642,1.0
all,0.0700,cross-ppi,576,0.03644967981636074,1.0
all,0.0700,cross-ppi,577,0.03442308755777909,1.0
all,0.0700,cross-ppi,578,0.034774124295814696,1.0
all,0.0700,cross-ppi,579,0.035633022559548366,1.0
all,0.0700,cross-ppi,580,0.035964341063312144,1.0
all,0.0700,cross-ppi,581,0.03576225150011492,1.0
all,0.0700,cross-ppi,582,0.034425376585383805,1.0
all,0.0700,cross-ppi,583,0.035057363623772764,1.0
all,0.0700,cross-ppi,584,0.03543602505896781,1.0
all,0.0700,cross-ppi,585,0.036529608460254076,1.0
all,0.0700,cross-ppi,586,0.035219568310189575,1.0
all,0.0700,cross-ppi,587,0.03649140711975496,1.0
all,0.0700,cross-ppi,588,0.03368859084426201,1.0
all,0.0700,cross-ppi,589,0.034710975175013425,1.0
all,0.0700,cross-ppi,590,0.03670597051919089,1.0
all,0.0700,cross-ppi,591,0.034082144603526876,1.0
all,0.0700,cross-ppi,592,0.03413008410896187,1.0
all,0.0700,cross-ppi,593,0.03555717378776968,1.0
all,0.0700,cross-ppi,594,0.03485176179642449,1.0
all,0.0700,cross-ppi,595,0.0333756708344867,1.0
all,0.0700,cross-ppi,596,0.03502261768051293,1.0
all,0.0700,cross-ppi,597,0.036754499765207393,1.0
all,0.0700,cross-ppi,598,0.03735452892412627,1.0
all,0.0700,cross-ppi,599,0.03635744535960217,1.0
all,0.0700,cross-ppi,600,0.03345828755722588,1.0
all,0.0700,cross-ppi,601,0.03561035642348953,1.0
all,0.0700,cross-ppi,602,0.03637345522376334,1.0
all,0.0700,cross-ppi,603,0.03534833567677298,1.0
all,0.0700,cross-ppi,604,0.034556158877169424,1.0
all,0.0700,cross-ppi,605,0.03607339764891626,1.0
all,0.0700,cross-ppi,606,0.034144889902870346,1.0
all,0.0700,cross-ppi,607,0.03428229582442743,1.0
all,0.0700,cross-ppi,608,0.03467409500143326,1.0
all,0.0700,cross-ppi,609,0.035512776907985794,1.0
all,0.0700,cross-ppi,610,0.03517799048196435,1.0
all,0.0700,cross-ppi,611,0.032579847363394226,1.0
all,0.0700,cross-ppi,612,0.03567664979367491,1.0
all,0.0700,cross-ppi,613,0.035333390072553095,1.0
all,0.0700,cross-ppi,614,0.03565482367843187,1.0
all,0.0700,cross-ppi,615,0.0345092127249329,1.0
all,0.0700,cross-ppi,616,0.03610264972884125,1.0
all,0.0700,cross-ppi,617,0.03583769821652394,1.0
all,0.0700,cross-ppi,618,0.032148647659910545,1.0
all,0.0700,cross-ppi,619,0.035601169748884165,1.0
all,0.0700,cross-ppi,620,0.0365779175271036,1.0
all,0.0700,cross-ppi,621,0.035649146694141126,1.0
all,0.0700,cross-ppi,622,0.03539822031140427,1.0
all,0.0700,cross-ppi,623,0.034373522814236196,1.0
all,0.0700,cross-ppi,624,0.03452053378748954,1.0
all,0.0700,cross-ppi,625,0.03710954468788308,1.0
all,0.0700,cross-ppi,626,0.035290811135933575,1.0
all,0.0700,cross-ppi,627,0.03503412782433535,1.0
all,0.0700,cross-ppi,628,0.03523757668748115,1.0
all,0.0700,cross-ppi,629,0.034844726964754186,0.0
all,0.0700,cross-ppi,630,0.03362043131802672,1.0
all,0.0700,cross-ppi,631,0.03530240093280376,1.0
all,0.0700,cross-ppi,632,0.03601380736346538,1.0
all,0.0700,cross-ppi,633,0.03738475796790941,1.0
all,0.0700,cross-ppi,634,0.03505780780900361,1.0
all,0.0700,cross-ppi,635,0.03494679061483286,1.0
all,0.0700,cross-ppi,636,0.03618679387000734,1.0
all,0.0700,cross-ppi,637,0.0353216353346224,0.0
all,0.0700,cross-ppi,638,0.035019385642839684,1.0
all,0.0700,cross-ppi,639,0.0360719139216292,0.0
all,0.0700,cross-ppi,640,0.03495105194298051,1.0
all,0.0700,cross-ppi,641,0.03528717905582557,1.0
all,0.0700,cross-ppi,642,0.035587753178228904,1.0
all,0.0700,cross-ppi,643,0.03621730471097373,1.0
all,0.0700,cross-ppi,644,0.035764419245162604,1.0
all,0.0700,cross-ppi,645,0.03494415063442724,1.0
all,0.0700,cross-ppi,646,0.034535830198031525,1.0
all,0.0700,cross-ppi,647,0.0354696926298598,1.0
all,0.0700,cross-ppi,648,0.036110538719427904,1.0
all,0.0700,cross-ppi,649,0.0344686168331326,1.0
all,0.0700,cross-ppi,650,0.03643324755817512,1.0
all,0.0700,cross-ppi,651,0.03486610389771602,1.0
all,0.0700,cross-ppi,652,0.03544030768449494,1.0
all,0.0700,cross-ppi,653,0.035585771618143136,1.0
all,0.0700,cross-ppi,654,0.03512232116943406,1.0
all,0.0700,cross-ppi,655,0.0357926684365073,1.0
all,0.0700,cross-ppi,656,0.03653071796009985,1.0
all,0.0700,cross-ppi,657,0.03616702161912519,1.0
all,0.0700,cross-ppi,658,0.03520638643487761,0.0
all,0.0700,cross-ppi,659,0.03370002810610259,1.0
all,0.0700,cross-ppi,660,0.03547356088724371,1.0
all,0.0700,cross-ppi,661,0.03522458268232834,0.0
all,0.0700,cross-ppi,662,0.03609320526515314,1.0
all,0.0700,cross-ppi,663,0.03449207233822882,1.0
all,0.0700,cross-ppi,664,0.033194356725865654,1.0
all,0.0700,cross-ppi,665,0.035350680755917185,1.0
all,0.0800,cross-ppi,333,0.03373665789164371,1.0
all,0.0800,cross-ppi,334,0.03463767208232782,1.0
all,0.0800,cross-ppi,335,0.03158198846120697,1.0
all,0.0800,cross-ppi,336,0.03533466783065439,1.0
all,0.0800,cross-ppi,337,0.03371560596458456,1.0
all,0.0800,cross-ppi,338,0.032649017135593095,1.0
all,0.0800,cross-ppi,339,0.03365888958346222,1.0
all,0.0800,cross-ppi,340,0.03292330990118772,1.0
all,0.0800,cross-ppi,341,0.0332519702156133,1.0
all,0.0800,cross-ppi,342,0.0352034945164732,1.0
all,0.0800,cross-ppi,343,0.03334623608096132,1.0
all,0.0800,cross-ppi,344,0.03306186490109997,1.0
all,0.0800,cross-ppi,345,0.03415604176325637,1.0
all,0.0800,cross-ppi,346,0.0339012204663004,1.0
all,0.0800,cross-ppi,347,0.03287886380191429,1.0
all,0.0800,cross-ppi,348,0.034591652675247886,1.0
all,0.0800,cross-ppi,349,0.03288471930403447,1.0
all,0.0800,cross-ppi,350,0.031542016109516346,1.0
all,0.0800,cross-ppi,351,0.032560174920989365,1.0
all,0.0800,cross-ppi,352,0.034542178674442536,1.0
all,0.0800,cross-ppi,353,0.033404799027124676,1.0
all,0.0800,cross-ppi,354,0.03297361400084664,1.0
all,0.0800,cross-ppi,355,0.032535645305871275,1.0
all,0.0800,cross-ppi,356,0.033181764003484465,1.0
all,0.0800,cross-ppi,357,0.033411879126821836,1.0
all,0.0800,cross-ppi,358,0.0327883704171279,1.0
all,0.0800,cross-ppi,359,0.03302434785290284,1.0
all,0.0800,cross-ppi,360,0.034186050303325555,1.0
all,0.0800,cross-ppi,361,0.03286965274074513,1.0
all,0.0800,cross-ppi,362,0.03424393924976887,1.0
all,0.0800,cross-ppi,363,0.034470192929654586,1.0
all,0.0800,cross-ppi,364,0.0336796536468682,1.0
all,0.0800,cross-ppi,365,0.03291755874748456,1.0
all,0.0800,cross-ppi,366,0.033456178786946844,1.0
all,0.0800,cross-ppi,367,0.033392070023907205,1.0
all,0.0800,cross-ppi,368,0.03255583032642306,1.0
all,0.0800,cross-ppi,369,0.03423227064332035,1.0
all,0.0800,cross-ppi,370,0.03378964670541859,1.0
all,0.0800,cross-ppi,371,0.03156242625358377,1.0
all,0.0800,cross-ppi,372,0.0331122755192883,1.0
all,0.0800,cross-ppi,373,0.031695540010761386,1.0
all,0.0800,cross-ppi,374,0.03248720918992298,1.0
all,0.0800,cross-ppi,375,0.03395523247685861,1.0
all,0.0800,cross-ppi,376,0.033934972421099885,1.0
all,0.0800,cross-ppi,377,0.034815338487528824,1.0
all,0.0800,cross-ppi,378,0.03220006707353007,1.0
all,0.0800,cross-ppi,379,0.032715531991237445,1.0
all,0.0800,cross-ppi,380,0.03325753517100771,1.0
all,0.0800,cross-ppi,381,0.03421622106919686,1.0
all,0.0800,cross-ppi,382,0.03286667782518174,1.0
all,0.0800,cross-ppi,383,0.03322065776445707,1.0
all,0.0800,cross-ppi,384,0.033607843747258226,1.0
all,0.0800,cross-ppi,385,0.032929464365386685,0.0
all,0.0800,cross-ppi,386,0.03261122249833692,1.0
all,0.0800,cross-ppi,387,0.032026120603521696,1.0
all,0.0800,cross-ppi,388,0.03299240068393275,1.0
all,0.0800,cross-ppi,389,0.0335343859260917,1.0
all,0.0800,cross-ppi,390,0.03297486159324883,1.0
all,0.0800,cross-ppi,391,0.03314121368989875,1.0
all,0.0800,cross-ppi,392,0.033040462389016145,1.0
all,0.0800,cross-ppi,393,0.03336121751963228,1.0
all,0.0800,cross-ppi,394,0.03420491316338012,1.0
all,0.0800,cross-ppi,395,0.03173657915149097,1.0
all,0.0800,cross-ppi,396,0.03304675533520762,0.0
all,0.0800,cross-ppi,397,0.033051552473921,1.0
all,0.0800,cross-ppi,398,0.03308752562000605,1.0
all,0.0800,cross-ppi,399,0.03188611639572614,1.0
all,0.0800,cross-ppi,400,0.032972858817836626,1.0
all,0.0800,cross-ppi,401,0.031871974093233696,1.0
all,0.0800,cross-ppi,402,0.033998229443991806,1.0
all,0.0800,cross-ppi,403,0.03218171273325107,1.0
all,0.0800,cross-ppi,404,0.03251813116189939,1.0
all,0.0800,cross-ppi,405,0.0327928687691994,1.0
all,0.0800,cross-ppi,406,0.03308167358309175,1.0
all,0.0800,cross-ppi,407,0.033179301697819574,1.0
all,0.0800,cross-ppi,408,0.03292414769314847,1.0
all,0.0800,cross-ppi,409,0.03527676417994052,1.0
all,0.0800,cross-ppi,410,0.03378429228817589,1.0
all,0.0800,cross-ppi,411,0.033712470122280846,1.0
all,0.0800,cross-ppi,412,0.03425115459271,1.0
all,0.0800,cross-ppi,413,0.033791585560593695,1.0
all,0.0800,cross-ppi,414,0.03385566212070609,1.0
all,0.0800,cross-ppi,415,0.033157311329822,1.0
all,0.0800,cross-ppi,416,0.032900504275409026,1.0
all,0.0800,cross-ppi,417,0.03460298581277041,1.0
all,0.0800,cross-ppi,418,0.03408935478249553,1.0
all,0.0800,cross-ppi,419,0.03332212463050044,1.0
all,0.0800,cross-ppi,420,0.03338164759642248,1.0
all,0.0800,cross-ppi,421,0.033324695863919396,1.0
all,0.0800,cross-ppi,422,0.03424985455758167,1.0
all,0.0800,cross-ppi,423,0.03302319689036806,1.0
all,0.0800,cross-ppi,424,0.03344817057505947,1.0
all,0.0800,cross-ppi,425,0.032612919683612684,1.0
all,0.0800,cross-ppi,426,0.03458795527711678,1.0
all,0.0800,cross-ppi,427,0.03541899510176985,1.0
all,0.0800,cross-ppi,428,0.03345684120045331,1.0
all,0.0800,cross-ppi,429,0.03407067184694368,1.0
all,0.0800,cross-ppi,430,0.032171798149889824,1.0
all,0.0800,cross-ppi,431,0.03291438614680309,1.0
all,0.0800,cross-ppi,432,0.03306774002366061,1.0
all,0.0800,cross-ppi,433,0.03293252410741124,1.0
all,0.0800,cross-ppi,434,0.032696449153670315,1.0
all,0.0800,cross-ppi,435,0.03321509455626834,1.0
all,0.0800,cross-ppi,436,0.03491955621631093,1.0
all,0.0800,cross-ppi,437,0.03348525899317134,1.0
all,0.0800,cross-ppi,438,0.03506910505662575,1.0
all,0.0800,cross-ppi,439,0.034778782524316765,1.0
all,0.0800,cross-ppi,440,0.03350912041006382,1.0
all,0.0800,cross-ppi,441,0.032814163154323284,1.0
all,0.0800,cross-ppi,442,0.032786720164525995,1.0
all,0.0800,cross-ppi,443,0.033666739832078435,1.0
all,0.0800,cross-ppi,444,0.032725673990450566,1.0
all,0.0800,cross-ppi,445,0.03432291346132496,1.0
all,0.0800,cross-ppi,446,0.03393515560152496,1.0
all,0.0800,cross-ppi,447,0.03266050269266141,1.0
all,0.0800,cross-ppi,448,0.03290743821704742,1.0
all,0.0800,cross-ppi,449,0.032554509127324466,1.0
all,0.0800,cross-ppi,450,0.03305707759612883,1.0
all,0.0800,cross-ppi,451,0.03145641314091119,1.0
all,0.0800,cross-ppi,452,0.032681043673597476,1.0
all,0.0800,cross-ppi,453,0.03328029060576454,0.0
all,0.0800,cross-ppi,454,0.032751960767975485,1.0
all,0.0800,cross-ppi,455,0.03293778208795539,1.0
all,0.0800,cross-ppi,456,0.03291003210096158,1.0
all,0.0800,cross-ppi,457,0.03286318126216514,1.0
all,0.0800,cross-ppi,458,0.032629259818890866,1.0
all,0.0800,cross-ppi,459,0.03359433723083424,1.0
all,0.0800,cross-ppi,460,0.03341818458721835,1.0
all,0.0800,cross-ppi,461,0.033789183079742546,1.0
all,0.0800,cross-ppi,462,0.0334107921387502,1.0
all,0.0800,cross-ppi,463,0.03442084541235721,1.0
all,0.0800,cross-ppi,464,0.03425168871010187,1.0
all,0.0800,cross-ppi,465,0.03351977109506196,1.0
all,0.0800,cross-ppi,466,0.03229944623352135,1.0
all,0.0800,cross-ppi,467,0.034140091675904705,1.0
all,0.0800,cross-ppi,468,0.03312417031713766,1.0
all,0.0800,cross-ppi,469,0.03371123087501926,1.0
all,0.0800,cross-ppi,470,0.03233193301814197,1.0
all,0.0800,cross-ppi,471,0.03249501059127094,1.0
all,0.0800,cross-ppi,472,0.03396772942223658,1.0
all,0.0800,cross-ppi,473,0.03499033453511366,1.0
all,0.0800,cross-ppi,474,0.0332639492127208,1.0
all,0.0800,cross-ppi,475,0.03357565110821148,1.0
all,0.0800,cross-ppi,476,0.034558000780514714,1.0
all,0.0800,cross-ppi,477,0.032295324099232386,1.0
all,0.0800,cross-ppi,478,0.032261328845823084,1.0
all,0.0800,cross-ppi,479,0.034336525627411296,0.0
all,0.0800,cross-ppi,480,0.03386743204649789,1.0
all,0.0800,cross-ppi,481,0.03333270912957856,1.0
all,0.0800,cross-ppi,482,0.033305211343176905,1.0
all,0.0800,cross-ppi,483,0.03276183742988378,1.0
all,0.0800,cross-ppi,484,0.0337467707020708,1.0
all,0.0800,cross-ppi,485,0.03423389079470174,1.0
all,0.0800,cross-ppi,486,0.03301943861820675,1.0
all,0.0800,cross-ppi,487,0.03415388427109656,1.0
all,0.0800,cross-ppi,488,0.032501029825840466,1.0
all,0.0800,cross-ppi,489,0.03311322716743914,1.0
all,0.0800,cross-ppi,490,0.03439642001166621,1.0
all,0.0800,cross-ppi,491,0.03217098897008652,1.0
all,0.0800,cross-ppi,492,0.03202343323376,1.0
all,0.0800,cross-ppi,493,0.033856305682661736,1.0
all,0.0800,cross-ppi,494,0.033042594148226634,1.0
all,0.0800,cross-ppi,495,0.0315046644832675,1.0
all,0.0800,cross-ppi,496,0.03366970976893513,1.0
all,0.0800,cross-ppi,497,0.034518642747518924,1.0
all,0.0800,cross-ppi,498,0.035097575912798495,1.0
all,0.0800,cross-ppi,499,0.0340859744626425,1.0
all,0.0800,cross-ppi,500,0.03199002721326408,1.0
all,0.0800,cross-ppi,501,0.03299923233362989,1.0
all,0.0800,cross-ppi,502,0.03375568695160536,0.0
all,0.0800,cross-ppi,503,0.03328261528434873,1.0
all,0.0800,cross-ppi,504,0.03254142021435724,1.0
all,0.0800,cross-ppi,505,0.03377123052267783,1.0
all,0.0800,cross-ppi,506,0.0323463635356038,1.0
all,0.0800,cross-ppi,507,0.032626499889014976,1.0
all,0.0800,cross-ppi,508,0.032468481221154616,1.0
all,0.0800,cross-ppi,509,0.033883909901610276,1.0
all,0.0800,cross-ppi,510,0.03261976030556282,1.0
all,0.0800,cross-ppi,511,0.03093577399948444,1.0
all,0.0800,cross-ppi,512,0.033041824069181214,1.0
all,0.0800,cross-ppi,513,0.03332514336581216,0.0
all,0.0800,cross-ppi,514,0.03313291588726175,1.0
all,0.0800,cross-ppi,515,0.032683986053720054,1.0
all,0.0800,cross-ppi,516,0.03368321555815487,1.0
all,0.0800,cross-ppi,517,0.03372625899391524,1.0
all,0.0800,cross-ppi,518,0.03065752497918403,1.0
all,0.0800,cross-ppi,519,0.03335473875039288,1.0
all,0.0800,cross-ppi,520,0.034517098478537345,1.0
all,0.0800,cross-ppi,521,0.03321799956249785,1.0
all,0.0800,cross-ppi,522,0.03339749965393446,1.0
all,0.0800,cross-ppi,523,0.03243777546060156,1.0
all,0.0800,cross-ppi,524,0.032191709101755395,1.0
all,0.0800,cross-ppi,525,0.03450500412987878,1.0
all,0.0800,cross-ppi,526,0.03331008906833488,1.0
all,0.0800,cross-ppi,527,0.032978597658400166,1.0
all,0.0800,cross-ppi,528,0.033016692876968984,1.0
all,0.0800,cross-ppi,529,0.03281970845163584,1.0
all,0.0800,cross-ppi,530,0.03176066616741338,1.0
all,0.0800,cross-ppi,531,0.033104470813904996,1.0
all,0.0800,cross-ppi,532,0.03399765467292029,1.0
all,0.0800,cross-ppi,533,0.03554848759629839,1.0
all,0.0800,cross-ppi,534,0.03281878458940779,1.0
all,0.0800,cross-ppi,535,0.03294140588940642,1.0
all,0.0800,cross-ppi,536,0.03423398474838235,1.0
all,0.0800,cross-ppi,537,0.033834787656067955,1.0
all,0.0800,cross-ppi,538,0.0329362576121216,1.0
all,0.0800,cross-ppi,539,0.03414799322253234,1.0
all,0.0800,cross-ppi,540,0.03309066824013415,1.0
all,0.0800,cross-ppi,541,0.03290310328089016,1.0
all,0.0800,cross-ppi,542,0.03388367344117038,1.0
all,0.0800,cross-ppi,543,0.03368710111608597,1.0
all,0.0800,cross-ppi,544,0.03359824256902433,1.0
all,0.0800,cross-ppi,545,0.033149099684534056,1.0
all,0.0800,cross-ppi,546,0.03291439320128964,1.0
all,0.0800,cross-ppi,547,0.03350569328063438,1.0
all,0.0800,cross-ppi,548,0.03440997692704281,1.0
all,0.0800,cross-ppi,549,0.03211794310260982,1.0
all,0.0800,cross-ppi,550,0.03422700481393537,1.0
all,0.0800,cross-ppi,551,0.03316875913389769,1.0
all,0.0800,cross-ppi,552,0.03345706345266394,1.0
all,0.0800,cross-ppi,553,0.03397037217607224,1.0
all,0.0800,cross-ppi,554,0.03309264163540315,1.0
all,0.0800,cross-ppi,555,0.033515194044871244,1.0
all,0.0800,cross-ppi,556,0.03427084086144136,1.0
all,0.0800,cross-ppi,557,0.03430570618542139,1.0
all,0.0800,cross-ppi,558,0.03307069241304472,0.0
all,0.0800,cross-ppi,559,0.03185260315990021,1.0
all,0.0800,cross-ppi,560,0.03353938206742149,1.0
all,0.0800,cross-ppi,561,0.03377412900956256,1.0
all,0.0800,cross-ppi,562,0.03359728221656774,1.0
all,0.0800,cross-ppi,563,0.03279136552789619,1.0
all,0.0800,cross-ppi,564,0.031372559070452,1.0
all,0.0800,cross-ppi,565,0.03320866186106505,1.0
all,0.0800,cross-ppi,566,0.032972951434780406,1.0
all,0.0800,cross-ppi,567,0.03446313821608704,1.0
all,0.0800,cross-ppi,568,0.03373114484305395,1.0
all,0.0800,cross-ppi,569,0.033983454842391875,1.0
all,0.0800,cross-ppi,570,0.03345619338405678,1.0
all,0.0800,cross-ppi,571,0.03160087993796004,1.0
all,0.0800,cross-ppi,572,0.034535718528783343,1.0
all,0.0800,cross-ppi,573,0.032573226110086256,1.0
all,0.0800,cross-ppi,574,0.0326048151208094,1.0
all,0.0800,cross-ppi,575,0.033520702977722555,1.0
all,0.0800,cross-ppi,576,0.03497477539013927,1.0
all,0.0800,cross-ppi,577,0.03426844541808216,1.0
all,0.0800,cross-ppi,578,0.03419829238493374,1.0
all,0.0800,cross-ppi,579,0.03250892409981876,1.0
all,0.0800,cross-ppi,580,0.03190170473909093,1.0
all,0.0800,cross-ppi,581,0.03246675773476437,1.0
all,0.0800,cross-ppi,582,0.03277457212649268,1.0
all,0.0800,cross-ppi,583,0.032438812223856334,0.0
all,0.0800,cross-ppi,584,0.03357305187846449,1.0
all,0.0800,cross-ppi,585,0.03324891754170123,1.0
all,0.0800,cross-ppi,586,0.03434761908935824,1.0
all,0.0800,cross-ppi,587,0.0334075615167522,1.0
all,0.0800,cross-ppi,588,0.03279237640243893,1.0
all,0.0800,cross-ppi,589,0.03256146703035123,1.0
all,0.0800,cross-ppi,590,0.03317181352049922,1.0
all,0.0800,cross-ppi,591,0.03177434722604852,1.0
all,0.0800,cross-ppi,592,0.03402252036958234,1.0
all,0.0800,cross-ppi,593,0.0326384595148137,1.0
all,0.0800,cross-ppi,594,0.03312523779873669,1.0
all,0.0800,cross-ppi,595,0.032261944441743434,1.0
all,0.0800,cross-ppi,596,0.03423006605704593,1.0
all,0.0800,cross-ppi,597,0.0330143665163114,1.0
all,0.0800,cross-ppi,598,0.03331623136053452,1.0
all,0.0800,cross-ppi,599,0.03241285675845951,1.0
all,0.0800,cross-ppi,600,0.03348557192417781,1.0
all,0.0800,cross-ppi,601,0.033435334644926124,1.0
all,0.0800,cross-ppi,602,0.03353573452995562,1.0
all,0.0800,cross-ppi,603,0.032308856256059865,1.0
all,0.0800,cross-ppi,604,0.03213258187166887,1.0
all,0.0800,cross-ppi,605,0.03299808507155977,1.0
all,0.0800,cross-ppi,606,0.0335026363737686,1.0
all,0.0800,cross-ppi,607,0.03306218346466805,1.0
all,0.0800,cross-ppi,608,0.033458103817467166,1.0
all,0.0800,cross-ppi,609,0.032903113051211186,1.0
all,0.0800,cross-ppi,610,0.03386502442677322,1.0
all,0.0800,cross-ppi,611,0.03223307936820627,1.0
all,0.0800,cross-ppi,612,0.03262231472569688,1.0
all,0.0800,cross-ppi,613,0.033068253004133824,1.0
all,0.0800,cross-ppi,614,0.034135325693562174,1.0
all,0.0800,cross-ppi,615,0.03249684861830304,1.0
all,0.0800,cross-ppi,616,0.03293901657419407,1.0
all,0.0800,cross-ppi,617,0.03379419801765712,1.0
all,0.0800,cross-ppi,618,0.03334069546218432,1.0
all,0.0800,cross-ppi,619,0.03295993458628624,1.0
all,0.0800,cross-ppi,620,0.032027604035988366,1.0
all,0.0800,cross-ppi,621,0.034542505743188734,1.0
all,0.0800,cross-ppi,622,0.03255478021323421,1.0
all,0.0800,cross-ppi,623,0.0329446840863058,1.0
all,0.0800,cross-ppi,624,0.033994191103232096,1.0
all,0.0800,cross-ppi,625,0.03442604040295616,1.0
all,0.0800,cross-ppi,626,0.032473897011576436,1.0
all,0.0800,cross-ppi,627,0.033637127681884094,1.0
all,0.0800,cross-ppi,628,0.031595760116871235,1.0
all,0.0800,cross-ppi,629,0.03396642773221234,1.0
all,0.0800,cross-ppi,630,0.03384533383256061,1.0
all,0.0800,cross-ppi,631,0.030545015792950353,0.0
all,0.0800,cross-ppi,632,0.0323729744692568,1.0
all,0.0800,cross-ppi,633,0.03442454269958661,1.0
all,0.0800,cross-ppi,634,0.03436114585174066,1.0
all,0.0800,cross-ppi,635,0.03221484294154264,1.0
all,0.0800,cross-ppi,636,0.0328852128832664,1.0
all,0.0800,cross-ppi,637,0.033434055542788,1.0
all,0.0800,cross-ppi,638,0.033484925997169346,1.0
all,0.0800,cross-ppi,639,0.033611559238386435,1.0
all,0.0800,cross-ppi,640,0.03313899644947263,1.0
all,0.0800,cross-ppi,641,0.03373325970363794,1.0
all,0.0800,cross-ppi,642,0.03409424383129722,1.0
all,0.0800,cross-ppi,643,0.03346161790011215,1.0
all,0.0800,cross-ppi,644,0.0346260584101753,1.0
all,0.0800,cross-ppi,645,0.033311687028202,1.0
all,0.0800,cross-ppi,646,0.0312780839671806,1.0
all,0.0800,cross-ppi,647,0.03292451194982504,1.0
all,0.0800,cross-ppi,648,0.033013758198480375,1.0
all,0.0800,cross-ppi,649,0.03298821617771386,1.0
all,0.0800,cross-ppi,650,0.034447852044768856,0.0
all,0.0800,cross-ppi,651,0.03460778555886579,1.0
all,0.0800,cross-ppi,652,0.03380100252440277,1.0
all,0.0800,cross-ppi,653,0.0339476749730524,1.0
all,0.0800,cross-ppi,654,0.033427143777097296,1.0
all,0.0800,cross-ppi,655,0.034829460433602466,1.0
all,0.0800,cross-ppi,656,0.03346821055474547,1.0
all,0.0800,cross-ppi,657,0.03253343148105678,1.0
all,0.0800,cross-ppi,658,0.032848835402322724,1.0
all,0.0800,cross-ppi,659,0.030965699406472535,0.0
all,0.0800,cross-ppi,660,0.03115428946719634,1.0
all,0.0800,cross-ppi,661,0.03408204092904368,1.0
all,0.0800,cross-ppi,662,0.03269597006280689,1.0
all,0.0800,cross-ppi,663,0.03409018970093311,1.0
all,0.0800,cross-ppi,664,0.03339030109218599,1.0
all,0.0800,cross-ppi,665,0.033331661355733844,1.0
all,0.0900,cross-ppi,333,0.03145308611042272,1.0
all,0.0900,cross-ppi,334,0.03123247099155735,1.0
all,0.0900,cross-ppi,335,0.03160585716673503,1.0
all,0.0900,cross-ppi,336,0.032875669964755994,1.0
all,0.0900,cross-ppi,337,0.03150300369241732,1.0
all,0.0900,cross-ppi,338,0.03259827997685294,1.0
all,0.0900,cross-ppi,339,0.032741254437370665,1.0
all,0.0900,cross-ppi,340,0.03196596035105492,1.0
all,0.0900,cross-ppi,341,0.031493417248638966,1.0
all,0.0900,cross-ppi,342,0.030833714706894583,1.0
all,0.0900,cross-ppi,343,0.0318282012160169,1.0
all,0.0900,cross-ppi,344,0.03085655044555413,1.0
all,0.0900,cross-ppi,345,0.0325082529340783,1.0
all,0.0900,cross-ppi,346,0.03192521319296168,1.0
all,0.0900,cross-ppi,347,0.03154764393659007,1.0
all,0.0900,cross-ppi,348,0.03149417729676185,1.0
all,0.0900,cross-ppi,349,0.031720591982685425,1.0
all,0.0900,cross-ppi,350,0.031386084718539986,1.0
all,0.0900,cross-ppi,351,0.029624922115471852,1.0
all,0.0900,cross-ppi,352,0.031387634314704455,1.0
all,0.0900,cross-ppi,353,0.03129973652484286,1.0
all,0.0900,cross-ppi,354,0.031222694464717038,1.0
all,0.0900,cross-ppi,355,0.031074378029908395,1.0
all,0.0900,cross-ppi,356,0.031197438778084646,1.0
all,0.0900,cross-ppi,357,0.030706906661820604,1.0
all,0.0900,cross-ppi,358,0.030602355967130013,1.0
all,0.0900,cross-ppi,359,0.03154043394100828,1.0
all,0.0900,cross-ppi,360,0.03216135181020932,1.0
all,0.0900,cross-ppi,361,0.03257495261435572,1.0
all,0.0900,cross-ppi,362,0.03161393713317284,1.0
all,0.0900,cross-ppi,363,0.031982073560856694,1.0
all,0.0900,cross-ppi,364,0.032580906832049394,1.0
all,0.0900,cross-ppi,365,0.03193144312084928,1.0
all,0.0900,cross-ppi,366,0.03090804438256778,1.0
all,0.0900,cross-ppi,367,0.03309231133653054,1.0
all,0.0900,cross-ppi,368,0.03200073867811637,1.0
all,0.0900,cross-ppi,369,0.03198082523916723,1.0
all,0.0900,cross-ppi,370,0.03132657088984772,1.0
all,0.0900,cross-ppi,371,0.03128735412173647,1.0
all,0.0900,cross-ppi,372,0.032638491953301624,1.0
all,0.0900,cross-ppi,373,0.032986396623667674,1.0
all,0.0900,cross-ppi,374,0.03189439182802925,1.0
all,0.0900,cross-ppi,375,0.031955469244094314,1.0
all,0.0900,cross-ppi,376,0.03268008147900828,1.0
all,0.0900,cross-ppi,377,0.03104395307291699,1.0
all,0.0900,cross-ppi,378,0.030820457931305723,1.0
all,0.0900,cross-ppi,379,0.03292418899791505,0.0
all,0.0900,cross-ppi,380,0.032005570229762914,1.0
all,0.0900,cross-ppi,381,0.031690347876042885,1.0
all,0.0900,cross-ppi,382,0.03170644747020565,1.0
all,0.0900,cross-ppi,383,0.03080815510400084,1.0
all,0.0900,cross-ppi,384,0.03186937820217073,1.0
all,0.0900,cross-ppi,385,0.0324307902809641,1.0
all,0.0900,cross-ppi,386,0.03116618130600579,1.0
all,0.0900,cross-ppi,387,0.03244883411971103,1.0
all,0.0900,cross-ppi,388,0.031013006173488705,1.0
all,0.0900,cross-ppi,389,0.0309739566377919,1.0
all,0.0900,cross-ppi,390,0.03255965118287121,1.0
all,0.0900,cross-ppi,391,0.030206403303000173,1.0
all,0.0900,cross-ppi,392,0.030300082690022823,1.0
all,0.0900,cross-ppi,393,0.03209887243190401,1.0
all,0.0900,cross-ppi,394,0.030963742289321555,1.0
all,0.0900,cross-ppi,395,0.029959263019004173,1.0
all,0.0900,cross-ppi,396,0.03227757406703924,1.0
all,0.0900,cross-ppi,397,0.0323809911780808,1.0
all,0.0900,cross-ppi,398,0.03268598678383583,1.0
all,0.0900,cross-ppi,399,0.032219689163982324,1.0
all,0.0900,cross-ppi,400,0.030252324492815924,1.0
all,0.0900,cross-ppi,401,0.03142547223427894,1.0
all,0.0900,cross-ppi,402,0.03216345403045262,1.0
all,0.0900,cross-ppi,403,0.03211051141487031,0.0
all,0.0900,cross-ppi,404,0.03049341286131088,1.0
all,0.0900,cross-ppi,405,0.032058658245114446,1.0
all,0.0900,cross-ppi,406,0.03090553234339899,1.0
all,0.0900,cross-ppi,407,0.03118213002030612,1.0
all,0.0900,cross-ppi,408,0.031244856144877403,1.0
all,0.0900,cross-ppi,409,0.032178969239725186,1.0
all,0.0900,cross-ppi,410,0.03129065357233385,1.0
all,0.0900,cross-ppi,411,0.029707341830689127,1.0
all,0.0900,cross-ppi,412,0.0320699104694768,1.0
all,0.0900,cross-ppi,413,0.03162215319383321,1.0
all,0.0900,cross-ppi,414,0.03147362779229548,1.0
all,0.0900,cross-ppi,415,0.031141909605552853,1.0
all,0.0900,cross-ppi,416,0.03181377963077267,1.0
all,0.0900,cross-ppi,417,0.031890866601048645,1.0
all,0.0900,cross-ppi,418,0.029610869781622057,1.0
all,0.0900,cross-ppi,419,0.03146544643195251,1.0
all,0.0900,cross-ppi,420,0.032380250387350706,1.0
all,0.0900,cross-ppi,421,0.03152335862687172,1.0
all,0.0900,cross-ppi,422,0.031670544392821576,1.0
all,0.0900,cross-ppi,423,0.03075491265449623,1.0
all,0.0900,cross-ppi,424,0.030412712130985203,1.0
all,0.0900,cross-ppi,425,0.03283055515733202,1.0
all,0.0900,cross-ppi,426,0.03162017459147015,1.0
all,0.0900,cross-ppi,427,0.031095789499131166,1.0
all,0.0900,cross-ppi,428,0.030755448259307455,1.0
all,0.0900,cross-ppi,429,0.031226530395440294,1.0
all,0.0900,cross-ppi,430,0.030405556581394877,1.0
all,0.0900,cross-ppi,431,0.03146796259186446,1.0
all,0.0900,cross-ppi,432,0.03187620578586736,1.0
all,0.0900,cross-ppi,433,0.03313310373870659,1.0
all,0.0900,cross-ppi,434,0.031608824316538914,1.0
all,0.0900,cross-ppi,435,0.03129584727333734,1.0
all,0.0900,cross-ppi,436,0.031912073878941793,1.0
all,0.0900,cross-ppi,437,0.03218065060907918,1.0
all,0.0900,cross-ppi,438,0.03143319721115656,1.0
all,0.0900,cross-ppi,439,0.032257743306459835,1.0
all,0.0900,cross-ppi,440,0.031339726806422524,1.0
all,0.0900,cross-ppi,441,0.03144845466333138,1.0
all,0.0900,cross-ppi,442,0.03244783595127973,1.0
all,0.0900,cross-ppi,443,0.0321372555627113,1.0
all,0.0900,cross-ppi,444,0.03213274998823035,1.0
all,0.0900,cross-ppi,445,0.031655347709111936,1.0
all,0.0900,cross-ppi,446,0.031285750724938444,1.0
all,0.0900,cross-ppi,447,0.031239026791008206,1.0
all,0.0900,cross-ppi,448,0.03261635241152175,1.0
all,0.0900,cross-ppi,449,0.030824532787337322,1.0
all,0.0900,cross-ppi,450,0.03221619368087547,1.0
all,0.0900,cross-ppi,451,0.031277904415336066,1.0
all,0.0900,cross-ppi,452,0.03203730657954207,1.0
all,0.0900,cross-ppi,453,0.03182082904481562,1.0
all,0.0900,cross-ppi,454,0.031134381381515253,1.0
all,0.0900,cross-ppi,455,0.032099409878686785,1.0
all,0.0900,cross-ppi,456,0.03191862278041191,1.0
all,0.0900,cross-ppi,457,0.03213545313732766,1.0
all,0.0900,cross-ppi,458,0.031591887671922,0.0
all,0.0900,cross-ppi,459,0.030373093584052907,1.0
all,0.0900,cross-ppi,460,0.03152121462086899,1.0
all,0.0900,cross-ppi,461,0.031630607214804596,1.0
all,0.0900,cross-ppi,462,0.032065298668437214,1.0
all,0.0900,cross-ppi,463,0.031195571483014634,1.0
all,0.0900,cross-ppi,464,0.029965395727023364,1.0
all,0.0900,cross-ppi,465,0.03125377152291442,1.0
all,0.0900,cross-ppi,466,0.03166604302304052,1.0
all,0.0900,cross-ppi,467,0.03310763723987975,1.0
all,0.0900,cross-ppi,468,0.031888062391313365,1.0
all,0.0900,cross-ppi,469,0.03223966024627481,1.0
all,0.0900,cross-ppi,470,0.03167840225972263,1.0
all,0.0900,cross-ppi,471,0.03053767139478447,1.0
all,0.0900,cross-ppi,472,0.03253660842953221,1.0
all,0.0900,cross-ppi,473,0.030897780171333405,1.0
all,0.0900,cross-ppi,474,0.030951924866861602,1.0
all,0.0900,cross-ppi,475,0.03145714110634423,1.0
all,0.0900,cross-ppi,476,0.03278107901768945,1.0
all,0.0900,cross-ppi,477,0.0324391663030745,1.0
all,0.0900,cross-ppi,478,0.032447473620793726,1.0
all,0.0900,cross-ppi,479,0.03116793936269935,1.0
all,0.0900,cross-ppi,480,0.03035066638156725,1.0
all,0.0900,cross-ppi,481,0.031210108966228223,1.0
all,0.0900,cross-ppi,482,0.03068585396025167,1.0
all,0.0900,cross-ppi,483,0.031203195824613145,0.0
all,0.0900,cross-ppi,484,0.031783052846622306,1.0
all,0.0900,cross-ppi,485,0.03172516106899459,1.0
all,0.0900,cross-ppi,486,0.03268748695547408,1.0
all,0.0900,cross-ppi,487,0.0318607906852679,1.0
all,0.0900,cross-ppi,488,0.031267732013568694,1.0
all,0.0900,cross-ppi,489,0.031228375675581788,1.0
all,0.0900,cross-ppi,490,0.03167623589411031,1.0
all,0.0900,cross-ppi,491,0.03075934175208106,1.0
all,0.0900,cross-ppi,492,0.03271047577721961,1.0
all,0.0900,cross-ppi,493,0.03134192990093898,1.0
all,0.0900,cross-ppi,494,0.03136718307877984,1.0
all,0.0900,cross-ppi,495,0.030631293698797246,1.0
all,0.0900,cross-ppi,496,0.032368743432906105,1.0
all,0.0900,cross-ppi,497,0.031170519164086863,1.0
all,0.0900,cross-ppi,498,0.03158596018695822,1.0
all,0.0900,cross-ppi,499,0.03118325122253507,1.0
all,0.0900,cross-ppi,500,0.03181046472098237,1.0
all,0.0900,cross-ppi,501,0.031518717095439186,1.0
all,0.0900,cross-ppi,502,0.031734377033544425,1.0
all,0.0900,cross-ppi,503,0.031217845293361385,1.0
all,0.0900,cross-ppi,504,0.030399425430864074,1.0
all,0.0900,cross-ppi,505,0.031356291410839926,1.0
all,0.0900,cross-ppi,506,0.031575427463613054,1.0
all,0.0900,cross-ppi,507,0.031133040113745264,1.0
all,0.0900,cross-ppi,508,0.03165789622415971,1.0
all,0.0900,cross-ppi,509,0.031052006036738772,1.0
all,0.0900,cross-ppi,510,0.03219297064097923,1.0
all,0.0900,cross-ppi,511,0.030832715049722875,1.0
all,0.0900,cross-ppi,512,0.030970339962414023,1.0
all,0.0900,cross-ppi,513,0.031439149556648505,1.0
all,0.0900,cross-ppi,514,0.032025642373001234,1.0
all,0.0900,cross-ppi,515,0.030922900088916072,1.0
all,0.0900,cross-ppi,516,0.03168377952667856,1.0
all,0.0900,cross-ppi,517,0.03227053516075018,1.0
all,0.0900,cross-ppi,518,0.03150598766316773,1.0
all,0.0900,cross-ppi,519,0.031253807279619655,1.0
all,0.0900,cross-ppi,520,0.03057788763980404,1.0
all,0.0900,cross-ppi,521,0.032538011259790944,1.0
all,0.0900,cross-ppi,522,0.03078306454334112,1.0
all,0.0900,cross-ppi,523,0.0313080240968073,1.0
all,0.0900,cross-ppi,524,0.03225567887945083,1.0
all,0.0900,cross-ppi,525,0.03268483786472631,1.0
all,0.0900,cross-ppi,526,0.03081508573480951,1.0
all,0.0900,cross-ppi,527,0.03223920453842699,1.0
all,0.0900,cross-ppi,528,0.030707558885669672,1.0
all,0.0900,cross-ppi,529,0.03237274229152967,1.0
all,0.0900,cross-ppi,530,0.03202309101317968,1.0
all,0.0900,cross-ppi,531,0.02992872343499306,1.0
all,0.0900,cross-ppi,532,0.030755988039219834,1.0
all,0.0900,cross-ppi,533,0.03239788171298533,1.0
all,0.0900,cross-ppi,534,0.032498017691901526,1.0
all,0.0900,cross-ppi,535,0.030463451867566493,1.0
all,0.0900,cross-ppi,536,0.03132517706381835,1.0
all,0.0900,cross-ppi,537,0.031417823869854006,1.0
all,0.0900,cross-ppi,538,0.031862171808093476,1.0
all,0.0900,cross-ppi,539,0.03223438994905245,1.0
all,0.0900,cross-ppi,540,0.031589750404342004,1.0
all,0.0900,cross-ppi,541,0.03163145842937368,1.0
all,0.0900,cross-ppi,542,0.032328583680686696,1.0
all,0.0900,cross-ppi,543,0.03182314443748946,1.0
all,0.0900,cross-ppi,544,0.03295644273349174,1.0
all,0.0900,cross-ppi,545,0.031998349083137256,1.0
all,0.0900,cross-ppi,546,0.029808747493335702,1.0
all,0.0900,cross-ppi,547,0.03142114168482801,1.0
all,0.0900,cross-ppi,548,0.03106740381273454,1.0
all,0.0900,cross-ppi,549,0.03091492516377059,1.0
all,0.0900,cross-ppi,550,0.03251900935948471,1.0
all,0.0900,cross-ppi,551,0.0328077321148281,1.0
all,0.0900,cross-ppi,552,0.032388957623644465,1.0
all,0.0900,cross-ppi,553,0.03242455832497382,1.0
all,0.0900,cross-ppi,554,0.0313785048205196,1.0
all,0.0900,cross-ppi,555,0.0327884537270208,1.0
all,0.0900,cross-ppi,556,0.031710997807132824,1.0
all,0.0900,cross-ppi,557,0.03127852059942415,1.0
all,0.0900,cross-ppi,558,0.03154228511064208,1.0
all,0.0900,cross-ppi,559,0.029490343909561595,0.0
all,0.0900,cross-ppi,560,0.029983187503936137,1.0
all,0.0900,cross-ppi,561,0.03195678210602518,1.0
all,0.0900,cross-ppi,562,0.03105794555271424,1.0
all,0.0900,cross-ppi,563,0.03207589369960415,1.0
all,0.0900,cross-ppi,564,0.031627515308944254,1.0
all,0.0900,cross-ppi,565,0.031772154923738194,1.0
all,0.0900,cross-ppi,566,0.032110317243503994,1.0
all,0.0900,cross-ppi,567,0.03289147029426609,0.0
all,0.0900,cross-ppi,568,0.029778116122623377,1.0
all,0.0900,cross-ppi,569,0.031882138916626834,1.0
all,0.0900,cross-ppi,570,0.032106030279700604,1.0
all,0.0900,cross-ppi,571,0.0317335353851598,1.0
all,0.0900,cross-ppi,572,0.031817261494872184,1.0
all,0.0900,cross-ppi,573,0.0318554371121392,1.0
all,0.0900,cross-ppi,574,0.030789562555048916,1.0
all,0.0900,cross-ppi,575,0.032493709879484745,1.0
all,0.0900,cross-ppi,576,0.031081275601130803,1.0
all,0.0900,cross-ppi,577,0.03133580646307543,1.0
all,0.0900,cross-ppi,578,0.03170144460660407,1.0
all,0.0900,cross-ppi,579,0.03169850728975196,1.0
all,0.0900,cross-ppi,580,0.03239362537203469,1.0
all,0.0900,cross-ppi,581,0.030967700211404603,1.0
all,0.0900,cross-ppi,582,0.03085935525033387,1.0
all,0.0900,cross-ppi,583,0.030577757757766583,1.0
all,0.0900,cross-ppi,584,0.031674015961208335,1.0
all,0.0900,cross-ppi,585,0.03159777551782586,1.0
all,0.0900,cross-ppi,586,0.031614782904069716,1.0
all,0.0900,cross-ppi,587,0.031227141010019888,1.0
all,0.0900,cross-ppi,588,0.0314572794808651,1.0
all,0.0900,cross-ppi,589,0.031849468998589536,1.0
all,0.0900,cross-ppi,590,0.032746559283581056,1.0
all,0.0900,cross-ppi,591,0.031902108039924854,1.0
all,0.0900,cross-ppi,592,0.031501940625885155,1.0
all,0.0900,cross-ppi,593,0.03143237792244369,1.0
all,0.0900,cross-ppi,594,0.031523668613421485,1.0
all,0.0900,cross-ppi,595,0.031212128790193194,1.0
all,0.0900,cross-ppi,596,0.03188522233833446,1.0
all,0.0900,cross-ppi,597,0.032393507256680776,1.0
all,0.0900,cross-ppi,598,0.031102698160910158,0.0
all,0.0900,cross-ppi,599,0.030346277696149754,0.0
all,0.0900,cross-ppi,600,0.03130234029869064,1.0
all,0.0900,cross-ppi,601,0.032079504658338975,1.0
all,0.0900,cross-ppi,602,0.03192875326049449,1.0
all,0.0900,cross-ppi,603,0.031369717397426194,0.0
all,0.0900,cross-ppi,604,0.0328259148651856,1.0
all,0.0900,cross-ppi,605,0.03181381335419664,1.0
all,0.0900,cross-ppi,606,0.03128726893242098,1.0
all,0.0900,cross-ppi,607,0.029911315021158624,1.0
all,0.0900,cross-ppi,608,0.03303582432095575,1.0
all,0.0900,cross-ppi,609,0.03253535797907339,1.0
all,0.0900,cross-ppi,610,0.03139468297566195,1.0
all,0.0900,cross-ppi,611,0.03232111192341336,1.0
all,0.0900,cross-ppi,612,0.03125015448214241,1.0
all,0.0900,cross-ppi,613,0.03062678606524552,1.0
all,0.0900,cross-ppi,614,0.03174411531864174,1.0
all,0.0900,cross-ppi,615,0.031168566244364232,1.0
all,0.0900,cross-ppi,616,0.033193803339231276,1.0
all,0.0900,cross-ppi,617,0.03142730909070768,1.0
all,0.0900,cross-ppi,618,0.03125839638274788,1.0
all,0.0900,cross-ppi,619,0.03192477345606781,1.0
all,0.0900,cross-ppi,620,0.030578627125177782,1.0
all,0.0900,cross-ppi,621,0.03137463484947281,1.0
all,0.0900,cross-ppi,622,0.03096079714026448,1.0
all,0.0900,cross-ppi,623,0.03197434294557311,1.0
all,0.0900,cross-ppi,624,0.03196702377484853,1.0
all,0.0900,cross-ppi,625,0.030943181037829365,1.0
all,0.0900,cross-ppi,626,0.03108938821993623,1.0
all,0.0900,cross-ppi,627,0.03229096569349296,1.0
all,0.0900,cross-ppi,628,0.032336039518139764,1.0
all,0.0900,cross-ppi,629,0.031804819869277856,1.0
all,0.0900,cross-ppi,630,0.03109778867439339,1.0
all,0.0900,cross-ppi,631,0.031002304308666018,1.0
all,0.0900,cross-ppi,632,0.03309401709796042,1.0
all,0.0900,cross-ppi,633,0.03079518642822257,1.0
all,0.0900,cross-ppi,634,0.032542533162233434,1.0
all,0.0900,cross-ppi,635,0.03190851641740078,1.0
all,0.0900,cross-ppi,636,0.031048984403576257,1.0
all,0.0900,cross-ppi,637,0.032011472537846974,1.0
all,0.0900,cross-ppi,638,0.03071467036913869,1.0
all,0.0900,cross-ppi,639,0.03170171615962783,1.0
all,0.0900,cross-ppi,640,0.03350937548485766,1.0
all,0.0900,cross-ppi,641,0.030125424465937217,1.0
all,0.0900,cross-ppi,642,0.03187800702087587,1.0
all,0.0900,cross-ppi,643,0.032343542775506856,1.0
all,0.0900,cross-ppi,644,0.0315073678351214,1.0
all,0.0900,cross-ppi,645,0.03148496384354593,1.0
all,0.0900,cross-ppi,646,0.03207185654175981,1.0
all,0.0900,cross-ppi,647,0.03169204607030662,1.0
all,0.0900,cross-ppi,648,0.030534068940172215,1.0
all,0.0900,cross-ppi,649,0.03055848572616146,1.0
all,0.0900,cross-ppi,650,0.03107655057547362,1.0
all,0.0900,cross-ppi,651,0.030365127924924712,1.0
all,0.0900,cross-ppi,652,0.030580586341165117,1.0
all,0.0900,cross-ppi,653,0.03131671118170595,1.0
all,0.0900,cross-ppi,654,0.03199135866078609,1.0
all,0.0900,cross-ppi,655,0.03103548322345831,1.0
all,0.0900,cross-ppi,656,0.0324931598605587,1.0
all,0.0900,cross-ppi,657,0.030620465938187708,1.0
all,0.0900,cross-ppi,658,0.03124893072059065,1.0
all,0.0900,cross-ppi,659,0.031796485534680174,1.0
all,0.0900,cross-ppi,660,0.03112250656889623,1.0
all,0.0900,cross-ppi,661,0.032039140333254695,1.0
all,0.0900,cross-ppi,662,0.03157682997750269,1.0
all,0.0900,cross-ppi,663,0.03170684503392632,1.0
all,0.0900,cross-ppi,664,0.031225898045774803,1.0
all,0.0900,cross-ppi,665,0.03013292784270072,1.0
all,0.1000,cross-ppi,333,0.03146435808927639,1.0
all,0.1000,cross-ppi,334,0.03007106610711599,1.0
all,0.1000,cross-ppi,335,0.029718816919657637,1.0
all,0.1000,cross-ppi,336,0.030384286402076882,1.0
all,0.1000,cross-ppi,337,0.030766488366029104,1.0
all,0.1000,cross-ppi,338,0.029999594168198085,1.0
all,0.1000,cross-ppi,339,0.030648337023621602,1.0
all,0.1000,cross-ppi,340,0.030014144790232428,1.0
all,0.1000,cross-ppi,341,0.030402608719992036,1.0
all,0.1000,cross-ppi,342,0.030840667306980513,1.0
all,0.1000,cross-ppi,343,0.03084070199303271,1.0
all,0.1000,cross-ppi,344,0.030433718752766042,1.0
all,0.1000,cross-ppi,345,0.030345834325105514,1.0
all,0.1000,cross-ppi,346,0.030234521700719413,1.0
all,0.1000,cross-ppi,347,0.03000357529352901,1.0
all,0.1000,cross-ppi,348,0.030657529096876496,1.0
all,0.1000,cross-ppi,349,0.029677717969253198,1.0
all,0.1000,cross-ppi,350,0.030661024927587266,1.0
all,0.1000,cross-ppi,351,0.02996626220148249,1.0
all,0.1000,cross-ppi,352,0.031186539000105484,1.0
all,0.1000,cross-ppi,353,0.03051667428751273,1.0
all,0.1000,cross-ppi,354,0.029541347458403866,1.0
all,0.1000,cross-ppi,355,0.030375142713462422,1.0
all,0.1000,cross-ppi,356,0.03035677151635019,1.0
all,0.1000,cross-ppi,357,0.03039883706854904,1.0
all,0.1000,cross-ppi,358,0.030324231785318845,0.0
all,0.1000,cross-ppi,359,0.02939158031248379,1.0
all,0.1000,cross-ppi,360,0.030043580700010675,1.0
all,0.1000,cross-ppi,361,0.030302469989257563,1.0
all,0.1000,cross-ppi,362,0.030325165035133828,1.0
all,0.1000,cross-ppi,363,0.030518129500331947,1.0
all,0.1000,cross-ppi,364,0.02855757942903378,1.0
all,0.1000,cross-ppi,365,0.029795381872868038,1.0
all,0.1000,cross-ppi,366,0.03064678997065226,1.0
all,0.1000,cross-ppi,367,0.030876954739842866,1.0
all,0.1000,cross-ppi,368,0.030534211839853248,1.0
all,0.1000,cross-ppi,369,0.03058306713316039,1.0
all,0.1000,cross-ppi,370,0.03017305488769842,1.0
all,0.1000,cross-ppi,371,0.02950112386129014,1.0
all,0.1000,cross-ppi,372,0.03116049643684493,0.0
all,0.1000,cross-ppi,373,0.02963052277251796,1.0
all,0.1000,cross-ppi,374,0.02972389132668196,1.0
all,0.1000,cross-ppi,375,0.030051266278924516,1.0
all,0.1000,cross-ppi,376,0.03124072634270514,1.0
all,0.1000,cross-ppi,377,0.030825864761693467,1.0
all,0.1000,cross-ppi,378,0.030944262645134724,1.0
all,0.1000,cross-ppi,379,0.02984046020985512,1.0
all,0.1000,cross-ppi,380,0.02883153979238065,1.0
all,0.1000,cross-ppi,381,0.029976257403158235,1.0
all,0.1000,cross-ppi,382,0.029638692329548078,1.0
all,0.1000,cross-ppi,383,0.029806319108349633,0.0
all,0.1000,cross-ppi,384,0.030203864395303648,1.0
all,0.1000,cross-ppi,385,0.030276785799070227,1.0
all,0.1000,cross-ppi,386,0.03104907747279395,1.0
all,0.1000,cross-ppi,387,0.030302938455342154,1.0
all,0.1000,cross-ppi,388,0.030296516630319292,1.0
all,0.1000,cross-ppi,389,0.0302136082863467,1.0
all,0.1000,cross-ppi,390,0.02997445693686354,1.0
all,0.1000,cross-ppi,391,0.02966236820779422,1.0
all,0.1000,cross-ppi,392,0.03130943589270452,1.0
all,0.1000,cross-ppi,393,0.030233767529239675,1.0
all,0.1000,cross-ppi,394,0.030143706213022425,1.0
all,0.1000,cross-ppi,395,0.02924172200081876,1.0
all,0.1000,cross-ppi,396,0.03065765005597998,1.0
all,0.1000,cross-ppi,397,0.030080246659046045,1.0
all,0.1000,cross-ppi,398,0.03023767746756023,1.0
all,0.1000,cross-ppi,399,0.029716049603812217,1.0
all,0.1000,cross-ppi,400,0.03037794816382411,1.0
all,0.1000,cross-ppi,401,0.029816444440226048,1.0
all,0.1000,cross-ppi,402,0.030237943816161073,1.0
all,0.1000,cross-ppi,403,0.029924661646675593,1.0
all,0.1000,cross-ppi,404,0.0291928538902331,1.0
all,0.1000,cross-ppi,405,0.029917454660625342,1.0
all,0.1000,cross-ppi,406,0.0302413040469586,1.0
all,0.1000,cross-ppi,407,0.030015799978454022,1.0
all,0.1000,cross-ppi,408,0.030497444157372766,1.0
all,0.1000,cross-ppi,409,0.030248648473338663,1.0
all,0.1000,cross-ppi,410,0.030686493640293327,1.0
all,0.1000,cross-ppi,411,0.02973217553743332,1.0
all,0.1000,cross-ppi,412,0.029875282222820848,1.0
all,0.1000,cross-ppi,413,0.03043169645478358,1.0
all,0.1000,cross-ppi,414,0.03047656195345072,1.0
all,0.1000,cross-ppi,415,0.02922320581451901,1.0
all,0.1000,cross-ppi,416,0.029695167388606364,1.0
all,0.1000,cross-ppi,417,0.030498801563611316,1.0
all,0.1000,cross-ppi,418,0.029862282050647226,1.0
all,0.1000,cross-ppi,419,0.029398216563080948,1.0
all,0.1000,cross-ppi,420,0.029642910552790225,1.0
all,0.1000,cross-ppi,421,0.030832807492242237,1.0
all,0.1000,cross-ppi,422,0.029219543315699648,1.0
all,0.1000,cross-ppi,423,0.029876252809117765,1.0
all,0.1000,cross-ppi,424,0.030442980970618122,1.0
all,0.1000,cross-ppi,425,0.030916386212453656,1.0
all,0.1000,cross-ppi,426,0.029173412292259643,1.0
all,0.1000,cross-ppi,427,0.03060267051640375,1.0
all,0.1000,cross-ppi,428,0.028943601514968775,1.0
all,0.1000,cross-ppi,429,0.0309521040250047,1.0
all,0.1000,cross-ppi,430,0.030505083105143216,1.0
all,0.1000,cross-ppi,431,0.028858695744178015,1.0
all,0.1000,cross-ppi,432,0.029539495440089797,1.0
all,0.1000,cross-ppi,433,0.03074026014614839,1.0
all,0.1000,cross-ppi,434,0.03055395822031537,1.0
all,0.1000,cross-ppi,435,0.029266762702744448,1.0
all,0.1000,cross-ppi,436,0.029567857811100606,1.0
all,0.1000,cross-ppi,437,0.029831824144466945,1.0
all,0.1000,cross-ppi,438,0.03031698434414956,1.0
all,0.1000,cross-ppi,439,0.030470108932011075,1.0
all,0.1000,cross-ppi,440,0.030130215912663183,1.0
all,0.1000,cross-ppi,441,0.030194046121995166,1.0
all,0.1000,cross-ppi,442,0.030870682450813813,1.0
all,0.1000,cross-ppi,443,0.03043452889755549,1.0
all,0.1000,cross-ppi,444,0.03162226123593015,1.0
all,0.1000,cross-ppi,445,0.03027115979645678,1.0
all,0.1000,cross-ppi,446,0.02882364633850454,1.0
all,0.1000,cross-ppi,447,0.030071354096996933,1.0
all,0.1000,cross-ppi,448,0.02995165610191433,1.0
all,0.1000,cross-ppi,449,0.029579121312376278,1.0
all,0.1000,cross-ppi,450,0.031033455539785648,1.0
all,0.1000,cross-ppi,451,0.031118904169105788,1.0
all,0.1000,cross-ppi,452,0.030875134290420575,1.0
all,0.1000,cross-ppi,453,0.03109372699074353,1.0
all,0.1000,cross-ppi,454,0.030136016895293244,1.0
all,0.1000,cross-ppi,455,0.03139267292248224,1.0
all,0.1000,cross-ppi,456,0.03034463228003248,1.0
all,0.1000,cross-ppi,457,0.029886198279786808,1.0
all,0.1000,cross-ppi,458,0.02996335391386265,1.0
all,0.1000,cross-ppi,459,0.028618087285703364,1.0
all,0.1000,cross-ppi,460,0.029289188568047547,1.0
all,0.1000,cross-ppi,461,0.030400241288663477,1.0
all,0.1000,cross-ppi,462,0.030210242984998997,1.0
all,0.1000,cross-ppi,463,0.030244376821129015,0.0
all,0.1000,cross-ppi,464,0.030359544485199813,1.0
all,0.1000,cross-ppi,465,0.03039218645848729,1.0
all,0.1000,cross-ppi,466,0.030851748517389477,1.0
all,0.1000,cross-ppi,467,0.03142090174325762,1.0
all,0.1000,cross-ppi,468,0.028404548473591973,1.0
all,0.1000,cross-ppi,469,0.03017762404968652,1.0
all,0.1000,cross-ppi,470,0.030771368515594588,1.0
all,0.1000,cross-ppi,471,0.030669985881118828,1.0
all,0.1000,cross-ppi,472,0.030151660753296228,1.0
all,0.1000,cross-ppi,473,0.030291211935941337,1.0
all,0.1000,cross-ppi,474,0.029802402549963247,1.0
all,0.1000,cross-ppi,475,0.030619358239192374,1.0
all,0.1000,cross-ppi,476,0.029552913559110272,1.0
all,0.1000,cross-ppi,477,0.030017904711678867,1.0
all,0.1000,cross-ppi,478,0.030073936377026933,1.0
all,0.1000,cross-ppi,479,0.03022150248968014,1.0
all,0.1000,cross-ppi,480,0.030932171375116058,1.0
all,0.1000,cross-ppi,481,0.029862829123086215,1.0
all,0.1000,cross-ppi,482,0.02983585956869561,1.0
all,0.1000,cross-ppi,483,0.029072477092256688,1.0
all,0.1000,cross-ppi,484,0.030268463467367362,1.0
all,0.1000,cross-ppi,485,0.030413887467728468,1.0
all,0.1000,cross-ppi,486,0.030036230403684527,1.0
all,0.1000,cross-ppi,487,0.02980862372129059,1.0
all,0.1000,cross-ppi,488,0.029849196974304104,1.0
all,0.1000,cross-ppi,489,0.030440159661044186,1.0
all,0.1000,cross-ppi,490,0.031751752383353676,1.0
all,0.1000,cross-ppi,491,0.02997430954186897,1.0
all,0.1000,cross-ppi,492,0.030006522746660963,1.0
all,0.1000,cross-ppi,493,0.030181183722462035,1.0
all,0.1000,cross-ppi,494,0.03015527451258382,1.0
all,0.1000,cross-ppi,495,0.029649882222944707,1.0
all,0.1000,cross-ppi,496,0.030393266652952278,1.0
all,0.1000,cross-ppi,497,0.031038115677694184,1.0
all,0.1000,cross-ppi,498,0.02941722003060321,0.0
all,0.1000,cross-ppi,499,0.02899793179158608,0.0
all,0.1000,cross-ppi,500,0.029868707137612804,1.0
all,0.1000,cross-ppi,501,0.03071329421457722,1.0
all,0.1000,cross-ppi,502,0.030511266705854467,1.0
all,0.1000,cross-ppi,503,0.029600214369990857,0.0
all,0.1000,cross-ppi,504,0.030973724377807987,1.0
all,0.1000,cross-ppi,505,0.030406454206025724,1.0
all,0.1000,cross-ppi,506,0.02969716854944046,1.0
all,0.1000,cross-ppi,507,0.02886138923709894,1.0
all,0.1000,cross-ppi,508,0.03117760224368271,1.0
all,0.1000,cross-ppi,509,0.03091586387795134,1.0
all,0.1000,cross-ppi,510,0.02972184875910544,1.0
all,0.1000,cross-ppi,511,0.030998472986591086,1.0
all,0.1000,cross-ppi,512,0.03001245005928055,1.0
all,0.1000,cross-ppi,513,0.02938913832645995,1.0
all,0.1000,cross-ppi,514,0.03057388676156758,1.0
all,0.1000,cross-ppi,515,0.030159581768654853,1.0
all,0.1000,cross-ppi,516,0.031171997188885886,1.0
all,0.1000,cross-ppi,517,0.03046316495940285,1.0
all,0.1000,cross-ppi,518,0.029978165577733945,1.0
all,0.1000,cross-ppi,519,0.030328428238136973,1.0
all,0.1000,cross-ppi,520,0.028941967894006576,1.0
all,0.1000,cross-ppi,521,0.030023610291318392,1.0
all,0.1000,cross-ppi,522,0.029621323058001886,1.0
all,0.1000,cross-ppi,523,0.030503019468415382,1.0
all,0.1000,cross-ppi,524,0.030393176092041146,1.0
all,0.1000,cross-ppi,525,0.02971175223804637,1.0
all,0.1000,cross-ppi,526,0.029977542810346813,1.0
all,0.1000,cross-ppi,527,0.030717561795352594,1.0
all,0.1000,cross-ppi,528,0.03043240708173553,1.0
all,0.1000,cross-ppi,529,0.030024950099575176,1.0
all,0.1000,cross-ppi,530,0.029931149453849226,1.0
all,0.1000,cross-ppi,531,0.030089458188187673,1.0
all,0.1000,cross-ppi,532,0.03157554005835528,1.0
all,0.1000,cross-ppi,533,0.03003634470622385,1.0
all,0.1000,cross-ppi,534,0.03079340746700021,1.0
all,0.1000,cross-ppi,535,0.030681373009400326,1.0
all,0.1000,cross-ppi,536,0.0297580158404733,1.0
all,0.1000,cross-ppi,537,0.03076410152414452,1.0
all,0.1000,cross-ppi,538,0.029466571823713372,1.0
all,0.1000,cross-ppi,539,0.029863833386673394,1.0
all,0.1000,cross-ppi,540,0.031696416307028574,1.0
all,0.1000,cross-ppi,541,0.02891586527232548,1.0
all,0.1000,cross-ppi,542,0.030082861263760502,1.0
all,0.1000,cross-ppi,543,0.030905409116570665,1.0
all,0.1000,cross-ppi,544,0.030530728511396932,1.0
all,0.1000,cross-ppi,545,0.030077171424681137,1.0
all,0.1000,cross-ppi,546,0.030522842206733486,1.0
all,0.1000,cross-ppi,547,0.030310614105795497,1.0
all,0.1000,cross-ppi,548,0.029665773959516084,1.0
all,0.1000,cross-ppi,549,0.029414629722782887,1.0
all,0.1000,cross-ppi,550,0.02953475838679795,1.0
all,0.1000,cross-ppi,551,0.028997077302883145,1.0
all,0.1000,cross-ppi,552,0.029752482195603336,1.0
all,0.1000,cross-ppi,553,0.02965331400859239,1.0
all,0.1000,cross-ppi,554,0.030676638911442566,1.0
all,0.1000,cross-ppi,555,0.030010697970070915,1.0
all,0.1000,cross-ppi,556,0.030889158503835334,1.0
all,0.1000,cross-ppi,557,0.029514371692722863,1.0
all,0.1000,cross-ppi,558,0.030035199017767633,1.0
all,0.1000,cross-ppi,559,0.030358289220140916,1.0
all,0.1000,cross-ppi,560,0.029575729746750296,1.0
all,0.1000,cross-ppi,561,0.030277183169070243,1.0
all,0.1000,cross-ppi,562,0.03059619840092695,1.0
all,0.1000,cross-ppi,563,0.03013998927837061,1.0
all,0.1000,cross-ppi,564,0.029875758785368856,1.0
all,0.1000,cross-ppi,565,0.02933065865863993,1.0
all,0.1000,cross-ppi,566,0.030181032276377057,1.0
all,0.1000,cross-ppi,567,0.03059499616725836,1.0
all,0.1000,cross-ppi,568,0.029839801642885577,1.0
all,0.1000,cross-ppi,569,0.029615057982739446,1.0
all,0.1000,cross-ppi,570,0.028381854866161293,1.0
all,0.1000,cross-ppi,571,0.029955144985243737,1.0
all,0.1000,cross-ppi,572,0.03044264423047635,1.0
all,0.1000,cross-ppi,573,0.02932406004420629,1.0
all,0.1000,cross-ppi,574,0.030805778468895983,1.0
all,0.1000,cross-ppi,575,0.029515204226827962,1.0
all,0.1000,cross-ppi,576,0.030511211332912347,1.0
all,0.1000,cross-ppi,577,0.03003405641176571,1.0
all,0.1000,cross-ppi,578,0.028915974351699347,1.0
all,0.1000,cross-ppi,579,0.02969426127306904,1.0
all,0.1000,cross-ppi,580,0.031219604349077,1.0
all,0.1000,cross-ppi,581,0.030668324873622727,1.0
all,0.1000,cross-ppi,582,0.029207508703450014,1.0
all,0.1000,cross-ppi,583,0.030340623915110942,1.0
all,0.1000,cross-ppi,584,0.029463505205263307,1.0
all,0.1000,cross-ppi,585,0.030241134584555684,1.0
all,0.1000,cross-ppi,586,0.029829848201314735,1.0
all,0.1000,cross-ppi,587,0.028597490260540592,1.0
all,0.1000,cross-ppi,588,0.02970634155777921,1.0
all,0.1000,cross-ppi,589,0.02985624771739448,1.0
all,0.1000,cross-ppi,590,0.029408292746723325,1.0
all,0.1000,cross-ppi,591,0.029055047775605858,1.0
all,0.1000,cross-ppi,592,0.030887896606451526,1.0
all,0.1000,cross-ppi,593,0.03058715245453117,1.0
all,0.1000,cross-ppi,594,0.03132366571757628,1.0
all,0.1000,cross-ppi,595,0.030619651224854577,1.0
all,0.1000,cross-ppi,596,0.03063281928262307,1.0
all,0.1000,cross-ppi,597,0.029324236750112115,1.0
all,0.1000,cross-ppi,598,0.02934504679389216,1.0
all,0.1000,cross-ppi,599,0.03080418424726794,1.0
all,0.1000,cross-ppi,600,0.030379834519001614,1.0
all,0.1000,cross-ppi,601,0.030483534225657083,1.0
all,0.1000,cross-ppi,602,0.029480652709150013,1.0
all,0.1000,cross-ppi,603,0.03092401223317931,1.0
all,0.1000,cross-ppi,604,0.030176848009257795,1.0
all,0.1000,cross-ppi,605,0.030595178932799394,1.0
all,0.1000,cross-ppi,606,0.030076298419011827,1.0
all,0.1000,cross-ppi,607,0.030133811507485925,1.0
all,0.1000,cross-ppi,608,0.030375005757634715,1.0
all,0.1000,cross-ppi,609,0.030848903343606238,1.0
all,0.1000,cross-ppi,610,0.029614841201884845,1.0
all,0.1000,cross-ppi,611,0.02972654863268054,1.0
all,0.1000,cross-ppi,612,0.029151137987295406,1.0
all,0.1000,cross-ppi,613,0.030762446981942942,1.0
all,0.1000,cross-ppi,614,0.029014520785284992,1.0
all,0.1000,cross-ppi,615,0.029814200417818792,1.0
all,0.1000,cross-ppi,616,0.03022091638175753,1.0
all,0.1000,cross-ppi,617,0.03110677549484897,1.0
all,0.1000,cross-ppi,618,0.031014818013548995,1.0
all,0.1000,cross-ppi,619,0.029950303636338188,1.0
all,0.1000,cross-ppi,620,0.029962609442284044,1.0
all,0.1000,cross-ppi,621,0.030512231749136642,1.0
all,0.1000,cross-ppi,622,0.03212800179032882,1.0
all,0.1000,cross-ppi,623,0.030028547154875823,1.0
all,0.1000,cross-ppi,624,0.02927022879811325,1.0
all,0.1000,cross-ppi,625,0.029818319963918455,1.0
all,0.1000,cross-ppi,626,0.0300887302784274,1.0
all,0.1000,cross-ppi,627,0.02964381264555324,1.0
all,0.1000,cross-ppi,628,0.031577027765742754,1.0
all,0.1000,cross-ppi,629,0.03005697969184154,1.0
all,0.1000,cross-ppi,630,0.03061073488195154,1.0
all,0.1000,cross-ppi,631,0.02917874264433451,1.0
all,0.1000,cross-ppi,632,0.03025097989299652,0.0
all,0.1000,cross-ppi,633,0.030881670863037725,1.0
all,0.1000,cross-ppi,634,0.029549517486381016,1.0
all,0.1000,cross-ppi,635,0.02991465818164138,1.0
all,0.1000,cross-ppi,636,0.02879977022024638,0.0
all,0.1000,cross-ppi,637,0.0304611022796811,1.0
all,0.1000,cross-ppi,638,0.030780201077374225,1.0
all,0.1000,cross-ppi,639,0.029659954746915407,1.0
all,0.1000,cross-ppi,640,0.03169006894658388,1.0
all,0.1000,cross-ppi,641,0.030967833448254267,1.0
all,0.1000,cross-ppi,642,0.030800048660590384,1.0
all,0.1000,cross-ppi,643,0.029426804976371623,1.0
all,0.1000,cross-ppi,644,0.0300248528648287,1.0
all,0.1000,cross-ppi,645,0.029542577228795358,1.0
all,0.1000,cross-ppi,646,0.029704290143676038,1.0
all,0.1000,cross-ppi,647,0.02999842324949975,1.0
all,0.1000,cross-ppi,648,0.030579425876567007,1.0
all,0.1000,cross-ppi,649,0.030730663478859305,1.0
all,0.1000,cross-ppi,650,0.03017476925740467,1.0
all,0.1000,cross-ppi,651,0.031258554168094616,1.0
all,0.1000,cross-ppi,652,0.03094660940952254,1.0
all,0.1000,cross-ppi,653,0.029572290441090332,1.0
all,0.1000,cross-ppi,654,0.030912737712236238,1.0
all,0.1000,cross-ppi,655,0.030223328556042928,1.0
all,0.1000,cross-ppi,656,0.029931224419032842,1.0
all,0.1000,cross-ppi,657,0.030097566783018476,1.0
all,0.1000,cross-ppi,658,0.03067403734679952,1.0
all,0.1000,cross-ppi,659,0.029424959306897785,1.0
all,0.1000,cross-ppi,660,0.03013952135792819,1.0
all,0.1000,cross-ppi,661,0.028684380831657252,1.0
all,0.1000,cross-ppi,662,0.028766094473862663,1.0
all,0.1000,cross-ppi,663,0.029905660091152364,1.0
all,0.1000,cross-ppi,664,0.029583349729828012,1.0
all,0.1000,cross-ppi,665,0.030478089417693366,1.0
all,0.1100,cross-ppi,333,0.02939080733064625,1.0
all,0.1100,cross-ppi,334,0.029531221032570554,1.0
all,0.1100,cross-ppi,335,0.028358347743871026,1.0
all,0.1100,cross-ppi,336,0.028879122826428683,1.0
all,0.1100,cross-ppi,337,0.02875602604247618,1.0
all,0.1100,cross-ppi,338,0.02878485731538949,1.0
all,0.1100,cross-ppi,339,0.028920218893703442,1.0
all,0.1100,cross-ppi,340,0.029004790974874545,1.0
all,0.1100,cross-ppi,341,0.029175464503751858,1.0
all,0.1100,cross-ppi,342,0.029733859666791873,1.0
all,0.1100,cross-ppi,343,0.029083838120255362,1.0
all,0.1100,cross-ppi,344,0.030040440123277917,1.0
all,0.1100,cross-ppi,345,0.02893477172341488,1.0
all,0.1100,cross-ppi,346,0.02772603534924223,1.0
all,0.1100,cross-ppi,347,0.02903102421326506,1.0
all,0.1100,cross-ppi,348,0.028569387131924473,1.0
all,0.1100,cross-ppi,349,0.028668737137508504,1.0
all,0.1100,cross-ppi,350,0.029737202611941127,1.0
all,0.1100,cross-ppi,351,0.029708669734457627,1.0
all,0.1100,cross-ppi,352,0.029452107301063152,1.0
all,0.1100,cross-ppi,353,0.029623052837024932,1.0
all,0.1100,cross-ppi,354,0.028829502265253715,1.0
all,0.1100,cross-ppi,355,0.029789421880929146,1.0
all,0.1100,cross-ppi,356,0.029196956755546455,1.0
all,0.1100,cross-ppi,357,0.028595898439140566,1.0
all,0.1100,cross-ppi,358,0.028873798665060457,1.0
all,0.1100,cross-ppi,359,0.02744640986847821,1.0
all,0.1100,cross-ppi,360,0.027997322253413365,1.0
all,0.1100,cross-ppi,361,0.02906917706044787,1.0
all,0.1100,cross-ppi,362,0.029038975097409492,1.0
all,0.1100,cross-ppi,363,0.029155925242750236,0.0
all,0.1100,cross-ppi,364,0.029424084903658443,1.0
all,0.1100,cross-ppi,365,0.02895225561724013,1.0
all,0.1100,cross-ppi,366,0.029338654427903177,1.0
all,0.1100,cross-ppi,367,0.02995493063649135,1.0
all,0.1100,cross-ppi,368,0.027713637788772977,1.0
all,0.1100,cross-ppi,369,0.029237233400845497,1.0
all,0.1100,cross-ppi,370,0.029558280217970467,1.0
all,0.1100,cross-ppi,371,0.029500959525973203,1.0
all,0.1100,cross-ppi,372,0.028926464476139113,1.0
all,0.1100,cross-ppi,373,0.029040959138273204,1.0
all,0.1100,cross-ppi,374,0.028479845024464462,1.0
all,0.1100,cross-ppi,375,0.02925282243992433,1.0
all,0.1100,cross-ppi,376,0.028054222224148107,1.0
all,0.1100,cross-ppi,377,0.02851962876741354,1.0
all,0.1100,cross-ppi,378,0.029004535365593442,1.0
all,0.1100,cross-ppi,379,0.02916000032800567,1.0
all,0.1100,cross-ppi,380,0.029520150902469955,1.0
all,0.1100,cross-ppi,381,0.028504463838678218,1.0
all,0.1100,cross-ppi,382,0.028774197338003155,1.0
all,0.1100,cross-ppi,383,0.027807431168168556,1.0
all,0.1100,cross-ppi,384,0.02891901507273756,1.0
all,0.1100,cross-ppi,385,0.02951553685011246,1.0
all,0.1100,cross-ppi,386,0.028966308196104046,1.0
all,0.1100,cross-ppi,387,0.028731788538084196,1.0
all,0.1100,cross-ppi,388,0.028646047035824962,1.0
all,0.1100,cross-ppi,389,0.0293314014930062,1.0
all,0.1100,cross-ppi,390,0.030558976334373017,1.0
all,0.1100,cross-ppi,391,0.028509055235931502,1.0
all,0.1100,cross-ppi,392,0.028798013097148162,1.0
all,0.1100,cross-ppi,393,0.029199221645574452,1.0
all,0.1100,cross-ppi,394,0.028778740252392798,1.0
all,0.1100,cross-ppi,395,0.02855264925040421,1.0
all,0.1100,cross-ppi,396,0.029258640013604786,1.0
all,0.1100,cross-ppi,397,0.02955065807530391,1.0
all,0.1100,cross-ppi,398,0.028264089837816697,0.0
all,0.1100,cross-ppi,399,0.027930729356127726,0.0
all,0.1100,cross-ppi,400,0.02864925469199242,1.0
all,0.1100,cross-ppi,401,0.029510460523918564,1.0
all,0.1100,cross-ppi,402,0.028954477785507526,1.0
all,0.1100,cross-ppi,403,0.028466160571892885,0.0
all,0.1100,cross-ppi,404,0.02953207327871754,1.0
all,0.1100,cross-ppi,405,0.029227713421806523,1.0
all,0.1100,cross-ppi,406,0.028622575611113477,1.0
all,0.1100,cross-ppi,407,0.027884579159386275,1.0
all,0.1100,cross-ppi,408,0.029774547176870447,1.0
all,0.1100,cross-ppi,409,0.029691346085259945,1.0
all,0.1100,cross-ppi,410,0.028637318818813817,1.0
all,0.1100,cross-ppi,411,0.029642192730381933,1.0
all,0.1100,cross-ppi,412,0.02894369557870413,1.0
all,0.1100,cross-ppi,413,0.028434588188682747,1.0
all,0.1100,cross-ppi,414,0.029233885425380884,1.0
all,0.1100,cross-ppi,415,0.029030410487344005,1.0
all,0.1100,cross-ppi,416,0.029929188789249966,1.0
all,0.1100,cross-ppi,417,0.028714070614549697,1.0
all,0.1100,cross-ppi,418,0.028299169888413606,1.0
all,0.1100,cross-ppi,419,0.029337550193112683,1.0
all,0.1100,cross-ppi,420,0.02820207199661015,1.0
all,0.1100,cross-ppi,421,0.02841662043769666,1.0
all,0.1100,cross-ppi,422,0.02835571131832934,1.0
all,0.1100,cross-ppi,423,0.029131330411546807,1.0
all,0.1100,cross-ppi,424,0.029155062119103042,1.0
all,0.1100,cross-ppi,425,0.02855660112289904,1.0
all,0.1100,cross-ppi,426,0.02873925425653423,1.0
all,0.1100,cross-ppi,427,0.02931651526333201,1.0
all,0.1100,cross-ppi,428,0.02909197050216572,1.0
all,0.1100,cross-ppi,429,0.02869460384401079,1.0
all,0.1100,cross-ppi,430,0.02911918155650517,1.0
all,0.1100,cross-ppi,431,0.028941477303691093,1.0
all,0.1100,cross-ppi,432,0.030152614892823393,1.0
all,0.1100,cross-ppi,433,0.02873581313689888,1.0
all,0.1100,cross-ppi,434,0.029447288638113633,1.0
all,0.1100,cross-ppi,435,0.029492850541292387,1.0
all,0.1100,cross-ppi,436,0.02856055021586615,1.0
all,0.1100,cross-ppi,437,0.02946717240028074,1.0
all,0.1100,cross-ppi,438,0.02834343206940504,1.0
all,0.1100,cross-ppi,439,0.02848399660109427,1.0
all,0.1100,cross-ppi,440,0.029872881382075445,0.0
all,0.1100,cross-ppi,441,0.028067085125689645,1.0
all,0.1100,cross-ppi,442,0.029052737778486493,1.0
all,0.1100,cross-ppi,443,0.029581010817389175,1.0
all,0.1100,cross-ppi,444,0.029295787453506694,1.0
all,0.1100,cross-ppi,445,0.029264328396374245,1.0
all,0.1100,cross-ppi,446,0.029472102373343217,1.0
all,0.1100,cross-ppi,447,0.02884121186935415,1.0
all,0.1100,cross-ppi,448,0.02887141475807009,1.0
all,0.1100,cross-ppi,449,0.028425044443310954,1.0
all,0.1100,cross-ppi,450,0.028851318864172026,1.0
all,0.1100,cross-ppi,451,0.02818988403572642,1.0
all,0.1100,cross-ppi,452,0.028340129787890134,1.0
all,0.1100,cross-ppi,453,0.028305018058692094,1.0
all,0.1100,cross-ppi,454,0.029460810338727633,1.0
all,0.1100,cross-ppi,455,0.02882409702895794,1.0
all,0.1100,cross-ppi,456,0.02957942833638927,1.0
all,0.1100,cross-ppi,457,0.028566992513486267,1.0
all,0.1100,cross-ppi,458,0.028896706342285028,1.0
all,0.1100,cross-ppi,459,0.029310371678118563,1.0
all,0.1100,cross-ppi,460,0.028408508740905364,1.0
all,0.1100,cross-ppi,461,0.02910855206596341,1.0
all,0.1100,cross-ppi,462,0.029445221907040603,1.0
all,0.1100,cross-ppi,463,0.029188558063510173,1.0
all,0.1100,cross-ppi,464,0.02852770806858851,1.0
all,0.1100,cross-ppi,465,0.02869784271376441,1.0
all,0.1100,cross-ppi,466,0.0289119959628793,1.0
all,0.1100,cross-ppi,467,0.029409566133891646,1.0
all,0.1100,cross-ppi,468,0.02833284720871379,1.0
all,0.1100,cross-ppi,469,0.02832308795446936,1.0
all,0.1100,cross-ppi,470,0.027510948179825273,0.0
all,0.1100,cross-ppi,471,0.028487539125773065,1.0
all,0.1100,cross-ppi,472,0.028933352388693767,1.0
all,0.1100,cross-ppi,473,0.027969720586179886,1.0
all,0.1100,cross-ppi,474,0.029719003826825796,1.0
all,0.1100,cross-ppi,475,0.028044446636349946,1.0
all,0.1100,cross-ppi,476,0.029222895757700013,1.0
all,0.1100,cross-ppi,477,0.02917402252673118,1.0
all,0.1100,cross-ppi,478,0.028214180837280806,1.0
all,0.1100,cross-ppi,479,0.02853218575599578,1.0
all,0.1100,cross-ppi,480,0.029886231668536878,1.0
all,0.1100,cross-ppi,481,0.02942787848086284,1.0
all,0.1100,cross-ppi,482,0.027961222415550296,1.0
all,0.1100,cross-ppi,483,0.02896846230720651,1.0
all,0.1100,cross-ppi,484,0.028340049554054753,1.0
all,0.1100,cross-ppi,485,0.02876267626824222,1.0
all,0.1100,cross-ppi,486,0.02847976405885322,1.0
all,0.1100,cross-ppi,487,0.027459074669543337,1.0
all,0.1100,cross-ppi,488,0.028670597566914563,1.0
all,0.1100,cross-ppi,489,0.02923190807227327,1.0
all,0.1100,cross-ppi,490,0.028124001178964075,1.0
all,0.1100,cross-ppi,491,0.02817074333447714,1.0
all,0.1100,cross-ppi,492,0.02934190875903772,1.0
all,0.1100,cross-ppi,493,0.029492923242930735,1.0
all,0.1100,cross-ppi,494,0.030040936850777578,1.0
all,0.1100,cross-ppi,495,0.029083158356158267,1.0
all,0.1100,cross-ppi,496,0.029506909260175407,1.0
all,0.1100,cross-ppi,497,0.02832250830733396,1.0
all,0.1100,cross-ppi,498,0.028028763846435795,1.0
all,0.1100,cross-ppi,499,0.02953653802076242,1.0
all,0.1100,cross-ppi,500,0.029152415366243134,1.0
all,0.1100,cross-ppi,501,0.029285873965038567,1.0
all,0.1100,cross-ppi,502,0.02848332308019455,1.0
all,0.1100,cross-ppi,503,0.02968907618504113,1.0
all,0.1100,cross-ppi,504,0.02889489364903719,1.0
all,0.1100,cross-ppi,505,0.02923345911905198,1.0
all,0.1100,cross-ppi,506,0.02875049186761247,1.0
all,0.1100,cross-ppi,507,0.029375813116057164,1.0
all,0.1100,cross-ppi,508,0.02901953453644615,1.0
all,0.1100,cross-ppi,509,0.02999006529772283,1.0
all,0.1100,cross-ppi,510,0.028626979167676647,1.0
all,0.1100,cross-ppi,511,0.028759591348074154,1.0
all,0.1100,cross-ppi,512,0.028116767710111068,1.0
all,0.1100,cross-ppi,513,0.02928710696638681,1.0
all,0.1100,cross-ppi,514,0.02837535825770232,1.0
all,0.1100,cross-ppi,515,0.028372810639610863,1.0
all,0.1100,cross-ppi,516,0.02906220078652108,1.0
all,0.1100,cross-ppi,517,0.0295573970150019,1.0
all,0.1100,cross-ppi,518,0.029565371954010766,1.0
all,0.1100,cross-ppi,519,0.02869225002677378,1.0
all,0.1100,cross-ppi,520,0.028959490001424698,1.0
all,0.1100,cross-ppi,521,0.02901842528124665,1.0
all,0.1100,cross-ppi,522,0.03050466954279052,1.0
all,0.1100,cross-ppi,523,0.029042136610850644,1.0
all,0.1100,cross-ppi,524,0.028325873229535947,1.0
all,0.1100,cross-ppi,525,0.02909327386401539,1.0
all,0.1100,cross-ppi,526,0.028533830634823287,1.0
all,0.1100,cross-ppi,527,0.02865094783286304,1.0
all,0.1100,cross-ppi,528,0.030060615826585813,1.0
all,0.1100,cross-ppi,529,0.028601540665030428,1.0
all,0.1100,cross-ppi,530,0.029135023657077347,1.0
all,0.1100,cross-ppi,531,0.02789953663145006,1.0
all,0.1100,cross-ppi,532,0.029205101001072653,0.0
all,0.1100,cross-ppi,533,0.029830795888647565,1.0
all,0.1100,cross-ppi,534,0.02840871809942147,1.0
all,0.1100,cross-ppi,535,0.02876737058572207,1.0
all,0.1100,cross-ppi,536,0.027855129207901674,0.0
all,0.1100,cross-ppi,537,0.029282214892643516,1.0
all,0.1100,cross-ppi,538,0.029557034907730567,1.0
all,0.1100,cross-ppi,539,0.029082251265477144,1.0
all,0.1100,cross-ppi,540,0.030280576625891675,1.0
all,0.1100,cross-ppi,541,0.02983732013669005,1.0
all,0.1100,cross-ppi,542,0.029310491637166147,1.0
all,0.1100,cross-ppi,543,0.02789032453063367,1.0
all,0.1100,cross-ppi,544,0.028987281168570994,1.0
all,0.1100,cross-ppi,545,0.02851926066719737,1.0
all,0.1100,cross-ppi,546,0.0285436735896335,1.0
all,0.1100,cross-ppi,547,0.028908800902770454,1.0
all,0.1100,cross-ppi,548,0.0291720017693623,1.0
all,0.1100,cross-ppi,549,0.029379629262360735,1.0
all,0.1100,cross-ppi,550,0.028871927650845147,1.0
all,0.1100,cross-ppi,551,0.030010247555536274,1.0
all,0.1100,cross-ppi,552,0.02960102439863388,1.0
all,0.1100,cross-ppi,553,0.02850538381490572,1.0
all,0.1100,cross-ppi,554,0.02939296385229584,1.0
all,0.1100,cross-ppi,555,0.02888129077929913,1.0
all,0.1100,cross-ppi,556,0.02837632220191344,1.0
all,0.1100,cross-ppi,557,0.028974952329137937,1.0
all,0.1100,cross-ppi,558,0.029126524378522367,1.0
all,0.1100,cross-ppi,559,0.028370792908966852,1.0
all,0.1100,cross-ppi,560,0.028667005463281603,1.0
all,0.1100,cross-ppi,561,0.028060712325771786,1.0
all,0.1100,cross-ppi,562,0.027618079442730453,1.0
all,0.1100,cross-ppi,563,0.028675516395439304,1.0
all,0.1100,cross-ppi,564,0.028416455718358047,1.0
all,0.1100,cross-ppi,565,0.02932980758233561,1.0
all,0.1100,cross-ppi,566,0.02835073783889805,1.0
all,0.1100,cross-ppi,567,0.028492379698256354,1.0
all,0.1100,cross-ppi,568,0.029981536653209795,0.0
all,0.1100,cross-ppi,569,0.028883562119401462,0.0
all,0.1100,cross-ppi,570,0.029633978054846105,1.0
all,0.1100,cross-ppi,571,0.029286729471366346,1.0
all,0.1100,cross-ppi,572,0.0284485226060327,1.0
all,0.1100,cross-ppi,573,0.029307293158085446,1.0
all,0.1100,cross-ppi,574,0.028344681937127247,1.0
all,0.1100,cross-ppi,575,0.028942210252134365,1.0
all,0.1100,cross-ppi,576,0.028888139981180533,1.0
all,0.1100,cross-ppi,577,0.029540206216814968,1.0
all,0.1100,cross-ppi,578,0.029128084942695365,1.0
all,0.1100,cross-ppi,579,0.0294963024833933,1.0
all,0.1100,cross-ppi,580,0.02894246794472377,1.0
all,0.1100,cross-ppi,581,0.02837077785644504,1.0
all,0.1100,cross-ppi,582,0.02914432383114751,1.0
all,0.1100,cross-ppi,583,0.0282028706944564,1.0
all,0.1100,cross-ppi,584,0.02804207870635192,1.0
all,0.1100,cross-ppi,585,0.029100850072690337,1.0
all,0.1100,cross-ppi,586,0.028086963434987733,1.0
all,0.1100,cross-ppi,587,0.030304589203841242,1.0
all,0.1100,cross-ppi,588,0.028754883567305184,1.0
all,0.1100,cross-ppi,589,0.028034309733395046,1.0
all,0.1100,cross-ppi,590,0.028015811427739123,1.0
all,0.1100,cross-ppi,591,0.027837238730374247,1.0
all,0.1100,cross-ppi,592,0.02796535913919984,1.0
all,0.1100,cross-ppi,593,0.02795393830988946,1.0
all,0.1100,cross-ppi,594,0.029029351705795237,1.0
all,0.1100,cross-ppi,595,0.02874387765081063,1.0
all,0.1100,cross-ppi,596,0.029338291055125615,1.0
all,0.1100,cross-ppi,597,0.028835751239475793,1.0
all,0.1100,cross-ppi,598,0.029527109729636236,1.0
all,0.1100,cross-ppi,599,0.02853400227796521,1.0
all,0.1100,cross-ppi,600,0.028199523846758168,0.0
all,0.1100,cross-ppi,601,0.029218209619090163,1.0
all,0.1100,cross-ppi,602,0.029330603279836803,1.0
all,0.1100,cross-ppi,603,0.028934142146576636,1.0
all,0.1100,cross-ppi,604,0.029022294222200262,1.0
all,0.1100,cross-ppi,605,0.029320672115395685,1.0
all,0.1100,cross-ppi,606,0.029614897081240904,1.0
all,0.1100,cross-ppi,607,0.029582323236011426,1.0
all,0.1100,cross-ppi,608,0.029258504618458248,1.0
all,0.1100,cross-ppi,609,0.029050608139557815,1.0
all,0.1100,cross-ppi,610,0.028806347332359206,1.0
all,0.1100,cross-ppi,611,0.028349066278366836,1.0
all,0.1100,cross-ppi,612,0.02924636637836306,1.0
all,0.1100,cross-ppi,613,0.02933290047545778,1.0
all,0.1100,cross-ppi,614,0.028987653039382444,1.0
all,0.1100,cross-ppi,615,0.029202077475872446,1.0
all,0.1100,cross-ppi,616,0.02885477791505031,1.0
all,0.1100,cross-ppi,617,0.028627684729229608,1.0
all,0.1100,cross-ppi,618,0.028310479776841868,1.0
all,0.1100,cross-ppi,619,0.028978363383876826,1.0
all,0.1100,cross-ppi,620,0.02926588604435776,1.0
all,0.1100,cross-ppi,621,0.028405026920475862,1.0
all,0.1100,cross-ppi,622,0.029766103621071904,1.0
all,0.1100,cross-ppi,623,0.029043976608438937,1.0
all,0.1100,cross-ppi,624,0.029167355617226942,1.0
all,0.1100,cross-ppi,625,0.02903728442172715,1.0
all,0.1100,cross-ppi,626,0.028456061864419957,1.0
all,0.1100,cross-ppi,627,0.028729402835329848,1.0
all,0.1100,cross-ppi,628,0.028007281379855642,1.0
all,0.1100,cross-ppi,629,0.029796992326126204,1.0
all,0.1100,cross-ppi,630,0.028241353399723224,1.0
all,0.1100,cross-ppi,631,0.028836724986883278,1.0
all,0.1100,cross-ppi,632,0.028754600859727614,1.0
all,0.1100,cross-ppi,633,0.028886329081998285,1.0
all,0.1100,cross-ppi,634,0.029663154382868484,1.0
all,0.1100,cross-ppi,635,0.02932555015553831,1.0
all,0.1100,cross-ppi,636,0.02872213655475342,1.0
all,0.1100,cross-ppi,637,0.028975705547040848,1.0
all,0.1100,cross-ppi,638,0.028367241576781943,1.0
all,0.1100,cross-ppi,639,0.029163000285127416,1.0
all,0.1100,cross-ppi,640,0.028311698579685518,1.0
all,0.1100,cross-ppi,641,0.029004859394145627,1.0
all,0.1100,cross-ppi,642,0.028985190754346357,1.0
all,0.1100,cross-ppi,643,0.02880747801186201,1.0
all,0.1100,cross-ppi,644,0.028036708700797663,1.0
all,0.1100,cross-ppi,645,0.026763158514789803,0.0
all,0.1100,cross-ppi,646,0.028015174938597176,1.0
all,0.1100,cross-ppi,647,0.0281950344838231,1.0
all,0.1100,cross-ppi,648,0.02860649010850916,1.0
all,0.1100,cross-ppi,649,0.028502059509961458,1.0
all,0.1100,cross-ppi,650,0.029129182159268185,1.0
all,0.1100,cross-ppi,651,0.029494063075051202,1.0
all,0.1100,cross-ppi,652,0.029178236316653422,1.0
all,0.1100,cross-ppi,653,0.027298790608553114,1.0
all,0.1100,cross-ppi,654,0.02806084622970939,1.0
all,0.1100,cross-ppi,655,0.02856680041898718,1.0
all,0.1100,cross-ppi,656,0.02964428201288269,1.0
all,0.1100,cross-ppi,657,0.029150092825686258,1.0
all,0.1100,cross-ppi,658,0.02919276955205108,1.0
all,0.1100,cross-ppi,659,0.029274332501320388,1.0
all,0.1100,cross-ppi,660,0.029070789600526642,1.0
all,0.1100,cross-ppi,661,0.029773365804727114,1.0
all,0.1100,cross-ppi,662,0.02781113795079182,1.0
all,0.1100,cross-ppi,663,0.02876005414747318,1.0
all,0.1100,cross-ppi,664,0.029697134217547716,1.0
all,0.1100,cross-ppi,665,0.028681306138046536,1.0
all,0.1200,cross-ppi,333,0.027814136018399077,1.0
all,0.1200,cross-ppi,334,0.028433804093687565,1.0
all,0.1200,cross-ppi,335,0.028524416571478167,1.0
all,0.1200,cross-ppi,336,0.027385918986710805,1.0
all,0.1200,cross-ppi,337,0.02820972137287367,1.0
all,0.1200,cross-ppi,338,0.02776171789701276,1.0
all,0.1200,cross-ppi,339,0.027441146603539024,1.0
all,0.1200,cross-ppi,340,0.028681141835330548,1.0
all,0.1200,cross-ppi,341,0.027176354065904906,1.0
all,0.1200,cross-ppi,342,0.027874285222240697,1.0
all,0.1200,cross-ppi,343,0.028399609982113855,1.0
all,0.1200,cross-ppi,344,0.02815418959918492,1.0
all,0.1200,cross-ppi,345,0.02822588051640762,1.0
all,0.1200,cross-ppi,346,0.02826811497036061,1.0
all,0.1200,cross-ppi,347,0.02794894265174852,1.0
all,0.1200,cross-ppi,348,0.027892431628163572,1.0
all,0.1200,cross-ppi,349,0.027328563124589977,1.0
all,0.1200,cross-ppi,350,0.027771779241277023,1.0
all,0.1200,cross-ppi,351,0.027391645882484328,1.0
all,0.1200,cross-ppi,352,0.027066459541714966,0.0
all,0.1200,cross-ppi,353,0.02702288565113728,1.0
all,0.1200,cross-ppi,354,0.028280875328703714,1.0
all,0.1200,cross-ppi,355,0.027885797104216986,1.0
all,0.1200,cross-ppi,356,0.028694528330720948,1.0
all,0.1200,cross-ppi,357,0.027684507993230967,1.0
all,0.1200,cross-ppi,358,0.02797327229390703,1.0
all,0.1200,cross-ppi,359,0.028071357216621906,1.0
all,0.1200,cross-ppi,360,0.027366528157589082,1.0
all,0.1200,cross-ppi,361,0.028018792884365706,1.0
all,0.1200,cross-ppi,362,0.028765408569195322,1.0
all,0.1200,cross-ppi,363,0.028211358354073318,1.0
all,0.1200,cross-ppi,364,0.02727667251029761,1.0
all,0.1200,cross-ppi,365,0.02761033767740506,1.0
all,0.1200,cross-ppi,366,0.027841464625072837,1.0
all,0.1200,cross-ppi,367,0.028400526513014973,1.0
all,0.1200,cross-ppi,368,0.027226075888434648,1.0
all,0.1200,cross-ppi,369,0.02717574902937847,1.0
all,0.1200,cross-ppi,370,0.026710481760141375,0.0
all,0.1200,cross-ppi,371,0.027717476094099136,1.0
all,0.1200,cross-ppi,372,0.027682719219895874,1.0
all,0.1200,cross-ppi,373,0.02723095564771741,1.0
all,0.1200,cross-ppi,374,0.028672875700982314,1.0
all,0.1200,cross-ppi,375,0.027134407987134623,1.0
all,0.1200,cross-ppi,376,0.028278541467058105,1.0
all,0.1200,cross-ppi,377,0.02822315585622423,1.0
all,0.1200,cross-ppi,378,0.027538578703078964,1.0
all,0.1200,cross-ppi,379,0.027816280300098667,1.0
all,0.1200,cross-ppi,380,0.02883354916682282,1.0
all,0.1200,cross-ppi,381,0.028268839485145913,1.0
all,0.1200,cross-ppi,382,0.026746056764169635,1.0
all,0.1200,cross-ppi,383,0.027760656649617133,1.0
all,0.1200,cross-ppi,384,0.027198490148208965,1.0
all,0.1200,cross-ppi,385,0.027620495936033662,1.0
all,0.1200,cross-ppi,386,0.027507548728631814,1.0
all,0.1200,cross-ppi,387,0.026615302236767557,1.0
all,0.1200,cross-ppi,388,0.02768533573215748,1.0
all,0.1200,cross-ppi,389,0.028346006855088812,1.0
all,0.1200,cross-ppi,390,0.026934238051750242,1.0
all,0.1200,cross-ppi,391,0.027236907696070983,1.0
all,0.1200,cross-ppi,392,0.02825925258753148,1.0
all,0.1200,cross-ppi,393,0.028281176528732188,1.0
all,0.1200,cross-ppi,394,0.028724799469575624,1.0
all,0.1200,cross-ppi,395,0.02794866987829689,1.0
all,0.1200,cross-ppi,396,0.028302094627191576,1.0
all,0.1200,cross-ppi,397,0.027295272150634764,1.0
all,0.1200,cross-ppi,398,0.026863382682663445,1.0
all,0.1200,cross-ppi,399,0.028520422341766216,1.0
all,0.1200,cross-ppi,400,0.02812804523970125,1.0
all,0.1200,cross-ppi,401,0.028183098515592087,1.0
all,0.1200,cross-ppi,402,0.027802463100095626,1.0
all,0.1200,cross-ppi,403,0.028363141873507414,1.0
all,0.1200,cross-ppi,404,0.028164571721863596,1.0
all,0.1200,cross-ppi,405,0.02776028797257224,1.0
all,0.1200,cross-ppi,406,0.027625677242544527,1.0
all,0.1200,cross-ppi,407,0.028411243216830334,1.0
all,0.1200,cross-ppi,408,0.02821144793983954,1.0
all,0.1200,cross-ppi,409,0.02892710875129123,1.0
all,0.1200,cross-ppi,410,0.027574021464821685,1.0
all,0.1200,cross-ppi,411,0.027870772115223014,1.0
all,0.1200,cross-ppi,412,0.027283407992466008,1.0
all,0.1200,cross-ppi,413,0.028498704811658754,1.0
all,0.1200,cross-ppi,414,0.027355798186275843,1.0
all,0.1200,cross-ppi,415,0.027378401445494388,1.0
all,0.1200,cross-ppi,416,0.028024659263734986,1.0
all,0.1200,cross-ppi,417,0.028465179683270253,1.0
all,0.1200,cross-ppi,418,0.028415448676948563,1.0
all,0.1200,cross-ppi,419,0.02764893905504695,1.0
all,0.1200,cross-ppi,420,0.02790127107704543,1.0
all,0.1200,cross-ppi,421,0.028121737353079213,1.0
all,0.1200,cross-ppi,422,0.029070031586813094,1.0
all,0.1200,cross-ppi,423,0.027786065569526452,1.0
all,0.1200,cross-ppi,424,0.027558347178689074,1.0
all,0.1200,cross-ppi,425,0.027996138422126532,1.0
all,0.1200,cross-ppi,426,0.02755041428137603,1.0
all,0.1200,cross-ppi,427,0.0278606135547409,1.0
all,0.1200,cross-ppi,428,0.028586865993274396,1.0
all,0.1200,cross-ppi,429,0.027844383856000188,1.0
all,0.1200,cross-ppi,430,0.02785056571010222,1.0
all,0.1200,cross-ppi,431,0.027099613463091754,1.0
all,0.1200,cross-ppi,432,0.027963852547919332,0.0
all,0.1200,cross-ppi,433,0.028680578359927322,1.0
all,0.1200,cross-ppi,434,0.02765907201363793,1.0
all,0.1200,cross-ppi,435,0.02796240879555756,1.0
all,0.1200,cross-ppi,436,0.0268557621570662,0.0
all,0.1200,cross-ppi,437,0.028113891767754362,1.0
all,0.1200,cross-ppi,438,0.028510708713024996,1.0
all,0.1200,cross-ppi,439,0.027912444629655586,1.0
all,0.1200,cross-ppi,440,0.0288469820843007,1.0
all,0.1200,cross-ppi,441,0.028612158387751302,1.0
all,0.1200,cross-ppi,442,0.028333855388263607,1.0
all,0.1200,cross-ppi,443,0.027292666851845643,1.0
all,0.1200,cross-ppi,444,0.028260533677759714,1.0
all,0.1200,cross-ppi,445,0.02747477079222435,1.0
all,0.1200,cross-ppi,446,0.027506530821785002,1.0
all,0.1200,cross-ppi,447,0.028096409768508912,1.0
all,0.1200,cross-ppi,448,0.028167697998040087,1.0
all,0.1200,cross-ppi,449,0.02836976048074924,1.0
all,0.1200,cross-ppi,450,0.02795927508018123,1.0
all,0.1200,cross-ppi,451,0.02877939782543734,1.0
all,0.1200,cross-ppi,452,0.028439379009397414,1.0
all,0.1200,cross-ppi,453,0.02759929361149019,1.0
all,0.1200,cross-ppi,454,0.02861268888815871,1.0
all,0.1200,cross-ppi,455,0.027863082643503456,1.0
all,0.1200,cross-ppi,456,0.027312821896878225,1.0
all,0.1200,cross-ppi,457,0.02778960871774358,0.0
all,0.1200,cross-ppi,458,0.027988148016699244,1.0
all,0.1200,cross-ppi,459,0.027256300979638826,1.0
all,0.1200,cross-ppi,460,0.027699941692485908,1.0
all,0.1200,cross-ppi,461,0.02684511175853721,1.0
all,0.1200,cross-ppi,462,0.02687090271689374,1.0
all,0.1200,cross-ppi,463,0.027462766436425645,1.0
all,0.1200,cross-ppi,464,0.027452728106929336,1.0
all,0.1200,cross-ppi,465,0.02826830347610451,1.0
all,0.1200,cross-ppi,466,0.02726130108594496,1.0
all,0.1200,cross-ppi,467,0.027619037724583517,1.0
all,0.1200,cross-ppi,468,0.028846627767716626,0.0
all,0.1200,cross-ppi,469,0.02795007222903889,0.0
all,0.1200,cross-ppi,470,0.0284883589145023,1.0
all,0.1200,cross-ppi,471,0.027963307683701477,1.0
all,0.1200,cross-ppi,472,0.02749328544529228,1.0
all,0.1200,cross-ppi,473,0.02823570284315724,1.0
all,0.1200,cross-ppi,474,0.02731705048982927,1.0
all,0.1200,cross-ppi,475,0.02779181252860921,1.0
all,0.1200,cross-ppi,476,0.027761357019181948,1.0
all,0.1200,cross-ppi,477,0.02852952255415342,1.0
all,0.1200,cross-ppi,478,0.02835948771361463,1.0
all,0.1200,cross-ppi,479,0.0284166006311517,1.0
all,0.1200,cross-ppi,480,0.027882691657207886,1.0
all,0.1200,cross-ppi,481,0.02740452002117988,1.0
all,0.1200,cross-ppi,482,0.028260151642466758,1.0
all,0.1200,cross-ppi,483,0.02714043431037738,1.0
all,0.1200,cross-ppi,484,0.026989254171031568,1.0
all,0.1200,cross-ppi,485,0.027727168696236815,1.0
all,0.1200,cross-ppi,486,0.027016698382969606,1.0
all,0.1200,cross-ppi,487,0.02896188827581314,1.0
all,0.1200,cross-ppi,488,0.02744857240274845,1.0
all,0.1200,cross-ppi,489,0.027033204143859874,1.0
all,0.1200,cross-ppi,490,0.02705306923660522,1.0
all,0.1200,cross-ppi,491,0.02694583437528475,1.0
all,0.1200,cross-ppi,492,0.027101447622057462,1.0
all,0.1200,cross-ppi,493,0.02698237384017213,1.0
all,0.1200,cross-ppi,494,0.02809150445445388,1.0
all,0.1200,cross-ppi,495,0.027638638423891776,1.0
all,0.1200,cross-ppi,496,0.02814476915854844,1.0
all,0.1200,cross-ppi,497,0.028122197832895046,1.0
all,0.1200,cross-ppi,498,0.02859487552883566,1.0
all,0.1200,cross-ppi,499,0.02748980431586534,1.0
all,0.1200,cross-ppi,500,0.02735385492411435,1.0
all,0.1200,cross-ppi,501,0.028272681409328593,1.0
all,0.1200,cross-ppi,502,0.028153271129807506,1.0
all,0.1200,cross-ppi,503,0.027723985994041828,1.0
all,0.1200,cross-ppi,504,0.028078284422410088,1.0
all,0.1200,cross-ppi,505,0.0282717076878386,1.0
all,0.1200,cross-ppi,506,0.02830137846344538,1.0
all,0.1200,cross-ppi,507,0.02839617288552243,1.0
all,0.1200,cross-ppi,508,0.02817053827844762,1.0
all,0.1200,cross-ppi,509,0.028243379248487854,1.0
all,0.1200,cross-ppi,510,0.027898972377913278,1.0
all,0.1200,cross-ppi,511,0.027383670685173556,1.0
all,0.1200,cross-ppi,512,0.028203749795377903,1.0
all,0.1200,cross-ppi,513,0.028067396920139154,1.0
all,0.1200,cross-ppi,514,0.027995459960732688,1.0
all,0.1200,cross-ppi,515,0.027978961770577238,1.0
all,0.1200,cross-ppi,516,0.027633112401516696,1.0
all,0.1200,cross-ppi,517,0.027533437004490846,1.0
all,0.1200,cross-ppi,518,0.027209747980390997,1.0
all,0.1200,cross-ppi,519,0.028156536479667427,1.0
all,0.1200,cross-ppi,520,0.028088274359358678,1.0
all,0.1200,cross-ppi,521,0.02751666980635123,1.0
all,0.1200,cross-ppi,522,0.028333145689441452,1.0
all,0.1200,cross-ppi,523,0.027976133672252934,1.0
all,0.1200,cross-ppi,524,0.0279301142808506,1.0
all,0.1200,cross-ppi,525,0.02781951973079541,1.0
all,0.1200,cross-ppi,526,0.02767899195068313,1.0
all,0.1200,cross-ppi,527,0.02759516911851237,1.0
all,0.1200,cross-ppi,528,0.027249931305018432,1.0
all,0.1200,cross-ppi,529,0.0287505390867224,1.0
all,0.1200,cross-ppi,530,0.027299052807112978,1.0
all,0.1200,cross-ppi,531,0.028032005378919922,1.0
all,0.1200,cross-ppi,532,0.02761979153961877,1.0
all,0.1200,cross-ppi,533,0.027967890441705584,1.0
all,0.1200,cross-ppi,534,0.028519865234474473,1.0
all,0.1200,cross-ppi,535,0.02833075131332949,1.0
all,0.1200,cross-ppi,536,0.02786627464412153,1.0
all,0.1200,cross-ppi,537,0.028102644291172707,1.0
all,0.1200,cross-ppi,538,0.027451802330455077,1.0
all,0.1200,cross-ppi,539,0.028313901787676454,1.0
all,0.1200,cross-ppi,540,0.027692965296469446,1.0
all,0.1200,cross-ppi,541,0.028083335689317868,1.0
all,0.1200,cross-ppi,542,0.028364470131609504,1.0
all,0.1200,cross-ppi,543,0.0276913532717884,1.0
all,0.1200,cross-ppi,544,0.027198217501560734,1.0
all,0.1200,cross-ppi,545,0.025914450344939888,0.0
all,0.1200,cross-ppi,546,0.02706521431605194,1.0
all,0.1200,cross-ppi,547,0.027172490706953684,1.0
all,0.1200,cross-ppi,548,0.02773406123598529,1.0
all,0.1200,cross-ppi,549,0.027668458968053672,1.0
all,0.1200,cross-ppi,550,0.028275450320543877,1.0
all,0.1200,cross-ppi,551,0.028105806252228693,1.0
all,0.1200,cross-ppi,552,0.028111139787096118,1.0
all,0.1200,cross-ppi,553,0.02645357706993201,1.0
all,0.1200,cross-ppi,554,0.02715473818926728,1.0
all,0.1200,cross-ppi,555,0.027552411287087852,1.0
all,0.1200,cross-ppi,556,0.028502806670344133,1.0
all,0.1200,cross-ppi,557,0.028206000505327733,1.0
all,0.1200,cross-ppi,558,0.028110483028209066,1.0
all,0.1200,cross-ppi,559,0.027905911236227016,1.0
all,0.1200,cross-ppi,560,0.027905532865216465,1.0
all,0.1200,cross-ppi,561,0.028462822088428763,1.0
all,0.1200,cross-ppi,562,0.02706690947020876,1.0
all,0.1200,cross-ppi,563,0.02760795081315115,1.0
all,0.1200,cross-ppi,564,0.028686153869065145,1.0
all,0.1200,cross-ppi,565,0.027764831324877587,1.0
all,0.1200,cross-ppi,566,0.028297449303719385,1.0
all,0.1200,cross-ppi,567,0.0273107705108957,1.0
all,0.1200,cross-ppi,568,0.028308869074323173,1.0
all,0.1200,cross-ppi,569,0.027579116495208944,0.0
all,0.1200,cross-ppi,570,0.026665713049930373,0.0
all,0.1200,cross-ppi,571,0.026945661340048693,1.0
all,0.1200,cross-ppi,572,0.027511556328817743,1.0
all,0.1200,cross-ppi,573,0.027256793314561212,1.0
all,0.1200,cross-ppi,574,0.028285786642782557,1.0
all,0.1200,cross-ppi,575,0.0275905926001776,1.0
all,0.1200,cross-ppi,576,0.027788490530871207,1.0
all,0.1200,cross-ppi,577,0.02760285580943958,1.0
all,0.1200,cross-ppi,578,0.028270088339143823,1.0
all,0.1200,cross-ppi,579,0.027768939018032374,1.0
all,0.1200,cross-ppi,580,0.027783156735944448,1.0
all,0.1200,cross-ppi,581,0.027993839928459496,1.0
all,0.1200,cross-ppi,582,0.02721392975345635,1.0
all,0.1200,cross-ppi,583,0.02847992611396455,1.0
all,0.1200,cross-ppi,584,0.028429234324997027,1.0
all,0.1200,cross-ppi,585,0.028637287548299528,1.0
all,0.1200,cross-ppi,586,0.028228852249158387,1.0
all,0.1200,cross-ppi,587,0.028192313468736296,1.0
all,0.1200,cross-ppi,588,0.027612740862630436,1.0
all,0.1200,cross-ppi,589,0.027913858978083406,1.0
all,0.1200,cross-ppi,590,0.02733490551003559,1.0
all,0.1200,cross-ppi,591,0.027924239686002883,1.0
all,0.1200,cross-ppi,592,0.028395777567023606,1.0
all,0.1200,cross-ppi,593,0.027706324980387137,1.0
all,0.1200,cross-ppi,594,0.028662771320837277,1.0
all,0.1200,cross-ppi,595,0.027853667541788973,1.0
all,0.1200,cross-ppi,596,0.0280822963909374,1.0
all,0.1200,cross-ppi,597,0.027648243277258566,1.0
all,0.1200,cross-ppi,598,0.02688670753472877,1.0
all,0.1200,cross-ppi,599,0.027370484243475546,1.0
all,0.1200,cross-ppi,600,0.027876000793287087,1.0
all,0.1200,cross-ppi,601,0.02754368542308147,0.0
all,0.1200,cross-ppi,602,0.02759897836511646,1.0
all,0.1200,cross-ppi,603,0.028392606070598125,1.0
all,0.1200,cross-ppi,604,0.028153121588705837,1.0
all,0.1200,cross-ppi,605,0.028538158256403157,1.0
all,0.1200,cross-ppi,606,0.027395710165423748,1.0
all,0.1200,cross-ppi,607,0.028004663963082904,1.0
all,0.1200,cross-ppi,608,0.027780693495691317,1.0
all,0.1200,cross-ppi,609,0.028034976054041927,1.0
all,0.1200,cross-ppi,610,0.028739501277451923,1.0
all,0.1200,cross-ppi,611,0.027674572737266923,1.0
all,0.1200,cross-ppi,612,0.028216796139594824,1.0
all,0.1200,cross-ppi,613,0.028502032216435574,1.0
all,0.1200,cross-ppi,614,0.02745204820093472,1.0
all,0.1200,cross-ppi,615,0.02693499322360912,1.0
all,0.1200,cross-ppi,616,0.027037281275878566,1.0
all,0.1200,cross-ppi,617,0.02881230380474134,1.0
all,0.1200,cross-ppi,618,0.028437930397255617,1.0
all,0.1200,cross-ppi,619,0.027556249185878623,1.0
all,0.1200,cross-ppi,620,0.02602929490422934,0.0
all,0.1200,cross-ppi,621,0.0270237745375235,1.0
all,0.1200,cross-ppi,622,0.028025153341674852,1.0
all,0.1200,cross-ppi,623,0.028017162886528002,1.0
all,0.1200,cross-ppi,624,0.027613004525172014,1.0
all,0.1200,cross-ppi,625,0.026824100511581656,1.0
all,0.1200,cross-ppi,626,0.026474733651945276,1.0
all,0.1200,cross-ppi,627,0.02732428375823792,1.0
all,0.1200,cross-ppi,628,0.02684632438728915,1.0
all,0.1200,cross-ppi,629,0.028156721293181253,1.0
all,0.1200,cross-ppi,630,0.027494675327243923,1.0
all,0.1200,cross-ppi,631,0.02777674792846732,1.0
all,0.1200,cross-ppi,632,0.028228295613159426,1.0
all,0.1200,cross-ppi,633,0.02804056831307508,1.0
all,0.1200,cross-ppi,634,0.027671748302659727,1.0
all,0.1200,cross-ppi,635,0.02796872018553706,1.0
all,0.1200,cross-ppi,636,0.02769961939200538,1.0
all,0.1200,cross-ppi,637,0.028651723700439252,1.0
all,0.1200,cross-ppi,638,0.027819773361949823,1.0
all,0.1200,cross-ppi,639,0.027738388971651456,1.0
all,0.1200,cross-ppi,640,0.02802831926398011,1.0
all,0.1200,cross-ppi,641,0.027886061922477223,1.0
all,0.1200,cross-ppi,642,0.028278421865729153,1.0
all,0.1200,cross-ppi,643,0.028718391190083237,1.0
all,0.1200,cross-ppi,644,0.028111271300439777,1.0
all,0.1200,cross-ppi,645,0.027220995499483563,1.0
all,0.1200,cross-ppi,646,0.02816386984225769,1.0
all,0.1200,cross-ppi,647,0.02781398113143907,1.0
all,0.1200,cross-ppi,648,0.027655919803425882,1.0
all,0.1200,cross-ppi,649,0.026823235808944634,1.0
all,0.1200,cross-ppi,650,0.028120665039836096,1.0
all,0.1200,cross-ppi,651,0.02667831143989663,1.0
all,0.1200,cross-ppi,652,0.02864343794173363,1.0
all,0.1200,cross-ppi,653,0.02872107358612508,1.0
all,0.1200,cross-ppi,654,0.02787718628954447,1.0
all,0.1200,cross-ppi,655,0.029155442579895996,1.0
all,0.1200,cross-ppi,656,0.028003373469543208,1.0
all,0.1200,cross-ppi,657,0.02800826908308962,1.0
all,0.1200,cross-ppi,658,0.02683309043946691,1.0
all,0.1200,cross-ppi,659,0.028932347983230522,1.0
all,0.1200,cross-ppi,660,0.028279699678551262,1.0
all,0.1200,cross-ppi,661,0.02814166051856226,1.0
all,0.1200,cross-ppi,662,0.027799986900255896,1.0
all,0.1200,cross-ppi,663,0.027711404270182705,1.0
all,0.1200,cross-ppi,664,0.02810934669724141,1.0
all,0.1200,cross-ppi,665,0.028402694644604543,1.0
all,0.1300,cross-ppi,333,0.027789073855769314,1.0
all,0.1300,cross-ppi,334,0.026988060447913798,1.0
all,0.1300,cross-ppi,335,0.027059613556528306,1.0
all,0.1300,cross-ppi,336,0.02619223852502292,0.0
all,0.1300,cross-ppi,337,0.0272469163206214,1.0
all,0.1300,cross-ppi,338,0.02767412470421049,1.0
all,0.1300,cross-ppi,339,0.026900223733417716,1.0
all,0.1300,cross-ppi,340,0.02781207051025472,1.0
all,0.1300,cross-ppi,341,0.027769716646703246,1.0
all,0.1300,cross-ppi,342,0.02733437824571361,1.0
all,0.1300,cross-ppi,343,0.026828362807897577,1.0
all,0.1300,cross-ppi,344,0.027267318168966326,1.0
all,0.1300,cross-ppi,345,0.02642933032990355,1.0
all,0.1300,cross-ppi,346,0.02693834247243465,1.0
all,0.1300,cross-ppi,347,0.027490206217833935,1.0
all,0.1300,cross-ppi,348,0.027267427298067998,1.0
all,0.1300,cross-ppi,349,0.02722690609866149,1.0
all,0.1300,cross-ppi,350,0.027283135614458276,1.0
all,0.1300,cross-ppi,351,0.027667033042998085,1.0
all,0.1300,cross-ppi,352,0.027436805494693073,1.0
all,0.1300,cross-ppi,353,0.02659123225672433,1.0
all,0.1300,cross-ppi,354,0.02774084481835204,1.0
all,0.1300,cross-ppi,355,0.02700104516832058,1.0
all,0.1300,cross-ppi,356,0.02662555956644544,1.0
all,0.1300,cross-ppi,357,0.026891074005145676,1.0
all,0.1300,cross-ppi,358,0.026856097984305105,1.0
all,0.1300,cross-ppi,359,0.02634443829946953,1.0
all,0.1300,cross-ppi,360,0.026603296328502585,1.0
all,0.1300,cross-ppi,361,0.026071056102633466,1.0
all,0.1300,cross-ppi,362,0.026345867541306994,1.0
all,0.1300,cross-ppi,363,0.02660437137403837,1.0
all,0.1300,cross-ppi,364,0.026542698134945586,1.0
all,0.1300,cross-ppi,365,0.02737027547841575,1.0
all,0.1300,cross-ppi,366,0.02662069179054835,1.0
all,0.1300,cross-ppi,367,0.026962903373632274,1.0
all,0.1300,cross-ppi,368,0.02805905384772922,0.0
all,0.1300,cross-ppi,369,0.027053984790264884,0.0
all,0.1300,cross-ppi,370,0.02736743363266303,1.0
all,0.1300,cross-ppi,371,0.026975029802067674,1.0
all,0.1300,cross-ppi,372,0.026758207982941262,1.0
all,0.1300,cross-ppi,373,0.027416226912791997,1.0
all,0.1300,cross-ppi,374,0.026389156153881904,1.0
all,0.1300,cross-ppi,375,0.027050550437549864,1.0
all,0.1300,cross-ppi,376,0.026917458968397145,1.0
all,0.1300,cross-ppi,377,0.028168268434737298,1.0
all,0.1300,cross-ppi,378,0.027486038331386742,1.0
all,0.1300,cross-ppi,379,0.02758052083825646,1.0
all,0.1300,cross-ppi,380,0.027094125054106133,1.0
all,0.1300,cross-ppi,381,0.026579058375311493,1.0
all,0.1300,cross-ppi,382,0.02727567764243022,1.0
all,0.1300,cross-ppi,383,0.026283020024232995,1.0
all,0.1300,cross-ppi,384,0.026318385097037184,1.0
all,0.1300,cross-ppi,385,0.02658625927665334,1.0
all,0.1300,cross-ppi,386,0.026305145412301445,1.0
all,0.1300,cross-ppi,387,0.0278459078952652,1.0
all,0.1300,cross-ppi,388,0.02669091403789811,1.0
all,0.1300,cross-ppi,389,0.026230604679695152,1.0
all,0.1300,cross-ppi,390,0.02633069979199698,1.0
all,0.1300,cross-ppi,391,0.026586363205531954,1.0
all,0.1300,cross-ppi,392,0.026298359658658343,1.0
all,0.1300,cross-ppi,393,0.026090179519315554,1.0
all,0.1300,cross-ppi,394,0.027449509841965036,1.0
all,0.1300,cross-ppi,395,0.026619664001301002,1.0
all,0.1300,cross-ppi,396,0.027316134160598055,1.0
all,0.1300,cross-ppi,397,0.027442366187640843,1.0
all,0.1300,cross-ppi,398,0.027580908092914164,1.0
all,0.1300,cross-ppi,399,0.02642245079622163,1.0
all,0.1300,cross-ppi,400,0.026300599458317753,1.0
all,0.1300,cross-ppi,401,0.027302772743960202,1.0
all,0.1300,cross-ppi,402,0.027232754010330318,1.0
all,0.1300,cross-ppi,403,0.026883160782971594,1.0
all,0.1300,cross-ppi,404,0.027079549665294994,1.0
all,0.1300,cross-ppi,405,0.027155274432559384,1.0
all,0.1300,cross-ppi,406,0.027337948573810417,1.0
all,0.1300,cross-ppi,407,0.027509308894535733,1.0
all,0.1300,cross-ppi,408,0.02722311792453047,1.0
all,0.1300,cross-ppi,409,0.0274379998569165,1.0
all,0.1300,cross-ppi,410,0.02678287020786077,1.0
all,0.1300,cross-ppi,411,0.026641116149668548,1.0
all,0.1300,cross-ppi,412,0.027146501811246893,1.0
all,0.1300,cross-ppi,413,0.027163925935057454,1.0
all,0.1300,cross-ppi,414,0.026965390866449696,1.0
all,0.1300,cross-ppi,415,0.026976435309486013,1.0
all,0.1300,cross-ppi,416,0.027004676549578832,1.0
all,0.1300,cross-ppi,417,0.026420837076839843,1.0
all,0.1300,cross-ppi,418,0.026440172799140377,1.0
all,0.1300,cross-ppi,419,0.02731508589864065,1.0
all,0.1300,cross-ppi,420,0.026851373241435578,1.0
all,0.1300,cross-ppi,421,0.02678392296881904,1.0
all,0.1300,cross-ppi,422,0.027362622212211973,1.0
all,0.1300,cross-ppi,423,0.027111129740738038,1.0
all,0.1300,cross-ppi,424,0.027131102854066474,1.0
all,0.1300,cross-ppi,425,0.026937615760972172,1.0
all,0.1300,cross-ppi,426,0.026663982156672872,1.0
all,0.1300,cross-ppi,427,0.02686664310842632,1.0
all,0.1300,cross-ppi,428,0.02658878900983866,1.0
all,0.1300,cross-ppi,429,0.027812729018030447,1.0
all,0.1300,cross-ppi,430,0.026381038394446388,1.0
all,0.1300,cross-ppi,431,0.026964530442867257,1.0
all,0.1300,cross-ppi,432,0.026699081679509212,1.0
all,0.1300,cross-ppi,433,0.026873487903896237,1.0
all,0.1300,cross-ppi,434,0.027627543638645835,1.0
all,0.1300,cross-ppi,435,0.027575118147864508,1.0
all,0.1300,cross-ppi,436,0.02688973662170946,1.0
all,0.1300,cross-ppi,437,0.0272709488610704,1.0
all,0.1300,cross-ppi,438,0.02649540680250373,1.0
all,0.1300,cross-ppi,439,0.027377539156515862,1.0
all,0.1300,cross-ppi,440,0.0268587606867976,1.0
all,0.1300,cross-ppi,441,0.02724969174682812,1.0
all,0.1300,cross-ppi,442,0.027376305120876326,1.0
all,0.1300,cross-ppi,443,0.02676433427153521,1.0
all,0.1300,cross-ppi,444,0.02654620362834903,1.0
all,0.1300,cross-ppi,445,0.025117962145683737,0.0
all,0.1300,cross-ppi,446,0.026255245328767995,1.0
all,0.1300,cross-ppi,447,0.02641377007154233,1.0
all,0.1300,cross-ppi,448,0.026859322756887488,1.0
all,0.1300,cross-ppi,449,0.0264856691547527,1.0
all,0.1300,cross-ppi,450,0.02746184741696736,1.0
all,0.1300,cross-ppi,451,0.027323321447887156,1.0
all,0.1300,cross-ppi,452,0.02718431532190943,1.0
all,0.1300,cross-ppi,453,0.02567236699292305,1.0
all,0.1300,cross-ppi,454,0.02637394153631864,1.0
all,0.1300,cross-ppi,455,0.02644530154716651,1.0
all,0.1300,cross-ppi,456,0.027704454892811786,1.0
all,0.1300,cross-ppi,457,0.027260745249035434,1.0
all,0.1300,cross-ppi,458,0.02722489156757857,1.0
all,0.1300,cross-ppi,459,0.027013285865933212,1.0
all,0.1300,cross-ppi,460,0.027426924334161162,1.0
all,0.1300,cross-ppi,461,0.027661289456735072,1.0
all,0.1300,cross-ppi,462,0.026338755591904045,1.0
all,0.1300,cross-ppi,463,0.0264060150562844,1.0
all,0.1300,cross-ppi,464,0.02765856073257167,1.0
all,0.1300,cross-ppi,465,0.02693119442309344,1.0
all,0.1300,cross-ppi,466,0.02737000185000904,1.0
all,0.1300,cross-ppi,467,0.02670392417853873,1.0
all,0.1300,cross-ppi,468,0.02748362367835336,1.0
all,0.1300,cross-ppi,469,0.026433399710689698,0.0
all,0.1300,cross-ppi,470,0.025946629905771706,0.0
all,0.1300,cross-ppi,471,0.02627302262283815,0.0
all,0.1300,cross-ppi,472,0.02667721365316797,1.0
all,0.1300,cross-ppi,473,0.026499595831534384,1.0
all,0.1300,cross-ppi,474,0.027188242686625813,1.0
all,0.1300,cross-ppi,475,0.026411166090128918,1.0
all,0.1300,cross-ppi,476,0.026596332756229385,1.0
all,0.1300,cross-ppi,477,0.026636115091734247,1.0
all,0.1300,cross-ppi,478,0.027394782919933802,1.0
all,0.1300,cross-ppi,479,0.02696021837342008,1.0
all,0.1300,cross-ppi,480,0.026825000294585677,1.0
all,0.1300,cross-ppi,481,0.027238610723553602,1.0
all,0.1300,cross-ppi,482,0.026527516117907823,1.0
all,0.1300,cross-ppi,483,0.027614039374255217,1.0
all,0.1300,cross-ppi,484,0.027438034996327437,1.0
all,0.1300,cross-ppi,485,0.027645160716854744,1.0
all,0.1300,cross-ppi,486,0.02726061786130507,1.0
all,0.1300,cross-ppi,487,0.027330084483967537,1.0
all,0.1300,cross-ppi,488,0.02672483615608867,1.0
all,0.1300,cross-ppi,489,0.026984172593215533,1.0
all,0.1300,cross-ppi,490,0.026520543892280535,1.0
all,0.1300,cross-ppi,491,0.027030804639339046,1.0
all,0.1300,cross-ppi,492,0.02744095645525979,1.0
all,0.1300,cross-ppi,493,0.026798310336450193,1.0
all,0.1300,cross-ppi,494,0.027534858888004554,1.0
all,0.1300,cross-ppi,495,0.027110880132533932,1.0
all,0.1300,cross-ppi,496,0.027094329572043607,1.0
all,0.1300,cross-ppi,497,0.02678376114653877,1.0
all,0.1300,cross-ppi,498,0.026062607677107358,1.0
all,0.1300,cross-ppi,499,0.02665937943329963,1.0
all,0.1300,cross-ppi,500,0.026748484268892647,1.0
all,0.1300,cross-ppi,501,0.026552540815285713,0.0
all,0.1300,cross-ppi,502,0.026893185774095302,1.0
all,0.1300,cross-ppi,503,0.02773092727158019,1.0
all,0.1300,cross-ppi,504,0.027131665954479578,1.0
all,0.1300,cross-ppi,505,0.027796865064553034,1.0
all,0.1300,cross-ppi,506,0.026513960350105892,1.0
all,0.1300,cross-ppi,507,0.026901239061849158,1.0
all,0.1300,cross-ppi,508,0.026919297804897324,1.0
all,0.1300,cross-ppi,509,0.027138323608959486,1.0
all,0.1300,cross-ppi,510,0.027736363422476318,1.0
all,0.1300,cross-ppi,511,0.026865216481305326,1.0
all,0.1300,cross-ppi,512,0.027162917252220087,1.0
all,0.1300,cross-ppi,513,0.027520892688615795,1.0
all,0.1300,cross-ppi,514,0.026685877615183623,1.0
all,0.1300,cross-ppi,515,0.025949516257594007,1.0
all,0.1300,cross-ppi,516,0.02607302894274366,1.0
all,0.1300,cross-ppi,517,0.027643955006521947,1.0
all,0.1300,cross-ppi,518,0.02763439305782414,1.0
all,0.1300,cross-ppi,519,0.02666513651023017,1.0
all,0.1300,cross-ppi,520,0.025414973648092504,0.0
all,0.1300,cross-ppi,521,0.026239833092631892,1.0
all,0.1300,cross-ppi,522,0.026985244602718866,1.0
all,0.1300,cross-ppi,523,0.027158423196809472,1.0
all,0.1300,cross-ppi,524,0.026472594541742556,1.0
all,0.1300,cross-ppi,525,0.02630260442893509,1.0
all,0.1300,cross-ppi,526,0.025723753287296258,1.0
all,0.1300,cross-ppi,527,0.02648647262707296,1.0
all,0.1300,cross-ppi,528,0.026012611711959233,1.0
all,0.1300,cross-ppi,529,0.02718899731597013,1.0
all,0.1300,cross-ppi,530,0.026640617965969282,1.0
all,0.1300,cross-ppi,531,0.026855336253183038,1.0
all,0.1300,cross-ppi,532,0.027119914982725146,1.0
all,0.1300,cross-ppi,533,0.027055060478643145,1.0
all,0.1300,cross-ppi,534,0.026442048673910312,1.0
all,0.1300,cross-ppi,535,0.026870981603177718,1.0
all,0.1300,cross-ppi,536,0.027029864194235698,1.0
all,0.1300,cross-ppi,537,0.027499604329089822,1.0
all,0.1300,cross-ppi,538,0.02681025869099274,1.0
all,0.1300,cross-ppi,539,0.02689618118051529,1.0
all,0.1300,cross-ppi,540,0.02700067427582073,1.0
all,0.1300,cross-ppi,541,0.02693901045073832,1.0
all,0.1300,cross-ppi,542,0.027634064070732683,1.0
all,0.1300,cross-ppi,543,0.0277995482074036,1.0
all,0.1300,cross-ppi,544,0.027145359161697497,1.0
all,0.1300,cross-ppi,545,0.02619828528425061,1.0
all,0.1300,cross-ppi,546,0.02708543480888101,1.0
all,0.1300,cross-ppi,547,0.027234232562709515,1.0
all,0.1300,cross-ppi,548,0.02681763023807937,1.0
all,0.1300,cross-ppi,549,0.026543392295740237,1.0
all,0.1300,cross-ppi,550,0.026910587908785727,1.0
all,0.1300,cross-ppi,551,0.025794852820342662,1.0
all,0.1300,cross-ppi,552,0.027864781150821943,1.0
all,0.1300,cross-ppi,553,0.028035744349611313,1.0
all,0.1300,cross-ppi,554,0.026986785630870508,1.0
all,0.1300,cross-ppi,555,0.027973946384283854,1.0
all,0.1300,cross-ppi,556,0.02689539717342601,1.0
all,0.1300,cross-ppi,557,0.0271316406961577,1.0
all,0.1300,cross-ppi,558,0.026149955525666124,1.0
all,0.1300,cross-ppi,559,0.02806175815552281,1.0
all,0.1300,cross-ppi,560,0.027105800344104036,1.0
all,0.1300,cross-ppi,561,0.02746116647416963,1.0
all,0.1300,cross-ppi,562,0.02699711907198929,1.0
all,0.1300,cross-ppi,563,0.026753065609462695,1.0
all,0.1300,cross-ppi,564,0.027090672516356523,1.0
all,0.1300,cross-ppi,565,0.02719955873117766,1.0
all,0.1300,cross-ppi,566,0.0267318315517292,1.0
all,0.1300,cross-ppi,567,0.027289423449938094,1.0
all,0.1300,cross-ppi,568,0.026765043855482312,1.0
all,0.1300,cross-ppi,569,0.027375252096448754,1.0
all,0.1300,cross-ppi,570,0.027035492773537118,1.0
all,0.1300,cross-ppi,571,0.026650236954085416,1.0
all,0.1300,cross-ppi,572,0.026934438551298262,1.0
all,0.1300,cross-ppi,573,0.027389540695643255,1.0
all,0.1300,cross-ppi,574,0.026790138203734687,1.0
all,0.1300,cross-ppi,575,0.027957244362632278,1.0
all,0.1300,cross-ppi,576,0.026669070863325456,1.0
all,0.1300,cross-ppi,577,0.026854607637507383,1.0
all,0.1300,cross-ppi,578,0.026138208145560338,1.0
all,0.1300,cross-ppi,579,0.027581762804440246,1.0
all,0.1300,cross-ppi,580,0.02634106882859613,1.0
all,0.1300,cross-ppi,581,0.02705421878975625,1.0
all,0.1300,cross-ppi,582,0.026878742622668317,1.0
all,0.1300,cross-ppi,583,0.026407882809363153,1.0
all,0.1300,cross-ppi,584,0.027608770113917935,1.0
all,0.1300,cross-ppi,585,0.02705186988536437,1.0
all,0.1300,cross-ppi,586,0.026726532333089748,1.0
all,0.1300,cross-ppi,587,0.02637338629187211,1.0
all,0.1300,cross-ppi,588,0.02787923404619319,1.0
all,0.1300,cross-ppi,589,0.02709017563432245,1.0
all,0.1300,cross-ppi,590,0.02671072417567466,1.0
all,0.1300,cross-ppi,591,0.027091020614860323,1.0
all,0.1300,cross-ppi,592,0.026960761425095847,1.0
all,0.1300,cross-ppi,593,0.026774806807777968,1.0
all,0.1300,cross-ppi,594,0.027545191644530176,1.0
all,0.1300,cross-ppi,595,0.028006652755441563,1.0
all,0.1300,cross-ppi,596,0.02766503138683421,1.0
all,0.1300,cross-ppi,597,0.027242540580250413,1.0
all,0.1300,cross-ppi,598,0.027120415829714917,1.0
all,0.1300,cross-ppi,599,0.027176837945241172,1.0
all,0.1300,cross-ppi,600,0.02565240713506345,0.0
all,0.1300,cross-ppi,601,0.027810652544431713,1.0
all,0.1300,cross-ppi,602,0.026661852419301413,1.0
all,0.1300,cross-ppi,603,0.027279225763679915,1.0
all,0.1300,cross-ppi,604,0.02689337276105977,1.0
all,0.1300,cross-ppi,605,0.02618309292636556,1.0
all,0.1300,cross-ppi,606,0.027402770361654283,1.0
all,0.1300,cross-ppi,607,0.02716632035687594,1.0
all,0.1300,cross-ppi,608,0.02671515576152972,1.0
all,0.1300,cross-ppi,609,0.025946418640400815,1.0
all,0.1300,cross-ppi,610,0.026690624107234107,1.0
all,0.1300,cross-ppi,611,0.02712528046003526,1.0
all,0.1300,cross-ppi,612,0.025892535257108967,1.0
all,0.1300,cross-ppi,613,0.026726464265110494,1.0
all,0.1300,cross-ppi,614,0.026007888451249905,1.0
all,0.1300,cross-ppi,615,0.02671774446997785,1.0
all,0.1300,cross-ppi,616,0.027437740353968093,1.0
all,0.1300,cross-ppi,617,0.02618054539384984,1.0
all,0.1300,cross-ppi,618,0.026721587932174384,1.0
all,0.1300,cross-ppi,619,0.027731823692201063,1.0
all,0.1300,cross-ppi,620,0.026636158809020594,1.0
all,0.1300,cross-ppi,621,0.026123848692276325,0.0
all,0.1300,cross-ppi,622,0.026276944094956733,1.0
all,0.1300,cross-ppi,623,0.025910648461963115,1.0
all,0.1300,cross-ppi,624,0.026600964509904124,1.0
all,0.1300,cross-ppi,625,0.027837379679478524,1.0
all,0.1300,cross-ppi,626,0.02737173056218964,1.0
all,0.1300,cross-ppi,627,0.02761029894561237,1.0
all,0.1300,cross-ppi,628,0.0267745080856642,1.0
all,0.1300,cross-ppi,629,0.026984719635429727,1.0
all,0.1300,cross-ppi,630,0.028087243687310304,1.0
all,0.1300,cross-ppi,631,0.026842710750570986,1.0
all,0.1300,cross-ppi,632,0.0265730690689,1.0
all,0.1300,cross-ppi,633,0.026996726814874666,1.0
all,0.1300,cross-ppi,634,0.027016888032906916,1.0
all,0.1300,cross-ppi,635,0.02649214831092961,1.0
all,0.1300,cross-ppi,636,0.027159242200350375,1.0
all,0.1300,cross-ppi,637,0.027272889142507917,1.0
all,0.1300,cross-ppi,638,0.027342347395990396,0.0
all,0.1300,cross-ppi,639,0.0273472021667929,1.0
all,0.1300,cross-ppi,640,0.0269229248802019,1.0
all,0.1300,cross-ppi,641,0.027566997036935437,1.0
all,0.1300,cross-ppi,642,0.026345185763073015,1.0
all,0.1300,cross-ppi,643,0.026902053898887446,1.0
all,0.1300,cross-ppi,644,0.027018038924034427,0.0
all,0.1300,cross-ppi,645,0.02709585754228319,1.0
all,0.1300,cross-ppi,646,0.02770765340115197,1.0
all,0.1300,cross-ppi,647,0.026955758793877155,1.0
all,0.1300,cross-ppi,648,0.02707985340039809,1.0
all,0.1300,cross-ppi,649,0.027994177483993243,1.0
all,0.1300,cross-ppi,650,0.027251166093080426,1.0
all,0.1300,cross-ppi,651,0.02661716156773264,1.0
all,0.1300,cross-ppi,652,0.027690266956699405,1.0
all,0.1300,cross-ppi,653,0.026870435776331525,1.0
all,0.1300,cross-ppi,654,0.02739001144583475,1.0
all,0.1300,cross-ppi,655,0.027222480587179215,1.0
all,0.1300,cross-ppi,656,0.02685740913030188,1.0
all,0.1300,cross-ppi,657,0.02713988620496713,1.0
all,0.1300,cross-ppi,658,0.026259305307806208,1.0
all,0.1300,cross-ppi,659,0.026673958291353106,1.0
all,0.1300,cross-ppi,660,0.026943635165595392,0.0
all,0.1300,cross-ppi,661,0.027502180494725303,1.0
all,0.1300,cross-ppi,662,0.02699895520424589,1.0
all,0.1300,cross-ppi,663,0.026562629583749803,1.0
all,0.1300,cross-ppi,664,0.02659591744778611,1.0
all,0.1300,cross-ppi,665,0.025781805225485205,1.0
all,0.1400,cross-ppi,333,0.026112445956835817,1.0
all,0.1400,cross-ppi,334,0.026972001504907084,1.0
all,0.1400,cross-ppi,335,0.02651207968802624,1.0
all,0.1400,cross-ppi,336,0.026058190890677263,1.0
all,0.1400,cross-ppi,337,0.026347324377762438,1.0
all,0.1400,cross-ppi,338,0.025810195469204045,1.0
all,0.1400,cross-ppi,339,0.026375141596655244,1.0
all,0.1400,cross-ppi,340,0.025971767192169565,1.0
all,0.1400,cross-ppi,341,0.026479345862492343,1.0
all,0.1400,cross-ppi,342,0.026382498027249568,1.0
all,0.1400,cross-ppi,343,0.02627248844118721,1.0
all,0.1400,cross-ppi,344,0.02574682644377646,1.0
all,0.1400,cross-ppi,345,0.024490550664945293,0.0
all,0.1400,cross-ppi,346,0.025369565802411675,1.0
all,0.1400,cross-ppi,347,0.025609250908883996,1.0
all,0.1400,cross-ppi,348,0.026065120757077453,1.0
all,0.1400,cross-ppi,349,0.025640442747249165,0.0
all,0.1400,cross-ppi,350,0.026467357720852736,1.0
all,0.1400,cross-ppi,351,0.026515592903304935,1.0
all,0.1400,cross-ppi,352,0.02635743534525581,1.0
all,0.1400,cross-ppi,353,0.02505719629375125,1.0
all,0.1400,cross-ppi,354,0.02557143624519498,1.0
all,0.1400,cross-ppi,355,0.025619902813943995,1.0
all,0.1400,cross-ppi,356,0.02702563492412735,1.0
all,0.1400,cross-ppi,357,0.026570103184144767,1.0
all,0.1400,cross-ppi,358,0.02638595663358201,1.0
all,0.1400,cross-ppi,359,0.02639314427470174,1.0
all,0.1400,cross-ppi,360,0.02657179072710361,1.0
all,0.1400,cross-ppi,361,0.026821664676697443,1.0
all,0.1400,cross-ppi,362,0.025448255577921297,1.0
all,0.1400,cross-ppi,363,0.02577491534744769,1.0
all,0.1400,cross-ppi,364,0.02699833691091924,1.0
all,0.1400,cross-ppi,365,0.026139511673882843,1.0
all,0.1400,cross-ppi,366,0.02648058560471836,1.0
all,0.1400,cross-ppi,367,0.025872599224735282,1.0
all,0.1400,cross-ppi,368,0.026689419165436906,1.0
all,0.1400,cross-ppi,369,0.025971873409175283,0.0
all,0.1400,cross-ppi,370,0.02524730620121482,0.0
all,0.1400,cross-ppi,371,0.025337640980609838,0.0
all,0.1400,cross-ppi,372,0.02588412291329123,1.0
all,0.1400,cross-ppi,373,0.02562496813392412,1.0
all,0.1400,cross-ppi,374,0.02634444021005533,1.0
all,0.1400,cross-ppi,375,0.02573855134797043,1.0
all,0.1400,cross-ppi,376,0.025936693661479854,1.0
all,0.1400,cross-ppi,377,0.025837061257883653,1.0
all,0.1400,cross-ppi,378,0.02657936080014675,1.0
all,0.1400,cross-ppi,379,0.0260254832253953,1.0
all,0.1400,cross-ppi,380,0.025912813309567156,1.0
all,0.1400,cross-ppi,381,0.0262849688496076,1.0
all,0.1400,cross-ppi,382,0.02574672927085786,1.0
all,0.1400,cross-ppi,383,0.026774039249629872,1.0
all,0.1400,cross-ppi,384,0.02652758335946548,1.0
all,0.1400,cross-ppi,385,0.02660406476252075,1.0
all,0.1400,cross-ppi,386,0.026567144119737596,1.0
all,0.1400,cross-ppi,387,0.026417777795398695,1.0
all,0.1400,cross-ppi,388,0.02617579309340845,1.0
all,0.1400,cross-ppi,389,0.026504552698803835,1.0
all,0.1400,cross-ppi,390,0.025663290882542156,1.0
all,0.1400,cross-ppi,391,0.0260661542210128,0.0
all,0.1400,cross-ppi,392,0.026602187860169768,1.0
all,0.1400,cross-ppi,393,0.025914101986450166,1.0
all,0.1400,cross-ppi,394,0.02643553176805702,1.0
all,0.1400,cross-ppi,395,0.0261006389412497,1.0
all,0.1400,cross-ppi,396,0.02599314757354218,1.0
all,0.1400,cross-ppi,397,0.026142533901756027,1.0
all,0.1400,cross-ppi,398,0.02527239500667558,1.0
all,0.1400,cross-ppi,399,0.026189464072967295,1.0
all,0.1400,cross-ppi,400,0.02588109480109646,1.0
all,0.1400,cross-ppi,401,0.025931590077209715,0.0
all,0.1400,cross-ppi,402,0.026132792660141457,1.0
all,0.1400,cross-ppi,403,0.026694184795569287,1.0
all,0.1400,cross-ppi,404,0.026172752538784594,1.0
all,0.1400,cross-ppi,405,0.027039474119061935,1.0
all,0.1400,cross-ppi,406,0.025851309193287264,1.0
all,0.1400,cross-ppi,407,0.026253498987671237,1.0
all,0.1400,cross-ppi,408,0.026344264696091413,1.0
all,0.1400,cross-ppi,409,0.026319792352222704,1.0
all,0.1400,cross-ppi,410,0.026981137517786885,1.0
all,0.1400,cross-ppi,411,0.0260916886758851,1.0
all,0.1400,cross-ppi,412,0.026282626743961868,1.0
all,0.1400,cross-ppi,413,0.02688459779238095,1.0
all,0.1400,cross-ppi,414,0.02612795418374636,1.0
all,0.1400,cross-ppi,415,0.025570579841731805,1.0
all,0.1400,cross-ppi,416,0.025201019723658846,1.0
all,0.1400,cross-ppi,417,0.02669548593889437,1.0
all,0.1400,cross-ppi,418,0.026922340341582918,1.0
all,0.1400,cross-ppi,419,0.02571248085052455,1.0
all,0.1400,cross-ppi,420,0.024589277538997978,0.0
all,0.1400,cross-ppi,421,0.025581521722222805,1.0
all,0.1400,cross-ppi,422,0.026067744699387885,1.0
all,0.1400,cross-ppi,423,0.025955199446525606,1.0
all,0.1400,cross-ppi,424,0.025603799095449298,1.0
all,0.1400,cross-ppi,425,0.02547472578713625,1.0
all,0.1400,cross-ppi,426,0.025110971519808345,1.0
all,0.1400,cross-ppi,427,0.025700027063482178,1.0
all,0.1400,cross-ppi,428,0.025474793270077706,1.0
all,0.1400,cross-ppi,429,0.02659237284350424,1.0
all,0.1400,cross-ppi,430,0.025940526585038315,1.0
all,0.1400,cross-ppi,431,0.026009854968978896,1.0
all,0.1400,cross-ppi,432,0.026276889266789172,1.0
all,0.1400,cross-ppi,433,0.026104026170577388,1.0
all,0.1400,cross-ppi,434,0.025639420800609186,1.0
all,0.1400,cross-ppi,435,0.02591040701989189,1.0
all,0.1400,cross-ppi,436,0.026355790413706143,1.0
all,0.1400,cross-ppi,437,0.026722798144429682,1.0
all,0.1400,cross-ppi,438,0.02600341711568746,1.0
all,0.1400,cross-ppi,439,0.02614706180628923,1.0
all,0.1400,cross-ppi,440,0.026292578785595322,1.0
all,0.1400,cross-ppi,441,0.02629740285894222,1.0
all,0.1400,cross-ppi,442,0.02678177394128145,1.0
all,0.1400,cross-ppi,443,0.027161075341881058,1.0
all,0.1400,cross-ppi,444,0.02628720814576327,1.0
all,0.1400,cross-ppi,445,0.025286593372569804,1.0
all,0.1400,cross-ppi,446,0.026413730897360127,1.0
all,0.1400,cross-ppi,447,0.026306081146149296,1.0
all,0.1400,cross-ppi,448,0.026090991010040643,1.0
all,0.1400,cross-ppi,449,0.025702737329372255,1.0
all,0.1400,cross-ppi,450,0.025911864197585288,1.0
all,0.1400,cross-ppi,451,0.02514613742460292,1.0
all,0.1400,cross-ppi,452,0.02700592432731727,1.0
all,0.1400,cross-ppi,453,0.027058283600024824,1.0
all,0.1400,cross-ppi,454,0.026090648381665638,1.0
all,0.1400,cross-ppi,455,0.026790223303673727,1.0
all,0.1400,cross-ppi,456,0.02607498584314874,1.0
all,0.1400,cross-ppi,457,0.02650151821916169,1.0
all,0.1400,cross-ppi,458,0.025491654870433367,1.0
all,0.1400,cross-ppi,459,0.027129272579289515,1.0
all,0.1400,cross-ppi,460,0.02664283160359482,1.0
all,0.1400,cross-ppi,461,0.02682436416593484,1.0
all,0.1400,cross-ppi,462,0.02632556677842593,1.0
all,0.1400,cross-ppi,463,0.025976729634040074,1.0
all,0.1400,cross-ppi,464,0.026286372863388086,1.0
all,0.1400,cross-ppi,465,0.026448343501226046,1.0
all,0.1400,cross-ppi,466,0.026079627913551257,1.0
all,0.1400,cross-ppi,467,0.026440597210879546,1.0
all,0.1400,cross-ppi,468,0.02589753616110735,1.0
all,0.1400,cross-ppi,469,0.026420859475235203,1.0
all,0.1400,cross-ppi,470,0.026342943955333403,1.0
all,0.1400,cross-ppi,471,0.025758991552506938,1.0
all,0.1400,cross-ppi,472,0.026080843193735742,1.0
all,0.1400,cross-ppi,473,0.026481593599569142,1.0
all,0.1400,cross-ppi,474,0.02604269291141148,1.0
all,0.1400,cross-ppi,475,0.026930024674749253,1.0
all,0.1400,cross-ppi,476,0.025885009989143892,1.0
all,0.1400,cross-ppi,477,0.026205107386216703,1.0
all,0.1400,cross-ppi,478,0.0255413981209881,1.0
all,0.1400,cross-ppi,479,0.02670469697554667,1.0
all,0.1400,cross-ppi,480,0.025519195237267617,1.0
all,0.1400,cross-ppi,481,0.026321606000961145,1.0
all,0.1400,cross-ppi,482,0.026124671711068054,1.0
all,0.1400,cross-ppi,483,0.025639362005227845,1.0
all,0.1400,cross-ppi,484,0.0267630647031106,1.0
all,0.1400,cross-ppi,485,0.02614652924037761,1.0
all,0.1400,cross-ppi,486,0.025970788380801246,1.0
all,0.1400,cross-ppi,487,0.02568151465224819,1.0
all,0.1400,cross-ppi,488,0.026926883862561812,1.0
all,0.1400,cross-ppi,489,0.02637179159008099,1.0
all,0.1400,cross-ppi,490,0.025984390902857868,1.0
all,0.1400,cross-ppi,491,0.026176409996510497,1.0
all,0.1400,cross-ppi,492,0.026150973859105003,1.0
all,0.1400,cross-ppi,493,0.026006232966582804,1.0
all,0.1400,cross-ppi,494,0.026770662095074282,1.0
all,0.1400,cross-ppi,495,0.026969880761320564,1.0
all,0.1400,cross-ppi,496,0.02671650818445792,1.0
all,0.1400,cross-ppi,497,0.026617199964508953,1.0
all,0.1400,cross-ppi,498,0.026375623382581148,1.0
all,0.1400,cross-ppi,499,0.026345628166005247,1.0
all,0.1400,cross-ppi,500,0.025264446115548123,0.0
all,0.1400,cross-ppi,501,0.02684065757456855,1.0
all,0.1400,cross-ppi,502,0.025879435788438848,1.0
all,0.1400,cross-ppi,503,0.02647219669865053,1.0
all,0.1400,cross-ppi,504,0.026096277596471484,1.0
all,0.1400,cross-ppi,505,0.025439412768651887,1.0
all,0.1400,cross-ppi,506,0.02643212751584692,1.0
all,0.1400,cross-ppi,507,0.026258397179498072,1.0
all,0.1400,cross-ppi,508,0.026081654038370372,1.0
all,0.1400,cross-ppi,509,0.025451169238493998,1.0
all,0.1400,cross-ppi,510,0.025829204773428538,1.0
all,0.1400,cross-ppi,511,0.026388794411048272,1.0
all,0.1400,cross-ppi,512,0.02542290958579596,1.0
all,0.1400,cross-ppi,513,0.026090120581730464,1.0
all,0.1400,cross-ppi,514,0.02536133301773527,1.0
all,0.1400,cross-ppi,515,0.025965064093337903,1.0
all,0.1400,cross-ppi,516,0.026794666563526776,1.0
all,0.1400,cross-ppi,517,0.025338232712946246,1.0
all,0.1400,cross-ppi,518,0.02605801781169295,1.0
all,0.1400,cross-ppi,519,0.026847564754124753,1.0
all,0.1400,cross-ppi,520,0.025974921856624644,1.0
all,0.1400,cross-ppi,521,0.025451764969064733,1.0
all,0.1400,cross-ppi,522,0.02564113313377936,1.0
all,0.1400,cross-ppi,523,0.02527691371403859,1.0
all,0.1400,cross-ppi,524,0.025728979387917045,1.0
all,0.1400,cross-ppi,525,0.02693738402933943,1.0
all,0.1400,cross-ppi,526,0.026655051060859525,1.0
all,0.1400,cross-ppi,527,0.026401490866059696,1.0
all,0.1400,cross-ppi,528,0.02616804997236233,1.0
all,0.1400,cross-ppi,529,0.026207255217559955,1.0
all,0.1400,cross-ppi,530,0.026946769815502924,1.0
all,0.1400,cross-ppi,531,0.026152849356863017,1.0
all,0.1400,cross-ppi,532,0.02553328939992694,1.0
all,0.1400,cross-ppi,533,0.026281374107582578,1.0
all,0.1400,cross-ppi,534,0.026162287938019446,1.0
all,0.1400,cross-ppi,535,0.025518819706756263,1.0
all,0.1400,cross-ppi,536,0.026194404347485184,1.0
all,0.1400,cross-ppi,537,0.0263976938035827,1.0
all,0.1400,cross-ppi,538,0.026469396477140278,1.0
all,0.1400,cross-ppi,539,0.026411756352464066,1.0
all,0.1400,cross-ppi,540,0.025892332606807122,1.0
all,0.1400,cross-ppi,541,0.026578910711059667,1.0
all,0.1400,cross-ppi,542,0.02535064978177115,1.0
all,0.1400,cross-ppi,543,0.026227328305657438,1.0
all,0.1400,cross-ppi,544,0.02622288181589838,1.0
all,0.1400,cross-ppi,545,0.026231800266325905,1.0
all,0.1400,cross-ppi,546,0.026855305907291266,1.0
all,0.1400,cross-ppi,547,0.026287889820771793,1.0
all,0.1400,cross-ppi,548,0.02634730687047071,1.0
all,0.1400,cross-ppi,549,0.027150945901802448,1.0
all,0.1400,cross-ppi,550,0.026264640561331154,1.0
all,0.1400,cross-ppi,551,0.02574830324737787,1.0
all,0.1400,cross-ppi,552,0.026721802937508254,1.0
all,0.1400,cross-ppi,553,0.026047386134959966,1.0
all,0.1400,cross-ppi,554,0.026481479256728502,1.0
all,0.1400,cross-ppi,555,0.02629759793583153,1.0
all,0.1400,cross-ppi,556,0.025838295061001326,1.0
all,0.1400,cross-ppi,557,0.026208032455717567,1.0
all,0.1400,cross-ppi,558,0.025681228180978927,1.0
all,0.1400,cross-ppi,559,0.0261049284414282,1.0
all,0.1400,cross-ppi,560,0.026215088193820346,0.0
all,0.1400,cross-ppi,561,0.026468045554295605,1.0
all,0.1400,cross-ppi,562,0.02618125735600496,1.0
all,0.1400,cross-ppi,563,0.02591252476425876,1.0
all,0.1400,cross-ppi,564,0.02614302672049129,1.0
all,0.1400,cross-ppi,565,0.02519152806531122,1.0
all,0.1400,cross-ppi,566,0.026525000305701152,1.0
all,0.1400,cross-ppi,567,0.02634035557349959,1.0
all,0.1400,cross-ppi,568,0.025906466225251612,1.0
all,0.1400,cross-ppi,569,0.02582702000517134,1.0
all,0.1400,cross-ppi,570,0.02658239895364231,1.0
all,0.1400,cross-ppi,571,0.025787734444748356,1.0
all,0.1400,cross-ppi,572,0.025536802912979106,1.0
all,0.1400,cross-ppi,573,0.025453671169738984,1.0
all,0.1400,cross-ppi,574,0.025816840097903387,1.0
all,0.1400,cross-ppi,575,0.025942395296727927,1.0
all,0.1400,cross-ppi,576,0.02610252625146936,1.0
all,0.1400,cross-ppi,577,0.02595517360899835,1.0
all,0.1400,cross-ppi,578,0.02580411705435437,0.0
all,0.1400,cross-ppi,579,0.02580651096445774,1.0
all,0.1400,cross-ppi,580,0.02631662967091708,1.0
all,0.1400,cross-ppi,581,0.02684329701163779,1.0
all,0.1400,cross-ppi,582,0.02595653266667286,1.0
all,0.1400,cross-ppi,583,0.02588492879880888,1.0
all,0.1400,cross-ppi,584,0.026005856093101104,1.0
all,0.1400,cross-ppi,585,0.026343482847856148,1.0
all,0.1400,cross-ppi,586,0.026094443386664085,1.0
all,0.1400,cross-ppi,587,0.026779883054782072,1.0
all,0.1400,cross-ppi,588,0.027402720739684833,1.0
all,0.1400,cross-ppi,589,0.026428873675236053,1.0
all,0.1400,cross-ppi,590,0.026067436436621877,1.0
all,0.1400,cross-ppi,591,0.026555487587556326,1.0
all,0.1400,cross-ppi,592,0.025400641441593264,1.0
all,0.1400,cross-ppi,593,0.026584307265539703,1.0
all,0.1400,cross-ppi,594,0.02649791839556684,1.0
all,0.1400,cross-ppi,595,0.025599559179184328,1.0
all,0.1400,cross-ppi,596,0.02683949141947964,1.0
all,0.1400,cross-ppi,597,0.02611892175323749,1.0
all,0.1400,cross-ppi,598,0.02598012839245681,1.0
all,0.1400,cross-ppi,599,0.027166958057627144,1.0
all,0.1400,cross-ppi,600,0.025839488216954254,1.0
all,0.1400,cross-ppi,601,0.024982539490449263,1.0
all,0.1400,cross-ppi,602,0.026320272749087548,1.0
all,0.1400,cross-ppi,603,0.026272588514937606,1.0
all,0.1400,cross-ppi,604,0.026635898651021117,1.0
all,0.1400,cross-ppi,605,0.026247457387803985,1.0
all,0.1400,cross-ppi,606,0.02660366480026566,1.0
all,0.1400,cross-ppi,607,0.026083908641860692,1.0
all,0.1400,cross-ppi,608,0.026115318205991667,1.0
all,0.1400,cross-ppi,609,0.026270341044453055,1.0
all,0.1400,cross-ppi,610,0.02674957463942207,1.0
all,0.1400,cross-ppi,611,0.026127755680697473,1.0
all,0.1400,cross-ppi,612,0.02593209103900118,1.0
all,0.1400,cross-ppi,613,0.026715021372269915,1.0
all,0.1400,cross-ppi,614,0.02639899169108617,1.0
all,0.1400,cross-ppi,615,0.02488768452389134,1.0
all,0.1400,cross-ppi,616,0.02598455682892739,1.0
all,0.1400,cross-ppi,617,0.02571868978301131,1.0
all,0.1400,cross-ppi,618,0.026000403469569694,1.0
all,0.1400,cross-ppi,619,0.027172728683271474,1.0
all,0.1400,cross-ppi,620,0.02571492649008733,1.0
all,0.1400,cross-ppi,621,0.025607004759919616,1.0
all,0.1400,cross-ppi,622,0.025535917914694534,1.0
all,0.1400,cross-ppi,623,0.026283765873192255,1.0
all,0.1400,cross-ppi,624,0.02646712591653133,1.0
all,0.1400,cross-ppi,625,0.026693928937308486,1.0
all,0.1400,cross-ppi,626,0.025617727924543005,1.0
all,0.1400,cross-ppi,627,0.026474420436601892,1.0
all,0.1400,cross-ppi,628,0.02733901120142279,1.0
all,0.1400,cross-ppi,629,0.02628892272550018,1.0
all,0.1400,cross-ppi,630,0.02633586953084588,1.0
all,0.1400,cross-ppi,631,0.025858634706226846,1.0
all,0.1400,cross-ppi,632,0.02708378457084737,1.0
all,0.1400,cross-ppi,633,0.026145917828911375,1.0
all,0.1400,cross-ppi,634,0.02612141151073022,1.0
all,0.1400,cross-ppi,635,0.025431634819217258,1.0
all,0.1400,cross-ppi,636,0.026264208924699967,1.0
all,0.1400,cross-ppi,637,0.026688917841371368,1.0
all,0.1400,cross-ppi,638,0.026273508034874937,1.0
all,0.1400,cross-ppi,639,0.025875850944904105,0.0
all,0.1400,cross-ppi,640,0.026313050919119174,1.0
all,0.1400,cross-ppi,641,0.025486833372342366,1.0
all,0.1400,cross-ppi,642,0.026411841318559587,1.0
all,0.1400,cross-ppi,643,0.02597837115747037,1.0
all,0.1400,cross-ppi,644,0.02628664364842556,1.0
all,0.1400,cross-ppi,645,0.026469575651855703,1.0
all,0.1400,cross-ppi,646,0.02601894681665659,1.0
all,0.1400,cross-ppi,647,0.02645992964613264,1.0
all,0.1400,cross-ppi,648,0.02607595182031286,1.0
all,0.1400,cross-ppi,649,0.02579165798078531,1.0
all,0.1400,cross-ppi,650,0.02645994195602186,1.0
all,0.1400,cross-ppi,651,0.02678142488685853,1.0
all,0.1400,cross-ppi,652,0.026504413827031725,1.0
all,0.1400,cross-ppi,653,0.026519211860017267,1.0
all,0.1400,cross-ppi,654,0.026624542912643046,1.0
all,0.1400,cross-ppi,655,0.026442335721303584,1.0
all,0.1400,cross-ppi,656,0.02641802866677645,1.0
all,0.1400,cross-ppi,657,0.026715264488584106,1.0
all,0.1400,cross-ppi,658,0.026812273010123316,1.0
all,0.1400,cross-ppi,659,0.02632610006239225,1.0
all,0.1400,cross-ppi,660,0.02580001025812914,1.0
all,0.1400,cross-ppi,661,0.025489414464208826,1.0
all,0.1400,cross-ppi,662,0.02562442938238474,1.0
all,0.1400,cross-ppi,663,0.026608106915799512,1.0
all,0.1400,cross-ppi,664,0.026537505772597392,1.0
all,0.1400,cross-ppi,665,0.02665669587017272,1.0
all,0.1500,cross-ppi,333,0.025585500920729615,1.0
all,0.1500,cross-ppi,334,0.025019100647606013,1.0
all,0.1500,cross-ppi,335,0.025057404138214112,1.0
all,0.1500,cross-ppi,336,0.025683884243748983,1.0
all,0.1500,cross-ppi,337,0.026048886044686442,1.0
all,0.1500,cross-ppi,338,0.02521642510591915,1.0
all,0.1500,cross-ppi,339,0.02551760054711852,1.0
all,0.1500,cross-ppi,340,0.025377217770463423,1.0
all,0.1500,cross-ppi,341,0.025511861594074814,1.0
all,0.1500,cross-ppi,342,0.02613585606783217,1.0
all,0.1500,cross-ppi,343,0.026593619955360803,1.0
all,0.1500,cross-ppi,344,0.02560426982484587,1.0
all,0.1500,cross-ppi,345,0.024753746063464144,1.0
all,0.1500,cross-ppi,346,0.02548951734459845,1.0
all,0.1500,cross-ppi,347,0.02567706336826525,1.0
all,0.1500,cross-ppi,348,0.025559242505254542,1.0
all,0.1500,cross-ppi,349,0.024800152396319386,0.0
all,0.1500,cross-ppi,350,0.02508867180676258,1.0
all,0.1500,cross-ppi,351,0.024708784571032982,1.0
all,0.1500,cross-ppi,352,0.026106175036635926,1.0
all,0.1500,cross-ppi,353,0.026232680250860035,1.0
all,0.1500,cross-ppi,354,0.02554716509411456,1.0
all,0.1500,cross-ppi,355,0.025943406070746966,1.0
all,0.1500,cross-ppi,356,0.025629059117562747,1.0
all,0.1500,cross-ppi,357,0.025972913129462927,1.0
all,0.1500,cross-ppi,358,0.024615203183717016,1.0
all,0.1500,cross-ppi,359,0.02629150868862251,1.0
all,0.1500,cross-ppi,360,0.025855987490466886,1.0
all,0.1500,cross-ppi,361,0.026327325978568683,1.0
all,0.1500,cross-ppi,362,0.025505159748746148,1.0
all,0.1500,cross-ppi,363,0.02519884904338221,1.0
all,0.1500,cross-ppi,364,0.025695381762203623,1.0
all,0.1500,cross-ppi,365,0.025733449476092685,1.0
all,0.1500,cross-ppi,366,0.025408417317409865,1.0
all,0.1500,cross-ppi,367,0.025755571976437325,1.0
all,0.1500,cross-ppi,368,0.025531118471150194,1.0
all,0.1500,cross-ppi,369,0.02561674748340148,1.0
all,0.1500,cross-ppi,370,0.02550889059988337,1.0
all,0.1500,cross-ppi,371,0.024808111029073515,1.0
all,0.1500,cross-ppi,372,0.02536358033451988,1.0
all,0.1500,cross-ppi,373,0.025735944707621194,1.0
all,0.1500,cross-ppi,374,0.025568857116000626,1.0
all,0.1500,cross-ppi,375,0.026062477870862827,1.0
all,0.1500,cross-ppi,376,0.02519164421200315,1.0
all,0.1500,cross-ppi,377,0.025494648373892953,1.0
all,0.1500,cross-ppi,378,0.024959875832076706,1.0
all,0.1500,cross-ppi,379,0.025832589101257852,1.0
all,0.1500,cross-ppi,380,0.024895890713880875,1.0
all,0.1500,cross-ppi,381,0.02573779201877735,1.0
all,0.1500,cross-ppi,382,0.025570351968254745,1.0
all,0.1500,cross-ppi,383,0.024918642892440945,1.0
all,0.1500,cross-ppi,384,0.025768844640280508,1.0
all,0.1500,cross-ppi,385,0.025391325905832707,1.0
all,0.1500,cross-ppi,386,0.025471292215990093,1.0
all,0.1500,cross-ppi,387,0.025085823480806457,1.0
all,0.1500,cross-ppi,388,0.026097101782922127,1.0
all,0.1500,cross-ppi,389,0.025620538756525146,1.0
all,0.1500,cross-ppi,390,0.025170792260830077,1.0
all,0.1500,cross-ppi,391,0.02540116113575444,1.0
all,0.1500,cross-ppi,392,0.02524419139403325,1.0
all,0.1500,cross-ppi,393,0.02527270345533239,1.0
all,0.1500,cross-ppi,394,0.025921133228469118,1.0
all,0.1500,cross-ppi,395,0.026087972605559395,1.0
all,0.1500,cross-ppi,396,0.026179495743579834,1.0
all,0.1500,cross-ppi,397,0.02589962363651166,1.0
all,0.1500,cross-ppi,398,0.02579943770491111,1.0
all,0.1500,cross-ppi,399,0.02550929598001528,1.0
all,0.1500,cross-ppi,400,0.024706277829732087,1.0
all,0.1500,cross-ppi,401,0.026116894920952483,1.0
all,0.1500,cross-ppi,402,0.02513908355099226,1.0
all,0.1500,cross-ppi,403,0.025587932728808993,1.0
all,0.1500,cross-ppi,404,0.0254287225123698,1.0
all,0.1500,cross-ppi,405,0.024774303379699297,1.0
all,0.1500,cross-ppi,406,0.025745337500037713,1.0
all,0.1500,cross-ppi,407,0.025527576117181594,1.0
all,0.1500,cross-ppi,408,0.02539336461634467,1.0
all,0.1500,cross-ppi,409,0.02481605420769939,1.0
all,0.1500,cross-ppi,410,0.02504831091720816,1.0
all,0.1500,cross-ppi,411,0.025584260483642013,1.0
all,0.1500,cross-ppi,412,0.02472367897360503,1.0
all,0.1500,cross-ppi,413,0.02546269951157598,1.0
all,0.1500,cross-ppi,414,0.024723241720483236,1.0
all,0.1500,cross-ppi,415,0.02530905257460328,1.0
all,0.1500,cross-ppi,416,0.02601338866234651,1.0
all,0.1500,cross-ppi,417,0.024619221082294196,1.0
all,0.1500,cross-ppi,418,0.02527396052585551,1.0
all,0.1500,cross-ppi,419,0.02606778231028728,1.0
all,0.1500,cross-ppi,420,0.025423250336006897,1.0
all,0.1500,cross-ppi,421,0.024765116338864718,1.0
all,0.1500,cross-ppi,422,0.02505396622805034,1.0
all,0.1500,cross-ppi,423,0.024679903435161354,1.0
all,0.1500,cross-ppi,424,0.02511142377627018,1.0
all,0.1500,cross-ppi,425,0.026047089272178914,1.0
all,0.1500,cross-ppi,426,0.0259808775183005,1.0
all,0.1500,cross-ppi,427,0.02566010340678082,1.0
all,0.1500,cross-ppi,428,0.02541357105036582,1.0
all,0.1500,cross-ppi,429,0.02552769625129181,1.0
all,0.1500,cross-ppi,430,0.026308790644583135,1.0
all,0.1500,cross-ppi,431,0.02556414632102133,1.0
all,0.1500,cross-ppi,432,0.024893444652611035,1.0
all,0.1500,cross-ppi,433,0.02561036489408519,1.0
all,0.1500,cross-ppi,434,0.025414367886811284,1.0
all,0.1500,cross-ppi,435,0.02463090635522136,1.0
all,0.1500,cross-ppi,436,0.02556112257432852,1.0
all,0.1500,cross-ppi,437,0.025482457635571998,1.0
all,0.1500,cross-ppi,438,0.025673039401516662,1.0
all,0.1500,cross-ppi,439,0.02564177107153931,1.0
all,0.1500,cross-ppi,440,0.025152588802246134,1.0
all,0.1500,cross-ppi,441,0.02586758491473473,1.0
all,0.1500,cross-ppi,442,0.024733356856153854,1.0
all,0.1500,cross-ppi,443,0.025712794873604672,1.0
all,0.1500,cross-ppi,444,0.025419955879544487,1.0
all,0.1500,cross-ppi,445,0.02557756817611126,1.0
all,0.1500,cross-ppi,446,0.02636787038767696,1.0
all,0.1500,cross-ppi,447,0.025654463185996068,1.0
all,0.1500,cross-ppi,448,0.025578777919048057,1.0
all,0.1500,cross-ppi,449,0.02631975688501728,1.0
all,0.1500,cross-ppi,450,0.02546026881859184,1.0
all,0.1500,cross-ppi,451,0.02504603603502964,1.0
all,0.1500,cross-ppi,452,0.026099678818901073,1.0
all,0.1500,cross-ppi,453,0.02533585774617919,1.0
all,0.1500,cross-ppi,454,0.025646818392530135,1.0
all,0.1500,cross-ppi,455,0.025487931025272276,1.0
all,0.1500,cross-ppi,456,0.025096675478204156,1.0
all,0.1500,cross-ppi,457,0.025533893108464323,1.0
all,0.1500,cross-ppi,458,0.025253160330887953,1.0
all,0.1500,cross-ppi,459,0.02546733549683622,1.0
all,0.1500,cross-ppi,460,0.02548538188817462,0.0
all,0.1500,cross-ppi,461,0.02557063631367426,1.0
all,0.1500,cross-ppi,462,0.025470195133725615,1.0
all,0.1500,cross-ppi,463,0.025215737560622786,1.0
all,0.1500,cross-ppi,464,0.025415799117431637,1.0
all,0.1500,cross-ppi,465,0.024459356074716387,1.0
all,0.1500,cross-ppi,466,0.025872490670156068,1.0
all,0.1500,cross-ppi,467,0.02560530497497518,1.0
all,0.1500,cross-ppi,468,0.02518470549909821,1.0
all,0.1500,cross-ppi,469,0.025098102420038293,1.0
all,0.1500,cross-ppi,470,0.0258290397821217,1.0
all,0.1500,cross-ppi,471,0.025155206234386746,1.0
all,0.1500,cross-ppi,472,0.02504754528070033,1.0
all,0.1500,cross-ppi,473,0.02480357094722352,1.0
all,0.1500,cross-ppi,474,0.025034651046629164,1.0
all,0.1500,cross-ppi,475,0.025252378292595967,1.0
all,0.1500,cross-ppi,476,0.025425127252612173,1.0
all,0.1500,cross-ppi,477,0.025314609498290036,1.0
all,0.1500,cross-ppi,478,0.025312062767002708,0.0
all,0.1500,cross-ppi,479,0.025192387249253573,1.0
all,0.1500,cross-ppi,480,0.02567624924593348,1.0
all,0.1500,cross-ppi,481,0.026102636611768815,1.0
all,0.1500,cross-ppi,482,0.02542978711763033,1.0
all,0.1500,cross-ppi,483,0.025279266508615644,1.0
all,0.1500,cross-ppi,484,0.02537660211349524,1.0
all,0.1500,cross-ppi,485,0.02558326495188759,1.0
all,0.1500,cross-ppi,486,0.02538848382595779,1.0
all,0.1500,cross-ppi,487,0.02599144396263911,1.0
all,0.1500,cross-ppi,488,0.026597584792051765,1.0
all,0.1500,cross-ppi,489,0.02554464203183171,1.0
all,0.1500,cross-ppi,490,0.02513908958580427,1.0
all,0.1500,cross-ppi,491,0.025846445006514535,1.0
all,0.1500,cross-ppi,492,0.02492428326578955,1.0
all,0.1500,cross-ppi,493,0.025771776157039405,1.0
all,0.1500,cross-ppi,494,0.025764187979632536,1.0
all,0.1500,cross-ppi,495,0.02488090574309118,1.0
all,0.1500,cross-ppi,496,0.026012304052934948,1.0
all,0.1500,cross-ppi,497,0.025526982730606745,1.0
all,0.1500,cross-ppi,498,0.02520674749835483,1.0
all,0.1500,cross-ppi,499,0.026573304877886894,1.0
all,0.1500,cross-ppi,500,0.025229587037436968,1.0
all,0.1500,cross-ppi,501,0.02455617049950798,1.0
all,0.1500,cross-ppi,502,0.025620837237372962,1.0
all,0.1500,cross-ppi,503,0.0255873383070917,1.0
all,0.1500,cross-ppi,504,0.025850946811167064,1.0
all,0.1500,cross-ppi,505,0.02545238051185139,1.0
all,0.1500,cross-ppi,506,0.025890964822149615,1.0
all,0.1500,cross-ppi,507,0.025480878178810312,1.0
all,0.1500,cross-ppi,508,0.025372650014393566,1.0
all,0.1500,cross-ppi,509,0.02563908514633892,1.0
all,0.1500,cross-ppi,510,0.025912174803183974,1.0
all,0.1500,cross-ppi,511,0.02532210827291484,1.0
all,0.1500,cross-ppi,512,0.02544642253737303,1.0
all,0.1500,cross-ppi,513,0.025972443176713295,1.0
all,0.1500,cross-ppi,514,0.025559447374587013,1.0
all,0.1500,cross-ppi,515,0.024494061351046842,1.0
all,0.1500,cross-ppi,516,0.02559054967965546,1.0
all,0.1500,cross-ppi,517,0.02485625913204026,1.0
all,0.1500,cross-ppi,518,0.025225102707851915,1.0
all,0.1500,cross-ppi,519,0.02639290423250998,1.0
all,0.1500,cross-ppi,520,0.025010760364337692,1.0
all,0.1500,cross-ppi,521,0.02484806739828993,1.0
all,0.1500,cross-ppi,522,0.02480275136772303,1.0
all,0.1500,cross-ppi,523,0.025638762543222837,1.0
all,0.1500,cross-ppi,524,0.025707112529454346,1.0
all,0.1500,cross-ppi,525,0.025972933587546265,1.0
all,0.1500,cross-ppi,526,0.024955176177706456,1.0
all,0.1500,cross-ppi,527,0.025698174095380583,1.0
all,0.1500,cross-ppi,528,0.02650347664343866,1.0
all,0.1500,cross-ppi,529,0.025546791503757466,1.0
all,0.1500,cross-ppi,530,0.025441723745233902,1.0
all,0.1500,cross-ppi,531,0.025242992125115604,1.0
all,0.1500,cross-ppi,532,0.02609077330372822,1.0
all,0.1500,cross-ppi,533,0.0256504184055526,1.0
all,0.1500,cross-ppi,534,0.025234217400347564,1.0
all,0.1500,cross-ppi,535,0.02458773169280934,1.0
all,0.1500,cross-ppi,536,0.025684032790329492,1.0
all,0.1500,cross-ppi,537,0.025967507067909068,1.0
all,0.1500,cross-ppi,538,0.025469421118296753,1.0
all,0.1500,cross-ppi,539,0.024993436907149086,0.0
all,0.1500,cross-ppi,540,0.025691555032649083,1.0
all,0.1500,cross-ppi,541,0.02482788119314358,1.0
all,0.1500,cross-ppi,542,0.025585973007232088,1.0
all,0.1500,cross-ppi,543,0.025224987292060824,1.0
all,0.1500,cross-ppi,544,0.02561971256565812,1.0
all,0.1500,cross-ppi,545,0.025759427903671223,1.0
all,0.1500,cross-ppi,546,0.025388466564653905,1.0
all,0.1500,cross-ppi,547,0.025632289008541642,1.0
all,0.1500,cross-ppi,548,0.02555849679891864,1.0
all,0.1500,cross-ppi,549,0.025018664460342593,1.0
all,0.1500,cross-ppi,550,0.02572047650440132,1.0
all,0.1500,cross-ppi,551,0.025894952189657316,1.0
all,0.1500,cross-ppi,552,0.02577519175067164,1.0
all,0.1500,cross-ppi,553,0.02577667961399699,1.0
all,0.1500,cross-ppi,554,0.025960459457329832,1.0
all,0.1500,cross-ppi,555,0.025572736988024175,1.0
all,0.1500,cross-ppi,556,0.025781410905278968,1.0
all,0.1500,cross-ppi,557,0.0258751358650344,1.0
all,0.1500,cross-ppi,558,0.025944872724949303,1.0
all,0.1500,cross-ppi,559,0.025570947553062107,1.0
all,0.1500,cross-ppi,560,0.02501734305439629,1.0
all,0.1500,cross-ppi,561,0.02485765741273871,1.0
all,0.1500,cross-ppi,562,0.024766526036851116,1.0
all,0.1500,cross-ppi,563,0.02594450774153692,1.0
all,0.1500,cross-ppi,564,0.025729281138391097,1.0
all,0.1500,cross-ppi,565,0.026154995096901446,0.0
all,0.1500,cross-ppi,566,0.025576529985884888,1.0
all,0.1500,cross-ppi,567,0.024879350678095435,1.0
all,0.1500,cross-ppi,568,0.025764263716739122,1.0
all,0.1500,cross-ppi,569,0.025230035957298447,1.0
all,0.1500,cross-ppi,570,0.02584505975026452,1.0
all,0.1500,cross-ppi,571,0.025153903469569916,1.0
all,0.1500,cross-ppi,572,0.02547809366015852,1.0
all,0.1500,cross-ppi,573,0.025390367227971944,1.0
all,0.1500,cross-ppi,574,0.024866798696748682,1.0
all,0.1500,cross-ppi,575,0.025368101861167114,1.0
all,0.1500,cross-ppi,576,0.025223867163386787,1.0
all,0.1500,cross-ppi,577,0.02569859550569184,1.0
all,0.1500,cross-ppi,578,0.02544329644337917,1.0
all,0.1500,cross-ppi,579,0.0248935553876799,1.0
all,0.1500,cross-ppi,580,0.025442252427701817,1.0
all,0.1500,cross-ppi,581,0.025080298467296203,1.0
all,0.1500,cross-ppi,582,0.025178282092019888,1.0
all,0.1500,cross-ppi,583,0.02578820200316001,1.0
all,0.1500,cross-ppi,584,0.025541406996464344,1.0
all,0.1500,cross-ppi,585,0.025249502966249532,1.0
all,0.1500,cross-ppi,586,0.025546285840356342,1.0
all,0.1500,cross-ppi,587,0.025244457231245576,1.0
all,0.1500,cross-ppi,588,0.024912065076557105,1.0
all,0.1500,cross-ppi,589,0.025864352311952277,1.0
all,0.1500,cross-ppi,590,0.025469739987390216,1.0
all,0.1500,cross-ppi,591,0.02495709794807177,1.0
all,0.1500,cross-ppi,592,0.026142368064212107,1.0
all,0.1500,cross-ppi,593,0.025591678782263316,1.0
all,0.1500,cross-ppi,594,0.025568272495706118,1.0
all,0.1500,cross-ppi,595,0.025593012183353303,1.0
all,0.1500,cross-ppi,596,0.024901638173267432,1.0
all,0.1500,cross-ppi,597,0.025554305797447108,1.0
all,0.1500,cross-ppi,598,0.025576966615953434,0.0
all,0.1500,cross-ppi,599,0.025399869299788325,1.0
all,0.1500,cross-ppi,600,0.025408001474159225,1.0
all,0.1500,cross-ppi,601,0.02494867000852319,1.0
all,0.1500,cross-ppi,602,0.025559004262524998,1.0
all,0.1500,cross-ppi,603,0.02612809233777938,1.0
all,0.1500,cross-ppi,604,0.02512828292846525,1.0
all,0.1500,cross-ppi,605,0.02596684077961109,1.0
all,0.1500,cross-ppi,606,0.025103799951756378,1.0
all,0.1500,cross-ppi,607,0.025271790359025048,1.0
all,0.1500,cross-ppi,608,0.0264575576355649,1.0
all,0.1500,cross-ppi,609,0.024702650399641674,1.0
all,0.1500,cross-ppi,610,0.025990842093400218,1.0
all,0.1500,cross-ppi,611,0.02486959439935732,1.0
all,0.1500,cross-ppi,612,0.0250014080862756,1.0
all,0.1500,cross-ppi,613,0.025706575962960138,1.0
all,0.1500,cross-ppi,614,0.025658181710052935,1.0
all,0.1500,cross-ppi,615,0.02578806041846063,1.0
all,0.1500,cross-ppi,616,0.025931293674723355,1.0
all,0.1500,cross-ppi,617,0.025589421235745924,1.0
all,0.1500,cross-ppi,618,0.025797926297315477,1.0
all,0.1500,cross-ppi,619,0.02503895474590956,1.0
all,0.1500,cross-ppi,620,0.025073841692810905,1.0
all,0.1500,cross-ppi,621,0.025824962975129484,1.0
all,0.1500,cross-ppi,622,0.02461125060135927,1.0
all,0.1500,cross-ppi,623,0.025423568094423032,1.0
all,0.1500,cross-ppi,624,0.02539548784313206,0.0
all,0.1500,cross-ppi,625,0.024709024277156932,1.0
all,0.1500,cross-ppi,626,0.025422609741370006,1.0
all,0.1500,cross-ppi,627,0.025473634974178788,1.0
all,0.1500,cross-ppi,628,0.024849482674167422,1.0
all,0.1500,cross-ppi,629,0.025283702668181696,1.0
all,0.1500,cross-ppi,630,0.025466685720646032,1.0
all,0.1500,cross-ppi,631,0.02524008916959264,1.0
all,0.1500,cross-ppi,632,0.026329224211618985,1.0
all,0.1500,cross-ppi,633,0.025847854612888077,1.0
all,0.1500,cross-ppi,634,0.025596477770733678,1.0
all,0.1500,cross-ppi,635,0.02593028578882553,1.0
all,0.1500,cross-ppi,636,0.025565722145035608,1.0
all,0.1500,cross-ppi,637,0.025821099632475725,1.0
all,0.1500,cross-ppi,638,0.02555272473159631,1.0
all,0.1500,cross-ppi,639,0.0257325836593795,1.0
all,0.1500,cross-ppi,640,0.025095140010488293,1.0
all,0.1500,cross-ppi,641,0.024860392836174916,1.0
all,0.1500,cross-ppi,642,0.02518335670920077,1.0
all,0.1500,cross-ppi,643,0.025624590181384382,1.0
all,0.1500,cross-ppi,644,0.025942667604384684,1.0
all,0.1500,cross-ppi,645,0.025667380123905653,1.0
all,0.1500,cross-ppi,646,0.025439651371866878,1.0
all,0.1500,cross-ppi,647,0.025974136859384073,1.0
all,0.1500,cross-ppi,648,0.025446304288507804,1.0
all,0.1500,cross-ppi,649,0.025786207987726156,1.0
all,0.1500,cross-ppi,650,0.025893665632757884,1.0
all,0.1500,cross-ppi,651,0.02520902026411262,1.0
all,0.1500,cross-ppi,652,0.025758015002845025,1.0
all,0.1500,cross-ppi,653,0.025280068009118334,1.0
all,0.1500,cross-ppi,654,0.025557018819638677,1.0
all,0.1500,cross-ppi,655,0.0259583930508476,1.0
all,0.1500,cross-ppi,656,0.02539959878288145,1.0
all,0.1500,cross-ppi,657,0.02596563037109198,1.0
all,0.1500,cross-ppi,658,0.025046449703885476,1.0
all,0.1500,cross-ppi,659,0.024884178980137422,1.0
all,0.1500,cross-ppi,660,0.025339196521782376,1.0
all,0.1500,cross-ppi,661,0.025209869643719213,1.0
all,0.1500,cross-ppi,662,0.025434390047782918,1.0
all,0.1500,cross-ppi,663,0.025538189875960793,1.0
all,0.1500,cross-ppi,664,0.02422682668448195,0.0
all,0.1500,cross-ppi,665,0.024981879729694234,1.0
all,0.1600,cross-ppi,333,0.02491418390432376,1.0
all,0.1600,cross-ppi,334,0.024806885559609526,1.0
all,0.1600,cross-ppi,335,0.02403099882063589,1.0
all,0.1600,cross-ppi,336,0.024746937612233233,1.0
all,0.1600,cross-ppi,337,0.024821549316377478,1.0
all,0.1600,cross-ppi,338,0.024903899824080006,1.0
all,0.1600,cross-ppi,339,0.02504090678757362,1.0
all,0.1600,cross-ppi,340,0.024561913492867266,1.0
all,0.1600,cross-ppi,341,0.025205005505434697,1.0
all,0.1600,cross-ppi,342,0.024085873624609566,1.0
all,0.1600,cross-ppi,343,0.025152499281289153,1.0
all,0.1600,cross-ppi,344,0.024772064714904007,1.0
all,0.1600,cross-ppi,345,0.02480145669991085,1.0
all,0.1600,cross-ppi,346,0.025494754696914756,1.0
all,0.1600,cross-ppi,347,0.02508910707486911,1.0
all,0.1600,cross-ppi,348,0.024932675234083046,1.0
all,0.1600,cross-ppi,349,0.025466058605987524,1.0
all,0.1600,cross-ppi,350,0.024662210378534444,1.0
all,0.1600,cross-ppi,351,0.02433075399867235,1.0
all,0.1600,cross-ppi,352,0.025423512858133823,1.0
all,0.1600,cross-ppi,353,0.024813156477920373,1.0
all,0.1600,cross-ppi,354,0.02487008527346546,1.0
all,0.1600,cross-ppi,355,0.0248505325913565,1.0
all,0.1600,cross-ppi,356,0.024361839423053033,1.0
all,0.1600,cross-ppi,357,0.024780042379274198,1.0
all,0.1600,cross-ppi,358,0.02470616488284913,1.0
all,0.1600,cross-ppi,359,0.02490925862553839,1.0
all,0.1600,cross-ppi,360,0.02479551898387744,1.0
all,0.1600,cross-ppi,361,0.024935227527983606,1.0
all,0.1600,cross-ppi,362,0.024907482929116487,1.0
all,0.1600,cross-ppi,363,0.024495528012553613,1.0
all,0.1600,cross-ppi,364,0.02476928751119256,1.0
all,0.1600,cross-ppi,365,0.023896254612374462,1.0
all,0.1600,cross-ppi,366,0.025182432309433428,1.0
all,0.1600,cross-ppi,367,0.02504702799286393,1.0
all,0.1600,cross-ppi,368,0.024379053158639613,1.0
all,0.1600,cross-ppi,369,0.024339386637367122,1.0
all,0.1600,cross-ppi,370,0.025204363943137076,1.0
all,0.1600,cross-ppi,371,0.024566262050469856,1.0
all,0.1600,cross-ppi,372,0.024404396095848213,1.0
all,0.1600,cross-ppi,373,0.024188681644973203,1.0
all,0.1600,cross-ppi,374,0.024306047074022313,1.0
all,0.1600,cross-ppi,375,0.02468563723307357,1.0
all,0.1600,cross-ppi,376,0.02479714234341046,1.0
all,0.1600,cross-ppi,377,0.024706734117633578,1.0
all,0.1600,cross-ppi,378,0.024686948493509803,0.0
all,0.1600,cross-ppi,379,0.024730434243923377,1.0
all,0.1600,cross-ppi,380,0.025026389714589037,1.0
all,0.1600,cross-ppi,381,0.02535442961533807,1.0
all,0.1600,cross-ppi,382,0.024618387731206615,1.0
all,0.1600,cross-ppi,383,0.024665484841891128,1.0
all,0.1600,cross-ppi,384,0.02466776008882976,1.0
all,0.1600,cross-ppi,385,0.024982621193385873,1.0
all,0.1600,cross-ppi,386,0.024791763171897546,1.0
all,0.1600,cross-ppi,387,0.02535815981761455,1.0
all,0.1600,cross-ppi,388,0.025942377925586485,1.0
all,0.1600,cross-ppi,389,0.02488755960928543,1.0
all,0.1600,cross-ppi,390,0.024630740665316675,1.0
all,0.1600,cross-ppi,391,0.02513599725757021,1.0
all,0.1600,cross-ppi,392,0.024359285551335486,1.0
all,0.1600,cross-ppi,393,0.02504430857825568,1.0
all,0.1600,cross-ppi,394,0.025147174620585216,1.0
all,0.1600,cross-ppi,395,0.024333850218265063,1.0
all,0.1600,cross-ppi,396,0.02529052111533922,1.0
all,0.1600,cross-ppi,397,0.024812011345710094,1.0
all,0.1600,cross-ppi,398,0.02461085742636626,1.0
all,0.1600,cross-ppi,399,0.02585856530181041,1.0
all,0.1600,cross-ppi,400,0.024642451522064457,1.0
all,0.1600,cross-ppi,401,0.02397507236980967,1.0
all,0.1600,cross-ppi,402,0.024916167140517004,1.0
all,0.1600,cross-ppi,403,0.02492143909213282,1.0
all,0.1600,cross-ppi,404,0.025026584523815565,1.0
all,0.1600,cross-ppi,405,0.024799881457128747,1.0
all,0.1600,cross-ppi,406,0.02511982850583863,1.0
all,0.1600,cross-ppi,407,0.024938381755706146,1.0
all,0.1600,cross-ppi,408,0.024552540847769505,1.0
all,0.1600,cross-ppi,409,0.025059238805404505,1.0
all,0.1600,cross-ppi,410,0.025468690263941607,1.0
all,0.1600,cross-ppi,411,0.024565864911803875,1.0
all,0.1600,cross-ppi,412,0.024766745713669075,1.0
all,0.1600,cross-ppi,413,0.025389389340392476,1.0
all,0.1600,cross-ppi,414,0.024913168906836675,1.0
all,0.1600,cross-ppi,415,0.024007884528933987,1.0
all,0.1600,cross-ppi,416,0.025106762012710365,1.0
all,0.1600,cross-ppi,417,0.024216038515353033,1.0
all,0.1600,cross-ppi,418,0.024741779494588667,1.0
all,0.1600,cross-ppi,419,0.02579152010199992,1.0
all,0.1600,cross-ppi,420,0.024407229772882483,1.0
all,0.1600,cross-ppi,421,0.024299000879736354,1.0
all,0.1600,cross-ppi,422,0.024181720801978446,1.0
all,0.1600,cross-ppi,423,0.025082302671489476,1.0
all,0.1600,cross-ppi,424,0.02512498296893531,1.0
all,0.1600,cross-ppi,425,0.0254226384509183,1.0
all,0.1600,cross-ppi,426,0.024404975715273697,1.0
all,0.1600,cross-ppi,427,0.02500207973788024,1.0
all,0.1600,cross-ppi,428,0.025780159153420246,1.0
all,0.1600,cross-ppi,429,0.024795550339743455,1.0
all,0.1600,cross-ppi,430,0.024972459141557768,1.0
all,0.1600,cross-ppi,431,0.024697121045228837,1.0
all,0.1600,cross-ppi,432,0.025275305553045996,1.0
all,0.1600,cross-ppi,433,0.025025609396639226,1.0
all,0.1600,cross-ppi,434,0.02457407665508915,1.0
all,0.1600,cross-ppi,435,0.023840077863177572,1.0
all,0.1600,cross-ppi,436,0.024903389431408796,1.0
all,0.1600,cross-ppi,437,0.025352232554793575,1.0
all,0.1600,cross-ppi,438,0.02495148454919638,1.0
all,0.1600,cross-ppi,439,0.024536096968278104,1.0
all,0.1600,cross-ppi,440,0.025117045937524035,1.0
all,0.1600,cross-ppi,441,0.02418545507712977,1.0
all,0.1600,cross-ppi,442,0.024816533771351817,1.0
all,0.1600,cross-ppi,443,0.024931843192276176,1.0
all,0.1600,cross-ppi,444,0.025129630918886092,1.0
all,0.1600,cross-ppi,445,0.02511006658487694,1.0
all,0.1600,cross-ppi,446,0.02469555403409318,1.0
all,0.1600,cross-ppi,447,0.025015807613874785,1.0
all,0.1600,cross-ppi,448,0.024738426883185283,1.0
all,0.1600,cross-ppi,449,0.02437894613781541,1.0
all,0.1600,cross-ppi,450,0.025189236088942107,1.0
all,0.1600,cross-ppi,451,0.02538282310829898,1.0
all,0.1600,cross-ppi,452,0.0248903943493215,1.0
all,0.1600,cross-ppi,453,0.02495110582347934,1.0
all,0.1600,cross-ppi,454,0.02540516106710744,1.0
all,0.1600,cross-ppi,455,0.02490325258566528,1.0
all,0.1600,cross-ppi,456,0.025074875388835044,1.0
all,0.1600,cross-ppi,457,0.02533144798384565,1.0
all,0.1600,cross-ppi,458,0.025359359961371064,1.0
all,0.1600,cross-ppi,459,0.02493818960403807,1.0
all,0.1600,cross-ppi,460,0.02454550663163879,1.0
all,0.1600,cross-ppi,461,0.024272201240456925,1.0
all,0.1600,cross-ppi,462,0.024150479656738555,1.0
all,0.1600,cross-ppi,463,0.0254587236782928,1.0
all,0.1600,cross-ppi,464,0.025173955554066207,1.0
all,0.1600,cross-ppi,465,0.025628182178073278,0.0
all,0.1600,cross-ppi,466,0.024924321019149515,1.0
all,0.1600,cross-ppi,467,0.024238678331591212,1.0
all,0.1600,cross-ppi,468,0.024902330575259507,1.0
all,0.1600,cross-ppi,469,0.02440020107743479,1.0
all,0.1600,cross-ppi,470,0.025425590721138036,1.0
all,0.1600,cross-ppi,471,0.024439720366792844,1.0
all,0.1600,cross-ppi,472,0.02485642531020571,1.0
all,0.1600,cross-ppi,473,0.02483182682922913,1.0
all,0.1600,cross-ppi,474,0.024246114063506546,1.0
all,0.1600,cross-ppi,475,0.02472407914336172,1.0
all,0.1600,cross-ppi,476,0.02476351536957669,1.0
all,0.1600,cross-ppi,477,0.025264734185701743,1.0
all,0.1600,cross-ppi,478,0.02462366747409575,1.0
all,0.1600,cross-ppi,479,0.024149723194988065,1.0
all,0.1600,cross-ppi,480,0.024787070364804098,1.0
all,0.1600,cross-ppi,481,0.024641735832484385,1.0
all,0.1600,cross-ppi,482,0.02477448127632864,1.0
all,0.1600,cross-ppi,483,0.02517591835491295,1.0
all,0.1600,cross-ppi,484,0.024841489883794754,1.0
all,0.1600,cross-ppi,485,0.024529305854815386,1.0
all,0.1600,cross-ppi,486,0.024963669817486545,1.0
all,0.1600,cross-ppi,487,0.02448837422098446,1.0
all,0.1600,cross-ppi,488,0.02446456656129581,1.0
all,0.1600,cross-ppi,489,0.025154885554154016,1.0
all,0.1600,cross-ppi,490,0.024777005172937794,1.0
all,0.1600,cross-ppi,491,0.024365163990782812,1.0
all,0.1600,cross-ppi,492,0.025320581919445195,1.0
all,0.1600,cross-ppi,493,0.025020891515452726,1.0
all,0.1600,cross-ppi,494,0.024805504699806358,1.0
all,0.1600,cross-ppi,495,0.025068384932394716,1.0
all,0.1600,cross-ppi,496,0.02430860577621219,1.0
all,0.1600,cross-ppi,497,0.0248912183939263,1.0
all,0.1600,cross-ppi,498,0.02506547858419672,0.0
all,0.1600,cross-ppi,499,0.024657455337377954,1.0
all,0.1600,cross-ppi,500,0.02460181450869947,1.0
all,0.1600,cross-ppi,501,0.024541266030939063,1.0
all,0.1600,cross-ppi,502,0.024938577562286346,1.0
all,0.1600,cross-ppi,503,0.025328409622050407,1.0
all,0.1600,cross-ppi,504,0.024671454238818696,1.0
all,0.1600,cross-ppi,505,0.025227991855447107,1.0
all,0.1600,cross-ppi,506,0.0246536259704718,1.0
all,0.1600,cross-ppi,507,0.0246421604488416,1.0
all,0.1600,cross-ppi,508,0.02587278937452908,1.0
all,0.1600,cross-ppi,509,0.024249466226150873,1.0
all,0.1600,cross-ppi,510,0.025369568016805927,1.0
all,0.1600,cross-ppi,511,0.024211015640570488,1.0
all,0.1600,cross-ppi,512,0.024399847358691273,1.0
all,0.1600,cross-ppi,513,0.025106409328326973,1.0
all,0.1600,cross-ppi,514,0.025040094968106413,1.0
all,0.1600,cross-ppi,515,0.02521993704650058,1.0
all,0.1600,cross-ppi,516,0.025263420106462653,1.0
all,0.1600,cross-ppi,517,0.024994092280998137,1.0
all,0.1600,cross-ppi,518,0.025078516700996256,1.0
all,0.1600,cross-ppi,519,0.024365158541128196,1.0
all,0.1600,cross-ppi,520,0.024535170702218,1.0
all,0.1600,cross-ppi,521,0.025157782592348577,1.0
all,0.1600,cross-ppi,522,0.02422065269621665,1.0
all,0.1600,cross-ppi,523,0.024678938979063703,1.0
all,0.1600,cross-ppi,524,0.024770300817956475,0.0
all,0.1600,cross-ppi,525,0.024116354974286658,1.0
all,0.1600,cross-ppi,526,0.02483004429810398,1.0
all,0.1600,cross-ppi,527,0.02503653415470694,1.0
all,0.1600,cross-ppi,528,0.02426750270037517,1.0
all,0.1600,cross-ppi,529,0.024675558846283918,1.0
all,0.1600,cross-ppi,530,0.0246897024999595,1.0
all,0.1600,cross-ppi,531,0.024621904401600947,1.0
all,0.1600,cross-ppi,532,0.02566362044000714,1.0
all,0.1600,cross-ppi,533,0.02527397315135871,1.0
all,0.1600,cross-ppi,534,0.02486903850476943,1.0
all,0.1600,cross-ppi,535,0.02521742666916446,1.0
all,0.1600,cross-ppi,536,0.024974820491225347,1.0
all,0.1600,cross-ppi,537,0.025261423965219354,1.0
all,0.1600,cross-ppi,538,0.024979412726864658,1.0
all,0.1600,cross-ppi,539,0.025076856187619373,1.0
all,0.1600,cross-ppi,540,0.02448306631357655,1.0
all,0.1600,cross-ppi,541,0.024379551291625834,1.0
all,0.1600,cross-ppi,542,0.024604279962726044,1.0
all,0.1600,cross-ppi,543,0.02502147867425919,1.0
all,0.1600,cross-ppi,544,0.025184411466160017,1.0
all,0.1600,cross-ppi,545,0.025063102590208608,1.0
all,0.1600,cross-ppi,546,0.024865259663759742,1.0
all,0.1600,cross-ppi,547,0.025517069542581455,1.0
all,0.1600,cross-ppi,548,0.02497745945599794,1.0
all,0.1600,cross-ppi,549,0.025250592144785672,1.0
all,0.1600,cross-ppi,550,0.02527188749853726,1.0
all,0.1600,cross-ppi,551,0.024724691511778335,1.0
all,0.1600,cross-ppi,552,0.02520034233671617,1.0
all,0.1600,cross-ppi,553,0.024676031579235813,1.0
all,0.1600,cross-ppi,554,0.024985148596303658,1.0
all,0.1600,cross-ppi,555,0.025098301363412873,1.0
all,0.1600,cross-ppi,556,0.02470544384603135,1.0
all,0.1600,cross-ppi,557,0.025164144578718822,1.0
all,0.1600,cross-ppi,558,0.024460985617034248,1.0
all,0.1600,cross-ppi,559,0.024208333591948294,0.0
all,0.1600,cross-ppi,560,0.02452168233796448,1.0
all,0.1600,cross-ppi,561,0.024529053343090218,1.0
all,0.1600,cross-ppi,562,0.024740593670949163,1.0
all,0.1600,cross-ppi,563,0.02495472065398352,1.0
all,0.1600,cross-ppi,564,0.02367395709438458,0.0
all,0.1600,cross-ppi,565,0.024427133075809793,1.0
all,0.1600,cross-ppi,566,0.025305814309165564,1.0
all,0.1600,cross-ppi,567,0.024865478351787235,1.0
all,0.1600,cross-ppi,568,0.024727911833190647,1.0
all,0.1600,cross-ppi,569,0.02461542640193115,1.0
all,0.1600,cross-ppi,570,0.024030899439824616,0.0
all,0.1600,cross-ppi,571,0.025002484923038776,1.0
all,0.1600,cross-ppi,572,0.024861327242743703,1.0
all,0.1600,cross-ppi,573,0.025009929017177024,1.0
all,0.1600,cross-ppi,574,0.024497161991910876,1.0
all,0.1600,cross-ppi,575,0.024925237596724936,1.0
all,0.1600,cross-ppi,576,0.025119642242040774,1.0
all,0.1600,cross-ppi,577,0.024682702609116425,1.0
all,0.1600,cross-ppi,578,0.024803977538460975,1.0
all,0.1600,cross-ppi,579,0.024623148707414527,1.0
all,0.1600,cross-ppi,580,0.02473646899520024,1.0
all,0.1600,cross-ppi,581,0.0255911497858754,1.0
all,0.1600,cross-ppi,582,0.024871970865684268,1.0
all,0.1600,cross-ppi,583,0.024313654707122767,1.0
all,0.1600,cross-ppi,584,0.024333312474276753,1.0
all,0.1600,cross-ppi,585,0.02475266983622007,1.0
all,0.1600,cross-ppi,586,0.024964875088500316,1.0
all,0.1600,cross-ppi,587,0.025254068503592686,1.0
all,0.1600,cross-ppi,588,0.02445094226983613,1.0
all,0.1600,cross-ppi,589,0.02493218051867266,1.0
all,0.1600,cross-ppi,590,0.025288006882128733,1.0
all,0.1600,cross-ppi,591,0.0242212744635949,1.0
all,0.1600,cross-ppi,592,0.02547902620099396,1.0
all,0.1600,cross-ppi,593,0.02526175396479835,1.0
all,0.1600,cross-ppi,594,0.02513288428949509,1.0
all,0.1600,cross-ppi,595,0.02585300239692112,1.0
all,0.1600,cross-ppi,596,0.024003743610672923,1.0
all,0.1600,cross-ppi,597,0.0245364137363783,1.0
all,0.1600,cross-ppi,598,0.025165418083431312,1.0
all,0.1600,cross-ppi,599,0.02461112055661374,1.0
all,0.1600,cross-ppi,600,0.0251169931000621,1.0
all,0.1600,cross-ppi,601,0.024973234724646853,1.0
all,0.1600,cross-ppi,602,0.025620933319715378,1.0
all,0.1600,cross-ppi,603,0.025351599810668146,1.0
all,0.1600,cross-ppi,604,0.02479039106529035,1.0
all,0.1600,cross-ppi,605,0.02461270380603342,1.0
all,0.1600,cross-ppi,606,0.024624311374306124,1.0
all,0.1600,cross-ppi,607,0.0248133636513036,1.0
all,0.1600,cross-ppi,608,0.024198981544447995,1.0
all,0.1600,cross-ppi,609,0.025518777039243434,1.0
all,0.1600,cross-ppi,610,0.024357494036818306,0.0
all,0.1600,cross-ppi,611,0.025001348257271627,1.0
all,0.1600,cross-ppi,612,0.02429613257161123,1.0
all,0.1600,cross-ppi,613,0.02432047331231113,1.0
all,0.1600,cross-ppi,614,0.02433226112583675,1.0
all,0.1600,cross-ppi,615,0.02460123067716047,1.0
all,0.1600,cross-ppi,616,0.02452191908874979,1.0
all,0.1600,cross-ppi,617,0.02514622593656335,1.0
all,0.1600,cross-ppi,618,0.024538976051724032,1.0
all,0.1600,cross-ppi,619,0.024459081113495262,1.0
all,0.1600,cross-ppi,620,0.024248489430265363,1.0
all,0.1600,cross-ppi,621,0.02457950952383739,1.0
all,0.1600,cross-ppi,622,0.025156995953352274,1.0
all,0.1600,cross-ppi,623,0.024558018227539974,1.0
all,0.1600,cross-ppi,624,0.024243729893788868,1.0
all,0.1600,cross-ppi,625,0.025141751677731805,1.0
all,0.1600,cross-ppi,626,0.025172241081374364,1.0
all,0.1600,cross-ppi,627,0.02514527115059395,0.0
all,0.1600,cross-ppi,628,0.025756921205746908,1.0
all,0.1600,cross-ppi,629,0.024756069550780357,1.0
all,0.1600,cross-ppi,630,0.024938030933708832,1.0
all,0.1600,cross-ppi,631,0.02521931263817026,1.0
all,0.1600,cross-ppi,632,0.02495107527644591,1.0
all,0.1600,cross-ppi,633,0.024410081680648066,1.0
all,0.1600,cross-ppi,634,0.025341018647391023,1.0
all,0.1600,cross-ppi,635,0.024743654766926082,1.0
all,0.1600,cross-ppi,636,0.025456888224031443,1.0
all,0.1600,cross-ppi,637,0.024350056796117486,0.0
all,0.1600,cross-ppi,638,0.024569706796595953,1.0
all,0.1600,cross-ppi,639,0.02425252803767064,1.0
all,0.1600,cross-ppi,640,0.025095631450240075,1.0
all,0.1600,cross-ppi,641,0.02435653867329346,1.0
all,0.1600,cross-ppi,642,0.025173433053813032,1.0
all,0.1600,cross-ppi,643,0.024586348001754632,1.0
all,0.1600,cross-ppi,644,0.02525622573351552,1.0
all,0.1600,cross-ppi,645,0.0246906266423762,1.0
all,0.1600,cross-ppi,646,0.024473773864337467,1.0
all,0.1600,cross-ppi,647,0.024892449568675756,1.0
all,0.1600,cross-ppi,648,0.0241591624963976,1.0
all,0.1600,cross-ppi,649,0.025334350279792583,1.0
all,0.1600,cross-ppi,650,0.02498024368588944,1.0
all,0.1600,cross-ppi,651,0.02465626212646821,1.0
all,0.1600,cross-ppi,652,0.024797922525640947,1.0
all,0.1600,cross-ppi,653,0.025412791509874993,1.0
all,0.1600,cross-ppi,654,0.024518644839660042,1.0
all,0.1600,cross-ppi,655,0.024645472343713698,1.0
all,0.1600,cross-ppi,656,0.024347899160722664,1.0
all,0.1600,cross-ppi,657,0.02547564208081987,1.0
all,0.1600,cross-ppi,658,0.024673165538706132,1.0
all,0.1600,cross-ppi,659,0.02513965376936214,1.0
all,0.1600,cross-ppi,660,0.025153434035741995,1.0
all,0.1600,cross-ppi,661,0.024562948239495896,1.0
all,0.1600,cross-ppi,662,0.024637040402733956,1.0
all,0.1600,cross-ppi,663,0.02530528197841797,0.0
all,0.1600,cross-ppi,664,0.025516543243241374,1.0
all,0.1600,cross-ppi,665,0.024366596670114288,1.0
all,0.1700,cross-ppi,333,0.024461344130320334,1.0
all,0.1700,cross-ppi,334,0.02398206818697038,1.0
all,0.1700,cross-ppi,335,0.023256241098052133,1.0
all,0.1700,cross-ppi,336,0.024361606706536115,1.0
all,0.1700,cross-ppi,337,0.024779424345208162,1.0
all,0.1700,cross-ppi,338,0.02459199890629868,1.0
all,0.1700,cross-ppi,339,0.023914459780059905,0.0
all,0.1700,cross-ppi,340,0.024637534110327625,1.0
all,0.1700,cross-ppi,341,0.023750651176821846,1.0
all,0.1700,cross-ppi,342,0.024164585348893652,1.0
all,0.1700,cross-ppi,343,0.024509913930880534,1.0
all,0.1700,cross-ppi,344,0.024440842346124175,1.0
all,0.1700,cross-ppi,345,0.024569053782453665,1.0
all,0.1700,cross-ppi,346,0.024081192412911068,1.0
all,0.1700,cross-ppi,347,0.02440430537436636,1.0
all,0.1700,cross-ppi,348,0.024115659412713902,1.0
all,0.1700,cross-ppi,349,0.023687975118247606,1.0
all,0.1700,cross-ppi,350,0.02456405555122329,1.0
all,0.1700,cross-ppi,351,0.024625660712506825,1.0
all,0.1700,cross-ppi,352,0.024161878392630093,1.0
all,0.1700,cross-ppi,353,0.024371957095425945,1.0
all,0.1700,cross-ppi,354,0.024676880682549113,1.0
all,0.1700,cross-ppi,355,0.024413356906176825,1.0
all,0.1700,cross-ppi,356,0.024364268780864312,1.0
all,0.1700,cross-ppi,357,0.024824291879160132,1.0
all,0.1700,cross-ppi,358,0.024702256610328432,1.0
all,0.1700,cross-ppi,359,0.02434352448223942,1.0
all,0.1700,cross-ppi,360,0.024032398147269762,1.0
all,0.1700,cross-ppi,361,0.02387927247058441,1.0
all,0.1700,cross-ppi,362,0.02352920274995654,1.0
all,0.1700,cross-ppi,363,0.024786110531938133,1.0
all,0.1700,cross-ppi,364,0.024549465401908943,1.0
all,0.1700,cross-ppi,365,0.02494593581852822,0.0
all,0.1700,cross-ppi,366,0.024289477328970133,1.0
all,0.1700,cross-ppi,367,0.0237151158012735,1.0
all,0.1700,cross-ppi,368,0.024295003439547685,1.0
all,0.1700,cross-ppi,369,0.023979185050427954,1.0
all,0.1700,cross-ppi,370,0.024786024784463567,1.0
all,0.1700,cross-ppi,371,0.023993838519275057,1.0
all,0.1700,cross-ppi,372,0.024055248455737893,1.0
all,0.1700,cross-ppi,373,0.024237824842890388,1.0
all,0.1700,cross-ppi,374,0.023624759558522612,1.0
all,0.1700,cross-ppi,375,0.024271374560499437,1.0
all,0.1700,cross-ppi,376,0.024250429919789013,1.0
all,0.1700,cross-ppi,377,0.02443200532976539,1.0
all,0.1700,cross-ppi,378,0.023952614421653,1.0
all,0.1700,cross-ppi,379,0.02356020768825348,1.0
all,0.1700,cross-ppi,380,0.02425038083318487,1.0
all,0.1700,cross-ppi,381,0.024135364144370675,1.0
all,0.1700,cross-ppi,382,0.02410705572277949,1.0
all,0.1700,cross-ppi,383,0.024663326460171664,1.0
all,0.1700,cross-ppi,384,0.024466893534687895,1.0
all,0.1700,cross-ppi,385,0.024014650435802448,1.0
all,0.1700,cross-ppi,386,0.024511673763466746,1.0
all,0.1700,cross-ppi,387,0.023753165272650145,1.0
all,0.1700,cross-ppi,388,0.02421468305896804,1.0
all,0.1700,cross-ppi,389,0.024588790931124427,1.0
all,0.1700,cross-ppi,390,0.024307272720064388,1.0
all,0.1700,cross-ppi,391,0.023883451515988696,1.0
all,0.1700,cross-ppi,392,0.024686338944306163,1.0
all,0.1700,cross-ppi,393,0.024362098036845664,1.0
all,0.1700,cross-ppi,394,0.02419468775888378,1.0
all,0.1700,cross-ppi,395,0.02430931377744372,1.0
all,0.1700,cross-ppi,396,0.023851790142634527,1.0
all,0.1700,cross-ppi,397,0.024261801533256383,1.0
all,0.1700,cross-ppi,398,0.024533759843744285,0.0
all,0.1700,cross-ppi,399,0.02413410999895227,1.0
all,0.1700,cross-ppi,400,0.023992555743413857,1.0
all,0.1700,cross-ppi,401,0.024006415680563165,1.0
all,0.1700,cross-ppi,402,0.024422110112017448,1.0
all,0.1700,cross-ppi,403,0.024581688443799626,1.0
all,0.1700,cross-ppi,404,0.024107090622216387,1.0
all,0.1700,cross-ppi,405,0.02481521080211635,1.0
all,0.1700,cross-ppi,406,0.024183599841990366,1.0
all,0.1700,cross-ppi,407,0.023979979559055037,1.0
all,0.1700,cross-ppi,408,0.025299588909202808,1.0
all,0.1700,cross-ppi,409,0.02370708051903847,1.0
all,0.1700,cross-ppi,410,0.024759773525837803,1.0
all,0.1700,cross-ppi,411,0.02356386745756356,1.0
all,0.1700,cross-ppi,412,0.024026034096647497,1.0
all,0.1700,cross-ppi,413,0.024472580295637036,1.0
all,0.1700,cross-ppi,414,0.024519172104933484,1.0
all,0.1700,cross-ppi,415,0.02466309882091669,1.0
all,0.1700,cross-ppi,416,0.02444912162905921,1.0
all,0.1700,cross-ppi,417,0.02452786449658176,1.0
all,0.1700,cross-ppi,418,0.024588037213694958,1.0
all,0.1700,cross-ppi,419,0.023687253792828183,1.0
all,0.1700,cross-ppi,420,0.024081695310628537,1.0
all,0.1700,cross-ppi,421,0.024538891956970788,1.0
all,0.1700,cross-ppi,422,0.023765011534333635,1.0
all,0.1700,cross-ppi,423,0.024077582504365647,1.0
all,0.1700,cross-ppi,424,0.02431012449299441,1.0
all,0.1700,cross-ppi,425,0.023739084040732217,1.0
all,0.1700,cross-ppi,426,0.024194939328673892,1.0
all,0.1700,cross-ppi,427,0.02458865231026716,1.0
all,0.1700,cross-ppi,428,0.023842819081501987,1.0
all,0.1700,cross-ppi,429,0.023977488667169394,1.0
all,0.1700,cross-ppi,430,0.024175968585638613,1.0
all,0.1700,cross-ppi,431,0.024144802014483213,1.0
all,0.1700,cross-ppi,432,0.02498710109684177,1.0
all,0.1700,cross-ppi,433,0.024760308346055027,1.0
all,0.1700,cross-ppi,434,0.02414148884393741,1.0
all,0.1700,cross-ppi,435,0.02453278452552321,1.0
all,0.1700,cross-ppi,436,0.024454346130521665,1.0
all,0.1700,cross-ppi,437,0.02478763065480416,1.0
all,0.1700,cross-ppi,438,0.02446414487391735,1.0
all,0.1700,cross-ppi,439,0.024476477345982683,1.0
all,0.1700,cross-ppi,440,0.024052251349425013,1.0
all,0.1700,cross-ppi,441,0.023998747305140733,1.0
all,0.1700,cross-ppi,442,0.024035820455792778,1.0
all,0.1700,cross-ppi,443,0.02454664034794518,1.0
all,0.1700,cross-ppi,444,0.024535517913343075,1.0
all,0.1700,cross-ppi,445,0.02445713949922343,1.0
all,0.1700,cross-ppi,446,0.024353119777771104,1.0
all,0.1700,cross-ppi,447,0.024881154149173662,1.0
all,0.1700,cross-ppi,448,0.024358793777164073,1.0
all,0.1700,cross-ppi,449,0.02457841570499783,1.0
all,0.1700,cross-ppi,450,0.02475787224531925,1.0
all,0.1700,cross-ppi,451,0.024093822341439974,1.0
all,0.1700,cross-ppi,452,0.0247467939166629,1.0
all,0.1700,cross-ppi,453,0.024309751595308432,1.0
all,0.1700,cross-ppi,454,0.0243609870552908,1.0
all,0.1700,cross-ppi,455,0.024489110658481555,1.0
all,0.1700,cross-ppi,456,0.024144985876672242,1.0
all,0.1700,cross-ppi,457,0.024485546226905575,1.0
all,0.1700,cross-ppi,458,0.02384480371345346,1.0
all,0.1700,cross-ppi,459,0.023474277640942537,0.0
all,0.1700,cross-ppi,460,0.023947156573474043,1.0
all,0.1700,cross-ppi,461,0.02388038114460453,1.0
all,0.1700,cross-ppi,462,0.024247023584975574,1.0
all,0.1700,cross-ppi,463,0.024374308914764303,1.0
all,0.1700,cross-ppi,464,0.023303610302509048,0.0
all,0.1700,cross-ppi,465,0.023781533238500296,1.0
all,0.1700,cross-ppi,466,0.024636384192401634,1.0
all,0.1700,cross-ppi,467,0.024317899441504948,1.0
all,0.1700,cross-ppi,468,0.024095118706921825,1.0
all,0.1700,cross-ppi,469,0.023886436447527,1.0
all,0.1700,cross-ppi,470,0.023704384826153918,1.0
all,0.1700,cross-ppi,471,0.02442289286633681,1.0
all,0.1700,cross-ppi,472,0.024191039833691558,1.0
all,0.1700,cross-ppi,473,0.0246137044478989,1.0
all,0.1700,cross-ppi,474,0.023863354834966932,1.0
all,0.1700,cross-ppi,475,0.024289281774413113,1.0
all,0.1700,cross-ppi,476,0.02452275688924374,1.0
all,0.1700,cross-ppi,477,0.02408073681973566,1.0
all,0.1700,cross-ppi,478,0.024306476908128483,1.0
all,0.1700,cross-ppi,479,0.02387025662843692,1.0
all,0.1700,cross-ppi,480,0.024149289686465014,1.0
all,0.1700,cross-ppi,481,0.02505072605649805,1.0
all,0.1700,cross-ppi,482,0.024389531274380927,1.0
all,0.1700,cross-ppi,483,0.023866564370201626,1.0
all,0.1700,cross-ppi,484,0.02380168727501089,1.0
all,0.1700,cross-ppi,485,0.024138756721952537,1.0
all,0.1700,cross-ppi,486,0.024262047076733267,1.0
all,0.1700,cross-ppi,487,0.024641263432693128,1.0
all,0.1700,cross-ppi,488,0.023877559599373877,1.0
all,0.1700,cross-ppi,489,0.024204287882312797,1.0
all,0.1700,cross-ppi,490,0.024633574441187744,1.0
all,0.1700,cross-ppi,491,0.023765455415565157,1.0
all,0.1700,cross-ppi,492,0.024816979993783295,1.0
all,0.1700,cross-ppi,493,0.024703289068921386,1.0
all,0.1700,cross-ppi,494,0.024507024494063473,1.0
all,0.1700,cross-ppi,495,0.02533960224100329,1.0
all,0.1700,cross-ppi,496,0.023523088864433217,1.0
all,0.1700,cross-ppi,497,0.024034627606998593,1.0
all,0.1700,cross-ppi,498,0.024693536480272588,1.0
all,0.1700,cross-ppi,499,0.024206991041379133,1.0
all,0.1700,cross-ppi,500,0.024448521146623547,1.0
all,0.1700,cross-ppi,501,0.024492478846242616,1.0
all,0.1700,cross-ppi,502,0.0251240114987058,1.0
all,0.1700,cross-ppi,503,0.024756989720395084,1.0
all,0.1700,cross-ppi,504,0.024315476882787235,1.0
all,0.1700,cross-ppi,505,0.024112551538488264,1.0
all,0.1700,cross-ppi,506,0.02404441114276623,1.0
all,0.1700,cross-ppi,507,0.024149871321297117,1.0
all,0.1700,cross-ppi,508,0.023679992500722835,1.0
all,0.1700,cross-ppi,509,0.0247500172736832,1.0
all,0.1700,cross-ppi,510,0.0239727243188137,1.0
all,0.1700,cross-ppi,511,0.02426350049466719,1.0
all,0.1700,cross-ppi,512,0.023709529250125233,1.0
all,0.1700,cross-ppi,513,0.02404544420148666,1.0
all,0.1700,cross-ppi,514,0.023786396421446393,1.0
all,0.1700,cross-ppi,515,0.024059263840286255,1.0
all,0.1700,cross-ppi,516,0.023869206558099765,1.0
all,0.1700,cross-ppi,517,0.024544470144431285,1.0
all,0.1700,cross-ppi,518,0.023868615407489857,1.0
all,0.1700,cross-ppi,519,0.023900728784672726,1.0
all,0.1700,cross-ppi,520,0.023680586814353366,1.0
all,0.1700,cross-ppi,521,0.02405236764255847,1.0
all,0.1700,cross-ppi,522,0.024452799657835533,1.0
all,0.1700,cross-ppi,523,0.02412017543908207,1.0
all,0.1700,cross-ppi,524,0.02387464772771572,1.0
all,0.1700,cross-ppi,525,0.024580348981993017,1.0
all,0.1700,cross-ppi,526,0.024697530578162513,1.0
all,0.1700,cross-ppi,527,0.024546412908868942,1.0
all,0.1700,cross-ppi,528,0.025066139632595186,1.0
all,0.1700,cross-ppi,529,0.024120407820800938,1.0
all,0.1700,cross-ppi,530,0.02427792681448282,1.0
all,0.1700,cross-ppi,531,0.024588046223494614,1.0
all,0.1700,cross-ppi,532,0.02427430341672976,1.0
all,0.1700,cross-ppi,533,0.023840673080378627,1.0
all,0.1700,cross-ppi,534,0.024669256631071196,1.0
all,0.1700,cross-ppi,535,0.02429222109205298,1.0
all,0.1700,cross-ppi,536,0.02485519871455713,1.0
all,0.1700,cross-ppi,537,0.02370173306670942,0.0
all,0.1700,cross-ppi,538,0.02397875023722787,1.0
all,0.1700,cross-ppi,539,0.023698198789157437,1.0
all,0.1700,cross-ppi,540,0.024749414966347943,1.0
all,0.1700,cross-ppi,541,0.023953354886390943,1.0
all,0.1700,cross-ppi,542,0.024562614493142454,1.0
all,0.1700,cross-ppi,543,0.024051770209897766,1.0
all,0.1700,cross-ppi,544,0.024619224413489987,1.0
all,0.1700,cross-ppi,545,0.02409298032070928,1.0
all,0.1700,cross-ppi,546,0.02404895996543588,1.0
all,0.1700,cross-ppi,547,0.024237162484106345,1.0
all,0.1700,cross-ppi,548,0.023733586970695913,1.0
all,0.1700,cross-ppi,549,0.024647668023366376,1.0
all,0.1700,cross-ppi,550,0.024351002711087505,1.0
all,0.1700,cross-ppi,551,0.023959960158429716,1.0
all,0.1700,cross-ppi,552,0.02417421713876214,1.0
all,0.1700,cross-ppi,553,0.024878346265282403,1.0
all,0.1700,cross-ppi,554,0.024033462686951917,1.0
all,0.1700,cross-ppi,555,0.024106676192651194,1.0
all,0.1700,cross-ppi,556,0.023854496560668847,1.0
all,0.1700,cross-ppi,557,0.02472685016415002,1.0
all,0.1700,cross-ppi,558,0.02411739257879597,1.0
all,0.1700,cross-ppi,559,0.02446887976135148,1.0
all,0.1700,cross-ppi,560,0.02463861713734461,1.0
all,0.1700,cross-ppi,561,0.02410725727378596,1.0
all,0.1700,cross-ppi,562,0.023912732845190104,1.0
all,0.1700,cross-ppi,563,0.02482212175671561,0.0
all,0.1700,cross-ppi,564,0.024859965620428803,1.0
all,0.1700,cross-ppi,565,0.023946160063225225,1.0
all,0.1700,cross-ppi,566,0.024174209928938484,1.0
all,0.1700,cross-ppi,567,0.024019754415161576,1.0
all,0.1700,cross-ppi,568,0.024845772735990312,1.0
all,0.1700,cross-ppi,569,0.024509217185278875,1.0
all,0.1700,cross-ppi,570,0.024546252541279068,1.0
all,0.1700,cross-ppi,571,0.024640059402398773,1.0
all,0.1700,cross-ppi,572,0.024563338896697484,1.0
all,0.1700,cross-ppi,573,0.024431680768970176,1.0
all,0.1700,cross-ppi,574,0.024574231270668934,1.0
all,0.1700,cross-ppi,575,0.024360289742318297,1.0
all,0.1700,cross-ppi,576,0.0232930432913816,1.0
all,0.1700,cross-ppi,577,0.024514148071750536,1.0
all,0.1700,cross-ppi,578,0.024735170285518082,1.0
all,0.1700,cross-ppi,579,0.02372313071183632,1.0
all,0.1700,cross-ppi,580,0.02476635069660249,1.0
all,0.1700,cross-ppi,581,0.023740269443532136,1.0
all,0.1700,cross-ppi,582,0.024206965968412347,1.0
all,0.1700,cross-ppi,583,0.023781669276401712,1.0
all,0.1700,cross-ppi,584,0.02471167129735452,1.0
all,0.1700,cross-ppi,585,0.024822877138771404,1.0
all,0.1700,cross-ppi,586,0.02415056147502148,1.0
all,0.1700,cross-ppi,587,0.0240329355476675,1.0
all,0.1700,cross-ppi,588,0.02420186600075147,1.0
all,0.1700,cross-ppi,589,0.02358073874949615,1.0
all,0.1700,cross-ppi,590,0.023978751475710686,1.0
all,0.1700,cross-ppi,591,0.02460839147163385,1.0
all,0.1700,cross-ppi,592,0.02401628024529137,1.0
all,0.1700,cross-ppi,593,0.02410074163185691,1.0
all,0.1700,cross-ppi,594,0.023646738460914696,1.0
all,0.1700,cross-ppi,595,0.023770340496737652,1.0
all,0.1700,cross-ppi,596,0.02495679989979238,1.0
all,0.1700,cross-ppi,597,0.02495769973916931,1.0
all,0.1700,cross-ppi,598,0.02425800314498583,1.0
all,0.1700,cross-ppi,599,0.024411150365841267,1.0
all,0.1700,cross-ppi,600,0.023688147569667,1.0
all,0.1700,cross-ppi,601,0.02504956300302108,1.0
all,0.1700,cross-ppi,602,0.024377937575124187,1.0
all,0.1700,cross-ppi,603,0.023916053211274213,1.0
all,0.1700,cross-ppi,604,0.024369945027808787,1.0
all,0.1700,cross-ppi,605,0.024666057425022897,1.0
all,0.1700,cross-ppi,606,0.024030170359170072,1.0
all,0.1700,cross-ppi,607,0.024496601102535848,1.0
all,0.1700,cross-ppi,608,0.024108598128106368,1.0
all,0.1700,cross-ppi,609,0.02394612731662915,1.0
all,0.1700,cross-ppi,610,0.024631870000285105,1.0
all,0.1700,cross-ppi,611,0.024506834677871875,1.0
all,0.1700,cross-ppi,612,0.02448980010422827,1.0
all,0.1700,cross-ppi,613,0.02453046110431667,1.0
all,0.1700,cross-ppi,614,0.02439430527538622,1.0
all,0.1700,cross-ppi,615,0.024065953680174057,1.0
all,0.1700,cross-ppi,616,0.025045411135114798,1.0
all,0.1700,cross-ppi,617,0.02434551490079495,1.0
all,0.1700,cross-ppi,618,0.024515194367533466,1.0
all,0.1700,cross-ppi,619,0.024099502228566133,1.0
all,0.1700,cross-ppi,620,0.02431042006134676,1.0
all,0.1700,cross-ppi,621,0.024010432820168487,1.0
all,0.1700,cross-ppi,622,0.02424147651596431,1.0
all,0.1700,cross-ppi,623,0.024011144828374853,1.0
all,0.1700,cross-ppi,624,0.0249440696376918,1.0
all,0.1700,cross-ppi,625,0.024021867495918586,1.0
all,0.1700,cross-ppi,626,0.024217479857940732,1.0
all,0.1700,cross-ppi,627,0.023769805438450198,1.0
all,0.1700,cross-ppi,628,0.02451936952451375,1.0
all,0.1700,cross-ppi,629,0.02391735346987589,1.0
all,0.1700,cross-ppi,630,0.02383981919860856,1.0
all,0.1700,cross-ppi,631,0.024446902728195163,1.0
all,0.1700,cross-ppi,632,0.023974963417573797,1.0
all,0.1700,cross-ppi,633,0.02477294866459423,1.0
all,0.1700,cross-ppi,634,0.02374576649522464,1.0
all,0.1700,cross-ppi,635,0.02430606175159955,1.0
all,0.1700,cross-ppi,636,0.023801779664413908,1.0
all,0.1700,cross-ppi,637,0.02399667967046948,1.0
all,0.1700,cross-ppi,638,0.024405931617412224,1.0
all,0.1700,cross-ppi,639,0.02473034406885677,1.0
all,0.1700,cross-ppi,640,0.024076172460665707,0.0
all,0.1700,cross-ppi,641,0.023955570802783988,1.0
all,0.1700,cross-ppi,642,0.02471408585942836,1.0
all,0.1700,cross-ppi,643,0.02433345612191193,1.0
all,0.1700,cross-ppi,644,0.023995091739528157,1.0
all,0.1700,cross-ppi,645,0.02383196127639517,1.0
all,0.1700,cross-ppi,646,0.024415972890078824,1.0
all,0.1700,cross-ppi,647,0.024308839343135324,1.0
all,0.1700,cross-ppi,648,0.024645781364994512,1.0
all,0.1700,cross-ppi,649,0.024523415799462267,1.0
all,0.1700,cross-ppi,650,0.02435355367269884,1.0
all,0.1700,cross-ppi,651,0.024827044285151145,1.0
all,0.1700,cross-ppi,652,0.024532031999257797,1.0
all,0.1700,cross-ppi,653,0.024451676243766873,1.0
all,0.1700,cross-ppi,654,0.024292125315484525,1.0
all,0.1700,cross-ppi,655,0.024792483945178856,1.0
all,0.1700,cross-ppi,656,0.0245707325137762,1.0
all,0.1700,cross-ppi,657,0.023980687708691134,1.0
all,0.1700,cross-ppi,658,0.02457699522015422,1.0
all,0.1700,cross-ppi,659,0.02451290070540746,1.0
all,0.1700,cross-ppi,660,0.02380372644102388,1.0
all,0.1700,cross-ppi,661,0.023944531668717683,1.0
all,0.1700,cross-ppi,662,0.023867850376243838,1.0
all,0.1700,cross-ppi,663,0.02433454407201699,1.0
all,0.1700,cross-ppi,664,0.023935027642634554,1.0
all,0.1700,cross-ppi,665,0.02423444504949379,1.0
all,0.1800,cross-ppi,333,0.02408093719979676,1.0
all,0.1800,cross-ppi,334,0.02366360627593747,1.0
all,0.1800,cross-ppi,335,0.024116665721630293,1.0
all,0.1800,cross-ppi,336,0.02396985351678238,1.0
all,0.1800,cross-ppi,337,0.02409560722028159,1.0
all,0.1800,cross-ppi,338,0.023951926428690373,1.0
all,0.1800,cross-ppi,339,0.023883711887197373,1.0
all,0.1800,cross-ppi,340,0.023442364659329223,1.0
all,0.1800,cross-ppi,341,0.023471623259290975,1.0
all,0.1800,cross-ppi,342,0.02351561739348032,1.0
all,0.1800,cross-ppi,343,0.024032266253774304,1.0
all,0.1800,cross-ppi,344,0.023983999683369395,1.0
all,0.1800,cross-ppi,345,0.023927157587818937,1.0
all,0.1800,cross-ppi,346,0.023934038605072594,1.0
all,0.1800,cross-ppi,347,0.02444446476994311,1.0
all,0.1800,cross-ppi,348,0.023766520071708985,1.0
all,0.1800,cross-ppi,349,0.024123331532943965,1.0
all,0.1800,cross-ppi,350,0.024108103195363384,1.0
all,0.1800,cross-ppi,351,0.02365054329560809,1.0
all,0.1800,cross-ppi,352,0.024165067262614026,1.0
all,0.1800,cross-ppi,353,0.02396188202499938,1.0
all,0.1800,cross-ppi,354,0.02367313248783312,1.0
all,0.1800,cross-ppi,355,0.02396064220082464,1.0
all,0.1800,cross-ppi,356,0.023746792332701272,1.0
all,0.1800,cross-ppi,357,0.02401849831851799,1.0
all,0.1800,cross-ppi,358,0.023321669728990857,1.0
all,0.1800,cross-ppi,359,0.02305845339166679,0.0
all,0.1800,cross-ppi,360,0.02342105115551732,1.0
all,0.1800,cross-ppi,361,0.023401264659055482,1.0
all,0.1800,cross-ppi,362,0.0236378146204608,1.0
all,0.1800,cross-ppi,363,0.024097835487495334,1.0
all,0.1800,cross-ppi,364,0.022923000188640907,0.0
all,0.1800,cross-ppi,365,0.023250534247875265,1.0
all,0.1800,cross-ppi,366,0.024195833765028985,1.0
all,0.1800,cross-ppi,367,0.023808139403792755,1.0
all,0.1800,cross-ppi,368,0.023518922776936707,1.0
all,0.1800,cross-ppi,369,0.023478448766369953,1.0
all,0.1800,cross-ppi,370,0.02340737202182208,1.0
all,0.1800,cross-ppi,371,0.024037794246268174,1.0
all,0.1800,cross-ppi,372,0.023624034196490284,1.0
all,0.1800,cross-ppi,373,0.02412920641435512,1.0
all,0.1800,cross-ppi,374,0.02337863371308757,1.0
all,0.1800,cross-ppi,375,0.02365216944207002,1.0
all,0.1800,cross-ppi,376,0.023963926393588575,1.0
all,0.1800,cross-ppi,377,0.023586961643000004,1.0
all,0.1800,cross-ppi,378,0.02393149889311219,1.0
all,0.1800,cross-ppi,379,0.023409591159521237,1.0
all,0.1800,cross-ppi,380,0.023599949794125163,1.0
all,0.1800,cross-ppi,381,0.024322831432717962,1.0
all,0.1800,cross-ppi,382,0.023979076645481934,1.0
all,0.1800,cross-ppi,383,0.023460528609000164,1.0
all,0.1800,cross-ppi,384,0.023237574476689504,1.0
all,0.1800,cross-ppi,385,0.023676661052612458,1.0
all,0.1800,cross-ppi,386,0.02364007430763826,1.0
all,0.1800,cross-ppi,387,0.024035458265374787,1.0
all,0.1800,cross-ppi,388,0.023273999150593472,1.0
all,0.1800,cross-ppi,389,0.0237020960884885,1.0
all,0.1800,cross-ppi,390,0.02412437362337483,1.0
all,0.1800,cross-ppi,391,0.023271399601469733,1.0
all,0.1800,cross-ppi,392,0.024252957184455082,1.0
all,0.1800,cross-ppi,393,0.02426292982232181,1.0
all,0.1800,cross-ppi,394,0.02395906003113324,1.0
all,0.1800,cross-ppi,395,0.024718727293751908,1.0
all,0.1800,cross-ppi,396,0.02300131203621314,1.0
all,0.1800,cross-ppi,397,0.023519741893887502,1.0
all,0.1800,cross-ppi,398,0.024033150218714133,1.0
all,0.1800,cross-ppi,399,0.023641878977691988,1.0
all,0.1800,cross-ppi,400,0.023887706475666293,1.0
all,0.1800,cross-ppi,401,0.0239878126733698,1.0
all,0.1800,cross-ppi,402,0.024523750419032986,1.0
all,0.1800,cross-ppi,403,0.02414304292917102,1.0
all,0.1800,cross-ppi,404,0.023752860968059758,1.0
all,0.1800,cross-ppi,405,0.02373584338641277,1.0
all,0.1800,cross-ppi,406,0.02362481850041065,1.0
all,0.1800,cross-ppi,407,0.023700207340446117,1.0
all,0.1800,cross-ppi,408,0.02319563234882216,1.0
all,0.1800,cross-ppi,409,0.02434436597291212,1.0
all,0.1800,cross-ppi,410,0.02330511403969318,1.0
all,0.1800,cross-ppi,411,0.02380139906169143,1.0
all,0.1800,cross-ppi,412,0.02315204342097274,1.0
all,0.1800,cross-ppi,413,0.02348101972371805,1.0
all,0.1800,cross-ppi,414,0.02327035228803709,1.0
all,0.1800,cross-ppi,415,0.023633740352813404,1.0
all,0.1800,cross-ppi,416,0.023430772868909183,1.0
all,0.1800,cross-ppi,417,0.02397965823401449,1.0
all,0.1800,cross-ppi,418,0.023367719503388673,1.0
all,0.1800,cross-ppi,419,0.02349335398003094,1.0
all,0.1800,cross-ppi,420,0.02330718599833248,1.0
all,0.1800,cross-ppi,421,0.023615841019622524,1.0
all,0.1800,cross-ppi,422,0.024003162794262206,1.0
all,0.1800,cross-ppi,423,0.023780929499543885,1.0
all,0.1800,cross-ppi,424,0.023376048852248227,1.0
all,0.1800,cross-ppi,425,0.024016058321625677,1.0
all,0.1800,cross-ppi,426,0.024338676069682624,1.0
all,0.1800,cross-ppi,427,0.024019191066144252,1.0
all,0.1800,cross-ppi,428,0.02447993005908966,1.0
all,0.1800,cross-ppi,429,0.0236758184409972,1.0
all,0.1800,cross-ppi,430,0.023748191203513236,1.0
all,0.1800,cross-ppi,431,0.02389038565711807,1.0
all,0.1800,cross-ppi,432,0.023704905108642982,1.0
all,0.1800,cross-ppi,433,0.023378436227074362,1.0
all,0.1800,cross-ppi,434,0.023958741947202156,1.0
all,0.1800,cross-ppi,435,0.023644162749903996,1.0
all,0.1800,cross-ppi,436,0.02426869676711349,1.0
all,0.1800,cross-ppi,437,0.02329861591243454,1.0
all,0.1800,cross-ppi,438,0.023568840280624115,1.0
all,0.1800,cross-ppi,439,0.023053938561846926,1.0
all,0.1800,cross-ppi,440,0.024254496765436534,1.0
all,0.1800,cross-ppi,441,0.02346073953536354,1.0
all,0.1800,cross-ppi,442,0.02397032623445816,1.0
all,0.1800,cross-ppi,443,0.023575407780876412,1.0
all,0.1800,cross-ppi,444,0.024051821276600632,1.0
all,0.1800,cross-ppi,445,0.023725654678138697,1.0
all,0.1800,cross-ppi,446,0.023555827480017943,1.0
all,0.1800,cross-ppi,447,0.02376065365171265,1.0
all,0.1800,cross-ppi,448,0.023490773510719598,1.0
all,0.1800,cross-ppi,449,0.024141471861653274,1.0
all,0.1800,cross-ppi,450,0.023690189061185918,1.0
all,0.1800,cross-ppi,451,0.023317124692848662,1.0
all,0.1800,cross-ppi,452,0.02354117540261813,1.0
all,0.1800,cross-ppi,453,0.024422548356613394,1.0
all,0.1800,cross-ppi,454,0.02365643308471721,1.0
all,0.1800,cross-ppi,455,0.023605858306499944,1.0
all,0.1800,cross-ppi,456,0.023403383738318073,1.0
all,0.1800,cross-ppi,457,0.024185530432516256,1.0
all,0.1800,cross-ppi,458,0.023715635080378744,1.0
all,0.1800,cross-ppi,459,0.02399537788291184,1.0
all,0.1800,cross-ppi,460,0.024247985750693535,1.0
all,0.1800,cross-ppi,461,0.023479670750500475,1.0
all,0.1800,cross-ppi,462,0.02335423841422249,1.0
all,0.1800,cross-ppi,463,0.024331111702977304,0.0
all,0.1800,cross-ppi,464,0.024273210409708867,1.0
all,0.1800,cross-ppi,465,0.023433186944672113,1.0
all,0.1800,cross-ppi,466,0.023614637565930963,1.0
all,0.1800,cross-ppi,467,0.023432143728589705,1.0
all,0.1800,cross-ppi,468,0.024163931783242498,1.0
all,0.1800,cross-ppi,469,0.023933275325960013,1.0
all,0.1800,cross-ppi,470,0.023894616969622917,1.0
all,0.1800,cross-ppi,471,0.02413182392517474,1.0
all,0.1800,cross-ppi,472,0.024149728682443472,1.0
all,0.1800,cross-ppi,473,0.023791494527827778,1.0
all,0.1800,cross-ppi,474,0.02404894154702017,1.0
all,0.1800,cross-ppi,475,0.02378569151099741,1.0
all,0.1800,cross-ppi,476,0.022818048061377882,1.0
all,0.1800,cross-ppi,477,0.023964475084043535,1.0
all,0.1800,cross-ppi,478,0.024206059975668076,1.0
all,0.1800,cross-ppi,479,0.02326134381408429,1.0
all,0.1800,cross-ppi,480,0.024286983536329854,1.0
all,0.1800,cross-ppi,481,0.023299592693565213,1.0
all,0.1800,cross-ppi,482,0.023792321117614895,1.0
all,0.1800,cross-ppi,483,0.02349372490576998,1.0
all,0.1800,cross-ppi,484,0.02416366425108618,1.0
all,0.1800,cross-ppi,485,0.02428096886763509,1.0
all,0.1800,cross-ppi,486,0.023782945305374642,1.0
all,0.1800,cross-ppi,487,0.023482463053691394,1.0
all,0.1800,cross-ppi,488,0.02356436900933978,1.0
all,0.1800,cross-ppi,489,0.023238995935570772,1.0
all,0.1800,cross-ppi,490,0.0235883023113328,1.0
all,0.1800,cross-ppi,491,0.024038687474807863,1.0
all,0.1800,cross-ppi,492,0.023590948666848743,1.0
all,0.1800,cross-ppi,493,0.023643183481241503,1.0
all,0.1800,cross-ppi,494,0.023160276278526376,1.0
all,0.1800,cross-ppi,495,0.02330761272503501,1.0
all,0.1800,cross-ppi,496,0.02439289642065401,1.0
all,0.1800,cross-ppi,497,0.024295076645857727,1.0
all,0.1800,cross-ppi,498,0.023571993013482978,1.0
all,0.1800,cross-ppi,499,0.02381553954634752,1.0
all,0.1800,cross-ppi,500,0.02312969674540044,1.0
all,0.1800,cross-ppi,501,0.024430213533410766,1.0
all,0.1800,cross-ppi,502,0.02384161697102538,1.0
all,0.1800,cross-ppi,503,0.023419340052568655,1.0
all,0.1800,cross-ppi,504,0.02395358399706468,1.0
all,0.1800,cross-ppi,505,0.024006230138683082,1.0
all,0.1800,cross-ppi,506,0.023464991256255674,1.0
all,0.1800,cross-ppi,507,0.02388457008351852,1.0
all,0.1800,cross-ppi,508,0.023574317171318998,1.0
all,0.1800,cross-ppi,509,0.023430407476797588,1.0
all,0.1800,cross-ppi,510,0.024084263049497068,1.0
all,0.1800,cross-ppi,511,0.023881999919882824,1.0
all,0.1800,cross-ppi,512,0.023729871139037267,1.0
all,0.1800,cross-ppi,513,0.02397789165699571,1.0
all,0.1800,cross-ppi,514,0.02389473457812752,1.0
all,0.1800,cross-ppi,515,0.023485137401912826,1.0
all,0.1800,cross-ppi,516,0.02441678059929389,1.0
all,0.1800,cross-ppi,517,0.02386472140706042,1.0
all,0.1800,cross-ppi,518,0.024194417846216787,1.0
all,0.1800,cross-ppi,519,0.023586414129202232,1.0
all,0.1800,cross-ppi,520,0.023826448969654662,1.0
all,0.1800,cross-ppi,521,0.02374921504381855,1.0
all,0.1800,cross-ppi,522,0.023896834601026734,1.0
all,0.1800,cross-ppi,523,0.02353130373229717,1.0
all,0.1800,cross-ppi,524,0.024388762238313988,1.0
all,0.1800,cross-ppi,525,0.023498427670585742,1.0
all,0.1800,cross-ppi,526,0.023688162470950763,1.0
all,0.1800,cross-ppi,527,0.023306179172100983,1.0
all,0.1800,cross-ppi,528,0.02397143231614296,1.0
all,0.1800,cross-ppi,529,0.023563604183850173,1.0
all,0.1800,cross-ppi,530,0.023701863299473658,1.0
all,0.1800,cross-ppi,531,0.023963938474971358,1.0
all,0.1800,cross-ppi,532,0.02336302624910888,1.0
all,0.1800,cross-ppi,533,0.024300399335839495,1.0
all,0.1800,cross-ppi,534,0.023193956388109283,1.0
all,0.1800,cross-ppi,535,0.023859834089929616,1.0
all,0.1800,cross-ppi,536,0.023351438440259997,1.0
all,0.1800,cross-ppi,537,0.023485609275256752,1.0
all,0.1800,cross-ppi,538,0.023889505315806248,1.0
all,0.1800,cross-ppi,539,0.024167505635668524,1.0
all,0.1800,cross-ppi,540,0.02352608573465423,0.0
all,0.1800,cross-ppi,541,0.023484924418152087,1.0
all,0.1800,cross-ppi,542,0.024144164452539973,1.0
all,0.1800,cross-ppi,543,0.02391648690954698,1.0
all,0.1800,cross-ppi,544,0.02346576998140179,1.0
all,0.1800,cross-ppi,545,0.02342748224635735,1.0
all,0.1800,cross-ppi,546,0.02382356898216731,1.0
all,0.1800,cross-ppi,547,0.0239413263758812,1.0
all,0.1800,cross-ppi,548,0.024038444937248937,1.0
all,0.1800,cross-ppi,549,0.02412148100675926,0.0
all,0.1800,cross-ppi,550,0.023818893124669643,1.0
all,0.1800,cross-ppi,551,0.02419301713643071,1.0
all,0.1800,cross-ppi,552,0.023897751950379686,1.0
all,0.1800,cross-ppi,553,0.023891628296758505,1.0
all,0.1800,cross-ppi,554,0.023762222516344217,1.0
all,0.1800,cross-ppi,555,0.024226754746201618,1.0
all,0.1800,cross-ppi,556,0.024037239996346244,1.0
all,0.1800,cross-ppi,557,0.023494112850736465,1.0
all,0.1800,cross-ppi,558,0.024021645788965457,1.0
all,0.1800,cross-ppi,559,0.023821332658057998,1.0
all,0.1800,cross-ppi,560,0.023326501228764784,1.0
all,0.1800,cross-ppi,561,0.023550999682364737,1.0
all,0.1800,cross-ppi,562,0.02337537773990994,1.0
all,0.1800,cross-ppi,563,0.023738041511422003,1.0
all,0.1800,cross-ppi,564,0.023423450662643064,1.0
all,0.1800,cross-ppi,565,0.02372957871790693,1.0
all,0.1800,cross-ppi,566,0.023327077727795076,1.0
all,0.1800,cross-ppi,567,0.023787987222415513,1.0
all,0.1800,cross-ppi,568,0.023710652352951445,1.0
all,0.1800,cross-ppi,569,0.023920060713812724,1.0
all,0.1800,cross-ppi,570,0.023740231254205407,1.0
all,0.1800,cross-ppi,571,0.023686994082692925,1.0
all,0.1800,cross-ppi,572,0.023724846574820435,1.0
all,0.1800,cross-ppi,573,0.02318572249079698,0.0
all,0.1800,cross-ppi,574,0.023672909516454316,1.0
all,0.1800,cross-ppi,575,0.02390733728583072,1.0
all,0.1800,cross-ppi,576,0.024145829763654064,1.0
all,0.1800,cross-ppi,577,0.02371559009578106,1.0
all,0.1800,cross-ppi,578,0.0234814036936348,1.0
all,0.1800,cross-ppi,579,0.02391012987943794,1.0
all,0.1800,cross-ppi,580,0.023944049768250153,1.0
all,0.1800,cross-ppi,581,0.023749665861130587,1.0
all,0.1800,cross-ppi,582,0.0232386567213263,1.0
all,0.1800,cross-ppi,583,0.023865474070798393,1.0
all,0.1800,cross-ppi,584,0.023765801617558258,1.0
all,0.1800,cross-ppi,585,0.023436349140871227,1.0
all,0.1800,cross-ppi,586,0.023934839824444554,1.0
all,0.1800,cross-ppi,587,0.024048187458844517,1.0
all,0.1800,cross-ppi,588,0.024326702068843464,1.0
all,0.1800,cross-ppi,589,0.024283488808560044,1.0
all,0.1800,cross-ppi,590,0.024225415028919617,1.0
all,0.1800,cross-ppi,591,0.024204090151160762,1.0
all,0.1800,cross-ppi,592,0.02368238087627339,1.0
all,0.1800,cross-ppi,593,0.0237406133668131,1.0
all,0.1800,cross-ppi,594,0.02404192459691079,1.0
all,0.1800,cross-ppi,595,0.023484885594789784,1.0
all,0.1800,cross-ppi,596,0.02386394930869251,1.0
all,0.1800,cross-ppi,597,0.02371233024028252,1.0
all,0.1800,cross-ppi,598,0.02338172447154585,1.0
all,0.1800,cross-ppi,599,0.024361924281022573,1.0
all,0.1800,cross-ppi,600,0.02371437527265799,1.0
all,0.1800,cross-ppi,601,0.02344416337816868,1.0
all,0.1800,cross-ppi,602,0.0235653603839181,1.0
all,0.1800,cross-ppi,603,0.023892125988657753,1.0
all,0.1800,cross-ppi,604,0.02400435507903742,1.0
all,0.1800,cross-ppi,605,0.023732078092829373,1.0
all,0.1800,cross-ppi,606,0.023803558459397745,1.0
all,0.1800,cross-ppi,607,0.024193058034800652,1.0
all,0.1800,cross-ppi,608,0.0241515763881347,1.0
all,0.1800,cross-ppi,609,0.02371288868520871,1.0
all,0.1800,cross-ppi,610,0.023969728145516483,1.0
all,0.1800,cross-ppi,611,0.023493027808802247,1.0
all,0.1800,cross-ppi,612,0.02341011448621999,1.0
all,0.1800,cross-ppi,613,0.023382171768478344,1.0
all,0.1800,cross-ppi,614,0.02411785995201965,1.0
all,0.1800,cross-ppi,615,0.023841004150524148,1.0
all,0.1800,cross-ppi,616,0.023474175459112484,1.0
all,0.1800,cross-ppi,617,0.024242316518553908,1.0
all,0.1800,cross-ppi,618,0.024279320669530757,1.0
all,0.1800,cross-ppi,619,0.02320191290073001,1.0
all,0.1800,cross-ppi,620,0.02395408994569856,1.0
all,0.1800,cross-ppi,621,0.02343755797816416,1.0
all,0.1800,cross-ppi,622,0.02406276506658478,1.0
all,0.1800,cross-ppi,623,0.023360903821388446,1.0
all,0.1800,cross-ppi,624,0.02406562392950473,1.0
all,0.1800,cross-ppi,625,0.023781005631374114,1.0
all,0.1800,cross-ppi,626,0.02311522468962704,1.0
all,0.1800,cross-ppi,627,0.024381918580373974,1.0
all,0.1800,cross-ppi,628,0.023800763741512743,1.0
all,0.1800,cross-ppi,629,0.02381663403291981,1.0
all,0.1800,cross-ppi,630,0.024069579742483582,1.0
all,0.1800,cross-ppi,631,0.023207464333367844,1.0
all,0.1800,cross-ppi,632,0.023925462410424175,1.0
all,0.1800,cross-ppi,633,0.023796440641250194,1.0
all,0.1800,cross-ppi,634,0.02429243493771871,1.0
all,0.1800,cross-ppi,635,0.023733808427613634,1.0
all,0.1800,cross-ppi,636,0.024206428901576538,1.0
all,0.1800,cross-ppi,637,0.023794345980478915,1.0
all,0.1800,cross-ppi,638,0.02372357965164673,1.0
all,0.1800,cross-ppi,639,0.023783922332717894,1.0
all,0.1800,cross-ppi,640,0.023733688457838187,1.0
all,0.1800,cross-ppi,641,0.0235008177083095,1.0
all,0.1800,cross-ppi,642,0.02386746222444125,1.0
all,0.1800,cross-ppi,643,0.024695572696586537,1.0
all,0.1800,cross-ppi,644,0.02412862853170139,1.0
all,0.1800,cross-ppi,645,0.02387603341000974,1.0
all,0.1800,cross-ppi,646,0.023333090086077285,1.0
all,0.1800,cross-ppi,647,0.023679553540404297,1.0
all,0.1800,cross-ppi,648,0.023908276574132997,1.0
all,0.1800,cross-ppi,649,0.0237945095794094,1.0
all,0.1800,cross-ppi,650,0.02442139102557639,1.0
all,0.1800,cross-ppi,651,0.02379638308177559,1.0
all,0.1800,cross-ppi,652,0.023764013056129185,1.0
all,0.1800,cross-ppi,653,0.02386813280245434,1.0
all,0.1800,cross-ppi,654,0.024234438434220684,1.0
all,0.1800,cross-ppi,655,0.023400236183355877,1.0
all,0.1800,cross-ppi,656,0.023869598890195465,1.0
all,0.1800,cross-ppi,657,0.02389618658027992,1.0
all,0.1800,cross-ppi,658,0.02425817842798139,1.0
all,0.1800,cross-ppi,659,0.023650419260990013,1.0
all,0.1800,cross-ppi,660,0.02394902799353804,1.0
all,0.1800,cross-ppi,661,0.02411626518898824,1.0
all,0.1800,cross-ppi,662,0.02377923432850418,1.0
all,0.1800,cross-ppi,663,0.02422564776792069,1.0
all,0.1800,cross-ppi,664,0.024112868648707236,1.0
all,0.1800,cross-ppi,665,0.02321884204486893,1.0
all,0.1900,cross-ppi,333,0.022965937638252387,1.0
all,0.1900,cross-ppi,334,0.023453947915339918,1.0
all,0.1900,cross-ppi,335,0.023185010455277322,1.0
all,0.1900,cross-ppi,336,0.023763920226617885,1.0
all,0.1900,cross-ppi,337,0.023099409530328546,1.0
all,0.1900,cross-ppi,338,0.023092105439623922,1.0
all,0.1900,cross-ppi,339,0.022625340992247778,1.0
all,0.1900,cross-ppi,340,0.023619868857905568,1.0
all,0.1900,cross-ppi,341,0.023019415821431216,1.0
all,0.1900,cross-ppi,342,0.023451554060534563,1.0
all,0.1900,cross-ppi,343,0.023327531075528762,1.0
all,0.1900,cross-ppi,344,0.023546374102485945,1.0
all,0.1900,cross-ppi,345,0.023282668688307417,1.0
all,0.1900,cross-ppi,346,0.023045758446292863,1.0
all,0.1900,cross-ppi,347,0.0233748136826466,1.0
all,0.1900,cross-ppi,348,0.023002101264619768,1.0
all,0.1900,cross-ppi,349,0.023681019455348506,1.0
all,0.1900,cross-ppi,350,0.02320775061376701,1.0
all,0.1900,cross-ppi,351,0.022860991022298438,1.0
all,0.1900,cross-ppi,352,0.023056840844770082,1.0
all,0.1900,cross-ppi,353,0.023901082955983005,1.0
all,0.1900,cross-ppi,354,0.023210241125487197,1.0
all,0.1900,cross-ppi,355,0.023063204557432743,1.0
all,0.1900,cross-ppi,356,0.023028086539571113,1.0
all,0.1900,cross-ppi,357,0.023723462212128982,1.0
all,0.1900,cross-ppi,358,0.023180184817361976,1.0
all,0.1900,cross-ppi,359,0.023476629500754465,1.0
all,0.1900,cross-ppi,360,0.023752892781965462,1.0
all,0.1900,cross-ppi,361,0.023081951090792058,1.0
all,0.1900,cross-ppi,362,0.02294200821800252,1.0
all,0.1900,cross-ppi,363,0.023901578642711474,0.0
all,0.1900,cross-ppi,364,0.023673770248412995,1.0
all,0.1900,cross-ppi,365,0.023123325634446745,1.0
all,0.1900,cross-ppi,366,0.023198098475063156,1.0
all,0.1900,cross-ppi,367,0.023007853772649883,1.0
all,0.1900,cross-ppi,368,0.023564107075432217,1.0
all,0.1900,cross-ppi,369,0.023454132934287775,1.0
all,0.1900,cross-ppi,370,0.023396636058620968,1.0
all,0.1900,cross-ppi,371,0.02355047505411434,1.0
all,0.1900,cross-ppi,372,0.023726470405197042,1.0
all,0.1900,cross-ppi,373,0.02330797062633949,1.0
all,0.1900,cross-ppi,374,0.02351941271329963,1.0
all,0.1900,cross-ppi,375,0.023239423087379696,1.0
all,0.1900,cross-ppi,376,0.022629554608551067,1.0
all,0.1900,cross-ppi,377,0.023584925613752167,1.0
all,0.1900,cross-ppi,378,0.023678365068537155,1.0
all,0.1900,cross-ppi,379,0.022830709591064258,1.0
all,0.1900,cross-ppi,380,0.02365992464043709,1.0
all,0.1900,cross-ppi,381,0.02277913869778872,1.0
all,0.1900,cross-ppi,382,0.023376910069339618,1.0
all,0.1900,cross-ppi,383,0.02302663437211172,1.0
all,0.1900,cross-ppi,384,0.023572250225629005,1.0
all,0.1900,cross-ppi,385,0.023704219886570232,1.0
all,0.1900,cross-ppi,386,0.02333657299402872,1.0
all,0.1900,cross-ppi,387,0.022930279168395407,1.0
all,0.1900,cross-ppi,388,0.023319761108784864,1.0
all,0.1900,cross-ppi,389,0.022820553718217146,1.0
all,0.1900,cross-ppi,390,0.02313391445920765,1.0
all,0.1900,cross-ppi,391,0.023533657645095823,1.0
all,0.1900,cross-ppi,392,0.02321745374580919,1.0
all,0.1900,cross-ppi,393,0.02309972025520879,1.0
all,0.1900,cross-ppi,394,0.02270975869664993,1.0
all,0.1900,cross-ppi,395,0.022838065156238874,1.0
all,0.1900,cross-ppi,396,0.023922718840571844,1.0
all,0.1900,cross-ppi,397,0.023765874604023796,1.0
all,0.1900,cross-ppi,398,0.023108923623285094,1.0
all,0.1900,cross-ppi,399,0.023522649050948252,1.0
all,0.1900,cross-ppi,400,0.02276407472957065,1.0
all,0.1900,cross-ppi,401,0.023930950178694205,1.0
all,0.1900,cross-ppi,402,0.023524228176738382,1.0
all,0.1900,cross-ppi,403,0.023057978536782903,1.0
all,0.1900,cross-ppi,404,0.023597141232848617,1.0
all,0.1900,cross-ppi,405,0.023609062485271837,1.0
all,0.1900,cross-ppi,406,0.022940299808738684,1.0
all,0.1900,cross-ppi,407,0.02349498612782755,1.0
all,0.1900,cross-ppi,408,0.023211348483480276,1.0
all,0.1900,cross-ppi,409,0.02291846742242365,1.0
all,0.1900,cross-ppi,410,0.023536160408814677,1.0
all,0.1900,cross-ppi,411,0.023440397838988297,1.0
all,0.1900,cross-ppi,412,0.023167783279768428,1.0
all,0.1900,cross-ppi,413,0.023435264004264433,1.0
all,0.1900,cross-ppi,414,0.02338964471075422,1.0
all,0.1900,cross-ppi,415,0.023194537649433133,1.0
all,0.1900,cross-ppi,416,0.023855552332946783,1.0
all,0.1900,cross-ppi,417,0.023477259450921828,1.0
all,0.1900,cross-ppi,418,0.023671949109849044,1.0
all,0.1900,cross-ppi,419,0.023010278235916726,1.0
all,0.1900,cross-ppi,420,0.02342686240690839,1.0
all,0.1900,cross-ppi,421,0.023241279057706205,1.0
all,0.1900,cross-ppi,422,0.023464877684361007,1.0
all,0.1900,cross-ppi,423,0.0229574338176326,1.0
all,0.1900,cross-ppi,424,0.023961565743317315,1.0
all,0.1900,cross-ppi,425,0.022953880115915676,1.0
all,0.1900,cross-ppi,426,0.02315527031367534,1.0
all,0.1900,cross-ppi,427,0.02296856156852678,1.0
all,0.1900,cross-ppi,428,0.02369029838072345,1.0
all,0.1900,cross-ppi,429,0.0230128225123154,1.0
all,0.1900,cross-ppi,430,0.023306492933719114,1.0
all,0.1900,cross-ppi,431,0.023438707613514825,1.0
all,0.1900,cross-ppi,432,0.022863910402432047,1.0
all,0.1900,cross-ppi,433,0.023752134253624546,1.0
all,0.1900,cross-ppi,434,0.022841872097724036,1.0
all,0.1900,cross-ppi,435,0.02335735849553411,1.0
all,0.1900,cross-ppi,436,0.022936852372085897,1.0
all,0.1900,cross-ppi,437,0.023037350589912325,1.0
all,0.1900,cross-ppi,438,0.02347224781727364,1.0
all,0.1900,cross-ppi,439,0.023761251203544415,1.0
all,0.1900,cross-ppi,440,0.022991493492343973,0.0
all,0.1900,cross-ppi,441,0.022948647012558082,1.0
all,0.1900,cross-ppi,442,0.023697495290712856,1.0
all,0.1900,cross-ppi,443,0.02347011154056658,1.0
all,0.1900,cross-ppi,444,0.023159011373971722,1.0
all,0.1900,cross-ppi,445,0.022917307414693222,1.0
all,0.1900,cross-ppi,446,0.02328378399236855,1.0
all,0.1900,cross-ppi,447,0.023687728398992247,1.0
all,0.1900,cross-ppi,448,0.023441534511170398,1.0
all,0.1900,cross-ppi,449,0.023685505558984854,1.0
all,0.1900,cross-ppi,450,0.02325963069105938,1.0
all,0.1900,cross-ppi,451,0.023695252264224503,1.0
all,0.1900,cross-ppi,452,0.023475546468284647,1.0
all,0.1900,cross-ppi,453,0.0233738814019451,1.0
all,0.1900,cross-ppi,454,0.023388363041425747,1.0
all,0.1900,cross-ppi,455,0.02379423607803388,1.0
all,0.1900,cross-ppi,456,0.023657267124412518,1.0
all,0.1900,cross-ppi,457,0.02310411054931849,1.0
all,0.1900,cross-ppi,458,0.023636476076717594,1.0
all,0.1900,cross-ppi,459,0.023508550565575964,1.0
all,0.1900,cross-ppi,460,0.0227956703911405,1.0
all,0.1900,cross-ppi,461,0.023132246768204356,1.0
all,0.1900,cross-ppi,462,0.022926755761494944,1.0
all,0.1900,cross-ppi,463,0.023311763708571437,1.0
all,0.1900,cross-ppi,464,0.022957190062033367,1.0
all,0.1900,cross-ppi,465,0.023161890299560173,1.0
all,0.1900,cross-ppi,466,0.022924145772010268,1.0
all,0.1900,cross-ppi,467,0.02313637086552134,1.0
all,0.1900,cross-ppi,468,0.02316956357294153,1.0
all,0.1900,cross-ppi,469,0.023475536397180224,1.0
all,0.1900,cross-ppi,470,0.023160627823778562,1.0
all,0.1900,cross-ppi,471,0.023247899482490064,1.0
all,0.1900,cross-ppi,472,0.023100781603071052,1.0
all,0.1900,cross-ppi,473,0.02273968611869534,0.0
all,0.1900,cross-ppi,474,0.023090858781875112,1.0
all,0.1900,cross-ppi,475,0.02351732882175575,1.0
all,0.1900,cross-ppi,476,0.023667899156091576,1.0
all,0.1900,cross-ppi,477,0.02331321706834444,1.0
all,0.1900,cross-ppi,478,0.023049986046073084,1.0
all,0.1900,cross-ppi,479,0.02350160485239758,1.0
all,0.1900,cross-ppi,480,0.023586713737505982,1.0
all,0.1900,cross-ppi,481,0.02327330988148138,1.0
all,0.1900,cross-ppi,482,0.022728134473123468,1.0
all,0.1900,cross-ppi,483,0.02344496346138647,1.0
all,0.1900,cross-ppi,484,0.0231530806316812,1.0
all,0.1900,cross-ppi,485,0.022894491342828505,1.0
all,0.1900,cross-ppi,486,0.0233218744966307,1.0
all,0.1900,cross-ppi,487,0.0235417013258431,1.0
all,0.1900,cross-ppi,488,0.023780623989616556,1.0
all,0.1900,cross-ppi,489,0.023702628969018785,1.0
all,0.1900,cross-ppi,490,0.02358406139432223,1.0
all,0.1900,cross-ppi,491,0.023645807956441445,1.0
all,0.1900,cross-ppi,492,0.02314200140752065,1.0
all,0.1900,cross-ppi,493,0.023330159285011698,1.0
all,0.1900,cross-ppi,494,0.023523563097411437,1.0
all,0.1900,cross-ppi,495,0.02303342560700905,1.0
all,0.1900,cross-ppi,496,0.023342636668855943,1.0
all,0.1900,cross-ppi,497,0.0231859336558565,1.0
all,0.1900,cross-ppi,498,0.022925134789550605,1.0
all,0.1900,cross-ppi,499,0.023794298447880613,1.0
all,0.1900,cross-ppi,500,0.023262536060812994,1.0
all,0.1900,cross-ppi,501,0.02298687371974059,1.0
all,0.1900,cross-ppi,502,0.02309111903494765,1.0
all,0.1900,cross-ppi,503,0.023296913256811158,1.0
all,0.1900,cross-ppi,504,0.02354527467762313,1.0
all,0.1900,cross-ppi,505,0.02332198396369592,1.0
all,0.1900,cross-ppi,506,0.023282955214353335,1.0
all,0.1900,cross-ppi,507,0.023797214647994336,1.0
all,0.1900,cross-ppi,508,0.02364207357684822,1.0
all,0.1900,cross-ppi,509,0.02324076720453716,1.0
all,0.1900,cross-ppi,510,0.023612336328318162,1.0
all,0.1900,cross-ppi,511,0.02298823680366635,1.0
all,0.1900,cross-ppi,512,0.022929688155251204,1.0
all,0.1900,cross-ppi,513,0.022880024443123342,1.0
all,0.1900,cross-ppi,514,0.02355578191537508,1.0
all,0.1900,cross-ppi,515,0.02331669647206769,1.0
all,0.1900,cross-ppi,516,0.0230815868898763,1.0
all,0.1900,cross-ppi,517,0.023693269100207637,1.0
all,0.1900,cross-ppi,518,0.023822335364258485,1.0
all,0.1900,cross-ppi,519,0.02278560986218947,1.0
all,0.1900,cross-ppi,520,0.02347275321290268,1.0
all,0.1900,cross-ppi,521,0.023045035200088715,1.0
all,0.1900,cross-ppi,522,0.02355430874755493,1.0
all,0.1900,cross-ppi,523,0.022949155044665437,1.0
all,0.1900,cross-ppi,524,0.023556073985787435,1.0
all,0.1900,cross-ppi,525,0.023501643168050007,1.0
all,0.1900,cross-ppi,526,0.022787429787133218,1.0
all,0.1900,cross-ppi,527,0.02373596972468628,1.0
all,0.1900,cross-ppi,528,0.02330337792104653,1.0
all,0.1900,cross-ppi,529,0.02330702487575076,1.0
all,0.1900,cross-ppi,530,0.0235970664144797,1.0
all,0.1900,cross-ppi,531,0.022819398360804044,1.0
all,0.1900,cross-ppi,532,0.02328167169101869,1.0
all,0.1900,cross-ppi,533,0.023298000003462382,1.0
all,0.1900,cross-ppi,534,0.023814031820024284,1.0
all,0.1900,cross-ppi,535,0.02336009108420234,1.0
all,0.1900,cross-ppi,536,0.02377384973686758,1.0
all,0.1900,cross-ppi,537,0.02338394906531513,1.0
all,0.1900,cross-ppi,538,0.023256686541745397,1.0
all,0.1900,cross-ppi,539,0.023284364142489133,1.0
all,0.1900,cross-ppi,540,0.02320470682985465,1.0
all,0.1900,cross-ppi,541,0.02314910873863696,1.0
all,0.1900,cross-ppi,542,0.0235627062278867,1.0
all,0.1900,cross-ppi,543,0.024216432891944084,1.0
all,0.1900,cross-ppi,544,0.023492708750190383,1.0
all,0.1900,cross-ppi,545,0.023422275737929737,1.0
all,0.1900,cross-ppi,546,0.02302391987388719,1.0
all,0.1900,cross-ppi,547,0.023149138299130234,1.0
all,0.1900,cross-ppi,548,0.023400045023149324,1.0
all,0.1900,cross-ppi,549,0.02330601029170551,1.0
all,0.1900,cross-ppi,550,0.023852855966392,1.0
all,0.1900,cross-ppi,551,0.02335908328977776,1.0
all,0.1900,cross-ppi,552,0.02346082550552378,1.0
all,0.1900,cross-ppi,553,0.023238282701914442,1.0
all,0.1900,cross-ppi,554,0.023700944295872134,1.0
all,0.1900,cross-ppi,555,0.02297580455002865,1.0
all,0.1900,cross-ppi,556,0.023363847636369006,1.0
all,0.1900,cross-ppi,557,0.02344351268486347,1.0
all,0.1900,cross-ppi,558,0.023760783957972986,1.0
all,0.1900,cross-ppi,559,0.023068288615206933,1.0
all,0.1900,cross-ppi,560,0.023431445944030127,1.0
all,0.1900,cross-ppi,561,0.023536822070041485,1.0
all,0.1900,cross-ppi,562,0.023201104163436015,1.0
all,0.1900,cross-ppi,563,0.023563588992883105,1.0
all,0.1900,cross-ppi,564,0.02373998449707293,1.0
all,0.1900,cross-ppi,565,0.022813418416424563,1.0
all,0.1900,cross-ppi,566,0.02384760271236752,1.0
all,0.1900,cross-ppi,567,0.023105561680102138,1.0
all,0.1900,cross-ppi,568,0.0231694375495535,1.0
all,0.1900,cross-ppi,569,0.023053526258291823,1.0
all,0.1900,cross-ppi,570,0.023664280328856924,1.0
all,0.1900,cross-ppi,571,0.0232258660361504,1.0
all,0.1900,cross-ppi,572,0.023346590414034973,1.0
all,0.1900,cross-ppi,573,0.023040379699108854,1.0
all,0.1900,cross-ppi,574,0.023014033508220177,1.0
all,0.1900,cross-ppi,575,0.02361854615964301,1.0
all,0.1900,cross-ppi,576,0.02339500358319646,1.0
all,0.1900,cross-ppi,577,0.02327433828141648,1.0
all,0.1900,cross-ppi,578,0.02378016462710142,1.0
all,0.1900,cross-ppi,579,0.023311064598394937,1.0
all,0.1900,cross-ppi,580,0.022890525420214275,0.0
all,0.1900,cross-ppi,581,0.022981912735017263,1.0
all,0.1900,cross-ppi,582,0.02326362933087489,1.0
all,0.1900,cross-ppi,583,0.022992557251059753,1.0
all,0.1900,cross-ppi,584,0.023291115944478608,1.0
all,0.1900,cross-ppi,585,0.02333330570166936,1.0
all,0.1900,cross-ppi,586,0.023644517416932853,1.0
all,0.1900,cross-ppi,587,0.023600785339082914,1.0
all,0.1900,cross-ppi,588,0.02317982831083021,1.0
all,0.1900,cross-ppi,589,0.022920994260501343,1.0
all,0.1900,cross-ppi,590,0.023490460055606593,1.0
all,0.1900,cross-ppi,591,0.02316326662569934,1.0
all,0.1900,cross-ppi,592,0.02292384531269928,1.0
all,0.1900,cross-ppi,593,0.02321071506269809,1.0
all,0.1900,cross-ppi,594,0.022463003066309745,1.0
all,0.1900,cross-ppi,595,0.023663600706327864,1.0
all,0.1900,cross-ppi,596,0.023426691560501145,1.0
all,0.1900,cross-ppi,597,0.0230914869101021,1.0
all,0.1900,cross-ppi,598,0.02320871576094019,1.0
all,0.1900,cross-ppi,599,0.023178114410889128,1.0
all,0.1900,cross-ppi,600,0.023820559523380358,1.0
all,0.1900,cross-ppi,601,0.02314869767429842,1.0
all,0.1900,cross-ppi,602,0.022770244124623834,1.0
all,0.1900,cross-ppi,603,0.023327052480132143,1.0
all,0.1900,cross-ppi,604,0.023592566744233517,1.0
all,0.1900,cross-ppi,605,0.022869333462580133,1.0
all,0.1900,cross-ppi,606,0.023331352664993865,1.0
all,0.1900,cross-ppi,607,0.02331078809697773,1.0
all,0.1900,cross-ppi,608,0.02258324211313653,1.0
all,0.1900,cross-ppi,609,0.0230015598853833,1.0
all,0.1900,cross-ppi,610,0.022903477318480414,1.0
all,0.1900,cross-ppi,611,0.023683521769695154,1.0
all,0.1900,cross-ppi,612,0.02368989136425037,1.0
all,0.1900,cross-ppi,613,0.02281283380195462,1.0
all,0.1900,cross-ppi,614,0.02315956529455676,1.0
all,0.1900,cross-ppi,615,0.022901077758743393,1.0
all,0.1900,cross-ppi,616,0.023657739694999846,1.0
all,0.1900,cross-ppi,617,0.02349212091535069,1.0
all,0.1900,cross-ppi,618,0.023711590562409263,1.0
all,0.1900,cross-ppi,619,0.0230428704425939,1.0
all,0.1900,cross-ppi,620,0.0236007571258241,1.0
all,0.1900,cross-ppi,621,0.023071795370235515,1.0
all,0.1900,cross-ppi,622,0.02341144404450521,1.0
all,0.1900,cross-ppi,623,0.02290365475795031,1.0
all,0.1900,cross-ppi,624,0.02301592247176462,1.0
all,0.1900,cross-ppi,625,0.02310591747909918,1.0
all,0.1900,cross-ppi,626,0.022799778678178978,1.0
all,0.1900,cross-ppi,627,0.02367868973037976,1.0
all,0.1900,cross-ppi,628,0.02333140626544497,1.0
all,0.1900,cross-ppi,629,0.0241110670867285,1.0
all,0.1900,cross-ppi,630,0.023191701556335653,1.0
all,0.1900,cross-ppi,631,0.023751030047126642,1.0
all,0.1900,cross-ppi,632,0.023001244584137187,1.0
all,0.1900,cross-ppi,633,0.02304182800960064,1.0
all,0.1900,cross-ppi,634,0.02371896272793539,1.0
all,0.1900,cross-ppi,635,0.023847780517403216,1.0
all,0.1900,cross-ppi,636,0.023282261993490483,1.0
all,0.1900,cross-ppi,637,0.02291593149406898,1.0
all,0.1900,cross-ppi,638,0.02362298408824237,1.0
all,0.1900,cross-ppi,639,0.02277738036409363,1.0
all,0.1900,cross-ppi,640,0.02351811574250104,1.0
all,0.1900,cross-ppi,641,0.023054480473512634,1.0
all,0.1900,cross-ppi,642,0.023294277357029408,1.0
all,0.1900,cross-ppi,643,0.02300710781639914,1.0
all,0.1900,cross-ppi,644,0.02297388247266563,1.0
all,0.1900,cross-ppi,645,0.022869844655212995,1.0
all,0.1900,cross-ppi,646,0.023487605986120652,1.0
all,0.1900,cross-ppi,647,0.0227153024932778,1.0
all,0.1900,cross-ppi,648,0.02355406610206004,1.0
all,0.1900,cross-ppi,649,0.023743747838943147,1.0
all,0.1900,cross-ppi,650,0.02356833081328813,1.0
all,0.1900,cross-ppi,651,0.023648594040001636,1.0
all,0.1900,cross-ppi,652,0.02326095472204881,1.0
all,0.1900,cross-ppi,653,0.02286800862153815,1.0
all,0.1900,cross-ppi,654,0.023636200375435262,1.0
all,0.1900,cross-ppi,655,0.02317686544645567,1.0
all,0.1900,cross-ppi,656,0.02341275158005854,1.0
all,0.1900,cross-ppi,657,0.023161167117617704,1.0
all,0.1900,cross-ppi,658,0.02398574200993006,1.0
all,0.1900,cross-ppi,659,0.022828941671156233,1.0
all,0.1900,cross-ppi,660,0.023636033271900447,1.0
all,0.1900,cross-ppi,661,0.023111987589155447,1.0
all,0.1900,cross-ppi,662,0.023770391167107774,1.0
all,0.1900,cross-ppi,663,0.023344427773546395,1.0
all,0.1900,cross-ppi,664,0.023316531660192208,1.0
all,0.1900,cross-ppi,665,0.02310549915645521,1.0
all,0.2000,cross-ppi,333,0.02338503708674211,1.0
all,0.2000,cross-ppi,334,0.022443623898764642,1.0
all,0.2000,cross-ppi,335,0.022890584821159493,1.0
all,0.2000,cross-ppi,336,0.022528030304415636,1.0
all,0.2000,cross-ppi,337,0.022588631255193392,1.0
all,0.2000,cross-ppi,338,0.023013986897545302,1.0
all,0.2000,cross-ppi,339,0.02321774704271673,1.0
all,0.2000,cross-ppi,340,0.022716480971246206,1.0
all,0.2000,cross-ppi,341,0.022642334720503587,1.0
all,0.2000,cross-ppi,342,0.02321549338897977,1.0
all,0.2000,cross-ppi,343,0.02298705059540107,1.0
all,0.2000,cross-ppi,344,0.022845739053283326,1.0
all,0.2000,cross-ppi,345,0.02246421700436016,1.0
all,0.2000,cross-ppi,346,0.022792437492178436,1.0
all,0.2000,cross-ppi,347,0.02330565428584161,1.0
all,0.2000,cross-ppi,348,0.023023761183268432,1.0
all,0.2000,cross-ppi,349,0.02336838158483856,1.0
all,0.2000,cross-ppi,350,0.022859581261232692,1.0
all,0.2000,cross-ppi,351,0.02331214727204381,1.0
all,0.2000,cross-ppi,352,0.0230489626712731,1.0
all,0.2000,cross-ppi,353,0.02287719892331483,1.0
all,0.2000,cross-ppi,354,0.02304638542380058,1.0
all,0.2000,cross-ppi,355,0.02334123049522341,1.0
all,0.2000,cross-ppi,356,0.02335323877469886,1.0
all,0.2000,cross-ppi,357,0.022779628413253428,1.0
all,0.2000,cross-ppi,358,0.02311927014379153,1.0
all,0.2000,cross-ppi,359,0.023104079018459567,1.0
all,0.2000,cross-ppi,360,0.02246062557420836,1.0
all,0.2000,cross-ppi,361,0.022797486385587207,1.0
all,0.2000,cross-ppi,362,0.02248432885123386,1.0
all,0.2000,cross-ppi,363,0.022879279282286058,1.0
all,0.2000,cross-ppi,364,0.022541792467546617,1.0
all,0.2000,cross-ppi,365,0.02273543882529494,1.0
all,0.2000,cross-ppi,366,0.022522965968448938,1.0
all,0.2000,cross-ppi,367,0.02259581391191745,1.0
all,0.2000,cross-ppi,368,0.02283320449360407,1.0
all,0.2000,cross-ppi,369,0.023211551591655555,1.0
all,0.2000,cross-ppi,370,0.022697761883647666,1.0
all,0.2000,cross-ppi,371,0.02282774059057291,1.0
all,0.2000,cross-ppi,372,0.022611522023572278,1.0
all,0.2000,cross-ppi,373,0.022287641043232248,0.0
all,0.2000,cross-ppi,374,0.022688257618986185,1.0
all,0.2000,cross-ppi,375,0.022955640142570816,1.0
all,0.2000,cross-ppi,376,0.02308972480124527,1.0
all,0.2000,cross-ppi,377,0.02282968197012758,1.0
all,0.2000,cross-ppi,378,0.022708560903861225,1.0
all,0.2000,cross-ppi,379,0.02300928495149332,1.0
all,0.2000,cross-ppi,380,0.02304934278858517,1.0
all,0.2000,cross-ppi,381,0.02278198581688562,1.0
all,0.2000,cross-ppi,382,0.022348909277412538,1.0
all,0.2000,cross-ppi,383,0.023037276706746018,1.0
all,0.2000,cross-ppi,384,0.022690109419347237,1.0
all,0.2000,cross-ppi,385,0.022545879454352158,1.0
all,0.2000,cross-ppi,386,0.022848316847754457,1.0
all,0.2000,cross-ppi,387,0.022966965893379543,1.0
all,0.2000,cross-ppi,388,0.023259178023675747,1.0
all,0.2000,cross-ppi,389,0.0232211288934199,1.0
all,0.2000,cross-ppi,390,0.023113723490433363,1.0
all,0.2000,cross-ppi,391,0.023207403765937884,1.0
all,0.2000,cross-ppi,392,0.022608725802324176,1.0
all,0.2000,cross-ppi,393,0.022968935730613427,1.0
all,0.2000,cross-ppi,394,0.023145770816807104,1.0
all,0.2000,cross-ppi,395,0.022457678517612933,1.0
all,0.2000,cross-ppi,396,0.02276038245857437,1.0
all,0.2000,cross-ppi,397,0.022841270949261777,1.0
all,0.2000,cross-ppi,398,0.022421358596180996,1.0
all,0.2000,cross-ppi,399,0.02328113480085059,1.0
all,0.2000,cross-ppi,400,0.022765024269925965,1.0
all,0.2000,cross-ppi,401,0.02267667113078556,1.0
all,0.2000,cross-ppi,402,0.022607839035338723,1.0
all,0.2000,cross-ppi,403,0.022927720981854166,1.0
all,0.2000,cross-ppi,404,0.023120536076727594,1.0
all,0.2000,cross-ppi,405,0.022888239663341747,1.0
all,0.2000,cross-ppi,406,0.022812668525899027,1.0
all,0.2000,cross-ppi,407,0.023330460826678,1.0
all,0.2000,cross-ppi,408,0.02311982419967995,1.0
all,0.2000,cross-ppi,409,0.022858441928008122,1.0
all,0.2000,cross-ppi,410,0.023300653119670223,1.0
all,0.2000,cross-ppi,411,0.022480756045450634,1.0
all,0.2000,cross-ppi,412,0.02249551464729016,1.0
all,0.2000,cross-ppi,413,0.02257345709346248,1.0
all,0.2000,cross-ppi,414,0.02315698551769141,1.0
all,0.2000,cross-ppi,415,0.02288301316930319,1.0
all,0.2000,cross-ppi,416,0.02273034272839422,1.0
all,0.2000,cross-ppi,417,0.023310831287586264,1.0
all,0.2000,cross-ppi,418,0.0233276784766161,1.0
all,0.2000,cross-ppi,419,0.022439287795724044,1.0
all,0.2000,cross-ppi,420,0.02307827476878513,1.0
all,0.2000,cross-ppi,421,0.022566849995231397,1.0
all,0.2000,cross-ppi,422,0.023068889793685682,1.0
all,0.2000,cross-ppi,423,0.022641298722786862,1.0
all,0.2000,cross-ppi,424,0.023167121766700216,1.0
all,0.2000,cross-ppi,425,0.023107683409570923,1.0
all,0.2000,cross-ppi,426,0.02243649933337069,1.0
all,0.2000,cross-ppi,427,0.023307160425391493,1.0
all,0.2000,cross-ppi,428,0.0228566784665174,1.0
all,0.2000,cross-ppi,429,0.02275038515659869,1.0
all,0.2000,cross-ppi,430,0.02303273146795512,1.0
all,0.2000,cross-ppi,431,0.022467791233171774,1.0
all,0.2000,cross-ppi,432,0.02288512256375222,1.0
all,0.2000,cross-ppi,433,0.02295307293619453,1.0
all,0.2000,cross-ppi,434,0.02330433275376631,1.0
all,0.2000,cross-ppi,435,0.022960393666121015,1.0
all,0.2000,cross-ppi,436,0.023289300411939107,1.0
all,0.2000,cross-ppi,437,0.022977851506108732,1.0
all,0.2000,cross-ppi,438,0.022799944529693833,1.0
all,0.2000,cross-ppi,439,0.022815954513867975,1.0
all,0.2000,cross-ppi,440,0.0228205470115036,1.0
all,0.2000,cross-ppi,441,0.02277738201964652,1.0
all,0.2000,cross-ppi,442,0.023076598166103857,1.0
all,0.2000,cross-ppi,443,0.023764620166811218,1.0
all,0.2000,cross-ppi,444,0.023106323005519402,1.0
all,0.2000,cross-ppi,445,0.022879950660509546,1.0
all,0.2000,cross-ppi,446,0.02265292908784855,1.0
all,0.2000,cross-ppi,447,0.022873939171589308,1.0
all,0.2000,cross-ppi,448,0.022974045704274387,1.0
all,0.2000,cross-ppi,449,0.02277008389617119,1.0
all,0.2000,cross-ppi,450,0.023359060713141644,1.0
all,0.2000,cross-ppi,451,0.022933922182613503,1.0
all,0.2000,cross-ppi,452,0.023064360832853542,1.0
all,0.2000,cross-ppi,453,0.022914612572637494,1.0
all,0.2000,cross-ppi,454,0.02326769921565297,1.0
all,0.2000,cross-ppi,455,0.02259654506846917,1.0
all,0.2000,cross-ppi,456,0.0229185586100199,1.0
all,0.2000,cross-ppi,457,0.023015416345764234,1.0
all,0.2000,cross-ppi,458,0.02337753378724186,1.0
all,0.2000,cross-ppi,459,0.02275799608367901,1.0
all,0.2000,cross-ppi,460,0.023053399278016196,1.0
all,0.2000,cross-ppi,461,0.023090158409410755,1.0
all,0.2000,cross-ppi,462,0.022771472061939857,1.0
all,0.2000,cross-ppi,463,0.023134286337564314,1.0
all,0.2000,cross-ppi,464,0.02317257767735803,1.0
all,0.2000,cross-ppi,465,0.022439733216312874,1.0
all,0.2000,cross-ppi,466,0.02329840060914612,1.0
all,0.2000,cross-ppi,467,0.02265438152553423,1.0
all,0.2000,cross-ppi,468,0.022753268320020226,1.0
all,0.2000,cross-ppi,469,0.02263060091843805,1.0
all,0.2000,cross-ppi,470,0.023090921770870132,0.0
all,0.2000,cross-ppi,471,0.02278633026175836,1.0
all,0.2000,cross-ppi,472,0.02291100335498164,1.0
all,0.2000,cross-ppi,473,0.022668238862136064,1.0
all,0.2000,cross-ppi,474,0.02266735794184241,1.0
all,0.2000,cross-ppi,475,0.023192194342355643,1.0
all,0.2000,cross-ppi,476,0.022961107231249778,1.0
all,0.2000,cross-ppi,477,0.022933509177621936,1.0
all,0.2000,cross-ppi,478,0.023293082152553435,1.0
all,0.2000,cross-ppi,479,0.022898394032341868,1.0
all,0.2000,cross-ppi,480,0.022522650708733744,1.0
all,0.2000,cross-ppi,481,0.022511741027862908,1.0
all,0.2000,cross-ppi,482,0.02271959545465485,1.0
all,0.2000,cross-ppi,483,0.02256951129170162,1.0
all,0.2000,cross-ppi,484,0.022822932200048968,1.0
all,0.2000,cross-ppi,485,0.023017739427077966,1.0
all,0.2000,cross-ppi,486,0.023257384576801154,1.0
all,0.2000,cross-ppi,487,0.02315039454899004,1.0
all,0.2000,cross-ppi,488,0.02267718125869367,1.0
all,0.2000,cross-ppi,489,0.0225987247800363,1.0
all,0.2000,cross-ppi,490,0.023042846140607254,1.0
all,0.2000,cross-ppi,491,0.022636347911524468,1.0
all,0.2000,cross-ppi,492,0.022672142268150314,1.0
all,0.2000,cross-ppi,493,0.022829223559723277,1.0
all,0.2000,cross-ppi,494,0.022298127664269946,1.0
all,0.2000,cross-ppi,495,0.02314461085365571,1.0
all,0.2000,cross-ppi,496,0.023076389329352853,1.0
all,0.2000,cross-ppi,497,0.022710134121439296,1.0
all,0.2000,cross-ppi,498,0.0227594267322756,1.0
all,0.2000,cross-ppi,499,0.022795514837198105,1.0
all,0.2000,cross-ppi,500,0.023346860763508337,1.0
all,0.2000,cross-ppi,501,0.022813592927364512,1.0
all,0.2000,cross-ppi,502,0.022380091707706384,1.0
all,0.2000,cross-ppi,503,0.022879321305822903,1.0
all,0.2000,cross-ppi,504,0.023027939128422353,1.0
all,0.2000,cross-ppi,505,0.022435761539047583,1.0
all,0.2000,cross-ppi,506,0.022826145670002518,1.0
all,0.2000,cross-ppi,507,0.022789867304504385,1.0
all,0.2000,cross-ppi,508,0.02236054722961678,1.0
all,0.2000,cross-ppi,509,0.022617592781486118,1.0
all,0.2000,cross-ppi,510,0.02254932036852364,1.0
all,0.2000,cross-ppi,511,0.02321153794417094,1.0
all,0.2000,cross-ppi,512,0.023140136589943627,1.0
all,0.2000,cross-ppi,513,0.02242664397518923,1.0
all,0.2000,cross-ppi,514,0.022734692138061008,1.0
all,0.2000,cross-ppi,515,0.022446101097809285,1.0
all,0.2000,cross-ppi,516,0.023150733525546502,1.0
all,0.2000,cross-ppi,517,0.02297619464483147,1.0
all,0.2000,cross-ppi,518,0.023195970296263635,1.0
all,0.2000,cross-ppi,519,0.022772577672644734,1.0
all,0.2000,cross-ppi,520,0.023063510767893564,1.0
all,0.2000,cross-ppi,521,0.02260997338337431,1.0
all,0.2000,cross-ppi,522,0.022903027454465513,1.0
all,0.2000,cross-ppi,523,0.022504785214535833,1.0
all,0.2000,cross-ppi,524,0.02267851549007119,1.0
all,0.2000,cross-ppi,525,0.022712403263958708,1.0
all,0.2000,cross-ppi,526,0.022522444645807882,1.0
all,0.2000,cross-ppi,527,0.023197814209687806,1.0
all,0.2000,cross-ppi,528,0.02297353433582361,1.0
all,0.2000,cross-ppi,529,0.023647636480881862,1.0
all,0.2000,cross-ppi,530,0.022930530334480448,1.0
all,0.2000,cross-ppi,531,0.02329476224446181,1.0
all,0.2000,cross-ppi,532,0.022507093353939633,1.0
all,0.2000,cross-ppi,533,0.022626756968011863,1.0
all,0.2000,cross-ppi,534,0.02332074147675056,1.0
all,0.2000,cross-ppi,535,0.023278681724615807,1.0
all,0.2000,cross-ppi,536,0.022943444072733438,1.0
all,0.2000,cross-ppi,537,0.022565189769366306,1.0
all,0.2000,cross-ppi,538,0.023112829989950567,1.0
all,0.2000,cross-ppi,539,0.022493594118864618,1.0
all,0.2000,cross-ppi,540,0.02318837222840134,1.0
all,0.2000,cross-ppi,541,0.022722083294310164,1.0
all,0.2000,cross-ppi,542,0.022853618021678485,1.0
all,0.2000,cross-ppi,543,0.022532661894487882,1.0
all,0.2000,cross-ppi,544,0.022571433018354292,1.0
all,0.2000,cross-ppi,545,0.022552194387312263,1.0
all,0.2000,cross-ppi,546,0.023137162493327534,1.0
all,0.2000,cross-ppi,547,0.0224191166923009,1.0
all,0.2000,cross-ppi,548,0.022975088507531827,1.0
all,0.2000,cross-ppi,549,0.023380232430791348,1.0
all,0.2000,cross-ppi,550,0.023278014518053003,1.0
all,0.2000,cross-ppi,551,0.0230980681523206,1.0
all,0.2000,cross-ppi,552,0.022790603351715566,1.0
all,0.2000,cross-ppi,553,0.022552369557126806,1.0
all,0.2000,cross-ppi,554,0.02324982055043401,1.0
all,0.2000,cross-ppi,555,0.02280011214298483,1.0
all,0.2000,cross-ppi,556,0.02299956034423234,1.0
all,0.2000,cross-ppi,557,0.022803572531454958,1.0
all,0.2000,cross-ppi,558,0.023457720840821733,1.0
all,0.2000,cross-ppi,559,0.02253624104242835,1.0
all,0.2000,cross-ppi,560,0.02328849921766385,1.0
all,0.2000,cross-ppi,561,0.02263863133137256,1.0
all,0.2000,cross-ppi,562,0.023284918033256274,1.0
all,0.2000,cross-ppi,563,0.022874351685926775,1.0
all,0.2000,cross-ppi,564,0.02289841427121997,1.0
all,0.2000,cross-ppi,565,0.02265414969022128,1.0
all,0.2000,cross-ppi,566,0.02320200306742659,1.0
all,0.2000,cross-ppi,567,0.0227391050294721,1.0
all,0.2000,cross-ppi,568,0.022679602371998397,1.0
all,0.2000,cross-ppi,569,0.023392814655307514,1.0
all,0.2000,cross-ppi,570,0.022606568908425162,1.0
all,0.2000,cross-ppi,571,0.02262702208590761,1.0
all,0.2000,cross-ppi,572,0.022752190243645137,1.0
all,0.2000,cross-ppi,573,0.02226901529687786,1.0
all,0.2000,cross-ppi,574,0.022900445774296507,1.0
all,0.2000,cross-ppi,575,0.022069190871474742,1.0
all,0.2000,cross-ppi,576,0.02299779228925583,1.0
all,0.2000,cross-ppi,577,0.022320600287901615,0.0
all,0.2000,cross-ppi,578,0.02271497540565126,1.0
all,0.2000,cross-ppi,579,0.02306638239896286,1.0
all,0.2000,cross-ppi,580,0.022953643375075133,1.0
all,0.2000,cross-ppi,581,0.022996275704521008,1.0
all,0.2000,cross-ppi,582,0.022949143571332042,1.0
all,0.2000,cross-ppi,583,0.022674940326940285,1.0
all,0.2000,cross-ppi,584,0.022662587911994714,1.0
all,0.2000,cross-ppi,585,0.022853037397812526,1.0
all,0.2000,cross-ppi,586,0.023242322486354383,1.0
all,0.2000,cross-ppi,587,0.023310717844017392,1.0
all,0.2000,cross-ppi,588,0.02275658021283078,1.0
all,0.2000,cross-ppi,589,0.0230549582135382,1.0
all,0.2000,cross-ppi,590,0.022620975088245787,1.0
all,0.2000,cross-ppi,591,0.023124637729110442,1.0
all,0.2000,cross-ppi,592,0.022866934667333028,1.0
all,0.2000,cross-ppi,593,0.022864270369329143,1.0
all,0.2000,cross-ppi,594,0.022828527264029258,1.0
all,0.2000,cross-ppi,595,0.02218167128374615,1.0
all,0.2000,cross-ppi,596,0.02275312689420253,1.0
all,0.2000,cross-ppi,597,0.023347729928470784,1.0
all,0.2000,cross-ppi,598,0.022400020049963193,1.0
all,0.2000,cross-ppi,599,0.023153255671216177,1.0
all,0.2000,cross-ppi,600,0.02287299932103501,1.0
all,0.2000,cross-ppi,601,0.022757994605197118,1.0
all,0.2000,cross-ppi,602,0.022694877788190015,1.0
all,0.2000,cross-ppi,603,0.023060846507613086,1.0
all,0.2000,cross-ppi,604,0.022665793192257228,1.0
all,0.2000,cross-ppi,605,0.02318664717777852,1.0
all,0.2000,cross-ppi,606,0.022497471115279444,1.0
all,0.2000,cross-ppi,607,0.022738934198681116,1.0
all,0.2000,cross-ppi,608,0.022918441971147313,1.0
all,0.2000,cross-ppi,609,0.022587779834115862,1.0
all,0.2000,cross-ppi,610,0.022992249692242672,1.0
all,0.2000,cross-ppi,611,0.022891314762255477,1.0
all,0.2000,cross-ppi,612,0.022856921799915275,1.0
all,0.2000,cross-ppi,613,0.022900625537871422,1.0
all,0.2000,cross-ppi,614,0.02285388355009843,1.0
all,0.2000,cross-ppi,615,0.022441701903501726,1.0
all,0.2000,cross-ppi,616,0.022657778635165354,1.0
all,0.2000,cross-ppi,617,0.023256954948372655,1.0
all,0.2000,cross-ppi,618,0.023065485853192347,1.0
all,0.2000,cross-ppi,619,0.023557201265893668,1.0
all,0.2000,cross-ppi,620,0.023026177833848277,1.0
all,0.2000,cross-ppi,621,0.022681892196071057,1.0
all,0.2000,cross-ppi,622,0.022702704161256193,1.0
all,0.2000,cross-ppi,623,0.022703236258612702,1.0
all,0.2000,cross-ppi,624,0.02310824138718018,1.0
all,0.2000,cross-ppi,625,0.02269963978764364,1.0
all,0.2000,cross-ppi,626,0.02321643438772636,1.0
all,0.2000,cross-ppi,627,0.023215545431281237,1.0
all,0.2000,cross-ppi,628,0.023263413661076315,1.0
all,0.2000,cross-ppi,629,0.022558765702967304,1.0
all,0.2000,cross-ppi,630,0.0226794721903254,1.0
all,0.2000,cross-ppi,631,0.02286137914692432,1.0
all,0.2000,cross-ppi,632,0.022555135140005372,1.0
all,0.2000,cross-ppi,633,0.02261072228285374,1.0
all,0.2000,cross-ppi,634,0.02309895633169934,1.0
all,0.2000,cross-ppi,635,0.0232724182686741,1.0
all,0.2000,cross-ppi,636,0.022914098460558363,1.0
all,0.2000,cross-ppi,637,0.023480768917390926,1.0
all,0.2000,cross-ppi,638,0.02280697124051015,1.0
all,0.2000,cross-ppi,639,0.022386854527516542,1.0
all,0.2000,cross-ppi,640,0.02239248555513132,1.0
all,0.2000,cross-ppi,641,0.022922294150097944,1.0
all,0.2000,cross-ppi,642,0.02310337630623216,1.0
all,0.2000,cross-ppi,643,0.022606562209250808,1.0
all,0.2000,cross-ppi,644,0.022508739799281363,1.0
all,0.2000,cross-ppi,645,0.023055918595297764,1.0
all,0.2000,cross-ppi,646,0.022850754372895965,1.0
all,0.2000,cross-ppi,647,0.023090474186694965,1.0
all,0.2000,cross-ppi,648,0.02228120859395466,1.0
all,0.2000,cross-ppi,649,0.023060948333449877,1.0
all,0.2000,cross-ppi,650,0.02246236189526865,1.0
all,0.2000,cross-ppi,651,0.022785475304663905,1.0
all,0.2000,cross-ppi,652,0.023058973680006645,1.0
all,0.2000,cross-ppi,653,0.022847249597701597,1.0
all,0.2000,cross-ppi,654,0.02332125034280974,1.0
all,0.2000,cross-ppi,655,0.022847618472151554,1.0
all,0.2000,cross-ppi,656,0.0224586921054174,1.0
all,0.2000,cross-ppi,657,0.022419812648853177,1.0
all,0.2000,cross-ppi,658,0.022467682177415793,1.0
all,0.2000,cross-ppi,659,0.023000030714799613,1.0
all,0.2000,cross-ppi,660,0.0224540444625847,1.0
all,0.2000,cross-ppi,661,0.02308408763530137,1.0
all,0.2000,cross-ppi,662,0.02291582867429609,1.0
all,0.2000,cross-ppi,663,0.02361208054641839,1.0
all,0.2000,cross-ppi,664,0.023443356644891056,1.0
all,0.2000,cross-ppi,665,0.022926260270005994,1.0
