dataset,n_full_obs,mcar_obs_prob,prop_budget,seed,mean_width,coverage,ess_multiplier
bbh+gpqa+ifeval+math+musr,,1.0,0.025,0,0.0907057374715805,0.9430379746835442,3.0763979263318384
bbh+gpqa+ifeval+math+musr,,1.0,0.025,1,0.090590976178646,0.939873417721519,3.0923222420455514
bbh+gpqa+ifeval+math+musr,,1.0,0.025,2,0.0902173444628715,0.9493670886075948,3.105422418715072
bbh+gpqa+ifeval+math+musr,,1.0,0.025,3,0.0905406773090362,0.9462025316455696,3.0927122776316116
bbh+gpqa+ifeval+math+musr,,1.0,0.025,4,0.0904759392142295,0.9367088607594936,3.0987294271167496
bbh+gpqa+ifeval+math+musr,,1.0,0.025,5,0.0902839452028274,0.9416817359855334,3.1013964641242295
bbh+gpqa+ifeval+math+musr,,1.0,0.025,6,0.0906555876135826,0.948010849909584,3.083986642601347
bbh+gpqa+ifeval+math+musr,,1.0,0.025,7,0.0904756039381027,0.9493670886075948,3.098587139454766
bbh+gpqa+ifeval+math+musr,,1.0,0.025,8,0.0903649255633354,0.940777576853526,3.09509645591245
bbh+gpqa+ifeval+math+musr,,1.0,0.025,9,0.0902855321764946,0.9443942133815552,3.0956432248431636
bbh+gpqa+ifeval+math+musr,,1.0,0.025,10,0.0907482579350471,0.9430379746835442,3.082065088754337
bbh+gpqa+ifeval+math+musr,,1.0,0.025,11,0.090427741408348,0.9511754068716094,3.0984746059766586
bbh+gpqa+ifeval+math+musr,,1.0,0.025,12,0.0907572954893112,0.945750452079566,3.075116139538981
bbh+gpqa+ifeval+math+musr,,1.0,0.025,13,0.0904505178332328,0.9403254972875226,3.092892761604329
bbh+gpqa+ifeval+math+musr,,1.0,0.025,14,0.0908363908529281,0.9489150090415912,3.0667374283859967
bbh+gpqa+ifeval+math+musr,,1.0,0.025,15,0.0904070064425468,0.9511754068716094,3.0852746768072357
bbh+gpqa+ifeval+math+musr,,1.0,0.025,16,0.0905607342720031,0.9484629294755876,3.081343022255141
bbh+gpqa+ifeval+math+musr,,1.0,0.025,17,0.0906126275658607,0.9462025316455696,3.080612098689761
bbh+gpqa+ifeval+math+musr,,1.0,0.025,18,0.0902717858552932,0.938517179023508,3.106439874999112
bbh+gpqa+ifeval+math+musr,,1.0,0.025,19,0.0907687693834304,0.9430379746835442,3.0573109988286666
bbh+gpqa+ifeval+math+musr,,1.0,0.025,20,0.0906688272953033,0.9421338155515372,3.087130272023534
bbh+gpqa+ifeval+math+musr,,1.0,0.025,21,0.0901741981506347,0.9416817359855334,3.1124266362030983
bbh+gpqa+ifeval+math+musr,,1.0,0.025,22,0.0905166864395141,0.9416817359855334,3.088169454125379
bbh+gpqa+ifeval+math+musr,,1.0,0.025,23,0.0904263108968734,0.948010849909584,3.1004311214805083
bbh+gpqa+ifeval+math+musr,,1.0,0.025,24,0.0904790014028549,0.945750452079566,3.1071374601833606
bbh+gpqa+ifeval+math+musr,,1.0,0.025,25,0.0903646722435951,0.9394213381555152,3.0948248680839097
bbh+gpqa+ifeval+math+musr,,1.0,0.025,26,0.0908209457993507,0.9330922242314648,3.068039220068485
bbh+gpqa+ifeval+math+musr,,1.0,0.025,27,0.0906650424003601,0.9353526220614828,3.078333731999845
bbh+gpqa+ifeval+math+musr,,1.0,0.025,28,0.0905748084187507,0.945750452079566,3.0880749609043243
bbh+gpqa+ifeval+math+musr,,1.0,0.025,29,0.0907174125313758,0.9471066907775768,3.0801316121257685
bbh+gpqa+ifeval+math+musr,,1.0,0.025,30,0.0903555229306221,0.9475587703435804,3.108182136329072
bbh+gpqa+ifeval+math+musr,,1.0,0.025,31,0.0909138992428779,0.9448462929475588,3.065507384592207
bbh+gpqa+ifeval+math+musr,,1.0,0.025,32,0.0907572135329246,0.9452983725135624,3.084327003772163
bbh+gpqa+ifeval+math+musr,,1.0,0.025,33,0.0900651961565017,0.9452983725135624,3.1318076639925927
bbh+gpqa+ifeval+math+musr,,1.0,0.025,34,0.0901865363121032,0.950271247739602,3.1232704104277755
bbh+gpqa+ifeval+math+musr,,1.0,0.025,35,0.0902797728776931,0.9443942133815552,3.116956079039432
bbh+gpqa+ifeval+math+musr,,1.0,0.025,36,0.0900267213582992,0.945750452079566,3.120092743185809
bbh+gpqa+ifeval+math+musr,,1.0,0.025,37,0.0904430225491523,0.9507233273056056,3.1126154687079257
bbh+gpqa+ifeval+math+musr,,1.0,0.025,38,0.0908247604966163,0.9430379746835442,3.070501695033174
bbh+gpqa+ifeval+math+musr,,1.0,0.025,39,0.0901770740747451,0.940777576853526,3.1115687464189734
bbh+gpqa+ifeval+math+musr,,1.0,0.025,40,0.0912237390875816,0.9443942133815552,3.038863238738702
bbh+gpqa+ifeval+math+musr,,1.0,0.025,41,0.0906764343380928,0.9475587703435804,3.0789177180316583
bbh+gpqa+ifeval+math+musr,,1.0,0.025,42,0.0905040875077247,0.9484629294755876,3.0984916282296755
bbh+gpqa+ifeval+math+musr,,1.0,0.025,43,0.0906683504581451,0.938517179023508,3.081425923070541
bbh+gpqa+ifeval+math+musr,,1.0,0.025,44,0.090370275080204,0.9462025316455696,3.1079883146803735
bbh+gpqa+ifeval+math+musr,,1.0,0.025,45,0.0903945416212081,0.9416817359855334,3.107174668806784
bbh+gpqa+ifeval+math+musr,,1.0,0.025,46,0.0907178074121475,0.945750452079566,3.0763761960130656
bbh+gpqa+ifeval+math+musr,,1.0,0.025,47,0.0905468389391899,0.940777576853526,3.091407059685879
bbh+gpqa+ifeval+math+musr,,1.0,0.025,48,0.0907340422272682,0.9425858951175408,3.0744719315618942
bbh+gpqa+ifeval+math+musr,,1.0,0.025,49,0.0903220847249031,0.9421338155515372,3.1065030602592585
bbh+gpqa+ifeval+math+musr,,1.0,0.025,50,0.0904445946216583,0.9421338155515372,3.0934659485540186
bbh+gpqa+ifeval+math+musr,,1.0,0.025,51,0.0906350314617157,0.9353526220614828,3.084118635706543
bbh+gpqa+ifeval+math+musr,,1.0,0.025,52,0.0903080552816391,0.9466546112115732,3.0944133417901116
bbh+gpqa+ifeval+math+musr,,1.0,0.025,53,0.0907323062419891,0.939873417721519,3.078328606038376
bbh+gpqa+ifeval+math+musr,,1.0,0.025,54,0.0905557572841644,0.9412296564195298,3.0830187572292598
bbh+gpqa+ifeval+math+musr,,1.0,0.025,55,0.0906799361109733,0.9412296564195298,3.0842414554887716
bbh+gpqa+ifeval+math+musr,,1.0,0.025,56,0.0907522588968277,0.9412296564195298,3.073055863852445
bbh+gpqa+ifeval+math+musr,,1.0,0.025,57,0.0904949083924293,0.9299276672694394,3.0888797835838058
bbh+gpqa+ifeval+math+musr,,1.0,0.025,58,0.0904979929327964,0.9371609403254972,3.097918321164042
bbh+gpqa+ifeval+math+musr,,1.0,0.025,59,0.090817704796791,0.9403254972875226,3.069268803636882
bbh+gpqa+ifeval+math+musr,,1.0,0.025,60,0.0902017578482627,0.9484629294755876,3.1024911593964255
bbh+gpqa+ifeval+math+musr,,1.0,0.025,61,0.0906556099653244,0.9452983725135624,3.096955372766028
bbh+gpqa+ifeval+math+musr,,1.0,0.025,62,0.0908142998814582,0.9353526220614828,3.0720925304998308
bbh+gpqa+ifeval+math+musr,,1.0,0.025,63,0.0905661582946777,0.9452983725135624,3.077246083207286
bbh+gpqa+ifeval+math+musr,,1.0,0.025,64,0.0907744765281677,0.9520795660036168,3.0740949399250814
bbh+gpqa+ifeval+math+musr,,1.0,0.025,65,0.0901073142886161,0.9471066907775768,3.1118009494128507
bbh+gpqa+ifeval+math+musr,,1.0,0.025,66,0.0903147608041763,0.9389692585895116,3.1101288368923767
bbh+gpqa+ifeval+math+musr,,1.0,0.025,67,0.0905643254518508,0.9421338155515372,3.0947647807719534
bbh+gpqa+ifeval+math+musr,,1.0,0.025,68,0.0903850868344307,0.9443942133815552,3.0944732935521517
bbh+gpqa+ifeval+math+musr,,1.0,0.025,69,0.0907840281724929,0.9520795660036168,3.068098183713458
bbh+gpqa+ifeval+math+musr,,1.0,0.025,70,0.090213231742382,0.9448462929475588,3.1165710360096335
bbh+gpqa+ifeval+math+musr,,1.0,0.025,71,0.0904704630374908,0.9425858951175408,3.089998546681279
bbh+gpqa+ifeval+math+musr,,1.0,0.025,72,0.0905770286917686,0.9471066907775768,3.0928042047042252
bbh+gpqa+ifeval+math+musr,,1.0,0.025,73,0.0907016471028328,0.9484629294755876,3.0762327948347425
bbh+gpqa+ifeval+math+musr,,1.0,0.025,74,0.0902394354343414,0.9371609403254972,3.110564959955356
bbh+gpqa+ifeval+math+musr,,1.0,0.025,75,0.0905420631170272,0.9556962025316456,3.093973990454032
bbh+gpqa+ifeval+math+musr,,1.0,0.025,76,0.090874582529068,0.945750452079566,3.0696358763690856
bbh+gpqa+ifeval+math+musr,,1.0,0.025,77,0.0908530876040458,0.9425858951175408,3.07600607053361
bbh+gpqa+ifeval+math+musr,,1.0,0.025,78,0.0903713554143905,0.9412296564195298,3.0917659303029663
bbh+gpqa+ifeval+math+musr,,1.0,0.025,79,0.0901012867689132,0.9579566003616636,3.113575298507273
bbh+gpqa+ifeval+math+musr,,1.0,0.025,80,0.090163305401802,0.9498191681735986,3.1116450704249
bbh+gpqa+ifeval+math+musr,,1.0,0.025,81,0.0904824882745742,0.9376130198915008,3.0911279092081863
bbh+gpqa+ifeval+math+musr,,1.0,0.025,82,0.0905436873435974,0.9403254972875226,3.087390799964089
bbh+gpqa+ifeval+math+musr,,1.0,0.025,83,0.0903174951672554,0.9421338155515372,3.102397754764949
bbh+gpqa+ifeval+math+musr,,1.0,0.025,84,0.0903097763657569,0.9367088607594936,3.096867512751564
bbh+gpqa+ifeval+math+musr,,1.0,0.025,85,0.0908992066979408,0.9475587703435804,3.0712225044824506
bbh+gpqa+ifeval+math+musr,,1.0,0.025,86,0.0901805162429809,0.9403254972875226,3.1105950282690795
bbh+gpqa+ifeval+math+musr,,1.0,0.025,87,0.0905419290065765,0.9475587703435804,3.092131294210746
bbh+gpqa+ifeval+math+musr,,1.0,0.025,88,0.0905573368072509,0.9389692585895116,3.0852045007720297
bbh+gpqa+ifeval+math+musr,,1.0,0.025,89,0.0904124677181243,0.945750452079566,3.0871116380654207
bbh+gpqa+ifeval+math+musr,,1.0,0.025,90,0.0904207155108451,0.9367088607594936,3.0975817620200115
bbh+gpqa+ifeval+math+musr,,1.0,0.025,91,0.0901362597942352,0.945750452079566,3.115630812460733
bbh+gpqa+ifeval+math+musr,,1.0,0.025,92,0.0905538648366928,0.9430379746835442,3.085595442209484
bbh+gpqa+ifeval+math+musr,,1.0,0.025,93,0.0910081043839454,0.9507233273056056,3.0551207946479533
bbh+gpqa+ifeval+math+musr,,1.0,0.025,94,0.0903538167476654,0.9421338155515372,3.109151509155212
bbh+gpqa+ifeval+math+musr,,1.0,0.025,95,0.0905429497361183,0.9543399638336348,3.0891283962080927
bbh+gpqa+ifeval+math+musr,,1.0,0.025,96,0.0907635986804962,0.940777576853526,3.0552213806176693
bbh+gpqa+ifeval+math+musr,,1.0,0.025,97,0.0906393453478813,0.9448462929475588,3.080157928318608
bbh+gpqa+ifeval+math+musr,,1.0,0.025,98,0.0904247760772705,0.9520795660036168,3.097178865209586
bbh+gpqa+ifeval+math+musr,,1.0,0.025,99,0.0904665738344192,0.9498191681735986,3.0867546761640745
bbh+gpqa+ifeval+math+musr,,1.0,0.05,0,0.0582412406802177,0.950271247739602,3.645347614888892
bbh+gpqa+ifeval+math+musr,,1.0,0.05,1,0.0581603460013866,0.9425858951175408,3.6587284846664487
bbh+gpqa+ifeval+math+musr,,1.0,0.05,2,0.0579710789024829,0.9489150090415912,3.6724669967618317
bbh+gpqa+ifeval+math+musr,,1.0,0.05,3,0.0581504479050636,0.9452983725135624,3.658875105091557
bbh+gpqa+ifeval+math+musr,,1.0,0.05,4,0.0580402836203575,0.939873417721519,3.6722863417109775
bbh+gpqa+ifeval+math+musr,,1.0,0.05,5,0.0580784007906913,0.953887884267631,3.6598635639366988
bbh+gpqa+ifeval+math+musr,,1.0,0.05,6,0.0582213252782821,0.943490054249548,3.6396195877605235
bbh+gpqa+ifeval+math+musr,,1.0,0.05,7,0.05811657756567,0.9462025316455696,3.6631720487801354
bbh+gpqa+ifeval+math+musr,,1.0,0.05,8,0.0580724403262138,0.9475587703435804,3.6624438620067696
bbh+gpqa+ifeval+math+musr,,1.0,0.05,9,0.058075200766325,0.9462025316455696,3.6531043712234497
bbh+gpqa+ifeval+math+musr,,1.0,0.05,10,0.0582035221159458,0.9471066907775768,3.649767176044852
bbh+gpqa+ifeval+math+musr,,1.0,0.05,11,0.0580826513469219,0.9498191681735986,3.662747881806271
bbh+gpqa+ifeval+math+musr,,1.0,0.05,12,0.058252464979887,0.940777576853526,3.6427218025416703
bbh+gpqa+ifeval+math+musr,,1.0,0.05,13,0.0581240393221378,0.9448462929475588,3.661820949431824
bbh+gpqa+ifeval+math+musr,,1.0,0.05,14,0.0582750961184501,0.9443942133815552,3.6298060564836576
bbh+gpqa+ifeval+math+musr,,1.0,0.05,15,0.0580956749618053,0.9498191681735986,3.6579126034624014
bbh+gpqa+ifeval+math+musr,,1.0,0.05,16,0.0581192262470722,0.9493670886075948,3.655160902544603
bbh+gpqa+ifeval+math+musr,,1.0,0.05,17,0.0581666305661201,0.9475587703435804,3.64891540858045
bbh+gpqa+ifeval+math+musr,,1.0,0.05,18,0.0580835491418838,0.9416817359855334,3.657102417306497
bbh+gpqa+ifeval+math+musr,,1.0,0.05,19,0.0582766607403755,0.950271247739602,3.632731966321876
bbh+gpqa+ifeval+math+musr,,1.0,0.05,20,0.0581630431115627,0.9466546112115732,3.656378875776174
bbh+gpqa+ifeval+math+musr,,1.0,0.05,21,0.058051511645317,0.9430379746835442,3.669035176746247
bbh+gpqa+ifeval+math+musr,,1.0,0.05,22,0.0581520795822143,0.9511754068716094,3.6536250821751697
bbh+gpqa+ifeval+math+musr,,1.0,0.05,23,0.0580923780798912,0.9534358047016276,3.659819432463365
bbh+gpqa+ifeval+math+musr,,1.0,0.05,24,0.0580452010035514,0.9484629294755876,3.6756157503332982
bbh+gpqa+ifeval+math+musr,,1.0,0.05,25,0.0581273846328258,0.9475587703435804,3.652237755852738
bbh+gpqa+ifeval+math+musr,,1.0,0.05,26,0.0582310520112514,0.9466546112115732,3.640871620607056
bbh+gpqa+ifeval+math+musr,,1.0,0.05,27,0.0582117177546024,0.9443942133815552,3.639251415039842
bbh+gpqa+ifeval+math+musr,,1.0,0.05,28,0.0581934414803981,0.9529837251356238,3.6484542170723637
bbh+gpqa+ifeval+math+musr,,1.0,0.05,29,0.058268666267395,0.951627486437613,3.6347433850235045
bbh+gpqa+ifeval+math+musr,,1.0,0.05,30,0.0581018291413784,0.950271247739602,3.6671597373139773
bbh+gpqa+ifeval+math+musr,,1.0,0.05,31,0.0583499819040298,0.945750452079566,3.6229654658474977
bbh+gpqa+ifeval+math+musr,,1.0,0.05,32,0.0582352392375469,0.9475587703435804,3.645689566859184
bbh+gpqa+ifeval+math+musr,,1.0,0.05,33,0.0579485073685646,0.9471066907775768,3.676659636759285
bbh+gpqa+ifeval+math+musr,,1.0,0.05,34,0.0580364465713501,0.9543399638336348,3.6745066494717724
bbh+gpqa+ifeval+math+musr,,1.0,0.05,35,0.0580751597881317,0.9475587703435804,3.667270136331143
bbh+gpqa+ifeval+math+musr,,1.0,0.05,36,0.0579484812915325,0.940777576853526,3.674999529638426
bbh+gpqa+ifeval+math+musr,,1.0,0.05,37,0.0581396110355854,0.9520795660036168,3.6591669079176903
bbh+gpqa+ifeval+math+musr,,1.0,0.05,38,0.0582536160945892,0.945750452079566,3.6367271100073943
bbh+gpqa+ifeval+math+musr,,1.0,0.05,39,0.0580156072974205,0.9394213381555152,3.6609060345889586
bbh+gpqa+ifeval+math+musr,,1.0,0.05,40,0.0585030540823936,0.9421338155515372,3.6040072447662954
bbh+gpqa+ifeval+math+musr,,1.0,0.05,41,0.0581987760961055,0.9489150090415912,3.6463581076328704
bbh+gpqa+ifeval+math+musr,,1.0,0.05,42,0.0581447333097457,0.943490054249548,3.6612996672911655
bbh+gpqa+ifeval+math+musr,,1.0,0.05,43,0.05821468308568,0.943490054249548,3.6462198434343804
bbh+gpqa+ifeval+math+musr,,1.0,0.05,44,0.0581376999616622,0.9475587703435804,3.656592678106235
bbh+gpqa+ifeval+math+musr,,1.0,0.05,45,0.0580446198582649,0.9475587703435804,3.667153443032106
bbh+gpqa+ifeval+math+musr,,1.0,0.05,46,0.0582442879676818,0.9529837251356238,3.6414370624791257
bbh+gpqa+ifeval+math+musr,,1.0,0.05,47,0.0581057518720626,0.9511754068716094,3.6632323998076948
bbh+gpqa+ifeval+math+musr,,1.0,0.05,48,0.0582884661853313,0.950271247739602,3.6325394973920986
bbh+gpqa+ifeval+math+musr,,1.0,0.05,49,0.0580142140388488,0.945750452079566,3.6717248490447476
bbh+gpqa+ifeval+math+musr,,1.0,0.05,50,0.0580839477479457,0.9430379746835442,3.663722055976656
bbh+gpqa+ifeval+math+musr,,1.0,0.05,51,0.0582315698266029,0.9371609403254972,3.6371169682129123
bbh+gpqa+ifeval+math+musr,,1.0,0.05,52,0.0581039525568485,0.945750452079566,3.6571308701868035
bbh+gpqa+ifeval+math+musr,,1.0,0.05,53,0.0582160353660583,0.9471066907775768,3.6428972152043118
bbh+gpqa+ifeval+math+musr,,1.0,0.05,54,0.0580945014953613,0.9484629294755876,3.656719254400026
bbh+gpqa+ifeval+math+musr,,1.0,0.05,55,0.0582554079592227,0.9452983725135624,3.6409020759732877
bbh+gpqa+ifeval+math+musr,,1.0,0.05,56,0.0582755394279956,0.9443942133815552,3.631129140237176
bbh+gpqa+ifeval+math+musr,,1.0,0.05,57,0.0581820830702781,0.939873417721519,3.64804816231415
bbh+gpqa+ifeval+math+musr,,1.0,0.05,58,0.0581290610134601,0.9471066907775768,3.665401420680715
bbh+gpqa+ifeval+math+musr,,1.0,0.05,59,0.058290522545576,0.9443942133815552,3.632060556636716
bbh+gpqa+ifeval+math+musr,,1.0,0.05,60,0.0580176562070846,0.9543399638336348,3.662636941861728
bbh+gpqa+ifeval+math+musr,,1.0,0.05,61,0.058271087706089,0.951627486437613,3.6457701662065625
bbh+gpqa+ifeval+math+musr,,1.0,0.05,62,0.0582935772836208,0.9389692585895116,3.633725206159954
bbh+gpqa+ifeval+math+musr,,1.0,0.05,63,0.0581678450107574,0.953887884267631,3.646013476136363
bbh+gpqa+ifeval+math+musr,,1.0,0.05,64,0.0582211390137672,0.9475587703435804,3.6412387494139202
bbh+gpqa+ifeval+math+musr,,1.0,0.05,65,0.0579610578715801,0.9579566003616636,3.670131345197625
bbh+gpqa+ifeval+math+musr,,1.0,0.05,66,0.0581598840653896,0.9412296564195298,3.650692058489535
bbh+gpqa+ifeval+math+musr,,1.0,0.05,67,0.0581962242722511,0.9430379746835442,3.649988905705309
bbh+gpqa+ifeval+math+musr,,1.0,0.05,68,0.0581458322703838,0.950271247739602,3.6565073167972417
bbh+gpqa+ifeval+math+musr,,1.0,0.05,69,0.0582535862922668,0.9430379746835442,3.6380509717916425
bbh+gpqa+ifeval+math+musr,,1.0,0.05,70,0.0581263452768325,0.9520795660036168,3.662638149185804
bbh+gpqa+ifeval+math+musr,,1.0,0.05,71,0.0581189021468162,0.951627486437613,3.654935504085369
bbh+gpqa+ifeval+math+musr,,1.0,0.05,72,0.0581836476922035,0.9412296564195298,3.6525673798256966
bbh+gpqa+ifeval+math+musr,,1.0,0.05,73,0.0582363717257976,0.948010849909584,3.640046849645035
bbh+gpqa+ifeval+math+musr,,1.0,0.05,74,0.0580679513514041,0.9471066907775768,3.665498169693296
bbh+gpqa+ifeval+math+musr,,1.0,0.05,75,0.0581179410219192,0.9529837251356238,3.6551480565260914
bbh+gpqa+ifeval+math+musr,,1.0,0.05,76,0.0582263395190238,0.9448462929475588,3.6462699697292194
bbh+gpqa+ifeval+math+musr,,1.0,0.05,77,0.0583558604121208,0.948010849909584,3.6334038776830435
bbh+gpqa+ifeval+math+musr,,1.0,0.05,78,0.0580200366675853,0.940777576853526,3.6647530046376295
bbh+gpqa+ifeval+math+musr,,1.0,0.05,79,0.0579709708690643,0.9566003616636528,3.6762554183020897
bbh+gpqa+ifeval+math+musr,,1.0,0.05,80,0.0579304844141006,0.950271247739602,3.679418401585806
bbh+gpqa+ifeval+math+musr,,1.0,0.05,81,0.0581543035805225,0.9489150090415912,3.6481643403888615
bbh+gpqa+ifeval+math+musr,,1.0,0.05,82,0.0581023320555686,0.945750452079566,3.6594338763379155
bbh+gpqa+ifeval+math+musr,,1.0,0.05,83,0.0579696260392665,0.9484629294755876,3.666456572987493
bbh+gpqa+ifeval+math+musr,,1.0,0.05,84,0.0580832660198211,0.9462025316455696,3.655377959381496
bbh+gpqa+ifeval+math+musr,,1.0,0.05,85,0.0582242906093597,0.9566003616636528,3.650754718603599
bbh+gpqa+ifeval+math+musr,,1.0,0.05,86,0.0579713843762874,0.948010849909584,3.6769748017289827
bbh+gpqa+ifeval+math+musr,,1.0,0.05,87,0.0582407712936401,0.9443942133815552,3.643325654146362
bbh+gpqa+ifeval+math+musr,,1.0,0.05,88,0.0582003891468048,0.9475587703435804,3.646158922776739
bbh+gpqa+ifeval+math+musr,,1.0,0.05,89,0.0581040233373642,0.9525316455696202,3.651272401449234
bbh+gpqa+ifeval+math+musr,,1.0,0.05,90,0.0581139810383319,0.9452983725135624,3.661700415035022
bbh+gpqa+ifeval+math+musr,,1.0,0.05,91,0.0580189935863018,0.9498191681735986,3.673315985323065
bbh+gpqa+ifeval+math+musr,,1.0,0.05,92,0.0581821762025356,0.948010849909584,3.6448468148073205
bbh+gpqa+ifeval+math+musr,,1.0,0.05,93,0.0583464726805686,0.9529837251356238,3.627395071830931
bbh+gpqa+ifeval+math+musr,,1.0,0.05,94,0.0581199303269386,0.950271247739602,3.6574642541396467
bbh+gpqa+ifeval+math+musr,,1.0,0.05,95,0.0581035055220127,0.9466546112115732,3.660994487951687
bbh+gpqa+ifeval+math+musr,,1.0,0.05,96,0.0582611076533794,0.938517179023508,3.623544720582869
bbh+gpqa+ifeval+math+musr,,1.0,0.05,97,0.0581462644040584,0.951627486437613,3.6455509371971235
bbh+gpqa+ifeval+math+musr,,1.0,0.05,98,0.0581347942352294,0.9484629294755876,3.6457405424930904
bbh+gpqa+ifeval+math+musr,,1.0,0.05,99,0.0581192858517169,0.9353526220614828,3.656334336394015
bbh+gpqa+ifeval+math+musr,,1.0,0.075,0,0.0446611493825912,0.9561482820976492,4.015034993149622
bbh+gpqa+ifeval+math+musr,,1.0,0.075,1,0.0446192659437656,0.945750452079566,4.023899885696208
bbh+gpqa+ifeval+math+musr,,1.0,0.075,2,0.0444957204163074,0.943490054249548,4.042479761700365
bbh+gpqa+ifeval+math+musr,,1.0,0.075,3,0.0445827320218086,0.945750452079566,4.039563284921397
bbh+gpqa+ifeval+math+musr,,1.0,0.075,4,0.0445133559405803,0.9367088607594936,4.05318170900782
bbh+gpqa+ifeval+math+musr,,1.0,0.075,5,0.0445818938314914,0.9543399638336348,4.030661773144794
bbh+gpqa+ifeval+math+musr,,1.0,0.075,6,0.0446404591202735,0.9452983725135624,4.0115445820468345
bbh+gpqa+ifeval+math+musr,,1.0,0.075,7,0.0445539057254791,0.9484629294755876,4.042122217679017
bbh+gpqa+ifeval+math+musr,,1.0,0.075,8,0.0445476770401001,0.9471066907775768,4.035849972042512
bbh+gpqa+ifeval+math+musr,,1.0,0.075,9,0.0445493385195732,0.9421338155515372,4.027102382923551
bbh+gpqa+ifeval+math+musr,,1.0,0.075,10,0.0446398593485355,0.9484629294755876,4.020969215375471
bbh+gpqa+ifeval+math+musr,,1.0,0.075,11,0.0445498451590538,0.9475587703435804,4.034533311174004
bbh+gpqa+ifeval+math+musr,,1.0,0.075,12,0.0446467064321041,0.9421338155515372,4.019190640373755
bbh+gpqa+ifeval+math+musr,,1.0,0.075,13,0.0445334836840629,0.9448462929475588,4.047076200709444
bbh+gpqa+ifeval+math+musr,,1.0,0.075,14,0.0446593090891838,0.948010849909584,4.008758773242694
bbh+gpqa+ifeval+math+musr,,1.0,0.075,15,0.0445412583649158,0.9507233273056056,4.032447044936673
bbh+gpqa+ifeval+math+musr,,1.0,0.075,16,0.0445761047303676,0.9498191681735986,4.029533646673236
bbh+gpqa+ifeval+math+musr,,1.0,0.075,17,0.044570118188858,0.948010849909584,4.034674040140246
bbh+gpqa+ifeval+math+musr,,1.0,0.075,18,0.0445529334247112,0.945750452079566,4.031470098089793
bbh+gpqa+ifeval+math+musr,,1.0,0.075,19,0.0446579046547412,0.9543399638336348,4.018536302503453
bbh+gpqa+ifeval+math+musr,,1.0,0.075,20,0.044616412371397,0.9475587703435804,4.03154661280404
bbh+gpqa+ifeval+math+musr,,1.0,0.075,21,0.0445532314479351,0.951627486437613,4.046017151299345
bbh+gpqa+ifeval+math+musr,,1.0,0.075,22,0.0445903614163398,0.951627486437613,4.026585860068223
bbh+gpqa+ifeval+math+musr,,1.0,0.075,23,0.0445619970560073,0.9489150090415912,4.0368488353285645
bbh+gpqa+ifeval+math+musr,,1.0,0.075,24,0.0445648245513439,0.9439421338155516,4.037553943128986
bbh+gpqa+ifeval+math+musr,,1.0,0.075,25,0.044578917324543,0.940777576853526,4.02686100007877
bbh+gpqa+ifeval+math+musr,,1.0,0.075,26,0.0446333326399326,0.938517179023508,4.01769861058221
bbh+gpqa+ifeval+math+musr,,1.0,0.075,27,0.0446134693920612,0.951627486437613,4.022762728340238
bbh+gpqa+ifeval+math+musr,,1.0,0.075,28,0.0446349643170833,0.9511754068716094,4.018831609246486
bbh+gpqa+ifeval+math+musr,,1.0,0.075,29,0.0446689538657665,0.95750452079566,4.01290368213891
bbh+gpqa+ifeval+math+musr,,1.0,0.075,30,0.0445604585111141,0.9525316455696202,4.037111476116753
bbh+gpqa+ifeval+math+musr,,1.0,0.075,31,0.0447020381689071,0.953887884267631,4.009012028222297
bbh+gpqa+ifeval+math+musr,,1.0,0.075,32,0.0446587987244129,0.9466546112115732,4.020579613470104
bbh+gpqa+ifeval+math+musr,,1.0,0.075,33,0.0444488115608692,0.9430379746835442,4.051043680063898
bbh+gpqa+ifeval+math+musr,,1.0,0.075,34,0.0445402972400188,0.9493670886075948,4.041779310766743
bbh+gpqa+ifeval+math+musr,,1.0,0.075,35,0.0445267669856548,0.9443942133815552,4.0426054951756365
bbh+gpqa+ifeval+math+musr,,1.0,0.075,36,0.0444721207022666,0.9452983725135624,4.0450904050794305
bbh+gpqa+ifeval+math+musr,,1.0,0.075,37,0.0445676185190677,0.9484629294755876,4.039197063903854
bbh+gpqa+ifeval+math+musr,,1.0,0.075,38,0.0446508377790451,0.9466546112115732,4.014050181613135
bbh+gpqa+ifeval+math+musr,,1.0,0.075,39,0.0444869995117187,0.948010849909584,4.037664888029742
bbh+gpqa+ifeval+math+musr,,1.0,0.075,40,0.0447679236531257,0.9452983725135624,3.993586488336354
bbh+gpqa+ifeval+math+musr,,1.0,0.075,41,0.0446002259850502,0.9466546112115732,4.02477672459706
bbh+gpqa+ifeval+math+musr,,1.0,0.075,42,0.0445852912962436,0.9511754068716094,4.035188549625983
bbh+gpqa+ifeval+math+musr,,1.0,0.075,43,0.0446156561374664,0.948010849909584,4.026057410146546
bbh+gpqa+ifeval+math+musr,,1.0,0.075,44,0.0445791371166706,0.9475587703435804,4.028181716179732
bbh+gpqa+ifeval+math+musr,,1.0,0.075,45,0.0445255264639854,0.9471066907775768,4.042100690558176
bbh+gpqa+ifeval+math+musr,,1.0,0.075,46,0.0446568019688129,0.9525316455696202,4.01631495515752
bbh+gpqa+ifeval+math+musr,,1.0,0.075,47,0.0445855967700481,0.9484629294755876,4.035987269575312
bbh+gpqa+ifeval+math+musr,,1.0,0.075,48,0.0446996577084064,0.9507233273056056,4.003996006078662
bbh+gpqa+ifeval+math+musr,,1.0,0.075,49,0.0445133596658706,0.9529837251356238,4.047309009862888
bbh+gpqa+ifeval+math+musr,,1.0,0.075,50,0.0445106774568557,0.9425858951175408,4.047101065526707
bbh+gpqa+ifeval+math+musr,,1.0,0.075,51,0.0446400865912437,0.9380650994575044,4.016117704925535
bbh+gpqa+ifeval+math+musr,,1.0,0.075,52,0.0445720627903938,0.9493670886075948,4.030607470853977
bbh+gpqa+ifeval+math+musr,,1.0,0.075,53,0.0446067191660404,0.943490054249548,4.020454970407544
bbh+gpqa+ifeval+math+musr,,1.0,0.075,54,0.0445541255176067,0.9489150090415912,4.029734885217439
bbh+gpqa+ifeval+math+musr,,1.0,0.075,55,0.0446666628122329,0.9416817359855334,4.013790548130227
bbh+gpqa+ifeval+math+musr,,1.0,0.075,56,0.0446832329034805,0.9471066907775768,3.998990939845933
bbh+gpqa+ifeval+math+musr,,1.0,0.075,57,0.0446439757943153,0.938517179023508,4.014500402580026
bbh+gpqa+ifeval+math+musr,,1.0,0.075,58,0.044628120958805,0.950271247739602,4.028192278360387
bbh+gpqa+ifeval+math+musr,,1.0,0.075,59,0.0446535311639308,0.9520795660036168,4.0197102186176785
bbh+gpqa+ifeval+math+musr,,1.0,0.075,60,0.0444989465177059,0.9462025316455696,4.039619115749212
bbh+gpqa+ifeval+math+musr,,1.0,0.075,61,0.0446717292070388,0.9448462929475588,4.020993700258227
bbh+gpqa+ifeval+math+musr,,1.0,0.075,62,0.0446574911475181,0.9466546112115732,4.0142793991653045
bbh+gpqa+ifeval+math+musr,,1.0,0.075,63,0.044595006853342,0.950271247739602,4.023107936743956
bbh+gpqa+ifeval+math+musr,,1.0,0.075,64,0.0446333922445774,0.9493670886075948,4.021953078897362
bbh+gpqa+ifeval+math+musr,,1.0,0.075,65,0.0444957390427589,0.9511754068716094,4.036795502391493
bbh+gpqa+ifeval+math+musr,,1.0,0.075,66,0.0446124859154224,0.9389692585895116,4.02347070233243
bbh+gpqa+ifeval+math+musr,,1.0,0.075,67,0.0446071736514568,0.9525316455696202,4.026566438893922
bbh+gpqa+ifeval+math+musr,,1.0,0.075,68,0.0445868670940399,0.955244122965642,4.0258040209872785
bbh+gpqa+ifeval+math+musr,,1.0,0.075,69,0.0446508638560771,0.943490054249548,4.018588065740519
bbh+gpqa+ifeval+math+musr,,1.0,0.075,70,0.0445790998637676,0.9498191681735986,4.037226216888523
bbh+gpqa+ifeval+math+musr,,1.0,0.075,71,0.0445525832474231,0.9507233273056056,4.0357680735805355
bbh+gpqa+ifeval+math+musr,,1.0,0.075,72,0.0446395203471183,0.9425858951175408,4.0223885635542995
bbh+gpqa+ifeval+math+musr,,1.0,0.075,73,0.0446181558072567,0.9448462929475588,4.023447618491783
bbh+gpqa+ifeval+math+musr,,1.0,0.075,74,0.0445285588502883,0.9498191681735986,4.042097816005152
bbh+gpqa+ifeval+math+musr,,1.0,0.075,75,0.044543869793415,0.953887884267631,4.036607787442096
bbh+gpqa+ifeval+math+musr,,1.0,0.075,76,0.0446543991565704,0.9466546112115732,4.021920652837114
bbh+gpqa+ifeval+math+musr,,1.0,0.075,77,0.04468734562397,0.9520795660036168,4.011442298924906
bbh+gpqa+ifeval+math+musr,,1.0,0.075,78,0.0445481538772583,0.9439421338155516,4.033601447563962
bbh+gpqa+ifeval+math+musr,,1.0,0.075,79,0.0444924980401992,0.9511754068716094,4.042633010596722
bbh+gpqa+ifeval+math+musr,,1.0,0.075,80,0.0444860383868217,0.951627486437613,4.045001479613782
bbh+gpqa+ifeval+math+musr,,1.0,0.075,81,0.044620756059885,0.9525316455696202,4.016650740223814
bbh+gpqa+ifeval+math+musr,,1.0,0.075,82,0.0445431172847747,0.9543399638336348,4.039651002527213
bbh+gpqa+ifeval+math+musr,,1.0,0.075,83,0.0444685406982898,0.950271247739602,4.043029307668204
bbh+gpqa+ifeval+math+musr,,1.0,0.075,84,0.0445541329681873,0.9525316455696202,4.029847001980062
bbh+gpqa+ifeval+math+musr,,1.0,0.075,85,0.0446451269090175,0.953887884267631,4.028058932569763
bbh+gpqa+ifeval+math+musr,,1.0,0.075,86,0.0444709919393062,0.9466546112115732,4.054078526560354
bbh+gpqa+ifeval+math+musr,,1.0,0.075,87,0.0446300208568573,0.950271247739602,4.02098120863059
bbh+gpqa+ifeval+math+musr,,1.0,0.075,88,0.0446044206619262,0.9525316455696202,4.024997575045481
bbh+gpqa+ifeval+math+musr,,1.0,0.075,89,0.0445688404142856,0.9520795660036168,4.025264408841541
bbh+gpqa+ifeval+math+musr,,1.0,0.075,90,0.0445928610861301,0.9448462929475588,4.031390202794874
bbh+gpqa+ifeval+math+musr,,1.0,0.075,91,0.0445413291454315,0.953887884267631,4.035842323049705
bbh+gpqa+ifeval+math+musr,,1.0,0.075,92,0.0446176938712596,0.9498191681735986,4.025257474118993
bbh+gpqa+ifeval+math+musr,,1.0,0.075,93,0.0446837171912193,0.9484629294755876,4.013524721562005
bbh+gpqa+ifeval+math+musr,,1.0,0.075,94,0.044587604701519,0.9520795660036168,4.033510576284346
bbh+gpqa+ifeval+math+musr,,1.0,0.075,95,0.0445482842624187,0.940777576853526,4.033348086943795
bbh+gpqa+ifeval+math+musr,,1.0,0.075,96,0.0446549095213413,0.943490054249548,4.005633434454114
bbh+gpqa+ifeval+math+musr,,1.0,0.075,97,0.044574711471796,0.9561482820976492,4.027864485227319
bbh+gpqa+ifeval+math+musr,,1.0,0.075,98,0.0445840172469615,0.9452983725135624,4.023474314238344
bbh+gpqa+ifeval+math+musr,,1.0,0.075,99,0.0445820800960063,0.9462025316455696,4.028338170634221
bbh+gpqa+ifeval+math+musr,,1.0,0.1,0,0.0369402170181274,0.9498191681735986,4.284033939311959
bbh+gpqa+ifeval+math+musr,,1.0,0.1,1,0.0369127579033374,0.9493670886075948,4.29148457119741
bbh+gpqa+ifeval+math+musr,,1.0,0.1,2,0.0368358008563518,0.9443942133815552,4.3069670401674145
bbh+gpqa+ifeval+math+musr,,1.0,0.1,3,0.0369137600064277,0.951627486437613,4.299709145953082
bbh+gpqa+ifeval+math+musr,,1.0,0.1,4,0.0368650816380977,0.9462025316455696,4.314353013814876
bbh+gpqa+ifeval+math+musr,,1.0,0.1,5,0.0368939004838466,0.955244122965642,4.300809785434957
bbh+gpqa+ifeval+math+musr,,1.0,0.1,6,0.0369510129094123,0.9466546112115732,4.279209070601107
bbh+gpqa+ifeval+math+musr,,1.0,0.1,7,0.0368816964328289,0.9511754068716094,4.307526334236547
bbh+gpqa+ifeval+math+musr,,1.0,0.1,8,0.0368911065161228,0.9507233273056056,4.297385807727082
bbh+gpqa+ifeval+math+musr,,1.0,0.1,9,0.0368748232722282,0.943490054249548,4.292788503150948
bbh+gpqa+ifeval+math+musr,,1.0,0.1,10,0.0369081310927867,0.943490054249548,4.289530564209626
bbh+gpqa+ifeval+math+musr,,1.0,0.1,11,0.036861378699541,0.951627486437613,4.302829020194393
bbh+gpqa+ifeval+math+musr,,1.0,0.1,12,0.0369455590844154,0.9452983725135624,4.2863992309508765
bbh+gpqa+ifeval+math+musr,,1.0,0.1,13,0.0368426032364368,0.9493670886075948,4.317378399026357
bbh+gpqa+ifeval+math+musr,,1.0,0.1,14,0.0369563326239585,0.9529837251356238,4.275507346772107
bbh+gpqa+ifeval+math+musr,,1.0,0.1,15,0.0368787199258804,0.950271247739602,4.299369840849798
bbh+gpqa+ifeval+math+musr,,1.0,0.1,16,0.0368934497237205,0.9534358047016276,4.291928478020924
bbh+gpqa+ifeval+math+musr,,1.0,0.1,17,0.0368822738528251,0.9511754068716094,4.302693717026959
bbh+gpqa+ifeval+math+musr,,1.0,0.1,18,0.0368720144033432,0.9511754068716094,4.297197393050436
bbh+gpqa+ifeval+math+musr,,1.0,0.1,19,0.0369600802659988,0.955244122965642,4.284204122074411
bbh+gpqa+ifeval+math+musr,,1.0,0.1,20,0.0369068682193756,0.9498191681735986,4.301259001190471
bbh+gpqa+ifeval+math+musr,,1.0,0.1,21,0.0368729420006275,0.9507233273056056,4.308273399709236
bbh+gpqa+ifeval+math+musr,,1.0,0.1,22,0.0369217842817306,0.945750452079566,4.289846260584116
bbh+gpqa+ifeval+math+musr,,1.0,0.1,23,0.0368907861411571,0.945750452079566,4.2997584500909
bbh+gpqa+ifeval+math+musr,,1.0,0.1,24,0.0368822328746318,0.9493670886075948,4.304147371610079
bbh+gpqa+ifeval+math+musr,,1.0,0.1,25,0.0368878580629825,0.9493670886075948,4.293398840978422
bbh+gpqa+ifeval+math+musr,,1.0,0.1,26,0.0369280166923999,0.948010849909584,4.290475152740866
bbh+gpqa+ifeval+math+musr,,1.0,0.1,27,0.0369277521967887,0.9525316455696202,4.2868797587194925
bbh+gpqa+ifeval+math+musr,,1.0,0.1,28,0.0369260087609291,0.9547920433996384,4.290021475962792
bbh+gpqa+ifeval+math+musr,,1.0,0.1,29,0.0369567275047302,0.953887884267631,4.2803212773407235
bbh+gpqa+ifeval+math+musr,,1.0,0.1,30,0.0368650965392589,0.9529837251356238,4.303154273979265
bbh+gpqa+ifeval+math+musr,,1.0,0.1,31,0.0369732119143009,0.9556962025316456,4.27623618934176
bbh+gpqa+ifeval+math+musr,,1.0,0.1,32,0.0369497574865818,0.9443942133815552,4.288200676975157
bbh+gpqa+ifeval+math+musr,,1.0,0.1,33,0.0368044562637805,0.9443942133815552,4.311693772907842
bbh+gpqa+ifeval+math+musr,,1.0,0.1,34,0.0368524156510829,0.9520795660036168,4.311764145302951
bbh+gpqa+ifeval+math+musr,,1.0,0.1,35,0.036847747862339,0.948010849909584,4.311279565812304
bbh+gpqa+ifeval+math+musr,,1.0,0.1,36,0.0368240252137184,0.9448462929475588,4.311922471541824
bbh+gpqa+ifeval+math+musr,,1.0,0.1,37,0.0368906818330287,0.9543399638336348,4.302530468886182
bbh+gpqa+ifeval+math+musr,,1.0,0.1,38,0.0369399674236774,0.9511754068716094,4.286119295385707
bbh+gpqa+ifeval+math+musr,,1.0,0.1,39,0.0368474721908569,0.9462025316455696,4.3017031171328135
bbh+gpqa+ifeval+math+musr,,1.0,0.1,40,0.0370297692716121,0.9439421338155516,4.262372664025763
bbh+gpqa+ifeval+math+musr,,1.0,0.1,41,0.0369182266294956,0.9498191681735986,4.292513473480188
bbh+gpqa+ifeval+math+musr,,1.0,0.1,42,0.036911629140377,0.9439421338155516,4.2971555737135345
bbh+gpqa+ifeval+math+musr,,1.0,0.1,43,0.0369168147444725,0.9466546112115732,4.291539775394745
bbh+gpqa+ifeval+math+musr,,1.0,0.1,44,0.0368908271193504,0.951627486437613,4.295414706744166
bbh+gpqa+ifeval+math+musr,,1.0,0.1,45,0.0368689037859439,0.9529837251356238,4.304437110326146
bbh+gpqa+ifeval+math+musr,,1.0,0.1,46,0.0369522757828235,0.948010849909584,4.280584219598055
bbh+gpqa+ifeval+math+musr,,1.0,0.1,47,0.0368958301842212,0.945750452079566,4.297784932531409
bbh+gpqa+ifeval+math+musr,,1.0,0.1,48,0.0369689352810382,0.9543399638336348,4.275373525462775
bbh+gpqa+ifeval+math+musr,,1.0,0.1,49,0.0368478223681449,0.9556962025316456,4.308472347205246
bbh+gpqa+ifeval+math+musr,,1.0,0.1,50,0.0368503481149673,0.939873417721519,4.307227976824273
bbh+gpqa+ifeval+math+musr,,1.0,0.1,51,0.0369316525757312,0.93625678119349,4.286758714714277
bbh+gpqa+ifeval+math+musr,,1.0,0.1,52,0.0368942618370056,0.9462025316455696,4.296479999533841
bbh+gpqa+ifeval+math+musr,,1.0,0.1,53,0.0368981808423996,0.9462025316455696,4.291943096237223
bbh+gpqa+ifeval+math+musr,,1.0,0.1,54,0.0368781425058841,0.9412296564195298,4.2937303585624
bbh+gpqa+ifeval+math+musr,,1.0,0.1,55,0.036945566534996,0.9412296564195298,4.285375481806032
bbh+gpqa+ifeval+math+musr,,1.0,0.1,56,0.0369616448879241,0.9484629294755876,4.270636044625585
bbh+gpqa+ifeval+math+musr,,1.0,0.1,57,0.0369176007807254,0.9358047016274864,4.287881859604297
bbh+gpqa+ifeval+math+musr,,1.0,0.1,58,0.0369300432503223,0.9471066907775768,4.293917253468411
bbh+gpqa+ifeval+math+musr,,1.0,0.1,59,0.0369257144629955,0.945750452079566,4.2929363745772955
bbh+gpqa+ifeval+math+musr,,1.0,0.1,60,0.036851342767477,0.9525316455696202,4.3023929683068864
bbh+gpqa+ifeval+math+musr,,1.0,0.1,61,0.0369591452181339,0.9412296564195298,4.286004159309878
bbh+gpqa+ifeval+math+musr,,1.0,0.1,62,0.0369591191411018,0.9466546112115732,4.27711036164089
bbh+gpqa+ifeval+math+musr,,1.0,0.1,63,0.0369051471352577,0.950271247739602,4.288079354312953
bbh+gpqa+ifeval+math+musr,,1.0,0.1,64,0.0369312353432178,0.9602169981916816,4.290658334163924
bbh+gpqa+ifeval+math+musr,,1.0,0.1,65,0.0368210673332214,0.9439421338155516,4.307316390752274
bbh+gpqa+ifeval+math+musr,,1.0,0.1,66,0.0369031392037868,0.939873417721519,4.294241600736719
bbh+gpqa+ifeval+math+musr,,1.0,0.1,67,0.0369234979152679,0.9498191681735986,4.290155224409972
bbh+gpqa+ifeval+math+musr,,1.0,0.1,68,0.0369208417832851,0.9484629294755876,4.287508490895491
bbh+gpqa+ifeval+math+musr,,1.0,0.1,69,0.0369570143520832,0.9466546112115732,4.279131270649
bbh+gpqa+ifeval+math+musr,,1.0,0.1,70,0.0368985533714294,0.9507233273056056,4.298482587693578
bbh+gpqa+ifeval+math+musr,,1.0,0.1,71,0.0368962287902832,0.945750452079566,4.298770518540435
bbh+gpqa+ifeval+math+musr,,1.0,0.1,72,0.0369344353675842,0.9425858951175408,4.291637277481859
bbh+gpqa+ifeval+math+musr,,1.0,0.1,73,0.0369334444403648,0.9529837251356238,4.282921220640256
bbh+gpqa+ifeval+math+musr,,1.0,0.1,74,0.0368464328348636,0.945750452079566,4.3052143792344815
bbh+gpqa+ifeval+math+musr,,1.0,0.1,75,0.0368706658482551,0.943490054249548,4.299129712529572
bbh+gpqa+ifeval+math+musr,,1.0,0.1,76,0.0369509793817997,0.9466546112115732,4.290488610369856
bbh+gpqa+ifeval+math+musr,,1.0,0.1,77,0.0369562581181526,0.9462025316455696,4.280197266287398
bbh+gpqa+ifeval+math+musr,,1.0,0.1,78,0.0368775799870491,0.9403254972875226,4.298655399326904
bbh+gpqa+ifeval+math+musr,,1.0,0.1,79,0.0368260778486728,0.951627486437613,4.311272087590969
bbh+gpqa+ifeval+math+musr,,1.0,0.1,80,0.0368137694895267,0.9534358047016276,4.312853245109495
bbh+gpqa+ifeval+math+musr,,1.0,0.1,81,0.0369339622557163,0.950271247739602,4.278561489279342
bbh+gpqa+ifeval+math+musr,,1.0,0.1,82,0.03687359765172,0.9520795660036168,4.3037814307128395
bbh+gpqa+ifeval+math+musr,,1.0,0.1,83,0.0368091687560081,0.9507233273056056,4.310713387650526
bbh+gpqa+ifeval+math+musr,,1.0,0.1,84,0.0368983447551727,0.943490054249548,4.291431439498098
bbh+gpqa+ifeval+math+musr,,1.0,0.1,85,0.0369309298694133,0.9511754068716094,4.292583289741489
bbh+gpqa+ifeval+math+musr,,1.0,0.1,86,0.0368106886744499,0.9430379746835442,4.321146065428153
bbh+gpqa+ifeval+math+musr,,1.0,0.1,87,0.0369432866573333,0.9520795660036168,4.281474027200293
bbh+gpqa+ifeval+math+musr,,1.0,0.1,88,0.0369128175079822,0.9507233273056056,4.2900282691533285
bbh+gpqa+ifeval+math+musr,,1.0,0.1,89,0.03687484562397,0.9498191681735986,4.294506549175486
bbh+gpqa+ifeval+math+musr,,1.0,0.1,90,0.0368937402963638,0.9425858951175408,4.299811065238933
bbh+gpqa+ifeval+math+musr,,1.0,0.1,91,0.036848459392786,0.9561482820976492,4.305225813175816
bbh+gpqa+ifeval+math+musr,,1.0,0.1,92,0.0369054451584816,0.951627486437613,4.297011240442092
bbh+gpqa+ifeval+math+musr,,1.0,0.1,93,0.0369726121425628,0.950271247739602,4.277254260677852
bbh+gpqa+ifeval+math+musr,,1.0,0.1,94,0.0368949323892593,0.9520795660036168,4.301885958606253
bbh+gpqa+ifeval+math+musr,,1.0,0.1,95,0.0368607863783836,0.9443942133815552,4.298092401329986
bbh+gpqa+ifeval+math+musr,,1.0,0.1,96,0.0369570031762123,0.9430379746835442,4.275049570148907
bbh+gpqa+ifeval+math+musr,,1.0,0.1,97,0.03691091760993,0.9570524412296564,4.287633110899469
bbh+gpqa+ifeval+math+musr,,1.0,0.1,98,0.0368856489658355,0.9448462929475588,4.294616335497557
bbh+gpqa+ifeval+math+musr,,1.0,0.1,99,0.0369019396603107,0.9507233273056056,4.291952153761914
bbh+gpqa+ifeval+math+musr,,1.0,0.125,0,0.0318497791886329,0.9403254972875226,4.48204736847147
bbh+gpqa+ifeval+math+musr,,1.0,0.125,1,0.031839482486248,0.9452983725135624,4.486971890129236
bbh+gpqa+ifeval+math+musr,,1.0,0.125,2,0.0317775271832942,0.9452983725135624,4.504104896041019
bbh+gpqa+ifeval+math+musr,,1.0,0.125,3,0.0318251810967922,0.9475587703435804,4.4973163875014714
bbh+gpqa+ifeval+math+musr,,1.0,0.125,4,0.0317827835679054,0.9416817359855334,4.5161514317015214
bbh+gpqa+ifeval+math+musr,,1.0,0.125,5,0.0318176671862602,0.9493670886075948,4.499690119267822
bbh+gpqa+ifeval+math+musr,,1.0,0.125,6,0.0318575166165828,0.9498191681735986,4.479187385928569
bbh+gpqa+ifeval+math+musr,,1.0,0.125,7,0.0318058617413044,0.955244122965642,4.501932554147851
bbh+gpqa+ifeval+math+musr,,1.0,0.125,8,0.0318244211375713,0.950271247739602,4.4912258922541985
bbh+gpqa+ifeval+math+musr,,1.0,0.125,9,0.0317934453487396,0.9471066907775768,4.4946570718913685
bbh+gpqa+ifeval+math+musr,,1.0,0.125,10,0.0318234488368034,0.9462025316455696,4.491050809850601
bbh+gpqa+ifeval+math+musr,,1.0,0.125,11,0.0317928753793239,0.95750452079566,4.503247587597093
bbh+gpqa+ifeval+math+musr,,1.0,0.125,12,0.0318469405174255,0.9430379746835442,4.483517126184228
bbh+gpqa+ifeval+math+musr,,1.0,0.125,13,0.0317703820765018,0.9471066907775768,4.516543426853094
bbh+gpqa+ifeval+math+musr,,1.0,0.125,14,0.0318517312407493,0.9493670886075948,4.4803403445270185
bbh+gpqa+ifeval+math+musr,,1.0,0.125,15,0.0318047180771827,0.9452983725135624,4.497162848849921
bbh+gpqa+ifeval+math+musr,,1.0,0.125,16,0.0318122245371341,0.9561482820976492,4.497183156197999
bbh+gpqa+ifeval+math+musr,,1.0,0.125,17,0.0317870676517486,0.950271247739602,4.5058584666959245
bbh+gpqa+ifeval+math+musr,,1.0,0.125,18,0.0317963995039463,0.948010849909584,4.495729571499867
bbh+gpqa+ifeval+math+musr,,1.0,0.125,19,0.0318523794412612,0.9579566003616636,4.489763170608633
bbh+gpqa+ifeval+math+musr,,1.0,0.125,20,0.0318168923258781,0.950271247739602,4.500569986736287
bbh+gpqa+ifeval+math+musr,,1.0,0.125,21,0.0318009257316589,0.9507233273056056,4.504265954853011
bbh+gpqa+ifeval+math+musr,,1.0,0.125,22,0.0318331383168697,0.9489150090415912,4.488962846036782
bbh+gpqa+ifeval+math+musr,,1.0,0.125,23,0.0318024456501007,0.9493670886075948,4.5039895545389115
bbh+gpqa+ifeval+math+musr,,1.0,0.125,24,0.0317973494529724,0.953887884267631,4.50511110820785
bbh+gpqa+ifeval+math+musr,,1.0,0.125,25,0.031802374869585,0.9498191681735986,4.49457572295548
bbh+gpqa+ifeval+math+musr,,1.0,0.125,26,0.0318472236394882,0.9484629294755876,4.487268378941476
bbh+gpqa+ifeval+math+musr,,1.0,0.125,27,0.0318421684205532,0.9489150090415912,4.485037498447117
bbh+gpqa+ifeval+math+musr,,1.0,0.125,28,0.0318331234157085,0.9570524412296564,4.488254980921628
bbh+gpqa+ifeval+math+musr,,1.0,0.125,29,0.0318638868629932,0.9543399638336348,4.481029946315433
bbh+gpqa+ifeval+math+musr,,1.0,0.125,30,0.0317826457321643,0.9543399638336348,4.498973009331745
bbh+gpqa+ifeval+math+musr,,1.0,0.125,31,0.0318602621555328,0.9507233273056056,4.483283442974047
bbh+gpqa+ifeval+math+musr,,1.0,0.125,32,0.0318434536457061,0.9412296564195298,4.491107258037767
bbh+gpqa+ifeval+math+musr,,1.0,0.125,33,0.0317424237728118,0.9448462929475588,4.51279885649162
bbh+gpqa+ifeval+math+musr,,1.0,0.125,34,0.0317867696285247,0.9525316455696202,4.506384793313373
bbh+gpqa+ifeval+math+musr,,1.0,0.125,35,0.0317870713770389,0.9543399638336348,4.503847571656696
bbh+gpqa+ifeval+math+musr,,1.0,0.125,36,0.0317594595253467,0.950271247739602,4.5119972442331795
bbh+gpqa+ifeval+math+musr,,1.0,0.125,37,0.0318068861961364,0.9543399638336348,4.502423871493494
bbh+gpqa+ifeval+math+musr,,1.0,0.125,38,0.031841829419136,0.9543399638336348,4.485905084535658
bbh+gpqa+ifeval+math+musr,,1.0,0.125,39,0.0317678079009056,0.948010849909584,4.501185122181493
bbh+gpqa+ifeval+math+musr,,1.0,0.125,40,0.0319193787872791,0.9425858951175408,4.465218275275995
bbh+gpqa+ifeval+math+musr,,1.0,0.125,41,0.0318316332995891,0.953887884267631,4.491552850534103
bbh+gpqa+ifeval+math+musr,,1.0,0.125,42,0.031834851950407,0.9452983725135624,4.495965843730994
bbh+gpqa+ifeval+math+musr,,1.0,0.125,43,0.0318367071449756,0.9443942133815552,4.490636074055833
bbh+gpqa+ifeval+math+musr,,1.0,0.125,44,0.0318007580935955,0.9507233273056056,4.499517339605376
bbh+gpqa+ifeval+math+musr,,1.0,0.125,45,0.0317858718335628,0.9471066907775768,4.506345782855144
bbh+gpqa+ifeval+math+musr,,1.0,0.125,46,0.0318485088646411,0.943490054249548,4.48471424490513
bbh+gpqa+ifeval+math+musr,,1.0,0.125,47,0.0318195708096027,0.9462025316455696,4.4917445934552065
bbh+gpqa+ifeval+math+musr,,1.0,0.125,48,0.031861450523138,0.9547920433996384,4.4791928655547135
bbh+gpqa+ifeval+math+musr,,1.0,0.125,49,0.0317712165415287,0.9448462929475588,4.5098666024304706
bbh+gpqa+ifeval+math+musr,,1.0,0.125,50,0.0318195149302482,0.9588607594936708,4.495690575719109
bbh+gpqa+ifeval+math+musr,,1.0,0.125,51,0.0318506397306919,0.9493670886075948,4.48500883665807
bbh+gpqa+ifeval+math+musr,,1.0,0.125,52,0.0318495444953441,0.945750452079566,4.488756253449195
bbh+gpqa+ifeval+math+musr,,1.0,0.125,53,0.0318411067128181,0.9466546112115732,4.484459496157625
bbh+gpqa+ifeval+math+musr,,1.0,0.125,54,0.0318075343966484,0.9507233273056056,4.491959900611861
bbh+gpqa+ifeval+math+musr,,1.0,0.125,55,0.0317923203110694,0.951627486437613,4.501013030010544
bbh+gpqa+ifeval+math+musr,,1.0,0.125,56,0.0318118035793304,0.9452983725135624,4.490172660763765
bbh+gpqa+ifeval+math+musr,,1.0,0.125,57,0.0318596623837947,0.9439421338155516,4.481015343460403
bbh+gpqa+ifeval+math+musr,,1.0,0.125,58,0.0318117775022983,0.9471066907775768,4.505572173139246
bbh+gpqa+ifeval+math+musr,,1.0,0.125,59,0.0318351797759532,0.945750452079566,4.494177268190807
bbh+gpqa+ifeval+math+musr,,1.0,0.125,60,0.031800027936697,0.9498191681735986,4.496159202976671
bbh+gpqa+ifeval+math+musr,,1.0,0.125,61,0.0318150147795677,0.9466546112115732,4.501581161080682
bbh+gpqa+ifeval+math+musr,,1.0,0.125,62,0.0317826718091964,0.9462025316455696,4.49908894022782
bbh+gpqa+ifeval+math+musr,,1.0,0.125,63,0.0318566672503948,0.9462025316455696,4.477496954905218
bbh+gpqa+ifeval+math+musr,,1.0,0.125,64,0.0317807272076606,0.950271247739602,4.508483817382723
bbh+gpqa+ifeval+math+musr,,1.0,0.125,65,0.031770646572113,0.9511754068716094,4.50478471390164
bbh+gpqa+ifeval+math+musr,,1.0,0.125,66,0.0318222045898437,0.9412296564195298,4.49188929148913
bbh+gpqa+ifeval+math+musr,,1.0,0.125,67,0.0318415388464927,0.9466546112115732,4.483876971535213
bbh+gpqa+ifeval+math+musr,,1.0,0.125,68,0.0318373329937458,0.9471066907775768,4.485629713702378
bbh+gpqa+ifeval+math+musr,,1.0,0.125,69,0.031859140843153,0.9452983725135624,4.476759148671016
bbh+gpqa+ifeval+math+musr,,1.0,0.125,70,0.0318114571273326,0.9484629294755876,4.499647452215725
bbh+gpqa+ifeval+math+musr,,1.0,0.125,71,0.031813845038414,0.945750452079566,4.498838874924732
bbh+gpqa+ifeval+math+musr,,1.0,0.125,72,0.0318336710333824,0.9371609403254972,4.493206111440922
bbh+gpqa+ifeval+math+musr,,1.0,0.125,73,0.0318222753703594,0.9534358047016276,4.49106249528816
bbh+gpqa+ifeval+math+musr,,1.0,0.125,74,0.0317786373198032,0.9511754068716094,4.504069846025754
bbh+gpqa+ifeval+math+musr,,1.0,0.125,75,0.0317983664572238,0.953887884267631,4.4980899376365215
bbh+gpqa+ifeval+math+musr,,1.0,0.125,76,0.0318461060523986,0.9471066907775768,4.492807588731585
bbh+gpqa+ifeval+math+musr,,1.0,0.125,77,0.0318528823554515,0.945750452079566,4.482501214076836
bbh+gpqa+ifeval+math+musr,,1.0,0.125,78,0.0317995995283126,0.9489150090415912,4.499586767617585
bbh+gpqa+ifeval+math+musr,,1.0,0.125,79,0.0317549966275692,0.9556962025316456,4.512633564680676
bbh+gpqa+ifeval+math+musr,,1.0,0.125,80,0.0317562595009803,0.955244122965642,4.507150797588827
bbh+gpqa+ifeval+math+musr,,1.0,0.125,81,0.0318479649722576,0.945750452079566,4.477169749461605
bbh+gpqa+ifeval+math+musr,,1.0,0.125,82,0.0317907854914665,0.9570524412296564,4.4998496636514576
bbh+gpqa+ifeval+math+musr,,1.0,0.125,83,0.0317514315247535,0.9489150090415912,4.51280950316445
bbh+gpqa+ifeval+math+musr,,1.0,0.125,84,0.0318088866770267,0.9452983725135624,4.494694985266141
bbh+gpqa+ifeval+math+musr,,1.0,0.125,85,0.0318369045853614,0.948010849909584,4.49499315243339
bbh+gpqa+ifeval+math+musr,,1.0,0.125,86,0.0317389108240604,0.9439421338155516,4.519978322879891
bbh+gpqa+ifeval+math+musr,,1.0,0.125,87,0.0318514481186866,0.9520795660036168,4.484819820102638
bbh+gpqa+ifeval+math+musr,,1.0,0.125,88,0.0318233631551265,0.950271247739602,4.490804095739447
bbh+gpqa+ifeval+math+musr,,1.0,0.125,89,0.0317984707653522,0.9525316455696202,4.495214454320776
bbh+gpqa+ifeval+math+musr,,1.0,0.125,90,0.0318040959537029,0.9403254972875226,4.502540834649545
bbh+gpqa+ifeval+math+musr,,1.0,0.125,91,0.0317625924944877,0.9547920433996384,4.512391674315714
bbh+gpqa+ifeval+math+musr,,1.0,0.125,92,0.0318225026130676,0.9507233273056056,4.495518573859062
bbh+gpqa+ifeval+math+musr,,1.0,0.125,93,0.0318605862557888,0.945750452079566,4.484219215424051
bbh+gpqa+ifeval+math+musr,,1.0,0.125,94,0.0318174995481967,0.9507233273056056,4.497239345399794
bbh+gpqa+ifeval+math+musr,,1.0,0.125,95,0.0317693874239921,0.9430379746835442,4.503597831940495
bbh+gpqa+ifeval+math+musr,,1.0,0.125,96,0.0318689830601215,0.9421338155515372,4.473592899113459
bbh+gpqa+ifeval+math+musr,,1.0,0.125,97,0.0318332090973854,0.9534358047016276,4.484683243400692
bbh+gpqa+ifeval+math+musr,,1.0,0.125,98,0.0318101570010185,0.9412296564195298,4.492180273096785
bbh+gpqa+ifeval+math+musr,,1.0,0.125,99,0.0318302772939205,0.955244122965642,4.4887967968531965
bbh+gpqa+ifeval+math+musr,,1.0,0.15,0,0.0281634870916605,0.950271247739602,4.639979216950735
bbh+gpqa+ifeval+math+musr,,1.0,0.15,1,0.0281473658978939,0.9443942133815552,4.645457220127495
bbh+gpqa+ifeval+math+musr,,1.0,0.15,2,0.0281007755547761,0.9462025316455696,4.662245670313931
bbh+gpqa+ifeval+math+musr,,1.0,0.15,3,0.0281460992991924,0.9525316455696202,4.651486253388166
bbh+gpqa+ifeval+math+musr,,1.0,0.15,4,0.0281090922653675,0.9421338155515372,4.669645606675269
bbh+gpqa+ifeval+math+musr,,1.0,0.15,5,0.0281323138624429,0.950271247739602,4.656545504238054
bbh+gpqa+ifeval+math+musr,,1.0,0.15,6,0.028170445933938,0.950271247739602,4.637726975870764
bbh+gpqa+ifeval+math+musr,,1.0,0.15,7,0.0281252395361661,0.9520795660036168,4.6601131659756625
bbh+gpqa+ifeval+math+musr,,1.0,0.15,8,0.0281399488449096,0.9547920433996384,4.646144478018918
bbh+gpqa+ifeval+math+musr,,1.0,0.15,9,0.0281112398952245,0.9484629294755876,4.6540380809036535
bbh+gpqa+ifeval+math+musr,,1.0,0.15,10,0.0281531475484371,0.9498191681735986,4.6426221650983255
bbh+gpqa+ifeval+math+musr,,1.0,0.15,11,0.0281244330108165,0.9534358047016276,4.653096196546601
bbh+gpqa+ifeval+math+musr,,1.0,0.15,12,0.0281591936945915,0.9493670886075948,4.641718008495423
bbh+gpqa+ifeval+math+musr,,1.0,0.15,13,0.0281049907207489,0.9543399638336348,4.668151816147122
bbh+gpqa+ifeval+math+musr,,1.0,0.15,14,0.0281732957810163,0.9493670886075948,4.632935486520315
bbh+gpqa+ifeval+math+musr,,1.0,0.15,15,0.0281247217208147,0.9475587703435804,4.6517755852375835
bbh+gpqa+ifeval+math+musr,,1.0,0.15,16,0.0281388871371746,0.9579566003616636,4.652239753054625
bbh+gpqa+ifeval+math+musr,,1.0,0.15,17,0.028111882507801,0.9584086799276672,4.657832414721574
bbh+gpqa+ifeval+math+musr,,1.0,0.15,18,0.028118597343564,0.950271247739602,4.651706878627598
bbh+gpqa+ifeval+math+musr,,1.0,0.15,19,0.0281605720520019,0.9579566003616636,4.647859608198586
bbh+gpqa+ifeval+math+musr,,1.0,0.15,20,0.028132926672697,0.9425858951175408,4.657142742623817
bbh+gpqa+ifeval+math+musr,,1.0,0.15,21,0.0281193684786558,0.951627486437613,4.657926823372504
bbh+gpqa+ifeval+math+musr,,1.0,0.15,22,0.0281526837497949,0.9489150090415912,4.646502413933763
bbh+gpqa+ifeval+math+musr,,1.0,0.15,23,0.0281265676021575,0.9489150090415912,4.658392905890856
bbh+gpqa+ifeval+math+musr,,1.0,0.15,24,0.0281222537159919,0.9511754068716094,4.658242717509604
bbh+gpqa+ifeval+math+musr,,1.0,0.15,25,0.0281319338828325,0.948010849909584,4.650068630354678
bbh+gpqa+ifeval+math+musr,,1.0,0.15,26,0.0281585063785314,0.951627486437613,4.643099648786949
bbh+gpqa+ifeval+math+musr,,1.0,0.15,27,0.0281546656042337,0.95750452079566,4.64270140515481
bbh+gpqa+ifeval+math+musr,,1.0,0.15,28,0.0281400997191667,0.9507233273056056,4.645206118455995
bbh+gpqa+ifeval+math+musr,,1.0,0.15,29,0.028182566165924,0.9525316455696202,4.633503791375326
bbh+gpqa+ifeval+math+musr,,1.0,0.15,30,0.0281119085848331,0.951627486437613,4.653784085536202
bbh+gpqa+ifeval+math+musr,,1.0,0.15,31,0.0281698852777481,0.951627486437613,4.637529963202374
bbh+gpqa+ifeval+math+musr,,1.0,0.15,32,0.0281564816832542,0.9452983725135624,4.646676609027979
bbh+gpqa+ifeval+math+musr,,1.0,0.15,33,0.0281435120850801,0.9489150090415912,4.645608252190385
bbh+gpqa+ifeval+math+musr,,1.0,0.15,34,0.0281142499297857,0.950271247739602,4.661638618143711
bbh+gpqa+ifeval+math+musr,,1.0,0.15,35,0.0281293056905269,0.9498191681735986,4.653039352217043
bbh+gpqa+ifeval+math+musr,,1.0,0.15,36,0.0281497240066528,0.9462025316455696,4.650127476717544
bbh+gpqa+ifeval+math+musr,,1.0,0.15,37,0.0281468126922845,0.9511754068716094,4.6527537202267775
bbh+gpqa+ifeval+math+musr,,1.0,0.15,38,0.0281106736510992,0.9430379746835442,4.656690926214963
bbh+gpqa+ifeval+math+musr,,1.0,0.15,39,0.0281824916601181,0.9475587703435804,4.627565774228924
bbh+gpqa+ifeval+math+musr,,1.0,0.15,40,0.0281284004449844,0.9498191681735986,4.651126147211975
bbh+gpqa+ifeval+math+musr,,1.0,0.15,41,0.0281597282737493,0.948010849909584,4.641794298969764
bbh+gpqa+ifeval+math+musr,,1.0,0.15,42,0.0280986372381448,0.9507233273056056,4.670052247798067
bbh+gpqa+ifeval+math+musr,,1.0,0.15,43,0.0281451363116502,0.9471066907775768,4.648354383435345
bbh+gpqa+ifeval+math+musr,,1.0,0.15,44,0.0281872022897005,0.951627486437613,4.63152974059397
bbh+gpqa+ifeval+math+musr,,1.0,0.15,45,0.0281376764178276,0.9511754068716094,4.649476475101134
bbh+gpqa+ifeval+math+musr,,1.0,0.15,46,0.0281412508338689,0.9443942133815552,4.645458919449355
bbh+gpqa+ifeval+math+musr,,1.0,0.15,47,0.028124576434493,0.9507233273056056,4.651493401057431
bbh+gpqa+ifeval+math+musr,,1.0,0.15,48,0.0281170643866062,0.9452983725135624,4.653926624055344
bbh+gpqa+ifeval+math+musr,,1.0,0.15,49,0.0280992705374956,0.9520795660036168,4.664953709684204
bbh+gpqa+ifeval+math+musr,,1.0,0.15,50,0.0281418673694133,0.955244122965642,4.64989904604263
bbh+gpqa+ifeval+math+musr,,1.0,0.15,51,0.0281676780432462,0.9525316455696202,4.640807513133921
bbh+gpqa+ifeval+math+musr,,1.0,0.15,52,0.0281605646014213,0.9471066907775768,4.64444489173109
bbh+gpqa+ifeval+math+musr,,1.0,0.15,53,0.0281679760664701,0.9511754068716094,4.637078082366396
bbh+gpqa+ifeval+math+musr,,1.0,0.15,54,0.0281301233917474,0.9511754068716094,4.646842214147583
bbh+gpqa+ifeval+math+musr,,1.0,0.15,55,0.0281144119799137,0.950271247739602,4.657405515314253
bbh+gpqa+ifeval+math+musr,,1.0,0.15,56,0.0281228069216012,0.9448462929475588,4.651938203852805
bbh+gpqa+ifeval+math+musr,,1.0,0.15,57,0.0281658731400966,0.9475587703435804,4.637583118473243
bbh+gpqa+ifeval+math+musr,,1.0,0.15,58,0.0281375274062156,0.953887884267631,4.657699801203449
bbh+gpqa+ifeval+math+musr,,1.0,0.15,59,0.0281521454453468,0.9507233273056056,4.647512495541241
bbh+gpqa+ifeval+math+musr,,1.0,0.15,60,0.0281217824667692,0.9525316455696202,4.653683593703958
bbh+gpqa+ifeval+math+musr,,1.0,0.15,61,0.0281261652708053,0.9520795660036168,4.659889323465007
bbh+gpqa+ifeval+math+musr,,1.0,0.15,62,0.0281064771115779,0.948010849909584,4.652314125005594
bbh+gpqa+ifeval+math+musr,,1.0,0.15,63,0.0281703639775514,0.945750452079566,4.63642808347031
bbh+gpqa+ifeval+math+musr,,1.0,0.15,64,0.0281172953546047,0.9493670886075948,4.659186240684137
bbh+gpqa+ifeval+math+musr,,1.0,0.15,65,0.0281000807881355,0.943490054249548,4.659621497148285
bbh+gpqa+ifeval+math+musr,,1.0,0.15,66,0.0281358920037746,0.9443942133815552,4.651110717915773
bbh+gpqa+ifeval+math+musr,,1.0,0.15,67,0.0281567499041557,0.9525316455696202,4.6414428443146125
bbh+gpqa+ifeval+math+musr,,1.0,0.15,68,0.0281599182635545,0.955244122965642,4.638121218243719
bbh+gpqa+ifeval+math+musr,,1.0,0.15,69,0.0281621348112821,0.9471066907775768,4.636666489431472
bbh+gpqa+ifeval+math+musr,,1.0,0.15,70,0.0281279012560844,0.9484629294755876,4.65507665413812
bbh+gpqa+ifeval+math+musr,,1.0,0.15,71,0.0281324665993452,0.9489150090415912,4.653957281526941
bbh+gpqa+ifeval+math+musr,,1.0,0.15,72,0.02814313583076,0.9367088607594936,4.653104340611377
bbh+gpqa+ifeval+math+musr,,1.0,0.15,73,0.0281376764178276,0.951627486437613,4.646505115296693
bbh+gpqa+ifeval+math+musr,,1.0,0.15,74,0.0281075779348611,0.953887884267631,4.660714898340808
bbh+gpqa+ifeval+math+musr,,1.0,0.15,75,0.028120182454586,0.9547920433996384,4.656232884636416
bbh+gpqa+ifeval+math+musr,,1.0,0.15,76,0.028158850967884,0.9462025316455696,4.648873327968908
bbh+gpqa+ifeval+math+musr,,1.0,0.15,77,0.0281646754592657,0.9448462929475588,4.63733380226055
bbh+gpqa+ifeval+math+musr,,1.0,0.15,78,0.0281280484050512,0.9511754068716094,4.653715891444639
bbh+gpqa+ifeval+math+musr,,1.0,0.15,79,0.0280853360891342,0.9525316455696202,4.665236144033698
bbh+gpqa+ifeval+math+musr,,1.0,0.15,80,0.0280864294618368,0.9525316455696202,4.663707054722898
bbh+gpqa+ifeval+math+musr,,1.0,0.15,81,0.0281685907393693,0.9498191681735986,4.632791173751289
bbh+gpqa+ifeval+math+musr,,1.0,0.15,82,0.0281133074313402,0.9566003616636528,4.655762407498786
bbh+gpqa+ifeval+math+musr,,1.0,0.15,83,0.0280805528163909,0.9498191681735986,4.667193634868297
bbh+gpqa+ifeval+math+musr,,1.0,0.15,84,0.0281276013702154,0.9462025316455696,4.65177718232168
bbh+gpqa+ifeval+math+musr,,1.0,0.15,85,0.0281530730426311,0.9520795660036168,4.647956490640161
bbh+gpqa+ifeval+math+musr,,1.0,0.15,86,0.0280777625739574,0.943490054249548,4.672600583567673
bbh+gpqa+ifeval+math+musr,,1.0,0.15,87,0.0281642694026231,0.9525316455696202,4.642559020543517
bbh+gpqa+ifeval+math+musr,,1.0,0.15,88,0.0281428098678588,0.9529837251356238,4.644056469868522
bbh+gpqa+ifeval+math+musr,,1.0,0.15,89,0.0281199403107166,0.9579566003616636,4.650970576947221
bbh+gpqa+ifeval+math+musr,,1.0,0.15,90,0.0281331669539213,0.9511754068716094,4.6522614181726745
bbh+gpqa+ifeval+math+musr,,1.0,0.15,91,0.0280947908759117,0.9579566003616636,4.666531978618874
bbh+gpqa+ifeval+math+musr,,1.0,0.15,92,0.0281424596905708,0.9570524412296564,4.647521115678052
bbh+gpqa+ifeval+math+musr,,1.0,0.15,93,0.0281670019030571,0.945750452079566,4.640849109190459
bbh+gpqa+ifeval+math+musr,,1.0,0.15,94,0.0281286127865314,0.953887884267631,4.65622135598329
bbh+gpqa+ifeval+math+musr,,1.0,0.15,95,0.0281000062823295,0.9425858951175408,4.659792728943128
bbh+gpqa+ifeval+math+musr,,1.0,0.15,96,0.0281781181693077,0.9462025316455696,4.629478529290791
bbh+gpqa+ifeval+math+musr,,1.0,0.15,97,0.0281460471451282,0.9520795660036168,4.645916510008658
bbh+gpqa+ifeval+math+musr,,1.0,0.15,98,0.0281243901699781,0.9425858951175408,4.650410660034941
bbh+gpqa+ifeval+math+musr,,1.0,0.15,99,0.0281361415982246,0.9507233273056056,4.6517666397312984
bbh+gpqa+ifeval+math+musr,,1.0,0.175,0,0.0253577604889869,0.9462025316455696,4.764120513792974
bbh+gpqa+ifeval+math+musr,,1.0,0.175,1,0.0253509134054183,0.9412296564195298,4.7679578775797635
bbh+gpqa+ifeval+math+musr,,1.0,0.175,2,0.0253027398139238,0.95750452079566,4.7856640962032255
bbh+gpqa+ifeval+math+musr,,1.0,0.175,3,0.0253397058695554,0.9484629294755876,4.776235461573952
bbh+gpqa+ifeval+math+musr,,1.0,0.175,4,0.0253126099705696,0.9416817359855334,4.789179782089156
bbh+gpqa+ifeval+math+musr,,1.0,0.175,5,0.0253337770700454,0.951627486437613,4.776680991019046
bbh+gpqa+ifeval+math+musr,,1.0,0.175,6,0.0253601614385843,0.951627486437613,4.763849433372666
bbh+gpqa+ifeval+math+musr,,1.0,0.175,7,0.0253271479159593,0.9520795660036168,4.781766162736653
bbh+gpqa+ifeval+math+musr,,1.0,0.175,8,0.0253405943512916,0.9570524412296564,4.767804102929481
bbh+gpqa+ifeval+math+musr,,1.0,0.175,9,0.0253172777593135,0.9471066907775768,4.774795263332626
bbh+gpqa+ifeval+math+musr,,1.0,0.175,10,0.0253491997718811,0.951627486437613,4.7659085071686205
bbh+gpqa+ifeval+math+musr,,1.0,0.175,11,0.0253253243863582,0.9534358047016276,4.777360671982202
bbh+gpqa+ifeval+math+musr,,1.0,0.175,12,0.0253485217690467,0.950271247739602,4.768826825394314
bbh+gpqa+ifeval+math+musr,,1.0,0.175,13,0.0253099091351032,0.9529837251356238,4.788681562657495
bbh+gpqa+ifeval+math+musr,,1.0,0.175,14,0.0253684893250465,0.9520795660036168,4.755155820243037
bbh+gpqa+ifeval+math+musr,,1.0,0.175,15,0.0253203064203262,0.9498191681735986,4.7745673219497835
bbh+gpqa+ifeval+math+musr,,1.0,0.175,16,0.0253389347344636,0.955244122965642,4.77256392614899
bbh+gpqa+ifeval+math+musr,,1.0,0.175,17,0.0253168456256389,0.9584086799276672,4.781958188866176
bbh+gpqa+ifeval+math+musr,,1.0,0.175,18,0.0253140721470117,0.9525316455696202,4.777939001531125
bbh+gpqa+ifeval+math+musr,,1.0,0.175,19,0.025356700643897,0.9543399638336348,4.768899682860785
bbh+gpqa+ifeval+math+musr,,1.0,0.175,20,0.0253256820142269,0.943490054249548,4.782640773116149
bbh+gpqa+ifeval+math+musr,,1.0,0.175,21,0.0253147184848785,0.9498191681735986,4.78332121446094
bbh+gpqa+ifeval+math+musr,,1.0,0.175,22,0.0253534596413373,0.948010849909584,4.767911377034884
bbh+gpqa+ifeval+math+musr,,1.0,0.175,23,0.0253310557454824,0.9556962025316456,4.780224027625909
bbh+gpqa+ifeval+math+musr,,1.0,0.175,24,0.0253194868564605,0.9534358047016276,4.7819096579370814
bbh+gpqa+ifeval+math+musr,,1.0,0.175,25,0.0253286343067884,0.9498191681735986,4.774642047239598
bbh+gpqa+ifeval+math+musr,,1.0,0.175,26,0.025354404002428,0.950271247739602,4.766611775776342
bbh+gpqa+ifeval+math+musr,,1.0,0.175,27,0.025347439572215,0.9534358047016276,4.765475060113818
bbh+gpqa+ifeval+math+musr,,1.0,0.175,28,0.0253362376242876,0.9507233273056056,4.769345693602138
bbh+gpqa+ifeval+math+musr,,1.0,0.175,29,0.0253782086074352,0.9520795660036168,4.7547440123802565
bbh+gpqa+ifeval+math+musr,,1.0,0.175,30,0.0253168642520904,0.951627486437613,4.776283794372386
bbh+gpqa+ifeval+math+musr,,1.0,0.175,31,0.0253652445971965,0.951627486437613,4.761398035668753
bbh+gpqa+ifeval+math+musr,,1.0,0.175,32,0.0253543145954608,0.950271247739602,4.766775632644264
bbh+gpqa+ifeval+math+musr,,1.0,0.175,33,0.0253438800573349,0.951627486437613,4.765906877807968
bbh+gpqa+ifeval+math+musr,,1.0,0.175,34,0.0253237746655941,0.9471066907775768,4.7795758149346
bbh+gpqa+ifeval+math+musr,,1.0,0.175,35,0.0253343414515256,0.9529837251356238,4.772157656785496
bbh+gpqa+ifeval+math+musr,,1.0,0.175,36,0.0253467094153165,0.9443942133815552,4.771973604085822
bbh+gpqa+ifeval+math+musr,,1.0,0.175,37,0.0253415685147047,0.950271247739602,4.775873892444899
bbh+gpqa+ifeval+math+musr,,1.0,0.175,38,0.0253179091960191,0.9430379746835442,4.779133325546836
bbh+gpqa+ifeval+math+musr,,1.0,0.175,39,0.0253770072013139,0.9493670886075948,4.751749147770267
bbh+gpqa+ifeval+math+musr,,1.0,0.175,40,0.0253325328230857,0.9534358047016276,4.772321229250453
bbh+gpqa+ifeval+math+musr,,1.0,0.175,41,0.0253529716283082,0.9547920433996384,4.7670920033007125
bbh+gpqa+ifeval+math+musr,,1.0,0.175,42,0.0253048669546842,0.9520795660036168,4.792142687520425
bbh+gpqa+ifeval+math+musr,,1.0,0.175,43,0.025338465347886,0.9443942133815552,4.771496534191364
bbh+gpqa+ifeval+math+musr,,1.0,0.175,44,0.0253813341259956,0.9484629294755876,4.755682765361655
bbh+gpqa+ifeval+math+musr,,1.0,0.175,45,0.0253380574285984,0.9489150090415912,4.769366354024989
bbh+gpqa+ifeval+math+musr,,1.0,0.175,46,0.0253412276506423,0.9466546112115732,4.767619085930862
bbh+gpqa+ifeval+math+musr,,1.0,0.175,47,0.0253193285316228,0.9511754068716094,4.775339317345174
bbh+gpqa+ifeval+math+musr,,1.0,0.175,48,0.0253224018961191,0.9421338155515372,4.773633789350012
bbh+gpqa+ifeval+math+musr,,1.0,0.175,49,0.0253065600991249,0.9498191681735986,4.785566585432143
bbh+gpqa+ifeval+math+musr,,1.0,0.175,50,0.0253426805138587,0.9584086799276672,4.7701527644429085
bbh+gpqa+ifeval+math+musr,,1.0,0.175,51,0.0253651123493909,0.950271247739602,4.760907381562089
bbh+gpqa+ifeval+math+musr,,1.0,0.175,52,0.0253543313592672,0.9452983725135624,4.76877511561268
bbh+gpqa+ifeval+math+musr,,1.0,0.175,53,0.02536141872406,0.9475587703435804,4.759260399919672
bbh+gpqa+ifeval+math+musr,,1.0,0.175,54,0.0253349654376506,0.955244122965642,4.765398513565877
bbh+gpqa+ifeval+math+musr,,1.0,0.175,55,0.0253157000988721,0.9511754068716094,4.778573187320596
bbh+gpqa+ifeval+math+musr,,1.0,0.175,56,0.0253244061022996,0.9425858951175408,4.775241914722768
bbh+gpqa+ifeval+math+musr,,1.0,0.175,57,0.0253609474748373,0.9475587703435804,4.760614710867546
bbh+gpqa+ifeval+math+musr,,1.0,0.175,58,0.0253302063792943,0.9534358047016276,4.782360946833967
bbh+gpqa+ifeval+math+musr,,1.0,0.175,59,0.0253467876464128,0.9493670886075948,4.769446635122829
bbh+gpqa+ifeval+math+musr,,1.0,0.175,60,0.0253269653767347,0.9493670886075948,4.775660893454103
bbh+gpqa+ifeval+math+musr,,1.0,0.175,61,0.0253277029842138,0.9507233273056056,4.781537921629801
bbh+gpqa+ifeval+math+musr,,1.0,0.175,62,0.0253129452466964,0.9448462929475588,4.774818614728906
bbh+gpqa+ifeval+math+musr,,1.0,0.175,63,0.0253680068999528,0.9448462929475588,4.7602048078306725
bbh+gpqa+ifeval+math+musr,,1.0,0.175,64,0.0253180917352437,0.9471066907775768,4.781120700890506
bbh+gpqa+ifeval+math+musr,,1.0,0.175,65,0.0253138896077871,0.948010849909584,4.776099891579649
bbh+gpqa+ifeval+math+musr,,1.0,0.175,66,0.025335730984807,0.9439421338155516,4.775362016448274
bbh+gpqa+ifeval+math+musr,,1.0,0.175,67,0.0253524128347635,0.9525316455696202,4.763897450254794
bbh+gpqa+ifeval+math+musr,,1.0,0.175,68,0.0253579039126634,0.9511754068716094,4.758210088066868
bbh+gpqa+ifeval+math+musr,,1.0,0.175,69,0.0253575257956981,0.9475587703435804,4.759864069747053
bbh+gpqa+ifeval+math+musr,,1.0,0.175,70,0.0253319758921861,0.9484629294755876,4.777943377244395
bbh+gpqa+ifeval+math+musr,,1.0,0.175,71,0.025330726057291,0.950271247739602,4.776065150389111
bbh+gpqa+ifeval+math+musr,,1.0,0.175,72,0.0253405999392271,0.9403254972875226,4.774632714583946
bbh+gpqa+ifeval+math+musr,,1.0,0.175,73,0.0253389477729797,0.9566003616636528,4.766709568207714
bbh+gpqa+ifeval+math+musr,,1.0,0.175,74,0.0253159124404191,0.9498191681735986,4.780970213720943
bbh+gpqa+ifeval+math+musr,,1.0,0.175,75,0.0253194067627191,0.9529837251356238,4.781090548627437
bbh+gpqa+ifeval+math+musr,,1.0,0.175,76,0.0253499522805213,0.9462025316455696,4.771294610761877
bbh+gpqa+ifeval+math+musr,,1.0,0.175,77,0.0253593865782022,0.950271247739602,4.759946908094157
bbh+gpqa+ifeval+math+musr,,1.0,0.175,78,0.0253336913883686,0.9511754068716094,4.7715622393619315
bbh+gpqa+ifeval+math+musr,,1.0,0.175,79,0.025297513231635,0.9566003616636528,4.785572752232088
bbh+gpqa+ifeval+math+musr,,1.0,0.175,80,0.025291409343481,0.953887884267631,4.7878616820117195
bbh+gpqa+ifeval+math+musr,,1.0,0.175,81,0.0253695212304592,0.9529837251356238,4.755348564094498
bbh+gpqa+ifeval+math+musr,,1.0,0.175,82,0.0253138411790132,0.9511754068716094,4.780804638287783
bbh+gpqa+ifeval+math+musr,,1.0,0.175,83,0.0252923294901847,0.9462025316455696,4.789469726679603
bbh+gpqa+ifeval+math+musr,,1.0,0.175,84,0.0253240317106246,0.9493670886075948,4.772237788922892
bbh+gpqa+ifeval+math+musr,,1.0,0.175,85,0.0253557413816452,0.9498191681735986,4.768430187567883
bbh+gpqa+ifeval+math+musr,,1.0,0.175,86,0.0252888146787881,0.9448462929475588,4.795574320680958
bbh+gpqa+ifeval+math+musr,,1.0,0.175,87,0.0253566391766071,0.9556962025316456,4.765960053389158
bbh+gpqa+ifeval+math+musr,,1.0,0.175,88,0.0253405254334211,0.951627486437613,4.769216857045349
bbh+gpqa+ifeval+math+musr,,1.0,0.175,89,0.0253193620592355,0.9534358047016276,4.776951131032624
bbh+gpqa+ifeval+math+musr,,1.0,0.175,90,0.0253312587738037,0.9525316455696202,4.773601969264897
bbh+gpqa+ifeval+math+musr,,1.0,0.175,91,0.0252937991172075,0.9543399638336348,4.791206323763474
bbh+gpqa+ifeval+math+musr,,1.0,0.175,92,0.0253410693258047,0.9561482820976492,4.770083162490062
bbh+gpqa+ifeval+math+musr,,1.0,0.175,93,0.025366635993123,0.948010849909584,4.762033835568896
bbh+gpqa+ifeval+math+musr,,1.0,0.175,94,0.0253291688859462,0.945750452079566,4.775895124027259
bbh+gpqa+ifeval+math+musr,,1.0,0.175,95,0.0253064073622226,0.943490054249548,4.782993069100896
bbh+gpqa+ifeval+math+musr,,1.0,0.175,96,0.0253674332052469,0.9466546112115732,4.754081953635738
bbh+gpqa+ifeval+math+musr,,1.0,0.175,97,0.0253450591117143,0.9489150090415912,4.76646782082197
bbh+gpqa+ifeval+math+musr,,1.0,0.175,98,0.0253221970051527,0.9425858951175408,4.775180732417299
bbh+gpqa+ifeval+math+musr,,1.0,0.175,99,0.0253365505486726,0.9489150090415912,4.776485516407013
bbh+gpqa+ifeval+math+musr,,1.0,0.2,0,0.023119730874896,0.9439421338155516,4.864478335311945
bbh+gpqa+ifeval+math+musr,,1.0,0.2,1,0.023120118305087,0.9448462929475588,4.864645805711243
bbh+gpqa+ifeval+math+musr,,1.0,0.2,2,0.0230757109820842,0.9556962025316456,4.882288316956424
bbh+gpqa+ifeval+math+musr,,1.0,0.2,3,0.0231034588068723,0.9443942133815552,4.877708213809641
bbh+gpqa+ifeval+math+musr,,1.0,0.2,4,0.0230822879821062,0.938517179023508,4.885947794170973
bbh+gpqa+ifeval+math+musr,,1.0,0.2,5,0.0231005791574716,0.950271247739602,4.874196546877937
bbh+gpqa+ifeval+math+musr,,1.0,0.2,6,0.0231228955090045,0.9507233273056056,4.862737627397356
bbh+gpqa+ifeval+math+musr,,1.0,0.2,7,0.0231030415743589,0.9543399638336348,4.8747936891432735
bbh+gpqa+ifeval+math+musr,,1.0,0.2,8,0.0231096073985099,0.955244122965642,4.866880359561152
bbh+gpqa+ifeval+math+musr,,1.0,0.2,9,0.02309101074934,0.9507233273056056,4.869522192736923
bbh+gpqa+ifeval+math+musr,,1.0,0.2,10,0.0231157168745994,0.9484629294755876,4.86472820613447
bbh+gpqa+ifeval+math+musr,,1.0,0.2,11,0.0230978094041347,0.9570524412296564,4.871752379469483
bbh+gpqa+ifeval+math+musr,,1.0,0.2,12,0.0231173411011695,0.943490054249548,4.865121568133858
bbh+gpqa+ifeval+math+musr,,1.0,0.2,13,0.0230843685567379,0.9475587703435804,4.884993625596638
bbh+gpqa+ifeval+math+musr,,1.0,0.2,14,0.0231293775141239,0.9498191681735986,4.855751821460625
bbh+gpqa+ifeval+math+musr,,1.0,0.2,15,0.0230962764471769,0.9462025316455696,4.870557875586521
bbh+gpqa+ifeval+math+musr,,1.0,0.2,16,0.0231106933206319,0.9566003616636528,4.8696267021997555
bbh+gpqa+ifeval+math+musr,,1.0,0.2,17,0.0230917781591415,0.95750452079566,4.878289648274438
bbh+gpqa+ifeval+math+musr,,1.0,0.2,18,0.0230894852429628,0.9534358047016276,4.8731911834879
bbh+gpqa+ifeval+math+musr,,1.0,0.2,19,0.0231194142252206,0.9588607594936708,4.866533735204508
bbh+gpqa+ifeval+math+musr,,1.0,0.2,20,0.0230971574783325,0.9412296564195298,4.87794243942636
bbh+gpqa+ifeval+math+musr,,1.0,0.2,21,0.0230869520455598,0.951627486437613,4.87899985647816
bbh+gpqa+ifeval+math+musr,,1.0,0.2,22,0.0231189168989658,0.9439421338155516,4.865855170142785
bbh+gpqa+ifeval+math+musr,,1.0,0.2,23,0.0231055486947298,0.9525316455696202,4.875238732989458
bbh+gpqa+ifeval+math+musr,,1.0,0.2,24,0.0230896677821874,0.9489150090415912,4.878956201572909
bbh+gpqa+ifeval+math+musr,,1.0,0.2,25,0.0230998452752828,0.9471066907775768,4.871741531894912
bbh+gpqa+ifeval+math+musr,,1.0,0.2,26,0.0231252443045377,0.9466546112115732,4.860572822184412
bbh+gpqa+ifeval+math+musr,,1.0,0.2,27,0.0231141746044158,0.9579566003616636,4.863342034108553
bbh+gpqa+ifeval+math+musr,,1.0,0.2,28,0.0231041926890611,0.951627486437613,4.869236552256584
bbh+gpqa+ifeval+math+musr,,1.0,0.2,29,0.0231412760913372,0.9520795660036168,4.854766264708473
bbh+gpqa+ifeval+math+musr,,1.0,0.2,30,0.0230939853936433,0.9498191681735986,4.87316077507053
bbh+gpqa+ifeval+math+musr,,1.0,0.2,31,0.0231344085186719,0.9493670886075948,4.859358402429015
bbh+gpqa+ifeval+math+musr,,1.0,0.2,32,0.023119643330574,0.9448462929475588,4.86426996245166
bbh+gpqa+ifeval+math+musr,,1.0,0.2,33,0.0231114868074655,0.9534358047016276,4.861786721032605
bbh+gpqa+ifeval+math+musr,,1.0,0.2,34,0.0230969581753015,0.9462025316455696,4.8762363880358235
bbh+gpqa+ifeval+math+musr,,1.0,0.2,35,0.0231053195893764,0.9593128390596743,4.868711077975446
bbh+gpqa+ifeval+math+musr,,1.0,0.2,36,0.0231110844761133,0.9493670886075948,4.870351149830741
bbh+gpqa+ifeval+math+musr,,1.0,0.2,37,0.0231039524078369,0.9511754068716094,4.877027620176893
bbh+gpqa+ifeval+math+musr,,1.0,0.2,38,0.0230914913117885,0.9425858951175408,4.87448777609895
bbh+gpqa+ifeval+math+musr,,1.0,0.2,39,0.023141399025917,0.9511754068716094,4.848479060808786
bbh+gpqa+ifeval+math+musr,,1.0,0.2,40,0.0231028143316507,0.9520795660036168,4.87080330468044
bbh+gpqa+ifeval+math+musr,,1.0,0.2,41,0.0231178533285856,0.9525316455696202,4.865424911935099
bbh+gpqa+ifeval+math+musr,,1.0,0.2,42,0.0230819601565599,0.948010849909584,4.888328677162821
bbh+gpqa+ifeval+math+musr,,1.0,0.2,43,0.023106487467885,0.9452983725135624,4.870169194406144
bbh+gpqa+ifeval+math+musr,,1.0,0.2,44,0.0231466405093669,0.9484629294755876,4.8528048575610825
bbh+gpqa+ifeval+math+musr,,1.0,0.2,45,0.0231071915477514,0.9498191681735986,4.867447769256137
bbh+gpqa+ifeval+math+musr,,1.0,0.2,46,0.0231112018227577,0.9421338155515372,4.8651578308056695
bbh+gpqa+ifeval+math+musr,,1.0,0.2,47,0.0230948124080896,0.9507233273056056,4.870885621265672
bbh+gpqa+ifeval+math+musr,,1.0,0.2,48,0.0230956096202135,0.9443942133815552,4.871701365162021
bbh+gpqa+ifeval+math+musr,,1.0,0.2,49,0.02308383397758,0.9511754068716094,4.880226748301145
bbh+gpqa+ifeval+math+musr,,1.0,0.2,50,0.0231100693345069,0.9566003616636528,4.869217368289748
bbh+gpqa+ifeval+math+musr,,1.0,0.2,51,0.0231299269944429,0.955244122965642,4.858936546071448
bbh+gpqa+ifeval+math+musr,,1.0,0.2,52,0.023120354861021,0.9452983725135624,4.868595534545781
bbh+gpqa+ifeval+math+musr,,1.0,0.2,53,0.0231253709644079,0.945750452079566,4.858240488265866
bbh+gpqa+ifeval+math+musr,,1.0,0.2,54,0.0231078509241342,0.9584086799276672,4.861562088266588
bbh+gpqa+ifeval+math+musr,,1.0,0.2,55,0.0230895914137363,0.9543399638336348,4.8766922573573
bbh+gpqa+ifeval+math+musr,,1.0,0.2,56,0.023097451776266,0.9376130198915008,4.87157359663164
bbh+gpqa+ifeval+math+musr,,1.0,0.2,57,0.0231262054294347,0.9462025316455696,4.860845711937351
bbh+gpqa+ifeval+math+musr,,1.0,0.2,58,0.023102955892682,0.9602169981916816,4.876517520109182
bbh+gpqa+ifeval+math+musr,,1.0,0.2,59,0.023119494318962,0.9484629294755876,4.864739940235346
bbh+gpqa+ifeval+math+musr,,1.0,0.2,60,0.0230956561863422,0.9520795660036168,4.876074520929284
bbh+gpqa+ifeval+math+musr,,1.0,0.2,61,0.0231003537774086,0.955244122965642,4.87771592779848
bbh+gpqa+ifeval+math+musr,,1.0,0.2,62,0.0230876598507165,0.9484629294755876,4.8713410652162565
bbh+gpqa+ifeval+math+musr,,1.0,0.2,63,0.0231319442391395,0.9466546112115732,4.859475702887411
bbh+gpqa+ifeval+math+musr,,1.0,0.2,64,0.0230898987501859,0.9507233273056056,4.878626958117536
bbh+gpqa+ifeval+math+musr,,1.0,0.2,65,0.0230836272239685,0.950271247739602,4.872942050667256
bbh+gpqa+ifeval+math+musr,,1.0,0.2,66,0.0231048911809921,0.9484629294755876,4.8729845743490605
bbh+gpqa+ifeval+math+musr,,1.0,0.2,67,0.0231232680380344,0.9484629294755876,4.861707759816705
bbh+gpqa+ifeval+math+musr,,1.0,0.2,68,0.0231170486658811,0.9484629294755876,4.859576151754719
bbh+gpqa+ifeval+math+musr,,1.0,0.2,69,0.0231258124113082,0.9489150090415912,4.859344654348571
bbh+gpqa+ifeval+math+musr,,1.0,0.2,70,0.0230996198952198,0.9520795660036168,4.876528573134985
bbh+gpqa+ifeval+math+musr,,1.0,0.2,71,0.0231012795120477,0.9484629294755876,4.8730309621501515
bbh+gpqa+ifeval+math+musr,,1.0,0.2,72,0.0231098979711532,0.9425858951175408,4.871456089459208
bbh+gpqa+ifeval+math+musr,,1.0,0.2,73,0.0231043994426727,0.9520795660036168,4.865626313835046
bbh+gpqa+ifeval+math+musr,,1.0,0.2,74,0.0230886209756135,0.951627486437613,4.875670612497738
bbh+gpqa+ifeval+math+musr,,1.0,0.2,75,0.0230906307697296,0.9534358047016276,4.877381945667554
bbh+gpqa+ifeval+math+musr,,1.0,0.2,76,0.0231163650751113,0.9484629294755876,4.867742276704465
bbh+gpqa+ifeval+math+musr,,1.0,0.2,77,0.0231300592422485,0.9520795660036168,4.857311216692559
bbh+gpqa+ifeval+math+musr,,1.0,0.2,78,0.0231006946414709,0.9520795660036168,4.870415927937595
bbh+gpqa+ifeval+math+musr,,1.0,0.2,79,0.0230669546872377,0.9570524412296564,4.885059011110511
bbh+gpqa+ifeval+math+musr,,1.0,0.2,80,0.0230622589588165,0.950271247739602,4.887375619491083
bbh+gpqa+ifeval+math+musr,,1.0,0.2,81,0.0231322050094604,0.9507233273056056,4.853927586940937
bbh+gpqa+ifeval+math+musr,,1.0,0.2,82,0.0230908971279859,0.950271247739602,4.876853281376224
bbh+gpqa+ifeval+math+musr,,1.0,0.2,83,0.023069929331541,0.9475587703435804,4.884996297778086
bbh+gpqa+ifeval+math+musr,,1.0,0.2,84,0.0230928398668766,0.9471066907775768,4.8714678268741105
bbh+gpqa+ifeval+math+musr,,1.0,0.2,85,0.0231236368417739,0.943490054249548,4.864009658584351
bbh+gpqa+ifeval+math+musr,,1.0,0.2,86,0.0230650622397661,0.9466546112115732,4.8914272656229345
bbh+gpqa+ifeval+math+musr,,1.0,0.2,87,0.0231218766421079,0.9561482820976492,4.863842707387021
bbh+gpqa+ifeval+math+musr,,1.0,0.2,88,0.0231052637100219,0.9556962025316456,4.8702958281236794
bbh+gpqa+ifeval+math+musr,,1.0,0.2,89,0.0230929423123598,0.9579566003616636,4.871678114762305
bbh+gpqa+ifeval+math+musr,,1.0,0.2,90,0.023104915395379,0.9484629294755876,4.870930880107331
bbh+gpqa+ifeval+math+musr,,1.0,0.2,91,0.0230705570429563,0.9556962025316456,4.889330315648044
bbh+gpqa+ifeval+math+musr,,1.0,0.2,92,0.0231131296604871,0.9561482820976492,4.865911925228411
bbh+gpqa+ifeval+math+musr,,1.0,0.2,93,0.0231348145753145,0.9430379746835442,4.858658241717281
bbh+gpqa+ifeval+math+musr,,1.0,0.2,94,0.0230958014726638,0.9498191681735986,4.874115675649118
bbh+gpqa+ifeval+math+musr,,1.0,0.2,95,0.0230808574706316,0.9439421338155516,4.878195365581247
bbh+gpqa+ifeval+math+musr,,1.0,0.2,96,0.0231329482048749,0.950271247739602,4.848833711089243
bbh+gpqa+ifeval+math+musr,,1.0,0.2,97,0.0231136381626129,0.9493670886075948,4.861907296844859
bbh+gpqa+ifeval+math+musr,,1.0,0.2,98,0.0230950899422168,0.943490054249548,4.869054252375706
bbh+gpqa+ifeval+math+musr,,1.0,0.2,99,0.023103104904294,0.9543399638336348,4.874894417470733
bbh+gpqa+ifeval+math+musr,,1.0,0.225,0,0.0212775357067585,0.9430379746835442,4.941645838947153
bbh+gpqa+ifeval+math+musr,,1.0,0.225,1,0.0212798509746789,0.9484629294755876,4.944512347828284
bbh+gpqa+ifeval+math+musr,,1.0,0.225,2,0.0212422218173742,0.9498191681735986,4.959423107093894
bbh+gpqa+ifeval+math+musr,,1.0,0.225,3,0.0212627109140157,0.9498191681735986,4.954780848669071
bbh+gpqa+ifeval+math+musr,,1.0,0.225,4,0.0212441682815551,0.9416817359855334,4.963855178430648
bbh+gpqa+ifeval+math+musr,,1.0,0.225,5,0.0212627258151769,0.951627486437613,4.950945725082765
bbh+gpqa+ifeval+math+musr,,1.0,0.225,6,0.021282110363245,0.9520795660036168,4.942316840309041
bbh+gpqa+ifeval+math+musr,,1.0,0.225,7,0.021264074370265,0.951627486437613,4.953647914963905
bbh+gpqa+ifeval+math+musr,,1.0,0.225,8,0.0212693456560373,0.9498191681735986,4.943826622357697
bbh+gpqa+ifeval+math+musr,,1.0,0.225,9,0.0212543103843927,0.9511754068716094,4.948995511992906
bbh+gpqa+ifeval+math+musr,,1.0,0.225,10,0.0212754048407077,0.9489150090415912,4.9442506260112085
bbh+gpqa+ifeval+math+musr,,1.0,0.225,11,0.0212618950754404,0.9556962025316456,4.948952360294461
bbh+gpqa+ifeval+math+musr,,1.0,0.225,12,0.0212791338562965,0.9448462929475588,4.942118570926823
bbh+gpqa+ifeval+math+musr,,1.0,0.225,13,0.0212522596120834,0.950271247739602,4.959432017221259
bbh+gpqa+ifeval+math+musr,,1.0,0.225,14,0.021288588643074,0.9403254972875226,4.934275814606748
bbh+gpqa+ifeval+math+musr,,1.0,0.225,15,0.0212584938853979,0.9452983725135624,4.9501976452419525
bbh+gpqa+ifeval+math+musr,,1.0,0.225,16,0.0212725568562746,0.9588607594936708,4.948834805772573
bbh+gpqa+ifeval+math+musr,,1.0,0.225,17,0.0212573036551475,0.9593128390596743,4.956693987168122
bbh+gpqa+ifeval+math+musr,,1.0,0.225,18,0.0212515946477651,0.9466546112115732,4.953512163598529
bbh+gpqa+ifeval+math+musr,,1.0,0.225,19,0.0212814975529909,0.9606690777576852,4.9436639591955815
bbh+gpqa+ifeval+math+musr,,1.0,0.225,20,0.0212615579366683,0.940777576853526,4.953003278980215
bbh+gpqa+ifeval+math+musr,,1.0,0.225,21,0.0212510097771883,0.953887884267631,4.956514804059105
bbh+gpqa+ifeval+math+musr,,1.0,0.225,22,0.0212769694626331,0.9439421338155516,4.945905430395602
bbh+gpqa+ifeval+math+musr,,1.0,0.225,23,0.0212647765874862,0.9507233273056056,4.954139569226605
bbh+gpqa+ifeval+math+musr,,1.0,0.225,24,0.021255325525999,0.9534358047016276,4.957169418698929
bbh+gpqa+ifeval+math+musr,,1.0,0.225,25,0.0212642047554254,0.9443942133815552,4.951537201479958
bbh+gpqa+ifeval+math+musr,,1.0,0.225,26,0.0212851092219352,0.9493670886075948,4.9376888317579795
bbh+gpqa+ifeval+math+musr,,1.0,0.225,27,0.021274484694004,0.950271247739602,4.941890001084764
bbh+gpqa+ifeval+math+musr,,1.0,0.225,28,0.0212689451873302,0.9529837251356238,4.945922074857206
bbh+gpqa+ifeval+math+musr,,1.0,0.225,29,0.0212993267923593,0.9529837251356238,4.931741507308698
bbh+gpqa+ifeval+math+musr,,1.0,0.225,30,0.0212536621838808,0.953887884267631,4.954404583630607
bbh+gpqa+ifeval+math+musr,,1.0,0.225,31,0.0212905183434486,0.9498191681735986,4.938121603548892
bbh+gpqa+ifeval+math+musr,,1.0,0.225,32,0.0212810821831226,0.9471066907775768,4.942875370962511
bbh+gpqa+ifeval+math+musr,,1.0,0.225,33,0.0212670359760522,0.955244122965642,4.943684504190269
bbh+gpqa+ifeval+math+musr,,1.0,0.225,34,0.0212556347250938,0.9493670886075948,4.955231963383431
bbh+gpqa+ifeval+math+musr,,1.0,0.225,35,0.0212642755359411,0.9525316455696202,4.948050144506033
bbh+gpqa+ifeval+math+musr,,1.0,0.225,36,0.0212697945535182,0.9493670886075948,4.946913775296246
bbh+gpqa+ifeval+math+musr,,1.0,0.225,37,0.0212689414620399,0.9511754068716094,4.951714656943189
bbh+gpqa+ifeval+math+musr,,1.0,0.225,38,0.0212561972439289,0.9394213381555152,4.952137072896473
bbh+gpqa+ifeval+math+musr,,1.0,0.225,39,0.0212993286550045,0.948010849909584,4.928320091902456
bbh+gpqa+ifeval+math+musr,,1.0,0.225,40,0.0212647821754217,0.9520795660036168,4.94884395272985
bbh+gpqa+ifeval+math+musr,,1.0,0.225,41,0.0212825965136289,0.950271247739602,4.940945529679727
bbh+gpqa+ifeval+math+musr,,1.0,0.225,42,0.0212478656321764,0.9489150090415912,4.9638143499018845
bbh+gpqa+ifeval+math+musr,,1.0,0.225,43,0.0212685614824295,0.9484629294755876,4.949323344848171
bbh+gpqa+ifeval+math+musr,,1.0,0.225,44,0.0213050469756126,0.9493670886075948,4.93176172627653
bbh+gpqa+ifeval+math+musr,,1.0,0.225,45,0.0212689004838466,0.9547920433996384,4.945691233356519
bbh+gpqa+ifeval+math+musr,,1.0,0.225,46,0.0212722029536962,0.9416817359855334,4.943753883292976
bbh+gpqa+ifeval+math+musr,,1.0,0.225,47,0.0212546940892934,0.9471066907775768,4.951321098208346
bbh+gpqa+ifeval+math+musr,,1.0,0.225,48,0.021258533000946,0.9471066907775768,4.949245306551426
bbh+gpqa+ifeval+math+musr,,1.0,0.225,49,0.0212460532784461,0.9466546112115732,4.95728785145189
bbh+gpqa+ifeval+math+musr,,1.0,0.225,50,0.0212713945657014,0.9525316455696202,4.947276598360671
bbh+gpqa+ifeval+math+musr,,1.0,0.225,51,0.0212860498577356,0.955244122965642,4.938055890180828
bbh+gpqa+ifeval+math+musr,,1.0,0.225,52,0.021275894716382,0.9462025316455696,4.948812027361567
bbh+gpqa+ifeval+math+musr,,1.0,0.225,53,0.021283471956849,0.9511754068716094,4.938825845514011
bbh+gpqa+ifeval+math+musr,,1.0,0.225,54,0.021267008036375,0.9570524412296564,4.941857784725529
bbh+gpqa+ifeval+math+musr,,1.0,0.225,55,0.021251393482089,0.9471066907775768,4.955660695496771
bbh+gpqa+ifeval+math+musr,,1.0,0.225,56,0.0212647337466478,0.9430379746835442,4.946831583726707
bbh+gpqa+ifeval+math+musr,,1.0,0.225,57,0.0212827250361442,0.945750452079566,4.941543416524183
bbh+gpqa+ifeval+math+musr,,1.0,0.225,58,0.0212675835937261,0.9547920433996384,4.953626402866141
bbh+gpqa+ifeval+math+musr,,1.0,0.225,59,0.0212795585393905,0.9534358047016276,4.9434859190198495
bbh+gpqa+ifeval+math+musr,,1.0,0.225,60,0.0212592985481023,0.9507233273056056,4.954702803520721
bbh+gpqa+ifeval+math+musr,,1.0,0.225,61,0.0212633535265922,0.9498191681735986,4.954377639794888
bbh+gpqa+ifeval+math+musr,,1.0,0.225,62,0.0212522707879543,0.955244122965642,4.949443959042454
bbh+gpqa+ifeval+math+musr,,1.0,0.225,63,0.0212882664054632,0.9439421338155516,4.939729552591417
bbh+gpqa+ifeval+math+musr,,1.0,0.225,64,0.0212542824447155,0.9520795660036168,4.957393739644946
bbh+gpqa+ifeval+math+musr,,1.0,0.225,65,0.0212484635412693,0.953887884267631,4.952376474522579
bbh+gpqa+ifeval+math+musr,,1.0,0.225,66,0.0212666280567646,0.9466546112115732,4.948120498982991
bbh+gpqa+ifeval+math+musr,,1.0,0.225,67,0.0212796162813901,0.951627486437613,4.940488117968732
bbh+gpqa+ifeval+math+musr,,1.0,0.225,68,0.0212729610502719,0.955244122965642,4.941413688305023
bbh+gpqa+ifeval+math+musr,,1.0,0.225,69,0.0212842430919408,0.9471066907775768,4.9372249632881635
bbh+gpqa+ifeval+math+musr,,1.0,0.225,70,0.0212629120796918,0.9466546112115732,4.953433770455497
bbh+gpqa+ifeval+math+musr,,1.0,0.225,71,0.0212600622326135,0.9484629294755876,4.954168224970793
bbh+gpqa+ifeval+math+musr,,1.0,0.225,72,0.0212660729885101,0.9452983725135624,4.95295622497518
bbh+gpqa+ifeval+math+musr,,1.0,0.225,73,0.0212698318064212,0.9529837251356238,4.943221342063095
bbh+gpqa+ifeval+math+musr,,1.0,0.225,74,0.021256685256958,0.951627486437613,4.9522981276169
bbh+gpqa+ifeval+math+musr,,1.0,0.225,75,0.0212535206228494,0.9534358047016276,4.954814697695166
bbh+gpqa+ifeval+math+musr,,1.0,0.225,76,0.0212735012173652,0.950271247739602,4.9452539036484335
bbh+gpqa+ifeval+math+musr,,1.0,0.225,77,0.0212868005037307,0.9529837251356238,4.939401724677503
bbh+gpqa+ifeval+math+musr,,1.0,0.225,78,0.0212644822895526,0.9466546112115732,4.945139212809751
bbh+gpqa+ifeval+math+musr,,1.0,0.225,79,0.0212366059422492,0.9606690777576852,4.963225795967322
bbh+gpqa+ifeval+math+musr,,1.0,0.225,80,0.0212310552597045,0.9471066907775768,4.963008038385161
bbh+gpqa+ifeval+math+musr,,1.0,0.225,81,0.0212895981967449,0.9462025316455696,4.93375344456069
bbh+gpqa+ifeval+math+musr,,1.0,0.225,82,0.0212596822530031,0.9525316455696202,4.952951456448597
bbh+gpqa+ifeval+math+musr,,1.0,0.225,83,0.0212386064231395,0.9493670886075948,4.961504744961762
bbh+gpqa+ifeval+math+musr,,1.0,0.225,84,0.0212552789598703,0.9452983725135624,4.94705447072774
bbh+gpqa+ifeval+math+musr,,1.0,0.225,85,0.0212827622890472,0.9439421338155516,4.94240319062059
bbh+gpqa+ifeval+math+musr,,1.0,0.225,86,0.0212337225675582,0.9443942133815552,4.967387979687576
bbh+gpqa+ifeval+math+musr,,1.0,0.225,87,0.0212796162813901,0.9493670886075948,4.942632390454261
bbh+gpqa+ifeval+math+musr,,1.0,0.225,88,0.0212655030190944,0.9566003616636528,4.949543529651079
bbh+gpqa+ifeval+math+musr,,1.0,0.225,89,0.0212562400847673,0.9584086799276672,4.949419430776798
bbh+gpqa+ifeval+math+musr,,1.0,0.225,90,0.0212633088231086,0.9498191681735986,4.951089788128552
bbh+gpqa+ifeval+math+musr,,1.0,0.225,91,0.0212377589195966,0.9534358047016276,4.965770486791534
bbh+gpqa+ifeval+math+musr,,1.0,0.225,92,0.0212716534733772,0.951627486437613,4.94599466869105
bbh+gpqa+ifeval+math+musr,,1.0,0.225,93,0.0212908554822206,0.9462025316455696,4.938563228204961
bbh+gpqa+ifeval+math+musr,,1.0,0.225,94,0.021260280162096,0.9511754068716094,4.951602903734213
bbh+gpqa+ifeval+math+musr,,1.0,0.225,95,0.0212405323982238,0.948010849909584,4.958115478771166
bbh+gpqa+ifeval+math+musr,,1.0,0.225,96,0.0212906338274478,0.9471066907775768,4.928809875400237
bbh+gpqa+ifeval+math+musr,,1.0,0.225,97,0.0212748423218727,0.948010849909584,4.940634006262115
bbh+gpqa+ifeval+math+musr,,1.0,0.225,98,0.0212567914277315,0.9452983725135624,4.945901506800191
bbh+gpqa+ifeval+math+musr,,1.0,0.225,99,0.0212657414376735,0.9471066907775768,4.954161810058716
bbh+gpqa+ifeval+math+musr,,1.0,0.25,0,0.0197362601757049,0.9403254972875226,5.004614775682354
bbh+gpqa+ifeval+math+musr,,1.0,0.25,1,0.0197422727942466,0.948010849909584,5.003035553420506
bbh+gpqa+ifeval+math+musr,,1.0,0.25,2,0.0197076089680194,0.950271247739602,5.018281699929538
bbh+gpqa+ifeval+math+musr,,1.0,0.25,3,0.0197245310992002,0.9511754068716094,5.015977071942742
bbh+gpqa+ifeval+math+musr,,1.0,0.25,4,0.0197123177349567,0.938517179023508,5.022585934736794
bbh+gpqa+ifeval+math+musr,,1.0,0.25,5,0.0197233669459819,0.9498191681735986,5.012944409658879
bbh+gpqa+ifeval+math+musr,,1.0,0.25,6,0.0197423323988914,0.9489150090415912,5.003730474127429
bbh+gpqa+ifeval+math+musr,,1.0,0.25,7,0.0197248365730047,0.950271247739602,5.013065119089698
bbh+gpqa+ifeval+math+musr,,1.0,0.25,8,0.0197283346205949,0.950271247739602,5.006801876461795
bbh+gpqa+ifeval+math+musr,,1.0,0.25,9,0.0197162479162216,0.9443942133815552,5.011613318501215
bbh+gpqa+ifeval+math+musr,,1.0,0.25,10,0.0197355113923549,0.948010849909584,5.0054362700857125
bbh+gpqa+ifeval+math+musr,,1.0,0.25,11,0.0197253990918397,0.9543399638336348,5.007380175690349
bbh+gpqa+ifeval+math+musr,,1.0,0.25,12,0.0197400711476802,0.9471066907775768,5.003034639350434
bbh+gpqa+ifeval+math+musr,,1.0,0.25,13,0.0197174362838268,0.9498191681735986,5.01951465704457
bbh+gpqa+ifeval+math+musr,,1.0,0.25,14,0.0197426825761795,0.9452983725135624,4.999583690028258
bbh+gpqa+ifeval+math+musr,,1.0,0.25,15,0.0197220388799905,0.9484629294755876,5.010962978437361
bbh+gpqa+ifeval+math+musr,,1.0,0.25,16,0.0197318214923143,0.9584086799276672,5.010627126641773
bbh+gpqa+ifeval+math+musr,,1.0,0.25,17,0.0197213478386402,0.95750452079566,5.0155639802715415
bbh+gpqa+ifeval+math+musr,,1.0,0.25,18,0.0197165124118328,0.9448462929475588,5.01107704192965
bbh+gpqa+ifeval+math+musr,,1.0,0.25,19,0.0197441056370735,0.959764918625678,5.002867183799381
bbh+gpqa+ifeval+math+musr,,1.0,0.25,20,0.0197288524359464,0.9394213381555152,5.010296634970429
bbh+gpqa+ifeval+math+musr,,1.0,0.25,21,0.0197182539850473,0.953887884267631,5.0146221367633
bbh+gpqa+ifeval+math+musr,,1.0,0.25,22,0.0197381097823381,0.9493670886075948,5.00751524649571
bbh+gpqa+ifeval+math+musr,,1.0,0.25,23,0.0197266526520252,0.9498191681735986,5.015487758102872
bbh+gpqa+ifeval+math+musr,,1.0,0.25,24,0.0197191704064607,0.9507233273056056,5.019021222190616
bbh+gpqa+ifeval+math+musr,,1.0,0.25,25,0.0197301264852285,0.9489150090415912,5.010788148763046
bbh+gpqa+ifeval+math+musr,,1.0,0.25,26,0.0197424031794071,0.9520795660036168,4.999902409621057
bbh+gpqa+ifeval+math+musr,,1.0,0.25,27,0.01973707228899,0.9511754068716094,5.003969028056074
bbh+gpqa+ifeval+math+musr,,1.0,0.25,28,0.019730245694518,0.950271247739602,5.006919426030528
bbh+gpqa+ifeval+math+musr,,1.0,0.25,29,0.0197534691542387,0.953887884267631,4.9947167699924115
bbh+gpqa+ifeval+math+musr,,1.0,0.25,30,0.0197187699377536,0.9525316455696202,5.014713392438752
bbh+gpqa+ifeval+math+musr,,1.0,0.25,31,0.0197492875158786,0.9489150090415912,4.9988773486462055
bbh+gpqa+ifeval+math+musr,,1.0,0.25,32,0.0197425782680511,0.9452983725135624,5.001182537714636
bbh+gpqa+ifeval+math+musr,,1.0,0.25,33,0.0197327081114053,0.9520795660036168,5.003065827700487
bbh+gpqa+ifeval+math+musr,,1.0,0.25,34,0.0197166930884122,0.9498191681735986,5.017234100948088
bbh+gpqa+ifeval+math+musr,,1.0,0.25,35,0.0197249315679073,0.9534358047016276,5.009724158982819
bbh+gpqa+ifeval+math+musr,,1.0,0.25,36,0.0197341907769441,0.951627486437613,5.005942344422815
bbh+gpqa+ifeval+math+musr,,1.0,0.25,37,0.0197294726967811,0.9507233273056056,5.013203431003765
bbh+gpqa+ifeval+math+musr,,1.0,0.25,38,0.0197203699499368,0.9475587703435804,5.013756717407317
bbh+gpqa+ifeval+math+musr,,1.0,0.25,39,0.0197547730058431,0.9421338155515372,4.990862777456877
bbh+gpqa+ifeval+math+musr,,1.0,0.25,40,0.0197270885109901,0.951627486437613,5.010086022480863
bbh+gpqa+ifeval+math+musr,,1.0,0.25,41,0.0197407063096761,0.9507233273056056,5.00296932797916
bbh+gpqa+ifeval+math+musr,,1.0,0.25,42,0.0197107214480638,0.9489150090415912,5.023867148947194
bbh+gpqa+ifeval+math+musr,,1.0,0.25,43,0.0197290387004613,0.9462025316455696,5.0117448242432285
bbh+gpqa+ifeval+math+musr,,1.0,0.25,44,0.0197638366371393,0.948010849909584,4.9905887514627
bbh+gpqa+ifeval+math+musr,,1.0,0.25,45,0.0197268277406692,0.950271247739602,5.007302282208281
bbh+gpqa+ifeval+math+musr,,1.0,0.25,46,0.0197327826172113,0.9462025316455696,5.007415529607894
bbh+gpqa+ifeval+math+musr,,1.0,0.25,47,0.0197150148451328,0.9525316455696202,5.015523547679648
bbh+gpqa+ifeval+math+musr,,1.0,0.25,48,0.019726924598217,0.9394213381555152,5.008822666094561
bbh+gpqa+ifeval+math+musr,,1.0,0.25,49,0.0197068750858306,0.9448462929475588,5.017662025467983
bbh+gpqa+ifeval+math+musr,,1.0,0.25,50,0.0197293497622013,0.9588607594936708,5.008391668013323
bbh+gpqa+ifeval+math+musr,,1.0,0.25,51,0.0197478327900171,0.9511754068716094,4.998869829743548
bbh+gpqa+ifeval+math+musr,,1.0,0.25,52,0.0197366084903478,0.9416817359855334,5.008123327194052
bbh+gpqa+ifeval+math+musr,,1.0,0.25,53,0.0197468381375074,0.948010849909584,4.999514317395431
bbh+gpqa+ifeval+math+musr,,1.0,0.25,54,0.0197272039949893,0.953887884267631,5.004228143701506
bbh+gpqa+ifeval+math+musr,,1.0,0.25,55,0.0197152160108089,0.9484629294755876,5.0152231552386155
bbh+gpqa+ifeval+math+musr,,1.0,0.25,56,0.0197278764098882,0.9416817359855334,5.007940432153141
bbh+gpqa+ifeval+math+musr,,1.0,0.25,57,0.0197450332343578,0.9425858951175408,5.001671359408996
bbh+gpqa+ifeval+math+musr,,1.0,0.25,58,0.0197312980890274,0.9579566003616636,5.011726423766694
bbh+gpqa+ifeval+math+musr,,1.0,0.25,59,0.0197377782315015,0.9484629294755876,5.004675899219331
bbh+gpqa+ifeval+math+musr,,1.0,0.25,60,0.0197193752974271,0.9498191681735986,5.014817551481342
bbh+gpqa+ifeval+math+musr,,1.0,0.25,61,0.0197262857109308,0.9511754068716094,5.0169754022666275
bbh+gpqa+ifeval+math+musr,,1.0,0.25,62,0.0197154693305492,0.948010849909584,5.011013419515562
bbh+gpqa+ifeval+math+musr,,1.0,0.25,63,0.0197486951947212,0.9475587703435804,4.999538252788753
bbh+gpqa+ifeval+math+musr,,1.0,0.25,64,0.0197158530354499,0.9493670886075948,5.017875824556574
bbh+gpqa+ifeval+math+musr,,1.0,0.25,65,0.0197127610445022,0.948010849909584,5.011793026338981
bbh+gpqa+ifeval+math+musr,,1.0,0.25,66,0.0197256375104188,0.9403254972875226,5.008574347039169
bbh+gpqa+ifeval+math+musr,,1.0,0.25,67,0.0197366084903478,0.9489150090415912,5.004103719824094
bbh+gpqa+ifeval+math+musr,,1.0,0.25,68,0.0197325870394706,0.950271247739602,5.003116242669999
bbh+gpqa+ifeval+math+musr,,1.0,0.25,69,0.01974493637681,0.9489150090415912,4.997014230075372
bbh+gpqa+ifeval+math+musr,,1.0,0.25,70,0.0197266098111867,0.9507233273056056,5.013647991709903
bbh+gpqa+ifeval+math+musr,,1.0,0.25,71,0.0197211503982543,0.9507233273056056,5.015011239920449
bbh+gpqa+ifeval+math+musr,,1.0,0.25,72,0.019725676625967,0.9416817359855334,5.015298920007891
bbh+gpqa+ifeval+math+musr,,1.0,0.25,73,0.0197339821606874,0.955244122965642,5.002945092257493
bbh+gpqa+ifeval+math+musr,,1.0,0.25,74,0.0197185054421424,0.9525316455696202,5.014042425700377
bbh+gpqa+ifeval+math+musr,,1.0,0.25,75,0.0197159498929977,0.9556962025316456,5.014200744457157
bbh+gpqa+ifeval+math+musr,,1.0,0.25,76,0.0197372045367956,0.9471066907775768,5.0049887992182835
bbh+gpqa+ifeval+math+musr,,1.0,0.25,77,0.0197446700185537,0.9534358047016276,5.001320342430332
bbh+gpqa+ifeval+math+musr,,1.0,0.25,78,0.019725477322936,0.948010849909584,5.006517253700994
bbh+gpqa+ifeval+math+musr,,1.0,0.25,79,0.0197004899382591,0.9566003616636528,5.023890037131047
bbh+gpqa+ifeval+math+musr,,1.0,0.25,80,0.0196994170546531,0.948010849909584,5.022935136852206
bbh+gpqa+ifeval+math+musr,,1.0,0.25,81,0.0197468735277652,0.948010849909584,4.996675677698122
bbh+gpqa+ifeval+math+musr,,1.0,0.25,82,0.019723130390048,0.9511754068716094,5.013704947671274
bbh+gpqa+ifeval+math+musr,,1.0,0.25,83,0.0197061263024806,0.9511754068716094,5.020168563980379
bbh+gpqa+ifeval+math+musr,,1.0,0.25,84,0.019720584154129,0.9493670886075948,5.007984884954098
bbh+gpqa+ifeval+math+musr,,1.0,0.25,85,0.0197394005954265,0.945750452079566,5.006959173743889
bbh+gpqa+ifeval+math+musr,,1.0,0.25,86,0.0197009108960628,0.940777576853526,5.026740900200102
bbh+gpqa+ifeval+math+musr,,1.0,0.25,87,0.0197386164218187,0.955244122965642,5.00405328095749
bbh+gpqa+ifeval+math+musr,,1.0,0.25,88,0.0197286792099475,0.959764918625678,5.008857220669867
bbh+gpqa+ifeval+math+musr,,1.0,0.25,89,0.0197201371192932,0.9579566003616636,5.009914106224742
bbh+gpqa+ifeval+math+musr,,1.0,0.25,90,0.0197270978242158,0.948010849909584,5.01043804644929
bbh+gpqa+ifeval+math+musr,,1.0,0.25,91,0.0197010077536106,0.9511754068716094,5.025947895991845
bbh+gpqa+ifeval+math+musr,,1.0,0.25,92,0.0197334699332714,0.9498191681735986,5.005221742414008
bbh+gpqa+ifeval+math+musr,,1.0,0.25,93,0.0197504572570323,0.9484629294755876,5.000281719496621
bbh+gpqa+ifeval+math+musr,,1.0,0.25,94,0.0197251997888088,0.9471066907775768,5.010049523618916
bbh+gpqa+ifeval+math+musr,,1.0,0.25,95,0.0197044275701046,0.955244122965642,5.02014713106229
bbh+gpqa+ifeval+math+musr,,1.0,0.25,96,0.0197483357042074,0.9507233273056056,4.992566642972721
bbh+gpqa+ifeval+math+musr,,1.0,0.25,97,0.0197383593767881,0.943490054249548,5.0003507941367396
bbh+gpqa+ifeval+math+musr,,1.0,0.25,98,0.0197199415415525,0.945750452079566,5.007552020954059
bbh+gpqa+ifeval+math+musr,,1.0,0.25,99,0.0197288393974304,0.9489150090415912,5.015369688523147
mmlu-pro,,1.0,0.025,0,0.068278931081295,0.9403524627202892,3.44086680673868
mmlu-pro,,1.0,0.025,1,0.0682379156351089,0.9421599638499776,3.458050766824157
mmlu-pro,,1.0,0.025,2,0.0682220607995987,0.9326705829191144,3.4463317357412206
mmlu-pro,,1.0,0.025,3,0.0683004707098007,0.9448712155445096,3.4519155294349493
mmlu-pro,,1.0,0.025,4,0.0681834667921066,0.9448712155445096,3.4531650268293435
mmlu-pro,,1.0,0.025,5,0.0684790834784507,0.9444193402620876,3.4264519139766354
mmlu-pro,,1.0,0.025,6,0.0683250725269317,0.9439674649796655,3.451700413724114
mmlu-pro,,1.0,0.025,7,0.0680678933858871,0.9439674649796655,3.46409535415227
mmlu-pro,,1.0,0.025,8,0.068290501832962,0.946226841391776,3.4433732116445026
mmlu-pro,,1.0,0.025,9,0.0683743730187416,0.9412562132851332,3.425672124772631
mmlu-pro,,1.0,0.025,10,0.0681135654449462,0.938996836873023,3.466929382841602
mmlu-pro,,1.0,0.025,11,0.0679901912808418,0.946678716674198,3.4697033979718275
mmlu-pro,,1.0,0.025,12,0.0682782754302024,0.947582467239042,3.4392141844935122
mmlu-pro,,1.0,0.025,13,0.0682701095938682,0.9444193402620876,3.4414621112571573
mmlu-pro,,1.0,0.025,14,0.0682079270482063,0.9408043380027112,3.4601639609661508
mmlu-pro,,1.0,0.025,15,0.0681235417723655,0.9439674649796655,3.461114539946929
mmlu-pro,,1.0,0.025,16,0.0681769996881485,0.9439674649796655,3.452947728764329
mmlu-pro,,1.0,0.025,17,0.0681205689907074,0.9530049706281066,3.457364338501919
mmlu-pro,,1.0,0.025,18,0.0683595463633537,0.94713059195662,3.430077321554867
mmlu-pro,,1.0,0.025,19,0.0682712569832801,0.9408043380027112,3.4516450349676737
mmlu-pro,,1.0,0.025,20,0.0682279914617538,0.9448712155445096,3.4554621100735874
mmlu-pro,,1.0,0.025,21,0.067959651350975,0.9444193402620876,3.4739226203845206
mmlu-pro,,1.0,0.025,22,0.0685832723975181,0.948034342521464,3.4216630474987655
mmlu-pro,,1.0,0.025,23,0.0681088864803314,0.9493899683687302,3.457055797185714
mmlu-pro,,1.0,0.025,24,0.0683183595538139,0.946226841391776,3.448488493235678
mmlu-pro,,1.0,0.025,25,0.0683685690164566,0.9439674649796655,3.432055205471205
mmlu-pro,,1.0,0.025,26,0.0682636201381683,0.9403524627202892,3.431832568946702
mmlu-pro,,1.0,0.025,27,0.0683666691184043,0.9426118391323997,3.436028172790042
mmlu-pro,,1.0,0.025,28,0.0684013962745666,0.946678716674198,3.421964810024679
mmlu-pro,,1.0,0.025,29,0.0679408684372901,0.9439674649796655,3.480437988667439
mmlu-pro,,1.0,0.025,30,0.0683827772736549,0.946678716674198,3.4370576159232638
mmlu-pro,,1.0,0.025,31,0.0682580024003982,0.9403524627202892,3.441502029224052
mmlu-pro,,1.0,0.025,32,0.0680692642927169,0.947582467239042,3.4625185513437353
mmlu-pro,,1.0,0.025,33,0.0682409182190895,0.9484862178038862,3.451744512460509
mmlu-pro,,1.0,0.025,34,0.0678664743900299,0.9335743334839584,3.502053514239537
mmlu-pro,,1.0,0.025,35,0.0682892575860023,0.946678716674198,3.4470661371429467
mmlu-pro,,1.0,0.025,36,0.0683035477995872,0.9430637144148216,3.4569639843450513
mmlu-pro,,1.0,0.025,37,0.0681694075465202,0.948034342521464,3.464305711009286
mmlu-pro,,1.0,0.025,38,0.0681852474808693,0.946678716674198,3.449130283069952
mmlu-pro,,1.0,0.025,39,0.068242497742176,0.9417080885675554,3.445289146030858
mmlu-pro,,1.0,0.025,40,0.0682834386825561,0.9444193402620876,3.4367414294384493
mmlu-pro,,1.0,0.025,41,0.0682700127363205,0.9489380930863082,3.444171558892896
mmlu-pro,,1.0,0.025,42,0.0679505094885826,0.9444193402620876,3.4762809642110852
mmlu-pro,,1.0,0.025,43,0.0681528002023696,0.9376412110257568,3.46221134109873
mmlu-pro,,1.0,0.025,44,0.0680939853191375,0.938093086308179,3.4626561525592483
mmlu-pro,,1.0,0.025,45,0.0686277151107788,0.9489380930863082,3.4150127194747646
mmlu-pro,,1.0,0.025,46,0.0684642642736435,0.946678716674198,3.4266452092114137
mmlu-pro,,1.0,0.025,47,0.0682978257536888,0.9403524627202892,3.4484998058690373
mmlu-pro,,1.0,0.025,48,0.0680359527468681,0.947582467239042,3.46402972398995
mmlu-pro,,1.0,0.025,49,0.0680483803153038,0.9453230908269318,3.478000126670777
mmlu-pro,,1.0,0.025,50,0.067947119474411,0.9408043380027112,3.4641795126414965
mmlu-pro,,1.0,0.025,51,0.0681086555123329,0.9489380930863082,3.468064019767994
mmlu-pro,,1.0,0.025,52,0.0682294592261314,0.94713059195662,3.4439767602225695
mmlu-pro,,1.0,0.025,53,0.0681923925876617,0.9304112065070042,3.4642837478703354
mmlu-pro,,1.0,0.025,54,0.0679909139871597,0.9376412110257568,3.4602547252364846
mmlu-pro,,1.0,0.025,55,0.0684146732091903,0.9453230908269318,3.438324578230401
mmlu-pro,,1.0,0.025,56,0.0683238059282302,0.9417080885675554,3.440535720213239
mmlu-pro,,1.0,0.025,57,0.0682072639465332,0.9444193402620876,3.451718566400062
mmlu-pro,,1.0,0.025,58,0.0682754293084144,0.9525530953456848,3.445768735680906
mmlu-pro,,1.0,0.025,59,0.0679355487227439,0.9417080885675554,3.473770353610144
mmlu-pro,,1.0,0.025,60,0.0681174248456955,0.9421599638499776,3.458668793790572
mmlu-pro,,1.0,0.025,61,0.0681680142879486,0.9408043380027112,3.4482963345852524
mmlu-pro,,1.0,0.025,62,0.0681279972195625,0.956168097605061,3.4578540875418216
mmlu-pro,,1.0,0.025,63,0.0680922865867614,0.9371893357433349,3.455941238814886
mmlu-pro,,1.0,0.025,64,0.0681239739060401,0.9448712155445096,3.469057675534567
mmlu-pro,,1.0,0.025,65,0.0680765509605407,0.938996836873023,3.461875917792461
mmlu-pro,,1.0,0.025,66,0.0682986602187156,0.9408043380027112,3.4372828659330654
mmlu-pro,,1.0,0.025,67,0.0682410299777984,0.9511974694984184,3.4461588590316294
mmlu-pro,,1.0,0.025,68,0.0683133602142334,0.948034342521464,3.423909143994072
mmlu-pro,,1.0,0.025,69,0.0682569667696952,0.938996836873023,3.4448844930264118
mmlu-pro,,1.0,0.025,70,0.0680988729000091,0.9430637144148216,3.4596621245763304
mmlu-pro,,1.0,0.025,71,0.0680370703339576,0.9417080885675554,3.4580706388141853
mmlu-pro,,1.0,0.025,72,0.0684498474001884,0.9421599638499776,3.4232891845534295
mmlu-pro,,1.0,0.025,73,0.0681764259934425,0.9385449615906012,3.4554740385184055
mmlu-pro,,1.0,0.025,74,0.0683935582637786,0.9516493447808404,3.428884403154494
mmlu-pro,,1.0,0.025,75,0.0680950209498405,0.9484862178038862,3.4610687964404065
mmlu-pro,,1.0,0.025,76,0.0682632178068161,0.9439674649796655,3.4357198357713155
mmlu-pro,,1.0,0.025,77,0.0684238225221633,0.9358337098960688,3.420790960372852
mmlu-pro,,1.0,0.025,78,0.0679588690400123,0.9439674649796655,3.484660284821992
mmlu-pro,,1.0,0.025,79,0.0680699571967125,0.9412562132851332,3.4517238018928804
mmlu-pro,,1.0,0.025,80,0.0682626813650131,0.9484862178038862,3.4414530209892313
mmlu-pro,,1.0,0.025,81,0.0682260319590568,0.9417080885675554,3.4490028278906655
mmlu-pro,,1.0,0.025,82,0.0680702477693557,0.9394487121554452,3.4638035795122533
mmlu-pro,,1.0,0.025,83,0.0681001842021942,0.9412562132851332,3.46671756611813
mmlu-pro,,1.0,0.025,84,0.0682662203907966,0.9444193402620876,3.446717898760375
mmlu-pro,,1.0,0.025,85,0.0684491321444511,0.9403524627202892,3.4291738396940628
mmlu-pro,,1.0,0.025,86,0.0684176087379455,0.9498418436511524,3.425867828519252
mmlu-pro,,1.0,0.025,87,0.0680579170584678,0.9430637144148216,3.476135504996668
mmlu-pro,,1.0,0.025,88,0.0681546777486801,0.9340262087663804,3.4550457232117004
mmlu-pro,,1.0,0.025,89,0.0681996569037437,0.9421599638499776,3.4467634414646486
mmlu-pro,,1.0,0.025,90,0.0683208182454109,0.9498418436511524,3.437223921978632
mmlu-pro,,1.0,0.025,91,0.0679728537797927,0.9426118391323997,3.4801177685023963
mmlu-pro,,1.0,0.025,92,0.0685224384069442,0.9444193402620876,3.4080470358159562
mmlu-pro,,1.0,0.025,93,0.0681720897555351,0.9408043380027112,3.4475147201715948
mmlu-pro,,1.0,0.025,94,0.068034790456295,0.948034342521464,3.462973335107608
mmlu-pro,,1.0,0.025,95,0.0681246742606163,0.946678716674198,3.463262350961844
mmlu-pro,,1.0,0.025,96,0.0679756328463554,0.9349299593312246,3.4693023230084026
mmlu-pro,,1.0,0.025,97,0.0685705244541168,0.948034342521464,3.41449833035784
mmlu-pro,,1.0,0.025,98,0.068359650671482,0.9579755987347492,3.4344275201854226
mmlu-pro,,1.0,0.025,99,0.0684212371706962,0.9417080885675554,3.4201480326402485
mmlu-pro,,1.0,0.05,0,0.043487973511219,0.9399005874378672,4.133334013823021
mmlu-pro,,1.0,0.05,1,0.0436739213764667,0.947582467239042,4.106472642145304
mmlu-pro,,1.0,0.05,2,0.0435084700584411,0.9493899683687302,4.129377226266002
mmlu-pro,,1.0,0.05,3,0.0433433316648006,0.9489380930863082,4.161592467622568
mmlu-pro,,1.0,0.05,4,0.0434259623289108,0.9444193402620876,4.141897695897613
mmlu-pro,,1.0,0.05,5,0.0436017848551273,0.9403524627202892,4.1123856892439665
mmlu-pro,,1.0,0.05,6,0.0435698255896568,0.9435155896972436,4.120833148715771
mmlu-pro,,1.0,0.05,7,0.0435067862272262,0.9430637144148216,4.129035675501315
mmlu-pro,,1.0,0.05,8,0.0435899198055267,0.9439674649796655,4.1147655191933135
mmlu-pro,,1.0,0.05,9,0.0437169857323169,0.9511974694984184,4.08303342954289
mmlu-pro,,1.0,0.05,10,0.0435507148504257,0.9439674649796655,4.123511095060391
mmlu-pro,,1.0,0.05,11,0.0434926934540271,0.9439674649796655,4.135038693553409
mmlu-pro,,1.0,0.05,12,0.04357735440135,0.9511974694984184,4.112591981995274
mmlu-pro,,1.0,0.05,13,0.0435292869806289,0.9448712155445096,4.124325929043952
mmlu-pro,,1.0,0.05,14,0.0434801131486892,0.9430637144148216,4.137074255645498
mmlu-pro,,1.0,0.05,15,0.0435190871357917,0.946226841391776,4.13213323462543
mmlu-pro,,1.0,0.05,16,0.0434846095740795,0.947582467239042,4.126738317863766
mmlu-pro,,1.0,0.05,17,0.043452363461256,0.9525530953456848,4.140527365493588
mmlu-pro,,1.0,0.05,18,0.043575569987297,0.94713059195662,4.110425619565055
mmlu-pro,,1.0,0.05,19,0.0435443185269832,0.9444193402620876,4.1270998566838974
mmlu-pro,,1.0,0.05,20,0.0434543117880821,0.9426118391323997,4.142279587358321
mmlu-pro,,1.0,0.05,21,0.0434478856623172,0.9444193402620876,4.148656693884199
mmlu-pro,,1.0,0.05,22,0.0436737537384033,0.946226841391776,4.109580134877822
mmlu-pro,,1.0,0.05,23,0.0435249060392379,0.946678716674198,4.127116647934134
mmlu-pro,,1.0,0.05,24,0.0435429699718952,0.9552643470402168,4.1328608944805225
mmlu-pro,,1.0,0.05,25,0.0435842238366603,0.9498418436511524,4.1134352890683115
mmlu-pro,,1.0,0.05,26,0.0436156652867794,0.948034342521464,4.107441100729284
mmlu-pro,,1.0,0.05,27,0.0436164289712905,0.9493899683687302,4.098701646153981
mmlu-pro,,1.0,0.05,28,0.0436386950314044,0.9530049706281066,4.097583674934121
mmlu-pro,,1.0,0.05,29,0.0434471145272254,0.946678716674198,4.1347630822333725
mmlu-pro,,1.0,0.05,30,0.0436545945703983,0.9362855851784908,4.111011238212433
mmlu-pro,,1.0,0.05,31,0.0435102730989456,0.9444193402620876,4.124114296414038
mmlu-pro,,1.0,0.05,32,0.0434704050421714,0.9403524627202892,4.13086798677077
mmlu-pro,,1.0,0.05,33,0.0434785708785057,0.9453230908269318,4.134037596960198
mmlu-pro,,1.0,0.05,34,0.0434754528105258,0.9525530953456848,4.143157159609121
mmlu-pro,,1.0,0.05,35,0.0436526276171207,0.947582467239042,4.105544774519873
mmlu-pro,,1.0,0.05,36,0.043543342500925,0.9498418436511524,4.135425202342187
mmlu-pro,,1.0,0.05,37,0.0435456596314907,0.9525530953456848,4.122282496521085
mmlu-pro,,1.0,0.05,38,0.0435606352984905,0.9570718481699052,4.110865999490534
mmlu-pro,,1.0,0.05,39,0.0434910170733928,0.945774966109354,4.1335349759391145
mmlu-pro,,1.0,0.05,40,0.043579701334238,0.947582467239042,4.108513764076299
mmlu-pro,,1.0,0.05,41,0.0435052290558815,0.9439674649796655,4.137721104115967
mmlu-pro,,1.0,0.05,42,0.0434344001114368,0.9385449615906012,4.147118581114244
mmlu-pro,,1.0,0.05,43,0.043523546308279,0.9507455942159964,4.137476013359387
mmlu-pro,,1.0,0.05,44,0.0434834398329257,0.9444193402620876,4.136572996268689
mmlu-pro,,1.0,0.05,45,0.0436171740293502,0.946226841391776,4.113160534580157
mmlu-pro,,1.0,0.05,46,0.0436290316283702,0.94713059195662,4.106728951421132
mmlu-pro,,1.0,0.05,47,0.0436121225357055,0.9444193402620876,4.120481353825009
mmlu-pro,,1.0,0.05,48,0.0434968322515487,0.9399005874378672,4.125155524499527
mmlu-pro,,1.0,0.05,49,0.0434760339558124,0.9367374604609128,4.139916686804499
mmlu-pro,,1.0,0.05,50,0.0433872938156127,0.9412562132851332,4.141665297765016
mmlu-pro,,1.0,0.05,51,0.0435491576790809,0.9484862178038862,4.132164367976026
mmlu-pro,,1.0,0.05,52,0.0435448884963989,0.9439674649796655,4.122891250012837
mmlu-pro,,1.0,0.05,53,0.0434043891727924,0.9412562132851332,4.15414980875892
mmlu-pro,,1.0,0.05,54,0.0434651523828506,0.9448712155445096,4.125530155588596
mmlu-pro,,1.0,0.05,55,0.0437173619866371,0.9453230908269318,4.093586253155697
mmlu-pro,,1.0,0.05,56,0.0435355082154274,0.94713059195662,4.130217862034168
mmlu-pro,,1.0,0.05,57,0.0433937460184097,0.946226841391776,4.1476073225023145
mmlu-pro,,1.0,0.05,58,0.0434247963130474,0.946226841391776,4.1501085911591
mmlu-pro,,1.0,0.05,59,0.0434097461402416,0.9426118391323997,4.136496811211686
mmlu-pro,,1.0,0.05,60,0.0434702150523662,0.947582467239042,4.12797635003618
mmlu-pro,,1.0,0.05,61,0.0435185730457305,0.9502937189335744,4.118173665703045
mmlu-pro,,1.0,0.05,62,0.0434675179421901,0.9498418436511524,4.136815880856979
mmlu-pro,,1.0,0.05,63,0.0435467213392257,0.9444193402620876,4.109469096815263
mmlu-pro,,1.0,0.05,64,0.0435332842171192,0.9453230908269318,4.134554679476953
mmlu-pro,,1.0,0.05,65,0.0434454344213008,0.9367374604609128,4.137775510688956
mmlu-pro,,1.0,0.05,66,0.0436562895774841,0.9358337098960688,4.09485337241332
mmlu-pro,,1.0,0.05,67,0.0434845462441444,0.9399005874378672,4.133496487350525
mmlu-pro,,1.0,0.05,68,0.0435929223895072,0.9489380930863082,4.105564215484977
mmlu-pro,,1.0,0.05,69,0.0435118302702903,0.9340262087663804,4.127329775736625
mmlu-pro,,1.0,0.05,70,0.0434750989079475,0.9534568459105288,4.133938977782206
mmlu-pro,,1.0,0.05,71,0.0433982349932193,0.9399005874378672,4.137946180499583
mmlu-pro,,1.0,0.05,72,0.0435717850923538,0.9453230908269318,4.1201633173472905
mmlu-pro,,1.0,0.05,73,0.0434224680066108,0.9353818346136468,4.138738374831799
mmlu-pro,,1.0,0.05,74,0.0435754731297493,0.9525530953456848,4.113641328942726
mmlu-pro,,1.0,0.05,75,0.0434985794126987,0.9426118391323997,4.138146506977483
mmlu-pro,,1.0,0.05,76,0.0435577034950256,0.9439674649796655,4.109370573537572
mmlu-pro,,1.0,0.05,77,0.0436520092189312,0.948034342521464,4.094392324780341
mmlu-pro,,1.0,0.05,78,0.0434545204043388,0.9435155896972436,4.1455562745272285
mmlu-pro,,1.0,0.05,79,0.0435513481497764,0.9430637144148216,4.11644701771615
mmlu-pro,,1.0,0.05,80,0.0435734018683433,0.9511974694984184,4.111870638363635
mmlu-pro,,1.0,0.05,81,0.0435915924608707,0.9484862178038862,4.109116589149442
mmlu-pro,,1.0,0.05,82,0.0434798337519168,0.938093086308179,4.143266082070466
mmlu-pro,,1.0,0.05,83,0.0434358119964599,0.9444193402620876,4.146865048477326
mmlu-pro,,1.0,0.05,84,0.0435380265116691,0.938996836873023,4.1234987136901164
mmlu-pro,,1.0,0.05,85,0.0436500050127506,0.9399005874378672,4.101402661362908
mmlu-pro,,1.0,0.05,86,0.0436548329889774,0.945774966109354,4.099430452432357
mmlu-pro,,1.0,0.05,87,0.043429248034954,0.9502937189335744,4.145893935396276
mmlu-pro,,1.0,0.05,88,0.0435179509222507,0.9362855851784908,4.122807983695181
mmlu-pro,,1.0,0.05,89,0.0435056090354919,0.9453230908269318,4.128197096804814
mmlu-pro,,1.0,0.05,90,0.0435415580868721,0.9521012200632626,4.125377689407733
mmlu-pro,,1.0,0.05,91,0.0434449054300785,0.946226841391776,4.143535875505859
mmlu-pro,,1.0,0.05,92,0.0436530858278274,0.948034342521464,4.0879426136430626
mmlu-pro,,1.0,0.05,93,0.0435053631663322,0.948034342521464,4.1333965723012875
mmlu-pro,,1.0,0.05,94,0.0435097441077232,0.9525530953456848,4.125675282050867
mmlu-pro,,1.0,0.05,95,0.0434545204043388,0.946226841391776,4.139687233876064
mmlu-pro,,1.0,0.05,96,0.0434879548847675,0.948034342521464,4.128062970119664
mmlu-pro,,1.0,0.05,97,0.0437139272689819,0.9371893357433349,4.092250936629357
mmlu-pro,,1.0,0.05,98,0.0435859560966491,0.948034342521464,4.113473045942293
mmlu-pro,,1.0,0.05,99,0.0436094924807548,0.9507455942159964,4.108958599341324
mmlu-pro,,1.0,0.075,0,0.0334505550563335,0.9403524627202892,4.524134208943386
mmlu-pro,,1.0,0.075,1,0.0334569029510021,0.947582467239042,4.534899258130446
mmlu-pro,,1.0,0.075,2,0.0334236398339271,0.9453230908269318,4.543285676438701
mmlu-pro,,1.0,0.075,3,0.0334090553224086,0.946226841391776,4.546616957483523
mmlu-pro,,1.0,0.075,4,0.0334024429321289,0.9498418436511524,4.5510083279655245
mmlu-pro,,1.0,0.075,5,0.0334805808961391,0.9394487121554452,4.5303163030582665
mmlu-pro,,1.0,0.075,6,0.0334406234323978,0.946678716674198,4.539062198362932
mmlu-pro,,1.0,0.075,7,0.0333984568715095,0.9444193402620876,4.548779780880496
mmlu-pro,,1.0,0.075,8,0.0334507189691066,0.9502937189335744,4.537194777031776
mmlu-pro,,1.0,0.075,9,0.0334878489375114,0.9511974694984184,4.513484610725022
mmlu-pro,,1.0,0.075,10,0.0334200970828533,0.9502937189335744,4.543136969288994
mmlu-pro,,1.0,0.075,11,0.033392883837223,0.94713059195662,4.548025399376431
mmlu-pro,,1.0,0.075,12,0.0334394611418247,0.94713059195662,4.532036937633978
mmlu-pro,,1.0,0.075,13,0.033433262258768,0.9484862178038862,4.535774396788455
mmlu-pro,,1.0,0.075,14,0.0334532000124454,0.9448712155445096,4.529869831399636
mmlu-pro,,1.0,0.075,15,0.0333762094378471,0.9530049706281066,4.556097087086322
mmlu-pro,,1.0,0.075,16,0.0334163382649421,0.9516493447808404,4.53362613727698
mmlu-pro,,1.0,0.075,17,0.0334561988711357,0.9430637144148216,4.535142300012734
mmlu-pro,,1.0,0.075,18,0.0334930345416069,0.9516493447808404,4.517681639682446
mmlu-pro,,1.0,0.075,19,0.0334803834557533,0.9453230908269318,4.533680274717904
mmlu-pro,,1.0,0.075,20,0.0334244109690189,0.9521012200632626,4.5489732173357185
mmlu-pro,,1.0,0.075,21,0.0333548225462436,0.956168097605061,4.569442770403453
mmlu-pro,,1.0,0.075,22,0.0335385017096996,0.9511974694984184,4.51733906779539
mmlu-pro,,1.0,0.075,23,0.0334132499992847,0.9439674649796655,4.548987468386378
mmlu-pro,,1.0,0.075,24,0.0334395691752433,0.9444193402620876,4.5413063163321565
mmlu-pro,,1.0,0.075,25,0.0334996320307254,0.9525530953456848,4.521103756066452
mmlu-pro,,1.0,0.075,26,0.0334828607738018,0.946678716674198,4.5225017812125605
mmlu-pro,,1.0,0.075,27,0.0334879532456398,0.9453230908269318,4.5124110126798564
mmlu-pro,,1.0,0.075,28,0.0335035361349582,0.956168097605061,4.512847651183778
mmlu-pro,,1.0,0.075,29,0.0333638899028301,0.9521012200632626,4.5550946265928225
mmlu-pro,,1.0,0.075,30,0.0334588810801506,0.9498418436511524,4.538477914951989
mmlu-pro,,1.0,0.075,31,0.0334362611174583,0.9498418436511524,4.53886699905739
mmlu-pro,,1.0,0.075,32,0.0333520360291004,0.9493899683687302,4.55777224296875
mmlu-pro,,1.0,0.075,33,0.0334364175796508,0.9552643470402168,4.534905088587233
mmlu-pro,,1.0,0.075,34,0.0333234146237373,0.9453230908269318,4.574894962498768
mmlu-pro,,1.0,0.075,35,0.0334633700549602,0.9502937189335744,4.536089011231071
mmlu-pro,,1.0,0.075,36,0.0334590524435043,0.9502937189335744,4.5431565645647085
mmlu-pro,,1.0,0.075,37,0.0334009006619453,0.9525530953456848,4.547795454564618
mmlu-pro,,1.0,0.075,38,0.0334242954850196,0.9502937189335744,4.536521794530217
mmlu-pro,,1.0,0.075,39,0.0334146246314048,0.9421599638499776,4.54740729168454
mmlu-pro,,1.0,0.075,40,0.0334682390093803,0.948034342521464,4.5179859959908715
mmlu-pro,,1.0,0.075,41,0.0334381721913814,0.9516493447808404,4.54315033310285
mmlu-pro,,1.0,0.075,42,0.0333419851958751,0.9417080885675554,4.569278575506376
mmlu-pro,,1.0,0.075,43,0.0334147475659847,0.9444193402620876,4.55184063606954
mmlu-pro,,1.0,0.075,44,0.0333768315613269,0.9412562132851332,4.56014877073125
mmlu-pro,,1.0,0.075,45,0.0335160158574581,0.948034342521464,4.521530391540454
mmlu-pro,,1.0,0.075,46,0.033509112894535,0.9435155896972436,4.517885050438531
mmlu-pro,,1.0,0.075,47,0.0334374159574508,0.938996836873023,4.549199569354673
mmlu-pro,,1.0,0.075,48,0.0333801358938217,0.9530049706281066,4.543511017260115
mmlu-pro,,1.0,0.075,49,0.0334411486983299,0.9408043380027112,4.541483148663955
mmlu-pro,,1.0,0.075,50,0.0333773158490657,0.946226841391776,4.5471705428598135
mmlu-pro,,1.0,0.075,51,0.0334246903657913,0.9534568459105288,4.549403977871753
mmlu-pro,,1.0,0.075,52,0.0334553383290767,0.9435155896972436,4.53174717452706
mmlu-pro,,1.0,0.075,53,0.033404417335987,0.946678716674198,4.550488439421615
mmlu-pro,,1.0,0.075,54,0.0334055796265602,0.9511974694984184,4.533890759976769
mmlu-pro,,1.0,0.075,55,0.0335071086883544,0.9444193402620876,4.521520082281084
mmlu-pro,,1.0,0.075,56,0.0334241464734077,0.946226841391776,4.542696586347461
mmlu-pro,,1.0,0.075,57,0.0334059819579124,0.9521012200632626,4.539509624265271
mmlu-pro,,1.0,0.075,58,0.0334054939448833,0.9493899683687302,4.54898773649241
mmlu-pro,,1.0,0.075,59,0.0333607010543346,0.9399005874378672,4.552423337918057
mmlu-pro,,1.0,0.075,60,0.0333833657205104,0.9521012200632626,4.546279179470311
mmlu-pro,,1.0,0.075,61,0.0334202647209167,0.938996836873023,4.534594441359255
mmlu-pro,,1.0,0.075,62,0.0333863645792007,0.9579755987347492,4.552792526133428
mmlu-pro,,1.0,0.075,63,0.0333928912878036,0.94713059195662,4.541653350866861
mmlu-pro,,1.0,0.075,64,0.0334251709282398,0.947582467239042,4.550782305966388
mmlu-pro,,1.0,0.075,65,0.0333823151886463,0.9394487121554452,4.546806132580012
mmlu-pro,,1.0,0.075,66,0.0334964282810688,0.9521012200632626,4.514264013683481
mmlu-pro,,1.0,0.075,67,0.0334102772176265,0.9444193402620876,4.544947431668854
mmlu-pro,,1.0,0.075,68,0.0334504805505275,0.9534568459105288,4.531527141767429
mmlu-pro,,1.0,0.075,69,0.0334338881075382,0.9448712155445096,4.5421439799273085
mmlu-pro,,1.0,0.075,70,0.033394806087017,0.9444193402620876,4.550857586933714
mmlu-pro,,1.0,0.075,71,0.0333939045667648,0.948034342521464,4.546338171092482
mmlu-pro,,1.0,0.075,72,0.0334738045930862,0.947582467239042,4.528753847880892
mmlu-pro,,1.0,0.075,73,0.0333986654877662,0.947582467239042,4.546849528645211
mmlu-pro,,1.0,0.075,74,0.0334590226411819,0.955716222322639,4.524519437632177
mmlu-pro,,1.0,0.075,75,0.0334075093269348,0.94713059195662,4.553129904171948
mmlu-pro,,1.0,0.075,76,0.0334322452545166,0.9539087211929508,4.535870944434932
mmlu-pro,,1.0,0.075,77,0.0334959104657173,0.9502937189335744,4.516509761829288
mmlu-pro,,1.0,0.075,78,0.0333780944347381,0.9516493447808404,4.558527321788921
mmlu-pro,,1.0,0.075,79,0.0334514342248439,0.945774966109354,4.530975765431074
mmlu-pro,,1.0,0.075,80,0.0334478877484798,0.9534568459105288,4.529702490061592
mmlu-pro,,1.0,0.075,81,0.0334703065454959,0.938996836873023,4.529398256739911
mmlu-pro,,1.0,0.075,82,0.0333788394927978,0.9484862178038862,4.554465419271182
mmlu-pro,,1.0,0.075,83,0.0334083624184131,0.9511974694984184,4.550351883248074
mmlu-pro,,1.0,0.075,84,0.0334381759166717,0.9435155896972436,4.534255462271585
mmlu-pro,,1.0,0.075,85,0.0334932096302509,0.9371893357433349,4.519799201268537
mmlu-pro,,1.0,0.075,86,0.0334717147052288,0.9484862178038862,4.525519947879958
mmlu-pro,,1.0,0.075,87,0.0333784818649292,0.9511974694984184,4.558034528809544
mmlu-pro,,1.0,0.075,88,0.0333783626556396,0.9426118391323997,4.550402498713831
mmlu-pro,,1.0,0.075,89,0.0334191806614398,0.9444193402620876,4.540653148868079
mmlu-pro,,1.0,0.075,90,0.0334374085068702,0.9484862178038862,4.539503050426862
mmlu-pro,,1.0,0.075,91,0.0333313047885894,0.9511974694984184,4.566750538418173
mmlu-pro,,1.0,0.075,92,0.0335172340273857,0.9421599638499776,4.503817966596248
mmlu-pro,,1.0,0.075,93,0.0334363579750061,0.9448712155445096,4.543157943873112
mmlu-pro,,1.0,0.075,94,0.0333878695964813,0.948034342521464,4.546996803149745
mmlu-pro,,1.0,0.075,95,0.0334141850471496,0.9421599638499776,4.5381749427941696
mmlu-pro,,1.0,0.075,96,0.0333973914384841,0.9453230908269318,4.547583685774005
mmlu-pro,,1.0,0.075,97,0.0335182063281536,0.947582467239042,4.519996106249687
mmlu-pro,,1.0,0.075,98,0.0334468707442283,0.9530049706281066,4.533945264552346
mmlu-pro,,1.0,0.075,99,0.0334943309426307,0.9435155896972436,4.520467958130468
mmlu-pro,,1.0,0.1,0,0.0276805385947227,0.946226841391776,4.829513459599571
mmlu-pro,,1.0,0.1,1,0.0276739411056041,0.9417080885675554,4.837774747539911
mmlu-pro,,1.0,0.1,2,0.0276821944862604,0.946226841391776,4.8314165381890435
mmlu-pro,,1.0,0.1,3,0.0276413299143314,0.9421599638499776,4.84908449466271
mmlu-pro,,1.0,0.1,4,0.027638915926218,0.9552643470402168,4.848585840396115
mmlu-pro,,1.0,0.1,5,0.0276916641741991,0.9408043380027112,4.8354764725645705
mmlu-pro,,1.0,0.1,6,0.0276640299707651,0.9516493447808404,4.842521882906913
mmlu-pro,,1.0,0.1,7,0.0276221577078104,0.9448712155445096,4.851907984141616
mmlu-pro,,1.0,0.1,8,0.0276761837303638,0.9484862178038862,4.834420343885992
mmlu-pro,,1.0,0.1,9,0.027709387242794,0.947582467239042,4.813163886599823
mmlu-pro,,1.0,0.1,10,0.0276622604578733,0.9408043380027112,4.837996025015071
mmlu-pro,,1.0,0.1,11,0.0276236850768327,0.948034342521464,4.845947885629556
mmlu-pro,,1.0,0.1,12,0.0276758670806884,0.9498418436511524,4.827363059019668
mmlu-pro,,1.0,0.1,13,0.0276507697999477,0.9511974694984184,4.84451851849437
mmlu-pro,,1.0,0.1,14,0.0276834480464458,0.9435155896972436,4.829555844751767
mmlu-pro,,1.0,0.1,15,0.0276249274611473,0.9566199728874832,4.858469614888692
mmlu-pro,,1.0,0.1,16,0.0276559200137853,0.94713059195662,4.83441145882099
mmlu-pro,,1.0,0.1,17,0.0276796482503414,0.9399005874378672,4.834725250836346
mmlu-pro,,1.0,0.1,18,0.0277064088732004,0.9530049706281066,4.814561031750084
mmlu-pro,,1.0,0.1,19,0.0276876892894506,0.9498418436511524,4.837055514276382
mmlu-pro,,1.0,0.1,20,0.0276461970061063,0.9484862178038862,4.84316426118792
mmlu-pro,,1.0,0.1,21,0.0276011805981397,0.9502937189335744,4.864271718772866
mmlu-pro,,1.0,0.1,22,0.0277301408350467,0.94713059195662,4.820635122209028
mmlu-pro,,1.0,0.1,23,0.0276449024677276,0.9444193402620876,4.8464885052310125
mmlu-pro,,1.0,0.1,24,0.0276856552809476,0.9489380930863082,4.8347580524380565
mmlu-pro,,1.0,0.1,25,0.0277040246874094,0.9493899683687302,4.826671171905533
mmlu-pro,,1.0,0.1,26,0.0276931300759315,0.9489380930863082,4.822333683488536
mmlu-pro,,1.0,0.1,27,0.027696406468749,0.9412562132851332,4.815676961297981
mmlu-pro,,1.0,0.1,28,0.0277028139680624,0.9552643470402168,4.815629462632283
mmlu-pro,,1.0,0.1,29,0.027618246152997,0.9489380930863082,4.851291698151987
mmlu-pro,,1.0,0.1,30,0.0276782568544149,0.9530049706281066,4.838673486395131
mmlu-pro,,1.0,0.1,31,0.0276671629399061,0.94713059195662,4.8293610940731355
mmlu-pro,,1.0,0.1,32,0.0275989733636379,0.9498418436511524,4.862212320802012
mmlu-pro,,1.0,0.1,33,0.0276719368994236,0.9530049706281066,4.832142918561412
mmlu-pro,,1.0,0.1,34,0.0275785513222217,0.948034342521464,4.877467943118381
mmlu-pro,,1.0,0.1,35,0.0276839658617973,0.9489380930863082,4.837754124693967
mmlu-pro,,1.0,0.1,36,0.0276715513318777,0.9552643470402168,4.846638918937169
mmlu-pro,,1.0,0.1,37,0.0276316385716199,0.9502937189335744,4.849401372723462
mmlu-pro,,1.0,0.1,38,0.0276636704802513,0.9570718481699052,4.838629005882015
mmlu-pro,,1.0,0.1,39,0.0276647713035345,0.94713059195662,4.840149843498479
mmlu-pro,,1.0,0.1,40,0.0276846289634704,0.9566199728874832,4.818187143779945
mmlu-pro,,1.0,0.1,41,0.0276765711605548,0.9417080885675554,4.841095949936943
mmlu-pro,,1.0,0.1,42,0.0276037007570266,0.9444193402620876,4.862558596517117
mmlu-pro,,1.0,0.1,43,0.0276502836495637,0.9439674649796655,4.850187820778304
mmlu-pro,,1.0,0.1,44,0.027616448700428,0.9394487121554452,4.856563750225468
mmlu-pro,,1.0,0.1,45,0.0277216136455535,0.947582467239042,4.814482202643611
mmlu-pro,,1.0,0.1,46,0.0277127791196107,0.9493899683687302,4.817803093145555
mmlu-pro,,1.0,0.1,47,0.0276671536266803,0.9493899683687302,4.844848601786981
mmlu-pro,,1.0,0.1,48,0.0276140086352825,0.9507455942159964,4.848494490662022
mmlu-pro,,1.0,0.1,49,0.0276767294853925,0.9403524627202892,4.836149959647451
mmlu-pro,,1.0,0.1,50,0.0276277568191289,0.948034342521464,4.846088537054173
mmlu-pro,,1.0,0.1,51,0.0276678074151277,0.9534568459105288,4.8429151419606145
mmlu-pro,,1.0,0.1,52,0.0276613887399435,0.9430637144148216,4.838908845968582
mmlu-pro,,1.0,0.1,53,0.0276473145931959,0.9439674649796655,4.844869936257317
mmlu-pro,,1.0,0.1,54,0.0276475846767425,0.9484862178038862,4.830907713728636
mmlu-pro,,1.0,0.1,55,0.0277070719748735,0.9394487121554452,4.823822205433743
mmlu-pro,,1.0,0.1,56,0.0276437234133481,0.9444193402620876,4.846413012227716
mmlu-pro,,1.0,0.1,57,0.0276458878070116,0.9543605964753727,4.840991796474982
mmlu-pro,,1.0,0.1,58,0.0276471804827451,0.9530049706281066,4.845394456387965
mmlu-pro,,1.0,0.1,59,0.0276249852031469,0.9412562132851332,4.846387676555024
mmlu-pro,,1.0,0.1,60,0.0276146624237298,0.9521012200632626,4.850049688057627
mmlu-pro,,1.0,0.1,61,0.0276600532233715,0.946226841391776,4.828544884335927
mmlu-pro,,1.0,0.1,62,0.0276329051703214,0.947582467239042,4.845266316481631
mmlu-pro,,1.0,0.1,63,0.0276476107537746,0.9439674649796655,4.835263107830204
mmlu-pro,,1.0,0.1,64,0.0276634935289621,0.9521012200632626,4.84405222905143
mmlu-pro,,1.0,0.1,65,0.0276354346424341,0.938093086308179,4.845814907907801
mmlu-pro,,1.0,0.1,66,0.0276930835098028,0.9502937189335744,4.820393926094511
mmlu-pro,,1.0,0.1,67,0.0276585314422845,0.9444193402620876,4.843571788242119
mmlu-pro,,1.0,0.1,68,0.0276666190475225,0.9521012200632626,4.831932739786358
mmlu-pro,,1.0,0.1,69,0.0276718959212303,0.938996836873023,4.831365348791525
mmlu-pro,,1.0,0.1,70,0.0276321657001972,0.9444193402620876,4.850007274658654
mmlu-pro,,1.0,0.1,71,0.0276431292295455,0.9484862178038862,4.840072222830079
mmlu-pro,,1.0,0.1,72,0.0276880152523517,0.9435155896972436,4.829269460302177
mmlu-pro,,1.0,0.1,73,0.0276349894702434,0.9421599638499776,4.846926614878377
mmlu-pro,,1.0,0.1,74,0.0276772771030664,0.9543605964753727,4.827564976650766
mmlu-pro,,1.0,0.1,75,0.0276358146220445,0.9426118391323997,4.852315896645794
mmlu-pro,,1.0,0.1,76,0.0276706870645284,0.9502937189335744,4.836583399927112
mmlu-pro,,1.0,0.1,77,0.02771464176476,0.9511974694984184,4.810557678691774
mmlu-pro,,1.0,0.1,78,0.0276288352906703,0.9439674649796655,4.847244244805293
mmlu-pro,,1.0,0.1,79,0.0276691559702157,0.9444193402620876,4.833813445428832
mmlu-pro,,1.0,0.1,80,0.0276662483811378,0.9543605964753727,4.831020388617618
mmlu-pro,,1.0,0.1,81,0.0276800189167261,0.9439674649796655,4.83102940929309
mmlu-pro,,1.0,0.1,82,0.0276457387953996,0.947582467239042,4.839450808330113
mmlu-pro,,1.0,0.1,83,0.0276334285736084,0.9502937189335744,4.851097179586695
mmlu-pro,,1.0,0.1,84,0.0276539623737335,0.9448712155445096,4.839584625142559
mmlu-pro,,1.0,0.1,85,0.0276987627148628,0.9430637144148216,4.823071880941991
mmlu-pro,,1.0,0.1,86,0.027694059535861,0.9453230908269318,4.825175856088268
mmlu-pro,,1.0,0.1,87,0.0276294369250535,0.9521012200632626,4.852212057967408
mmlu-pro,,1.0,0.1,88,0.0276239588856697,0.9439674649796655,4.850091387959517
mmlu-pro,,1.0,0.1,89,0.0276480000466108,0.9439674649796655,4.838318984781617
mmlu-pro,,1.0,0.1,90,0.027664752677083,0.9435155896972436,4.838282444942603
mmlu-pro,,1.0,0.1,91,0.0275842808187007,0.948034342521464,4.864352910914719
mmlu-pro,,1.0,0.1,92,0.0277386344969272,0.9426118391323997,4.8029646182667225
mmlu-pro,,1.0,0.1,93,0.0276612192392349,0.9444193402620876,4.841399520326906
mmlu-pro,,1.0,0.1,94,0.027628093957901,0.938996836873023,4.847231852259645
mmlu-pro,,1.0,0.1,95,0.0276528242975473,0.9566199728874832,4.8362517450198235
mmlu-pro,,1.0,0.1,96,0.027642797678709,0.9484862178038862,4.84482356771327
mmlu-pro,,1.0,0.1,97,0.0277265906333923,0.9579755987347492,4.816845998400451
mmlu-pro,,1.0,0.1,98,0.0276595912873744,0.9502937189335744,4.835029893457818
mmlu-pro,,1.0,0.1,99,0.0277036949992179,0.9421599638499776,4.822627914818806
mmlu-pro,,1.0,0.125,0,0.0238575153052806,0.945774966109354,5.055594646696786
mmlu-pro,,1.0,0.125,1,0.0238670501857996,0.9412562132851332,5.052774829054373
mmlu-pro,,1.0,0.125,2,0.0238637272268533,0.9489380930863082,5.055557219345189
mmlu-pro,,1.0,0.125,3,0.0238273087888956,0.9439674649796655,5.071575253378874
mmlu-pro,,1.0,0.125,4,0.023845812305808,0.9552643470402168,5.0700416050394415
mmlu-pro,,1.0,0.125,5,0.0238695368170738,0.946678716674198,5.06430263818929
mmlu-pro,,1.0,0.125,6,0.0238432642072439,0.946678716674198,5.070408293584213
mmlu-pro,,1.0,0.125,7,0.0238219033926725,0.9453230908269318,5.069974175890498
mmlu-pro,,1.0,0.125,8,0.0238611754029989,0.947582467239042,5.055535590433024
mmlu-pro,,1.0,0.125,9,0.0238872990012168,0.946678716674198,5.036309218490587
mmlu-pro,,1.0,0.125,10,0.0238420404493808,0.948034342521464,5.069180960215144
mmlu-pro,,1.0,0.125,11,0.0238205399364233,0.9539087211929508,5.070074259064046
mmlu-pro,,1.0,0.125,12,0.0238574780523777,0.9421599638499776,5.054097336738163
mmlu-pro,,1.0,0.125,13,0.0238329581916332,0.9507455942159964,5.0722348113191895
mmlu-pro,,1.0,0.125,14,0.0238692443817853,0.9448712155445096,5.050810435124148
mmlu-pro,,1.0,0.125,15,0.0238203536719083,0.9502937189335744,5.081484177646129
mmlu-pro,,1.0,0.125,16,0.0238463878631591,0.9408043380027112,5.057982882141147
mmlu-pro,,1.0,0.125,17,0.0238606538623571,0.9453230908269318,5.05780694701951
mmlu-pro,,1.0,0.125,18,0.0238817241042852,0.9525530953456848,5.039989372905014
mmlu-pro,,1.0,0.125,19,0.0238745603710412,0.947582467239042,5.0583408087511845
mmlu-pro,,1.0,0.125,20,0.0238362643867731,0.945774966109354,5.070385102720034
mmlu-pro,,1.0,0.125,21,0.0238047242164611,0.9525530953456848,5.083882988218206
mmlu-pro,,1.0,0.125,22,0.0238971803337335,0.9507455942159964,5.042838184028551
mmlu-pro,,1.0,0.125,23,0.0238339249044656,0.9426118391323997,5.0685938890816296
mmlu-pro,,1.0,0.125,24,0.0238652098923921,0.956168097605061,5.059868222897804
mmlu-pro,,1.0,0.125,25,0.0238773021847009,0.9484862178038862,5.0486695943086
mmlu-pro,,1.0,0.125,26,0.0238620247691869,0.948034342521464,5.053971095734777
mmlu-pro,,1.0,0.125,27,0.0238677747547626,0.9484862178038862,5.039996642139267
mmlu-pro,,1.0,0.125,28,0.023884842172265,0.9498418436511524,5.039363285551771
mmlu-pro,,1.0,0.125,29,0.0238132812082767,0.948034342521464,5.079009362058781
mmlu-pro,,1.0,0.125,30,0.0238601937890052,0.9525530953456848,5.058129110748558
mmlu-pro,,1.0,0.125,31,0.0238508619368076,0.947582467239042,5.056068594640622
mmlu-pro,,1.0,0.125,32,0.0237976405769586,0.9498418436511524,5.084054104767606
mmlu-pro,,1.0,0.125,33,0.0238547474145889,0.9548124717577948,5.05780253659842
mmlu-pro,,1.0,0.125,34,0.0237883143126964,0.9403524627202892,5.097699280355116
mmlu-pro,,1.0,0.125,35,0.0238607786595821,0.9511974694984184,5.064595448558364
mmlu-pro,,1.0,0.125,36,0.0238577667623758,0.955716222322639,5.067390525458163
mmlu-pro,,1.0,0.125,37,0.0238308180123567,0.9552643470402168,5.068093889788636
mmlu-pro,,1.0,0.125,38,0.0238419920206069,0.9579755987347492,5.066215973250493
mmlu-pro,,1.0,0.125,39,0.0238459315150976,0.946226841391776,5.061753875683619
mmlu-pro,,1.0,0.125,40,0.0238590613007545,0.9534568459105288,5.0480564102700365
mmlu-pro,,1.0,0.125,41,0.0238648038357496,0.9489380930863082,5.0636008851500565
mmlu-pro,,1.0,0.125,42,0.0238052140921354,0.948034342521464,5.084794432116553
mmlu-pro,,1.0,0.125,43,0.0238361898809671,0.948034342521464,5.0737261007317525
mmlu-pro,,1.0,0.125,44,0.0238123144954442,0.938996836873023,5.080872401667442
mmlu-pro,,1.0,0.125,45,0.0238843988627195,0.946226841391776,5.043308757550749
mmlu-pro,,1.0,0.125,46,0.0238888245075941,0.9453230908269318,5.042833239457047
mmlu-pro,,1.0,0.125,47,0.0238500479608774,0.9453230908269318,5.068757859835965
mmlu-pro,,1.0,0.125,48,0.0238154456019401,0.9566199728874832,5.0754358164372
mmlu-pro,,1.0,0.125,49,0.0238458253443241,0.9430637144148216,5.0670113282662665
mmlu-pro,,1.0,0.125,50,0.0238144155591726,0.9521012200632626,5.071710690700199
mmlu-pro,,1.0,0.125,51,0.0238584131002426,0.9543605964753727,5.066190922573747
mmlu-pro,,1.0,0.125,52,0.0238476563245058,0.946678716674198,5.064535871667816
mmlu-pro,,1.0,0.125,53,0.023840045556426,0.945774966109354,5.065267121537122
mmlu-pro,,1.0,0.125,54,0.0238340031355619,0.9484862178038862,5.061201071382075
mmlu-pro,,1.0,0.125,55,0.0238774456083774,0.946226841391776,5.052997462638938
mmlu-pro,,1.0,0.125,56,0.0238328855484724,0.9426118391323997,5.071929193102889
mmlu-pro,,1.0,0.125,57,0.0238384064286947,0.9525530953456848,5.0616826197405596
mmlu-pro,,1.0,0.125,58,0.023839671164751,0.9511974694984184,5.069361761282736
mmlu-pro,,1.0,0.125,59,0.0238253436982631,0.94713059195662,5.070333001841967
mmlu-pro,,1.0,0.125,60,0.0238138865679502,0.9530049706281066,5.0715210099028285
mmlu-pro,,1.0,0.125,61,0.0238483976572752,0.9453230908269318,5.055042616880373
mmlu-pro,,1.0,0.125,62,0.0238331723958253,0.947582467239042,5.065332120931468
mmlu-pro,,1.0,0.125,63,0.02383454144001,0.9493899683687302,5.060485832220002
mmlu-pro,,1.0,0.125,64,0.023860428482294,0.9484862178038862,5.063657036025353
mmlu-pro,,1.0,0.125,65,0.0238217376172542,0.9362855851784908,5.073124158121898
mmlu-pro,,1.0,0.125,66,0.0238650310784578,0.946678716674198,5.051194101377185
mmlu-pro,,1.0,0.125,67,0.0238426383584737,0.945774966109354,5.066313376243308
mmlu-pro,,1.0,0.125,68,0.0238452665507793,0.9516493447808404,5.057082010353506
mmlu-pro,,1.0,0.125,69,0.0238550901412963,0.9394487121554452,5.05569349012883
mmlu-pro,,1.0,0.125,70,0.0238227434456348,0.9426118391323997,5.076139457671346
mmlu-pro,,1.0,0.125,71,0.0238271690905094,0.9498418436511524,5.065470683592658
mmlu-pro,,1.0,0.125,72,0.0238659009337425,0.9435155896972436,5.055522140602757
mmlu-pro,,1.0,0.125,73,0.023827763274312,0.9484862178038862,5.070403054930428
mmlu-pro,,1.0,0.125,74,0.0238615255802869,0.9525530953456848,5.053651884599572
mmlu-pro,,1.0,0.125,75,0.0238322243094444,0.9484862178038862,5.071129933668933
mmlu-pro,,1.0,0.125,76,0.0238562114536762,0.9539087211929508,5.05854368289823
mmlu-pro,,1.0,0.125,77,0.0238796491175889,0.9502937189335744,5.040529756761928
mmlu-pro,,1.0,0.125,78,0.0238180570304393,0.948034342521464,5.075267202335003
mmlu-pro,,1.0,0.125,79,0.0238608047366142,0.9521012200632626,5.054190292509391
mmlu-pro,,1.0,0.125,80,0.0238481294363737,0.945774966109354,5.058177226528433
mmlu-pro,,1.0,0.125,81,0.0238644834607839,0.9439674649796655,5.052236407330035
mmlu-pro,,1.0,0.125,82,0.0238371286541223,0.9516493447808404,5.061150085886473
mmlu-pro,,1.0,0.125,83,0.0238206684589386,0.94713059195662,5.078239630133621
mmlu-pro,,1.0,0.125,84,0.0238426625728607,0.9439674649796655,5.063699561817947
mmlu-pro,,1.0,0.125,85,0.0238777659833431,0.9444193402620876,5.04892778615805
mmlu-pro,,1.0,0.125,86,0.0238805599510669,0.9511974694984184,5.049004735516824
mmlu-pro,,1.0,0.125,87,0.0238226894289255,0.9602349751468596,5.076338638906005
mmlu-pro,,1.0,0.125,88,0.0238226894289255,0.948034342521464,5.071095269563573
mmlu-pro,,1.0,0.125,89,0.023833442479372,0.9489380930863082,5.063960132330769
mmlu-pro,,1.0,0.125,90,0.0238569099456071,0.9484862178038862,5.062089554560019
mmlu-pro,,1.0,0.125,91,0.0237828157842159,0.9448712155445096,5.090274117091182
mmlu-pro,,1.0,0.125,92,0.0239129979163408,0.9444193402620876,5.024828029747761
mmlu-pro,,1.0,0.125,93,0.023851478472352,0.9484862178038862,5.061301989875141
mmlu-pro,,1.0,0.125,94,0.0238309577107429,0.9394487121554452,5.0656417281022685
mmlu-pro,,1.0,0.125,95,0.0238433089107275,0.9507455942159964,5.0616124854953455
mmlu-pro,,1.0,0.125,96,0.0238328482955694,0.9412562132851332,5.064802899557441
mmlu-pro,,1.0,0.125,97,0.0239048898220062,0.9552643470402168,5.034635575509414
mmlu-pro,,1.0,0.125,98,0.0238575004041194,0.955716222322639,5.053493222296961
mmlu-pro,,1.0,0.125,99,0.0238819867372512,0.945774966109354,5.048956646082902
mmlu-pro,,1.0,0.15,0,0.0211071334779262,0.9417080885675554,5.232546344938517
mmlu-pro,,1.0,0.15,1,0.021116143092513,0.9444193402620876,5.225404853284276
mmlu-pro,,1.0,0.15,2,0.0211161226034164,0.947582467239042,5.234537932312367
mmlu-pro,,1.0,0.15,3,0.0210829097777605,0.9435155896972436,5.2483316151889365
mmlu-pro,,1.0,0.15,4,0.0210974272340536,0.9552643470402168,5.247585923204098
mmlu-pro,,1.0,0.15,5,0.0211242940276861,0.9421599638499776,5.236163634114951
mmlu-pro,,1.0,0.15,6,0.0210958532989025,0.947582467239042,5.248193409576302
mmlu-pro,,1.0,0.15,7,0.0210809465497732,0.946226841391776,5.250225872046601
mmlu-pro,,1.0,0.15,8,0.021112710237503,0.9439674649796655,5.2309559192414845
mmlu-pro,,1.0,0.15,9,0.0211361981928348,0.9489380930863082,5.209730890465755
mmlu-pro,,1.0,0.15,10,0.0210965927690267,0.9444193402620876,5.24555235739706
mmlu-pro,,1.0,0.15,11,0.0210809260606765,0.9548124717577948,5.245743334112221
mmlu-pro,,1.0,0.15,12,0.0211107581853866,0.9453230908269318,5.228706077545828
mmlu-pro,,1.0,0.15,13,0.0210930407047271,0.9493899683687302,5.2440880285191565
mmlu-pro,,1.0,0.15,14,0.0211173016577959,0.94713059195662,5.227750522865377
mmlu-pro,,1.0,0.15,15,0.0210789963603019,0.9521012200632626,5.254202820772167
mmlu-pro,,1.0,0.15,16,0.0211022533476352,0.9516493447808404,5.234280971137286
mmlu-pro,,1.0,0.15,17,0.02110899053514,0.94713059195662,5.236596710100881
mmlu-pro,,1.0,0.15,18,0.0211334731429815,0.9543605964753727,5.215084749590525
mmlu-pro,,1.0,0.15,19,0.0211182571947574,0.94713059195662,5.235192598675831
mmlu-pro,,1.0,0.15,20,0.021096333861351,0.946226841391776,5.243153666392059
mmlu-pro,,1.0,0.15,21,0.0210681147873401,0.947582467239042,5.257116215619259
mmlu-pro,,1.0,0.15,22,0.0211454257369041,0.9543605964753727,5.217462658103362
mmlu-pro,,1.0,0.15,23,0.0210896730422973,0.9439674649796655,5.241415519176
mmlu-pro,,1.0,0.15,24,0.0211155768483877,0.9570718481699052,5.235051522033954
mmlu-pro,,1.0,0.15,25,0.0211275517940521,0.9353818346136468,5.22504080434064
mmlu-pro,,1.0,0.15,26,0.0211175978183746,0.948034342521464,5.228180678620493
mmlu-pro,,1.0,0.15,27,0.0211110115051269,0.9489380930863082,5.219943627319246
mmlu-pro,,1.0,0.15,28,0.0211267918348312,0.9570718481699052,5.215683738985096
mmlu-pro,,1.0,0.15,29,0.0210717469453811,0.9502937189335744,5.25378270041618
mmlu-pro,,1.0,0.15,30,0.0211142841726541,0.9498418436511524,5.229722557069211
mmlu-pro,,1.0,0.15,31,0.02110406011343,0.94713059195662,5.230069146190918
mmlu-pro,,1.0,0.15,32,0.0210613664239645,0.947582467239042,5.256196851506464
mmlu-pro,,1.0,0.15,33,0.0211074892431497,0.9525530953456848,5.234317650909491
mmlu-pro,,1.0,0.15,34,0.0210514571517705,0.948034342521464,5.269644461764484
mmlu-pro,,1.0,0.15,35,0.0211125165224075,0.946226841391776,5.239181273657901
mmlu-pro,,1.0,0.15,36,0.0211065616458654,0.9575237234523272,5.242308526710271
mmlu-pro,,1.0,0.15,37,0.0210805088281631,0.9502937189335744,5.249530432417562
mmlu-pro,,1.0,0.15,38,0.0211005546152591,0.9543605964753727,5.2362928948897105
mmlu-pro,,1.0,0.15,39,0.0211035087704658,0.9521012200632626,5.233067831470841
mmlu-pro,,1.0,0.15,40,0.0211110562086105,0.9566199728874832,5.224692044451973
mmlu-pro,,1.0,0.15,41,0.0211160629987716,0.9502937189335744,5.233759439810565
mmlu-pro,,1.0,0.15,42,0.0210625473409891,0.9448712155445096,5.257619611839415
mmlu-pro,,1.0,0.15,43,0.0210923533886671,0.948034342521464,5.246384373802979
mmlu-pro,,1.0,0.15,44,0.0210736691951751,0.9367374604609128,5.253308860238777
mmlu-pro,,1.0,0.15,45,0.0211361870169639,0.9484862178038862,5.212568920115954
mmlu-pro,,1.0,0.15,46,0.0211321786046028,0.9511974694984184,5.2234862992446836
mmlu-pro,,1.0,0.15,47,0.0211005546152591,0.9430637144148216,5.2429544999806055
mmlu-pro,,1.0,0.15,48,0.0210831835865974,0.955716222322639,5.24555316382016
mmlu-pro,,1.0,0.15,49,0.0211031883955001,0.945774966109354,5.24245341829445
mmlu-pro,,1.0,0.15,50,0.0210746396332979,0.9516493447808404,5.246497192266166
mmlu-pro,,1.0,0.15,51,0.0211092215031385,0.9489380930863082,5.243930738703151
mmlu-pro,,1.0,0.15,52,0.0211004950106143,0.948034342521464,5.238420252577963
mmlu-pro,,1.0,0.15,53,0.0210964810103178,0.9534568459105288,5.239257811555525
mmlu-pro,,1.0,0.15,54,0.0210978090763092,0.94713059195662,5.234177079049377
mmlu-pro,,1.0,0.15,55,0.0211279150098562,0.9444193402620876,5.225733355965419
mmlu-pro,,1.0,0.15,56,0.0210941992700099,0.9439674649796655,5.246708032036072
mmlu-pro,,1.0,0.15,57,0.0210924446582794,0.9566199728874832,5.237560892867544
mmlu-pro,,1.0,0.15,58,0.0210980679839849,0.9552643470402168,5.241601315435565
mmlu-pro,,1.0,0.15,59,0.0210826713591814,0.9453230908269318,5.241592670250132
mmlu-pro,,1.0,0.15,60,0.0210815574973821,0.955716222322639,5.243750478629825
mmlu-pro,,1.0,0.15,61,0.0211018901318311,0.9484862178038862,5.235499239189171
mmlu-pro,,1.0,0.15,62,0.0210851058363914,0.948034342521464,5.2420674340338484
mmlu-pro,,1.0,0.15,63,0.0210774932056665,0.9516493447808404,5.241856775586787
mmlu-pro,,1.0,0.15,64,0.0211090557277202,0.9484862178038862,5.239002256179736
mmlu-pro,,1.0,0.15,65,0.0210795905441045,0.9376412110257568,5.247844343410305
mmlu-pro,,1.0,0.15,66,0.0211146380752325,0.947582467239042,5.229520618895506
mmlu-pro,,1.0,0.15,67,0.021094599738717,0.945774966109354,5.242452420419623
mmlu-pro,,1.0,0.15,68,0.0210996940732002,0.9516493447808404,5.229376525912316
mmlu-pro,,1.0,0.15,69,0.0211056657135486,0.9421599638499776,5.236058199423039
mmlu-pro,,1.0,0.15,70,0.0210795495659112,0.9516493447808404,5.250450413338291
mmlu-pro,,1.0,0.15,71,0.0210926719009876,0.9484862178038862,5.238165910053718
mmlu-pro,,1.0,0.15,72,0.0211160238832235,0.9408043380027112,5.231309063797948
mmlu-pro,,1.0,0.15,73,0.021087996661663,0.9521012200632626,5.24370830039724
mmlu-pro,,1.0,0.15,74,0.021109465509653,0.9516493447808404,5.231184442695751
mmlu-pro,,1.0,0.15,75,0.0210874341428279,0.9521012200632626,5.245557815171326
mmlu-pro,,1.0,0.15,76,0.0211146622896194,0.9566199728874832,5.229753934339709
mmlu-pro,,1.0,0.15,77,0.0211273543536663,0.9498418436511524,5.214984006891867
mmlu-pro,,1.0,0.15,78,0.0210848655551671,0.9498418436511524,5.24548997450372
mmlu-pro,,1.0,0.15,79,0.0211226176470518,0.9534568459105288,5.224312424631583
mmlu-pro,,1.0,0.15,80,0.021092751994729,0.9548124717577948,5.23776557364272
mmlu-pro,,1.0,0.15,81,0.0211175456643104,0.9516493447808404,5.22696261389032
mmlu-pro,,1.0,0.15,82,0.0210966132581233,0.9417080885675554,5.236857008169527
mmlu-pro,,1.0,0.15,83,0.0210752170532941,0.9516493447808404,5.254762333657475
mmlu-pro,,1.0,0.15,84,0.0210935026407241,0.946226841391776,5.239689563457982
mmlu-pro,,1.0,0.15,85,0.0211149994283914,0.9489380930863082,5.230210701902478
mmlu-pro,,1.0,0.15,86,0.0211319830268621,0.9521012200632626,5.220571293353558
mmlu-pro,,1.0,0.15,87,0.0210876278579235,0.9593312245820154,5.243698350183101
mmlu-pro,,1.0,0.15,88,0.0210808757692575,0.946678716674198,5.248769533869141
mmlu-pro,,1.0,0.15,89,0.0210914239287376,0.9484862178038862,5.235245826958044
mmlu-pro,,1.0,0.15,90,0.0211046077311038,0.9430637144148216,5.236021735379203
mmlu-pro,,1.0,0.15,91,0.021052761003375,0.9484862178038862,5.261597066147919
mmlu-pro,,1.0,0.15,92,0.0211523603647947,0.9493899683687302,5.203557797745518
mmlu-pro,,1.0,0.15,93,0.0211107954382896,0.9498418436511524,5.2333459474644926
mmlu-pro,,1.0,0.15,94,0.021087983623147,0.9430637144148216,5.240716879301992
mmlu-pro,,1.0,0.15,95,0.0210967119783163,0.9448712155445096,5.2383266797709656
mmlu-pro,,1.0,0.15,96,0.0210903212428092,0.948034342521464,5.235714062474782
mmlu-pro,,1.0,0.15,97,0.021150691434741,0.947582467239042,5.2116301848786435
mmlu-pro,,1.0,0.15,98,0.021110912784934,0.9552643470402168,5.227663553870844
mmlu-pro,,1.0,0.15,99,0.0211188979446887,0.9448712155445096,5.231436088799491
mmlu-pro,,1.0,0.175,0,0.0190011113882064,0.9444193402620876,5.371250069715602
mmlu-pro,,1.0,0.175,1,0.0190028231590986,0.9403524627202892,5.371019326999499
mmlu-pro,,1.0,0.175,2,0.0190022531896829,0.9430637144148216,5.376427895004951
mmlu-pro,,1.0,0.175,3,0.0189817231148481,0.945774966109354,5.384996886615467
mmlu-pro,,1.0,0.175,4,0.0189886521548032,0.9575237234523272,5.38667397267225
mmlu-pro,,1.0,0.175,5,0.0190126672387123,0.9439674649796655,5.3741156790049756
mmlu-pro,,1.0,0.175,6,0.0189889315515756,0.9566199728874832,5.3869380005615195
mmlu-pro,,1.0,0.175,7,0.0189739651978015,0.9448712155445096,5.389341167166968
mmlu-pro,,1.0,0.175,8,0.0189969092607498,0.9421599638499776,5.372102933640551
mmlu-pro,,1.0,0.175,9,0.0190255865454673,0.9530049706281066,5.350580021957024
mmlu-pro,,1.0,0.175,10,0.0189888067543506,0.9493899683687302,5.382223332099956
mmlu-pro,,1.0,0.175,11,0.0189772527664899,0.9521012200632626,5.383635541854948
mmlu-pro,,1.0,0.175,12,0.0189996976405382,0.9534568459105288,5.37081886513786
mmlu-pro,,1.0,0.175,13,0.0189830362796783,0.9521012200632626,5.385763799675485
mmlu-pro,,1.0,0.175,14,0.0190062057226896,0.9498418436511524,5.369446534088087
mmlu-pro,,1.0,0.175,15,0.0189778134226799,0.9521012200632626,5.390312673992671
mmlu-pro,,1.0,0.175,16,0.0189947988837957,0.9521012200632626,5.37448060053275
mmlu-pro,,1.0,0.175,17,0.0189942978322505,0.9521012200632626,5.378097555108097
mmlu-pro,,1.0,0.175,18,0.0190157052129507,0.9539087211929508,5.361711323142725
mmlu-pro,,1.0,0.175,19,0.0190070457756519,0.9421599638499776,5.376055225513667
mmlu-pro,,1.0,0.175,20,0.0189806669950485,0.9489380930863082,5.38730433648446
mmlu-pro,,1.0,0.175,21,0.0189664158970117,0.9421599638499776,5.395715335369914
mmlu-pro,,1.0,0.175,22,0.01902562007308,0.945774966109354,5.363202356744652
mmlu-pro,,1.0,0.175,23,0.0189835708588361,0.9421599638499776,5.382210317469516
mmlu-pro,,1.0,0.175,24,0.0190056655555963,0.9516493447808404,5.373701357062669
mmlu-pro,,1.0,0.175,25,0.0190136339515447,0.9417080885675554,5.366296652794277
mmlu-pro,,1.0,0.175,26,0.019004039466381,0.947582467239042,5.371862832441171
mmlu-pro,,1.0,0.175,27,0.0189955402165651,0.9489380930863082,5.364353656563573
mmlu-pro,,1.0,0.175,28,0.0190132372081279,0.9543605964753727,5.358195869121119
mmlu-pro,,1.0,0.175,29,0.0189679972827434,0.9552643470402168,5.393477357289704
mmlu-pro,,1.0,0.175,30,0.0190004743635654,0.947582467239042,5.372912655274772
mmlu-pro,,1.0,0.175,31,0.0189938899129629,0.946678716674198,5.37327907323613
mmlu-pro,,1.0,0.175,32,0.0189590789377689,0.948034342521464,5.39546420379412
mmlu-pro,,1.0,0.175,33,0.0189949125051498,0.9511974694984184,5.377115515278867
mmlu-pro,,1.0,0.175,34,0.0189538560807704,0.947582467239042,5.40413056760333
mmlu-pro,,1.0,0.175,35,0.0189973749220371,0.9493899683687302,5.380115458949863
mmlu-pro,,1.0,0.175,36,0.0189964640885591,0.955716222322639,5.382226351420108
mmlu-pro,,1.0,0.175,37,0.0189726836979389,0.9507455942159964,5.392480984826353
mmlu-pro,,1.0,0.175,38,0.0189922861754894,0.9566199728874832,5.378435353846935
mmlu-pro,,1.0,0.175,39,0.0189948864281177,0.9539087211929508,5.375394989344277
mmlu-pro,,1.0,0.175,40,0.0189998522400856,0.9530049706281066,5.3665655345311585
mmlu-pro,,1.0,0.175,41,0.0190061442553997,0.9498418436511524,5.374464823804941
mmlu-pro,,1.0,0.175,42,0.0189654435962438,0.9430637144148216,5.393420787801988
mmlu-pro,,1.0,0.175,43,0.0189894828945398,0.9453230908269318,5.3824025851357655
mmlu-pro,,1.0,0.175,44,0.0189724899828434,0.9453230908269318,5.390202094642375
mmlu-pro,,1.0,0.175,45,0.01901769451797,0.9439674649796655,5.357327463982958
mmlu-pro,,1.0,0.175,46,0.019019428640604,0.9507455942159964,5.36342004921419
mmlu-pro,,1.0,0.175,47,0.0189931988716125,0.945774966109354,5.381907329893808
mmlu-pro,,1.0,0.175,48,0.0189704466611146,0.9570718481699052,5.389875154714077
mmlu-pro,,1.0,0.175,49,0.0189959742128849,0.94713059195662,5.382660466640094
mmlu-pro,,1.0,0.175,50,0.0189744383096694,0.945774966109354,5.386882192540019
mmlu-pro,,1.0,0.175,51,0.0190014876425266,0.9534568459105288,5.381412710783694
mmlu-pro,,1.0,0.175,52,0.018992455676198,0.9435155896972436,5.38127195152616
mmlu-pro,,1.0,0.175,53,0.018987389281392,0.9552643470402168,5.375918082224011
mmlu-pro,,1.0,0.175,54,0.0189881157130002,0.9502937189335744,5.376131765747649
mmlu-pro,,1.0,0.175,55,0.0190120618790388,0.946226841391776,5.365164278504263
mmlu-pro,,1.0,0.175,56,0.0189872533082962,0.9430637144148216,5.387220883541757
mmlu-pro,,1.0,0.175,57,0.018984293565154,0.9575237234523272,5.376361022049063
mmlu-pro,,1.0,0.175,58,0.0189890954643487,0.945774966109354,5.3832476109846
mmlu-pro,,1.0,0.175,59,0.0189818702638149,0.9453230908269318,5.377814855802513
mmlu-pro,,1.0,0.175,60,0.0189767628908157,0.9588793492995934,5.381587061806678
mmlu-pro,,1.0,0.175,61,0.0189958605915308,0.945774966109354,5.375530225741926
mmlu-pro,,1.0,0.175,62,0.0189754609018564,0.9525530953456848,5.3833759434789235
mmlu-pro,,1.0,0.175,63,0.0189763717353343,0.9507455942159964,5.38248751846313
mmlu-pro,,1.0,0.175,64,0.0189963988959789,0.9530049706281066,5.37730448387969
mmlu-pro,,1.0,0.175,65,0.0189760755747556,0.9385449615906012,5.385133526929202
mmlu-pro,,1.0,0.175,66,0.019005961716175,0.947582467239042,5.368859537541077
mmlu-pro,,1.0,0.175,67,0.0189812630414962,0.9430637144148216,5.388616017895972
mmlu-pro,,1.0,0.175,68,0.0189923401921987,0.9552643470402168,5.3679027941101705
mmlu-pro,,1.0,0.175,69,0.0189955029636621,0.945774966109354,5.3761055008117875
mmlu-pro,,1.0,0.175,70,0.0189769342541694,0.94713059195662,5.385191931943013
mmlu-pro,,1.0,0.175,71,0.0189838353544473,0.9435155896972436,5.377025538199863
mmlu-pro,,1.0,0.175,72,0.01900315284729,0.945774966109354,5.372512236127054
mmlu-pro,,1.0,0.175,73,0.0189807750284671,0.9507455942159964,5.382928970371344
mmlu-pro,,1.0,0.175,74,0.0189999155700206,0.9597830998644374,5.370879232001698
mmlu-pro,,1.0,0.175,75,0.0189861357212066,0.948034342521464,5.385051795690746
mmlu-pro,,1.0,0.175,76,0.0190042629837989,0.9570718481699052,5.365281547859311
mmlu-pro,,1.0,0.175,77,0.0190117675811052,0.9525530953456848,5.357705277790193
mmlu-pro,,1.0,0.175,78,0.0189831294119358,0.9430637144148216,5.3821765500074905
mmlu-pro,,1.0,0.175,79,0.0190063528716564,0.9502937189335744,5.367129995071837
mmlu-pro,,1.0,0.175,80,0.0189793594181537,0.9516493447808404,5.381656348168701
mmlu-pro,,1.0,0.175,81,0.0190069451928138,0.948034342521464,5.368365709851384
mmlu-pro,,1.0,0.175,82,0.0189904738217592,0.9421599638499776,5.378325499810766
mmlu-pro,,1.0,0.175,83,0.0189717411994934,0.947582467239042,5.395053491896161
mmlu-pro,,1.0,0.175,84,0.0189851354807615,0.948034342521464,5.378449551535237
mmlu-pro,,1.0,0.175,85,0.0190032944083213,0.9539087211929508,5.370872883650529
mmlu-pro,,1.0,0.175,86,0.0190141405910253,0.9534568459105288,5.365907205756782
mmlu-pro,,1.0,0.175,87,0.0189851429313421,0.9593312245820154,5.381166060115512
mmlu-pro,,1.0,0.175,88,0.0189749840646982,0.9484862178038862,5.388046920392999
mmlu-pro,,1.0,0.175,89,0.0189796313643455,0.9516493447808404,5.379975068223955
mmlu-pro,,1.0,0.175,90,0.0189937725663185,0.9511974694984184,5.376537540821196
mmlu-pro,,1.0,0.175,91,0.0189515855163335,0.9516493447808404,5.400920349615178
mmlu-pro,,1.0,0.175,92,0.0190319642424583,0.948034342521464,5.347503370060049
mmlu-pro,,1.0,0.175,93,0.0190006531774997,0.9516493447808404,5.372674282464497
mmlu-pro,,1.0,0.175,94,0.0189774651080369,0.9430637144148216,5.382512179072149
mmlu-pro,,1.0,0.175,95,0.0189902316778898,0.9498418436511524,5.379140547888878
mmlu-pro,,1.0,0.175,96,0.0189831629395484,0.9435155896972436,5.377380987272286
mmlu-pro,,1.0,0.175,97,0.019038837403059,0.9539087211929508,5.351679176573016
mmlu-pro,,1.0,0.175,98,0.0190013945102691,0.9516493447808404,5.3678990139707565
mmlu-pro,,1.0,0.175,99,0.0190101657062768,0.946678716674198,5.371105722667579
mmlu-pro,,1.0,0.2,0,0.0173187721520662,0.945774966109354,5.487261827229531
mmlu-pro,,1.0,0.2,1,0.0173172410577535,0.9412562132851332,5.49058794698251
mmlu-pro,,1.0,0.2,2,0.017323724925518,0.9439674649796655,5.487500253529025
mmlu-pro,,1.0,0.2,3,0.0173045806586742,0.9530049706281066,5.495811508730853
mmlu-pro,,1.0,0.2,4,0.0173102971166372,0.9584274740171712,5.496576021426308
mmlu-pro,,1.0,0.2,5,0.0173285026103258,0.9439674649796655,5.485891559088574
mmlu-pro,,1.0,0.2,6,0.0173043757677078,0.9552643470402168,5.502689419720123
mmlu-pro,,1.0,0.2,7,0.0173010434955358,0.9498418436511524,5.497686354548956
mmlu-pro,,1.0,0.2,8,0.0173167120665311,0.9439674649796655,5.486441855834748
mmlu-pro,,1.0,0.2,9,0.0173397120088338,0.9530049706281066,5.465457826074308
mmlu-pro,,1.0,0.2,10,0.0173093564808368,0.9534568459105288,5.496649670013632
mmlu-pro,,1.0,0.2,11,0.0173016712069511,0.948034342521464,5.494817078473414
mmlu-pro,,1.0,0.2,12,0.0173195283859968,0.9552643470402168,5.48325641542198
mmlu-pro,,1.0,0.2,13,0.0173024553805589,0.9493899683687302,5.497465599238957
mmlu-pro,,1.0,0.2,14,0.0173244029283523,0.9484862178038862,5.483264441675296
mmlu-pro,,1.0,0.2,15,0.0173014570027589,0.9548124717577948,5.503957176211252
mmlu-pro,,1.0,0.2,16,0.01731070689857,0.9498418436511524,5.490682721533188
mmlu-pro,,1.0,0.2,17,0.0173153914511203,0.9552643470402168,5.491281037277862
mmlu-pro,,1.0,0.2,18,0.0173307824879884,0.9552643470402168,5.476409026062076
mmlu-pro,,1.0,0.2,19,0.0173246413469314,0.9439674649796655,5.488757325964615
mmlu-pro,,1.0,0.2,20,0.0172992814332246,0.9493899683687302,5.502176054539227
mmlu-pro,,1.0,0.2,21,0.0172897558659315,0.9408043380027112,5.506577872292848
mmlu-pro,,1.0,0.2,22,0.0173411481082439,0.946226841391776,5.478100794111168
mmlu-pro,,1.0,0.2,23,0.0173025727272033,0.946678716674198,5.497496032423432
mmlu-pro,,1.0,0.2,24,0.0173236317932605,0.9534568459105288,5.486605203905055
mmlu-pro,,1.0,0.2,25,0.0173302888870239,0.9435155896972436,5.481075283119869
mmlu-pro,,1.0,0.2,26,0.017323438078165,0.9493899683687302,5.48570743571291
mmlu-pro,,1.0,0.2,27,0.0173136070370674,0.9511974694984184,5.478705707550604
mmlu-pro,,1.0,0.2,28,0.0173282548785209,0.9521012200632626,5.476559762815257
mmlu-pro,,1.0,0.2,29,0.017286516726017,0.9489380930863082,5.508260342775967
mmlu-pro,,1.0,0.2,30,0.0173170305788517,0.947582467239042,5.488091431740227
mmlu-pro,,1.0,0.2,31,0.0173082984983921,0.9453230908269318,5.492823218088458
mmlu-pro,,1.0,0.2,32,0.0172841120511293,0.9426118391323997,5.506439407169085
mmlu-pro,,1.0,0.2,33,0.0173165593296289,0.9448712155445096,5.487326774201732
mmlu-pro,,1.0,0.2,34,0.0172805543988943,0.9448712155445096,5.51498176679019
mmlu-pro,,1.0,0.2,35,0.0173137336969375,0.9484862178038862,5.493767840733167
mmlu-pro,,1.0,0.2,36,0.0173101928085088,0.9566199728874832,5.497264900658071
mmlu-pro,,1.0,0.2,37,0.0172975957393646,0.9498418436511524,5.5053312385512845
mmlu-pro,,1.0,0.2,38,0.0173109918832778,0.9593312245820154,5.493686224199536
mmlu-pro,,1.0,0.2,39,0.0173134580254554,0.9516493447808404,5.489346241661114
mmlu-pro,,1.0,0.2,40,0.0173145160079002,0.9525530953456848,5.4837316927724675
mmlu-pro,,1.0,0.2,41,0.0173201393336057,0.9507455942159964,5.491118142717229
mmlu-pro,,1.0,0.2,42,0.0172898825258016,0.9444193402620876,5.505675121408106
mmlu-pro,,1.0,0.2,43,0.0173084922134876,0.946678716674198,5.498416853855097
mmlu-pro,,1.0,0.2,44,0.0172942448407411,0.945774966109354,5.5037458951405105
mmlu-pro,,1.0,0.2,45,0.0173320434987545,0.9403524627202892,5.473224414870393
mmlu-pro,,1.0,0.2,46,0.0173382516950368,0.956168097605061,5.474764918278453
mmlu-pro,,1.0,0.2,47,0.0173141211271286,0.947582467239042,5.494028304769916
mmlu-pro,,1.0,0.2,48,0.0172919239848852,0.9548124717577948,5.502389008821808
mmlu-pro,,1.0,0.2,49,0.0173176601529121,0.9448712155445096,5.494193953330346
mmlu-pro,,1.0,0.2,50,0.0172915998846292,0.94713059195662,5.5036313312534695
mmlu-pro,,1.0,0.2,51,0.0173173323273658,0.9539087211929508,5.496259756785927
mmlu-pro,,1.0,0.2,52,0.0173106808215379,0.9453230908269318,5.4949843447990165
mmlu-pro,,1.0,0.2,53,0.0173069760203361,0.9566199728874832,5.489043363737887
mmlu-pro,,1.0,0.2,54,0.0173089262098073,0.9448712155445096,5.4899374270070425
mmlu-pro,,1.0,0.2,55,0.0173272769898176,0.9403524627202892,5.4824402646316575
mmlu-pro,,1.0,0.2,56,0.0173091404139995,0.9430637144148216,5.498041381769546
mmlu-pro,,1.0,0.2,57,0.017307000234723,0.9597830998644374,5.48830990932507
mmlu-pro,,1.0,0.2,58,0.0173113010823726,0.9498418436511524,5.496031320365865
mmlu-pro,,1.0,0.2,59,0.017302868887782,0.9530049706281066,5.491630337683908
mmlu-pro,,1.0,0.2,60,0.0173017419874668,0.9575237234523272,5.495020442519134
mmlu-pro,,1.0,0.2,61,0.0173152070492506,0.9444193402620876,5.486354468611934
mmlu-pro,,1.0,0.2,62,0.017297089099884,0.94713059195662,5.4978973532735145
mmlu-pro,,1.0,0.2,63,0.0172987319529056,0.9525530953456848,5.497191423332204
mmlu-pro,,1.0,0.2,64,0.0173171628266572,0.9516493447808404,5.487855416090295
mmlu-pro,,1.0,0.2,65,0.0172975677996873,0.9403524627202892,5.498875741663787
mmlu-pro,,1.0,0.2,66,0.0173188205808401,0.9507455942159964,5.485007282637235
mmlu-pro,,1.0,0.2,67,0.0173009634017944,0.9448712155445096,5.5042631565795235
mmlu-pro,,1.0,0.2,68,0.0173118505626916,0.9584274740171712,5.483448006818464
mmlu-pro,,1.0,0.2,69,0.0173175204545259,0.9439674649796655,5.486573586312428
mmlu-pro,,1.0,0.2,70,0.0172994956374168,0.947582467239042,5.49645971523376
mmlu-pro,,1.0,0.2,71,0.0173089057207107,0.946678716674198,5.486996729146699
mmlu-pro,,1.0,0.2,72,0.017323238775134,0.9548124717577948,5.485895110839051
mmlu-pro,,1.0,0.2,73,0.0173009913414716,0.956168097605061,5.4967057660696454
mmlu-pro,,1.0,0.2,74,0.0173187367618083,0.9615906009941256,5.48367105824154
mmlu-pro,,1.0,0.2,75,0.0173044763505458,0.945774966109354,5.499007255266369
mmlu-pro,,1.0,0.2,76,0.0173253268003463,0.9525530953456848,5.475714838782454
mmlu-pro,,1.0,0.2,77,0.0173261389136314,0.9530049706281066,5.477405354173987
mmlu-pro,,1.0,0.2,78,0.0173027627170085,0.94713059195662,5.494050162060384
mmlu-pro,,1.0,0.2,79,0.0173212941735982,0.9511974694984184,5.483552610599911
mmlu-pro,,1.0,0.2,80,0.0172995645552873,0.9548124717577948,5.496619884225744
mmlu-pro,,1.0,0.2,81,0.0173246935009956,0.9417080885675554,5.482737123296884
mmlu-pro,,1.0,0.2,82,0.0173132549971342,0.9367374604609128,5.491482635741139
mmlu-pro,,1.0,0.2,83,0.0172994714230299,0.9507455942159964,5.503858607147993
mmlu-pro,,1.0,0.2,84,0.0173077173531055,0.945774966109354,5.490147551356844
mmlu-pro,,1.0,0.2,85,0.0173221882432699,0.9530049706281066,5.483180950093357
mmlu-pro,,1.0,0.2,86,0.0173321012407541,0.9493899683687302,5.479685550230068
mmlu-pro,,1.0,0.2,87,0.0173062495887279,0.9570718481699052,5.4952682849278744
mmlu-pro,,1.0,0.2,88,0.0172960422933101,0.9493899683687302,5.502828375274404
mmlu-pro,,1.0,0.2,89,0.0173024423420429,0.947582467239042,5.493808511991369
mmlu-pro,,1.0,0.2,90,0.0173128936439752,0.948034342521464,5.488177662710572
mmlu-pro,,1.0,0.2,91,0.0172737017273902,0.94713059195662,5.517298446537096
mmlu-pro,,1.0,0.2,92,0.0173453651368618,0.9521012200632626,5.46157361064748
mmlu-pro,,1.0,0.2,93,0.0173158328980207,0.9534568459105288,5.488727662561169
mmlu-pro,,1.0,0.2,94,0.0172960478812456,0.946678716674198,5.499701809035197
mmlu-pro,,1.0,0.2,95,0.0173111073672771,0.9435155896972436,5.4904730589780195
mmlu-pro,,1.0,0.2,96,0.0173000637441873,0.9421599638499776,5.492209248477264
mmlu-pro,,1.0,0.2,97,0.0173488091677427,0.9552643470402168,5.468774555820628
mmlu-pro,,1.0,0.2,98,0.0173187293112278,0.947582467239042,5.4813740664466355
mmlu-pro,,1.0,0.2,99,0.0173237044364213,0.9525530953456848,5.488548973889759
mmlu-pro,,1.0,0.225,0,0.0159428548067808,0.9525530953456848,5.575262733211659
mmlu-pro,,1.0,0.225,1,0.0159425269812345,0.9539087211929508,5.577053593179957
mmlu-pro,,1.0,0.225,2,0.0159163083881139,0.9534568459105288,5.5966873215169946
mmlu-pro,,1.0,0.225,3,0.0159283690154552,0.9534568459105288,5.582922083651586
mmlu-pro,,1.0,0.225,4,0.0159388966858387,0.94713059195662,5.581388787602171
mmlu-pro,,1.0,0.225,5,0.0159453805536031,0.9502937189335744,5.578376757326392
mmlu-pro,,1.0,0.225,6,0.0159228667616844,0.9489380930863082,5.593529735142759
mmlu-pro,,1.0,0.225,7,0.0159355457872152,0.9493899683687302,5.577299376433625
mmlu-pro,,1.0,0.225,8,0.0159211941063404,0.9484862178038862,5.587535872302526
mmlu-pro,,1.0,0.225,9,0.0159492865204811,0.9489380930863082,5.565272117780384
mmlu-pro,,1.0,0.225,10,0.0159346815198659,0.9498418436511524,5.584065815169375
mmlu-pro,,1.0,0.225,11,0.0159414540976285,0.947582467239042,5.571407362465509
mmlu-pro,,1.0,0.225,12,0.0159442666918039,0.9489380930863082,5.570420139972339
mmlu-pro,,1.0,0.225,13,0.0159304104745388,0.9439674649796655,5.584035147748183
mmlu-pro,,1.0,0.225,14,0.0159224141389131,0.9525530953456848,5.589686163831044
mmlu-pro,,1.0,0.225,15,0.0159303471446037,0.9444193402620876,5.5916737411960975
mmlu-pro,,1.0,0.225,16,0.0159375295042991,0.9552643470402168,5.577060280945819
mmlu-pro,,1.0,0.225,17,0.0159236565232276,0.9435155896972436,5.591597344510932
mmlu-pro,,1.0,0.225,18,0.01595857180655,0.9530049706281066,5.5614289310623075
mmlu-pro,,1.0,0.225,19,0.0159296188503503,0.9493899683687302,5.587542807980429
mmlu-pro,,1.0,0.225,20,0.0159376952797174,0.9521012200632626,5.58179070022482
mmlu-pro,,1.0,0.225,21,0.0159138925373554,0.947582467239042,5.59901591506889
mmlu-pro,,1.0,0.225,22,0.0159196387976408,0.9502937189335744,5.596802509469754
mmlu-pro,,1.0,0.225,23,0.0159186776727437,0.946226841391776,5.5930244426362075
mmlu-pro,,1.0,0.225,24,0.0159461125731468,0.94713059195662,5.577112052735317
mmlu-pro,,1.0,0.225,25,0.0159241594374179,0.9493899683687302,5.587926748833573
mmlu-pro,,1.0,0.225,26,0.0159192811697721,0.9493899683687302,5.593403963431529
mmlu-pro,,1.0,0.225,27,0.0159282553941011,0.9507455942159964,5.575465450393918
mmlu-pro,,1.0,0.225,28,0.0159198846668005,0.9502937189335744,5.58717841473849
mmlu-pro,,1.0,0.225,29,0.0159319676458835,0.9417080885675554,5.58190722920323
mmlu-pro,,1.0,0.225,30,0.0159423183649778,0.9507455942159964,5.5746580470748714
mmlu-pro,,1.0,0.225,31,0.0159184988588094,0.9548124717577948,5.59206204777617
mmlu-pro,,1.0,0.225,32,0.0159248355776071,0.9511974694984184,5.586230281880483
mmlu-pro,,1.0,0.225,33,0.0159341860562562,0.9439674649796655,5.581004786091591
mmlu-pro,,1.0,0.225,34,0.0159063972532749,0.9408043380027112,5.602459891492938
mmlu-pro,,1.0,0.225,35,0.0159324873238801,0.9507455942159964,5.588377273437277
mmlu-pro,,1.0,0.225,36,0.0159279387444257,0.9570718481699052,5.587694371981983
mmlu-pro,,1.0,0.225,37,0.015918344259262,0.9521012200632626,5.596006505776674
mmlu-pro,,1.0,0.225,38,0.0159309543669223,0.9579755987347492,5.5838185329906835
mmlu-pro,,1.0,0.225,39,0.0159329120069742,0.956168097605061,5.583967971397065
mmlu-pro,,1.0,0.225,40,0.015930013731122,0.9530049706281066,5.581819035423544
mmlu-pro,,1.0,0.225,41,0.0159406252205371,0.9530049706281066,5.578607383188776
mmlu-pro,,1.0,0.225,42,0.0159124676138162,0.9403524627202892,5.596462539829105
mmlu-pro,,1.0,0.225,43,0.0159257147461175,0.9502937189335744,5.5927451838090025
mmlu-pro,,1.0,0.225,44,0.0159171018749475,0.947582467239042,5.596560084766773
mmlu-pro,,1.0,0.225,45,0.0159496944397687,0.945774966109354,5.566728702745611
mmlu-pro,,1.0,0.225,46,0.0159564074128866,0.9534568459105288,5.5658951776385015
mmlu-pro,,1.0,0.225,47,0.0159311201423406,0.9521012200632626,5.588887593234187
mmlu-pro,,1.0,0.225,48,0.0159151274710893,0.9498418436511524,5.593328694498286
mmlu-pro,,1.0,0.225,49,0.0159364286810159,0.9448712155445096,5.585591310091599
mmlu-pro,,1.0,0.225,50,0.0159165170043706,0.9498418436511524,5.594882966919509
mmlu-pro,,1.0,0.225,51,0.0159359127283096,0.956168097605061,5.58727576416665
mmlu-pro,,1.0,0.225,52,0.0159284006804227,0.946678716674198,5.588642969064864
mmlu-pro,,1.0,0.225,53,0.0159271340817213,0.9548124717577948,5.583972479595896
mmlu-pro,,1.0,0.225,54,0.0159299410879611,0.947582467239042,5.582397045294484
mmlu-pro,,1.0,0.225,55,0.0159459523856639,0.9435155896972436,5.573025202913358
mmlu-pro,,1.0,0.225,56,0.0159283652901649,0.9444193402620876,5.590305599689832
mmlu-pro,,1.0,0.225,57,0.0159278232604265,0.9584274740171712,5.584293965016721
mmlu-pro,,1.0,0.225,58,0.0159311685711145,0.9530049706281066,5.587534693580323
mmlu-pro,,1.0,0.225,59,0.015924047678709,0.9489380930863082,5.584713031691626
mmlu-pro,,1.0,0.225,60,0.0159209743142128,0.9575237234523272,5.588838449858361
mmlu-pro,,1.0,0.225,61,0.0159331057220697,0.9484862178038862,5.57818825752168
mmlu-pro,,1.0,0.225,62,0.0159194022417068,0.9502937189335744,5.589940109016779
mmlu-pro,,1.0,0.225,63,0.0159203894436359,0.9489380930863082,5.590177404254753
mmlu-pro,,1.0,0.225,64,0.0159346535801887,0.955716222322639,5.581313543784104
mmlu-pro,,1.0,0.225,65,0.015918793156743,0.9417080885675554,5.591836468625144
mmlu-pro,,1.0,0.225,66,0.0159362368285655,0.9507455942159964,5.575480947779529
mmlu-pro,,1.0,0.225,67,0.0159237142652273,0.9484862178038862,5.592683164260127
mmlu-pro,,1.0,0.225,68,0.0159307029098272,0.9579755987347492,5.576773777462121
mmlu-pro,,1.0,0.225,69,0.0159388966858387,0.9426118391323997,5.5775783591084185
mmlu-pro,,1.0,0.225,70,0.0159221310168504,0.9498418436511524,5.58760058565274
mmlu-pro,,1.0,0.225,71,0.0159272961318492,0.948034342521464,5.582130158287722
mmlu-pro,,1.0,0.225,72,0.0159387569874525,0.9525530953456848,5.577302991161092
mmlu-pro,,1.0,0.225,73,0.0159209053963422,0.9507455942159964,5.590278686332835
mmlu-pro,,1.0,0.225,74,0.0159380324184894,0.9579755987347492,5.57532297035399
mmlu-pro,,1.0,0.225,75,0.0159245952963829,0.9493899683687302,5.588456996821532
mmlu-pro,,1.0,0.225,76,0.015944879502058,0.9511974694984184,5.565243231305054
mmlu-pro,,1.0,0.225,77,0.0159439034759998,0.9530049706281066,5.573711833696364
mmlu-pro,,1.0,0.225,78,0.0159237459301948,0.945774966109354,5.586643143959575
mmlu-pro,,1.0,0.225,79,0.0159380175173282,0.9516493447808404,5.577828267510465
mmlu-pro,,1.0,0.225,80,0.0159164983779191,0.9543605964753727,5.5886452700625435
mmlu-pro,,1.0,0.225,81,0.0159427728503942,0.9489380930863082,5.575636755274228
mmlu-pro,,1.0,0.225,82,0.0159349907189607,0.9408043380027112,5.580234614047752
mmlu-pro,,1.0,0.225,83,0.0159200467169284,0.9444193402620876,5.596086135297006
mmlu-pro,,1.0,0.225,84,0.015928640961647,0.9448712155445096,5.5816263235265335
mmlu-pro,,1.0,0.225,85,0.0159378834068775,0.9534568459105288,5.578477497833005
mmlu-pro,,1.0,0.225,86,0.0159499235451221,0.9484862178038862,5.569389441500545
mmlu-pro,,1.0,0.225,87,0.015923973172903,0.9593312245820154,5.587400508974946
mmlu-pro,,1.0,0.225,88,0.0159196108579635,0.945774966109354,5.5931656508543
mmlu-pro,,1.0,0.225,89,0.0159255471080541,0.948034342521464,5.584399944869451
mmlu-pro,,1.0,0.225,90,0.0159306433051824,0.948034342521464,5.582338070080044
mmlu-pro,,1.0,0.225,91,0.0159001853317022,0.947582467239042,5.604825767474978
mmlu-pro,,1.0,0.225,92,0.0159610658884048,0.9534568459105288,5.557461289655494
mmlu-pro,,1.0,0.225,93,0.0159370806068182,0.9516493447808404,5.578509502658536
mmlu-pro,,1.0,0.225,94,0.0159157384186983,0.9417080885675554,5.591150226454251
mmlu-pro,,1.0,0.225,95,0.0159331150352954,0.9516493447808404,5.57864118615658
mmlu-pro,,1.0,0.225,96,0.0159210227429866,0.946678716674198,5.5841367772407775
mmlu-pro,,1.0,0.225,97,0.0159604921936988,0.955716222322639,5.561357718862902
mmlu-pro,,1.0,0.225,98,0.0159371104091405,0.948034342521464,5.576069648945702
mmlu-pro,,1.0,0.225,99,0.0159379076212644,0.9484862178038862,5.586572145765103
mmlu-pro,,1.0,0.25,0,0.0147813912481069,0.9534568459105288,5.648626331440832
mmlu-pro,,1.0,0.25,1,0.0147815514355897,0.9588793492995934,5.648332599111639
mmlu-pro,,1.0,0.25,2,0.0147584304213523,0.9543605964753727,5.66988900360583
mmlu-pro,,1.0,0.25,3,0.0147672826424241,0.948034342521464,5.655357886174652
mmlu-pro,,1.0,0.25,4,0.014779582619667,0.9412562132851332,5.650815360207879
mmlu-pro,,1.0,0.25,5,0.0147848678752779,0.9502937189335744,5.648132846115967
mmlu-pro,,1.0,0.25,6,0.0147654134780168,0.9521012200632626,5.666506657337281
mmlu-pro,,1.0,0.25,7,0.0147755714133381,0.9489380930863082,5.650277875444993
mmlu-pro,,1.0,0.25,8,0.0147603303194046,0.948034342521464,5.663500846245819
mmlu-pro,,1.0,0.25,9,0.0147857423871755,0.9498418436511524,5.639706441833633
mmlu-pro,,1.0,0.25,10,0.0147754438221454,0.9489380930863082,5.656171164277096
mmlu-pro,,1.0,0.25,11,0.0147810913622379,0.9502937189335744,5.64251859542214
mmlu-pro,,1.0,0.25,12,0.014784132130444,0.9530049706281066,5.6430538090641145
mmlu-pro,,1.0,0.25,13,0.0147672444581985,0.9403524627202892,5.662051783407775
mmlu-pro,,1.0,0.25,14,0.014762669801712,0.9484862178038862,5.661290470131247
mmlu-pro,,1.0,0.25,15,0.0147694665938615,0.9511974694984184,5.66539363309128
mmlu-pro,,1.0,0.25,16,0.0147780161350965,0.9566199728874832,5.651184004671394
mmlu-pro,,1.0,0.25,17,0.0147658148780465,0.9439674649796655,5.663078556136549
mmlu-pro,,1.0,0.25,18,0.0147939091548323,0.9516493447808404,5.637200872650969
mmlu-pro,,1.0,0.25,19,0.0147702312096953,0.9498418436511524,5.659826922884669
mmlu-pro,,1.0,0.25,20,0.0147782061249017,0.9498418436511524,5.652594441812085
mmlu-pro,,1.0,0.25,21,0.0147576788440346,0.94713059195662,5.668626090277493
mmlu-pro,,1.0,0.25,22,0.0147593636065721,0.947582467239042,5.670538736630172
mmlu-pro,,1.0,0.25,23,0.0147597910836339,0.945774966109354,5.666074902483801
mmlu-pro,,1.0,0.25,24,0.0147826327010989,0.9498418436511524,5.6499212674875166
mmlu-pro,,1.0,0.25,25,0.0147638572379946,0.94713059195662,5.661331995612641
mmlu-pro,,1.0,0.25,26,0.0147593887522816,0.9511974694984184,5.66580343599584
mmlu-pro,,1.0,0.25,27,0.0147679643705487,0.946226841391776,5.651618577586102
mmlu-pro,,1.0,0.25,28,0.0147614711895585,0.948034342521464,5.657938632246896
mmlu-pro,,1.0,0.25,29,0.0147710554301738,0.9421599638499776,5.652801487000111
mmlu-pro,,1.0,0.25,30,0.0147790843620896,0.9511974694984184,5.647813723934503
mmlu-pro,,1.0,0.25,31,0.0147597892209887,0.955716222322639,5.666513714601004
mmlu-pro,,1.0,0.25,32,0.0147654460743069,0.9489380930863082,5.659854384109142
mmlu-pro,,1.0,0.25,33,0.0147737171500921,0.9408043380027112,5.655732588763266
mmlu-pro,,1.0,0.25,34,0.0147516308352351,0.9417080885675554,5.672624387269182
mmlu-pro,,1.0,0.25,35,0.0147727979347109,0.946678716674198,5.662077886019802
mmlu-pro,,1.0,0.25,36,0.0147696314379572,0.9597830998644374,5.661334395161661
mmlu-pro,,1.0,0.25,37,0.0147588271647691,0.9534568459105288,5.668396634853645
mmlu-pro,,1.0,0.25,38,0.0147718070074915,0.9566199728874832,5.655941796997554
mmlu-pro,,1.0,0.25,39,0.0147723797708749,0.9530049706281066,5.65570472071453
mmlu-pro,,1.0,0.25,40,0.0147703932598233,0.9511974694984184,5.655982027440207
mmlu-pro,,1.0,0.25,41,0.014779882505536,0.9530049706281066,5.651375758753683
mmlu-pro,,1.0,0.25,42,0.0147536387667059,0.946226841391776,5.668293132389838
mmlu-pro,,1.0,0.25,43,0.0147661734372377,0.9507455942159964,5.667368348252199
mmlu-pro,,1.0,0.25,44,0.0147597976028919,0.9489380930863082,5.665974973202772
mmlu-pro,,1.0,0.25,45,0.0147866951301693,0.9453230908269318,5.641426849946197
mmlu-pro,,1.0,0.25,46,0.0147922858595848,0.9516493447808404,5.638918991244601
mmlu-pro,,1.0,0.25,47,0.0147713413462042,0.9534568459105288,5.662779298936503
mmlu-pro,,1.0,0.25,48,0.0147571926936507,0.947582467239042,5.667905727072609
mmlu-pro,,1.0,0.25,49,0.014776462689042,0.9516493447808404,5.658450468786161
mmlu-pro,,1.0,0.25,50,0.0147592993453145,0.9539087211929508,5.6648615838281335
mmlu-pro,,1.0,0.25,51,0.0147758098319172,0.9525530953456848,5.660102103753073
mmlu-pro,,1.0,0.25,52,0.0147672770544886,0.9489380930863082,5.6610435900201175
mmlu-pro,,1.0,0.25,53,0.0147655047476291,0.9534568459105288,5.66123922513729
mmlu-pro,,1.0,0.25,54,0.0147692058235406,0.9484862178038862,5.657467475840715
mmlu-pro,,1.0,0.25,55,0.0147835630923509,0.9435155896972436,5.646819474693036
mmlu-pro,,1.0,0.25,56,0.014765397645533,0.9430637144148216,5.666530821056285
mmlu-pro,,1.0,0.25,57,0.0147647121921181,0.9597830998644374,5.6606007353665415
mmlu-pro,,1.0,0.25,58,0.0147712361067533,0.9539087211929508,5.65907366409008
mmlu-pro,,1.0,0.25,59,0.0147665254771709,0.948034342521464,5.656482658551813
mmlu-pro,,1.0,0.25,60,0.0147652411833405,0.9552643470402168,5.661232427248914
mmlu-pro,,1.0,0.25,61,0.0147718759253621,0.948034342521464,5.652142364305061
mmlu-pro,,1.0,0.25,62,0.0147585337981581,0.946678716674198,5.663679453187828
mmlu-pro,,1.0,0.25,63,0.0147592648863792,0.94713059195662,5.6641479405412625
mmlu-pro,,1.0,0.25,64,0.0147750033065676,0.9539087211929508,5.653702374389803
mmlu-pro,,1.0,0.25,65,0.0147589892148971,0.9412562132851332,5.665889095176451
mmlu-pro,,1.0,0.25,66,0.0147732701152563,0.9566199728874832,5.649519550434508
mmlu-pro,,1.0,0.25,67,0.0147648779675364,0.9430637144148216,5.666707487297824
mmlu-pro,,1.0,0.25,68,0.0147716673091053,0.9543605964753727,5.6488945440126415
mmlu-pro,,1.0,0.25,69,0.014777292497456,0.9430637144148216,5.652761169260438
mmlu-pro,,1.0,0.25,70,0.0147615643218159,0.956168097605061,5.6635953628678335
mmlu-pro,,1.0,0.25,71,0.0147662702947855,0.9507455942159964,5.657706655796819
mmlu-pro,,1.0,0.25,72,0.014778247103095,0.9498418436511524,5.650988186644884
mmlu-pro,,1.0,0.25,73,0.01476333104074,0.9534568459105288,5.662644629943389
mmlu-pro,,1.0,0.25,74,0.014777299016714,0.9606868504292816,5.648833384747231
mmlu-pro,,1.0,0.25,75,0.0147663634270429,0.9507455942159964,5.660101857654743
mmlu-pro,,1.0,0.25,76,0.0147806564345955,0.9516493447808404,5.642445947814016
mmlu-pro,,1.0,0.25,77,0.0147812878713011,0.9534568459105288,5.648885041571429
mmlu-pro,,1.0,0.25,78,0.014765684492886,0.9408043380027112,5.660497525540372
mmlu-pro,,1.0,0.25,79,0.0147753339260816,0.9484862178038862,5.651760130263551
mmlu-pro,,1.0,0.25,80,0.0147578725591301,0.9484862178038862,5.662531407125646
mmlu-pro,,1.0,0.25,81,0.0147829800844192,0.945774966109354,5.646195386157722
mmlu-pro,,1.0,0.25,82,0.0147762717679142,0.9399005874378672,5.650853340952685
mmlu-pro,,1.0,0.25,83,0.0147617645561695,0.9426118391323997,5.668172777319854
mmlu-pro,,1.0,0.25,84,0.014770952053368,0.946678716674198,5.652263004736273
mmlu-pro,,1.0,0.25,85,0.0147784557193517,0.9539087211929508,5.653213798159612
mmlu-pro,,1.0,0.25,86,0.0147867137566208,0.9530049706281066,5.643847139475376
mmlu-pro,,1.0,0.25,87,0.0147657031193375,0.955716222322639,5.658510992197969
mmlu-pro,,1.0,0.25,88,0.0147598702460527,0.9525530953456848,5.666786755401218
mmlu-pro,,1.0,0.25,89,0.0147671205922961,0.9530049706281066,5.65665912732046
mmlu-pro,,1.0,0.25,90,0.0147729208692908,0.9484862178038862,5.653479521706778
mmlu-pro,,1.0,0.25,91,0.0147433094680309,0.9484862178038862,5.678314312454997
mmlu-pro,,1.0,0.25,92,0.0147989373654127,0.9530049706281066,5.629050787328505
mmlu-pro,,1.0,0.25,93,0.0147759271785616,0.9548124717577948,5.652310857400371
mmlu-pro,,1.0,0.25,94,0.0147577822208404,0.945774966109354,5.662278769841398
mmlu-pro,,1.0,0.25,95,0.0147707471624016,0.946226841391776,5.654055692448259
mmlu-pro,,1.0,0.25,96,0.0147601179778575,0.9444193402620876,5.660400356174583
mmlu-pro,,1.0,0.25,97,0.0147953955456614,0.9575237234523272,5.635770591562572
mmlu-pro,,1.0,0.25,98,0.0147761721163988,0.955716222322639,5.649010703818863
mmlu-pro,,1.0,0.25,99,0.0147749306634068,0.9484862178038862,5.660636548067024
