dataset,n_full_obs,mcar_obs_prob,prop_budget,seed,mean_width,coverage,ess_multiplier
bbh+gpqa+ifeval+math+musr,,1.0,0.025,0,0.0915941223502159,0.9534358047016276,3.017010460831604
bbh+gpqa+ifeval+math+musr,,1.0,0.025,1,0.0910863354802131,0.9507233273056056,3.0587794429520785
bbh+gpqa+ifeval+math+musr,,1.0,0.025,2,0.0912084355950355,0.940777576853526,3.0383006704446016
bbh+gpqa+ifeval+math+musr,,1.0,0.025,3,0.091288648545742,0.9529837251356238,3.0422397808691963
bbh+gpqa+ifeval+math+musr,,1.0,0.025,4,0.091691642999649,0.950271247739602,3.0171044617372007
bbh+gpqa+ifeval+math+musr,,1.0,0.025,5,0.0919509157538414,0.9462025316455696,2.989965841507275
bbh+gpqa+ifeval+math+musr,,1.0,0.025,6,0.0912301391363143,0.9543399638336348,3.0452641403554974
bbh+gpqa+ifeval+math+musr,,1.0,0.025,7,0.0910131782293319,0.9439421338155516,3.0620912938558758
bbh+gpqa+ifeval+math+musr,,1.0,0.025,8,0.0915070697665214,0.939873417721519,3.018315827530962
bbh+gpqa+ifeval+math+musr,,1.0,0.025,9,0.0916219502687454,0.9471066907775768,3.005994369649837
bbh+gpqa+ifeval+math+musr,,1.0,0.025,10,0.0911454930901527,0.940777576853526,3.055258789346459
bbh+gpqa+ifeval+math+musr,,1.0,0.025,11,0.0912694111466407,0.9520795660036168,3.041590979222205
bbh+gpqa+ifeval+math+musr,,1.0,0.025,12,0.0916123241186142,0.9489150090415912,3.0179831605038974
bbh+gpqa+ifeval+math+musr,,1.0,0.025,13,0.0915535762906074,0.9529837251356238,3.018813964541211
bbh+gpqa+ifeval+math+musr,,1.0,0.025,14,0.0910331979393959,0.9421338155515372,3.053491640027635
bbh+gpqa+ifeval+math+musr,,1.0,0.025,15,0.0915646255016326,0.9448462929475588,3.0077557510090127
bbh+gpqa+ifeval+math+musr,,1.0,0.025,16,0.0915823504328727,0.9443942133815552,3.012980682454121
bbh+gpqa+ifeval+math+musr,,1.0,0.025,17,0.0917655974626541,0.9448462929475588,3.003686979706805
bbh+gpqa+ifeval+math+musr,,1.0,0.025,18,0.0915669649839401,0.951627486437613,3.019182611328302
bbh+gpqa+ifeval+math+musr,,1.0,0.025,19,0.0915516316890716,0.9443942133815552,3.0052481305479324
bbh+gpqa+ifeval+math+musr,,1.0,0.025,20,0.0914506539702415,0.9493670886075948,3.0345711364384647
bbh+gpqa+ifeval+math+musr,,1.0,0.025,21,0.0914234295487403,0.9543399638336348,3.027949891960627
bbh+gpqa+ifeval+math+musr,,1.0,0.025,22,0.0917294844985008,0.950271247739602,3.0070490467757405
bbh+gpqa+ifeval+math+musr,,1.0,0.025,23,0.0911815240979194,0.9498191681735986,3.0492850186855724
bbh+gpqa+ifeval+math+musr,,1.0,0.025,24,0.0915720462799072,0.950271247739602,3.03340379807046
bbh+gpqa+ifeval+math+musr,,1.0,0.025,25,0.0909630358219146,0.9489150090415912,3.054242675408491
bbh+gpqa+ifeval+math+musr,,1.0,0.025,26,0.0915582254528999,0.9452983725135624,3.0188269203334817
bbh+gpqa+ifeval+math+musr,,1.0,0.025,27,0.0917965695261955,0.945750452079566,3.0029115183744244
bbh+gpqa+ifeval+math+musr,,1.0,0.025,28,0.0913918241858482,0.9471066907775768,3.0331088084387634
bbh+gpqa+ifeval+math+musr,,1.0,0.025,29,0.0914890766143798,0.9511754068716094,3.0283920305904704
bbh+gpqa+ifeval+math+musr,,1.0,0.025,30,0.0915158316493034,0.9466546112115732,3.029865891444596
bbh+gpqa+ifeval+math+musr,,1.0,0.025,31,0.0913359299302101,0.9462025316455696,3.037243606281875
bbh+gpqa+ifeval+math+musr,,1.0,0.025,32,0.0916613712906837,0.9529837251356238,3.0237788352523096
bbh+gpqa+ifeval+math+musr,,1.0,0.025,33,0.0913999453186988,0.950271247739602,3.0410055249695076
bbh+gpqa+ifeval+math+musr,,1.0,0.025,34,0.0913312956690788,0.955244122965642,3.045466066141814
bbh+gpqa+ifeval+math+musr,,1.0,0.025,35,0.0912979692220687,0.9471066907775768,3.0478203427138917
bbh+gpqa+ifeval+math+musr,,1.0,0.025,36,0.0915548205375671,0.9511754068716094,3.0168098692420418
bbh+gpqa+ifeval+math+musr,,1.0,0.025,37,0.0915037766098976,0.9394213381555152,3.0408680044929453
bbh+gpqa+ifeval+math+musr,,1.0,0.025,38,0.0913098454475402,0.9507233273056056,3.0379641787828966
bbh+gpqa+ifeval+math+musr,,1.0,0.025,39,0.0916087701916694,0.939873417721519,3.01507121503257
bbh+gpqa+ifeval+math+musr,,1.0,0.025,40,0.0913291275501251,0.9471066907775768,3.0318539449480104
bbh+gpqa+ifeval+math+musr,,1.0,0.025,41,0.0919011533260345,0.9471066907775768,2.9974022408360246
bbh+gpqa+ifeval+math+musr,,1.0,0.025,42,0.0910129323601722,0.9394213381555152,3.063941723759946
bbh+gpqa+ifeval+math+musr,,1.0,0.025,43,0.0910836830735206,0.9520795660036168,3.0533879973814555
bbh+gpqa+ifeval+math+musr,,1.0,0.025,44,0.0921450182795524,0.9462025316455696,2.989419511079862
bbh+gpqa+ifeval+math+musr,,1.0,0.025,45,0.0913040712475776,0.9462025316455696,3.045578479762638
bbh+gpqa+ifeval+math+musr,,1.0,0.025,46,0.0914730131626129,0.940777576853526,3.0257884590181097
bbh+gpqa+ifeval+math+musr,,1.0,0.025,47,0.0912103950977325,0.9507233273056056,3.046590665669772
bbh+gpqa+ifeval+math+musr,,1.0,0.025,48,0.0910349264740943,0.940777576853526,3.0541823245909923
bbh+gpqa+ifeval+math+musr,,1.0,0.025,49,0.0913143754005432,0.9489150090415912,3.0393546987446296
bbh+gpqa+ifeval+math+musr,,1.0,0.025,50,0.0909684747457504,0.9525316455696202,3.05793850101339
bbh+gpqa+ifeval+math+musr,,1.0,0.025,51,0.0913402289152145,0.9511754068716094,3.0366802426693975
bbh+gpqa+ifeval+math+musr,,1.0,0.025,52,0.0921532064676284,0.9525316455696202,2.9717372157073045
bbh+gpqa+ifeval+math+musr,,1.0,0.025,53,0.0913624018430709,0.9462025316455696,3.036014639918235
bbh+gpqa+ifeval+math+musr,,1.0,0.025,54,0.0912051200866699,0.9498191681735986,3.03927404683574
bbh+gpqa+ifeval+math+musr,,1.0,0.025,55,0.0912557393312454,0.948010849909584,3.0454425074100344
bbh+gpqa+ifeval+math+musr,,1.0,0.025,56,0.0913385599851608,0.9507233273056056,3.033730668946362
bbh+gpqa+ifeval+math+musr,,1.0,0.025,57,0.0914012119174003,0.950271247739602,3.02792690746807
bbh+gpqa+ifeval+math+musr,,1.0,0.025,58,0.0915173590183258,0.9507233273056056,3.0292903428206
bbh+gpqa+ifeval+math+musr,,1.0,0.025,59,0.0918024331331253,0.9462025316455696,3.0037762924250377
bbh+gpqa+ifeval+math+musr,,1.0,0.025,60,0.0910564288496971,0.9452983725135624,3.0445234786135202
bbh+gpqa+ifeval+math+musr,,1.0,0.025,61,0.09136463701725,0.9462025316455696,3.0490745961873373
bbh+gpqa+ifeval+math+musr,,1.0,0.025,62,0.0908893421292305,0.9507233273056056,3.06702171465253
bbh+gpqa+ifeval+math+musr,,1.0,0.025,63,0.0914661884307861,0.945750452079566,3.01698364714333
bbh+gpqa+ifeval+math+musr,,1.0,0.025,64,0.0909062251448631,0.948010849909584,3.0651909452786175
bbh+gpqa+ifeval+math+musr,,1.0,0.025,65,0.0910966917872428,0.945750452079566,3.044575080938507
bbh+gpqa+ifeval+math+musr,,1.0,0.025,66,0.0913034901022911,0.951627486437613,3.043134126434759
bbh+gpqa+ifeval+math+musr,,1.0,0.025,67,0.0914779603481292,0.9462025316455696,3.0332556401195996
bbh+gpqa+ifeval+math+musr,,1.0,0.025,68,0.0914409831166267,0.955244122965642,3.0234203003064515
bbh+gpqa+ifeval+math+musr,,1.0,0.025,69,0.0910634621977806,0.9498191681735986,3.0492977643706203
bbh+gpqa+ifeval+math+musr,,1.0,0.025,70,0.0914387702941894,0.943490054249548,3.033589122984669
bbh+gpqa+ifeval+math+musr,,1.0,0.025,71,0.0917176231741905,0.943490054249548,3.0065353745453405
bbh+gpqa+ifeval+math+musr,,1.0,0.025,72,0.090858444571495,0.9443942133815552,3.0736751885615687
bbh+gpqa+ifeval+math+musr,,1.0,0.025,73,0.0914343744516372,0.9475587703435804,3.027126354999072
bbh+gpqa+ifeval+math+musr,,1.0,0.025,74,0.0910257324576377,0.951627486437613,3.0570578000116555
bbh+gpqa+ifeval+math+musr,,1.0,0.025,75,0.0917599350214004,0.9498191681735986,3.0123902704300054
bbh+gpqa+ifeval+math+musr,,1.0,0.025,76,0.0912508592009544,0.9471066907775768,3.0443725315675962
bbh+gpqa+ifeval+math+musr,,1.0,0.025,77,0.0914386510848999,0.9452983725135624,3.0367353800057546
bbh+gpqa+ifeval+math+musr,,1.0,0.025,78,0.0913582071661949,0.9471066907775768,3.0253321496523595
bbh+gpqa+ifeval+math+musr,,1.0,0.025,79,0.0911632478237152,0.955244122965642,3.0414577051673635
bbh+gpqa+ifeval+math+musr,,1.0,0.025,80,0.0907961577177047,0.945750452079566,3.0684196938947212
bbh+gpqa+ifeval+math+musr,,1.0,0.025,81,0.091430626809597,0.9484629294755876,3.0273501302859587
bbh+gpqa+ifeval+math+musr,,1.0,0.025,82,0.0912478640675544,0.9534358047016276,3.0399227323005493
bbh+gpqa+ifeval+math+musr,,1.0,0.025,83,0.0909747257828712,0.9452983725135624,3.0577342373570247
bbh+gpqa+ifeval+math+musr,,1.0,0.025,84,0.0914945006370544,0.939873417721519,3.0171866503971754
bbh+gpqa+ifeval+math+musr,,1.0,0.025,85,0.0913464426994323,0.950271247739602,3.0412224579474563
bbh+gpqa+ifeval+math+musr,,1.0,0.025,86,0.09152652323246,0.950271247739602,3.0197777232020924
bbh+gpqa+ifeval+math+musr,,1.0,0.025,87,0.0913003608584404,0.9493670886075948,3.0409720177809403
bbh+gpqa+ifeval+math+musr,,1.0,0.025,88,0.0914072096347808,0.9498191681735986,3.0281008629045636
bbh+gpqa+ifeval+math+musr,,1.0,0.025,89,0.0912767946720123,0.9371609403254972,3.0289229062796488
bbh+gpqa+ifeval+math+musr,,1.0,0.025,90,0.0913952067494392,0.9484629294755876,3.0318786725287414
bbh+gpqa+ifeval+math+musr,,1.0,0.025,91,0.0913550034165382,0.9520795660036168,3.0330556582738906
bbh+gpqa+ifeval+math+musr,,1.0,0.025,92,0.0916629508137703,0.950271247739602,3.011378170797578
bbh+gpqa+ifeval+math+musr,,1.0,0.025,93,0.0915046036243438,0.9439421338155516,3.022056885771982
bbh+gpqa+ifeval+math+musr,,1.0,0.025,94,0.0911808311939239,0.9462025316455696,3.053006983732403
bbh+gpqa+ifeval+math+musr,,1.0,0.025,95,0.0916619077324867,0.9489150090415912,3.0141679935094348
bbh+gpqa+ifeval+math+musr,,1.0,0.025,96,0.0909735262393951,0.9452983725135624,3.041137389712977
bbh+gpqa+ifeval+math+musr,,1.0,0.025,97,0.0912972167134285,0.951627486437613,3.035927731033927
bbh+gpqa+ifeval+math+musr,,1.0,0.025,98,0.0911441892385482,0.9443942133815552,3.0484789379725634
bbh+gpqa+ifeval+math+musr,,1.0,0.025,99,0.0911133512854576,0.9376130198915008,3.043086930115425
bbh+gpqa+ifeval+math+musr,,1.0,0.05,0,0.0578943081200122,0.9511754068716094,3.689168127089653
bbh+gpqa+ifeval+math+musr,,1.0,0.05,1,0.0576725043356418,0.9579566003616636,3.7208873665954645
bbh+gpqa+ifeval+math+musr,,1.0,0.05,2,0.0577605292201042,0.9475587703435804,3.6992896757848297
bbh+gpqa+ifeval+math+musr,,1.0,0.05,3,0.0578080900013446,0.948010849909584,3.7023414812165147
bbh+gpqa+ifeval+math+musr,,1.0,0.05,4,0.0580139234662056,0.9493670886075948,3.6756242999302926
bbh+gpqa+ifeval+math+musr,,1.0,0.05,5,0.0581038631498813,0.9471066907775768,3.6566566053303813
bbh+gpqa+ifeval+math+musr,,1.0,0.05,6,0.0579193979501724,0.9493670886075948,3.677664349250486
bbh+gpqa+ifeval+math+musr,,1.0,0.05,7,0.0577097423374652,0.9534358047016276,3.715002484032836
bbh+gpqa+ifeval+math+musr,,1.0,0.05,8,0.0577360652387142,0.9466546112115732,3.705243578436755
bbh+gpqa+ifeval+math+musr,,1.0,0.05,9,0.0580003075301647,0.9448462929475588,3.6625446469463494
bbh+gpqa+ifeval+math+musr,,1.0,0.05,10,0.0577056854963302,0.943490054249548,3.713013127168668
bbh+gpqa+ifeval+math+musr,,1.0,0.05,11,0.0580086596310138,0.9489150090415912,3.672097721808855
bbh+gpqa+ifeval+math+musr,,1.0,0.05,12,0.0580795258283615,0.9566003616636528,3.6644474318536755
bbh+gpqa+ifeval+math+musr,,1.0,0.05,13,0.0579029060900211,0.9579566003616636,3.6898436028420516
bbh+gpqa+ifeval+math+musr,,1.0,0.05,14,0.0577642805874347,0.953887884267631,3.694287412774129
bbh+gpqa+ifeval+math+musr,,1.0,0.05,15,0.0580407455563545,0.9471066907775768,3.664839531798536
bbh+gpqa+ifeval+math+musr,,1.0,0.05,16,0.0578517504036426,0.9412296564195298,3.6890380919511125
bbh+gpqa+ifeval+math+musr,,1.0,0.05,17,0.0579307116568088,0.9448462929475588,3.6786958477168903
bbh+gpqa+ifeval+math+musr,,1.0,0.05,18,0.0580026879906654,0.9430379746835442,3.6673062078796623
bbh+gpqa+ifeval+math+musr,,1.0,0.05,19,0.0579733438789844,0.951627486437613,3.6708443564796482
bbh+gpqa+ifeval+math+musr,,1.0,0.05,20,0.0577301979064941,0.9471066907775768,3.711413476216276
bbh+gpqa+ifeval+math+musr,,1.0,0.05,21,0.0578185282647609,0.9493670886075948,3.6986639662857232
bbh+gpqa+ifeval+math+musr,,1.0,0.05,22,0.0580566301941871,0.950271247739602,3.665648616820784
bbh+gpqa+ifeval+math+musr,,1.0,0.05,23,0.0577779598534107,0.9498191681735986,3.6997600927713483
bbh+gpqa+ifeval+math+musr,,1.0,0.05,24,0.0581006333231925,0.9489150090415912,3.6686054752232473
bbh+gpqa+ifeval+math+musr,,1.0,0.05,25,0.0578095652163028,0.9556962025316456,3.692505929440873
bbh+gpqa+ifeval+math+musr,,1.0,0.05,26,0.0578844100236892,0.9412296564195298,3.684609061052271
bbh+gpqa+ifeval+math+musr,,1.0,0.05,27,0.0579827018082141,0.9416817359855334,3.6680563008055938
bbh+gpqa+ifeval+math+musr,,1.0,0.05,28,0.0577946566045284,0.9484629294755876,3.6989768100476703
bbh+gpqa+ifeval+math+musr,,1.0,0.05,29,0.0577240586280822,0.9466546112115732,3.7036521579752266
bbh+gpqa+ifeval+math+musr,,1.0,0.05,30,0.0579246766865253,0.9462025316455696,3.6896247660954695
bbh+gpqa+ifeval+math+musr,,1.0,0.05,31,0.0577514134347438,0.9475587703435804,3.698455606369013
bbh+gpqa+ifeval+math+musr,,1.0,0.05,32,0.0580617412924766,0.948010849909584,3.667509948749467
bbh+gpqa+ifeval+math+musr,,1.0,0.05,33,0.0579202622175216,0.9448462929475588,3.680246399794847
bbh+gpqa+ifeval+math+musr,,1.0,0.05,34,0.0578263513743877,0.950271247739602,3.701255652010959
bbh+gpqa+ifeval+math+musr,,1.0,0.05,35,0.0578950904309749,0.9376130198915008,3.690118012535838
bbh+gpqa+ifeval+math+musr,,1.0,0.05,36,0.0578058585524559,0.9412296564195298,3.693156343086631
bbh+gpqa+ifeval+math+musr,,1.0,0.05,37,0.0578451119363307,0.9443942133815552,3.6965206098001557
bbh+gpqa+ifeval+math+musr,,1.0,0.05,38,0.0578286796808242,0.9471066907775768,3.6903702384044976
bbh+gpqa+ifeval+math+musr,,1.0,0.05,39,0.057968933135271,0.9471066907775768,3.666803624943188
bbh+gpqa+ifeval+math+musr,,1.0,0.05,40,0.0578780509531497,0.9403254972875226,3.6822641245541448
bbh+gpqa+ifeval+math+musr,,1.0,0.05,41,0.0581497065722942,0.955244122965642,3.6525146494051155
bbh+gpqa+ifeval+math+musr,,1.0,0.05,42,0.057620421051979,0.945750452079566,3.728234207962184
bbh+gpqa+ifeval+math+musr,,1.0,0.05,43,0.0578724071383476,0.9534358047016276,3.689477208672217
bbh+gpqa+ifeval+math+musr,,1.0,0.05,44,0.0581179298460483,0.9507233273056056,3.65908084504323
bbh+gpqa+ifeval+math+musr,,1.0,0.05,45,0.0577404163777828,0.9452983725135624,3.705895785355166
bbh+gpqa+ifeval+math+musr,,1.0,0.05,46,0.0578326694667339,0.9529837251356238,3.6934566893314043
bbh+gpqa+ifeval+math+musr,,1.0,0.05,47,0.0576453246176242,0.9466546112115732,3.721984359237185
bbh+gpqa+ifeval+math+musr,,1.0,0.05,48,0.0577401593327522,0.9507233273056056,3.701857048361408
bbh+gpqa+ifeval+math+musr,,1.0,0.05,49,0.0577249675989151,0.9475587703435804,3.708613363211418
bbh+gpqa+ifeval+math+musr,,1.0,0.05,50,0.0577468648552894,0.9507233273056056,3.706619015644733
bbh+gpqa+ifeval+math+musr,,1.0,0.05,51,0.0578966625034809,0.9489150090415912,3.6793169893937576
bbh+gpqa+ifeval+math+musr,,1.0,0.05,52,0.0583824999630451,0.9547920433996384,3.6223172117115574
bbh+gpqa+ifeval+math+musr,,1.0,0.05,53,0.0576960481703281,0.9452983725135624,3.708856531377653
bbh+gpqa+ifeval+math+musr,,1.0,0.05,54,0.0576938837766647,0.9534358047016276,3.7076789962099093
bbh+gpqa+ifeval+math+musr,,1.0,0.05,55,0.057852815836668,0.945750452079566,3.69175175885002
bbh+gpqa+ifeval+math+musr,,1.0,0.05,56,0.0577235594391822,0.9489150090415912,3.7009063239401847
bbh+gpqa+ifeval+math+musr,,1.0,0.05,57,0.0578917562961578,0.9584086799276672,3.684729786013416
bbh+gpqa+ifeval+math+musr,,1.0,0.05,58,0.0580331981182098,0.9475587703435804,3.677520904574495
bbh+gpqa+ifeval+math+musr,,1.0,0.05,59,0.0580636598169803,0.9507233273056056,3.6604979259325403
bbh+gpqa+ifeval+math+musr,,1.0,0.05,60,0.0575606413185596,0.9416817359855334,3.721028392542078
bbh+gpqa+ifeval+math+musr,,1.0,0.05,61,0.0578625239431858,0.9511754068716094,3.697437055751097
bbh+gpqa+ifeval+math+musr,,1.0,0.05,62,0.0577275678515434,0.9466546112115732,3.7053307053517117
bbh+gpqa+ifeval+math+musr,,1.0,0.05,63,0.0580688528716564,0.9452983725135624,3.6584550622159875
bbh+gpqa+ifeval+math+musr,,1.0,0.05,64,0.0577216744422912,0.9443942133815552,3.7045265256945643
bbh+gpqa+ifeval+math+musr,,1.0,0.05,65,0.0576407425105571,0.9498191681735986,3.711035256467411
bbh+gpqa+ifeval+math+musr,,1.0,0.05,66,0.0578325763344764,0.9462025316455696,3.6921317148721498
bbh+gpqa+ifeval+math+musr,,1.0,0.05,67,0.0580108277499675,0.9466546112115732,3.673356149349589
bbh+gpqa+ifeval+math+musr,,1.0,0.05,68,0.0578228086233139,0.945750452079566,3.6974751471871077
bbh+gpqa+ifeval+math+musr,,1.0,0.05,69,0.0576529167592525,0.9520795660036168,3.714253541924594
bbh+gpqa+ifeval+math+musr,,1.0,0.05,70,0.0579361133277416,0.9534358047016276,3.6867300199300974
bbh+gpqa+ifeval+math+musr,,1.0,0.05,71,0.0579677633941173,0.9511754068716094,3.6740193016111817
bbh+gpqa+ifeval+math+musr,,1.0,0.05,72,0.0576685816049575,0.9425858951175408,3.718104453859484
bbh+gpqa+ifeval+math+musr,,1.0,0.05,73,0.0578860193490982,0.9484629294755876,3.6842426130745127
bbh+gpqa+ifeval+math+musr,,1.0,0.05,74,0.0576903112232685,0.9475587703435804,3.713643855724283
bbh+gpqa+ifeval+math+musr,,1.0,0.05,75,0.0582241453230381,0.9466546112115732,3.6418258033737767
bbh+gpqa+ifeval+math+musr,,1.0,0.05,76,0.0577473379671573,0.9520795660036168,3.707010871034403
bbh+gpqa+ifeval+math+musr,,1.0,0.05,77,0.0578313469886779,0.955244122965642,3.6996105835911783
bbh+gpqa+ifeval+math+musr,,1.0,0.05,78,0.0580452755093574,0.948010849909584,3.6615667328323145
bbh+gpqa+ifeval+math+musr,,1.0,0.05,79,0.0577393919229507,0.9443942133815552,3.7058037247424265
bbh+gpqa+ifeval+math+musr,,1.0,0.05,80,0.0577028356492519,0.951627486437613,3.7085076940318404
bbh+gpqa+ifeval+math+musr,,1.0,0.05,81,0.0577568709850311,0.9466546112115732,3.698544074321815
bbh+gpqa+ifeval+math+musr,,1.0,0.05,82,0.0577636696398258,0.9534358047016276,3.702469428118054
bbh+gpqa+ifeval+math+musr,,1.0,0.05,83,0.0576625950634479,0.9462025316455696,3.7056054436972126
bbh+gpqa+ifeval+math+musr,,1.0,0.05,84,0.0579131841659545,0.9452983725135624,3.676880019953258
bbh+gpqa+ifeval+math+musr,,1.0,0.05,85,0.0579082183539867,0.9452983725135624,3.690716278519777
bbh+gpqa+ifeval+math+musr,,1.0,0.05,86,0.0579313039779663,0.9507233273056056,3.682064471248088
bbh+gpqa+ifeval+math+musr,,1.0,0.05,87,0.0576908253133297,0.9416817359855334,3.713117765531667
bbh+gpqa+ifeval+math+musr,,1.0,0.05,88,0.0579721704125404,0.9489150090415912,3.6749230581550254
bbh+gpqa+ifeval+math+musr,,1.0,0.05,89,0.0579555183649063,0.9430379746835442,3.670008384815369
bbh+gpqa+ifeval+math+musr,,1.0,0.05,90,0.0577482804656028,0.9452983725135624,3.7082239104573507
bbh+gpqa+ifeval+math+musr,,1.0,0.05,91,0.0578579157590866,0.9556962025316456,3.6937976562946417
bbh+gpqa+ifeval+math+musr,,1.0,0.05,92,0.058060947805643,0.9520795660036168,3.6600832256078317
bbh+gpqa+ifeval+math+musr,,1.0,0.05,93,0.0578553341329097,0.955244122965642,3.689242970534955
bbh+gpqa+ifeval+math+musr,,1.0,0.05,94,0.0576609224081039,0.9493670886075948,3.7159262773590522
bbh+gpqa+ifeval+math+musr,,1.0,0.05,95,0.0578992404043674,0.9547920433996384,3.686871600864949
bbh+gpqa+ifeval+math+musr,,1.0,0.05,96,0.0577136687934398,0.951627486437613,3.6926124893890204
bbh+gpqa+ifeval+math+musr,,1.0,0.05,97,0.0576223842799663,0.9443942133815552,3.712140108114578
bbh+gpqa+ifeval+math+musr,,1.0,0.05,98,0.0577495619654655,0.9452983725135624,3.694542342510082
bbh+gpqa+ifeval+math+musr,,1.0,0.05,99,0.0578193329274654,0.9489150090415912,3.694369121744028
bbh+gpqa+ifeval+math+musr,,1.0,0.075,0,0.044039461761713,0.9498191681735986,4.129192417506106
bbh+gpqa+ifeval+math+musr,,1.0,0.075,1,0.0438679791986942,0.951627486437613,4.162907410543321
bbh+gpqa+ifeval+math+musr,,1.0,0.075,2,0.0439319461584091,0.9452983725135624,4.146898965164449
bbh+gpqa+ifeval+math+musr,,1.0,0.075,3,0.0439562276005744,0.955244122965642,4.155535017132568
bbh+gpqa+ifeval+math+musr,,1.0,0.075,4,0.0440902933478355,0.9425858951175408,4.131338430519377
bbh+gpqa+ifeval+math+musr,,1.0,0.075,5,0.0441688522696495,0.951627486437613,4.106399086461713
bbh+gpqa+ifeval+math+musr,,1.0,0.075,6,0.0440648533403873,0.9529837251356238,4.117032262122905
bbh+gpqa+ifeval+math+musr,,1.0,0.075,7,0.0439368151128292,0.9529837251356238,4.156462423107389
bbh+gpqa+ifeval+math+musr,,1.0,0.075,8,0.0439344011247158,0.9475587703435804,4.149308414004336
bbh+gpqa+ifeval+math+musr,,1.0,0.075,9,0.0440673418343067,0.9462025316455696,4.115678877848501
bbh+gpqa+ifeval+math+musr,,1.0,0.075,10,0.043910689651966,0.9471066907775768,4.155620376150921
bbh+gpqa+ifeval+math+musr,,1.0,0.075,11,0.0441170521080493,0.951627486437613,4.114080003455941
bbh+gpqa+ifeval+math+musr,,1.0,0.075,12,0.0441702343523502,0.961121157323689,4.106369757514218
bbh+gpqa+ifeval+math+musr,,1.0,0.075,13,0.0440334156155586,0.951627486437613,4.139519874640385
bbh+gpqa+ifeval+math+musr,,1.0,0.075,14,0.0439130924642086,0.9534358047016276,4.146158294564286
bbh+gpqa+ifeval+math+musr,,1.0,0.075,15,0.0440991930663585,0.9615732368896924,4.113697494251964
bbh+gpqa+ifeval+math+musr,,1.0,0.075,16,0.0440002642571926,0.9466546112115732,4.135694469594995
bbh+gpqa+ifeval+math+musr,,1.0,0.075,17,0.0440828092396259,0.9498191681735986,4.124368867164617
bbh+gpqa+ifeval+math+musr,,1.0,0.075,18,0.0441162176430225,0.9412296564195298,4.111681912186718
bbh+gpqa+ifeval+math+musr,,1.0,0.075,19,0.0440915338695049,0.9547920433996384,4.122438309972498
bbh+gpqa+ifeval+math+musr,,1.0,0.075,20,0.0439405553042888,0.951627486437613,4.156520189668764
bbh+gpqa+ifeval+math+musr,,1.0,0.075,21,0.0439815148711204,0.9570524412296564,4.151889338123604
bbh+gpqa+ifeval+math+musr,,1.0,0.075,22,0.0441150069236755,0.9525316455696202,4.113829096309661
bbh+gpqa+ifeval+math+musr,,1.0,0.075,23,0.043954562395811,0.950271247739602,4.149195105802965
bbh+gpqa+ifeval+math+musr,,1.0,0.075,24,0.0441478565335273,0.9484629294755876,4.114181952277882
bbh+gpqa+ifeval+math+musr,,1.0,0.075,25,0.0439871810376644,0.9579566003616636,4.135932200420555
bbh+gpqa+ifeval+math+musr,,1.0,0.075,26,0.0440331250429153,0.9507233273056056,4.127974148307823
bbh+gpqa+ifeval+math+musr,,1.0,0.075,27,0.0440380051732063,0.9489150090415912,4.128584110681877
bbh+gpqa+ifeval+math+musr,,1.0,0.075,28,0.0439543426036834,0.9520795660036168,4.144256385643194
bbh+gpqa+ifeval+math+musr,,1.0,0.075,29,0.0438980013132095,0.9498191681735986,4.155093535624271
bbh+gpqa+ifeval+math+musr,,1.0,0.075,30,0.0440483950078487,0.9353526220614828,4.131520064690719
bbh+gpqa+ifeval+math+musr,,1.0,0.075,31,0.0439198836684227,0.9520795660036168,4.153073785955823
bbh+gpqa+ifeval+math+musr,,1.0,0.075,32,0.0441305749118328,0.950271247739602,4.117404827013745
bbh+gpqa+ifeval+math+musr,,1.0,0.075,33,0.044041983783245,0.9489150090415912,4.126230527852959
bbh+gpqa+ifeval+math+musr,,1.0,0.075,34,0.0439495109021663,0.9566003616636528,4.151171975312514
bbh+gpqa+ifeval+math+musr,,1.0,0.075,35,0.0440174080431461,0.9380650994575044,4.1367069552382
bbh+gpqa+ifeval+math+musr,,1.0,0.075,36,0.0439627952873706,0.9466546112115732,4.139361109157896
bbh+gpqa+ifeval+math+musr,,1.0,0.075,37,0.0439774580299854,0.9466546112115732,4.148333393676068
bbh+gpqa+ifeval+math+musr,,1.0,0.075,38,0.044001780450344,0.9416817359855334,4.133343720538376
bbh+gpqa+ifeval+math+musr,,1.0,0.075,39,0.0440661571919918,0.9498191681735986,4.115154478503967
bbh+gpqa+ifeval+math+musr,,1.0,0.075,40,0.0440356358885765,0.9452983725135624,4.127513044700433
bbh+gpqa+ifeval+math+musr,,1.0,0.075,41,0.0441585779190063,0.9498191681735986,4.105686204420753
bbh+gpqa+ifeval+math+musr,,1.0,0.075,42,0.0438447259366512,0.948010849909584,4.1726535749697025
bbh+gpqa+ifeval+math+musr,,1.0,0.075,43,0.0440619625151157,0.953887884267631,4.127878052695601
bbh+gpqa+ifeval+math+musr,,1.0,0.075,44,0.0441502518951892,0.9484629294755876,4.106823119549664
bbh+gpqa+ifeval+math+musr,,1.0,0.075,45,0.0439515449106693,0.9443942133815552,4.14836502129932
bbh+gpqa+ifeval+math+musr,,1.0,0.075,46,0.0440227165818214,0.9421338155515372,4.132846943336616
bbh+gpqa+ifeval+math+musr,,1.0,0.075,47,0.043863583356142,0.9471066907775768,4.169948969546127
bbh+gpqa+ifeval+math+musr,,1.0,0.075,48,0.0439263246953487,0.9484629294755876,4.14621955559637
bbh+gpqa+ifeval+math+musr,,1.0,0.075,49,0.0438986346125602,0.948010849909584,4.161453890682884
bbh+gpqa+ifeval+math+musr,,1.0,0.075,50,0.0439404472708702,0.9570524412296564,4.152823867947225
bbh+gpqa+ifeval+math+musr,,1.0,0.075,51,0.0440448075532913,0.9507233273056056,4.125409419896826
bbh+gpqa+ifeval+math+musr,,1.0,0.075,52,0.0442920438945293,0.9511754068716094,4.081732407228204
bbh+gpqa+ifeval+math+musr,,1.0,0.075,53,0.0439310818910598,0.951627486437613,4.145070950630455
bbh+gpqa+ifeval+math+musr,,1.0,0.075,54,0.0439258739352226,0.9561482820976492,4.1458301097286485
bbh+gpqa+ifeval+math+musr,,1.0,0.075,55,0.0439670011401176,0.9484629294755876,4.142552574538197
bbh+gpqa+ifeval+math+musr,,1.0,0.075,56,0.0439029224216938,0.9520795660036168,4.1424066916863005
bbh+gpqa+ifeval+math+musr,,1.0,0.075,57,0.0440326407551765,0.9556962025316456,4.126746291702468
bbh+gpqa+ifeval+math+musr,,1.0,0.075,58,0.0440811328589916,0.9511754068716094,4.128781512741044
bbh+gpqa+ifeval+math+musr,,1.0,0.075,59,0.0441046208143234,0.9493670886075948,4.120388601523275
bbh+gpqa+ifeval+math+musr,,1.0,0.075,60,0.043847806751728,0.9561482820976492,4.16048659967329
bbh+gpqa+ifeval+math+musr,,1.0,0.075,61,0.044001143425703,0.951627486437613,4.144489044982575
bbh+gpqa+ifeval+math+musr,,1.0,0.075,62,0.0439219996333122,0.9466546112115732,4.1498464768537895
bbh+gpqa+ifeval+math+musr,,1.0,0.075,63,0.0441476479172706,0.9529837251356238,4.105055317568025
bbh+gpqa+ifeval+math+musr,,1.0,0.075,64,0.0439379326999187,0.9430379746835442,4.15028147736304
bbh+gpqa+ifeval+math+musr,,1.0,0.075,65,0.0438640750944614,0.953887884267631,4.153896253521339
bbh+gpqa+ifeval+math+musr,,1.0,0.075,66,0.043958593159914,0.9344484629294756,4.144060824478285
bbh+gpqa+ifeval+math+musr,,1.0,0.075,67,0.0440779849886894,0.9452983725135624,4.123830608351803
bbh+gpqa+ifeval+math+musr,,1.0,0.075,68,0.0439731329679489,0.9475587703435804,4.138964738335919
bbh+gpqa+ifeval+math+musr,,1.0,0.075,69,0.0438576228916645,0.9493670886075948,4.165268896716344
bbh+gpqa+ifeval+math+musr,,1.0,0.075,70,0.044057622551918,0.9556962025316456,4.1333631083902596
bbh+gpqa+ifeval+math+musr,,1.0,0.075,71,0.0440773405134677,0.9443942133815552,4.123264697569966
bbh+gpqa+ifeval+math+musr,,1.0,0.075,72,0.043921522796154,0.9452983725135624,4.154973727317516
bbh+gpqa+ifeval+math+musr,,1.0,0.075,73,0.0439807549118995,0.945750452079566,4.1409141226255475
bbh+gpqa+ifeval+math+musr,,1.0,0.075,74,0.0439348816871643,0.945750452079566,4.152074865943223
bbh+gpqa+ifeval+math+musr,,1.0,0.075,75,0.0441978424787521,0.9466546112115732,4.100060851855521
bbh+gpqa+ifeval+math+musr,,1.0,0.075,76,0.0439254082739353,0.9511754068716094,4.156524884430921
bbh+gpqa+ifeval+math+musr,,1.0,0.075,77,0.0439813919365406,0.9511754068716094,4.141252656423159
bbh+gpqa+ifeval+math+musr,,1.0,0.075,78,0.0441025309264659,0.9498191681735986,4.115526287714819
bbh+gpqa+ifeval+math+musr,,1.0,0.075,79,0.0439357012510299,0.9462025316455696,4.145746787926952
bbh+gpqa+ifeval+math+musr,,1.0,0.075,80,0.0438858419656753,0.951627486437613,4.1563994587614665
bbh+gpqa+ifeval+math+musr,,1.0,0.075,81,0.043959766626358,0.948010849909584,4.138349476743407
bbh+gpqa+ifeval+math+musr,,1.0,0.075,82,0.0439284183084964,0.9570524412296564,4.153497262871707
bbh+gpqa+ifeval+math+musr,,1.0,0.075,83,0.0438827387988567,0.9493670886075948,4.151692649875721
bbh+gpqa+ifeval+math+musr,,1.0,0.075,84,0.0440298542380332,0.9534358047016276,4.126387942514452
bbh+gpqa+ifeval+math+musr,,1.0,0.075,85,0.0440214350819587,0.9498191681735986,4.143005854343836
bbh+gpqa+ifeval+math+musr,,1.0,0.075,86,0.0440479926764965,0.9484629294755876,4.1323162035476635
bbh+gpqa+ifeval+math+musr,,1.0,0.075,87,0.0439359582960605,0.9471066907775768,4.149024663427158
bbh+gpqa+ifeval+math+musr,,1.0,0.075,88,0.0440521165728569,0.9507233273056056,4.126557199570284
bbh+gpqa+ifeval+math+musr,,1.0,0.075,89,0.0440390743315219,0.9511754068716094,4.122690373759659
bbh+gpqa+ifeval+math+musr,,1.0,0.075,90,0.0439515300095081,0.951627486437613,4.1498988881727925
bbh+gpqa+ifeval+math+musr,,1.0,0.075,91,0.0440078116953372,0.9498191681735986,4.1342904875841935
bbh+gpqa+ifeval+math+musr,,1.0,0.075,92,0.0441002175211906,0.948010849909584,4.120277253383015
bbh+gpqa+ifeval+math+musr,,1.0,0.075,93,0.0440014041960239,0.9507233273056056,4.138962189187726
bbh+gpqa+ifeval+math+musr,,1.0,0.075,94,0.0438751950860023,0.9484629294755876,4.165559702557318
bbh+gpqa+ifeval+math+musr,,1.0,0.075,95,0.0440650470554828,0.9452983725135624,4.1222961831052976
bbh+gpqa+ifeval+math+musr,,1.0,0.075,96,0.0438990406692028,0.9498191681735986,4.144761751650654
bbh+gpqa+ifeval+math+musr,,1.0,0.075,97,0.0438524931669235,0.9543399638336348,4.161628920183536
bbh+gpqa+ifeval+math+musr,,1.0,0.075,98,0.0439523197710514,0.9507233273056056,4.139958862909929
bbh+gpqa+ifeval+math+musr,,1.0,0.075,99,0.0439729131758213,0.9471066907775768,4.140722254851224
bbh+gpqa+ifeval+math+musr,,1.0,0.1,0,0.036250714212656,0.9511754068716094,4.448551809377558
bbh+gpqa+ifeval+math+musr,,1.0,0.1,1,0.0361155606806278,0.9448462929475588,4.483031816647673
bbh+gpqa+ifeval+math+musr,,1.0,0.1,2,0.0361999161541461,0.9452983725135624,4.459607650287148
bbh+gpqa+ifeval+math+musr,,1.0,0.1,3,0.0361865572631359,0.9489150090415912,4.474258929775969
bbh+gpqa+ifeval+math+musr,,1.0,0.1,4,0.036295935511589,0.9430379746835442,4.450718105104954
bbh+gpqa+ifeval+math+musr,,1.0,0.1,5,0.0363634452223777,0.9570524412296564,4.427201943431707
bbh+gpqa+ifeval+math+musr,,1.0,0.1,6,0.0362797006964683,0.9525316455696202,4.439037462122477
bbh+gpqa+ifeval+math+musr,,1.0,0.1,7,0.0361702069640159,0.950271247739602,4.478656261593191
bbh+gpqa+ifeval+math+musr,,1.0,0.1,8,0.0361624583601951,0.9452983725135624,4.472309137462949
bbh+gpqa+ifeval+math+musr,,1.0,0.1,9,0.0362539514899253,0.9475587703435804,4.441080943781866
bbh+gpqa+ifeval+math+musr,,1.0,0.1,10,0.0361506715416908,0.9484629294755876,4.47116953171615
bbh+gpqa+ifeval+math+musr,,1.0,0.1,11,0.0363135673105716,0.9471066907775768,4.433629617646086
bbh+gpqa+ifeval+math+musr,,1.0,0.1,12,0.0363286137580871,0.9629294755877034,4.433221715547678
bbh+gpqa+ifeval+math+musr,,1.0,0.1,13,0.0362248197197914,0.9462025316455696,4.465892522215178
bbh+gpqa+ifeval+math+musr,,1.0,0.1,14,0.0361366346478462,0.9448462929475588,4.471672428179447
bbh+gpqa+ifeval+math+musr,,1.0,0.1,15,0.0362705811858177,0.9507233273056056,4.444751167485506
bbh+gpqa+ifeval+math+musr,,1.0,0.1,16,0.0362093895673751,0.9475587703435804,4.455624682521234
bbh+gpqa+ifeval+math+musr,,1.0,0.1,17,0.0362742319703102,0.9529837251356238,4.448149311452107
bbh+gpqa+ifeval+math+musr,,1.0,0.1,18,0.0362983234226703,0.9493670886075948,4.434104266957305
bbh+gpqa+ifeval+math+musr,,1.0,0.1,19,0.0362930446863174,0.948010849909584,4.443131421579736
bbh+gpqa+ifeval+math+musr,,1.0,0.1,20,0.0361910536885261,0.9534358047016276,4.47308887853711
bbh+gpqa+ifeval+math+musr,,1.0,0.1,21,0.0361839421093463,0.9507233273056056,4.47390827863219
bbh+gpqa+ifeval+math+musr,,1.0,0.1,22,0.0363061241805553,0.951627486437613,4.436569730771385
bbh+gpqa+ifeval+math+musr,,1.0,0.1,23,0.0361963659524917,0.950271247739602,4.466321051811073
bbh+gpqa+ifeval+math+musr,,1.0,0.1,24,0.0363200977444648,0.950271247739602,4.438411114852881
bbh+gpqa+ifeval+math+musr,,1.0,0.1,25,0.0361934900283813,0.9602169981916816,4.459715816518259
bbh+gpqa+ifeval+math+musr,,1.0,0.1,26,0.0362432859838008,0.9529837251356238,4.4541232091228276
bbh+gpqa+ifeval+math+musr,,1.0,0.1,27,0.0362388268113136,0.945750452079566,4.451422216767478
bbh+gpqa+ifeval+math+musr,,1.0,0.1,28,0.0362094081938266,0.9489150090415912,4.461504645481627
bbh+gpqa+ifeval+math+musr,,1.0,0.1,29,0.0361413247883319,0.9452983725135624,4.475641041567867
bbh+gpqa+ifeval+math+musr,,1.0,0.1,30,0.0362631492316722,0.9416817359855334,4.447199713740161
bbh+gpqa+ifeval+math+musr,,1.0,0.1,31,0.0361670218408107,0.948010849909584,4.469001986304966
bbh+gpqa+ifeval+math+musr,,1.0,0.1,32,0.036301702260971,0.9462025316455696,4.442672552902797
bbh+gpqa+ifeval+math+musr,,1.0,0.1,33,0.0362578034400939,0.9489150090415912,4.442687236065499
bbh+gpqa+ifeval+math+musr,,1.0,0.1,34,0.0361905954778194,0.9534358047016276,4.470905191207178
bbh+gpqa+ifeval+math+musr,,1.0,0.1,35,0.0362456403672695,0.9439421338155516,4.455706023314492
bbh+gpqa+ifeval+math+musr,,1.0,0.1,36,0.0361787974834442,0.9416817359855334,4.467095188760795
bbh+gpqa+ifeval+math+musr,,1.0,0.1,37,0.0362175107002258,0.945750452079566,4.463958255226379
bbh+gpqa+ifeval+math+musr,,1.0,0.1,38,0.0362257994711399,0.9493670886075948,4.456781198374444
bbh+gpqa+ifeval+math+musr,,1.0,0.1,39,0.0362659953534603,0.9462025316455696,4.440753129663349
bbh+gpqa+ifeval+math+musr,,1.0,0.1,40,0.0362325832247734,0.940777576853526,4.45199669290485
bbh+gpqa+ifeval+math+musr,,1.0,0.1,41,0.0363409034907817,0.945750452079566,4.429981262582166
bbh+gpqa+ifeval+math+musr,,1.0,0.1,42,0.0361298806965351,0.9471066907775768,4.485123949788875
bbh+gpqa+ifeval+math+musr,,1.0,0.1,43,0.0362598374485969,0.9529837251356238,4.448461955978058
bbh+gpqa+ifeval+math+musr,,1.0,0.1,44,0.0363184846937656,0.9493670886075948,4.431864198796305
bbh+gpqa+ifeval+math+musr,,1.0,0.1,45,0.036199677735567,0.9475587703435804,4.465061123647891
bbh+gpqa+ifeval+math+musr,,1.0,0.1,46,0.036240953952074,0.9471066907775768,4.450268203942777
bbh+gpqa+ifeval+math+musr,,1.0,0.1,47,0.0361172221601009,0.9529837251356238,4.4850838976009815
bbh+gpqa+ifeval+math+musr,,1.0,0.1,48,0.0361930914223194,0.9489150090415912,4.46063399411333
bbh+gpqa+ifeval+math+musr,,1.0,0.1,49,0.0361279211938381,0.9475587703435804,4.481888191565921
bbh+gpqa+ifeval+math+musr,,1.0,0.1,50,0.0361692495644092,0.9561482820976492,4.4709730548860245
bbh+gpqa+ifeval+math+musr,,1.0,0.1,51,0.0362669825553894,0.9475587703435804,4.445326611706926
bbh+gpqa+ifeval+math+musr,,1.0,0.1,52,0.0363979712128639,0.9511754068716094,4.4144448073810825
bbh+gpqa+ifeval+math+musr,,1.0,0.1,53,0.0361969880759716,0.9452983725135624,4.459837100519021
bbh+gpqa+ifeval+math+musr,,1.0,0.1,54,0.0361805893480777,0.9534358047016276,4.46089057803654
bbh+gpqa+ifeval+math+musr,,1.0,0.1,55,0.0362128317356109,0.943490054249548,4.460551606047524
bbh+gpqa+ifeval+math+musr,,1.0,0.1,56,0.0361349433660507,0.9520795660036168,4.4682800509037275
bbh+gpqa+ifeval+math+musr,,1.0,0.1,57,0.0362540297210216,0.9556962025316456,4.446283767327495
bbh+gpqa+ifeval+math+musr,,1.0,0.1,58,0.0362869724631309,0.9511754068716094,4.447457772848395
bbh+gpqa+ifeval+math+musr,,1.0,0.1,59,0.0362904369831085,0.9452983725135624,4.444550761264454
bbh+gpqa+ifeval+math+musr,,1.0,0.1,60,0.0361118763685226,0.9525316455696202,4.480398048351654
bbh+gpqa+ifeval+math+musr,,1.0,0.1,61,0.0362107641994953,0.9534358047016276,4.464995692747133
bbh+gpqa+ifeval+math+musr,,1.0,0.1,62,0.0361566729843616,0.950271247739602,4.469065890086217
bbh+gpqa+ifeval+math+musr,,1.0,0.1,63,0.0363014228641986,0.9520795660036168,4.431894363298851
bbh+gpqa+ifeval+math+musr,,1.0,0.1,64,0.036171481013298,0.9443942133815552,4.472795279931338
bbh+gpqa+ifeval+math+musr,,1.0,0.1,65,0.0361481979489326,0.9529837251356238,4.469163226038747
bbh+gpqa+ifeval+math+musr,,1.0,0.1,66,0.0362056232988834,0.9380650994575044,4.4612960186962995
bbh+gpqa+ifeval+math+musr,,1.0,0.1,67,0.0362460240721702,0.9529837251356238,4.452028444709043
bbh+gpqa+ifeval+math+musr,,1.0,0.1,68,0.036216489970684,0.9471066907775768,4.455900325138832
bbh+gpqa+ifeval+math+musr,,1.0,0.1,69,0.0361310355365276,0.9525316455696202,4.47701499469067
bbh+gpqa+ifeval+math+musr,,1.0,0.1,70,0.0362395718693733,0.9475587703435804,4.456231401738776
bbh+gpqa+ifeval+math+musr,,1.0,0.1,71,0.0362610109150409,0.948010849909584,4.450700844010191
bbh+gpqa+ifeval+math+musr,,1.0,0.1,72,0.0361597016453743,0.948010849909584,4.4775068649987535
bbh+gpqa+ifeval+math+musr,,1.0,0.1,73,0.0362141877412796,0.9475587703435804,4.454738475753472
bbh+gpqa+ifeval+math+musr,,1.0,0.1,74,0.036184549331665,0.9489150090415912,4.464155819597144
bbh+gpqa+ifeval+math+musr,,1.0,0.1,75,0.0363788940012455,0.9425858951175408,4.416147059608781
bbh+gpqa+ifeval+math+musr,,1.0,0.1,76,0.0361587144434452,0.9489150090415912,4.480564132501089
bbh+gpqa+ifeval+math+musr,,1.0,0.1,77,0.0361962765455246,0.951627486437613,4.461819256615427
bbh+gpqa+ifeval+math+musr,,1.0,0.1,78,0.0362904444336891,0.9471066907775768,4.438874690087583
bbh+gpqa+ifeval+math+musr,,1.0,0.1,79,0.0361675135791301,0.950271247739602,4.469707049084226
bbh+gpqa+ifeval+math+musr,,1.0,0.1,80,0.0361471697688102,0.950271247739602,4.473388945257914
bbh+gpqa+ifeval+math+musr,,1.0,0.1,81,0.0361926294863224,0.9471066907775768,4.455631916206816
bbh+gpqa+ifeval+math+musr,,1.0,0.1,82,0.0361613668501377,0.951627486437613,4.4749847205180195
bbh+gpqa+ifeval+math+musr,,1.0,0.1,83,0.0361063852906227,0.9556962025316456,4.480156078305023
bbh+gpqa+ifeval+math+musr,,1.0,0.1,84,0.0362272299826145,0.955244122965642,4.45190297688138
bbh+gpqa+ifeval+math+musr,,1.0,0.1,85,0.0362064726650714,0.9430379746835442,4.466082924615894
bbh+gpqa+ifeval+math+musr,,1.0,0.1,86,0.0362453572452068,0.9448462929475588,4.456994134797412
bbh+gpqa+ifeval+math+musr,,1.0,0.1,87,0.0361713655292987,0.948010849909584,4.46616295131681
bbh+gpqa+ifeval+math+musr,,1.0,0.1,88,0.0362469255924224,0.9484629294755876,4.449100259623709
bbh+gpqa+ifeval+math+musr,,1.0,0.1,89,0.0362487025558948,0.948010849909584,4.444150501400241
bbh+gpqa+ifeval+math+musr,,1.0,0.1,90,0.0361700430512428,0.9529837251356238,4.473595308813298
bbh+gpqa+ifeval+math+musr,,1.0,0.1,91,0.0362177044153213,0.959764918625678,4.456488248445094
bbh+gpqa+ifeval+math+musr,,1.0,0.1,92,0.0362902730703353,0.9507233273056056,4.443926976868803
bbh+gpqa+ifeval+math+musr,,1.0,0.1,93,0.0362178348004817,0.9493670886075948,4.457387290690812
bbh+gpqa+ifeval+math+musr,,1.0,0.1,94,0.0361320115625858,0.955244122965642,4.485470965183352
bbh+gpqa+ifeval+math+musr,,1.0,0.1,95,0.0362922027707099,0.9498191681735986,4.433822292856352
bbh+gpqa+ifeval+math+musr,,1.0,0.1,96,0.0361715331673622,0.9484629294755876,4.462732082758441
bbh+gpqa+ifeval+math+musr,,1.0,0.1,97,0.0360892266035079,0.9507233273056056,4.485100196886096
bbh+gpqa+ifeval+math+musr,,1.0,0.1,98,0.0361912809312343,0.9547920433996384,4.460990725409968
bbh+gpqa+ifeval+math+musr,,1.0,0.1,99,0.0361916832625865,0.9471066907775768,4.462062978343073
bbh+gpqa+ifeval+math+musr,,1.0,0.125,0,0.0311326514929533,0.9462025316455696,4.690909706229566
bbh+gpqa+ifeval+math+musr,,1.0,0.125,1,0.0310338120907545,0.9466546112115732,4.722969019472177
bbh+gpqa+ifeval+math+musr,,1.0,0.125,2,0.0310915764421224,0.9534358047016276,4.705038793776576
bbh+gpqa+ifeval+math+musr,,1.0,0.125,3,0.0310876239091157,0.950271247739602,4.7132464603979
bbh+gpqa+ifeval+math+musr,,1.0,0.125,4,0.0311547331511974,0.9425858951175408,4.700069558810903
bbh+gpqa+ifeval+math+musr,,1.0,0.125,5,0.0312123503535985,0.9561482820976492,4.675912002783318
bbh+gpqa+ifeval+math+musr,,1.0,0.125,6,0.0311526507139205,0.955244122965642,4.684174402775324
bbh+gpqa+ifeval+math+musr,,1.0,0.125,7,0.0310646090656518,0.940777576853526,4.71934288941596
bbh+gpqa+ifeval+math+musr,,1.0,0.125,8,0.0310704540461301,0.9443942133815552,4.71184206669249
bbh+gpqa+ifeval+math+musr,,1.0,0.125,9,0.031127268448472,0.945750452079566,4.68910250612596
bbh+gpqa+ifeval+math+musr,,1.0,0.125,10,0.0310537405312061,0.9475587703435804,4.716443289698537
bbh+gpqa+ifeval+math+musr,,1.0,0.125,11,0.0311656575649976,0.9484629294755876,4.686329828846423
bbh+gpqa+ifeval+math+musr,,1.0,0.125,12,0.0311805363744497,0.9638336347197106,4.677212514058775
bbh+gpqa+ifeval+math+musr,,1.0,0.125,13,0.0311180669814348,0.9534358047016276,4.707884973763749
bbh+gpqa+ifeval+math+musr,,1.0,0.125,14,0.0310359802097082,0.9520795660036168,4.718958506125987
bbh+gpqa+ifeval+math+musr,,1.0,0.125,15,0.0311384815722703,0.9561482820976492,4.691663470453545
bbh+gpqa+ifeval+math+musr,,1.0,0.125,16,0.0311140473932027,0.943490054249548,4.7012747830865695
bbh+gpqa+ifeval+math+musr,,1.0,0.125,17,0.0311374943703413,0.9529837251356238,4.695816898798693
bbh+gpqa+ifeval+math+musr,,1.0,0.125,18,0.0311662703752517,0.9493670886075948,4.679359389278659
bbh+gpqa+ifeval+math+musr,,1.0,0.125,19,0.0311606172472238,0.9566003616636528,4.691320356675008
bbh+gpqa+ifeval+math+musr,,1.0,0.125,20,0.0310722962021827,0.9493670886075948,4.718851816250119
bbh+gpqa+ifeval+math+musr,,1.0,0.125,21,0.0310818161815404,0.9489150090415912,4.715098560834245
bbh+gpqa+ifeval+math+musr,,1.0,0.125,22,0.0311600491404533,0.950271247739602,4.684989864425921
bbh+gpqa+ifeval+math+musr,,1.0,0.125,23,0.0310863517224788,0.9430379746835442,4.713884095050638
bbh+gpqa+ifeval+math+musr,,1.0,0.125,24,0.0311720855534076,0.9475587703435804,4.687654845909576
bbh+gpqa+ifeval+math+musr,,1.0,0.125,25,0.0310916360467672,0.9651898734177214,4.702411773697199
bbh+gpqa+ifeval+math+musr,,1.0,0.125,26,0.0311324074864387,0.945750452079566,4.69569399945343
bbh+gpqa+ifeval+math+musr,,1.0,0.125,27,0.0311227161437273,0.948010849909584,4.694792100333388
bbh+gpqa+ifeval+math+musr,,1.0,0.125,28,0.0310929249972105,0.955244122965642,4.704493458946886
bbh+gpqa+ifeval+math+musr,,1.0,0.125,29,0.0310508459806442,0.9471066907775768,4.718766363235365
bbh+gpqa+ifeval+math+musr,,1.0,0.125,30,0.0311415549367666,0.9448462929475588,4.6861144848107505
bbh+gpqa+ifeval+math+musr,,1.0,0.125,31,0.0310769211500883,0.943490054249548,4.712147919670006
bbh+gpqa+ifeval+math+musr,,1.0,0.125,32,0.0311615448445081,0.948010849909584,4.689815906178685
bbh+gpqa+ifeval+math+musr,,1.0,0.125,33,0.031131325289607,0.9489150090415912,4.691707499246158
bbh+gpqa+ifeval+math+musr,,1.0,0.125,34,0.0310800094157457,0.9511754068716094,4.713665696406741
bbh+gpqa+ifeval+math+musr,,1.0,0.125,35,0.0311170667409896,0.9475587703435804,4.699886989931401
bbh+gpqa+ifeval+math+musr,,1.0,0.125,36,0.0310763046145439,0.9425858951175408,4.712553485430817
bbh+gpqa+ifeval+math+musr,,1.0,0.125,37,0.0311145335435867,0.9471066907775768,4.705026774050163
bbh+gpqa+ifeval+math+musr,,1.0,0.125,38,0.0311066433787345,0.939873417721519,4.700453953779963
bbh+gpqa+ifeval+math+musr,,1.0,0.125,39,0.0311514008790254,0.9489150090415912,4.681081550723793
bbh+gpqa+ifeval+math+musr,,1.0,0.125,40,0.0311153475195169,0.9462025316455696,4.698965353784551
bbh+gpqa+ifeval+math+musr,,1.0,0.125,41,0.0311827436089515,0.9520795660036168,4.680429550875485
bbh+gpqa+ifeval+math+musr,,1.0,0.125,42,0.031037088483572,0.9489150090415912,4.730060803399479
bbh+gpqa+ifeval+math+musr,,1.0,0.125,43,0.0311254877597093,0.9462025316455696,4.6982033920972
bbh+gpqa+ifeval+math+musr,,1.0,0.125,44,0.0311723928898572,0.9471066907775768,4.682745912604275
bbh+gpqa+ifeval+math+musr,,1.0,0.125,45,0.0310885347425937,0.948010849909584,4.7107739199441605
bbh+gpqa+ifeval+math+musr,,1.0,0.125,46,0.0311199389398098,0.9466546112115732,4.697161699153704
bbh+gpqa+ifeval+math+musr,,1.0,0.125,47,0.0310344044119119,0.950271247739602,4.721900793441512
bbh+gpqa+ifeval+math+musr,,1.0,0.125,48,0.0310795530676841,0.9520795660036168,4.707402353322526
bbh+gpqa+ifeval+math+musr,,1.0,0.125,49,0.0310453940182924,0.9489150090415912,4.723207581448434
bbh+gpqa+ifeval+math+musr,,1.0,0.125,50,0.0310656614601612,0.9629294755877034,4.716526856225463
bbh+gpqa+ifeval+math+musr,,1.0,0.125,51,0.0311444718390703,0.950271247739602,4.690700257821045
bbh+gpqa+ifeval+math+musr,,1.0,0.125,52,0.0312312971800565,0.9507233273056056,4.668231970026321
bbh+gpqa+ifeval+math+musr,,1.0,0.125,53,0.0310935396701097,0.955244122965642,4.702687117815197
bbh+gpqa+ifeval+math+musr,,1.0,0.125,54,0.0310818050056695,0.9534358047016276,4.7041744482859045
bbh+gpqa+ifeval+math+musr,,1.0,0.125,55,0.0310958195477724,0.950271247739602,4.7049033470823876
bbh+gpqa+ifeval+math+musr,,1.0,0.125,56,0.031042082235217,0.9462025316455696,4.71561060366075
bbh+gpqa+ifeval+math+musr,,1.0,0.125,57,0.0311557706445455,0.9561482820976492,4.685778694436695
bbh+gpqa+ifeval+math+musr,,1.0,0.125,58,0.0311490427702665,0.9511754068716094,4.699335083748275
bbh+gpqa+ifeval+math+musr,,1.0,0.125,59,0.031147176399827,0.9484629294755876,4.694911900467462
bbh+gpqa+ifeval+math+musr,,1.0,0.125,60,0.031030211597681,0.9525316455696202,4.7220133381261835
bbh+gpqa+ifeval+math+musr,,1.0,0.125,61,0.0311023872345685,0.9529837251356238,4.710227622082805
bbh+gpqa+ifeval+math+musr,,1.0,0.125,62,0.0310576725751161,0.9493670886075948,4.711590865244967
bbh+gpqa+ifeval+math+musr,,1.0,0.125,63,0.0311730969697237,0.951627486437613,4.676016948951311
bbh+gpqa+ifeval+math+musr,,1.0,0.125,64,0.0310702342540025,0.9452983725135624,4.717035241945037
bbh+gpqa+ifeval+math+musr,,1.0,0.125,65,0.0310519393533468,0.9588607594936708,4.715727364126057
bbh+gpqa+ifeval+math+musr,,1.0,0.125,66,0.0310805775225162,0.9358047016274864,4.708812645145504
bbh+gpqa+ifeval+math+musr,,1.0,0.125,67,0.0311271585524082,0.9511754068716094,4.6920521318543615
bbh+gpqa+ifeval+math+musr,,1.0,0.125,68,0.0310908555984497,0.9489150090415912,4.7036113780597635
bbh+gpqa+ifeval+math+musr,,1.0,0.125,69,0.0310436207801103,0.9525316455696202,4.7150587705204865
bbh+gpqa+ifeval+math+musr,,1.0,0.125,70,0.0311323869973421,0.9547920433996384,4.698083942799332
bbh+gpqa+ifeval+math+musr,,1.0,0.125,71,0.0311419926583766,0.9484629294755876,4.695047236103663
bbh+gpqa+ifeval+math+musr,,1.0,0.125,72,0.0310672894120216,0.950271247739602,4.717621158329689
bbh+gpqa+ifeval+math+musr,,1.0,0.125,73,0.0310905762016773,0.948010849909584,4.704939202249169
bbh+gpqa+ifeval+math+musr,,1.0,0.125,74,0.0310854036360979,0.9556962025316456,4.707199835379666
bbh+gpqa+ifeval+math+musr,,1.0,0.125,75,0.0312272291630506,0.9498191681735986,4.664132226854691
bbh+gpqa+ifeval+math+musr,,1.0,0.125,76,0.0310563556849956,0.9579566003616636,4.7242134284456325
bbh+gpqa+ifeval+math+musr,,1.0,0.125,77,0.0310999508947134,0.9534358047016276,4.702171711878512
bbh+gpqa+ifeval+math+musr,,1.0,0.125,78,0.0311698205769062,0.9493670886075948,4.68324984696175
bbh+gpqa+ifeval+math+musr,,1.0,0.125,79,0.0310605354607105,0.9439421338155516,4.716679149178136
bbh+gpqa+ifeval+math+musr,,1.0,0.125,80,0.0310367494821548,0.955244122965642,4.7185472853021055
bbh+gpqa+ifeval+math+musr,,1.0,0.125,81,0.0311034359037876,0.9484629294755876,4.694076907642461
bbh+gpqa+ifeval+math+musr,,1.0,0.125,82,0.0310798231512308,0.9507233273056056,4.708075774739515
bbh+gpqa+ifeval+math+musr,,1.0,0.125,83,0.0310350526124238,0.9507233273056056,4.723551449684776
bbh+gpqa+ifeval+math+musr,,1.0,0.125,84,0.0311269480735063,0.9556962025316456,4.693794598218623
bbh+gpqa+ifeval+math+musr,,1.0,0.125,85,0.0311016868799924,0.9443942133815552,4.710020709777362
bbh+gpqa+ifeval+math+musr,,1.0,0.125,86,0.0311301313340663,0.9439421338155516,4.698491920432982
bbh+gpqa+ifeval+math+musr,,1.0,0.125,87,0.031056810170412,0.9543399638336348,4.717258428724935
bbh+gpqa+ifeval+math+musr,,1.0,0.125,88,0.0311380494385957,0.9498191681735986,4.690654573076504
bbh+gpqa+ifeval+math+musr,,1.0,0.125,89,0.0311343073844909,0.945750452079566,4.689045718677247
bbh+gpqa+ifeval+math+musr,,1.0,0.125,90,0.0310666132718324,0.9529837251356238,4.718847560532065
bbh+gpqa+ifeval+math+musr,,1.0,0.125,91,0.0310894586145877,0.9498191681735986,4.70990726199598
bbh+gpqa+ifeval+math+musr,,1.0,0.125,92,0.0311499796807765,0.9498191681735986,4.691729041023293
bbh+gpqa+ifeval+math+musr,,1.0,0.125,93,0.0311047248542308,0.951627486437613,4.704805054829055
bbh+gpqa+ifeval+math+musr,,1.0,0.125,94,0.0310274828225374,0.9520795660036168,4.729170883734791
bbh+gpqa+ifeval+math+musr,,1.0,0.125,95,0.0311663262546062,0.9498191681735986,4.679571182446193
bbh+gpqa+ifeval+math+musr,,1.0,0.125,96,0.0310841407626867,0.9507233273056056,4.70235201642897
bbh+gpqa+ifeval+math+musr,,1.0,0.125,97,0.0310108345001935,0.9520795660036168,4.725695248226275
bbh+gpqa+ifeval+math+musr,,1.0,0.125,98,0.0310808084905147,0.953887884267631,4.705482762471607
bbh+gpqa+ifeval+math+musr,,1.0,0.125,99,0.0310786869376897,0.9570524412296564,4.708531350588788
bbh+gpqa+ifeval+math+musr,,1.0,0.15,0,0.0274350587278604,0.953887884267631,4.889642414166869
bbh+gpqa+ifeval+math+musr,,1.0,0.15,1,0.027360925450921,0.9466546112115732,4.916345739805126
bbh+gpqa+ifeval+math+musr,,1.0,0.15,2,0.0274135638028383,0.9543399638336348,4.898924771697213
bbh+gpqa+ifeval+math+musr,,1.0,0.15,3,0.0274083875119686,0.950271247739602,4.905250616530292
bbh+gpqa+ifeval+math+musr,,1.0,0.15,4,0.027462538331747,0.938517179023508,4.8921099787570075
bbh+gpqa+ifeval+math+musr,,1.0,0.15,5,0.0274932645261287,0.955244122965642,4.875533423889013
bbh+gpqa+ifeval+math+musr,,1.0,0.15,6,0.0274598095566034,0.9534358047016276,4.88087381369955
bbh+gpqa+ifeval+math+musr,,1.0,0.15,7,0.0273740757256746,0.9439421338155516,4.919375732444914
bbh+gpqa+ifeval+math+musr,,1.0,0.15,8,0.0273842960596084,0.9371609403254972,4.906097276041606
bbh+gpqa+ifeval+math+musr,,1.0,0.15,9,0.0274376403540372,0.9462025316455696,4.885358252460548
bbh+gpqa+ifeval+math+musr,,1.0,0.15,10,0.0273775067180395,0.945750452079566,4.909411832206089
bbh+gpqa+ifeval+math+musr,,1.0,0.15,11,0.0274609141051769,0.950271247739602,4.880671785551653
bbh+gpqa+ifeval+math+musr,,1.0,0.15,12,0.0274804104119539,0.9615732368896924,4.873856679003584
bbh+gpqa+ifeval+math+musr,,1.0,0.15,13,0.0274255499243736,0.9511754068716094,4.902314563171453
bbh+gpqa+ifeval+math+musr,,1.0,0.15,14,0.0273552387952804,0.9498191681735986,4.914174134974213
bbh+gpqa+ifeval+math+musr,,1.0,0.15,15,0.0274471640586853,0.9489150090415912,4.884276782594549
bbh+gpqa+ifeval+math+musr,,1.0,0.15,16,0.0274118762463331,0.9475587703435804,4.902283219593866
bbh+gpqa+ifeval+math+musr,,1.0,0.15,17,0.0274398121982812,0.9520795660036168,4.888790734657346
bbh+gpqa+ifeval+math+musr,,1.0,0.15,18,0.0274725258350372,0.945750452079566,4.8730679241995
bbh+gpqa+ifeval+math+musr,,1.0,0.15,19,0.0274585280567407,0.953887884267631,4.888565534510507
bbh+gpqa+ifeval+math+musr,,1.0,0.15,20,0.0273928400129079,0.951627486437613,4.9121911213901726
bbh+gpqa+ifeval+math+musr,,1.0,0.15,21,0.0273934379220008,0.9507233273056056,4.908069528166345
bbh+gpqa+ifeval+math+musr,,1.0,0.15,22,0.0274648200720548,0.9475587703435804,4.882162765580546
bbh+gpqa+ifeval+math+musr,,1.0,0.15,23,0.0274099186062812,0.9525316455696202,4.905170382507217
bbh+gpqa+ifeval+math+musr,,1.0,0.15,24,0.027464373037219,0.955244122965642,4.884082364768626
bbh+gpqa+ifeval+math+musr,,1.0,0.15,25,0.0274112317711114,0.9588607594936708,4.897804380034965
bbh+gpqa+ifeval+math+musr,,1.0,0.15,26,0.0274346675723791,0.9448462929475588,4.89133974584763
bbh+gpqa+ifeval+math+musr,,1.0,0.15,27,0.0274304170161485,0.9448462929475588,4.891101550435894
bbh+gpqa+ifeval+math+musr,,1.0,0.15,28,0.0274115875363349,0.9556962025316456,4.8953965439551705
bbh+gpqa+ifeval+math+musr,,1.0,0.15,29,0.0273769497871398,0.945750452079566,4.910214613368766
bbh+gpqa+ifeval+math+musr,,1.0,0.15,30,0.0274432022124528,0.9421338155515372,4.8833440445992435
bbh+gpqa+ifeval+math+musr,,1.0,0.15,31,0.0273990370333194,0.9534358047016276,4.902146506428407
bbh+gpqa+ifeval+math+musr,,1.0,0.15,32,0.0274646244943141,0.9466546112115732,4.8837327426773545
bbh+gpqa+ifeval+math+musr,,1.0,0.15,33,0.0274383332580328,0.9484629294755876,4.8874656394033416
bbh+gpqa+ifeval+math+musr,,1.0,0.15,34,0.0273870397359132,0.9489150090415912,4.912487085537267
bbh+gpqa+ifeval+math+musr,,1.0,0.15,35,0.0274315327405929,0.9520795660036168,4.89276775763671
bbh+gpqa+ifeval+math+musr,,1.0,0.15,36,0.0273943822830915,0.9471066907775768,4.910097511894686
bbh+gpqa+ifeval+math+musr,,1.0,0.15,37,0.0274198073893785,0.9462025316455696,4.902749585139713
bbh+gpqa+ifeval+math+musr,,1.0,0.15,38,0.0274073239415884,0.9430379746835442,4.89876554359825
bbh+gpqa+ifeval+math+musr,,1.0,0.15,39,0.0274573825299739,0.950271247739602,4.875207513018551
bbh+gpqa+ifeval+math+musr,,1.0,0.15,40,0.0274275038391351,0.948010849909584,4.891878049516046
bbh+gpqa+ifeval+math+musr,,1.0,0.15,41,0.0274768266826868,0.9443942133815552,4.875393362352468
bbh+gpqa+ifeval+math+musr,,1.0,0.15,42,0.0273560769855976,0.9466546112115732,4.927023342870404
bbh+gpqa+ifeval+math+musr,,1.0,0.15,43,0.0274400319904088,0.9452983725135624,4.890313675481588
bbh+gpqa+ifeval+math+musr,,1.0,0.15,44,0.0274702049791812,0.955244122965642,4.876459273908203
bbh+gpqa+ifeval+math+musr,,1.0,0.15,45,0.0274065397679805,0.9507233273056056,4.900857815709168
bbh+gpqa+ifeval+math+musr,,1.0,0.15,46,0.0274268426001071,0.9471066907775768,4.890618541449261
bbh+gpqa+ifeval+math+musr,,1.0,0.15,47,0.0273597035557031,0.9493670886075948,4.915204768466291
bbh+gpqa+ifeval+math+musr,,1.0,0.15,48,0.0274076201021671,0.9421338155515372,4.897978007321658
bbh+gpqa+ifeval+math+musr,,1.0,0.15,49,0.0273734088987112,0.9489150090415912,4.915635367075657
bbh+gpqa+ifeval+math+musr,,1.0,0.15,50,0.0273947417736053,0.953887884267631,4.906987206567073
bbh+gpqa+ifeval+math+musr,,1.0,0.15,51,0.0274576805531978,0.9547920433996384,4.883913411789291
bbh+gpqa+ifeval+math+musr,,1.0,0.15,52,0.0275122001767158,0.955244122965642,4.865930308117699
bbh+gpqa+ifeval+math+musr,,1.0,0.15,53,0.027422972023487,0.955244122965642,4.8924529050994465
bbh+gpqa+ifeval+math+musr,,1.0,0.15,54,0.0274019706994295,0.9498191681735986,4.897084582295642
bbh+gpqa+ifeval+math+musr,,1.0,0.15,55,0.0274119079113006,0.9525316455696202,4.899181554941105
bbh+gpqa+ifeval+math+musr,,1.0,0.15,56,0.027355421334505,0.9443942133815552,4.9165951772156475
bbh+gpqa+ifeval+math+musr,,1.0,0.15,57,0.0274584461003541,0.953887884267631,4.879622568888909
bbh+gpqa+ifeval+math+musr,,1.0,0.15,58,0.0274611413478851,0.9511754068716094,4.889969933422162
bbh+gpqa+ifeval+math+musr,,1.0,0.15,59,0.0274497903883457,0.9489150090415912,4.888386053210763
bbh+gpqa+ifeval+math+musr,,1.0,0.15,60,0.0273548979312181,0.9566003616636528,4.918269740047306
bbh+gpqa+ifeval+math+musr,,1.0,0.15,61,0.0274076424539089,0.9543399638336348,4.907420700523574
bbh+gpqa+ifeval+math+musr,,1.0,0.15,62,0.0273768585175275,0.9425858951175408,4.903595479039994
bbh+gpqa+ifeval+math+musr,,1.0,0.15,63,0.0274796653538942,0.951627486437613,4.872429514677313
bbh+gpqa+ifeval+math+musr,,1.0,0.15,64,0.0274030193686485,0.951627486437613,4.9052406794740095
bbh+gpqa+ifeval+math+musr,,1.0,0.15,65,0.0273740086704492,0.9570524412296564,4.910084614278251
bbh+gpqa+ifeval+math+musr,,1.0,0.15,66,0.0273910481482744,0.9326401446654612,4.907505012440981
bbh+gpqa+ifeval+math+musr,,1.0,0.15,67,0.0274294465780258,0.9462025316455696,4.8908457151010225
bbh+gpqa+ifeval+math+musr,,1.0,0.15,68,0.0273978803306818,0.948010849909584,4.899716426944537
bbh+gpqa+ifeval+math+musr,,1.0,0.15,69,0.0273700393736362,0.9489150090415912,4.9089223288338095
bbh+gpqa+ifeval+math+musr,,1.0,0.15,70,0.027442842721939,0.9520795660036168,4.89038782002303
bbh+gpqa+ifeval+math+musr,,1.0,0.15,71,0.0274432636797428,0.9498191681735986,4.890649054308276
bbh+gpqa+ifeval+math+musr,,1.0,0.15,72,0.02739411406219,0.9452983725135624,4.911037443021086
bbh+gpqa+ifeval+math+musr,,1.0,0.15,73,0.0274023991078138,0.951627486437613,4.899206065537409
bbh+gpqa+ifeval+math+musr,,1.0,0.15,74,0.0273928791284561,0.9498191681735986,4.90708998585889
bbh+gpqa+ifeval+math+musr,,1.0,0.15,75,0.0275112502276897,0.9462025316455696,4.864635537633256
bbh+gpqa+ifeval+math+musr,,1.0,0.15,76,0.0273761749267578,0.9543399638336348,4.918492764404553
bbh+gpqa+ifeval+math+musr,,1.0,0.15,77,0.0274133440107107,0.950271247739602,4.895012762931078
bbh+gpqa+ifeval+math+musr,,1.0,0.15,78,0.0274670496582984,0.9511754068716094,4.8803957732261605
bbh+gpqa+ifeval+math+musr,,1.0,0.15,79,0.0273828152567148,0.9448462929475588,4.907685111020697
bbh+gpqa+ifeval+math+musr,,1.0,0.15,80,0.0273648854345083,0.9561482820976492,4.912890209183889
bbh+gpqa+ifeval+math+musr,,1.0,0.15,81,0.0274212434887886,0.9520795660036168,4.888759515144697
bbh+gpqa+ifeval+math+musr,,1.0,0.15,82,0.0273933447897434,0.9498191681735986,4.903707591926274
bbh+gpqa+ifeval+math+musr,,1.0,0.15,83,0.0273619126528501,0.951627486437613,4.915573813630508
bbh+gpqa+ifeval+math+musr,,1.0,0.15,84,0.0274335574358701,0.9543399638336348,4.8901259471304135
bbh+gpqa+ifeval+math+musr,,1.0,0.15,85,0.0274163167923688,0.9416817359855334,4.901121273366757
bbh+gpqa+ifeval+math+musr,,1.0,0.15,86,0.0274432394653558,0.9452983725135624,4.891171637954944
bbh+gpqa+ifeval+math+musr,,1.0,0.15,87,0.0273737721145153,0.9489150090415912,4.914565396287897
bbh+gpqa+ifeval+math+musr,,1.0,0.15,88,0.0274401176720857,0.9615732368896924,4.8849538631176666
bbh+gpqa+ifeval+math+musr,,1.0,0.15,89,0.0274410061538219,0.9525316455696202,4.88396247711739
bbh+gpqa+ifeval+math+musr,,1.0,0.15,90,0.027391055598855,0.9498191681735986,4.907765671790208
bbh+gpqa+ifeval+math+musr,,1.0,0.15,91,0.0274040643125772,0.948010849909584,4.9047389530208285
bbh+gpqa+ifeval+math+musr,,1.0,0.15,92,0.0274519324302673,0.9498191681735986,4.884269674072813
bbh+gpqa+ifeval+math+musr,,1.0,0.15,93,0.0274177081882953,0.9520795660036168,4.897973089869065
bbh+gpqa+ifeval+math+musr,,1.0,0.15,94,0.0273476913571357,0.953887884267631,4.925937622677251
bbh+gpqa+ifeval+math+musr,,1.0,0.15,95,0.0274669751524925,0.9466546112115732,4.877056244543723
bbh+gpqa+ifeval+math+musr,,1.0,0.15,96,0.0274088587611913,0.9534358047016276,4.892987885881243
bbh+gpqa+ifeval+math+musr,,1.0,0.15,97,0.0273337457329034,0.9493670886075948,4.9261532937778085
bbh+gpqa+ifeval+math+musr,,1.0,0.15,98,0.0274002235382795,0.961121157323689,4.899472475158769
bbh+gpqa+ifeval+math+musr,,1.0,0.15,99,0.0274006333202123,0.9511754068716094,4.904850784981213
bbh+gpqa+ifeval+math+musr,,1.0,0.175,0,0.0246372204273939,0.9525316455696202,5.04685830437373
bbh+gpqa+ifeval+math+musr,,1.0,0.175,1,0.0245717316865921,0.9421338155515372,5.075140910282036
bbh+gpqa+ifeval+math+musr,,1.0,0.175,2,0.0246178191155195,0.950271247739602,5.05566349049986
bbh+gpqa+ifeval+math+musr,,1.0,0.175,3,0.0246055144816637,0.945750452079566,5.065519217644224
bbh+gpqa+ifeval+math+musr,,1.0,0.175,4,0.0246611796319484,0.9403254972875226,5.045535915198407
bbh+gpqa+ifeval+math+musr,,1.0,0.175,5,0.0246780011802911,0.9593128390596743,5.033918336292001
bbh+gpqa+ifeval+math+musr,,1.0,0.175,6,0.0246603693813085,0.9556962025316456,5.0380549429349015
bbh+gpqa+ifeval+math+musr,,1.0,0.175,7,0.0245863031595945,0.9511754068716094,5.0742801782203175
bbh+gpqa+ifeval+math+musr,,1.0,0.175,8,0.0246011167764663,0.9412296564195298,5.05873991603499
bbh+gpqa+ifeval+math+musr,,1.0,0.175,9,0.0246348623186349,0.953887884267631,5.042994427258462
bbh+gpqa+ifeval+math+musr,,1.0,0.175,10,0.0245922803878784,0.9448462929475588,5.063800708855215
bbh+gpqa+ifeval+math+musr,,1.0,0.175,11,0.0246499348431825,0.955244122965642,5.042739252411078
bbh+gpqa+ifeval+math+musr,,1.0,0.175,12,0.0246819015592336,0.9602169981916816,5.02990283954927
bbh+gpqa+ifeval+math+musr,,1.0,0.175,13,0.0246316790580749,0.9534358047016276,5.0560236399979175
bbh+gpqa+ifeval+math+musr,,1.0,0.175,14,0.0245661158114671,0.9471066907775768,5.070852465655623
bbh+gpqa+ifeval+math+musr,,1.0,0.175,15,0.0246439464390277,0.9543399638336348,5.040242395749466
bbh+gpqa+ifeval+math+musr,,1.0,0.175,16,0.0246154982596635,0.9529837251356238,5.057212444537285
bbh+gpqa+ifeval+math+musr,,1.0,0.175,17,0.0246392991393804,0.9525316455696202,5.048568589129455
bbh+gpqa+ifeval+math+musr,,1.0,0.175,18,0.0246590077877044,0.9462025316455696,5.035161820272091
bbh+gpqa+ifeval+math+musr,,1.0,0.175,19,0.0246488880366086,0.95750452079566,5.046717670217996
bbh+gpqa+ifeval+math+musr,,1.0,0.175,20,0.0246026460081338,0.9507233273056056,5.067881197628221
bbh+gpqa+ifeval+math+musr,,1.0,0.175,21,0.024603959172964,0.9525316455696202,5.063674197374775
bbh+gpqa+ifeval+math+musr,,1.0,0.175,22,0.0246533155441284,0.9529837251356238,5.042570346478335
bbh+gpqa+ifeval+math+musr,,1.0,0.175,23,0.0246167667210102,0.9507233273056056,5.061658159386467
bbh+gpqa+ifeval+math+musr,,1.0,0.175,24,0.0246546119451522,0.955244122965642,5.043300243042171
bbh+gpqa+ifeval+math+musr,,1.0,0.175,25,0.0246208179742097,0.9566003616636528,5.05311766338706
bbh+gpqa+ifeval+math+musr,,1.0,0.175,26,0.0246351677924394,0.9507233273056056,5.049002022461764
bbh+gpqa+ifeval+math+musr,,1.0,0.175,27,0.0246350672096014,0.9430379746835442,5.045066450504679
bbh+gpqa+ifeval+math+musr,,1.0,0.175,28,0.0246182046830654,0.955244122965642,5.0516155677013606
bbh+gpqa+ifeval+math+musr,,1.0,0.175,29,0.0245875865221023,0.9443942133815552,5.06544102863912
bbh+gpqa+ifeval+math+musr,,1.0,0.175,30,0.0246419254690408,0.9471066907775768,5.041510430445404
bbh+gpqa+ifeval+math+musr,,1.0,0.175,31,0.0246012080460786,0.953887884267631,5.061738794975678
bbh+gpqa+ifeval+math+musr,,1.0,0.175,32,0.0246586240828037,0.9489150090415912,5.03953864954195
bbh+gpqa+ifeval+math+musr,,1.0,0.175,33,0.024641640484333,0.9534358047016276,5.041415907234923
bbh+gpqa+ifeval+math+musr,,1.0,0.175,34,0.0246021952480077,0.9466546112115732,5.064056169624641
bbh+gpqa+ifeval+math+musr,,1.0,0.175,35,0.0246330238878726,0.951627486437613,5.04775846895647
bbh+gpqa+ifeval+math+musr,,1.0,0.175,36,0.0246017929166555,0.9471066907775768,5.065329336890555
bbh+gpqa+ifeval+math+musr,,1.0,0.175,37,0.0246184207499027,0.9439421338155516,5.060570213751805
bbh+gpqa+ifeval+math+musr,,1.0,0.175,38,0.0246184356510639,0.943490054249548,5.0545665236884885
bbh+gpqa+ifeval+math+musr,,1.0,0.175,39,0.0246505364775657,0.9489150090415912,5.035951751055972
bbh+gpqa+ifeval+math+musr,,1.0,0.175,40,0.0246319398283958,0.948010849909584,5.047655034658461
bbh+gpqa+ifeval+math+musr,,1.0,0.175,41,0.0246675107628107,0.948010849909584,5.035708958300559
bbh+gpqa+ifeval+math+musr,,1.0,0.175,42,0.0245722662657499,0.9525316455696202,5.082149447841551
bbh+gpqa+ifeval+math+musr,,1.0,0.175,43,0.0246319621801376,0.945750452079566,5.049137644877013
bbh+gpqa+ifeval+math+musr,,1.0,0.175,44,0.0246732253581285,0.9466546112115732,5.03257108853654
bbh+gpqa+ifeval+math+musr,,1.0,0.175,45,0.0246129445731639,0.9493670886075948,5.054522899899973
bbh+gpqa+ifeval+math+musr,,1.0,0.175,46,0.0246328525245189,0.951627486437613,5.045769844299082
bbh+gpqa+ifeval+math+musr,,1.0,0.175,47,0.0245733670890331,0.9489150090415912,5.069665059953214
bbh+gpqa+ifeval+math+musr,,1.0,0.175,48,0.0246181152760982,0.9389692585895116,5.050673465110076
bbh+gpqa+ifeval+math+musr,,1.0,0.175,49,0.024586958810687,0.955244122965642,5.0697899677458516
bbh+gpqa+ifeval+math+musr,,1.0,0.175,50,0.0246081296354532,0.9584086799276672,5.059180482759074
bbh+gpqa+ifeval+math+musr,,1.0,0.175,51,0.0246625673025846,0.9525316455696202,5.036011886624893
bbh+gpqa+ifeval+math+musr,,1.0,0.175,52,0.0246949102729558,0.9489150090415912,5.026853879105696
bbh+gpqa+ifeval+math+musr,,1.0,0.175,53,0.0246242396533489,0.9489150090415912,5.048482997611451
bbh+gpqa+ifeval+math+musr,,1.0,0.175,54,0.0246083475649356,0.955244122965642,5.050971908763077
bbh+gpqa+ifeval+math+musr,,1.0,0.175,55,0.0246133003383874,0.9452983725135624,5.055200951250791
bbh+gpqa+ifeval+math+musr,,1.0,0.175,56,0.0245709735900163,0.943490054249548,5.072583283670671
bbh+gpqa+ifeval+math+musr,,1.0,0.175,57,0.0246586427092552,0.9529837251356238,5.03565128067654
bbh+gpqa+ifeval+math+musr,,1.0,0.175,58,0.0246509090065956,0.9566003616636528,5.04956457609658
bbh+gpqa+ifeval+math+musr,,1.0,0.175,59,0.0246460027992725,0.948010849909584,5.044531748143652
bbh+gpqa+ifeval+math+musr,,1.0,0.175,60,0.0245769154280424,0.9556962025316456,5.071600598686341
bbh+gpqa+ifeval+math+musr,,1.0,0.175,61,0.0246144514530897,0.9534358047016276,5.06266149656182
bbh+gpqa+ifeval+math+musr,,1.0,0.175,62,0.0245869401842355,0.9452983725135624,5.060964237320921
bbh+gpqa+ifeval+math+musr,,1.0,0.175,63,0.0246713124215602,0.950271247739602,5.032848148658705
bbh+gpqa+ifeval+math+musr,,1.0,0.175,64,0.0246035009622573,0.9452983725135624,5.062882249375576
bbh+gpqa+ifeval+math+musr,,1.0,0.175,65,0.0245921947062015,0.9507233273056056,5.060536805079233
bbh+gpqa+ifeval+math+musr,,1.0,0.175,66,0.0245936941355466,0.9421338155515372,5.067872074480524
bbh+gpqa+ifeval+math+musr,,1.0,0.175,67,0.0246221926063299,0.9462025316455696,5.050653235921143
bbh+gpqa+ifeval+math+musr,,1.0,0.175,68,0.0246079601347446,0.9471066907775768,5.052648517516213
bbh+gpqa+ifeval+math+musr,,1.0,0.175,69,0.0245837625116109,0.9534358047016276,5.064208743986345
bbh+gpqa+ifeval+math+musr,,1.0,0.175,70,0.0246410798281431,0.9556962025316456,5.049631186634194
bbh+gpqa+ifeval+math+musr,,1.0,0.175,71,0.0246478896588087,0.9507233273056056,5.044359574100664
bbh+gpqa+ifeval+math+musr,,1.0,0.175,72,0.0246006529778242,0.9448462929475588,5.066178471083616
bbh+gpqa+ifeval+math+musr,,1.0,0.175,73,0.0246077477931976,0.9475587703435804,5.054196355189134
bbh+gpqa+ifeval+math+musr,,1.0,0.175,74,0.0246012490242719,0.9466546112115732,5.062778108742312
bbh+gpqa+ifeval+math+musr,,1.0,0.175,75,0.024695822969079,0.943490054249548,5.025589527699432
bbh+gpqa+ifeval+math+musr,,1.0,0.175,76,0.024582190439105,0.9489150090415912,5.073987209836706
bbh+gpqa+ifeval+math+musr,,1.0,0.175,77,0.0246230326592922,0.9439421338155516,5.048897043183878
bbh+gpqa+ifeval+math+musr,,1.0,0.175,78,0.0246598850935697,0.948010849909584,5.0358808644322375
bbh+gpqa+ifeval+math+musr,,1.0,0.175,79,0.0245954915881156,0.9448462929475588,5.06265778710478
bbh+gpqa+ifeval+math+musr,,1.0,0.175,80,0.0245792847126722,0.9511754068716094,5.069313808758252
bbh+gpqa+ifeval+math+musr,,1.0,0.175,81,0.0246201287955045,0.9529837251356238,5.049242832073247
bbh+gpqa+ifeval+math+musr,,1.0,0.175,82,0.0246012862771749,0.9475587703435804,5.061759068134735
bbh+gpqa+ifeval+math+musr,,1.0,0.175,83,0.0245788488537073,0.9534358047016276,5.071565237826382
bbh+gpqa+ifeval+math+musr,,1.0,0.175,84,0.0246295239776372,0.9543399638336348,5.045169206854726
bbh+gpqa+ifeval+math+musr,,1.0,0.175,85,0.0246227364987134,0.9484629294755876,5.056562979048725
bbh+gpqa+ifeval+math+musr,,1.0,0.175,86,0.0246398653835058,0.943490054249548,5.051506452699636
bbh+gpqa+ifeval+math+musr,,1.0,0.175,87,0.0245805047452449,0.951627486437613,5.07168399834597
bbh+gpqa+ifeval+math+musr,,1.0,0.175,88,0.024637147784233,0.9511754068716094,5.045421395274736
bbh+gpqa+ifeval+math+musr,,1.0,0.175,89,0.0246362499892711,0.9507233273056056,5.045533708353437
bbh+gpqa+ifeval+math+musr,,1.0,0.175,90,0.0246020667254924,0.9511754068716094,5.060769566574811
bbh+gpqa+ifeval+math+musr,,1.0,0.175,91,0.0246124174445867,0.9493670886075948,5.060162439008244
bbh+gpqa+ifeval+math+musr,,1.0,0.175,92,0.0246449392288923,0.950271247739602,5.043364086485053
bbh+gpqa+ifeval+math+musr,,1.0,0.175,93,0.0246216710656881,0.9529837251356238,5.0545579562340714
bbh+gpqa+ifeval+math+musr,,1.0,0.175,94,0.0245577376335859,0.9529837251356238,5.080657867400761
bbh+gpqa+ifeval+math+musr,,1.0,0.175,95,0.0246617533266544,0.9412296564195298,5.036314493728263
bbh+gpqa+ifeval+math+musr,,1.0,0.175,96,0.0246078912168741,0.9525316455696202,5.052088137977693
bbh+gpqa+ifeval+math+musr,,1.0,0.175,97,0.0245523918420076,0.948010849909584,5.079204152835561
bbh+gpqa+ifeval+math+musr,,1.0,0.175,98,0.0246037915349006,0.9511754068716094,5.058112712871916
bbh+gpqa+ifeval+math+musr,,1.0,0.175,99,0.0246092304587364,0.9507233273056056,5.062993541385648
bbh+gpqa+ifeval+math+musr,,1.0,0.2,0,0.0224043745547533,0.9484629294755876,5.180076495914203
bbh+gpqa+ifeval+math+musr,,1.0,0.2,1,0.0223674699664115,0.9439421338155516,5.197537161382806
bbh+gpqa+ifeval+math+musr,,1.0,0.2,2,0.0223957598209381,0.9534358047016276,5.183248152955594
bbh+gpqa+ifeval+math+musr,,1.0,0.2,3,0.0223847590386867,0.9475587703435804,5.1959501415808935
bbh+gpqa+ifeval+math+musr,,1.0,0.2,4,0.0224380381405353,0.9466546112115732,5.1705503158114015
bbh+gpqa+ifeval+math+musr,,1.0,0.2,5,0.022442627698183,0.9556962025316456,5.16417991493061
bbh+gpqa+ifeval+math+musr,,1.0,0.2,6,0.0224326215684413,0.9484629294755876,5.16660441601041
bbh+gpqa+ifeval+math+musr,,1.0,0.2,7,0.022366402670741,0.9534358047016276,5.201184752123202
bbh+gpqa+ifeval+math+musr,,1.0,0.2,8,0.0223767589777708,0.9380650994575044,5.190885353110483
bbh+gpqa+ifeval+math+musr,,1.0,0.2,9,0.0224123783409595,0.9525316455696202,5.168878766134009
bbh+gpqa+ifeval+math+musr,,1.0,0.2,10,0.0223740004003047,0.9484629294755876,5.192613894561102
bbh+gpqa+ifeval+math+musr,,1.0,0.2,11,0.0224227886646986,0.9529837251356238,5.169488163389923
bbh+gpqa+ifeval+math+musr,,1.0,0.2,12,0.0224459897726774,0.9602169981916816,5.160501845083396
bbh+gpqa+ifeval+math+musr,,1.0,0.2,13,0.022415330633521,0.9547920433996384,5.180953588343458
bbh+gpqa+ifeval+math+musr,,1.0,0.2,14,0.0223580058664083,0.9507233273056056,5.196587442839774
bbh+gpqa+ifeval+math+musr,,1.0,0.2,15,0.0224140919744968,0.9484629294755876,5.171545466104891
bbh+gpqa+ifeval+math+musr,,1.0,0.2,16,0.0224005542695522,0.9511754068716094,5.18327308090209
bbh+gpqa+ifeval+math+musr,,1.0,0.2,17,0.0224156696349382,0.9511754068716094,5.177008780746684
bbh+gpqa+ifeval+math+musr,,1.0,0.2,18,0.0224254932254552,0.951627486437613,5.1660421369940766
bbh+gpqa+ifeval+math+musr,,1.0,0.2,19,0.0224238578230142,0.9561482820976492,5.173122091885374
bbh+gpqa+ifeval+math+musr,,1.0,0.2,20,0.0223871283233165,0.950271247739602,5.192266376557265
bbh+gpqa+ifeval+math+musr,,1.0,0.2,21,0.0223840437829494,0.9566003616636528,5.190233707171239
bbh+gpqa+ifeval+math+musr,,1.0,0.2,22,0.0224326867610216,0.950271247739602,5.1681077751663125
bbh+gpqa+ifeval+math+musr,,1.0,0.2,23,0.0223949570208787,0.948010849909584,5.189529598386831
bbh+gpqa+ifeval+math+musr,,1.0,0.2,24,0.0224366802722215,0.9547920433996384,5.16707885769153
bbh+gpqa+ifeval+math+musr,,1.0,0.2,25,0.0224003139883279,0.953887884267631,5.180768290943277
bbh+gpqa+ifeval+math+musr,,1.0,0.2,26,0.0224167313426733,0.9498191681735986,5.1726791305703514
bbh+gpqa+ifeval+math+musr,,1.0,0.2,27,0.0224041081964969,0.9466546112115732,5.176500623803007
bbh+gpqa+ifeval+math+musr,,1.0,0.2,28,0.0223988611251115,0.948010849909584,5.180725658506198
bbh+gpqa+ifeval+math+musr,,1.0,0.2,29,0.0223771501332521,0.9462025316455696,5.19198443340016
bbh+gpqa+ifeval+math+musr,,1.0,0.2,30,0.0224114544689655,0.945750452079566,5.174500442801881
bbh+gpqa+ifeval+math+musr,,1.0,0.2,31,0.0223835855722427,0.9584086799276672,5.190825382106201
bbh+gpqa+ifeval+math+musr,,1.0,0.2,32,0.0224325619637966,0.9507233273056056,5.166806265635267
bbh+gpqa+ifeval+math+musr,,1.0,0.2,33,0.022416977211833,0.9520795660036168,5.167703326685351
bbh+gpqa+ifeval+math+musr,,1.0,0.2,34,0.0223841518163681,0.940777576853526,5.1917412719387
bbh+gpqa+ifeval+math+musr,,1.0,0.2,35,0.022410862147808,0.9475587703435804,5.175124886996097
bbh+gpqa+ifeval+math+musr,,1.0,0.2,36,0.0223869793117046,0.9462025316455696,5.190508767075033
bbh+gpqa+ifeval+math+musr,,1.0,0.2,37,0.0223913192749023,0.945750452079566,5.192403244547252
bbh+gpqa+ifeval+math+musr,,1.0,0.2,38,0.0224011018872261,0.9475587703435804,5.179575720380359
bbh+gpqa+ifeval+math+musr,,1.0,0.2,39,0.0224254541099071,0.950271247739602,5.163001531519066
bbh+gpqa+ifeval+math+musr,,1.0,0.2,40,0.0224108360707759,0.9475587703435804,5.176238158992093
bbh+gpqa+ifeval+math+musr,,1.0,0.2,41,0.022436000406742,0.9529837251356238,5.16564913177446
bbh+gpqa+ifeval+math+musr,,1.0,0.2,42,0.0223607011139392,0.9507233273056056,5.208767106189059
bbh+gpqa+ifeval+math+musr,,1.0,0.2,43,0.0224042795598506,0.9452983725135624,5.180240768588403
bbh+gpqa+ifeval+math+musr,,1.0,0.2,44,0.0224495194852352,0.9439421338155516,5.15887092103403
bbh+gpqa+ifeval+math+musr,,1.0,0.2,45,0.0223936289548873,0.9520795660036168,5.182587853734336
bbh+gpqa+ifeval+math+musr,,1.0,0.2,46,0.0224061086773872,0.948010849909584,5.176176990045593
bbh+gpqa+ifeval+math+musr,,1.0,0.2,47,0.0223619900643825,0.9525316455696202,5.1953631434575245
bbh+gpqa+ifeval+math+musr,,1.0,0.2,48,0.0223997142165899,0.9452983725135624,5.1791031833895
bbh+gpqa+ifeval+math+musr,,1.0,0.2,49,0.0223711654543876,0.9493670886075948,5.196113938991709
bbh+gpqa+ifeval+math+musr,,1.0,0.2,50,0.0223856307566165,0.9556962025316456,5.189469782472133
bbh+gpqa+ifeval+math+musr,,1.0,0.2,51,0.0224358346313238,0.9534358047016276,5.164226607910516
bbh+gpqa+ifeval+math+musr,,1.0,0.2,52,0.0224594622850418,0.9452983725135624,5.159337980409618
bbh+gpqa+ifeval+math+musr,,1.0,0.2,53,0.0224016923457384,0.9493670886075948,5.177197923726851
bbh+gpqa+ifeval+math+musr,,1.0,0.2,54,0.0223935507237911,0.9584086799276672,5.176652699004007
bbh+gpqa+ifeval+math+musr,,1.0,0.2,55,0.0223943851888179,0.9452983725135624,5.1841738643742055
bbh+gpqa+ifeval+math+musr,,1.0,0.2,56,0.0223593134433031,0.9443942133815552,5.198529081075331
bbh+gpqa+ifeval+math+musr,,1.0,0.2,57,0.0224325470626354,0.9525316455696202,5.166107268089205
bbh+gpqa+ifeval+math+musr,,1.0,0.2,58,0.022428834810853,0.9579566003616636,5.174060017629528
bbh+gpqa+ifeval+math+musr,,1.0,0.2,59,0.0224256366491317,0.9471066907775768,5.170430772804175
bbh+gpqa+ifeval+math+musr,,1.0,0.2,60,0.0223622135818004,0.9561482820976492,5.201173769771527
bbh+gpqa+ifeval+math+musr,,1.0,0.2,61,0.0223960261791944,0.9561482820976492,5.189336498936199
bbh+gpqa+ifeval+math+musr,,1.0,0.2,62,0.0223713759332895,0.9489150090415912,5.188274871102663
bbh+gpqa+ifeval+math+musr,,1.0,0.2,63,0.0224433336406946,0.9498191681735986,5.162249098571116
bbh+gpqa+ifeval+math+musr,,1.0,0.2,64,0.0223866552114486,0.9493670886075948,5.1899508772456935
bbh+gpqa+ifeval+math+musr,,1.0,0.2,65,0.0223713014274835,0.9534358047016276,5.18820170903412
bbh+gpqa+ifeval+math+musr,,1.0,0.2,66,0.0223796386271715,0.9394213381555152,5.193937895409425
bbh+gpqa+ifeval+math+musr,,1.0,0.2,67,0.0224006064236164,0.9507233273056056,5.180452848938374
bbh+gpqa+ifeval+math+musr,,1.0,0.2,68,0.0223841108381748,0.9448462929475588,5.183027002253892
bbh+gpqa+ifeval+math+musr,,1.0,0.2,69,0.0223729200661182,0.9529837251356238,5.191900465090938
bbh+gpqa+ifeval+math+musr,,1.0,0.2,70,0.0224086977541446,0.9529837251356238,5.181878223003113
bbh+gpqa+ifeval+math+musr,,1.0,0.2,71,0.0224190428853034,0.9547920433996384,5.174127246352177
bbh+gpqa+ifeval+math+musr,,1.0,0.2,72,0.0223776418715715,0.948010849909584,5.195486373014248
bbh+gpqa+ifeval+math+musr,,1.0,0.2,73,0.0223845653235912,0.9462025316455696,5.183591741453388
bbh+gpqa+ifeval+math+musr,,1.0,0.2,74,0.0223833844065666,0.9462025316455696,5.187747627454323
bbh+gpqa+ifeval+math+musr,,1.0,0.2,75,0.0224644429981708,0.9421338155515372,5.15308196289391
bbh+gpqa+ifeval+math+musr,,1.0,0.2,76,0.0223668366670608,0.953887884267631,5.199451517480225
bbh+gpqa+ifeval+math+musr,,1.0,0.2,77,0.0224025510251522,0.945750452079566,5.177909676074005
bbh+gpqa+ifeval+math+musr,,1.0,0.2,78,0.022433865815401,0.9498191681735986,5.164257561338285
bbh+gpqa+ifeval+math+musr,,1.0,0.2,79,0.0223789662122726,0.9394213381555152,5.190035137836007
bbh+gpqa+ifeval+math+musr,,1.0,0.2,80,0.0223641749471426,0.948010849909584,5.197250443035748
bbh+gpqa+ifeval+math+musr,,1.0,0.2,81,0.0224030446261167,0.9507233273056056,5.175034748414126
bbh+gpqa+ifeval+math+musr,,1.0,0.2,82,0.022384351119399,0.948010849909584,5.189580870644434
bbh+gpqa+ifeval+math+musr,,1.0,0.2,83,0.0223670788109302,0.9520795660036168,5.196826661118446
bbh+gpqa+ifeval+math+musr,,1.0,0.2,84,0.0224088449031114,0.9475587703435804,5.173394358804937
bbh+gpqa+ifeval+math+musr,,1.0,0.2,85,0.0224076490849256,0.9448462929475588,5.179813458725705
bbh+gpqa+ifeval+math+musr,,1.0,0.2,86,0.022419748827815,0.9471066907775768,5.177062120097755
bbh+gpqa+ifeval+math+musr,,1.0,0.2,87,0.0223608203232288,0.9498191681735986,5.200561273248723
bbh+gpqa+ifeval+math+musr,,1.0,0.2,88,0.0224129017442464,0.9556962025316456,5.175842191847771
bbh+gpqa+ifeval+math+musr,,1.0,0.2,89,0.0224139094352722,0.9498191681735986,5.171325818102117
bbh+gpqa+ifeval+math+musr,,1.0,0.2,90,0.0223862789571285,0.9561482820976492,5.188680264472226
bbh+gpqa+ifeval+math+musr,,1.0,0.2,91,0.0223921872675418,0.9511754068716094,5.190061511471218
bbh+gpqa+ifeval+math+musr,,1.0,0.2,92,0.0224157106131315,0.953887884267631,5.173408026371324
bbh+gpqa+ifeval+math+musr,,1.0,0.2,93,0.0224066115915775,0.9566003616636528,5.179597659810166
bbh+gpqa+ifeval+math+musr,,1.0,0.2,94,0.0223445389419794,0.9561482820976492,5.20737809388812
bbh+gpqa+ifeval+math+musr,,1.0,0.2,95,0.0224321968853473,0.9462025316455696,5.164394993285034
bbh+gpqa+ifeval+math+musr,,1.0,0.2,96,0.022389942780137,0.9543399638336348,5.175988394796617
bbh+gpqa+ifeval+math+musr,,1.0,0.2,97,0.0223418958485126,0.9462025316455696,5.203592132784926
bbh+gpqa+ifeval+math+musr,,1.0,0.2,98,0.0223792847245931,0.9525316455696202,5.185510595748534
bbh+gpqa+ifeval+math+musr,,1.0,0.2,99,0.0223842337727546,0.9520795660036168,5.193037379594982
bbh+gpqa+ifeval+math+musr,,1.0,0.225,0,0.0205790475010871,0.9493670886075948,5.282794702167133
bbh+gpqa+ifeval+math+musr,,1.0,0.225,1,0.0205443650484085,0.9425858951175408,5.3048753488284905
bbh+gpqa+ifeval+math+musr,,1.0,0.225,2,0.0205722413957119,0.9566003616636528,5.287712291911788
bbh+gpqa+ifeval+math+musr,,1.0,0.225,3,0.020559711381793,0.9452983725135624,5.299412088003207
bbh+gpqa+ifeval+math+musr,,1.0,0.225,4,0.0206036753952503,0.9475587703435804,5.277268245520518
bbh+gpqa+ifeval+math+musr,,1.0,0.225,5,0.020613145083189,0.945750452079566,5.2679000132827
bbh+gpqa+ifeval+math+musr,,1.0,0.225,6,0.0206080507487058,0.9475587703435804,5.270916486596962
bbh+gpqa+ifeval+math+musr,,1.0,0.225,7,0.0205435771495103,0.959764918625678,5.307206252454044
bbh+gpqa+ifeval+math+musr,,1.0,0.225,8,0.020551523193717,0.9416817359855334,5.29521330372027
bbh+gpqa+ifeval+math+musr,,1.0,0.225,9,0.0205794535577297,0.950271247739602,5.278899806657954
bbh+gpqa+ifeval+math+musr,,1.0,0.225,10,0.0205499567091465,0.950271247739602,5.299492968247302
bbh+gpqa+ifeval+math+musr,,1.0,0.225,11,0.0205889157950878,0.9498191681735986,5.2777675629135
bbh+gpqa+ifeval+math+musr,,1.0,0.225,12,0.0206123143434524,0.9606690777576852,5.26705119743166
bbh+gpqa+ifeval+math+musr,,1.0,0.225,13,0.0205831341445446,0.9507233273056056,5.287119878091308
bbh+gpqa+ifeval+math+musr,,1.0,0.225,14,0.0205351058393716,0.9489150090415912,5.303020075134266
bbh+gpqa+ifeval+math+musr,,1.0,0.225,15,0.0205801054835319,0.9498191681735986,5.281926231597015
bbh+gpqa+ifeval+math+musr,,1.0,0.225,16,0.0205742698162794,0.948010849909584,5.290460562778959
bbh+gpqa+ifeval+math+musr,,1.0,0.225,17,0.0205878838896751,0.9498191681735986,5.284270486119698
bbh+gpqa+ifeval+math+musr,,1.0,0.225,18,0.0205923840403556,0.9498191681735986,5.275735607366342
bbh+gpqa+ifeval+math+musr,,1.0,0.225,19,0.0205972678959369,0.9606690777576852,5.2775709193355995
bbh+gpqa+ifeval+math+musr,,1.0,0.225,20,0.0205661915242671,0.9475587703435804,5.293598908850611
bbh+gpqa+ifeval+math+musr,,1.0,0.225,21,0.0205619111657142,0.9525316455696202,5.294300560658336
bbh+gpqa+ifeval+math+musr,,1.0,0.225,22,0.0206012930721044,0.953887884267631,5.275655006944482
bbh+gpqa+ifeval+math+musr,,1.0,0.225,23,0.0205656662583351,0.9529837251356238,5.296687107709451
bbh+gpqa+ifeval+math+musr,,1.0,0.225,24,0.0206028670072555,0.9507233273056056,5.276111497544785
bbh+gpqa+ifeval+math+musr,,1.0,0.225,25,0.0205772127956151,0.9566003616636528,5.2876809143141426
bbh+gpqa+ifeval+math+musr,,1.0,0.225,26,0.0205951482057571,0.9471066907775768,5.274066975939959
bbh+gpqa+ifeval+math+musr,,1.0,0.225,27,0.0205787848681211,0.9484629294755876,5.281675550946061
bbh+gpqa+ifeval+math+musr,,1.0,0.225,28,0.0205667745321989,0.951627486437613,5.289404733573525
bbh+gpqa+ifeval+math+musr,,1.0,0.225,29,0.0205591935664415,0.9507233273056056,5.293219554890117
bbh+gpqa+ifeval+math+musr,,1.0,0.225,30,0.0205810088664293,0.943490054249548,5.283548472563662
bbh+gpqa+ifeval+math+musr,,1.0,0.225,31,0.0205568745732307,0.9566003616636528,5.296879318414776
bbh+gpqa+ifeval+math+musr,,1.0,0.225,32,0.020601462572813,0.955244122965642,5.274374595077614
bbh+gpqa+ifeval+math+musr,,1.0,0.225,33,0.0205839872360229,0.951627486437613,5.277225725325859
bbh+gpqa+ifeval+math+musr,,1.0,0.225,34,0.0205547586083412,0.9466546112115732,5.298920258686161
bbh+gpqa+ifeval+math+musr,,1.0,0.225,35,0.0205801464617252,0.945750452079566,5.282485967576102
bbh+gpqa+ifeval+math+musr,,1.0,0.225,36,0.020557964220643,0.951627486437613,5.2954237512379185
bbh+gpqa+ifeval+math+musr,,1.0,0.225,37,0.0205656886100769,0.9489150090415912,5.296156999373726
bbh+gpqa+ifeval+math+musr,,1.0,0.225,38,0.0205790549516677,0.9462025316455696,5.28339336346889
bbh+gpqa+ifeval+math+musr,,1.0,0.225,39,0.020600227639079,0.9475587703435804,5.268496526881971
bbh+gpqa+ifeval+math+musr,,1.0,0.225,40,0.0205812714993953,0.9484629294755876,5.283007572365254
bbh+gpqa+ifeval+math+musr,,1.0,0.225,41,0.0206072274595499,0.9507233273056056,5.270115818843295
bbh+gpqa+ifeval+math+musr,,1.0,0.225,42,0.0205395445227623,0.9534358047016276,5.312079127642563
bbh+gpqa+ifeval+math+musr,,1.0,0.225,43,0.0205771587789058,0.943490054249548,5.287510517648178
bbh+gpqa+ifeval+math+musr,,1.0,0.225,44,0.0206194501370191,0.948010849909584,5.265176311969292
bbh+gpqa+ifeval+math+musr,,1.0,0.225,45,0.0205667056143283,0.9493670886075948,5.28917107423634
bbh+gpqa+ifeval+math+musr,,1.0,0.225,46,0.0205768458545207,0.9489150090415912,5.283529897738161
bbh+gpqa+ifeval+math+musr,,1.0,0.225,47,0.0205381233245134,0.9439421338155516,5.3028494129575
bbh+gpqa+ifeval+math+musr,,1.0,0.225,48,0.0205724481493234,0.9466546112115732,5.284861501036688
bbh+gpqa+ifeval+math+musr,,1.0,0.225,49,0.0205439403653144,0.9462025316455696,5.301920098515503
bbh+gpqa+ifeval+math+musr,,1.0,0.225,50,0.0205604974180459,0.9624773960216998,5.295303837754916
bbh+gpqa+ifeval+math+musr,,1.0,0.225,51,0.0206041820347309,0.9520795660036168,5.270300700581937
bbh+gpqa+ifeval+math+musr,,1.0,0.225,52,0.0206200908869504,0.9466546112115732,5.268602976318214
bbh+gpqa+ifeval+math+musr,,1.0,0.225,53,0.0205732583999633,0.9507233273056056,5.28569989380787
bbh+gpqa+ifeval+math+musr,,1.0,0.225,54,0.0205650944262743,0.9529837251356238,5.284958942367941
bbh+gpqa+ifeval+math+musr,,1.0,0.225,55,0.0205664541572332,0.948010849909584,5.2912410256848466
bbh+gpqa+ifeval+math+musr,,1.0,0.225,56,0.0205412469804286,0.9448462929475588,5.301434680227253
bbh+gpqa+ifeval+math+musr,,1.0,0.225,57,0.0206013899296522,0.9529837251356238,5.273804656086566
bbh+gpqa+ifeval+math+musr,,1.0,0.225,58,0.0206054877489805,0.9588607594936708,5.27708085303231
bbh+gpqa+ifeval+math+musr,,1.0,0.225,59,0.0205984357744455,0.951627486437613,5.275820923488986
bbh+gpqa+ifeval+math+musr,,1.0,0.225,60,0.0205382611602544,0.953887884267631,5.308699310822788
bbh+gpqa+ifeval+math+musr,,1.0,0.225,61,0.0205686427652835,0.9556962025316456,5.294699975060661
bbh+gpqa+ifeval+math+musr,,1.0,0.225,62,0.0205498859286308,0.9484629294755876,5.2935651447925265
bbh+gpqa+ifeval+math+musr,,1.0,0.225,63,0.0206083133816719,0.943490054249548,5.271070990700783
bbh+gpqa+ifeval+math+musr,,1.0,0.225,64,0.0205626655369997,0.9507233273056056,5.296481821221894
bbh+gpqa+ifeval+math+musr,,1.0,0.225,65,0.0205473955720663,0.959764918625678,5.296087505026853
bbh+gpqa+ifeval+math+musr,,1.0,0.225,66,0.0205522459000349,0.9430379746835442,5.298085509186563
bbh+gpqa+ifeval+math+musr,,1.0,0.225,67,0.0205763466656208,0.9443942133815552,5.283976865990023
bbh+gpqa+ifeval+math+musr,,1.0,0.225,68,0.0205599535256624,0.9466546112115732,5.290087390867983
bbh+gpqa+ifeval+math+musr,,1.0,0.225,69,0.0205487497150897,0.9484629294755876,5.296982427515035
bbh+gpqa+ifeval+math+musr,,1.0,0.225,70,0.02058189176023,0.9579566003616636,5.286658625098652
bbh+gpqa+ifeval+math+musr,,1.0,0.225,71,0.0205900501459836,0.953887884267631,5.281837112440286
bbh+gpqa+ifeval+math+musr,,1.0,0.225,72,0.0205499436706304,0.953887884267631,5.304174683141996
bbh+gpqa+ifeval+math+musr,,1.0,0.225,73,0.0205610189586877,0.9425858951175408,5.28991753162723
bbh+gpqa+ifeval+math+musr,,1.0,0.225,74,0.0205604434013366,0.945750452079566,5.2933780579783685
bbh+gpqa+ifeval+math+musr,,1.0,0.225,75,0.0206335633993148,0.9452983725135624,5.257033024085031
bbh+gpqa+ifeval+math+musr,,1.0,0.225,76,0.0205391999334096,0.9498191681735986,5.305172313596915
bbh+gpqa+ifeval+math+musr,,1.0,0.225,77,0.0205731634050607,0.9466546112115732,5.288018648535579
bbh+gpqa+ifeval+math+musr,,1.0,0.225,78,0.0206003077328205,0.955244122965642,5.269152080533895
bbh+gpqa+ifeval+math+musr,,1.0,0.225,79,0.0205538626760244,0.9448462929475588,5.298431807615619
bbh+gpqa+ifeval+math+musr,,1.0,0.225,80,0.0205423310399055,0.951627486437613,5.30137703947905
bbh+gpqa+ifeval+math+musr,,1.0,0.225,81,0.0205731932073831,0.9484629294755876,5.283344907641366
bbh+gpqa+ifeval+math+musr,,1.0,0.225,82,0.0205614250153303,0.9529837251356238,5.295063705582376
bbh+gpqa+ifeval+math+musr,,1.0,0.225,83,0.0205439943820238,0.9493670886075948,5.302683054439536
bbh+gpqa+ifeval+math+musr,,1.0,0.225,84,0.0205789525061845,0.948010849909584,5.277567307895651
bbh+gpqa+ifeval+math+musr,,1.0,0.225,85,0.0205772090703248,0.9484629294755876,5.287144983027309
bbh+gpqa+ifeval+math+musr,,1.0,0.225,86,0.0205862205475568,0.9448462929475588,5.284782485682549
bbh+gpqa+ifeval+math+musr,,1.0,0.225,87,0.0205396376550197,0.9511754068716094,5.3051826426727295
bbh+gpqa+ifeval+math+musr,,1.0,0.225,88,0.0205808077007532,0.955244122965642,5.284350778561708
bbh+gpqa+ifeval+math+musr,,1.0,0.225,89,0.020586809143424,0.9489150090415912,5.276538068928936
bbh+gpqa+ifeval+math+musr,,1.0,0.225,90,0.0205556657165288,0.9584086799276672,5.2978468935550955
bbh+gpqa+ifeval+math+musr,,1.0,0.225,91,0.0205658115446567,0.9498191681735986,5.295565115175718
bbh+gpqa+ifeval+math+musr,,1.0,0.225,92,0.0205882657319307,0.951627486437613,5.279789558626753
bbh+gpqa+ifeval+math+musr,,1.0,0.225,93,0.0205782204866409,0.9507233273056056,5.2865361965781315
bbh+gpqa+ifeval+math+musr,,1.0,0.225,94,0.0205253474414348,0.953887884267631,5.31254645518967
bbh+gpqa+ifeval+math+musr,,1.0,0.225,95,0.0205994322896003,0.940777576853526,5.271533016406926
bbh+gpqa+ifeval+math+musr,,1.0,0.225,96,0.0205642655491828,0.953887884267631,5.283148774073056
bbh+gpqa+ifeval+math+musr,,1.0,0.225,97,0.0205276068300008,0.951627486437613,5.306873571915483
bbh+gpqa+ifeval+math+musr,,1.0,0.225,98,0.0205528624355793,0.9498191681735986,5.290494353068143
bbh+gpqa+ifeval+math+musr,,1.0,0.225,99,0.0205576140433549,0.9511754068716094,5.301342082555849
bbh+gpqa+ifeval+math+musr,,1.0,0.25,0,0.0190556533634662,0.9466546112115732,5.368496681341939
bbh+gpqa+ifeval+math+musr,,1.0,0.25,1,0.0190231949090957,0.9475587703435804,5.388414188642937
bbh+gpqa+ifeval+math+musr,,1.0,0.25,2,0.0190445631742477,0.9534358047016276,5.373792321201739
bbh+gpqa+ifeval+math+musr,,1.0,0.25,3,0.0190346837043762,0.9466546112115732,5.38613939526741
bbh+gpqa+ifeval+math+musr,,1.0,0.25,4,0.0190724488347768,0.9475587703435804,5.36524848559179
bbh+gpqa+ifeval+math+musr,,1.0,0.25,5,0.0190825592726469,0.9471066907775768,5.355274760925783
bbh+gpqa+ifeval+math+musr,,1.0,0.25,6,0.0190802607685327,0.9543399638336348,5.357007028841258
bbh+gpqa+ifeval+math+musr,,1.0,0.25,7,0.0190196968615055,0.95750452079566,5.39166613372194
bbh+gpqa+ifeval+math+musr,,1.0,0.25,8,0.0190306454896926,0.9421338155515372,5.380643510263887
bbh+gpqa+ifeval+math+musr,,1.0,0.25,9,0.0190546792000532,0.9484629294755876,5.36565583449954
bbh+gpqa+ifeval+math+musr,,1.0,0.25,10,0.0190285947173833,0.9511754068716094,5.38425069074456
bbh+gpqa+ifeval+math+musr,,1.0,0.25,11,0.0190639812499284,0.9489150090415912,5.3608660869583495
bbh+gpqa+ifeval+math+musr,,1.0,0.25,12,0.0190831888467073,0.9615732368896924,5.353391942222547
bbh+gpqa+ifeval+math+musr,,1.0,0.25,13,0.0190573446452617,0.9529837251356238,5.373259840150687
bbh+gpqa+ifeval+math+musr,,1.0,0.25,14,0.0190136190503835,0.9534358047016276,5.390345367006039
bbh+gpqa+ifeval+math+musr,,1.0,0.25,15,0.0190578587353229,0.945750452079566,5.366320517656198
bbh+gpqa+ifeval+math+musr,,1.0,0.25,16,0.019045814871788,0.9452983725135624,5.378080813143855
bbh+gpqa+ifeval+math+musr,,1.0,0.25,17,0.019058546051383,0.951627486437613,5.370484027223226
bbh+gpqa+ifeval+math+musr,,1.0,0.25,18,0.0190618615597486,0.9462025316455696,5.361183232234124
bbh+gpqa+ifeval+math+musr,,1.0,0.25,19,0.0190697498619556,0.9534358047016276,5.362952031139824
bbh+gpqa+ifeval+math+musr,,1.0,0.25,20,0.0190367326140403,0.9466546112115732,5.381238840010284
bbh+gpqa+ifeval+math+musr,,1.0,0.25,21,0.0190340261906385,0.9493670886075948,5.381629571114478
bbh+gpqa+ifeval+math+musr,,1.0,0.25,22,0.0190710574388504,0.9547920433996384,5.363939271127182
bbh+gpqa+ifeval+math+musr,,1.0,0.25,23,0.0190433803945779,0.951627486437613,5.381853661492304
bbh+gpqa+ifeval+math+musr,,1.0,0.25,24,0.0190718080848455,0.953887884267631,5.365529368781373
bbh+gpqa+ifeval+math+musr,,1.0,0.25,25,0.0190522707998752,0.9566003616636528,5.373686039519412
bbh+gpqa+ifeval+math+musr,,1.0,0.25,26,0.019066609442234,0.9484629294755876,5.360615034367929
bbh+gpqa+ifeval+math+musr,,1.0,0.25,27,0.0190535504370927,0.951627486437613,5.369430786909636
bbh+gpqa+ifeval+math+musr,,1.0,0.25,28,0.0190452877432107,0.9498191681735986,5.373540325163526
bbh+gpqa+ifeval+math+musr,,1.0,0.25,29,0.0190375540405511,0.943490054249548,5.377436925105103
bbh+gpqa+ifeval+math+musr,,1.0,0.25,30,0.0190542750060558,0.9371609403254972,5.370576396071249
bbh+gpqa+ifeval+math+musr,,1.0,0.25,31,0.0190317425876855,0.9520795660036168,5.382923847947666
bbh+gpqa+ifeval+math+musr,,1.0,0.25,32,0.0190726947039365,0.9511754068716094,5.358661557952827
bbh+gpqa+ifeval+math+musr,,1.0,0.25,33,0.0190585386008024,0.9498191681735986,5.363279232313669
bbh+gpqa+ifeval+math+musr,,1.0,0.25,34,0.0190311074256896,0.9443942133815552,5.385231734535934
bbh+gpqa+ifeval+math+musr,,1.0,0.25,35,0.0190502889454364,0.950271247739602,5.370833507020311
bbh+gpqa+ifeval+math+musr,,1.0,0.25,36,0.0190359819680452,0.9584086799276672,5.379896474158212
bbh+gpqa+ifeval+math+musr,,1.0,0.25,37,0.0190437100827693,0.950271247739602,5.380754307723057
bbh+gpqa+ifeval+math+musr,,1.0,0.25,38,0.01905401609838,0.945750452079566,5.370569203552071
bbh+gpqa+ifeval+math+musr,,1.0,0.25,39,0.019069829955697,0.9466546112115732,5.35582127057025
bbh+gpqa+ifeval+math+musr,,1.0,0.25,40,0.0190535858273506,0.950271247739602,5.370537183370596
bbh+gpqa+ifeval+math+musr,,1.0,0.25,41,0.019075907766819,0.9493670886075948,5.3577542227144646
bbh+gpqa+ifeval+math+musr,,1.0,0.25,42,0.0190159566700458,0.955244122965642,5.397676212432429
bbh+gpqa+ifeval+math+musr,,1.0,0.25,43,0.0190501790493726,0.939873417721519,5.375299611385697
bbh+gpqa+ifeval+math+musr,,1.0,0.25,44,0.0190926678478717,0.9507233273056056,5.347626414018845
bbh+gpqa+ifeval+math+musr,,1.0,0.25,45,0.0190398786216974,0.9493670886075948,5.375142265742209
bbh+gpqa+ifeval+math+musr,,1.0,0.25,46,0.019049784168601,0.9471066907775768,5.372917547556167
bbh+gpqa+ifeval+math+musr,,1.0,0.25,47,0.0190136861056089,0.9493670886075948,5.392347239368436
bbh+gpqa+ifeval+math+musr,,1.0,0.25,48,0.0190518572926521,0.9448462929475588,5.37006800696986
bbh+gpqa+ifeval+math+musr,,1.0,0.25,49,0.0190196428447961,0.9448462929475588,5.386816949564137
bbh+gpqa+ifeval+math+musr,,1.0,0.25,50,0.0190330799669027,0.9638336347197106,5.381528987463691
bbh+gpqa+ifeval+math+musr,,1.0,0.25,51,0.0190776083618402,0.9534358047016276,5.356274827971496
bbh+gpqa+ifeval+math+musr,,1.0,0.25,52,0.0190926119685173,0.9421338155515372,5.351670608513
bbh+gpqa+ifeval+math+musr,,1.0,0.25,53,0.0190510116517543,0.9466546112115732,5.371392195301679
bbh+gpqa+ifeval+math+musr,,1.0,0.25,54,0.0190385729074478,0.9556962025316456,5.372784100427728
bbh+gpqa+ifeval+math+musr,,1.0,0.25,55,0.0190412197262048,0.9498191681735986,5.376551528044712
bbh+gpqa+ifeval+math+musr,,1.0,0.25,56,0.0190180279314517,0.9525316455696202,5.388760345875962
bbh+gpqa+ifeval+math+musr,,1.0,0.25,57,0.0190756190568208,0.9534358047016276,5.358874776792475
bbh+gpqa+ifeval+math+musr,,1.0,0.25,58,0.0190780237317085,0.961121157323689,5.360828355286392
bbh+gpqa+ifeval+math+musr,,1.0,0.25,59,0.0190674774348735,0.9466546112115732,5.362730913807901
bbh+gpqa+ifeval+math+musr,,1.0,0.25,60,0.0190128181129694,0.950271247739602,5.39446593824311
bbh+gpqa+ifeval+math+musr,,1.0,0.25,61,0.0190438870340585,0.9570524412296564,5.382963271328761
bbh+gpqa+ifeval+math+musr,,1.0,0.25,62,0.0190276484936475,0.951627486437613,5.379842555776108
bbh+gpqa+ifeval+math+musr,,1.0,0.25,63,0.0190795809030532,0.9462025316455696,5.3563512365048815
bbh+gpqa+ifeval+math+musr,,1.0,0.25,64,0.0190358180552721,0.9439421338155516,5.382796531649903
bbh+gpqa+ifeval+math+musr,,1.0,0.25,65,0.019026068970561,0.9498191681735986,5.380094561158691
bbh+gpqa+ifeval+math+musr,,1.0,0.25,66,0.0190304722636938,0.9380650994575044,5.381174666246168
bbh+gpqa+ifeval+math+musr,,1.0,0.25,67,0.0190479885786771,0.950271247739602,5.372459016438405
bbh+gpqa+ifeval+math+musr,,1.0,0.25,68,0.0190370082855224,0.9416817359855334,5.37540572904842
bbh+gpqa+ifeval+math+musr,,1.0,0.25,69,0.01902905292809,0.9507233273056056,5.380067386909919
bbh+gpqa+ifeval+math+musr,,1.0,0.25,70,0.0190559644252061,0.9520795660036168,5.3727530690512655
bbh+gpqa+ifeval+math+musr,,1.0,0.25,71,0.0190637335181236,0.9570524412296564,5.366862686153479
bbh+gpqa+ifeval+math+musr,,1.0,0.25,72,0.0190248787403106,0.9529837251356238,5.391589842812613
bbh+gpqa+ifeval+math+musr,,1.0,0.25,73,0.0190393012017011,0.9403254972875226,5.374687152734343
bbh+gpqa+ifeval+math+musr,,1.0,0.25,74,0.0190348364412784,0.948010849909584,5.380686570320711
bbh+gpqa+ifeval+math+musr,,1.0,0.25,75,0.0191019903868436,0.9452983725135624,5.341704804540989
bbh+gpqa+ifeval+math+musr,,1.0,0.25,76,0.0190221685916185,0.9543399638336348,5.388331921589092
bbh+gpqa+ifeval+math+musr,,1.0,0.25,77,0.0190494414418935,0.9507233273056056,5.373038353643955
bbh+gpqa+ifeval+math+musr,,1.0,0.25,78,0.0190735720098018,0.9529837251356238,5.354595799333737
bbh+gpqa+ifeval+math+musr,,1.0,0.25,79,0.0190340187400579,0.943490054249548,5.381869883589372
bbh+gpqa+ifeval+math+musr,,1.0,0.25,80,0.019019266590476,0.9507233273056056,5.388610432084793
bbh+gpqa+ifeval+math+musr,,1.0,0.25,81,0.0190454199910163,0.9452983725135624,5.3715143745914435
bbh+gpqa+ifeval+math+musr,,1.0,0.25,82,0.0190353970974683,0.95750452079566,5.382531524703136
bbh+gpqa+ifeval+math+musr,,1.0,0.25,83,0.0190232209861278,0.9543399638336348,5.387071228225015
bbh+gpqa+ifeval+math+musr,,1.0,0.25,84,0.0190471354871988,0.9520795660036168,5.3683796060418505
bbh+gpqa+ifeval+math+musr,,1.0,0.25,85,0.0190565381199121,0.950271247739602,5.372222060456873
bbh+gpqa+ifeval+math+musr,,1.0,0.25,86,0.0190613586455583,0.9448462929475588,5.36971713113539
bbh+gpqa+ifeval+math+musr,,1.0,0.25,87,0.0190170221030712,0.9466546112115732,5.391012238615103
bbh+gpqa+ifeval+math+musr,,1.0,0.25,88,0.0190528724342584,0.9525316455696202,5.370488056865527
bbh+gpqa+ifeval+math+musr,,1.0,0.25,89,0.0190598741173744,0.9489150090415912,5.363028252824167
bbh+gpqa+ifeval+math+musr,,1.0,0.25,90,0.0190326143056154,0.955244122965642,5.382762267374708
bbh+gpqa+ifeval+math+musr,,1.0,0.25,91,0.0190450102090835,0.9452983725135624,5.378144246603739
bbh+gpqa+ifeval+math+musr,,1.0,0.25,92,0.0190604254603385,0.951627486437613,5.36494232975357
bbh+gpqa+ifeval+math+musr,,1.0,0.25,93,0.0190482977777719,0.9493670886075948,5.375717520274556
bbh+gpqa+ifeval+math+musr,,1.0,0.25,94,0.0190053228288888,0.9529837251356238,5.396775324895613
bbh+gpqa+ifeval+math+musr,,1.0,0.25,95,0.0190707091242074,0.9403254972875226,5.359328858296374
bbh+gpqa+ifeval+math+musr,,1.0,0.25,96,0.0190364737063646,0.9511754068716094,5.372938463239898
bbh+gpqa+ifeval+math+musr,,1.0,0.25,97,0.0190073307603597,0.9507233273056056,5.392377801440157
bbh+gpqa+ifeval+math+musr,,1.0,0.25,98,0.0190301239490509,0.950271247739602,5.377166471819501
bbh+gpqa+ifeval+math+musr,,1.0,0.25,99,0.0190325826406478,0.9520795660036168,5.389029703488079
mmlu-pro,,1.0,0.025,0,0.0673140361905098,0.946226841391776,3.540218156002111
mmlu-pro,,1.0,0.025,1,0.0673460066318512,0.9453230908269318,3.550251931790508
mmlu-pro,,1.0,0.025,2,0.0669015347957611,0.9448712155445096,3.5837242490266674
mmlu-pro,,1.0,0.025,3,0.0671103671193122,0.9408043380027112,3.5754303640538163
mmlu-pro,,1.0,0.025,4,0.0672976970672607,0.9507455942159964,3.5446640966558274
mmlu-pro,,1.0,0.025,5,0.0669492855668068,0.9403524627202892,3.584830499380562
mmlu-pro,,1.0,0.025,6,0.0672830641269683,0.9484862178038862,3.5594408029928224
mmlu-pro,,1.0,0.025,7,0.0673685371875763,0.9539087211929508,3.5363905654055086
mmlu-pro,,1.0,0.025,8,0.0672637745738029,0.948034342521464,3.549296131260651
mmlu-pro,,1.0,0.025,9,0.0672579705715179,0.9439674649796655,3.5403401469761313
mmlu-pro,,1.0,0.025,10,0.067032404243946,0.9426118391323997,3.579667026548902
mmlu-pro,,1.0,0.025,11,0.0675011277198791,0.9489380930863082,3.5201633775861163
mmlu-pro,,1.0,0.025,12,0.0672842562198638,0.9421599638499776,3.541582783521322
mmlu-pro,,1.0,0.025,13,0.0669888705015182,0.9417080885675554,3.574364862543078
mmlu-pro,,1.0,0.025,14,0.0668757930397987,0.938093086308179,3.599386553319185
mmlu-pro,,1.0,0.025,15,0.0673450976610183,0.946226841391776,3.5415912482661556
mmlu-pro,,1.0,0.025,16,0.0671712830662727,0.9521012200632626,3.557119750739383
mmlu-pro,,1.0,0.025,17,0.0672660991549491,0.947582467239042,3.545758849624212
mmlu-pro,,1.0,0.025,18,0.0673888102173805,0.947582467239042,3.5296096386117717
mmlu-pro,,1.0,0.025,19,0.0671579614281654,0.9403524627202892,3.567031259817738
mmlu-pro,,1.0,0.025,20,0.0672154799103736,0.9444193402620876,3.560350058372085
mmlu-pro,,1.0,0.025,21,0.0670640170574188,0.9417080885675554,3.5673300950006914
mmlu-pro,,1.0,0.025,22,0.0670584663748741,0.9516493447808404,3.5790388482156907
mmlu-pro,,1.0,0.025,23,0.0669004544615745,0.9417080885675554,3.5830742938157605
mmlu-pro,,1.0,0.025,24,0.0672797560691833,0.9430637144148216,3.5557795182612266
mmlu-pro,,1.0,0.025,25,0.0676242187619209,0.9566199728874832,3.508025351475662
mmlu-pro,,1.0,0.025,26,0.0667309090495109,0.9353818346136468,3.5912913636925468
mmlu-pro,,1.0,0.025,27,0.0673480033874511,0.9516493447808404,3.540756885461482
mmlu-pro,,1.0,0.025,28,0.0669483914971351,0.9444193402620876,3.5721129187941774
mmlu-pro,,1.0,0.025,29,0.0674422979354858,0.9448712155445096,3.5320868115883886
mmlu-pro,,1.0,0.025,30,0.0669760331511497,0.9403524627202892,3.5829557062491064
mmlu-pro,,1.0,0.025,31,0.0670655667781829,0.9408043380027112,3.5649708262697293
mmlu-pro,,1.0,0.025,32,0.0671122074127197,0.9417080885675554,3.5619775268980955
mmlu-pro,,1.0,0.025,33,0.0676913112401962,0.9430637144148216,3.5080236544956005
mmlu-pro,,1.0,0.025,34,0.0675016492605209,0.94713059195662,3.540010801322627
mmlu-pro,,1.0,0.025,35,0.0674618557095527,0.9525530953456848,3.5321393727482007
mmlu-pro,,1.0,0.025,36,0.0672419592738151,0.938996836873023,3.566979890139099
mmlu-pro,,1.0,0.025,37,0.0670454576611518,0.9453230908269318,3.5814305150643837
mmlu-pro,,1.0,0.025,38,0.0672748610377311,0.9403524627202892,3.543111525374256
mmlu-pro,,1.0,0.025,39,0.0672792494297027,0.9521012200632626,3.5446489324317603
mmlu-pro,,1.0,0.025,40,0.0668502375483512,0.94713059195662,3.585681543962612
mmlu-pro,,1.0,0.025,41,0.067243292927742,0.9435155896972436,3.550150776950822
mmlu-pro,,1.0,0.025,42,0.0670919939875602,0.9358337098960688,3.565815810634091
mmlu-pro,,1.0,0.025,43,0.0669548586010932,0.946226841391776,3.587209897011715
mmlu-pro,,1.0,0.025,44,0.0675997510552406,0.9417080885675554,3.513473480566974
mmlu-pro,,1.0,0.025,45,0.0673673674464225,0.946678716674198,3.5439880764202836
mmlu-pro,,1.0,0.025,46,0.0671486482024192,0.9453230908269318,3.5622343177519333
mmlu-pro,,1.0,0.025,47,0.0671432316303253,0.9521012200632626,3.568120248158084
mmlu-pro,,1.0,0.025,48,0.0671316906809806,0.9394487121554452,3.5579790123675714
mmlu-pro,,1.0,0.025,49,0.0668834596872329,0.9525530953456848,3.6002090483942073
mmlu-pro,,1.0,0.025,50,0.0672371312975883,0.9539087211929508,3.537725545656281
mmlu-pro,,1.0,0.025,51,0.0671768561005592,0.9435155896972436,3.564941197101849
mmlu-pro,,1.0,0.025,52,0.067059613764286,0.9448712155445096,3.565184215199471
mmlu-pro,,1.0,0.025,53,0.0674478709697723,0.948034342521464,3.541186680725572
mmlu-pro,,1.0,0.025,54,0.0670734271407127,0.9534568459105288,3.5555667348926936
mmlu-pro,,1.0,0.025,55,0.0670689344406127,0.9439674649796655,3.577688890208119
mmlu-pro,,1.0,0.025,56,0.0674995258450508,0.945774966109354,3.52507797231951
mmlu-pro,,1.0,0.025,57,0.0672959983348846,0.948034342521464,3.5458320026999957
mmlu-pro,,1.0,0.025,58,0.0673399791121482,0.9453230908269318,3.542167147350437
mmlu-pro,,1.0,0.025,59,0.067463494837284,0.9489380930863082,3.5225535897649154
mmlu-pro,,1.0,0.025,60,0.0669951662421226,0.947582467239042,3.5755139741750726
mmlu-pro,,1.0,0.025,61,0.0671117901802063,0.9489380930863082,3.5576909575943314
mmlu-pro,,1.0,0.025,62,0.0671772956848144,0.9371893357433349,3.5564186073729886
mmlu-pro,,1.0,0.025,63,0.0672834813594818,0.945774966109354,3.539527389067279
mmlu-pro,,1.0,0.025,64,0.067046582698822,0.9489380930863082,3.581444074253372
mmlu-pro,,1.0,0.025,65,0.0675354823470115,0.9521012200632626,3.5175685898512064
mmlu-pro,,1.0,0.025,66,0.0672225207090377,0.9385449615906012,3.548216040137174
mmlu-pro,,1.0,0.025,67,0.0671270415186882,0.9367374604609128,3.5614875102255406
mmlu-pro,,1.0,0.025,68,0.067170426249504,0.9421599638499776,3.541419052442612
mmlu-pro,,1.0,0.025,69,0.0674194768071174,0.948034342521464,3.5310013102525493
mmlu-pro,,1.0,0.025,70,0.0673645213246345,0.9448712155445096,3.535501930842477
mmlu-pro,,1.0,0.025,71,0.0668640360236167,0.946678716674198,3.580468805091601
mmlu-pro,,1.0,0.025,72,0.0673852488398552,0.9484862178038862,3.5323105919988733
mmlu-pro,,1.0,0.025,73,0.0674356892704963,0.947582467239042,3.531803183694884
mmlu-pro,,1.0,0.025,74,0.0670664086937904,0.9516493447808404,3.5659326795253214
mmlu-pro,,1.0,0.025,75,0.0666382014751434,0.9435155896972436,3.6140521345185554
mmlu-pro,,1.0,0.025,76,0.0669288486242294,0.9444193402620876,3.574082285964174
mmlu-pro,,1.0,0.025,77,0.0673264935612678,0.9435155896972436,3.5332080230874485
mmlu-pro,,1.0,0.025,78,0.0669778659939765,0.9408043380027112,3.587485206354705
mmlu-pro,,1.0,0.025,79,0.0674027800559997,0.938996836873023,3.5203948193079233
mmlu-pro,,1.0,0.025,80,0.0672584250569343,0.9408043380027112,3.5449910671780316
mmlu-pro,,1.0,0.025,81,0.0671667754650116,0.9507455942159964,3.558645921509591
mmlu-pro,,1.0,0.025,82,0.0671085268259048,0.9484862178038862,3.5637933163184856
mmlu-pro,,1.0,0.025,83,0.0673267543315887,0.947582467239042,3.546824314873374
mmlu-pro,,1.0,0.025,84,0.0674709752202034,0.9408043380027112,3.528446050419643
mmlu-pro,,1.0,0.025,85,0.0672110989689827,0.94713059195662,3.5566686020915226
mmlu-pro,,1.0,0.025,86,0.0669765248894691,0.9439674649796655,3.5748775083428956
mmlu-pro,,1.0,0.025,87,0.0667866617441177,0.9453230908269318,3.609728441910777
mmlu-pro,,1.0,0.025,88,0.0674053728580474,0.9340262087663804,3.5322879984548012
mmlu-pro,,1.0,0.025,89,0.0667052045464515,0.9448712155445096,3.6029349164529774
mmlu-pro,,1.0,0.025,90,0.0668775588274002,0.9534568459105288,3.5871795880113853
mmlu-pro,,1.0,0.025,91,0.0668535381555557,0.9394487121554452,3.5976271731331937
mmlu-pro,,1.0,0.025,92,0.0669055879116058,0.9507455942159964,3.5747560988948166
mmlu-pro,,1.0,0.025,93,0.0674993470311164,0.946226841391776,3.516577558022299
mmlu-pro,,1.0,0.025,94,0.0672796368598938,0.9435155896972436,3.5411471433182884
mmlu-pro,,1.0,0.025,95,0.0671306177973747,0.9403524627202892,3.56658830493173
mmlu-pro,,1.0,0.025,96,0.0675352737307548,0.947582467239042,3.5146925191638014
mmlu-pro,,1.0,0.025,97,0.0674466341733932,0.9371893357433349,3.5292407371000323
mmlu-pro,,1.0,0.025,98,0.0671646669507026,0.947582467239042,3.557724330791521
mmlu-pro,,1.0,0.025,99,0.0671873688697815,0.94713059195662,3.5469207193865255
mmlu-pro,,1.0,0.05,0,0.0422333739697933,0.9426118391323997,4.382554110161788
mmlu-pro,,1.0,0.05,1,0.0423683226108551,0.9412562132851332,4.363457688057374
mmlu-pro,,1.0,0.05,2,0.0422205589711666,0.9426118391323997,4.38514768806563
mmlu-pro,,1.0,0.05,3,0.042429856956005,0.9525530953456848,4.3427116697915835
mmlu-pro,,1.0,0.05,4,0.0424928478896617,0.9502937189335744,4.325801560034553
mmlu-pro,,1.0,0.05,5,0.0425877682864666,0.9376412110257568,4.310549230463612
mmlu-pro,,1.0,0.05,6,0.0421574972569942,0.9435155896972436,4.401564116357412
mmlu-pro,,1.0,0.05,7,0.0425342246890068,0.9435155896972436,4.3200184456521775
mmlu-pro,,1.0,0.05,8,0.042250670492649,0.9489380930863082,4.3797570591023005
mmlu-pro,,1.0,0.05,9,0.042397353798151,0.946678716674198,4.341160602429158
mmlu-pro,,1.0,0.05,10,0.0422631055116653,0.9421599638499776,4.378596558452041
mmlu-pro,,1.0,0.05,11,0.0426767542958259,0.9453230908269318,4.294666262093923
mmlu-pro,,1.0,0.05,12,0.0423694923520088,0.9525530953456848,4.350416369655865
mmlu-pro,,1.0,0.05,13,0.0421806275844574,0.9385449615906012,4.392279931796229
mmlu-pro,,1.0,0.05,14,0.0423612408339977,0.945774966109354,4.3585025207365495
mmlu-pro,,1.0,0.05,15,0.0424631685018539,0.9426118391323997,4.3401933381422255
mmlu-pro,,1.0,0.05,16,0.0424532778561115,0.9362855851784908,4.329678255271309
mmlu-pro,,1.0,0.05,17,0.042276132851839,0.9489380930863082,4.374132742302087
mmlu-pro,,1.0,0.05,18,0.0423308387398719,0.9376412110257568,4.355712433762003
mmlu-pro,,1.0,0.05,19,0.0424276292324066,0.945774966109354,4.347208230795128
mmlu-pro,,1.0,0.05,20,0.04239272326231,0.94713059195662,4.352337135820589
mmlu-pro,,1.0,0.05,21,0.0422579683363437,0.946678716674198,4.385585325474654
mmlu-pro,,1.0,0.05,22,0.0424687266349792,0.9498418436511524,4.346103016900399
mmlu-pro,,1.0,0.05,23,0.042254701256752,0.946226841391776,4.378973905445361
mmlu-pro,,1.0,0.05,24,0.0424689464271068,0.9376412110257568,4.34454109578687
mmlu-pro,,1.0,0.05,25,0.0424116104841232,0.9548124717577948,4.344039583571392
mmlu-pro,,1.0,0.05,26,0.0422224700450897,0.947582467239042,4.382975819130474
mmlu-pro,,1.0,0.05,27,0.0424499474465847,0.9426118391323997,4.327052886836368
mmlu-pro,,1.0,0.05,28,0.0420513004064559,0.948034342521464,4.412782068070202
mmlu-pro,,1.0,0.05,29,0.0423788614571094,0.948034342521464,4.3458420495030765
mmlu-pro,,1.0,0.05,30,0.0426228567957878,0.9507455942159964,4.312444039861978
mmlu-pro,,1.0,0.05,31,0.0422549396753311,0.9448712155445096,4.372797230311042
mmlu-pro,,1.0,0.05,32,0.0426362454891204,0.9435155896972436,4.294086430150024
mmlu-pro,,1.0,0.05,33,0.0427391044795513,0.9498418436511524,4.278328296687624
mmlu-pro,,1.0,0.05,34,0.0425404123961925,0.9511974694984184,4.327292420059726
mmlu-pro,,1.0,0.05,35,0.042534127831459,0.9511974694984184,4.324306915907912
mmlu-pro,,1.0,0.05,36,0.042614322155714,0.9435155896972436,4.31770063775974
mmlu-pro,,1.0,0.05,37,0.042450875043869,0.946678716674198,4.337646979419274
mmlu-pro,,1.0,0.05,38,0.0428689904510974,0.9448712155445096,4.244584835187364
mmlu-pro,,1.0,0.05,39,0.0426401495933532,0.9344780840488026,4.300147035414305
mmlu-pro,,1.0,0.05,40,0.0420359820127487,0.9516493447808404,4.415814795894461
mmlu-pro,,1.0,0.05,41,0.0422517098486423,0.946226841391776,4.3868779935499775
mmlu-pro,,1.0,0.05,42,0.0422284305095672,0.9444193402620876,4.3873696644575535
mmlu-pro,,1.0,0.05,43,0.0423691533505916,0.9426118391323997,4.366007391892951
mmlu-pro,,1.0,0.05,44,0.0425086244940757,0.9435155896972436,4.328469612689531
mmlu-pro,,1.0,0.05,45,0.0424515083432197,0.9371893357433349,4.342146347142888
mmlu-pro,,1.0,0.05,46,0.042415052652359,0.9579755987347492,4.345173941265082
mmlu-pro,,1.0,0.05,47,0.0422779805958271,0.9516493447808404,4.384639886791101
mmlu-pro,,1.0,0.05,48,0.0423647463321685,0.9426118391323997,4.348568999502805
mmlu-pro,,1.0,0.05,49,0.0420923866331577,0.9543605964753727,4.416562067218546
mmlu-pro,,1.0,0.05,50,0.0422883071005344,0.9448712155445096,4.359729311498135
mmlu-pro,,1.0,0.05,51,0.0424090363085269,0.9412562132851332,4.357328468599195
mmlu-pro,,1.0,0.05,52,0.0424572899937629,0.946678716674198,4.336823073309155
mmlu-pro,,1.0,0.05,53,0.0425763577222824,0.9525530953456848,4.317302104035903
mmlu-pro,,1.0,0.05,54,0.0423110052943229,0.946226841391776,4.353669834638244
mmlu-pro,,1.0,0.05,55,0.0423487871885299,0.9335743334839584,4.362444214568457
mmlu-pro,,1.0,0.05,56,0.0423881001770496,0.9484862178038862,4.356846845952777
mmlu-pro,,1.0,0.05,57,0.0424171350896358,0.9552643470402168,4.340794772126171
mmlu-pro,,1.0,0.05,58,0.0422804057598114,0.946226841391776,4.377808373164335
mmlu-pro,,1.0,0.05,59,0.0424301475286483,0.9489380930863082,4.329702959310276
mmlu-pro,,1.0,0.05,60,0.0423087514936924,0.948034342521464,4.357730401689569
mmlu-pro,,1.0,0.05,61,0.0423511713743209,0.9399005874378672,4.348336016447318
mmlu-pro,,1.0,0.05,62,0.0422666445374488,0.9426118391323997,4.375224408450401
mmlu-pro,,1.0,0.05,63,0.0424107797443866,0.938093086308179,4.33255544183381
mmlu-pro,,1.0,0.05,64,0.0421057194471359,0.9502937189335744,4.419665685659919
mmlu-pro,,1.0,0.05,65,0.0423962995409965,0.94713059195662,4.345095333434112
mmlu-pro,,1.0,0.05,66,0.0425136238336563,0.9493899683687302,4.317931488681059
mmlu-pro,,1.0,0.05,67,0.0422643236815929,0.9521012200632626,4.375620120328285
mmlu-pro,,1.0,0.05,68,0.042642593383789,0.9435155896972436,4.2905957630025435
mmlu-pro,,1.0,0.05,69,0.0425018966197967,0.9385449615906012,4.325808133546406
mmlu-pro,,1.0,0.05,70,0.0424169972538948,0.948034342521464,4.3427554788162075
mmlu-pro,,1.0,0.05,71,0.0422622933983802,0.956168097605061,4.3633781305318555
mmlu-pro,,1.0,0.05,72,0.0425745993852615,0.9426118391323997,4.315429209990793
mmlu-pro,,1.0,0.05,73,0.0426363795995712,0.946678716674198,4.29275735780881
mmlu-pro,,1.0,0.05,74,0.0427145287394523,0.9534568459105288,4.281139767607884
mmlu-pro,,1.0,0.05,75,0.0421166904270648,0.9439674649796655,4.4141545732343195
mmlu-pro,,1.0,0.05,76,0.0423706248402595,0.9435155896972436,4.342856887165307
mmlu-pro,,1.0,0.05,77,0.0423088409006595,0.9484862178038862,4.358486206923483
mmlu-pro,,1.0,0.05,78,0.0421417951583862,0.938093086308179,4.4078486462249895
mmlu-pro,,1.0,0.05,79,0.0424316301941871,0.9358337098960688,4.336569409085217
mmlu-pro,,1.0,0.05,80,0.0423822663724422,0.9426118391323997,4.346243205778657
mmlu-pro,,1.0,0.05,81,0.0424452312290668,0.9493899683687302,4.334072037086414
mmlu-pro,,1.0,0.05,82,0.0424796380102634,0.9421599638499776,4.340671900647509
mmlu-pro,,1.0,0.05,83,0.0425121858716011,0.9453230908269318,4.329013298618676
mmlu-pro,,1.0,0.05,84,0.0425503700971603,0.9439674649796655,4.317145229594941
mmlu-pro,,1.0,0.05,85,0.0424475073814392,0.9498418436511524,4.337071877351508
mmlu-pro,,1.0,0.05,86,0.042524017393589,0.946678716674198,4.320356760150305
mmlu-pro,,1.0,0.05,87,0.0423684455454349,0.938996836873023,4.356099045674681
mmlu-pro,,1.0,0.05,88,0.0426748022437095,0.9358337098960688,4.28733036644392
mmlu-pro,,1.0,0.05,89,0.0421865992248058,0.9453230908269318,4.390377815846409
mmlu-pro,,1.0,0.05,90,0.0423226058483123,0.9484862178038862,4.366433470113638
mmlu-pro,,1.0,0.05,91,0.0423265695571899,0.945774966109354,4.365386213510181
mmlu-pro,,1.0,0.05,92,0.0422049202024936,0.9430637144148216,4.373292468738476
mmlu-pro,,1.0,0.05,93,0.0422992743551731,0.94713059195662,4.372469990119754
mmlu-pro,,1.0,0.05,94,0.0422319807112216,0.9548124717577948,4.37910340126165
mmlu-pro,,1.0,0.05,95,0.0423411764204502,0.946226841391776,4.3602522153656285
mmlu-pro,,1.0,0.05,96,0.0427511483430862,0.9439674649796655,4.271581655825864
mmlu-pro,,1.0,0.05,97,0.0424627251923084,0.938996836873023,4.336967636330634
mmlu-pro,,1.0,0.05,98,0.0425870530307292,0.947582467239042,4.308703733424283
mmlu-pro,,1.0,0.05,99,0.04267293587327,0.9453230908269318,4.291299086577974
mmlu-pro,,1.0,0.075,0,0.0320414081215858,0.9511974694984184,4.930817736177048
mmlu-pro,,1.0,0.075,1,0.0321068093180656,0.9435155896972436,4.924303583315988
mmlu-pro,,1.0,0.075,2,0.032007522881031,0.9412562132851332,4.9541984823627985
mmlu-pro,,1.0,0.075,3,0.03216502815485,0.9484862178038862,4.905111533794586
mmlu-pro,,1.0,0.075,4,0.0321684628725051,0.945774966109354,4.906857808948637
mmlu-pro,,1.0,0.075,5,0.0322651639580726,0.938996836873023,4.8780555480446735
mmlu-pro,,1.0,0.075,6,0.031965285539627,0.9385449615906012,4.96772662064138
mmlu-pro,,1.0,0.075,7,0.0322094075381755,0.9448712155445096,4.890826330707921
mmlu-pro,,1.0,0.075,8,0.0320059545338153,0.9403524627202892,4.956062435218645
mmlu-pro,,1.0,0.075,9,0.0321387536823749,0.9489380930863082,4.900364754649476
mmlu-pro,,1.0,0.075,10,0.031988825649023,0.9484862178038862,4.958777831046985
mmlu-pro,,1.0,0.075,11,0.0323458388447761,0.9453230908269318,4.847233019641634
mmlu-pro,,1.0,0.075,12,0.032064501196146,0.9521012200632626,4.929047519300568
mmlu-pro,,1.0,0.075,13,0.0320143178105354,0.9412562132851332,4.946755570014403
mmlu-pro,,1.0,0.075,14,0.0321028642356395,0.9408043380027112,4.918962282254728
mmlu-pro,,1.0,0.075,15,0.0321851037442684,0.9403524627202892,4.899560979768183
mmlu-pro,,1.0,0.075,16,0.0321105010807514,0.945774966109354,4.909861653077374
mmlu-pro,,1.0,0.075,17,0.0320571698248386,0.9530049706281066,4.939622461297393
mmlu-pro,,1.0,0.075,18,0.0320319272577762,0.945774966109354,4.939221227085278
mmlu-pro,,1.0,0.075,19,0.0321583226323127,0.948034342521464,4.914110978596021
mmlu-pro,,1.0,0.075,20,0.0320790484547615,0.9408043380027112,4.9385328830785
mmlu-pro,,1.0,0.075,21,0.0320480279624462,0.9435155896972436,4.949688743476211
mmlu-pro,,1.0,0.075,22,0.0321894213557243,0.9534568459105288,4.903923247377246
mmlu-pro,,1.0,0.075,23,0.0320435240864753,0.948034342521464,4.946199563788294
mmlu-pro,,1.0,0.075,24,0.0321738757193088,0.9525530953456848,4.905636717059576
mmlu-pro,,1.0,0.075,25,0.0321485921740531,0.9539087211929508,4.909085864814017
mmlu-pro,,1.0,0.075,26,0.0320230610668659,0.9516493447808404,4.9442243996175685
mmlu-pro,,1.0,0.075,27,0.0321419052779674,0.9484862178038862,4.898268934915327
mmlu-pro,,1.0,0.075,28,0.0319151207804679,0.9412562132851332,4.9732350073635985
mmlu-pro,,1.0,0.075,29,0.0320811867713928,0.9534568459105288,4.926629588656825
mmlu-pro,,1.0,0.075,30,0.0322234369814395,0.9584274740171712,4.893159038543466
mmlu-pro,,1.0,0.075,31,0.0320933833718299,0.9534568459105288,4.926651759231725
mmlu-pro,,1.0,0.075,32,0.0322750322520732,0.9453230908269318,4.867029200814902
mmlu-pro,,1.0,0.075,33,0.0323379226028919,0.9489380930863082,4.848232609852499
mmlu-pro,,1.0,0.075,34,0.0321745537221431,0.9435155896972436,4.907440667064332
mmlu-pro,,1.0,0.075,35,0.0321993939578533,0.9489380930863082,4.899204014746222
mmlu-pro,,1.0,0.075,36,0.0322410687804222,0.9502937189335744,4.892897508128219
mmlu-pro,,1.0,0.075,37,0.0321364142000675,0.9493899683687302,4.912724909552598
mmlu-pro,,1.0,0.075,38,0.032422486692667,0.9453230908269318,4.821197074106229
mmlu-pro,,1.0,0.075,39,0.0322392769157886,0.947582467239042,4.8850210805180065
mmlu-pro,,1.0,0.075,40,0.0319468192756176,0.9417080885675554,4.958557504609037
mmlu-pro,,1.0,0.075,41,0.0320274196565151,0.9448712155445096,4.952201037517161
mmlu-pro,,1.0,0.075,42,0.0320406965911388,0.945774966109354,4.947965312114628
mmlu-pro,,1.0,0.075,43,0.0321062766015529,0.947582467239042,4.930415635203192
mmlu-pro,,1.0,0.075,44,0.0321631878614425,0.9376412110257568,4.910786470063034
mmlu-pro,,1.0,0.075,45,0.0321392528712749,0.9399005874378672,4.9172090857842
mmlu-pro,,1.0,0.075,46,0.0321358703076839,0.956168097605061,4.912255031525182
mmlu-pro,,1.0,0.075,47,0.0320650115609169,0.9539087211929508,4.946950938799027
mmlu-pro,,1.0,0.075,48,0.0320563055574893,0.938996836873023,4.9265267821667305
mmlu-pro,,1.0,0.075,49,0.0319432504475116,0.948034342521464,4.97739225803441
mmlu-pro,,1.0,0.075,50,0.0320793911814689,0.9516493447808404,4.9225691419928825
mmlu-pro,,1.0,0.075,51,0.0321478657424449,0.948034342521464,4.917960052648951
mmlu-pro,,1.0,0.075,52,0.0321653485298156,0.9521012200632626,4.902527086861784
mmlu-pro,,1.0,0.075,53,0.0322444960474967,0.9521012200632626,4.883763556254146
mmlu-pro,,1.0,0.075,54,0.0320654436945915,0.9502937189335744,4.92078701447062
mmlu-pro,,1.0,0.075,55,0.0320758260786533,0.9439674649796655,4.934040079060273
mmlu-pro,,1.0,0.075,56,0.0321365557610988,0.9489380930863082,4.91400646520244
mmlu-pro,,1.0,0.075,57,0.0321721993386745,0.9498418436511524,4.894360151857829
mmlu-pro,,1.0,0.075,58,0.0320193916559219,0.9511974694984184,4.951358915767791
mmlu-pro,,1.0,0.075,59,0.0321091040968894,0.9498418436511524,4.914242706970652
mmlu-pro,,1.0,0.075,60,0.0320743098855018,0.946678716674198,4.924948578355066
mmlu-pro,,1.0,0.075,61,0.0321068130433559,0.9498418436511524,4.913192997332709
mmlu-pro,,1.0,0.075,62,0.0320339761674404,0.9448712155445096,4.9453203132884465
mmlu-pro,,1.0,0.075,63,0.0321331731975078,0.9444193402620876,4.904726560245302
mmlu-pro,,1.0,0.075,64,0.0319720283150672,0.947582467239042,4.97385312457349
mmlu-pro,,1.0,0.075,65,0.0321543291211128,0.9493899683687302,4.900726186403572
mmlu-pro,,1.0,0.075,66,0.0321907959878444,0.946678716674198,4.887879885211898
mmlu-pro,,1.0,0.075,67,0.0320659950375556,0.9489380930863082,4.934004947841756
mmlu-pro,,1.0,0.075,68,0.0322425924241542,0.9426118391323997,4.87741153660048
mmlu-pro,,1.0,0.075,69,0.0321873910725116,0.9435155896972436,4.900756365674794
mmlu-pro,,1.0,0.075,70,0.0321280993521213,0.94713059195662,4.916782858014415
mmlu-pro,,1.0,0.075,71,0.0319737344980239,0.9489380930863082,4.959174742739438
mmlu-pro,,1.0,0.075,72,0.0322348214685916,0.9435155896972436,4.883580272475879
mmlu-pro,,1.0,0.075,73,0.0322480350732803,0.946678716674198,4.8771071280261715
mmlu-pro,,1.0,0.075,74,0.0323300845921039,0.9548124717577948,4.846020846132427
mmlu-pro,,1.0,0.075,75,0.0319867022335529,0.946226841391776,4.966601357788701
mmlu-pro,,1.0,0.075,76,0.0320929139852523,0.946678716674198,4.922361137628249
mmlu-pro,,1.0,0.075,77,0.0321017690002918,0.9507455942159964,4.9173214184809915
mmlu-pro,,1.0,0.075,78,0.0319596789777278,0.9430637144148216,4.972133989313186
mmlu-pro,,1.0,0.075,79,0.0321395583450794,0.9426118391323997,4.908416597116911
mmlu-pro,,1.0,0.075,80,0.0321243703365325,0.9543605964753727,4.910636922002195
mmlu-pro,,1.0,0.075,81,0.0321386344730854,0.955716222322639,4.912528105319685
mmlu-pro,,1.0,0.075,82,0.0322029888629913,0.9521012200632626,4.893138533748261
mmlu-pro,,1.0,0.075,83,0.032196469604969,0.946678716674198,4.899354363934773
mmlu-pro,,1.0,0.075,84,0.032219361513853,0.947582467239042,4.8837933784627685
mmlu-pro,,1.0,0.075,85,0.0321514979004859,0.9534568459105288,4.904901094206992
mmlu-pro,,1.0,0.075,86,0.0322020910680294,0.9439674649796655,4.889407768003844
mmlu-pro,,1.0,0.075,87,0.0321066379547119,0.9430637144148216,4.926302874161892
mmlu-pro,,1.0,0.075,88,0.0322928577661514,0.9448712155445096,4.86146218161321
mmlu-pro,,1.0,0.075,89,0.0319989398121833,0.946678716674198,4.952662631114199
mmlu-pro,,1.0,0.075,90,0.0320627056062221,0.945774966109354,4.937114501146931
mmlu-pro,,1.0,0.075,91,0.0320884622633457,0.9439674649796655,4.927357889636907
mmlu-pro,,1.0,0.075,92,0.0320028774440288,0.9507455942159964,4.94013839784308
mmlu-pro,,1.0,0.075,93,0.0320698842406272,0.9417080885675554,4.938567376975716
mmlu-pro,,1.0,0.075,94,0.0320062227547168,0.9566199728874832,4.94804019695641
mmlu-pro,,1.0,0.075,95,0.0321173220872879,0.9530049706281066,4.9120675017609114
mmlu-pro,,1.0,0.075,96,0.0323740728199481,0.94713059195662,4.8396183519654645
mmlu-pro,,1.0,0.075,97,0.0322053395211696,0.9412562132851332,4.8960273671092605
mmlu-pro,,1.0,0.075,98,0.0322173163294792,0.9498418436511524,4.886619615550743
mmlu-pro,,1.0,0.075,99,0.032308179885149,0.946226841391776,4.858486774270617
mmlu-pro,,1.0,0.1,0,0.0262865908443927,0.955716222322639,5.355301451798204
mmlu-pro,,1.0,0.1,1,0.026333874091506,0.9412562132851332,5.342667643141271
mmlu-pro,,1.0,0.1,2,0.0262908786535263,0.9435155896972436,5.3563051549277265
mmlu-pro,,1.0,0.1,3,0.026381591334939,0.94713059195662,5.323235055879979
mmlu-pro,,1.0,0.1,4,0.0263941753655672,0.9498418436511524,5.316684663656245
mmlu-pro,,1.0,0.1,5,0.026463221758604,0.9426118391323997,5.294829191120371
mmlu-pro,,1.0,0.1,6,0.026258111000061,0.9408043380027112,5.374963569860784
mmlu-pro,,1.0,0.1,7,0.0264094565063714,0.9453230908269318,5.307730085319661
mmlu-pro,,1.0,0.1,8,0.0262905247509479,0.9511974694984184,5.357452259669258
mmlu-pro,,1.0,0.1,9,0.0263828169554471,0.9516493447808404,5.309359893934101
mmlu-pro,,1.0,0.1,10,0.0262755509465932,0.9548124717577948,5.362128005869696
mmlu-pro,,1.0,0.1,11,0.0265163928270339,0.9498418436511524,5.259119985501027
mmlu-pro,,1.0,0.1,12,0.0263216625899076,0.9552643470402168,5.336859868423475
mmlu-pro,,1.0,0.1,13,0.0262732543051242,0.947582467239042,5.365835255426039
mmlu-pro,,1.0,0.1,14,0.0263526402413845,0.9430637144148216,5.329657356897648
mmlu-pro,,1.0,0.1,15,0.0263857282698154,0.947582467239042,5.325539526426192
mmlu-pro,,1.0,0.1,16,0.0263348929584026,0.9498418436511524,5.331589655741964
mmlu-pro,,1.0,0.1,17,0.026313429698348,0.9489380930863082,5.349805796803361
mmlu-pro,,1.0,0.1,18,0.0262805819511413,0.9484862178038862,5.351151152217672
mmlu-pro,,1.0,0.1,19,0.0263699945062398,0.9498418436511524,5.332543642408767
mmlu-pro,,1.0,0.1,20,0.02635451965034,0.9548124717577948,5.329540733528589
mmlu-pro,,1.0,0.1,21,0.0262885373085737,0.94713059195662,5.3621665459806405
mmlu-pro,,1.0,0.1,22,0.0263970587402582,0.948034342521464,5.319824845937527
mmlu-pro,,1.0,0.1,23,0.0263136737048625,0.9539087211929508,5.349267807227548
mmlu-pro,,1.0,0.1,24,0.0263907369226217,0.9502937189335744,5.320853784277078
mmlu-pro,,1.0,0.1,25,0.0263598021119833,0.9543605964753727,5.331496794161151
mmlu-pro,,1.0,0.1,26,0.0262984111905097,0.9489380930863082,5.347395748193135
mmlu-pro,,1.0,0.1,27,0.0263596978038549,0.938093086308179,5.316469672487247
mmlu-pro,,1.0,0.1,28,0.026213539764285,0.945774966109354,5.378355361380703
mmlu-pro,,1.0,0.1,29,0.0263054408133029,0.947582467239042,5.347593822654588
mmlu-pro,,1.0,0.1,30,0.0264124907553195,0.9507455942159964,5.313553667261349
mmlu-pro,,1.0,0.1,31,0.0263480078428983,0.9521012200632626,5.3250460341869035
mmlu-pro,,1.0,0.1,32,0.0264483112841844,0.94713059195662,5.294486908078442
mmlu-pro,,1.0,0.1,33,0.0265086889266967,0.955716222322639,5.265533625470237
mmlu-pro,,1.0,0.1,34,0.0264117363840341,0.9484862178038862,5.31793977258648
mmlu-pro,,1.0,0.1,35,0.0264494214206933,0.9435155896972436,5.299904564359546
mmlu-pro,,1.0,0.1,36,0.0264452416449785,0.9439674649796655,5.306554154508098
mmlu-pro,,1.0,0.1,37,0.0263710170984268,0.9552643470402168,5.324117721257763
mmlu-pro,,1.0,0.1,38,0.0265381392091512,0.9507455942159964,5.257762860493042
mmlu-pro,,1.0,0.1,39,0.0264295600354671,0.9498418436511524,5.303140195749829
mmlu-pro,,1.0,0.1,40,0.0262144468724727,0.9403524627202892,5.37377751992282
mmlu-pro,,1.0,0.1,41,0.0262706521898508,0.9511974694984184,5.373120127230596
mmlu-pro,,1.0,0.1,42,0.0263115391135215,0.9507455942159964,5.351887341381987
mmlu-pro,,1.0,0.1,43,0.0263364557176828,0.94713059195662,5.346173901475366
mmlu-pro,,1.0,0.1,44,0.0263713654130697,0.9426118391323997,5.325979879884103
mmlu-pro,,1.0,0.1,45,0.0263563506305217,0.9408043380027112,5.326182527235238
mmlu-pro,,1.0,0.1,46,0.0263565294444561,0.9602349751468596,5.326387526444549
mmlu-pro,,1.0,0.1,47,0.0263184066861867,0.9484862178038862,5.354143245615217
mmlu-pro,,1.0,0.1,48,0.0262991841882467,0.945774966109354,5.34541300226818
mmlu-pro,,1.0,0.1,49,0.0262549556791782,0.94713059195662,5.374112058672132
mmlu-pro,,1.0,0.1,50,0.0263052061200141,0.9493899683687302,5.345633443889861
mmlu-pro,,1.0,0.1,51,0.0263686534017324,0.9439674649796655,5.3318809506501
mmlu-pro,,1.0,0.1,52,0.0263803210109472,0.9507455942159964,5.320289309572357
mmlu-pro,,1.0,0.1,53,0.0264269392937421,0.9511974694984184,5.302666294069679
mmlu-pro,,1.0,0.1,54,0.0263249035924673,0.9493899683687302,5.328556266800636
mmlu-pro,,1.0,0.1,55,0.0263255890458822,0.9417080885675554,5.343383722788094
mmlu-pro,,1.0,0.1,56,0.0263809114694595,0.9484862178038862,5.3214980470679425
mmlu-pro,,1.0,0.1,57,0.0264145042747259,0.945774966109354,5.302864131537465
mmlu-pro,,1.0,0.1,58,0.0262875650078058,0.9543605964753727,5.359572054784904
mmlu-pro,,1.0,0.1,59,0.0263305231928825,0.9521012200632626,5.334617463910741
mmlu-pro,,1.0,0.1,60,0.0263169929385185,0.946678716674198,5.340146077341393
mmlu-pro,,1.0,0.1,61,0.0263595283031463,0.9444193402620876,5.316759636231552
mmlu-pro,,1.0,0.1,62,0.0262831412255764,0.9484862178038862,5.355699589863466
mmlu-pro,,1.0,0.1,63,0.0263244658708572,0.9417080885675554,5.3335477533280145
mmlu-pro,,1.0,0.1,64,0.0262698251754045,0.9498418436511524,5.371659819836403
mmlu-pro,,1.0,0.1,65,0.0263845939189195,0.9539087211929508,5.316166712299893
mmlu-pro,,1.0,0.1,66,0.0264090429991483,0.9516493447808404,5.300536553228475
mmlu-pro,,1.0,0.1,67,0.0263159275054931,0.9430637144148216,5.350404447450205
mmlu-pro,,1.0,0.1,68,0.0264448691159486,0.9426118391323997,5.288715640255781
mmlu-pro,,1.0,0.1,69,0.0263888351619243,0.9439674649796655,5.312601868064255
mmlu-pro,,1.0,0.1,70,0.0263707507401704,0.9453230908269318,5.325093670405794
mmlu-pro,,1.0,0.1,71,0.0262467302381992,0.947582467239042,5.3687828068150845
mmlu-pro,,1.0,0.1,72,0.0264194067567586,0.9367374604609128,5.304188710374941
mmlu-pro,,1.0,0.1,73,0.0264282617717981,0.9507455942159964,5.299658086617999
mmlu-pro,,1.0,0.1,74,0.0265060793608427,0.9570718481699052,5.263611944645205
mmlu-pro,,1.0,0.1,75,0.0262489467859268,0.9484862178038862,5.378607380089635
mmlu-pro,,1.0,0.1,76,0.0263264440000057,0.9394487121554452,5.343110596190612
mmlu-pro,,1.0,0.1,77,0.026358587667346,0.9385449615906012,5.3182615518771295
mmlu-pro,,1.0,0.1,78,0.0262709930539131,0.9484862178038862,5.3612625912313945
mmlu-pro,,1.0,0.1,79,0.026387820020318,0.946678716674198,5.31465015554327
mmlu-pro,,1.0,0.1,80,0.0263541303575038,0.9552643470402168,5.32404887931094
mmlu-pro,,1.0,0.1,81,0.026384787634015,0.9539087211929508,5.316982617658361
mmlu-pro,,1.0,0.1,82,0.0263789277523756,0.9539087211929508,5.315427557402928
mmlu-pro,,1.0,0.1,83,0.0264081396162509,0.9435155896972436,5.311704485757051
mmlu-pro,,1.0,0.1,84,0.0264437459409236,0.9521012200632626,5.292695045481474
mmlu-pro,,1.0,0.1,85,0.0263737943023443,0.9539087211929508,5.319848259467031
mmlu-pro,,1.0,0.1,86,0.0264282617717981,0.948034342521464,5.298454257920362
mmlu-pro,,1.0,0.1,87,0.0263495463877916,0.9417080885675554,5.335038465268086
mmlu-pro,,1.0,0.1,88,0.0264720991253852,0.9453230908269318,5.281350601854093
mmlu-pro,,1.0,0.1,89,0.026274599134922,0.9430637144148216,5.357346580558814
mmlu-pro,,1.0,0.1,90,0.0263402201235294,0.9507455942159964,5.3371081279441155
mmlu-pro,,1.0,0.1,91,0.0263320729136466,0.9502937189335744,5.3379967937938
mmlu-pro,,1.0,0.1,92,0.0262428186833858,0.955716222322639,5.366097801672782
mmlu-pro,,1.0,0.1,93,0.026309909299016,0.9426118391323997,5.351491731025283
mmlu-pro,,1.0,0.1,94,0.0262604095041751,0.9602349751468596,5.365283236323563
mmlu-pro,,1.0,0.1,95,0.0263519268482923,0.9444193402620876,5.325533676636392
mmlu-pro,,1.0,0.1,96,0.0265435706824064,0.9448712155445096,5.25440164990221
mmlu-pro,,1.0,0.1,97,0.026419561356306,0.9426118391323997,5.3052334195449875
mmlu-pro,,1.0,0.1,98,0.0264360141009092,0.948034342521464,5.292961447846181
mmlu-pro,,1.0,0.1,99,0.0264961570501327,0.9507455942159964,5.27221814602726
mmlu-pro,,1.0,0.125,0,0.0225307811051607,0.9507455942159964,5.668526365962319
mmlu-pro,,1.0,0.125,1,0.0225658547133207,0.9525530953456848,5.652282531796835
mmlu-pro,,1.0,0.125,2,0.0225335471332073,0.946226841391776,5.670044388593795
mmlu-pro,,1.0,0.125,3,0.0225849524140357,0.94713059195662,5.6448772244066125
mmlu-pro,,1.0,0.125,4,0.0226093120872974,0.955716222322639,5.639765783242583
mmlu-pro,,1.0,0.125,5,0.0226544644683599,0.9484862178038862,5.622118997787977
mmlu-pro,,1.0,0.125,6,0.0225162897258996,0.9430637144148216,5.685657547070975
mmlu-pro,,1.0,0.125,7,0.0226010717451572,0.9439674649796655,5.632492181401442
mmlu-pro,,1.0,0.125,8,0.0225350521504879,0.948034342521464,5.668050404909579
mmlu-pro,,1.0,0.125,9,0.0225972458720207,0.9502937189335744,5.627758549151404
mmlu-pro,,1.0,0.125,10,0.0225116070359945,0.9530049706281066,5.686062613434569
mmlu-pro,,1.0,0.125,11,0.022705253213644,0.9444193402620876,5.580393494709997
mmlu-pro,,1.0,0.125,12,0.0225531309843063,0.9570718481699052,5.65560387337602
mmlu-pro,,1.0,0.125,13,0.0225314013659954,0.94713059195662,5.67516959807778
mmlu-pro,,1.0,0.125,14,0.0225814934819936,0.9403524627202892,5.643299343837101
mmlu-pro,,1.0,0.125,15,0.0226003024727106,0.9484862178038862,5.644929016865112
mmlu-pro,,1.0,0.125,16,0.0225586667656898,0.946678716674198,5.651916074310743
mmlu-pro,,1.0,0.125,17,0.0225276388227939,0.945774966109354,5.674081644682788
mmlu-pro,,1.0,0.125,18,0.0225189868360757,0.947582467239042,5.66843642671435
mmlu-pro,,1.0,0.125,19,0.0225755702704191,0.9511974694984184,5.657198192681826
mmlu-pro,,1.0,0.125,20,0.0225817803293466,0.9543605964753727,5.649382455559372
mmlu-pro,,1.0,0.125,21,0.0225292332470417,0.9430637144148216,5.675825467647275
mmlu-pro,,1.0,0.125,22,0.0226021222770214,0.9498418436511524,5.637283993525169
mmlu-pro,,1.0,0.125,23,0.022543616592884,0.9521012200632626,5.6654113681400755
mmlu-pro,,1.0,0.125,24,0.0226061437278985,0.9543605964753727,5.639190345630231
mmlu-pro,,1.0,0.125,25,0.0225794967263937,0.955716222322639,5.645714933151239
mmlu-pro,,1.0,0.125,26,0.0225539002567529,0.9493899683687302,5.657232494365331
mmlu-pro,,1.0,0.125,27,0.0225827693939209,0.945774966109354,5.629887401627285
mmlu-pro,,1.0,0.125,28,0.0224452782422304,0.9412562132851332,5.706508025061482
mmlu-pro,,1.0,0.125,29,0.0225365217775106,0.9489380930863082,5.670791976331829
mmlu-pro,,1.0,0.125,30,0.0226327963173389,0.9552643470402168,5.621619071341286
mmlu-pro,,1.0,0.125,31,0.0225661676377058,0.9493899683687302,5.648140534119507
mmlu-pro,,1.0,0.125,32,0.0226363632827997,0.9484862178038862,5.619072754688147
mmlu-pro,,1.0,0.125,33,0.0227077454328537,0.955716222322639,5.581661317293634
mmlu-pro,,1.0,0.125,34,0.022618930786848,0.9385449615906012,5.63841977179395
mmlu-pro,,1.0,0.125,35,0.0226438455283641,0.9489380930863082,5.623589578549176
mmlu-pro,,1.0,0.125,36,0.0226399339735507,0.9439674649796655,5.62721670517951
mmlu-pro,,1.0,0.125,37,0.022583644837141,0.9543605964753727,5.643317457568248
mmlu-pro,,1.0,0.125,38,0.0226981025189161,0.9521012200632626,5.5897150604287065
mmlu-pro,,1.0,0.125,39,0.0226379428058862,0.9521012200632626,5.6163697561875265
mmlu-pro,,1.0,0.125,40,0.0224766787141561,0.94713059195662,5.688092232581136
mmlu-pro,,1.0,0.125,41,0.0225059241056442,0.9444193402620876,5.693528578001907
mmlu-pro,,1.0,0.125,42,0.0225577186793088,0.9507455942159964,5.662747941518098
mmlu-pro,,1.0,0.125,43,0.0225619357079267,0.946226841391776,5.663018452533021
mmlu-pro,,1.0,0.125,44,0.0226081870496273,0.94713059195662,5.636506764990368
mmlu-pro,,1.0,0.125,45,0.0225574951618909,0.9448712155445096,5.654086411834496
mmlu-pro,,1.0,0.125,46,0.0225912146270275,0.9570718481699052,5.638778091341209
mmlu-pro,,1.0,0.125,47,0.0225574951618909,0.946678716674198,5.666283668840625
mmlu-pro,,1.0,0.125,48,0.0225195363163948,0.9484862178038862,5.676385418092401
mmlu-pro,,1.0,0.125,49,0.0224955659359693,0.9511974694984184,5.693544844702312
mmlu-pro,,1.0,0.125,50,0.0225228685885667,0.948034342521464,5.670050428849529
mmlu-pro,,1.0,0.125,51,0.0226063150912523,0.9552643470402168,5.642935772519145
mmlu-pro,,1.0,0.125,52,0.0225885659456253,0.94713059195662,5.644867336020347
mmlu-pro,,1.0,0.125,53,0.0226173587143421,0.9552643470402168,5.627723388827896
mmlu-pro,,1.0,0.125,54,0.0225476380437612,0.9484862178038862,5.655167419429528
mmlu-pro,,1.0,0.125,55,0.0225505251437425,0.9444193402620876,5.6651509875328845
mmlu-pro,,1.0,0.125,56,0.0226094052195549,0.9489380930863082,5.63570382628597
mmlu-pro,,1.0,0.125,57,0.0226204171776771,0.9484862178038862,5.621447122430745
mmlu-pro,,1.0,0.125,58,0.0225296504795551,0.9552643470402168,5.676032812220208
mmlu-pro,,1.0,0.125,59,0.0225478671491146,0.948034342521464,5.661140028978203
mmlu-pro,,1.0,0.125,60,0.0225635729730129,0.9444193402620876,5.649149218327152
mmlu-pro,,1.0,0.125,61,0.0225875955075025,0.9439674649796655,5.635120753082028
mmlu-pro,,1.0,0.125,62,0.0225035659968853,0.9448712155445096,5.6815776717238595
mmlu-pro,,1.0,0.125,63,0.0225571226328611,0.9430637144148216,5.649869461808397
mmlu-pro,,1.0,0.125,64,0.0225135255604982,0.946678716674198,5.687661484691422
mmlu-pro,,1.0,0.125,65,0.0226051546633243,0.9507455942159964,5.63387749496088
mmlu-pro,,1.0,0.125,66,0.0226258244365453,0.9516493447808404,5.6196496397308575
mmlu-pro,,1.0,0.125,67,0.0225602909922599,0.947582467239042,5.65862974875478
mmlu-pro,,1.0,0.125,68,0.0226519051939249,0.9489380930863082,5.603958223388805
mmlu-pro,,1.0,0.125,69,0.0225855223834514,0.948034342521464,5.640045147540613
mmlu-pro,,1.0,0.125,70,0.022602254524827,0.9489380930863082,5.639149002245056
mmlu-pro,,1.0,0.125,71,0.0224956013262271,0.948034342521464,5.6828930968494245
mmlu-pro,,1.0,0.125,72,0.0226080119609832,0.9394487121554452,5.633741752339886
mmlu-pro,,1.0,0.125,73,0.0226332936435937,0.948034342521464,5.619705035579058
mmlu-pro,,1.0,0.125,74,0.0226707514375448,0.9593312245820154,5.5984770914430655
mmlu-pro,,1.0,0.125,75,0.0224992595613002,0.948034342521464,5.6898057787343825
mmlu-pro,,1.0,0.125,76,0.022548172622919,0.945774966109354,5.662467909895316
mmlu-pro,,1.0,0.125,77,0.022579476237297,0.938996836873023,5.63773084189971
mmlu-pro,,1.0,0.125,78,0.0225250236690044,0.9439674649796655,5.674675886480777
mmlu-pro,,1.0,0.125,79,0.0225976277142763,0.9444193402620876,5.635027808528064
mmlu-pro,,1.0,0.125,80,0.0225785709917545,0.956168097605061,5.642996472098676
mmlu-pro,,1.0,0.125,81,0.0225996281951665,0.9516493447808404,5.633588910758079
mmlu-pro,,1.0,0.125,82,0.0226195733994245,0.9521012200632626,5.620672452418044
mmlu-pro,,1.0,0.125,83,0.0226089917123317,0.946226841391776,5.637138304355946
mmlu-pro,,1.0,0.125,84,0.022640036419034,0.946226841391776,5.6159494919164885
mmlu-pro,,1.0,0.125,85,0.0225745197385549,0.9525530953456848,5.648712910868564
mmlu-pro,,1.0,0.125,86,0.0226202886551618,0.9448712155445096,5.627279734005393
mmlu-pro,,1.0,0.125,87,0.0225667618215084,0.9417080885675554,5.657097624113525
mmlu-pro,,1.0,0.125,88,0.022662503644824,0.9408043380027112,5.6036057682838605
mmlu-pro,,1.0,0.125,89,0.0225246809422969,0.9421599638499776,5.6695231610273105
mmlu-pro,,1.0,0.125,90,0.0225755423307418,0.9498418436511524,5.653036924784767
mmlu-pro,,1.0,0.125,91,0.0225392524152994,0.9498418436511524,5.6674630804218795
mmlu-pro,,1.0,0.125,92,0.0224782470613718,0.9539087211929508,5.686753118361674
mmlu-pro,,1.0,0.125,93,0.022551704198122,0.9385449615906012,5.661534098402746
mmlu-pro,,1.0,0.125,94,0.0224960017949342,0.955716222322639,5.6846900017662705
mmlu-pro,,1.0,0.125,95,0.0225739367306232,0.946226841391776,5.646864110132738
mmlu-pro,,1.0,0.125,96,0.0227213036268949,0.948034342521464,5.572472780293682
mmlu-pro,,1.0,0.125,97,0.0226244255900383,0.9439674649796655,5.620648279583317
mmlu-pro,,1.0,0.125,98,0.0226354785263538,0.9534568459105288,5.613868131975896
mmlu-pro,,1.0,0.125,99,0.0227174945175647,0.9489380930863082,5.579839196937302
mmlu-pro,,1.0,0.15,0,0.0198385268449783,0.9525530953456848,5.923150364387765
mmlu-pro,,1.0,0.15,1,0.0198563281446695,0.946678716674198,5.909507038432936
mmlu-pro,,1.0,0.15,2,0.0198321640491485,0.9484862178038862,5.934258885054665
mmlu-pro,,1.0,0.15,3,0.0198872033506631,0.945774966109354,5.898409760386781
mmlu-pro,,1.0,0.15,4,0.0198972076177597,0.9493899683687302,5.8997592582166565
mmlu-pro,,1.0,0.15,5,0.0199348479509353,0.9493899683687302,5.879653901736729
mmlu-pro,,1.0,0.15,6,0.0198186486959457,0.9435155896972436,5.946425005029145
mmlu-pro,,1.0,0.15,7,0.0199094209820032,0.9453230908269318,5.8862803459926365
mmlu-pro,,1.0,0.15,8,0.019833005964756,0.9498418436511524,5.927778261886292
mmlu-pro,,1.0,0.15,9,0.019910529255867,0.9507455942159964,5.870883016198718
mmlu-pro,,1.0,0.15,10,0.0198303647339344,0.9579755987347492,5.936827924767416
mmlu-pro,,1.0,0.15,11,0.0199674218893051,0.9498418436511524,5.847125549167347
mmlu-pro,,1.0,0.15,12,0.0198591947555542,0.9521012200632626,5.908518802408193
mmlu-pro,,1.0,0.15,13,0.019834978505969,0.9426118391323997,5.930412279430603
mmlu-pro,,1.0,0.15,14,0.019877802580595,0.9417080885675554,5.900039995789498
mmlu-pro,,1.0,0.15,15,0.0198803506791591,0.9507455942159964,5.9068862716558375
mmlu-pro,,1.0,0.15,16,0.0198707375675439,0.9507455942159964,5.903189455554222
mmlu-pro,,1.0,0.15,17,0.019836813211441,0.9430637144148216,5.929802803121635
mmlu-pro,,1.0,0.15,18,0.0198142826557159,0.948034342521464,5.932618408002519
mmlu-pro,,1.0,0.15,19,0.019880287349224,0.9543605964753727,5.907496845486415
mmlu-pro,,1.0,0.15,20,0.0198771767318248,0.9620424762765476,5.9060506553953225
mmlu-pro,,1.0,0.15,21,0.0198180917650461,0.9439674649796655,5.941214872493425
mmlu-pro,,1.0,0.15,22,0.0198842454701662,0.9498418436511524,5.9002985193731154
mmlu-pro,,1.0,0.15,23,0.0198454819619655,0.9539087211929508,5.919226830318688
mmlu-pro,,1.0,0.15,24,0.0198852308094501,0.9534568459105288,5.902902205799262
mmlu-pro,,1.0,0.15,25,0.0198650266975164,0.9530049706281066,5.910302784650079
mmlu-pro,,1.0,0.15,26,0.0198505781590938,0.9493899683687302,5.916887284956867
mmlu-pro,,1.0,0.15,27,0.0198556557297706,0.946678716674198,5.900861609825967
mmlu-pro,,1.0,0.15,28,0.0197742488235235,0.94713059195662,5.95358236691788
mmlu-pro,,1.0,0.15,29,0.0198422633111476,0.9507455942159964,5.925032997605731
mmlu-pro,,1.0,0.15,30,0.0199203100055456,0.956168097605061,5.875423673526619
mmlu-pro,,1.0,0.15,31,0.0198601447045803,0.948034342521464,5.905744363777766
mmlu-pro,,1.0,0.15,32,0.0199288371950387,0.94713059195662,5.870577033429021
mmlu-pro,,1.0,0.15,33,0.0199678186327219,0.955716222322639,5.848870171657432
mmlu-pro,,1.0,0.15,34,0.0199017841368913,0.9430637144148216,5.896056232513717
mmlu-pro,,1.0,0.15,35,0.0199171975255012,0.9430637144148216,5.886904210237123
mmlu-pro,,1.0,0.15,36,0.0199247002601623,0.9376412110257568,5.882662930695579
mmlu-pro,,1.0,0.15,37,0.0198646262288093,0.9566199728874832,5.911828691308297
mmlu-pro,,1.0,0.15,38,0.0199636444449424,0.9498418436511524,5.849678791609819
mmlu-pro,,1.0,0.15,39,0.0199168249964714,0.947582467239042,5.875238319920661
mmlu-pro,,1.0,0.15,40,0.0198041331022977,0.9417080885675554,5.937025964947872
mmlu-pro,,1.0,0.15,41,0.0197978038340806,0.9484862178038862,5.953956012478076
mmlu-pro,,1.0,0.15,42,0.0198528915643692,0.9493899683687302,5.917842595275296
mmlu-pro,,1.0,0.15,43,0.0198714639991521,0.94713059195662,5.910857036378652
mmlu-pro,,1.0,0.15,44,0.0199000630527734,0.948034342521464,5.891207871900733
mmlu-pro,,1.0,0.15,45,0.0198444128036499,0.94713059195662,5.913282003432493
mmlu-pro,,1.0,0.15,46,0.0198781341314315,0.956168097605061,5.903339655745537
mmlu-pro,,1.0,0.15,47,0.0198507830500602,0.948034342521464,5.9239112585756954
mmlu-pro,,1.0,0.15,48,0.019824631512165,0.947582467239042,5.932714190278396
mmlu-pro,,1.0,0.15,49,0.019809691235423,0.9539087211929508,5.949429457654573
mmlu-pro,,1.0,0.15,50,0.0198192801326513,0.9507455942159964,5.9321757154084445
mmlu-pro,,1.0,0.15,51,0.0198893956840038,0.9484862178038862,5.9068807797132905
mmlu-pro,,1.0,0.15,52,0.0198815707117319,0.946226841391776,5.900437848161739
mmlu-pro,,1.0,0.15,53,0.0199102107435464,0.9502937189335744,5.882177069200887
mmlu-pro,,1.0,0.15,54,0.0198398306965827,0.9534568459105288,5.918984511203859
mmlu-pro,,1.0,0.15,55,0.0198530908674001,0.9430637144148216,5.91839936907192
mmlu-pro,,1.0,0.15,56,0.0198917761445045,0.9484862178038862,5.900188131322255
mmlu-pro,,1.0,0.15,57,0.0199089273810386,0.9502937189335744,5.878779848346855
mmlu-pro,,1.0,0.15,58,0.0198281817138195,0.9507455942159964,5.934492412972138
mmlu-pro,,1.0,0.15,59,0.0198346115648746,0.9493899683687302,5.921982868806132
mmlu-pro,,1.0,0.15,60,0.0198563002049922,0.9498418436511524,5.910860961880321
mmlu-pro,,1.0,0.15,61,0.0198778063058853,0.948034342521464,5.900161604184434
mmlu-pro,,1.0,0.15,62,0.0198087282478809,0.9448712155445096,5.939378273036906
mmlu-pro,,1.0,0.15,63,0.019854137673974,0.9435155896972436,5.907735028524482
mmlu-pro,,1.0,0.15,64,0.0198219623416662,0.9489380930863082,5.941456268646483
mmlu-pro,,1.0,0.15,65,0.0198843870311975,0.9534568459105288,5.897675470317972
mmlu-pro,,1.0,0.15,66,0.0199098791927099,0.9570718481699052,5.881551622131478
mmlu-pro,,1.0,0.15,67,0.0198558028787374,0.94713059195662,5.917008194544744
mmlu-pro,,1.0,0.15,68,0.0199299920350313,0.946678716674198,5.861219417486201
mmlu-pro,,1.0,0.15,69,0.0198872294276952,0.9426118391323997,5.897310678025546
mmlu-pro,,1.0,0.15,70,0.0198844410479068,0.946678716674198,5.900549245782564
mmlu-pro,,1.0,0.15,71,0.0198146328330039,0.9521012200632626,5.935678718930676
mmlu-pro,,1.0,0.15,72,0.0198943391442298,0.938093086308179,5.893531829700257
mmlu-pro,,1.0,0.15,73,0.0199150722473859,0.9489380930863082,5.879567766762057
mmlu-pro,,1.0,0.15,74,0.0199476517736911,0.9620424762765476,5.8582911365875106
mmlu-pro,,1.0,0.15,75,0.0197972767055034,0.9516493447808404,5.951524834364692
mmlu-pro,,1.0,0.15,76,0.019845051690936,0.9516493447808404,5.920318422002341
mmlu-pro,,1.0,0.15,77,0.0198634788393974,0.9399005874378672,5.899736154316046
mmlu-pro,,1.0,0.15,78,0.019830098375678,0.94713059195662,5.930318192667092
mmlu-pro,,1.0,0.15,79,0.0198815539479255,0.9412562132851332,5.896902731110067
mmlu-pro,,1.0,0.15,80,0.0198753979057073,0.9511974694984184,5.899033812237437
mmlu-pro,,1.0,0.15,81,0.019872523844242,0.9525530953456848,5.902421559814222
mmlu-pro,,1.0,0.15,82,0.019905649125576,0.946678716674198,5.882250422358813
mmlu-pro,,1.0,0.15,83,0.0198986865580081,0.9453230908269318,5.894518949743616
mmlu-pro,,1.0,0.15,84,0.0199283175170421,0.948034342521464,5.870318865404981
mmlu-pro,,1.0,0.15,85,0.0198722165077924,0.9521012200632626,5.904847864334327
mmlu-pro,,1.0,0.15,86,0.0198886860162019,0.9435155896972436,5.89367731630375
mmlu-pro,,1.0,0.15,87,0.0198688507080078,0.9430637144148216,5.906737419271694
mmlu-pro,,1.0,0.15,88,0.0199268721044063,0.9412562132851332,5.87430558453814
mmlu-pro,,1.0,0.15,89,0.0198371745645999,0.946226841391776,5.918194730532032
mmlu-pro,,1.0,0.15,90,0.0198630820959806,0.9489380930863082,5.911024158063208
mmlu-pro,,1.0,0.15,91,0.0198323708027601,0.94713059195662,5.929068114779959
mmlu-pro,,1.0,0.15,92,0.0197932161390781,0.9502937189335744,5.942720736020709
mmlu-pro,,1.0,0.15,93,0.0198473669588565,0.9426118391323997,5.920833392534027
mmlu-pro,,1.0,0.15,94,0.0198010429739952,0.9593312245820154,5.944080425836264
mmlu-pro,,1.0,0.15,95,0.0198692046105861,0.946678716674198,5.90556103365981
mmlu-pro,,1.0,0.15,96,0.0199876818805933,0.9403524627202892,5.829314043779268
mmlu-pro,,1.0,0.15,97,0.0199193451553583,0.9511974694984184,5.875875911470752
mmlu-pro,,1.0,0.15,98,0.0199181456118822,0.9543605964753727,5.872511099921043
mmlu-pro,,1.0,0.15,99,0.0199858676642179,0.946226841391776,5.841406265974592
mmlu-pro,,1.0,0.175,0,0.0177742354571819,0.948034342521464,6.138348224832156
mmlu-pro,,1.0,0.175,1,0.0177955515682697,0.9489380930863082,6.124491863172312
mmlu-pro,,1.0,0.175,2,0.0177666135132312,0.9521012200632626,6.1502775707370665
mmlu-pro,,1.0,0.175,3,0.0178046971559524,0.9507455942159964,6.120509023898974
mmlu-pro,,1.0,0.175,4,0.01780940964818,0.9543605964753727,6.12364380982589
mmlu-pro,,1.0,0.175,5,0.0178608540445566,0.9516493447808404,6.089598531298404
mmlu-pro,,1.0,0.175,6,0.0177570190280675,0.9444193402620876,6.1603149324446305
mmlu-pro,,1.0,0.175,7,0.0178402047604322,0.9507455942159964,6.0961017478463075
mmlu-pro,,1.0,0.175,8,0.0177624151110649,0.9448712155445096,6.144777916886568
mmlu-pro,,1.0,0.175,9,0.0178377125412225,0.946678716674198,6.086934818225881
mmlu-pro,,1.0,0.175,10,0.0177693199366331,0.9530049706281066,6.1463240032339845
mmlu-pro,,1.0,0.175,11,0.0178947299718856,0.9439674649796655,6.05469174415847
mmlu-pro,,1.0,0.175,12,0.017806751653552,0.9525530953456848,6.114549731575851
mmlu-pro,,1.0,0.175,13,0.0177891328930854,0.9493899683687302,6.13294541508236
mmlu-pro,,1.0,0.175,14,0.0177970193326473,0.9448712155445096,6.1238681190735385
mmlu-pro,,1.0,0.175,15,0.0178072769194841,0.9543605964753727,6.122253078547164
mmlu-pro,,1.0,0.175,16,0.0178089831024408,0.9539087211929508,6.114031264266157
mmlu-pro,,1.0,0.175,17,0.0177633129060268,0.94713059195662,6.14932193991889
mmlu-pro,,1.0,0.175,18,0.0177496951073408,0.9453230908269318,6.153844319638809
mmlu-pro,,1.0,0.175,19,0.0178056824952363,0.9575237234523272,6.125981949728466
mmlu-pro,,1.0,0.175,20,0.0178124122321605,0.9575237234523272,6.117147814038421
mmlu-pro,,1.0,0.175,21,0.0177552755922079,0.946678716674198,6.156937330578053
mmlu-pro,,1.0,0.175,22,0.0178129728883504,0.9543605964753727,6.118275227422882
mmlu-pro,,1.0,0.175,23,0.0177817344665527,0.9534568459105288,6.134345580664759
mmlu-pro,,1.0,0.175,24,0.0178206861019134,0.9530049706281066,6.112105631508814
mmlu-pro,,1.0,0.175,25,0.0177944637835025,0.9507455942159964,6.12682002772828
mmlu-pro,,1.0,0.175,26,0.0177893545478582,0.948034342521464,6.130506825784818
mmlu-pro,,1.0,0.175,27,0.017779666930437,0.9439674649796655,6.123129689037048
mmlu-pro,,1.0,0.175,28,0.0177208017557859,0.9493899683687302,6.1682786404693815
mmlu-pro,,1.0,0.175,29,0.0177915971726179,0.948034342521464,6.130303037766078
mmlu-pro,,1.0,0.175,30,0.0178342014551162,0.9511974694984184,6.098616599856067
mmlu-pro,,1.0,0.175,31,0.0177944358438253,0.9453230908269318,6.122076934844013
mmlu-pro,,1.0,0.175,32,0.0178435482084751,0.9502937189335744,6.091171789023861
mmlu-pro,,1.0,0.175,33,0.0178782287985086,0.955716222322639,6.069808360322313
mmlu-pro,,1.0,0.175,34,0.0178281813859939,0.947582467239042,6.108110745838716
mmlu-pro,,1.0,0.175,35,0.0178420897573232,0.9362855851784908,6.099403208072692
mmlu-pro,,1.0,0.175,36,0.0178508274257183,0.9403524627202892,6.09523981268412
mmlu-pro,,1.0,0.175,37,0.0178013928234577,0.9521012200632626,6.125452655927866
mmlu-pro,,1.0,0.175,38,0.0178815033286809,0.9489380930863082,6.067396663917601
mmlu-pro,,1.0,0.175,39,0.0178451165556907,0.9430637144148216,6.0903886407642664
mmlu-pro,,1.0,0.175,40,0.0177451707422733,0.947582467239042,6.152286043582891
mmlu-pro,,1.0,0.175,41,0.0177539624273777,0.9534568459105288,6.159318671741974
mmlu-pro,,1.0,0.175,42,0.0177853684872388,0.9511974694984184,6.1328815936225505
mmlu-pro,,1.0,0.175,43,0.0178082883358001,0.9502937189335744,6.120094075434186
mmlu-pro,,1.0,0.175,44,0.0178148653358221,0.9484862178038862,6.113481822252903
mmlu-pro,,1.0,0.175,45,0.0177756082266569,0.9421599638499776,6.132181315309186
mmlu-pro,,1.0,0.175,46,0.0178100634366273,0.956168097605061,6.116539868468583
mmlu-pro,,1.0,0.175,47,0.0177986267954111,0.9498418436511524,6.128574264127244
mmlu-pro,,1.0,0.175,48,0.0177616793662309,0.94713059195662,6.148451717735455
mmlu-pro,,1.0,0.175,49,0.0177544895559549,0.9534568459105288,6.161745362619403
mmlu-pro,,1.0,0.175,50,0.0177639685571193,0.9516493447808404,6.146039448895889
mmlu-pro,,1.0,0.175,51,0.0178180653601884,0.945774966109354,6.119985764739719
mmlu-pro,,1.0,0.175,52,0.0178018547594547,0.947582467239042,6.125149265726754
mmlu-pro,,1.0,0.175,53,0.0178381912410259,0.9552643470402168,6.090900709968542
mmlu-pro,,1.0,0.175,54,0.0177729204297065,0.955716222322639,6.136433761417998
mmlu-pro,,1.0,0.175,55,0.0177980046719312,0.938996836873023,6.122077594404413
mmlu-pro,,1.0,0.175,56,0.0178193636238574,0.946678716674198,6.116524094976879
mmlu-pro,,1.0,0.175,57,0.0178369414061307,0.9439674649796655,6.090269830085543
mmlu-pro,,1.0,0.175,58,0.017762953415513,0.9525530953456848,6.152088273600239
mmlu-pro,,1.0,0.175,59,0.0177791081368923,0.946678716674198,6.130048423954352
mmlu-pro,,1.0,0.175,60,0.0177877526730299,0.9421599638499776,6.125089916938906
mmlu-pro,,1.0,0.175,61,0.0178128462284803,0.946678716674198,6.113256494323327
mmlu-pro,,1.0,0.175,62,0.017764126881957,0.9430637144148216,6.142591625484907
mmlu-pro,,1.0,0.175,63,0.0177920516580343,0.9426118391323997,6.122902281421914
mmlu-pro,,1.0,0.175,64,0.0177633073180913,0.9511974694984184,6.149779305917552
mmlu-pro,,1.0,0.175,65,0.0178077444434165,0.9525530953456848,6.114929437132177
mmlu-pro,,1.0,0.175,66,0.0178332794457674,0.9566199728874832,6.098166982324125
mmlu-pro,,1.0,0.175,67,0.0177781116217374,0.9498418436511524,6.142656014958577
mmlu-pro,,1.0,0.175,68,0.0178474001586437,0.9430637144148216,6.078713601093474
mmlu-pro,,1.0,0.175,69,0.0178141798824071,0.9453230908269318,6.112765148593914
mmlu-pro,,1.0,0.175,70,0.0178101863712072,0.9534568459105288,6.113872312104207
mmlu-pro,,1.0,0.175,71,0.0177538581192493,0.948034342521464,6.147867892413933
mmlu-pro,,1.0,0.175,72,0.0178206991404294,0.9448712155445096,6.109128494325503
mmlu-pro,,1.0,0.175,73,0.0178389213979244,0.9493899683687302,6.094096805337781
mmlu-pro,,1.0,0.175,74,0.0178593713790178,0.964301852688658,6.078779532539831
mmlu-pro,,1.0,0.175,75,0.0177392587065696,0.948034342521464,6.168678157969618
mmlu-pro,,1.0,0.175,76,0.0177745968103408,0.946226841391776,6.133312084976248
mmlu-pro,,1.0,0.175,77,0.0177911166101694,0.9362855851784908,6.118111677534113
mmlu-pro,,1.0,0.175,78,0.0177562646567821,0.946226841391776,6.15163185876595
mmlu-pro,,1.0,0.175,79,0.017816049978137,0.9448712155445096,6.108250593395557
mmlu-pro,,1.0,0.175,80,0.0178036522120237,0.9502937189335744,6.115906800390924
mmlu-pro,,1.0,0.175,81,0.0177928358316421,0.9552643470402168,6.1259915740398165
mmlu-pro,,1.0,0.175,82,0.0178496353328228,0.9489380930863082,6.087794558289976
mmlu-pro,,1.0,0.175,83,0.0178190153092145,0.945774966109354,6.11565160201292
mmlu-pro,,1.0,0.175,84,0.0178557317703962,0.9448712155445096,6.080358611395307
mmlu-pro,,1.0,0.175,85,0.0177979748696088,0.9453230908269318,6.122960936402675
mmlu-pro,,1.0,0.175,86,0.0178109314292669,0.948034342521464,6.115377855148114
mmlu-pro,,1.0,0.175,87,0.0177936535328626,0.947582467239042,6.125956048752952
mmlu-pro,,1.0,0.175,88,0.017866650596261,0.9399005874378672,6.077261442614836
mmlu-pro,,1.0,0.175,89,0.0177683122456073,0.9430637144148216,6.138516873974778
mmlu-pro,,1.0,0.175,90,0.0177905298769474,0.9552643470402168,6.1284039321821515
mmlu-pro,,1.0,0.175,91,0.0177638288587331,0.9439674649796655,6.147318439251248
mmlu-pro,,1.0,0.175,92,0.0177398510277271,0.9530049706281066,6.154862513008064
mmlu-pro,,1.0,0.175,93,0.017771266400814,0.94713059195662,6.141731402061465
mmlu-pro,,1.0,0.175,94,0.0177518390119075,0.9566199728874832,6.151410689204381
mmlu-pro,,1.0,0.175,95,0.0178035758435726,0.946226841391776,6.120105941126222
mmlu-pro,,1.0,0.175,96,0.0178968179970979,0.9421599638499776,6.050013102250226
mmlu-pro,,1.0,0.175,97,0.0178422052413225,0.947582467239042,6.0935988205726295
mmlu-pro,,1.0,0.175,98,0.0178441517055034,0.9539087211929508,6.08672209152927
mmlu-pro,,1.0,0.175,99,0.0178980082273483,0.9453230908269318,6.059350840697288
mmlu-pro,,1.0,0.2,0,0.0161336790770292,0.9444193402620876,6.322998119402708
mmlu-pro,,1.0,0.2,1,0.0161567535251379,0.947582467239042,6.307656834032846
mmlu-pro,,1.0,0.2,2,0.0161340627819299,0.9498418436511524,6.3265890674239635
mmlu-pro,,1.0,0.2,3,0.0161665957421064,0.9511974694984184,6.2967555124650225
mmlu-pro,,1.0,0.2,4,0.0161765962839126,0.9521012200632626,6.294003634431129
mmlu-pro,,1.0,0.2,5,0.0162057410925626,0.9484862178038862,6.27236753539811
mmlu-pro,,1.0,0.2,6,0.0161271467804908,0.938996836873023,6.33536729815898
mmlu-pro,,1.0,0.2,7,0.0161880794912576,0.947582467239042,6.279627733410357
mmlu-pro,,1.0,0.2,8,0.0161209180951118,0.946226841391776,6.330559712565399
mmlu-pro,,1.0,0.2,9,0.0161849148571491,0.9507455942159964,6.2732048490945305
mmlu-pro,,1.0,0.2,10,0.0161226708441972,0.9575237234523272,6.3355734048227585
mmlu-pro,,1.0,0.2,11,0.0162391606718301,0.948034342521464,6.237379823471358
mmlu-pro,,1.0,0.2,12,0.016157928854227,0.9552643470402168,6.299981819890946
mmlu-pro,,1.0,0.2,13,0.0161480978131294,0.9444193402620876,6.311538759367477
mmlu-pro,,1.0,0.2,14,0.0161559619009494,0.947582467239042,6.305072754843794
mmlu-pro,,1.0,0.2,15,0.0161656010895967,0.9570718481699052,6.304587641268601
mmlu-pro,,1.0,0.2,16,0.0161556657403707,0.9448712155445096,6.303855314999301
mmlu-pro,,1.0,0.2,17,0.0161315314471721,0.946678716674198,6.326843632674295
mmlu-pro,,1.0,0.2,18,0.0161200631409883,0.945774966109354,6.3299276145941645
mmlu-pro,,1.0,0.2,19,0.0161599498242139,0.9566199728874832,6.308447877501566
mmlu-pro,,1.0,0.2,20,0.0161740817129611,0.955716222322639,6.2943566158635855
mmlu-pro,,1.0,0.2,21,0.01611821167171,0.9439674649796655,6.336155070950213
mmlu-pro,,1.0,0.2,22,0.0161677971482276,0.9539087211929508,6.302081431849615
mmlu-pro,,1.0,0.2,23,0.016148280352354,0.9516493447808404,6.311516618181106
mmlu-pro,,1.0,0.2,24,0.0161768086254596,0.956168097605061,6.292104175060743
mmlu-pro,,1.0,0.2,25,0.0161450803279876,0.94713059195662,6.315343121889347
mmlu-pro,,1.0,0.2,26,0.0161431096494197,0.947582467239042,6.317226155435854
mmlu-pro,,1.0,0.2,27,0.0161373484879732,0.9376412110257568,6.3065047847815245
mmlu-pro,,1.0,0.2,28,0.0160910002887249,0.9484862178038862,6.351135824360333
mmlu-pro,,1.0,0.2,29,0.0161568094044923,0.9516493447808404,6.305481218325849
mmlu-pro,,1.0,0.2,30,0.0161822326481342,0.9439674649796655,6.284797724512694
mmlu-pro,,1.0,0.2,31,0.0161532722413539,0.946226841391776,6.306426660349158
mmlu-pro,,1.0,0.2,32,0.0162042938172817,0.9539087211929508,6.264765111891579
mmlu-pro,,1.0,0.2,33,0.0162242352962493,0.9548124717577948,6.251087263365525
mmlu-pro,,1.0,0.2,34,0.0161779765039682,0.94713059195662,6.2923232230104
mmlu-pro,,1.0,0.2,35,0.0161901991814374,0.945774966109354,6.282715383600956
mmlu-pro,,1.0,0.2,36,0.0162003524601459,0.946678716674198,6.2762689992842855
mmlu-pro,,1.0,0.2,37,0.0161561071872711,0.9525530953456848,6.310757449859907
mmlu-pro,,1.0,0.2,38,0.0162295009940862,0.9502937189335744,6.250250486060623
mmlu-pro,,1.0,0.2,39,0.0162001103162765,0.9498418436511524,6.26978022562575
mmlu-pro,,1.0,0.2,40,0.0161038860678672,0.9439674649796655,6.339215727545213
mmlu-pro,,1.0,0.2,41,0.0161273777484893,0.9521012200632626,6.333387107613698
mmlu-pro,,1.0,0.2,42,0.0161463152617216,0.9493899683687302,6.313174738993248
mmlu-pro,,1.0,0.2,43,0.0161641631275415,0.9507455942159964,6.3044860320180875
mmlu-pro,,1.0,0.2,44,0.0161773301661014,0.9484862178038862,6.289959983468649
mmlu-pro,,1.0,0.2,45,0.016139505431056,0.9362855851784908,6.311932582686705
mmlu-pro,,1.0,0.2,46,0.0161648038774728,0.9575237234523272,6.2984719915445915
mmlu-pro,,1.0,0.2,47,0.0161654110997915,0.9502937189335744,6.302578858733339
mmlu-pro,,1.0,0.2,48,0.0161218829452991,0.9439674649796655,6.330039196169282
mmlu-pro,,1.0,0.2,49,0.0161151401698589,0.947582467239042,6.344745950033511
mmlu-pro,,1.0,0.2,50,0.016125701367855,0.94713059195662,6.328233043551729
mmlu-pro,,1.0,0.2,51,0.0161652863025665,0.9489380930863082,6.307575108812868
mmlu-pro,,1.0,0.2,52,0.016158040612936,0.9530049706281066,6.3069206404492
mmlu-pro,,1.0,0.2,53,0.016193214803934,0.9511974694984184,6.27007725517004
mmlu-pro,,1.0,0.2,54,0.0161264091730117,0.9575237234523272,6.324588843989375
mmlu-pro,,1.0,0.2,55,0.0161546785384416,0.9408043380027112,6.307218893123825
mmlu-pro,,1.0,0.2,56,0.0161744635552167,0.9453230908269318,6.296500394154382
mmlu-pro,,1.0,0.2,57,0.0161959994584321,0.9484862178038862,6.2671013600940135
mmlu-pro,,1.0,0.2,58,0.0161338169127702,0.956168097605061,6.3275322901266415
mmlu-pro,,1.0,0.2,59,0.016141815111041,0.946678716674198,6.310049879676501
mmlu-pro,,1.0,0.2,60,0.0161471050232648,0.9453230908269318,6.308987036386762
mmlu-pro,,1.0,0.2,61,0.0161656457930803,0.9507455942159964,6.2943824056664655
mmlu-pro,,1.0,0.2,62,0.0161291733384132,0.9421599638499776,6.3229311640833625
mmlu-pro,,1.0,0.2,63,0.0161485113203525,0.9417080885675554,6.308184895082911
mmlu-pro,,1.0,0.2,64,0.0161298215389251,0.9521012200632626,6.325531416916493
mmlu-pro,,1.0,0.2,65,0.0161688085645437,0.9489380930863082,6.2934378957025805
mmlu-pro,,1.0,0.2,66,0.0161768216639757,0.955716222322639,6.286768074503952
mmlu-pro,,1.0,0.2,67,0.0161359757184982,0.946678716674198,6.327749827732492
mmlu-pro,,1.0,0.2,68,0.0161973014473915,0.9367374604609128,6.264052504381368
mmlu-pro,,1.0,0.2,69,0.0161585509777069,0.9421599638499776,6.301846224849093
mmlu-pro,,1.0,0.2,70,0.016173118725419,0.9525530953456848,6.288721802651279
mmlu-pro,,1.0,0.2,71,0.016111796721816,0.9412562132851332,6.332657184779897
mmlu-pro,,1.0,0.2,72,0.016180969774723,0.9489380930863082,6.2877691633440795
mmlu-pro,,1.0,0.2,73,0.0161934532225132,0.948034342521464,6.2743035440502295
mmlu-pro,,1.0,0.2,74,0.0162137523293495,0.9606868504292816,6.256576344184137
mmlu-pro,,1.0,0.2,75,0.0161160323768854,0.9507455942159964,6.339937164961435
mmlu-pro,,1.0,0.2,76,0.016137583181262,0.9430637144148216,6.311414539162831
mmlu-pro,,1.0,0.2,77,0.016152361407876,0.9362855851784908,6.302406616670561
mmlu-pro,,1.0,0.2,78,0.0161313898861408,0.9417080885675554,6.320914975805042
mmlu-pro,,1.0,0.2,79,0.0161654632538557,0.9435155896972436,6.295734141715905
mmlu-pro,,1.0,0.2,80,0.0161552149802446,0.948034342521464,6.302902147616415
mmlu-pro,,1.0,0.2,81,0.0161410123109817,0.955716222322639,6.316361913830618
mmlu-pro,,1.0,0.2,82,0.016204135492444,0.9498418436511524,6.268957620823072
mmlu-pro,,1.0,0.2,83,0.0161745306104421,0.9417080885675554,6.296070225660739
mmlu-pro,,1.0,0.2,84,0.0162084735929965,0.9412562132851332,6.260072594404964
mmlu-pro,,1.0,0.2,85,0.0161526482552289,0.9435155896972436,6.305951326132095
mmlu-pro,,1.0,0.2,86,0.0161682292819023,0.946678716674198,6.296992168259848
mmlu-pro,,1.0,0.2,87,0.0161499064415693,0.945774966109354,6.310369706148924
mmlu-pro,,1.0,0.2,88,0.0162121150642633,0.9421599638499776,6.263254949689851
mmlu-pro,,1.0,0.2,89,0.0161285102367401,0.9421599638499776,6.3226600375070765
mmlu-pro,,1.0,0.2,90,0.0161570440977811,0.9521012200632626,6.301495978383898
mmlu-pro,,1.0,0.2,91,0.0161248948425054,0.9453230908269318,6.3314550358931605
mmlu-pro,,1.0,0.2,92,0.0161060933023691,0.9521012200632626,6.33438219040399
mmlu-pro,,1.0,0.2,93,0.0161344278603792,0.9417080885675554,6.321953770582858
mmlu-pro,,1.0,0.2,94,0.016110511496663,0.9579755987347492,6.338904988682525
mmlu-pro,,1.0,0.2,95,0.0161642916500568,0.9521012200632626,6.29718002675474
mmlu-pro,,1.0,0.2,96,0.0162467937916517,0.9417080885675554,6.227405489236194
mmlu-pro,,1.0,0.2,97,0.0161964520812034,0.9489380930863082,6.274651062025737
mmlu-pro,,1.0,0.2,98,0.0161960534751415,0.9521012200632626,6.267626170954727
mmlu-pro,,1.0,0.2,99,0.0162452012300491,0.9439674649796655,6.241498695906751
mmlu-pro,,1.0,0.225,0,0.0147969741374254,0.9453230908269318,6.472196446652319
mmlu-pro,,1.0,0.225,1,0.0148165160790085,0.9489380930863082,6.456942900606654
mmlu-pro,,1.0,0.225,2,0.0147944577038288,0.9511974694984184,6.4776523131497745
mmlu-pro,,1.0,0.225,3,0.0148206846788525,0.9543605964753727,6.448632815512213
mmlu-pro,,1.0,0.225,4,0.014828136190772,0.9525530953456848,6.448900174795254
mmlu-pro,,1.0,0.225,5,0.0148504469543695,0.946678716674198,6.431297063668125
mmlu-pro,,1.0,0.225,6,0.0147866643965244,0.9412562132851332,6.48616572718586
mmlu-pro,,1.0,0.225,7,0.0148301906883716,0.9511974694984184,6.439681253339447
mmlu-pro,,1.0,0.225,8,0.0147807793691754,0.9426118391323997,6.483013558920987
mmlu-pro,,1.0,0.225,9,0.0148346917703747,0.9511974694984184,6.432975094359411
mmlu-pro,,1.0,0.225,10,0.0147828981280326,0.9566199728874832,6.488108976080956
mmlu-pro,,1.0,0.225,11,0.0148782981559634,0.9448712155445096,6.396085559152993
mmlu-pro,,1.0,0.225,12,0.0148142222315073,0.955716222322639,6.452668314410507
mmlu-pro,,1.0,0.225,13,0.0148044452071189,0.947582467239042,6.465733525174016
mmlu-pro,,1.0,0.225,14,0.0148106086999177,0.9489380930863082,6.4604004737378204
mmlu-pro,,1.0,0.225,15,0.0148226050660014,0.9543605964753727,6.45867197993333
mmlu-pro,,1.0,0.225,16,0.0148106850683689,0.9521012200632626,6.457985233660706
mmlu-pro,,1.0,0.225,17,0.0147940795868635,0.9489380930863082,6.47806931895193
mmlu-pro,,1.0,0.225,18,0.0147865107282996,0.947582467239042,6.478031127807177
mmlu-pro,,1.0,0.225,19,0.0148156648501753,0.956168097605061,6.4593578046821465
mmlu-pro,,1.0,0.225,20,0.0148249799385666,0.9575237234523272,6.451138371720054
mmlu-pro,,1.0,0.225,21,0.0147763649001717,0.9453230908269318,6.494254878251517
mmlu-pro,,1.0,0.225,22,0.0148172006011009,0.9493899683687302,6.460618265380122
mmlu-pro,,1.0,0.225,23,0.0147998081520199,0.9548124717577948,6.4706591582600845
mmlu-pro,,1.0,0.225,24,0.0148343751206994,0.9525530953456848,6.444370601533197
mmlu-pro,,1.0,0.225,25,0.014802748337388,0.946226841391776,6.466645108247695
mmlu-pro,,1.0,0.225,26,0.0148060070350766,0.9498418436511524,6.466171064719402
mmlu-pro,,1.0,0.225,27,0.0147971035912632,0.9426118391323997,6.460470112048788
mmlu-pro,,1.0,0.225,28,0.0147563964128494,0.948034342521464,6.502969948962415
mmlu-pro,,1.0,0.225,29,0.0148065946996212,0.9534568459105288,6.4626564327873295
mmlu-pro,,1.0,0.225,30,0.014836193062365,0.9516493447808404,6.436892195820514
mmlu-pro,,1.0,0.225,31,0.0148044433444738,0.948034342521464,6.465349969250688
mmlu-pro,,1.0,0.225,32,0.0148575026541948,0.9575237234523272,6.417666068746752
mmlu-pro,,1.0,0.225,33,0.0148694775998592,0.9597830998644374,6.408859353342582
mmlu-pro,,1.0,0.225,34,0.0148355467244982,0.9502937189335744,6.440436367079391
mmlu-pro,,1.0,0.225,35,0.0148390410467982,0.9394487121554452,6.4423039149321575
mmlu-pro,,1.0,0.225,36,0.014843919314444,0.9448712155445096,6.433608465482038
mmlu-pro,,1.0,0.225,37,0.014799159951508,0.9548124717577948,6.474405077952572
mmlu-pro,,1.0,0.225,38,0.0148740587756037,0.9484862178038862,6.405542196991324
mmlu-pro,,1.0,0.225,39,0.0148469563573598,0.9484862178038862,6.430701782359463
mmlu-pro,,1.0,0.225,40,0.0147656258195638,0.946678716674198,6.496872373406895
mmlu-pro,,1.0,0.225,41,0.0147853419184684,0.9575237234523272,6.484459098006168
mmlu-pro,,1.0,0.225,42,0.0147923370823264,0.947582467239042,6.476122826839416
mmlu-pro,,1.0,0.225,43,0.0148175973445177,0.9498418436511524,6.4605176841642695
mmlu-pro,,1.0,0.225,44,0.0148278912529349,0.945774966109354,6.448970317238019
mmlu-pro,,1.0,0.225,45,0.0147950695827603,0.9426118391323997,6.469500740892695
mmlu-pro,,1.0,0.225,46,0.0148168457671999,0.9489380930863082,6.4549626805256715
mmlu-pro,,1.0,0.225,47,0.0148200159892439,0.947582467239042,6.458336302913133
mmlu-pro,,1.0,0.225,48,0.0147863589227199,0.9521012200632626,6.479896906425047
mmlu-pro,,1.0,0.225,49,0.0147779267281293,0.9444193402620876,6.4956728674924
mmlu-pro,,1.0,0.225,50,0.0147859817370772,0.9489380930863082,6.483160162146028
mmlu-pro,,1.0,0.225,51,0.0148190315812826,0.9498418436511524,6.461217268133523
mmlu-pro,,1.0,0.225,52,0.0148182371631264,0.9566199728874832,6.4573990683026175
mmlu-pro,,1.0,0.225,53,0.0148419300094246,0.9530049706281066,6.4303969529294465
mmlu-pro,,1.0,0.225,54,0.0147891482338309,0.9534568459105288,6.4768335734163305
mmlu-pro,,1.0,0.225,55,0.0148161351680755,0.9430637144148216,6.455383831213076
mmlu-pro,,1.0,0.225,56,0.0148373655974864,0.946226841391776,6.442647461534866
mmlu-pro,,1.0,0.225,57,0.014843032695353,0.9489380930863082,6.430368181452926
mmlu-pro,,1.0,0.225,58,0.0147907994687557,0.9534568459105288,6.482345889895177
mmlu-pro,,1.0,0.225,59,0.0147965913638472,0.945774966109354,6.468214896949225
mmlu-pro,,1.0,0.225,60,0.0148056140169501,0.9448712155445096,6.462610669710268
mmlu-pro,,1.0,0.225,61,0.0148262437433004,0.9426118391323997,6.44216392530877
mmlu-pro,,1.0,0.225,62,0.0147910686209797,0.9435155896972436,6.475324895344642
mmlu-pro,,1.0,0.225,63,0.0148063236847519,0.9439674649796655,6.463064440815877
mmlu-pro,,1.0,0.225,64,0.0147887170314788,0.9516493447808404,6.479786176630709
mmlu-pro,,1.0,0.225,65,0.0148206586018204,0.9543605964753727,6.4511885452162465
mmlu-pro,,1.0,0.225,66,0.0148340091109275,0.9534568459105288,6.43482593655994
mmlu-pro,,1.0,0.225,67,0.0147913647815585,0.9498418436511524,6.4817529365802296
mmlu-pro,,1.0,0.225,68,0.0148457773029804,0.9403524627202892,6.421655770335402
mmlu-pro,,1.0,0.225,69,0.014818824827671,0.9403524627202892,6.4525987989038285
mmlu-pro,,1.0,0.225,70,0.014825202524662,0.9498418436511524,6.445052670479182
mmlu-pro,,1.0,0.225,71,0.0147775849327445,0.9439674649796655,6.484509639946998
mmlu-pro,,1.0,0.225,72,0.0148301823064684,0.9521012200632626,6.442288315719884
mmlu-pro,,1.0,0.225,73,0.0148472702130675,0.9502937189335744,6.427998359050216
mmlu-pro,,1.0,0.225,74,0.0148629015311598,0.9661093538183462,6.411095425205144
mmlu-pro,,1.0,0.225,75,0.0147765297442674,0.9521012200632626,6.490584628527069
mmlu-pro,,1.0,0.225,76,0.0147905405610799,0.9484862178038862,6.467829154979368
mmlu-pro,,1.0,0.225,77,0.0148119935765862,0.9444193402620876,6.458130170185857
mmlu-pro,,1.0,0.225,78,0.0147839523851871,0.9435155896972436,6.481272776477272
mmlu-pro,,1.0,0.225,79,0.0148190455511212,0.9448712155445096,6.451983863982732
mmlu-pro,,1.0,0.225,80,0.0148090198636055,0.9484862178038862,6.455783711024194
mmlu-pro,,1.0,0.225,81,0.0147939091548323,0.9511974694984184,6.475246326136261
mmlu-pro,,1.0,0.225,82,0.0148479873314499,0.9507455942159964,6.427186641950923
mmlu-pro,,1.0,0.225,83,0.0148206548765301,0.9421599638499776,6.4571113838227765
mmlu-pro,,1.0,0.225,84,0.0148593606427311,0.9417080885675554,6.413837579153564
mmlu-pro,,1.0,0.225,85,0.0148060861974954,0.9453230908269318,6.463926799224505
mmlu-pro,,1.0,0.225,86,0.0148199591785669,0.9502937189335744,6.45105558017537
mmlu-pro,,1.0,0.225,87,0.0148075250908732,0.9444193402620876,6.4617138688725255
mmlu-pro,,1.0,0.225,88,0.0148561531677842,0.9421599638499776,6.422584698267322
mmlu-pro,,1.0,0.225,89,0.0147921098396182,0.9430637144148216,6.47299080631876
mmlu-pro,,1.0,0.225,90,0.0148013802245259,0.9498418436511524,6.466634742430359
mmlu-pro,,1.0,0.225,91,0.0147872362285852,0.946226841391776,6.480260550399374
mmlu-pro,,1.0,0.225,92,0.0147704556584358,0.9516493447808404,6.489517989913075
mmlu-pro,,1.0,0.225,93,0.0147910648956894,0.945774966109354,6.476447220197478
mmlu-pro,,1.0,0.225,94,0.0147688332945108,0.9566199728874832,6.4932536761665975
mmlu-pro,,1.0,0.225,95,0.0148209668695926,0.9521012200632626,6.447283082521219
mmlu-pro,,1.0,0.225,96,0.0148895885795354,0.9417080885675554,6.384583589342639
mmlu-pro,,1.0,0.225,97,0.014846415258944,0.947582467239042,6.427323856952016
mmlu-pro,,1.0,0.225,98,0.0148416245356202,0.9493899683687302,6.429607639063413
mmlu-pro,,1.0,0.225,99,0.0148909129202365,0.9417080885675554,6.399784854548923
mmlu-pro,,1.0,0.25,0,0.0136727448552846,0.948034342521464,6.601795266746926
mmlu-pro,,1.0,0.25,1,0.0137405861169099,0.9489380930863082,6.536567995486823
mmlu-pro,,1.0,0.25,2,0.0136898616328835,0.9448712155445096,6.589565573759854
mmlu-pro,,1.0,0.25,3,0.0136240376159548,0.9552643470402168,6.644305608848679
mmlu-pro,,1.0,0.25,4,0.0137241641059517,0.9498418436511524,6.5533543458514165
mmlu-pro,,1.0,0.25,5,0.0136933410540223,0.9444193402620876,6.58447189702414
mmlu-pro,,1.0,0.25,6,0.0136688062921166,0.9502937189335744,6.612191936400312
mmlu-pro,,1.0,0.25,7,0.0136460857465863,0.9498418436511524,6.624333447917129
mmlu-pro,,1.0,0.25,8,0.0137325450778007,0.9502937189335744,6.542971918666444
mmlu-pro,,1.0,0.25,9,0.0137688759714365,0.9570718481699052,6.503479764745955
mmlu-pro,,1.0,0.25,10,0.0136479502543807,0.9444193402620876,6.629316467729603
mmlu-pro,,1.0,0.25,11,0.0136802801862359,0.9498418436511524,6.587126704247875
mmlu-pro,,1.0,0.25,12,0.0137115912511944,0.9530049706281066,6.560397366657495
mmlu-pro,,1.0,0.25,13,0.0137009993195533,0.9516493447808404,6.577612367722661
mmlu-pro,,1.0,0.25,14,0.0136886937543749,0.9408043380027112,6.584476245047183
mmlu-pro,,1.0,0.25,15,0.0136886509135365,0.9534568459105288,6.595358621855016
mmlu-pro,,1.0,0.25,16,0.013705282472074,0.9511974694984184,6.5704594470530155
mmlu-pro,,1.0,0.25,17,0.0136977024376392,0.956168097605061,6.580698132785194
mmlu-pro,,1.0,0.25,18,0.0136952381581068,0.9584274740171712,6.57794484293297
mmlu-pro,,1.0,0.25,19,0.0136919543147087,0.946678716674198,6.5863810876051785
mmlu-pro,,1.0,0.25,20,0.0136390468105673,0.94713059195662,6.636257463850025
mmlu-pro,,1.0,0.25,21,0.0136784268543124,0.9539087211929508,6.598445236048939
mmlu-pro,,1.0,0.25,22,0.0137076750397682,0.9444193402620876,6.574034591676365
mmlu-pro,,1.0,0.25,23,0.0136721413582563,0.945774966109354,6.603431120104955
mmlu-pro,,1.0,0.25,24,0.013697656802833,0.9539087211929508,6.580416869950237
mmlu-pro,,1.0,0.25,25,0.0136596169322729,0.94713059195662,6.613650753460473
mmlu-pro,,1.0,0.25,26,0.0136970607563853,0.955716222322639,6.578751513347748
mmlu-pro,,1.0,0.25,27,0.0137140238657593,0.9444193402620876,6.553666146691016
mmlu-pro,,1.0,0.25,28,0.0137423211708664,0.9493899683687302,6.528258317588842
mmlu-pro,,1.0,0.25,29,0.0136621575802564,0.9493899683687302,6.607667936149973
mmlu-pro,,1.0,0.25,30,0.013722876086831,0.9489380930863082,6.550661182022536
mmlu-pro,,1.0,0.25,31,0.0137112541124224,0.947582467239042,6.5663177650221565
mmlu-pro,,1.0,0.25,32,0.0136762307956814,0.9444193402620876,6.597289759406364
mmlu-pro,,1.0,0.25,33,0.0137320049107074,0.9539087211929508,6.546369685254864
mmlu-pro,,1.0,0.25,34,0.0137091428041458,0.9521012200632626,6.568156586394376
mmlu-pro,,1.0,0.25,35,0.0137091940268874,0.9421599638499776,6.5747237224116395
mmlu-pro,,1.0,0.25,36,0.0137163149192929,0.9412562132851332,6.564221519167085
mmlu-pro,,1.0,0.25,37,0.0136775160208344,0.9484862178038862,6.600083972135825
mmlu-pro,,1.0,0.25,38,0.0137428017333149,0.946678716674198,6.5346392898887276
mmlu-pro,,1.0,0.25,39,0.013715642504394,0.9511974694984184,6.560777987464382
mmlu-pro,,1.0,0.25,40,0.0136429397389292,0.946226841391776,6.629430409143323
mmlu-pro,,1.0,0.25,41,0.0137097407132387,0.9516493447808404,6.568068373469555
mmlu-pro,,1.0,0.25,42,0.0136716244742274,0.9444193402620876,6.601009402213564
mmlu-pro,,1.0,0.25,43,0.0137014454230666,0.9534568459105288,6.582405007701274
mmlu-pro,,1.0,0.25,44,0.0137127451598644,0.945774966109354,6.564273174503104
mmlu-pro,,1.0,0.25,45,0.0136533128097653,0.9484862178038862,6.616908327613683
mmlu-pro,,1.0,0.25,46,0.0137256029993295,0.9521012200632626,6.54943100014241
mmlu-pro,,1.0,0.25,47,0.0136783774942159,0.946678716674198,6.603897651928882
mmlu-pro,,1.0,0.25,48,0.013660947792232,0.9525530953456848,6.61406488716557
mmlu-pro,,1.0,0.25,49,0.0136723844334483,0.9502937189335744,6.60921621005348
mmlu-pro,,1.0,0.25,50,0.0137152029201388,0.9516493447808404,6.560188370142591
mmlu-pro,,1.0,0.25,51,0.0136875705793499,0.9511974694984184,6.595900693311274
mmlu-pro,,1.0,0.25,52,0.0137218665331602,0.9435155896972436,6.556483357757781
mmlu-pro,,1.0,0.25,53,0.0136879198253154,0.9448712155445096,6.587690646670867
mmlu-pro,,1.0,0.25,54,0.0136847412213683,0.9516493447808404,6.5896625142314385
mmlu-pro,,1.0,0.25,55,0.0136895952746272,0.946678716674198,6.585381279307585
mmlu-pro,,1.0,0.25,56,0.0137004060670733,0.9453230908269318,6.581739226978307
mmlu-pro,,1.0,0.25,57,0.013660792261362,0.9530049706281066,6.612424413318397
mmlu-pro,,1.0,0.25,58,0.013632446527481,0.9448712155445096,6.64402750316565
mmlu-pro,,1.0,0.25,59,0.0136950062587857,0.9489380930863082,6.576254741805784
mmlu-pro,,1.0,0.25,60,0.0136895179748535,0.9543605964753727,6.585909576757294
mmlu-pro,,1.0,0.25,61,0.0136377085000276,0.9552643470402168,6.631344463997549
mmlu-pro,,1.0,0.25,62,0.013696844689548,0.9439674649796655,6.575730889986998
mmlu-pro,,1.0,0.25,63,0.013718239031732,0.9530049706281066,6.556428215062227
mmlu-pro,,1.0,0.25,64,0.0137083260342478,0.9489380930863082,6.567790117364446
mmlu-pro,,1.0,0.25,65,0.0136775830760598,0.9435155896972436,6.5972444657314036
mmlu-pro,,1.0,0.25,66,0.0136966360732913,0.9498418436511524,6.572596330832807
mmlu-pro,,1.0,0.25,67,0.0136620998382568,0.948034342521464,6.618439594265059
mmlu-pro,,1.0,0.25,68,0.0137149328365921,0.9376412110257568,6.552924021395915
mmlu-pro,,1.0,0.25,69,0.0136869382113218,0.9439674649796655,6.589276970520251
mmlu-pro,,1.0,0.25,70,0.0136951729655265,0.9498418436511524,6.579940110678134
mmlu-pro,,1.0,0.25,71,0.0136607065796852,0.9435155896972436,6.610521583557267
mmlu-pro,,1.0,0.25,72,0.0137002235278487,0.947582467239042,6.5752904462718496
mmlu-pro,,1.0,0.25,73,0.0137138124555349,0.9484862178038862,6.562534686176656
mmlu-pro,,1.0,0.25,74,0.0137236462906003,0.9588793492995934,6.549525773504662
mmlu-pro,,1.0,0.25,75,0.0136506129056215,0.9525530953456848,6.623187498790086
mmlu-pro,,1.0,0.25,76,0.0136646814644336,0.9507455942159964,6.601700643520971
mmlu-pro,,1.0,0.25,77,0.0136842774227261,0.9493899683687302,6.590882157995915
mmlu-pro,,1.0,0.25,78,0.0136624090373516,0.946678716674198,6.611609676633341
mmlu-pro,,1.0,0.25,79,0.013694068416953,0.9444193402620876,6.57950686547655
mmlu-pro,,1.0,0.25,80,0.0136825451627373,0.9484862178038862,6.587556522913609
mmlu-pro,,1.0,0.25,81,0.013666933402419,0.9525530953456848,6.605987234837732
mmlu-pro,,1.0,0.25,82,0.013708091340959,0.9511974694984184,6.565832466230828
mmlu-pro,,1.0,0.25,83,0.0136926043778657,0.946678716674198,6.587907732494462
mmlu-pro,,1.0,0.25,84,0.0137256793677806,0.9421599638499776,6.545934261097169
mmlu-pro,,1.0,0.25,85,0.0136784529313445,0.9435155896972436,6.599021737567909
mmlu-pro,,1.0,0.25,86,0.0136915752664208,0.946678716674198,6.582816330520928
mmlu-pro,,1.0,0.25,87,0.013682547956705,0.947582467239042,6.589864280333487
mmlu-pro,,1.0,0.25,88,0.0137254428118467,0.94713059195662,6.55313658953928
mmlu-pro,,1.0,0.25,89,0.0136656584218144,0.9444193402620876,6.605269309608616
mmlu-pro,,1.0,0.25,90,0.0136749781668186,0.94713059195662,6.597741308404071
mmlu-pro,,1.0,0.25,91,0.0136610679328441,0.945774966109354,6.613632971771133
mmlu-pro,,1.0,0.25,92,0.0136470114812254,0.9530049706281066,6.6194379788345294
mmlu-pro,,1.0,0.25,93,0.0136703271418809,0.945774966109354,6.603553599190836
mmlu-pro,,1.0,0.25,94,0.0136560536921024,0.955716222322639,6.612763795840019
mmlu-pro,,1.0,0.25,95,0.013690510764718,0.94713059195662,6.581512465828977
mmlu-pro,,1.0,0.25,96,0.0137511352077126,0.9417080885675554,6.521533097355128
mmlu-pro,,1.0,0.25,97,0.0137119442224502,0.9444193402620876,6.5615794391746
mmlu-pro,,1.0,0.25,98,0.0137094091624021,0.9484862178038862,6.562341144203656
mmlu-pro,,1.0,0.25,99,0.013752045109868,0.946678716674198,6.534037121733948
