dataset,n_full_obs,mcar_obs_prob,prop_budget,seed,mean_width,coverage,ess_multiplier
bbh+gpqa+ifeval+math+musr,,1.0,0.025,0,0.090169608592987,0.9425858951175408,3.1130898699202243
bbh+gpqa+ifeval+math+musr,,1.0,0.025,1,0.0899912044405937,0.9389692585895116,3.1336789066431883
bbh+gpqa+ifeval+math+musr,,1.0,0.025,2,0.0896219983696937,0.9416817359855334,3.146817205682625
bbh+gpqa+ifeval+math+musr,,1.0,0.025,3,0.0899354442954063,0.940777576853526,3.1344780106916095
bbh+gpqa+ifeval+math+musr,,1.0,0.025,4,0.0902052149176597,0.9380650994575044,3.117357179457376
bbh+gpqa+ifeval+math+musr,,1.0,0.025,5,0.0898118764162063,0.9430379746835442,3.134085240928064
bbh+gpqa+ifeval+math+musr,,1.0,0.025,6,0.0901901274919509,0.945750452079566,3.11590093270843
bbh+gpqa+ifeval+math+musr,,1.0,0.025,7,0.0897219330072403,0.9475587703435804,3.150862505922838
bbh+gpqa+ifeval+math+musr,,1.0,0.025,8,0.0899314954876899,0.9452983725135624,3.125002344197652
bbh+gpqa+ifeval+math+musr,,1.0,0.025,9,0.0894785299897193,0.9498191681735986,3.1517339178528756
bbh+gpqa+ifeval+math+musr,,1.0,0.025,10,0.0903680846095085,0.9430379746835442,3.108051776785115
bbh+gpqa+ifeval+math+musr,,1.0,0.025,11,0.0900287330150604,0.9507233273056056,3.1260004195514592
bbh+gpqa+ifeval+math+musr,,1.0,0.025,12,0.0903074890375137,0.9452983725135624,3.1058257042842707
bbh+gpqa+ifeval+math+musr,,1.0,0.025,13,0.0897468701004982,0.940777576853526,3.1415816683368805
bbh+gpqa+ifeval+math+musr,,1.0,0.025,14,0.0905301943421363,0.9466546112115732,3.0875175077470933
bbh+gpqa+ifeval+math+musr,,1.0,0.025,15,0.0897720158100128,0.9430379746835442,3.1290756161628397
bbh+gpqa+ifeval+math+musr,,1.0,0.025,16,0.0901130959391594,0.9462025316455696,3.112032305644122
bbh+gpqa+ifeval+math+musr,,1.0,0.025,17,0.0902617946267128,0.945750452079566,3.1046063170631366
bbh+gpqa+ifeval+math+musr,,1.0,0.025,18,0.0898831561207771,0.940777576853526,3.1333607102950336
bbh+gpqa+ifeval+math+musr,,1.0,0.025,19,0.0902391970157623,0.948010849909584,3.093300197742035
bbh+gpqa+ifeval+math+musr,,1.0,0.025,20,0.0899276956915855,0.93625678119349,3.138224606152786
bbh+gpqa+ifeval+math+musr,,1.0,0.025,21,0.0896108224987983,0.9353526220614828,3.151684781148122
bbh+gpqa+ifeval+math+musr,,1.0,0.025,22,0.0902084708213806,0.950271247739602,3.109308225141142
bbh+gpqa+ifeval+math+musr,,1.0,0.025,23,0.0899186059832573,0.9403254972875226,3.1355417197263855
bbh+gpqa+ifeval+math+musr,,1.0,0.025,24,0.0896825566887855,0.9443942133815552,3.162569679782849
bbh+gpqa+ifeval+math+musr,,1.0,0.025,25,0.0896644741296768,0.9326401446654612,3.143349139724775
bbh+gpqa+ifeval+math+musr,,1.0,0.025,26,0.0902470424771308,0.9403254972875226,3.1071841360828865
bbh+gpqa+ifeval+math+musr,,1.0,0.025,27,0.0900715142488479,0.9448462929475588,3.1190368894560927
bbh+gpqa+ifeval+math+musr,,1.0,0.025,28,0.0903469771146774,0.9443942133815552,3.1036692234839633
bbh+gpqa+ifeval+math+musr,,1.0,0.025,29,0.0903848484158515,0.9452983725135624,3.1028395273523643
bbh+gpqa+ifeval+math+musr,,1.0,0.025,30,0.0898645967245101,0.9452983725135624,3.14223461190725
bbh+gpqa+ifeval+math+musr,,1.0,0.025,31,0.0903919786214828,0.9371609403254972,3.1010098833757143
bbh+gpqa+ifeval+math+musr,,1.0,0.025,32,0.0903206244111061,0.9462025316455696,3.114216924584942
bbh+gpqa+ifeval+math+musr,,1.0,0.025,33,0.0898781344294548,0.9448462929475588,3.1448575788490465
bbh+gpqa+ifeval+math+musr,,1.0,0.025,34,0.0903669223189354,0.9466546112115732,3.1108138178345066
bbh+gpqa+ifeval+math+musr,,1.0,0.025,35,0.0899679288268089,0.9462025316455696,3.138601320588732
bbh+gpqa+ifeval+math+musr,,1.0,0.025,36,0.0899881646037101,0.939873417721519,3.122767015364087
bbh+gpqa+ifeval+math+musr,,1.0,0.025,37,0.0900488048791885,0.943490054249548,3.139928078094155
bbh+gpqa+ifeval+math+musr,,1.0,0.025,38,0.0902644023299217,0.943490054249548,3.108743156953897
bbh+gpqa+ifeval+math+musr,,1.0,0.025,39,0.0900569334626197,0.939873417721519,3.119876271691068
bbh+gpqa+ifeval+math+musr,,1.0,0.025,40,0.0906747505068779,0.9403254972875226,3.075772114832359
bbh+gpqa+ifeval+math+musr,,1.0,0.025,41,0.0895370841026306,0.9462025316455696,3.1577740916618073
bbh+gpqa+ifeval+math+musr,,1.0,0.025,42,0.0897911041975021,0.9430379746835442,3.1478939330497777
bbh+gpqa+ifeval+math+musr,,1.0,0.025,43,0.089735060930252,0.9376130198915008,3.145855984623721
bbh+gpqa+ifeval+math+musr,,1.0,0.025,44,0.0896530002355575,0.9452983725135624,3.157918592287519
bbh+gpqa+ifeval+math+musr,,1.0,0.025,45,0.0903878808021545,0.9371609403254972,3.10763263044113
bbh+gpqa+ifeval+math+musr,,1.0,0.025,46,0.089935153722763,0.9466546112115732,3.1301530263743995
bbh+gpqa+ifeval+math+musr,,1.0,0.025,47,0.0900311917066574,0.950271247739602,3.126920095591218
bbh+gpqa+ifeval+math+musr,,1.0,0.025,48,0.0899668410420417,0.9475587703435804,3.1271312373911653
bbh+gpqa+ifeval+math+musr,,1.0,0.025,49,0.0896386131644249,0.9443942133815552,3.1540562490682627
bbh+gpqa+ifeval+math+musr,,1.0,0.025,50,0.0899745374917984,0.9443942133815552,3.1258729857779177
bbh+gpqa+ifeval+math+musr,,1.0,0.025,51,0.0905165895819664,0.9376130198915008,3.0921951176494678
bbh+gpqa+ifeval+math+musr,,1.0,0.025,52,0.0901277214288711,0.9412296564195298,3.10680876777768
bbh+gpqa+ifeval+math+musr,,1.0,0.025,53,0.0900152623653411,0.945750452079566,3.127566658889596
bbh+gpqa+ifeval+math+musr,,1.0,0.025,54,0.0904689654707908,0.939873417721519,3.088937010845508
bbh+gpqa+ifeval+math+musr,,1.0,0.025,55,0.0893256664276123,0.9448462929475588,3.178470984223533
bbh+gpqa+ifeval+math+musr,,1.0,0.025,56,0.0901370495557785,0.93625678119349,3.1151478673751765
bbh+gpqa+ifeval+math+musr,,1.0,0.025,57,0.0898296684026718,0.9520795660036168,3.13479902268568
bbh+gpqa+ifeval+math+musr,,1.0,0.025,58,0.0896503925323486,0.9452983725135624,3.156773827408066
bbh+gpqa+ifeval+math+musr,,1.0,0.025,59,0.0903442949056625,0.9498191681735986,3.101519410637863
bbh+gpqa+ifeval+math+musr,,1.0,0.025,60,0.0898886919021606,0.948010849909584,3.124139616231893
bbh+gpqa+ifeval+math+musr,,1.0,0.025,61,0.0898962765932083,0.939873417721519,3.1494948874568487
bbh+gpqa+ifeval+math+musr,,1.0,0.025,62,0.0901336148381233,0.943490054249548,3.118668350001571
bbh+gpqa+ifeval+math+musr,,1.0,0.025,63,0.0899000391364097,0.9403254972875226,3.1230170681489073
bbh+gpqa+ifeval+math+musr,,1.0,0.025,64,0.0901738032698631,0.9466546112115732,3.115186180957164
bbh+gpqa+ifeval+math+musr,,1.0,0.025,65,0.089786596596241,0.9452983725135624,3.134071357303073
bbh+gpqa+ifeval+math+musr,,1.0,0.025,66,0.089987888932228,0.945750452079566,3.1327643275104315
bbh+gpqa+ifeval+math+musr,,1.0,0.025,67,0.0901314094662666,0.943490054249548,3.124565506813437
bbh+gpqa+ifeval+math+musr,,1.0,0.025,68,0.0901668220758438,0.950271247739602,3.1094728672524945
bbh+gpqa+ifeval+math+musr,,1.0,0.025,69,0.0897604599595069,0.9452983725135624,3.1384702234927873
bbh+gpqa+ifeval+math+musr,,1.0,0.025,70,0.090090624988079,0.938517179023508,3.1250596589496435
bbh+gpqa+ifeval+math+musr,,1.0,0.025,71,0.0903559252619743,0.9412296564195298,3.0978374544107976
bbh+gpqa+ifeval+math+musr,,1.0,0.025,72,0.0895889848470687,0.9394213381555152,3.161399176550928
bbh+gpqa+ifeval+math+musr,,1.0,0.025,73,0.0901348292827606,0.9416817359855334,3.1150445647739096
bbh+gpqa+ifeval+math+musr,,1.0,0.025,74,0.0897003859281539,0.9443942133815552,3.1480628291542887
bbh+gpqa+ifeval+math+musr,,1.0,0.025,75,0.0903652161359787,0.945750452079566,3.1060958086915256
bbh+gpqa+ifeval+math+musr,,1.0,0.025,76,0.0899147763848304,0.940777576853526,3.1355200518803397
bbh+gpqa+ifeval+math+musr,,1.0,0.025,77,0.0901761651039123,0.9416817359855334,3.1223605140934336
bbh+gpqa+ifeval+math+musr,,1.0,0.025,78,0.0899742618203163,0.9421338155515372,3.119116633475439
bbh+gpqa+ifeval+math+musr,,1.0,0.025,79,0.0898470506072044,0.9507233273056056,3.1312209169613343
bbh+gpqa+ifeval+math+musr,,1.0,0.025,80,0.0894866362214088,0.940777576853526,3.15888151088622
bbh+gpqa+ifeval+math+musr,,1.0,0.025,81,0.0900899916887283,0.9452983725135624,3.1181209200172297
bbh+gpqa+ifeval+math+musr,,1.0,0.025,82,0.0899266153573989,0.9484629294755876,3.129907219866441
bbh+gpqa+ifeval+math+musr,,1.0,0.025,83,0.0896346792578697,0.943490054249548,3.1498444611269583
bbh+gpqa+ifeval+math+musr,,1.0,0.025,84,0.090152271091938,0.9376130198915008,3.107698056550177
bbh+gpqa+ifeval+math+musr,,1.0,0.025,85,0.0900219976902008,0.9452983725135624,3.1313684756617306
bbh+gpqa+ifeval+math+musr,,1.0,0.025,86,0.0902344137430191,0.945750452079566,3.1068801878086485
bbh+gpqa+ifeval+math+musr,,1.0,0.025,87,0.0898945108056068,0.943490054249548,3.136830595381443
bbh+gpqa+ifeval+math+musr,,1.0,0.025,88,0.0900136679410934,0.948010849909584,3.122585380348154
bbh+gpqa+ifeval+math+musr,,1.0,0.025,89,0.0899062901735305,0.9299276672694394,3.121970721323226
bbh+gpqa+ifeval+math+musr,,1.0,0.025,90,0.0901261642575264,0.9448462929475588,3.117861944800018
bbh+gpqa+ifeval+math+musr,,1.0,0.025,91,0.0899569690227508,0.9493670886075948,3.128062545702107
bbh+gpqa+ifeval+math+musr,,1.0,0.025,92,0.09029570966959,0.9452983725135624,3.103264079948707
bbh+gpqa+ifeval+math+musr,,1.0,0.025,93,0.0901947319507598,0.9403254972875226,3.110471158781939
bbh+gpqa+ifeval+math+musr,,1.0,0.025,94,0.0898759141564369,0.9421338155515372,3.142304374052103
bbh+gpqa+ifeval+math+musr,,1.0,0.025,95,0.0903716385364532,0.9439421338155516,3.1008511863655577
bbh+gpqa+ifeval+math+musr,,1.0,0.025,96,0.0896768048405647,0.939873417721519,3.12972260157694
bbh+gpqa+ifeval+math+musr,,1.0,0.025,97,0.0899767950177192,0.9462025316455696,3.1256868513952107
bbh+gpqa+ifeval+math+musr,,1.0,0.025,98,0.089906983077526,0.9425858951175408,3.1329561873707847
bbh+gpqa+ifeval+math+musr,,1.0,0.025,99,0.089831531047821,0.9326401446654612,3.1305511010677685
bbh+gpqa+ifeval+math+musr,,1.0,0.05,0,0.057272370904684,0.9466546112115732,3.7697266532884743
bbh+gpqa+ifeval+math+musr,,1.0,0.05,1,0.0572662763297557,0.9466546112115732,3.773864088471448
bbh+gpqa+ifeval+math+musr,,1.0,0.05,2,0.0569069162011146,0.9489150090415912,3.8111019303126907
bbh+gpqa+ifeval+math+musr,,1.0,0.05,3,0.0573480278253555,0.9443942133815552,3.761982223905026
bbh+gpqa+ifeval+math+musr,,1.0,0.05,4,0.0572671666741371,0.9425858951175408,3.772108672439272
bbh+gpqa+ifeval+math+musr,,1.0,0.05,5,0.0571381151676178,0.9448462929475588,3.7813107928065812
bbh+gpqa+ifeval+math+musr,,1.0,0.05,6,0.057246271520853,0.9452983725135624,3.7646599631119937
bbh+gpqa+ifeval+math+musr,,1.0,0.05,7,0.0572035610675811,0.9412296564195298,3.7810397915475598
bbh+gpqa+ifeval+math+musr,,1.0,0.05,8,0.0571106784045696,0.9389692585895116,3.7868359478278864
bbh+gpqa+ifeval+math+musr,,1.0,0.05,9,0.0570224970579147,0.9452983725135624,3.789230786270619
bbh+gpqa+ifeval+math+musr,,1.0,0.05,10,0.0574161671102047,0.9443942133815552,3.750552931901876
bbh+gpqa+ifeval+math+musr,,1.0,0.05,11,0.0573339648544788,0.951627486437613,3.759031279925964
bbh+gpqa+ifeval+math+musr,,1.0,0.05,12,0.0572966672480106,0.9394213381555152,3.765268035714088
bbh+gpqa+ifeval+math+musr,,1.0,0.05,13,0.0572563037276268,0.940777576853526,3.773653885588101
bbh+gpqa+ifeval+math+musr,,1.0,0.05,14,0.0573764890432357,0.9511754068716094,3.744393467012603
bbh+gpqa+ifeval+math+musr,,1.0,0.05,15,0.0570580922067165,0.9534358047016276,3.792158100469095
bbh+gpqa+ifeval+math+musr,,1.0,0.05,16,0.0572909340262413,0.950271247739602,3.7616149849738862
bbh+gpqa+ifeval+math+musr,,1.0,0.05,17,0.0574098005890846,0.9511754068716094,3.7457564216777204
bbh+gpqa+ifeval+math+musr,,1.0,0.05,18,0.0573263689875602,0.9376130198915008,3.7543481625764343
bbh+gpqa+ifeval+math+musr,,1.0,0.05,19,0.0572508163750171,0.9475587703435804,3.7640839858273663
bbh+gpqa+ifeval+math+musr,,1.0,0.05,20,0.0573014318943023,0.939873417721519,3.7671636231307506
bbh+gpqa+ifeval+math+musr,,1.0,0.05,21,0.0572691969573497,0.948010849909584,3.7699601110359287
bbh+gpqa+ifeval+math+musr,,1.0,0.05,22,0.0571686215698719,0.948010849909584,3.780411180046072
bbh+gpqa+ifeval+math+musr,,1.0,0.05,23,0.0572786517441272,0.9471066907775768,3.764544156931226
bbh+gpqa+ifeval+math+musr,,1.0,0.05,24,0.0570646524429321,0.943490054249548,3.8030180767144857
bbh+gpqa+ifeval+math+musr,,1.0,0.05,25,0.0571257844567298,0.9380650994575044,3.78143164025814
bbh+gpqa+ifeval+math+musr,,1.0,0.05,26,0.0574675127863884,0.9475587703435804,3.738262858929365
bbh+gpqa+ifeval+math+musr,,1.0,0.05,27,0.05731912702322,0.945750452079566,3.753476962050537
bbh+gpqa+ifeval+math+musr,,1.0,0.05,28,0.0573516599833965,0.9430379746835442,3.7563408972074583
bbh+gpqa+ifeval+math+musr,,1.0,0.05,29,0.0574771761894226,0.943490054249548,3.7355371767881964
bbh+gpqa+ifeval+math+musr,,1.0,0.05,30,0.0572266243398189,0.9452983725135624,3.780186094424244
bbh+gpqa+ifeval+math+musr,,1.0,0.05,31,0.0574152953922748,0.943490054249548,3.741885021887065
bbh+gpqa+ifeval+math+musr,,1.0,0.05,32,0.0573640540242195,0.943490054249548,3.757264256526968
bbh+gpqa+ifeval+math+musr,,1.0,0.05,33,0.0571450293064117,0.9403254972875226,3.780776593808442
bbh+gpqa+ifeval+math+musr,,1.0,0.05,34,0.0574992224574089,0.9421338155515372,3.7434903798404036
bbh+gpqa+ifeval+math+musr,,1.0,0.05,35,0.0571330040693283,0.943490054249548,3.7892181485421377
bbh+gpqa+ifeval+math+musr,,1.0,0.05,36,0.0573469176888465,0.9471066907775768,3.752504696499391
bbh+gpqa+ifeval+math+musr,,1.0,0.05,37,0.0570544004440307,0.9448462929475588,3.7996900505975177
bbh+gpqa+ifeval+math+musr,,1.0,0.05,38,0.0573412179946899,0.9380650994575044,3.7533811233855303
bbh+gpqa+ifeval+math+musr,,1.0,0.05,39,0.0572734363377094,0.9466546112115732,3.756399596594134
bbh+gpqa+ifeval+math+musr,,1.0,0.05,40,0.0575180537998676,0.9439421338155516,3.7285018846332587
bbh+gpqa+ifeval+math+musr,,1.0,0.05,41,0.0571002438664436,0.9394213381555152,3.7880098142254077
bbh+gpqa+ifeval+math+musr,,1.0,0.05,42,0.0572789832949638,0.9403254972875226,3.772814397206735
bbh+gpqa+ifeval+math+musr,,1.0,0.05,43,0.0572712793946266,0.9448462929475588,3.7673342622499177
bbh+gpqa+ifeval+math+musr,,1.0,0.05,44,0.0570531599223613,0.9462025316455696,3.7969324574743233
bbh+gpqa+ifeval+math+musr,,1.0,0.05,45,0.0574185065925121,0.950271247739602,3.747565563644009
bbh+gpqa+ifeval+math+musr,,1.0,0.05,46,0.0571678392589092,0.9534358047016276,3.7798619054880582
bbh+gpqa+ifeval+math+musr,,1.0,0.05,47,0.0572264455258846,0.940777576853526,3.7766712204060457
bbh+gpqa+ifeval+math+musr,,1.0,0.05,48,0.0573004819452762,0.9462025316455696,3.7588850979907806
bbh+gpqa+ifeval+math+musr,,1.0,0.05,49,0.0569957941770553,0.9466546112115732,3.8041123562793793
bbh+gpqa+ifeval+math+musr,,1.0,0.05,50,0.057098101824522,0.9484629294755876,3.791328622860086
bbh+gpqa+ifeval+math+musr,,1.0,0.05,51,0.0573777332901954,0.9403254972875226,3.7461700671075175
bbh+gpqa+ifeval+math+musr,,1.0,0.05,52,0.0572356283664703,0.9389692585895116,3.7689375782658314
bbh+gpqa+ifeval+math+musr,,1.0,0.05,53,0.0573450215160846,0.9493670886075948,3.7544016250739283
bbh+gpqa+ifeval+math+musr,,1.0,0.05,54,0.0575648248195648,0.9462025316455696,3.7243226875291553
bbh+gpqa+ifeval+math+musr,,1.0,0.05,55,0.0568989142775535,0.9421338155515372,3.816572665365649
bbh+gpqa+ifeval+math+musr,,1.0,0.05,56,0.0572293251752853,0.9371609403254972,3.765104629735995
bbh+gpqa+ifeval+math+musr,,1.0,0.05,57,0.0570732653141021,0.9484629294755876,3.7911734531827745
bbh+gpqa+ifeval+math+musr,,1.0,0.05,58,0.0571658238768577,0.943490054249548,3.7899652262621566
bbh+gpqa+ifeval+math+musr,,1.0,0.05,59,0.0572393462061882,0.9448462929475588,3.766688003149832
bbh+gpqa+ifeval+math+musr,,1.0,0.05,60,0.0570198409259319,0.945750452079566,3.791946742935374
bbh+gpqa+ifeval+math+musr,,1.0,0.05,61,0.0571507737040519,0.9376130198915008,3.7901055781743827
bbh+gpqa+ifeval+math+musr,,1.0,0.05,62,0.0573223754763603,0.9448462929475588,3.757899290653238
bbh+gpqa+ifeval+math+musr,,1.0,0.05,63,0.0572559386491775,0.9430379746835442,3.763077310171927
bbh+gpqa+ifeval+math+musr,,1.0,0.05,64,0.0571702979505062,0.9425858951175408,3.776327399342628
bbh+gpqa+ifeval+math+musr,,1.0,0.05,65,0.0570753589272499,0.9484629294755876,3.78492180011246
bbh+gpqa+ifeval+math+musr,,1.0,0.05,66,0.0572494454681873,0.943490054249548,3.76772933614988
bbh+gpqa+ifeval+math+musr,,1.0,0.05,67,0.0574212521314621,0.9452983725135624,3.749176145228876
bbh+gpqa+ifeval+math+musr,,1.0,0.05,68,0.0572633519768714,0.9425858951175408,3.770075924453049
bbh+gpqa+ifeval+math+musr,,1.0,0.05,69,0.0570846162736415,0.9498191681735986,3.788575459977756
bbh+gpqa+ifeval+math+musr,,1.0,0.05,70,0.0573405176401138,0.9493670886075948,3.763715874851133
bbh+gpqa+ifeval+math+musr,,1.0,0.05,71,0.0573584586381912,0.9484629294755876,3.7524902898981356
bbh+gpqa+ifeval+math+musr,,1.0,0.05,72,0.0570925809442997,0.940777576853526,3.7935059831674147
bbh+gpqa+ifeval+math+musr,,1.0,0.05,73,0.0573100075125694,0.9475587703435804,3.7586740149818882
bbh+gpqa+ifeval+math+musr,,1.0,0.05,74,0.0571111254394054,0.9452983725135624,3.7893487629188742
bbh+gpqa+ifeval+math+musr,,1.0,0.05,75,0.057590365409851,0.9430379746835442,3.7224231877544205
bbh+gpqa+ifeval+math+musr,,1.0,0.05,76,0.0571580789983272,0.9489150090415912,3.7838381258704756
bbh+gpqa+ifeval+math+musr,,1.0,0.05,77,0.057266354560852,0.9534358047016276,3.77297174798376
bbh+gpqa+ifeval+math+musr,,1.0,0.05,78,0.0574320778250694,0.9448462929475588,3.740172647155735
bbh+gpqa+ifeval+math+musr,,1.0,0.05,79,0.0571594573557376,0.9403254972875226,3.7813826817249105
bbh+gpqa+ifeval+math+musr,,1.0,0.05,80,0.0571164935827255,0.9498191681735986,3.7850395361962654
bbh+gpqa+ifeval+math+musr,,1.0,0.05,81,0.0571628361940383,0.9412296564195298,3.7758138502829035
bbh+gpqa+ifeval+math+musr,,1.0,0.05,82,0.0571866370737552,0.9520795660036168,3.777564739692372
bbh+gpqa+ifeval+math+musr,,1.0,0.05,83,0.0570583306252956,0.9439421338155516,3.7845079379202597
bbh+gpqa+ifeval+math+musr,,1.0,0.05,84,0.0573222897946834,0.9425858951175408,3.7530753655648317
bbh+gpqa+ifeval+math+musr,,1.0,0.05,85,0.0573136620223522,0.943490054249548,3.7676864245628447
bbh+gpqa+ifeval+math+musr,,1.0,0.05,86,0.0573623068630695,0.9493670886075948,3.755474175911708
bbh+gpqa+ifeval+math+musr,,1.0,0.05,87,0.0570632964372634,0.938517179023508,3.79523362053268
bbh+gpqa+ifeval+math+musr,,1.0,0.05,88,0.0573646947741508,0.9471066907775768,3.7531679304011494
bbh+gpqa+ifeval+math+musr,,1.0,0.05,89,0.057342056185007,0.939873417721519,3.748954088018445
bbh+gpqa+ifeval+math+musr,,1.0,0.05,90,0.0571896247565746,0.943490054249548,3.7810251837078566
bbh+gpqa+ifeval+math+musr,,1.0,0.05,91,0.0572407841682434,0.9529837251356238,3.773875090364436
bbh+gpqa+ifeval+math+musr,,1.0,0.05,92,0.0574586354196071,0.9489150090415912,3.737219339045755
bbh+gpqa+ifeval+math+musr,,1.0,0.05,93,0.0572753027081489,0.9525316455696202,3.7643438291631277
bbh+gpqa+ifeval+math+musr,,1.0,0.05,94,0.0570843368768692,0.9452983725135624,3.791371485328323
bbh+gpqa+ifeval+math+musr,,1.0,0.05,95,0.057323720306158,0.9520795660036168,3.7612743189459805
bbh+gpqa+ifeval+math+musr,,1.0,0.05,96,0.057142473757267,0.9484629294755876,3.7668040164758185
bbh+gpqa+ifeval+math+musr,,1.0,0.05,97,0.0570459142327308,0.9421338155515372,3.7875442818400193
bbh+gpqa+ifeval+math+musr,,1.0,0.05,98,0.0571989305317401,0.943490054249548,3.7660165109198918
bbh+gpqa+ifeval+math+musr,,1.0,0.05,99,0.0572501607239246,0.943490054249548,3.768191961906897
bbh+gpqa+ifeval+math+musr,,1.0,0.075,0,0.0436948835849761,0.9484629294755876,4.194574892514726
bbh+gpqa+ifeval+math+musr,,1.0,0.075,1,0.0436569564044475,0.950271247739602,4.203248814720705
bbh+gpqa+ifeval+math+musr,,1.0,0.075,2,0.0434633046388626,0.9489150090415912,4.236808667967026
bbh+gpqa+ifeval+math+musr,,1.0,0.075,3,0.0436592809855937,0.9430379746835442,4.212254616321811
bbh+gpqa+ifeval+math+musr,,1.0,0.075,4,0.0436224862933158,0.9389692585895116,4.220422404830439
bbh+gpqa+ifeval+math+musr,,1.0,0.075,5,0.043621189892292,0.9525316455696202,4.210157734307762
bbh+gpqa+ifeval+math+musr,,1.0,0.075,6,0.0436503961682319,0.9443942133815552,4.195585240000914
bbh+gpqa+ifeval+math+musr,,1.0,0.075,7,0.0435871593654155,0.9439421338155516,4.223416099351249
bbh+gpqa+ifeval+math+musr,,1.0,0.075,8,0.0435491539537906,0.9466546112115732,4.223044851899328
bbh+gpqa+ifeval+math+musr,,1.0,0.075,9,0.04349385201931,0.9475587703435804,4.22492929920371
bbh+gpqa+ifeval+math+musr,,1.0,0.075,10,0.043741125613451,0.943490054249548,4.187901647015083
bbh+gpqa+ifeval+math+musr,,1.0,0.075,11,0.0436800792813301,0.9511754068716094,4.196805742247063
bbh+gpqa+ifeval+math+musr,,1.0,0.075,12,0.0436784997582435,0.9462025316455696,4.199349619427638
bbh+gpqa+ifeval+math+musr,,1.0,0.075,13,0.0436011850833892,0.9380650994575044,4.221999074406312
bbh+gpqa+ifeval+math+musr,,1.0,0.075,14,0.0436953157186508,0.9529837251356238,4.187590057050045
bbh+gpqa+ifeval+math+musr,,1.0,0.075,15,0.0435092821717262,0.950271247739602,4.226003001668541
bbh+gpqa+ifeval+math+musr,,1.0,0.075,16,0.043652594089508,0.9525316455696202,4.2018341120659635
bbh+gpqa+ifeval+math+musr,,1.0,0.075,17,0.0437055602669715,0.948010849909584,4.195875967074641
bbh+gpqa+ifeval+math+musr,,1.0,0.075,18,0.0437096990644931,0.9425858951175408,4.188518304693418
bbh+gpqa+ifeval+math+musr,,1.0,0.075,19,0.0436515472829341,0.951627486437613,4.205961524054016
bbh+gpqa+ifeval+math+musr,,1.0,0.075,20,0.0436929017305374,0.9430379746835442,4.203772458073607
bbh+gpqa+ifeval+math+musr,,1.0,0.075,21,0.0436491817235946,0.9466546112115732,4.215352759445112
bbh+gpqa+ifeval+math+musr,,1.0,0.075,22,0.043587077409029,0.9475587703435804,4.21408653456277
bbh+gpqa+ifeval+math+musr,,1.0,0.075,23,0.043660718947649,0.9507233273056056,4.20523250399416
bbh+gpqa+ifeval+math+musr,,1.0,0.075,24,0.0435616411268711,0.9452983725135624,4.225657311594331
bbh+gpqa+ifeval+math+musr,,1.0,0.075,25,0.0435666479170322,0.9335443037974684,4.216162879572409
bbh+gpqa+ifeval+math+musr,,1.0,0.075,26,0.0437779314815998,0.950271247739602,4.176240604091902
bbh+gpqa+ifeval+math+musr,,1.0,0.075,27,0.043659146875143,0.9507233273056056,4.200547720558272
bbh+gpqa+ifeval+math+musr,,1.0,0.075,28,0.0437326729297637,0.9443942133815552,4.18637520049589
bbh+gpqa+ifeval+math+musr,,1.0,0.075,29,0.0437983237206935,0.948010849909584,4.174027639730355
bbh+gpqa+ifeval+math+musr,,1.0,0.075,30,0.0436451844871044,0.9452983725135624,4.2082097316965426
bbh+gpqa+ifeval+math+musr,,1.0,0.075,31,0.0437309518456459,0.950271247739602,4.189036541540205
bbh+gpqa+ifeval+math+musr,,1.0,0.075,32,0.0437078326940536,0.9462025316455696,4.197437090667933
bbh+gpqa+ifeval+math+musr,,1.0,0.075,33,0.0435561724007129,0.9439421338155516,4.218789116263004
bbh+gpqa+ifeval+math+musr,,1.0,0.075,34,0.043784387409687,0.951627486437613,4.182541537878702
bbh+gpqa+ifeval+math+musr,,1.0,0.075,35,0.0435782745480537,0.9566003616636528,4.220497296802466
bbh+gpqa+ifeval+math+musr,,1.0,0.075,36,0.043737955391407,0.951627486437613,4.182028201404462
bbh+gpqa+ifeval+math+musr,,1.0,0.075,37,0.0435423776507377,0.9416817359855334,4.231648809110312
bbh+gpqa+ifeval+math+musr,,1.0,0.075,38,0.0436968617141246,0.9507233273056056,4.19123031598225
bbh+gpqa+ifeval+math+musr,,1.0,0.075,39,0.0436607785522937,0.9443942133815552,4.191925445745308
bbh+gpqa+ifeval+math+musr,,1.0,0.075,40,0.0437867045402526,0.9484629294755876,4.17457701174038
bbh+gpqa+ifeval+math+musr,,1.0,0.075,41,0.0435406602919101,0.9358047016274864,4.223046754670476
bbh+gpqa+ifeval+math+musr,,1.0,0.075,42,0.0436237677931785,0.9466546112115732,4.215030324739132
bbh+gpqa+ifeval+math+musr,,1.0,0.075,43,0.0436811037361621,0.9448462929475588,4.200174412274099
bbh+gpqa+ifeval+math+musr,,1.0,0.075,44,0.0435511507093906,0.9484629294755876,4.220589370772274
bbh+gpqa+ifeval+math+musr,,1.0,0.075,45,0.0437810383737087,0.9462025316455696,4.180739799327458
bbh+gpqa+ifeval+math+musr,,1.0,0.075,46,0.0436245538294315,0.9566003616636528,4.2086324835548465
bbh+gpqa+ifeval+math+musr,,1.0,0.075,47,0.0436020195484161,0.9493670886075948,4.220129179581593
bbh+gpqa+ifeval+math+musr,,1.0,0.075,48,0.0436708219349384,0.9525316455696202,4.194877652631323
bbh+gpqa+ifeval+math+musr,,1.0,0.075,49,0.0435045547783374,0.9452983725135624,4.237187232744617
bbh+gpqa+ifeval+math+musr,,1.0,0.075,50,0.043552104383707,0.9525316455696202,4.2272133715631215
bbh+gpqa+ifeval+math+musr,,1.0,0.075,51,0.0437394380569458,0.9443942133815552,4.183214085310419
bbh+gpqa+ifeval+math+musr,,1.0,0.075,52,0.0436237752437591,0.9412296564195298,4.2077456392366015
bbh+gpqa+ifeval+math+musr,,1.0,0.075,53,0.0436442010104656,0.9534358047016276,4.199742581386522
bbh+gpqa+ifeval+math+musr,,1.0,0.075,54,0.0438389778137207,0.9529837251356238,4.162281843734971
bbh+gpqa+ifeval+math+musr,,1.0,0.075,55,0.0434371381998062,0.9466546112115732,4.244233892220651
bbh+gpqa+ifeval+math+musr,,1.0,0.075,56,0.0436272993683815,0.9425858951175408,4.194912777386042
bbh+gpqa+ifeval+math+musr,,1.0,0.075,57,0.0435557216405868,0.945750452079566,4.217613770445965
bbh+gpqa+ifeval+math+musr,,1.0,0.075,58,0.0435741767287254,0.9425858951175408,4.22541154565383
bbh+gpqa+ifeval+math+musr,,1.0,0.075,59,0.0436302311718463,0.9507233273056056,4.210477337831151
bbh+gpqa+ifeval+math+musr,,1.0,0.075,60,0.0434495471417903,0.9484629294755876,4.237106390635067
bbh+gpqa+ifeval+math+musr,,1.0,0.075,61,0.0435745790600776,0.939873417721519,4.2260294560518785
bbh+gpqa+ifeval+math+musr,,1.0,0.075,62,0.0436950214207172,0.9452983725135624,4.193072051157508
bbh+gpqa+ifeval+math+musr,,1.0,0.075,63,0.0436426438391208,0.9466546112115732,4.200606988821409
bbh+gpqa+ifeval+math+musr,,1.0,0.075,64,0.0435786470770835,0.9493670886075948,4.218997852393261
bbh+gpqa+ifeval+math+musr,,1.0,0.075,65,0.043478600680828,0.9520795660036168,4.227878340459722
bbh+gpqa+ifeval+math+musr,,1.0,0.075,66,0.0436070039868354,0.9321880650994576,4.211154661364757
bbh+gpqa+ifeval+math+musr,,1.0,0.075,67,0.0437235012650489,0.9430379746835442,4.190968719788186
bbh+gpqa+ifeval+math+musr,,1.0,0.075,68,0.04363614320755,0.945750452079566,4.203139727906137
bbh+gpqa+ifeval+math+musr,,1.0,0.075,69,0.0435162223875522,0.9475587703435804,4.230881349848439
bbh+gpqa+ifeval+math+musr,,1.0,0.075,70,0.0436980798840522,0.955244122965642,4.201660581196382
bbh+gpqa+ifeval+math+musr,,1.0,0.075,71,0.0437097325921058,0.9421338155515372,4.19291136610054
bbh+gpqa+ifeval+math+musr,,1.0,0.075,72,0.043574783951044,0.9430379746835442,4.2213617933068095
bbh+gpqa+ifeval+math+musr,,1.0,0.075,73,0.0436338856816291,0.945750452079566,4.207012516287117
bbh+gpqa+ifeval+math+musr,,1.0,0.075,74,0.0435865819454193,0.9416817359855334,4.218698339812727
bbh+gpqa+ifeval+math+musr,,1.0,0.075,75,0.0438149571418762,0.945750452079566,4.172032275023908
bbh+gpqa+ifeval+math+musr,,1.0,0.075,76,0.0435701608657836,0.9471066907775768,4.2245812945011405
bbh+gpqa+ifeval+math+musr,,1.0,0.075,77,0.0436413250863552,0.950271247739602,4.206043984897202
bbh+gpqa+ifeval+math+musr,,1.0,0.075,78,0.0437335483729839,0.9475587703435804,4.185265128258237
bbh+gpqa+ifeval+math+musr,,1.0,0.075,79,0.0435867123305797,0.9425858951175408,4.212400673797009
bbh+gpqa+ifeval+math+musr,,1.0,0.075,80,0.0435326434671878,0.950271247739602,4.224118270067327
bbh+gpqa+ifeval+math+musr,,1.0,0.075,81,0.0436023361980915,0.9462025316455696,4.206475862452887
bbh+gpqa+ifeval+math+musr,,1.0,0.075,82,0.0435809232294559,0.9547920433996384,4.219997646552272
bbh+gpqa+ifeval+math+musr,,1.0,0.075,83,0.0435198806226253,0.948010849909584,4.221212874434007
bbh+gpqa+ifeval+math+musr,,1.0,0.075,84,0.043674137443304,0.9507233273056056,4.193878825959796
bbh+gpqa+ifeval+math+musr,,1.0,0.075,85,0.0436629317700862,0.9462025316455696,4.211319128804452
bbh+gpqa+ifeval+math+musr,,1.0,0.075,86,0.0437058210372924,0.945750452079566,4.1972730586011835
bbh+gpqa+ifeval+math+musr,,1.0,0.075,87,0.0435584001243114,0.9462025316455696,4.221262728021389
bbh+gpqa+ifeval+math+musr,,1.0,0.075,88,0.0436864607036113,0.9498191681735986,4.1959248976921115
bbh+gpqa+ifeval+math+musr,,1.0,0.075,89,0.0436692051589489,0.9484629294755876,4.192822801413586
bbh+gpqa+ifeval+math+musr,,1.0,0.075,90,0.0436155200004577,0.9489150090415912,4.214086074643892
bbh+gpqa+ifeval+math+musr,,1.0,0.075,91,0.0436358042061328,0.9484629294755876,4.205082945188493
bbh+gpqa+ifeval+math+musr,,1.0,0.075,92,0.043736957013607,0.9448462929475588,4.189004011079983
bbh+gpqa+ifeval+math+musr,,1.0,0.075,93,0.0436526387929916,0.9471066907775768,4.205363370358393
bbh+gpqa+ifeval+math+musr,,1.0,0.075,94,0.0435280911624431,0.9466546112115732,4.2322590220658185
bbh+gpqa+ifeval+math+musr,,1.0,0.075,95,0.0437186583876609,0.943490054249548,4.187877951702053
bbh+gpqa+ifeval+math+musr,,1.0,0.075,96,0.0435550361871719,0.9493670886075948,4.210492257514604
bbh+gpqa+ifeval+math+musr,,1.0,0.075,97,0.043505098670721,0.953887884267631,4.228356692138366
bbh+gpqa+ifeval+math+musr,,1.0,0.075,98,0.0436203777790069,0.9498191681735986,4.203207053308989
bbh+gpqa+ifeval+math+musr,,1.0,0.075,99,0.0436299480497837,0.9439421338155516,4.206076674347508
bbh+gpqa+ifeval+math+musr,,1.0,0.1,0,0.0360004715621471,0.955244122965642,4.510611353957726
bbh+gpqa+ifeval+math+musr,,1.0,0.1,1,0.0359761901199817,0.9543399638336348,4.517833327753848
bbh+gpqa+ifeval+math+musr,,1.0,0.1,2,0.0358376055955886,0.9484629294755876,4.550234823687682
bbh+gpqa+ifeval+math+musr,,1.0,0.1,3,0.0359843038022518,0.943490054249548,4.524696336956723
bbh+gpqa+ifeval+math+musr,,1.0,0.1,4,0.0359737053513526,0.9416817359855334,4.530808756468939
bbh+gpqa+ifeval+math+musr,,1.0,0.1,5,0.0359539166092872,0.9547920433996384,4.528631317159121
bbh+gpqa+ifeval+math+musr,,1.0,0.1,6,0.035985805094242,0.9425858951175408,4.51184066693669
bbh+gpqa+ifeval+math+musr,,1.0,0.1,7,0.0359512716531753,0.948010849909584,4.5333704110230615
bbh+gpqa+ifeval+math+musr,,1.0,0.1,8,0.0359350182116031,0.9484629294755876,4.529100628607802
bbh+gpqa+ifeval+math+musr,,1.0,0.1,9,0.035882506519556,0.9475587703435804,4.533502321891618
bbh+gpqa+ifeval+math+musr,,1.0,0.1,10,0.0360233671963214,0.945750452079566,4.502827042503108
bbh+gpqa+ifeval+math+musr,,1.0,0.1,11,0.0359831415116786,0.9570524412296564,4.515429698326797
bbh+gpqa+ifeval+math+musr,,1.0,0.1,12,0.0360047817230224,0.9439421338155516,4.513326369477573
bbh+gpqa+ifeval+math+musr,,1.0,0.1,13,0.0359208956360816,0.948010849909584,4.541783406575272
bbh+gpqa+ifeval+math+musr,,1.0,0.1,14,0.0360046550631523,0.951627486437613,4.504515466896238
bbh+gpqa+ifeval+math+musr,,1.0,0.1,15,0.0358876287937164,0.9493670886075948,4.540116046539633
bbh+gpqa+ifeval+math+musr,,1.0,0.1,16,0.035976942628622,0.9556962025316456,4.513386240756146
bbh+gpqa+ifeval+math+musr,,1.0,0.1,17,0.0360086858272552,0.9566003616636528,4.513996992719348
bbh+gpqa+ifeval+math+musr,,1.0,0.1,18,0.0360074937343597,0.9448462929475588,4.506021354310169
bbh+gpqa+ifeval+math+musr,,1.0,0.1,19,0.0359934568405151,0.9484629294755876,4.517403134257358
bbh+gpqa+ifeval+math+musr,,1.0,0.1,20,0.0360023267567157,0.9471066907775768,4.5201083395663115
bbh+gpqa+ifeval+math+musr,,1.0,0.1,21,0.035965722054243,0.9471066907775768,4.5283633690933005
bbh+gpqa+ifeval+math+musr,,1.0,0.1,22,0.0359678380191326,0.9493670886075948,4.520416192569798
bbh+gpqa+ifeval+math+musr,,1.0,0.1,23,0.0359856039285659,0.945750452079566,4.5187913385227425
bbh+gpqa+ifeval+math+musr,,1.0,0.1,24,0.0359103791415691,0.9489150090415912,4.540268778759336
bbh+gpqa+ifeval+math+musr,,1.0,0.1,25,0.0358994826674461,0.9443942133815552,4.533062746797051
bbh+gpqa+ifeval+math+musr,,1.0,0.1,26,0.0360576845705509,0.9471066907775768,4.500095057089558
bbh+gpqa+ifeval+math+musr,,1.0,0.1,27,0.0359965823590755,0.9430379746835442,4.511536853549843
bbh+gpqa+ifeval+math+musr,,1.0,0.1,28,0.0360310301184654,0.9466546112115732,4.5057889509942335
bbh+gpqa+ifeval+math+musr,,1.0,0.1,29,0.036081425845623,0.9452983725135624,4.490513441180215
bbh+gpqa+ifeval+math+musr,,1.0,0.1,30,0.0359526276588439,0.943490054249548,4.524352075306311
bbh+gpqa+ifeval+math+musr,,1.0,0.1,31,0.0360210984945297,0.9493670886075948,4.505283646858391
bbh+gpqa+ifeval+math+musr,,1.0,0.1,32,0.0360155776143074,0.9430379746835442,4.513542300784969
bbh+gpqa+ifeval+math+musr,,1.0,0.1,33,0.0359108448028564,0.9493670886075948,4.528949483769605
bbh+gpqa+ifeval+math+musr,,1.0,0.1,34,0.0360776409506797,0.9430379746835442,4.498944693127485
bbh+gpqa+ifeval+math+musr,,1.0,0.1,35,0.0359113179147243,0.955244122965642,4.5390544878883015
bbh+gpqa+ifeval+math+musr,,1.0,0.1,36,0.0360391214489936,0.9371609403254972,4.501788334628317
bbh+gpqa+ifeval+math+musr,,1.0,0.1,37,0.0358855910599231,0.948010849909584,4.546917887071836
bbh+gpqa+ifeval+math+musr,,1.0,0.1,38,0.0360280163586139,0.9534358047016276,4.505848322657887
bbh+gpqa+ifeval+math+musr,,1.0,0.1,39,0.0359695553779602,0.9443942133815552,4.514250914241659
bbh+gpqa+ifeval+math+musr,,1.0,0.1,40,0.0360604524612426,0.9566003616636528,4.494600405543774
bbh+gpqa+ifeval+math+musr,,1.0,0.1,41,0.0358990654349327,0.9376130198915008,4.539698856155204
bbh+gpqa+ifeval+math+musr,,1.0,0.1,42,0.0359391681849956,0.9452983725135624,4.532851196715773
bbh+gpqa+ifeval+math+musr,,1.0,0.1,43,0.0359940342605114,0.9493670886075948,4.514405174270203
bbh+gpqa+ifeval+math+musr,,1.0,0.1,44,0.035913024097681,0.945750452079566,4.532501233463939
bbh+gpqa+ifeval+math+musr,,1.0,0.1,45,0.0360586196184158,0.9430379746835442,4.5000632977381105
bbh+gpqa+ifeval+math+musr,,1.0,0.1,46,0.0359696745872497,0.9543399638336348,4.517648211107011
bbh+gpqa+ifeval+math+musr,,1.0,0.1,47,0.0359270460903644,0.948010849909584,4.532692217068256
bbh+gpqa+ifeval+math+musr,,1.0,0.1,48,0.0359939187765121,0.9534358047016276,4.510136487289252
bbh+gpqa+ifeval+math+musr,,1.0,0.1,49,0.035863347351551,0.9466546112115732,4.548260374833529
bbh+gpqa+ifeval+math+musr,,1.0,0.1,50,0.035932470113039,0.9511754068716094,4.530090756274003
bbh+gpqa+ifeval+math+musr,,1.0,0.1,51,0.0360523611307144,0.9484629294755876,4.498410631161353
bbh+gpqa+ifeval+math+musr,,1.0,0.1,52,0.0359533242881298,0.943490054249548,4.524309866120856
bbh+gpqa+ifeval+math+musr,,1.0,0.1,53,0.0359807088971138,0.9547920433996384,4.51361419045908
bbh+gpqa+ifeval+math+musr,,1.0,0.1,54,0.0360844209790229,0.9511754068716094,4.484699646761084
bbh+gpqa+ifeval+math+musr,,1.0,0.1,55,0.0358170084655284,0.9498191681735986,4.55968585548637
bbh+gpqa+ifeval+math+musr,,1.0,0.1,56,0.0359626151621341,0.943490054249548,4.511205492677547
bbh+gpqa+ifeval+math+musr,,1.0,0.1,57,0.0358897820115089,0.939873417721519,4.536992990888674
bbh+gpqa+ifeval+math+musr,,1.0,0.1,58,0.0359259918332099,0.9448462929475588,4.537281975539997
bbh+gpqa+ifeval+math+musr,,1.0,0.1,59,0.0359512381255626,0.9466546112115732,4.5288148164949416
bbh+gpqa+ifeval+math+musr,,1.0,0.1,60,0.0358461998403072,0.9484629294755876,4.547057707329746
bbh+gpqa+ifeval+math+musr,,1.0,0.1,61,0.0359136573970317,0.9421338155515372,4.5391773809010925
bbh+gpqa+ifeval+math+musr,,1.0,0.1,62,0.0360242053866386,0.9439421338155516,4.501993466095377
bbh+gpqa+ifeval+math+musr,,1.0,0.1,63,0.0359746254980564,0.950271247739602,4.5127796975537535
bbh+gpqa+ifeval+math+musr,,1.0,0.1,64,0.0359113961458206,0.9507233273056056,4.537817476823853
bbh+gpqa+ifeval+math+musr,,1.0,0.1,65,0.035866767168045,0.9520795660036168,4.539573510659079
bbh+gpqa+ifeval+math+musr,,1.0,0.1,66,0.0359600037336349,0.9358047016274864,4.522448619509734
bbh+gpqa+ifeval+math+musr,,1.0,0.1,67,0.0359985306859016,0.9507233273056056,4.513455132352461
bbh+gpqa+ifeval+math+musr,,1.0,0.1,68,0.0359811522066593,0.945750452079566,4.51437932979761
bbh+gpqa+ifeval+math+musr,,1.0,0.1,69,0.0358930230140686,0.9520795660036168,4.536587500918454
bbh+gpqa+ifeval+math+musr,,1.0,0.1,70,0.0359879992902278,0.945750452079566,4.518751354500581
bbh+gpqa+ifeval+math+musr,,1.0,0.1,71,0.0360039360821247,0.9466546112115732,4.514485422600542
bbh+gpqa+ifeval+math+musr,,1.0,0.1,72,0.0359176881611347,0.9452983725135624,4.538049054660577
bbh+gpqa+ifeval+math+musr,,1.0,0.1,73,0.0359718166291713,0.9452983725135624,4.5149710369185305
bbh+gpqa+ifeval+math+musr,,1.0,0.1,74,0.035941369831562,0.9471066907775768,4.524769187621635
bbh+gpqa+ifeval+math+musr,,1.0,0.1,75,0.0361111983656883,0.940777576853526,4.481864353096326
bbh+gpqa+ifeval+math+musr,,1.0,0.1,76,0.0359105393290519,0.948010849909584,4.5427078312454725
bbh+gpqa+ifeval+math+musr,,1.0,0.1,77,0.0359588414430618,0.9489150090415912,4.520936293621054
bbh+gpqa+ifeval+math+musr,,1.0,0.1,78,0.036033060401678,0.9452983725135624,4.5025149067787025
bbh+gpqa+ifeval+math+musr,,1.0,0.1,79,0.0359238870441913,0.948010849909584,4.530537420348237
bbh+gpqa+ifeval+math+musr,,1.0,0.1,80,0.0359002947807312,0.9489150090415912,4.535124652093782
bbh+gpqa+ifeval+math+musr,,1.0,0.1,81,0.0359427072107791,0.9452983725135624,4.517810491334736
bbh+gpqa+ifeval+math+musr,,1.0,0.1,82,0.0359186492860317,0.9507233273056056,4.535667804418548
bbh+gpqa+ifeval+math+musr,,1.0,0.1,83,0.035853337496519,0.9543399638336348,4.543619868123499
bbh+gpqa+ifeval+math+musr,,1.0,0.1,84,0.0359787419438362,0.9543399638336348,4.513609681010971
bbh+gpqa+ifeval+math+musr,,1.0,0.1,85,0.0359568744897842,0.9425858951175408,4.528301632723996
bbh+gpqa+ifeval+math+musr,,1.0,0.1,86,0.0360065996646881,0.943490054249548,4.5162982220285315
bbh+gpqa+ifeval+math+musr,,1.0,0.1,87,0.0359076000750064,0.9452983725135624,4.532017877281529
bbh+gpqa+ifeval+math+musr,,1.0,0.1,88,0.0359920859336853,0.945750452079566,4.512326443209744
bbh+gpqa+ifeval+math+musr,,1.0,0.1,89,0.0359905324876308,0.945750452079566,4.508137426655802
bbh+gpqa+ifeval+math+musr,,1.0,0.1,90,0.0359352827072143,0.9520795660036168,4.532237021139841
bbh+gpqa+ifeval+math+musr,,1.0,0.1,91,0.0359579101204872,0.9579566003616636,4.521116734200971
bbh+gpqa+ifeval+math+musr,,1.0,0.1,92,0.0360364317893981,0.9498191681735986,4.506753681389768
bbh+gpqa+ifeval+math+musr,,1.0,0.1,93,0.0359743610024452,0.9471066907775768,4.517926490396229
bbh+gpqa+ifeval+math+musr,,1.0,0.1,94,0.0358895808458328,0.9543399638336348,4.5462734940039375
bbh+gpqa+ifeval+math+musr,,1.0,0.1,95,0.0360504388809204,0.9489150090415912,4.493490497155222
bbh+gpqa+ifeval+math+musr,,1.0,0.1,96,0.0359317511320114,0.9471066907775768,4.522492791376225
bbh+gpqa+ifeval+math+musr,,1.0,0.1,97,0.0358465611934661,0.948010849909584,4.546030035834216
bbh+gpqa+ifeval+math+musr,,1.0,0.1,98,0.0359592624008655,0.9511754068716094,4.5187433928728495
bbh+gpqa+ifeval+math+musr,,1.0,0.1,99,0.0359518714249134,0.9439421338155516,4.521788623021635
bbh+gpqa+ifeval+math+musr,,1.0,0.125,0,0.0309432484209537,0.9543399638336348,4.748511407222001
bbh+gpqa+ifeval+math+musr,,1.0,0.125,1,0.0309330634772777,0.9493670886075948,4.75378442649024
bbh+gpqa+ifeval+math+musr,,1.0,0.125,2,0.030830418691039,0.948010849909584,4.78508711425115
bbh+gpqa+ifeval+math+musr,,1.0,0.125,3,0.0309297256171703,0.9430379746835442,4.761492164517652
bbh+gpqa+ifeval+math+musr,,1.0,0.125,4,0.0309191569685935,0.9489150090415912,4.771963011355789
bbh+gpqa+ifeval+math+musr,,1.0,0.125,5,0.0309078581631183,0.9511754068716094,4.768496350585577
bbh+gpqa+ifeval+math+musr,,1.0,0.125,6,0.0309312492609024,0.9452983725135624,4.75147169530031
bbh+gpqa+ifeval+math+musr,,1.0,0.125,7,0.0309070367366075,0.9507233273056056,4.767586497445903
bbh+gpqa+ifeval+math+musr,,1.0,0.125,8,0.0309063270688056,0.948010849909584,4.762019093097341
bbh+gpqa+ifeval+math+musr,,1.0,0.125,9,0.0308533161878585,0.948010849909584,4.772742999111305
bbh+gpqa+ifeval+math+musr,,1.0,0.125,10,0.0309666339308023,0.9439421338155516,4.743014544560896
bbh+gpqa+ifeval+math+musr,,1.0,0.125,11,0.0309293176978826,0.9556962025316456,4.758222665164509
bbh+gpqa+ifeval+math+musr,,1.0,0.125,12,0.030938958749175,0.9412296564195298,4.750538910291156
bbh+gpqa+ifeval+math+musr,,1.0,0.125,13,0.030881917104125,0.9475587703435804,4.780161394924039
bbh+gpqa+ifeval+math+musr,,1.0,0.125,14,0.0309336632490158,0.9489150090415912,4.750227224451271
bbh+gpqa+ifeval+math+musr,,1.0,0.125,15,0.0308525506407022,0.9462025316455696,4.779027913447697
bbh+gpqa+ifeval+math+musr,,1.0,0.125,16,0.0309364609420299,0.9525316455696202,4.755403726297489
bbh+gpqa+ifeval+math+musr,,1.0,0.125,17,0.0309321470558643,0.953887884267631,4.758371503785304
bbh+gpqa+ifeval+math+musr,,1.0,0.125,18,0.0309469662606716,0.9430379746835442,4.7459144645680915
bbh+gpqa+ifeval+math+musr,,1.0,0.125,19,0.0309344641864299,0.9493670886075948,4.760164906670558
bbh+gpqa+ifeval+math+musr,,1.0,0.125,20,0.0309237092733383,0.9443942133815552,4.764308472957958
bbh+gpqa+ifeval+math+musr,,1.0,0.125,21,0.0309184845536947,0.9471066907775768,4.765046602299624
bbh+gpqa+ifeval+math+musr,,1.0,0.125,22,0.030914694070816,0.9489150090415912,4.759649990178866
bbh+gpqa+ifeval+math+musr,,1.0,0.125,23,0.0309235583990812,0.9475587703435804,4.763646076567082
bbh+gpqa+ifeval+math+musr,,1.0,0.125,24,0.0308698415756225,0.9520795660036168,4.77989706898913
bbh+gpqa+ifeval+math+musr,,1.0,0.125,25,0.0308714900165796,0.9412296564195298,4.769717133756855
bbh+gpqa+ifeval+math+musr,,1.0,0.125,26,0.0309951957315206,0.9498191681735986,4.737360491661219
bbh+gpqa+ifeval+math+musr,,1.0,0.125,27,0.0309391692280769,0.9493670886075948,4.7506611295450485
bbh+gpqa+ifeval+math+musr,,1.0,0.125,28,0.0309647396206855,0.9493670886075948,4.743524660012973
bbh+gpqa+ifeval+math+musr,,1.0,0.125,29,0.0310056917369365,0.9425858951175408,4.73252044935857
bbh+gpqa+ifeval+math+musr,,1.0,0.125,30,0.0309066511690616,0.945750452079566,4.757618133934201
bbh+gpqa+ifeval+math+musr,,1.0,0.125,31,0.030938547104597,0.948010849909584,4.754392767511225
bbh+gpqa+ifeval+math+musr,,1.0,0.125,32,0.0309477839618921,0.9421338155515372,4.754826143622945
bbh+gpqa+ifeval+math+musr,,1.0,0.125,33,0.0308861080557107,0.9471066907775768,4.766501942415222
bbh+gpqa+ifeval+math+musr,,1.0,0.125,34,0.0309945121407508,0.950271247739602,4.7397065263973825
bbh+gpqa+ifeval+math+musr,,1.0,0.125,35,0.0308665931224823,0.9543399638336348,4.776472961593948
bbh+gpqa+ifeval+math+musr,,1.0,0.125,36,0.0309613179415464,0.9489150090415912,4.7476222178617205
bbh+gpqa+ifeval+math+musr,,1.0,0.125,37,0.0308667384088039,0.948010849909584,4.780872982614711
bbh+gpqa+ifeval+math+musr,,1.0,0.125,38,0.0309584215283393,0.9543399638336348,4.745571100738556
bbh+gpqa+ifeval+math+musr,,1.0,0.125,39,0.0309313144534826,0.9525316455696202,4.7479333984868575
bbh+gpqa+ifeval+math+musr,,1.0,0.125,40,0.0309905596077442,0.9566003616636528,4.7368836515423896
bbh+gpqa+ifeval+math+musr,,1.0,0.125,41,0.0308689903467893,0.9367088607594936,4.776057102059442
bbh+gpqa+ifeval+math+musr,,1.0,0.125,42,0.0308993719518184,0.9421338155515372,4.772317921819736
bbh+gpqa+ifeval+math+musr,,1.0,0.125,43,0.0309412237256765,0.9471066907775768,4.754328366031593
bbh+gpqa+ifeval+math+musr,,1.0,0.125,44,0.0308697447180748,0.9556962025316456,4.77501565854781
bbh+gpqa+ifeval+math+musr,,1.0,0.125,45,0.0309840515255928,0.9412296564195298,4.742598466634991
bbh+gpqa+ifeval+math+musr,,1.0,0.125,46,0.030915293842554,0.9547920433996384,4.759553642694166
bbh+gpqa+ifeval+math+musr,,1.0,0.125,47,0.0308816712349653,0.9421338155515372,4.768723021464509
bbh+gpqa+ifeval+math+musr,,1.0,0.125,48,0.0309472605586051,0.9547920433996384,4.747734526406115
bbh+gpqa+ifeval+math+musr,,1.0,0.125,49,0.0308295283466577,0.948010849909584,4.789582121131277
bbh+gpqa+ifeval+math+musr,,1.0,0.125,50,0.0308798439800739,0.9462025316455696,4.773460435013162
bbh+gpqa+ifeval+math+musr,,1.0,0.125,51,0.0309771262109279,0.9525316455696202,4.741517655529176
bbh+gpqa+ifeval+math+musr,,1.0,0.125,52,0.0308973416686058,0.940777576853526,4.769690987408019
bbh+gpqa+ifeval+math+musr,,1.0,0.125,53,0.0309160314500331,0.9511754068716094,4.756844267723856
bbh+gpqa+ifeval+math+musr,,1.0,0.125,54,0.0310027562081813,0.9534358047016276,4.728193822698908
bbh+gpqa+ifeval+math+musr,,1.0,0.125,55,0.030796168372035,0.9471066907775768,4.7969075683006075
bbh+gpqa+ifeval+math+musr,,1.0,0.125,56,0.0308994632214307,0.945750452079566,4.759241640281617
bbh+gpqa+ifeval+math+musr,,1.0,0.125,57,0.0308655779808759,0.9462025316455696,4.774302602823652
bbh+gpqa+ifeval+math+musr,,1.0,0.125,58,0.0308725982904434,0.948010849909584,4.78387099232408
bbh+gpqa+ifeval+math+musr,,1.0,0.125,59,0.030888570472598,0.9529837251356238,4.773854662615981
bbh+gpqa+ifeval+math+musr,,1.0,0.125,60,0.0308229997754097,0.9471066907775768,4.7857155021628905
bbh+gpqa+ifeval+math+musr,,1.0,0.125,61,0.030853534117341,0.9484629294755876,4.786515926969237
bbh+gpqa+ifeval+math+musr,,1.0,0.125,62,0.0309536792337894,0.9471066907775768,4.743302581487634
bbh+gpqa+ifeval+math+musr,,1.0,0.125,63,0.0309282280504703,0.9507233273056056,4.750353178584894
bbh+gpqa+ifeval+math+musr,,1.0,0.125,64,0.0308683589100837,0.9471066907775768,4.778934672671008
bbh+gpqa+ifeval+math+musr,,1.0,0.125,65,0.0308286901563406,0.9520795660036168,4.784273530631485
bbh+gpqa+ifeval+math+musr,,1.0,0.125,66,0.0308943577110767,0.9344484629294756,4.765749704559476
bbh+gpqa+ifeval+math+musr,,1.0,0.125,67,0.0309400036931037,0.950271247739602,4.748987889424117
bbh+gpqa+ifeval+math+musr,,1.0,0.125,68,0.0309125520288944,0.9462025316455696,4.758028717890064
bbh+gpqa+ifeval+math+musr,,1.0,0.125,69,0.0308636166155338,0.9525316455696202,4.770217906707985
bbh+gpqa+ifeval+math+musr,,1.0,0.125,70,0.0309418272227048,0.9520795660036168,4.756129812148357
bbh+gpqa+ifeval+math+musr,,1.0,0.125,71,0.0309472009539604,0.948010849909584,4.754337542287391
bbh+gpqa+ifeval+math+musr,,1.0,0.125,72,0.0308842994272708,0.948010849909584,4.773690741022771
bbh+gpqa+ifeval+math+musr,,1.0,0.125,73,0.0309070814400911,0.9462025316455696,4.7609713119714865
bbh+gpqa+ifeval+math+musr,,1.0,0.125,74,0.0309012345969676,0.9556962025316456,4.763476153946814
bbh+gpqa+ifeval+math+musr,,1.0,0.125,75,0.0310243964195251,0.9484629294755876,4.7253183496048585
bbh+gpqa+ifeval+math+musr,,1.0,0.125,76,0.0308684520423412,0.95750452079566,4.781903313397153
bbh+gpqa+ifeval+math+musr,,1.0,0.125,77,0.0309202298521995,0.951627486437613,4.75699246705699
bbh+gpqa+ifeval+math+musr,,1.0,0.125,78,0.030975142493844,0.9493670886075948,4.742303082442377
bbh+gpqa+ifeval+math+musr,,1.0,0.125,79,0.0308761578053236,0.9421338155515372,4.77317884813761
bbh+gpqa+ifeval+math+musr,,1.0,0.125,80,0.030849602073431,0.9525316455696202,4.775970549594465
bbh+gpqa+ifeval+math+musr,,1.0,0.125,81,0.0309141837060451,0.9466546112115732,4.751725759006938
bbh+gpqa+ifeval+math+musr,,1.0,0.125,82,0.0308961924165487,0.948010849909584,4.764206744508048
bbh+gpqa+ifeval+math+musr,,1.0,0.125,83,0.0308439563959836,0.9498191681735986,4.782263051249094
bbh+gpqa+ifeval+math+musr,,1.0,0.125,84,0.0309390928596258,0.9556962025316456,4.7509669721808
bbh+gpqa+ifeval+math+musr,,1.0,0.125,85,0.030912609770894,0.9425858951175408,4.767814642697413
bbh+gpqa+ifeval+math+musr,,1.0,0.125,86,0.0309493783861398,0.9439421338155516,4.753533170695893
bbh+gpqa+ifeval+math+musr,,1.0,0.125,87,0.0308570656925439,0.953887884267631,4.778527767399022
bbh+gpqa+ifeval+math+musr,,1.0,0.125,88,0.0309453289955854,0.9471066907775768,4.749261152029295
bbh+gpqa+ifeval+math+musr,,1.0,0.125,89,0.0309388376772403,0.9443942133815552,4.748483103433413
bbh+gpqa+ifeval+math+musr,,1.0,0.125,90,0.0308889262378215,0.9511754068716094,4.7732935890136226
bbh+gpqa+ifeval+math+musr,,1.0,0.125,91,0.0308926962316036,0.9484629294755876,4.770095201011041
bbh+gpqa+ifeval+math+musr,,1.0,0.125,92,0.0309577658772468,0.9484629294755876,4.750170902069617
bbh+gpqa+ifeval+math+musr,,1.0,0.125,93,0.0309203509241342,0.9489150090415912,4.761080588382853
bbh+gpqa+ifeval+math+musr,,1.0,0.125,94,0.030844073742628,0.9507233273056056,4.785580535132748
bbh+gpqa+ifeval+math+musr,,1.0,0.125,95,0.0309833195060491,0.9484629294755876,4.735015357925467
bbh+gpqa+ifeval+math+musr,,1.0,0.125,96,0.0309025589376688,0.9484629294755876,4.757775923947207
bbh+gpqa+ifeval+math+musr,,1.0,0.125,97,0.0308270454406738,0.9507233273056056,4.782211864646012
bbh+gpqa+ifeval+math+musr,,1.0,0.125,98,0.0309050399810075,0.9525316455696202,4.759158644232104
bbh+gpqa+ifeval+math+musr,,1.0,0.125,99,0.03089708276093,0.9547920433996384,4.764044807955608
bbh+gpqa+ifeval+math+musr,,1.0,0.15,0,0.0272881407290697,0.9547920433996384,4.942435335248677
bbh+gpqa+ifeval+math+musr,,1.0,0.15,1,0.0272711738944053,0.948010849909584,4.948759142892046
bbh+gpqa+ifeval+math+musr,,1.0,0.15,2,0.0271955449134111,0.9547920433996384,4.977786166055954
bbh+gpqa+ifeval+math+musr,,1.0,0.15,3,0.0272792540490627,0.945750452079566,4.9518011017574475
bbh+gpqa+ifeval+math+musr,,1.0,0.15,4,0.0272630900144577,0.9471066907775768,4.963950122090267
bbh+gpqa+ifeval+math+musr,,1.0,0.15,5,0.0272549986839294,0.9534358047016276,4.9611508051485895
bbh+gpqa+ifeval+math+musr,,1.0,0.15,6,0.0272849462926387,0.945750452079566,4.943635192672577
bbh+gpqa+ifeval+math+musr,,1.0,0.15,7,0.0272511970251798,0.948010849909584,4.963839786288772
bbh+gpqa+ifeval+math+musr,,1.0,0.15,8,0.0272598806768655,0.951627486437613,4.950982791945202
bbh+gpqa+ifeval+math+musr,,1.0,0.15,9,0.0272115264087915,0.9493670886075948,4.966885259930429
bbh+gpqa+ifeval+math+musr,,1.0,0.15,10,0.02732172049582,0.943490054249548,4.9294806375169316
bbh+gpqa+ifeval+math+musr,,1.0,0.15,11,0.0272879786789417,0.9588607594936708,4.9427295574027905
bbh+gpqa+ifeval+math+musr,,1.0,0.15,12,0.0272936299443244,0.9462025316455696,4.9407921605387095
bbh+gpqa+ifeval+math+musr,,1.0,0.15,13,0.0272508729249238,0.9511754068716094,4.965363265803683
bbh+gpqa+ifeval+math+musr,,1.0,0.15,14,0.027290865778923,0.9529837251356238,4.937384340341595
bbh+gpqa+ifeval+math+musr,,1.0,0.15,15,0.0272098146378994,0.9430379746835442,4.969858874460881
bbh+gpqa+ifeval+math+musr,,1.0,0.15,16,0.0272933822125196,0.9529837251356238,4.944942079305908
bbh+gpqa+ifeval+math+musr,,1.0,0.15,17,0.027279695495963,0.9570524412296564,4.946348142856928
bbh+gpqa+ifeval+math+musr,,1.0,0.15,18,0.0272985324263572,0.943490054249548,4.93538510440941
bbh+gpqa+ifeval+math+musr,,1.0,0.15,19,0.0272778924554586,0.9520795660036168,4.953524568567446
bbh+gpqa+ifeval+math+musr,,1.0,0.15,20,0.0272673368453979,0.9412296564195298,4.957513795795195
bbh+gpqa+ifeval+math+musr,,1.0,0.15,21,0.0272665563970804,0.951627486437613,4.9538539878074666
bbh+gpqa+ifeval+math+musr,,1.0,0.15,22,0.0272663012146949,0.9452983725135624,4.9535130831572465
bbh+gpqa+ifeval+math+musr,,1.0,0.15,23,0.0272831358015537,0.9403254972875226,4.950864265033643
bbh+gpqa+ifeval+math+musr,,1.0,0.15,24,0.0272380113601684,0.9452983725135624,4.965598080427026
bbh+gpqa+ifeval+math+musr,,1.0,0.15,25,0.0272273290902376,0.948010849909584,4.964190710914899
bbh+gpqa+ifeval+math+musr,,1.0,0.15,26,0.0273273084312677,0.9520795660036168,4.9298478600731785
bbh+gpqa+ifeval+math+musr,,1.0,0.15,27,0.0272833574563264,0.951627486437613,4.943970537720425
bbh+gpqa+ifeval+math+musr,,1.0,0.15,28,0.0272979233413934,0.9462025316455696,4.936248717630189
bbh+gpqa+ifeval+math+musr,,1.0,0.15,29,0.0273441541939973,0.9452983725135624,4.921999945501407
bbh+gpqa+ifeval+math+musr,,1.0,0.15,30,0.027272006496787,0.9448462929475588,4.9448453156155905
bbh+gpqa+ifeval+math+musr,,1.0,0.15,31,0.027284050360322,0.9507233273056056,4.943553065023591
bbh+gpqa+ifeval+math+musr,,1.0,0.15,32,0.0272927843034267,0.9416817359855334,4.945424030821224
bbh+gpqa+ifeval+math+musr,,1.0,0.15,33,0.0272366665303707,0.9475587703435804,4.960109489117067
bbh+gpqa+ifeval+math+musr,,1.0,0.15,34,0.0273342579603195,0.9462025316455696,4.931477184512477
bbh+gpqa+ifeval+math+musr,,1.0,0.15,35,0.0272227153182029,0.953887884267631,4.968117604310034
bbh+gpqa+ifeval+math+musr,,1.0,0.15,36,0.0272990204393863,0.9484629294755876,4.944461659225659
bbh+gpqa+ifeval+math+musr,,1.0,0.15,37,0.0272300746291875,0.9475587703435804,4.971310026053422
bbh+gpqa+ifeval+math+musr,,1.0,0.15,38,0.0273012779653072,0.9534358047016276,4.936895869051223
bbh+gpqa+ifeval+math+musr,,1.0,0.15,39,0.0272808391600847,0.9448462929475588,4.938509851281892
bbh+gpqa+ifeval+math+musr,,1.0,0.15,40,0.0273195244371891,0.9534358047016276,4.9306244015185765
bbh+gpqa+ifeval+math+musr,,1.0,0.15,41,0.027218509465456,0.9326401446654612,4.968372311502456
bbh+gpqa+ifeval+math+musr,,1.0,0.15,42,0.0272633358836174,0.943490054249548,4.960600653702958
bbh+gpqa+ifeval+math+musr,,1.0,0.15,43,0.027281129732728,0.9471066907775768,4.947448038713726
bbh+gpqa+ifeval+math+musr,,1.0,0.15,44,0.0272285379469394,0.9511754068716094,4.963405495047739
bbh+gpqa+ifeval+math+musr,,1.0,0.15,45,0.0273294001817703,0.9448462929475588,4.928563047511507
bbh+gpqa+ifeval+math+musr,,1.0,0.15,46,0.0272670965641737,0.9493670886075948,4.948090406511522
bbh+gpqa+ifeval+math+musr,,1.0,0.15,47,0.027232376858592,0.9439421338155516,4.961274919577786
bbh+gpqa+ifeval+math+musr,,1.0,0.15,48,0.0272813532501459,0.9543399638336348,4.943421754651834
bbh+gpqa+ifeval+math+musr,,1.0,0.15,49,0.0271934177726507,0.943490054249548,4.98092314126877
bbh+gpqa+ifeval+math+musr,,1.0,0.15,50,0.0272266510874032,0.9466546112115732,4.96776331590318
bbh+gpqa+ifeval+math+musr,,1.0,0.15,51,0.0273091979324817,0.950271247739602,4.9371663626483615
bbh+gpqa+ifeval+math+musr,,1.0,0.15,52,0.0272485427558422,0.9371609403254972,4.960551551985772
bbh+gpqa+ifeval+math+musr,,1.0,0.15,53,0.0272730719298124,0.9507233273056056,4.946381158915953
bbh+gpqa+ifeval+math+musr,,1.0,0.15,54,0.0273477882146835,0.9475587703435804,4.916508387666907
bbh+gpqa+ifeval+math+musr,,1.0,0.15,55,0.0271800328046083,0.9430379746835442,4.983128759966877
bbh+gpqa+ifeval+math+musr,,1.0,0.15,56,0.0272608622908592,0.9471066907775768,4.950762463712749
bbh+gpqa+ifeval+math+musr,,1.0,0.15,57,0.0272279791533947,0.9412296564195298,4.962577765398446
bbh+gpqa+ifeval+math+musr,,1.0,0.15,58,0.027237694710493,0.945750452079566,4.97052955205053
bbh+gpqa+ifeval+math+musr,,1.0,0.15,59,0.0272405799478292,0.9520795660036168,4.963760999504501
bbh+gpqa+ifeval+math+musr,,1.0,0.15,60,0.0272039249539375,0.9475587703435804,4.973010827296239
bbh+gpqa+ifeval+math+musr,,1.0,0.15,61,0.0272198040038347,0.9421338155515372,4.975384664203728
bbh+gpqa+ifeval+math+musr,,1.0,0.15,62,0.0272957049310207,0.940777576853526,4.9327968446315005
bbh+gpqa+ifeval+math+musr,,1.0,0.15,63,0.0272688474506139,0.9529837251356238,4.9480591169754415
bbh+gpqa+ifeval+math+musr,,1.0,0.15,64,0.0272217765450477,0.9471066907775768,4.970776393987133
bbh+gpqa+ifeval+math+musr,,1.0,0.15,65,0.0271899532526731,0.950271247739602,4.976784725379777
bbh+gpqa+ifeval+math+musr,,1.0,0.15,66,0.0272426772862672,0.9312839059674504,4.961105731498945
bbh+gpqa+ifeval+math+musr,,1.0,0.15,67,0.0272803362458944,0.9448462929475588,4.944457128054985
bbh+gpqa+ifeval+math+musr,,1.0,0.15,68,0.0272558573633432,0.9462025316455696,4.950911680772265
bbh+gpqa+ifeval+math+musr,,1.0,0.15,69,0.0272268280386924,0.948010849909584,4.9606993644025446
bbh+gpqa+ifeval+math+musr,,1.0,0.15,70,0.0272911246865987,0.951627486437613,4.944912681806569
bbh+gpqa+ifeval+math+musr,,1.0,0.15,71,0.0272879656404256,0.9475587703435804,4.946473620401502
bbh+gpqa+ifeval+math+musr,,1.0,0.15,72,0.0272485613822937,0.9448462929475588,4.963643802746772
bbh+gpqa+ifeval+math+musr,,1.0,0.15,73,0.0272562131285667,0.9493670886075948,4.951899802094073
bbh+gpqa+ifeval+math+musr,,1.0,0.15,74,0.0272462144494056,0.9489150090415912,4.960061294640241
bbh+gpqa+ifeval+math+musr,,1.0,0.15,75,0.0273496136069297,0.9448462929475588,4.9223055868545025
bbh+gpqa+ifeval+math+musr,,1.0,0.15,76,0.0272266119718551,0.9520795660036168,4.972678338531786
bbh+gpqa+ifeval+math+musr,,1.0,0.15,77,0.0272701941430568,0.9493670886075948,4.946538584638689
bbh+gpqa+ifeval+math+musr,,1.0,0.15,78,0.0273120664060115,0.950271247739602,4.935940868134071
bbh+gpqa+ifeval+math+musr,,1.0,0.15,79,0.0272360704839229,0.9425858951175408,4.960711648178958
bbh+gpqa+ifeval+math+musr,,1.0,0.15,80,0.0272157434374094,0.9534358047016276,4.966882921402987
bbh+gpqa+ifeval+math+musr,,1.0,0.15,81,0.0272705052047967,0.9507233273056056,4.942954323331495
bbh+gpqa+ifeval+math+musr,,1.0,0.15,82,0.0272470992058515,0.9489150090415912,4.956489003381819
bbh+gpqa+ifeval+math+musr,,1.0,0.15,83,0.0272100269794464,0.950271247739602,4.970604189386547
bbh+gpqa+ifeval+math+musr,,1.0,0.15,84,0.0272840745747089,0.9520795660036168,4.943856373278596
bbh+gpqa+ifeval+math+musr,,1.0,0.15,85,0.027265790849924,0.940777576853526,4.955385779061194
bbh+gpqa+ifeval+math+musr,,1.0,0.15,86,0.027299478650093,0.943490054249548,4.94282172777192
bbh+gpqa+ifeval+math+musr,,1.0,0.15,87,0.027214815840125,0.948010849909584,4.972143035566853
bbh+gpqa+ifeval+math+musr,,1.0,0.15,88,0.0272867400199174,0.9602169981916816,4.94002445677608
bbh+gpqa+ifeval+math+musr,,1.0,0.15,89,0.0272853784263134,0.9489150090415912,4.939834717944129
bbh+gpqa+ifeval+math+musr,,1.0,0.15,90,0.0272496193647384,0.9498191681735986,4.958844353241141
bbh+gpqa+ifeval+math+musr,,1.0,0.15,91,0.0272473152726888,0.9462025316455696,4.96133348630197
bbh+gpqa+ifeval+math+musr,,1.0,0.15,92,0.0272989254444837,0.9484629294755876,4.939174525130297
bbh+gpqa+ifeval+math+musr,,1.0,0.15,93,0.0272709671407938,0.9520795660036168,4.9508254436622785
bbh+gpqa+ifeval+math+musr,,1.0,0.15,94,0.0272015705704689,0.9525316455696202,4.979001847973219
bbh+gpqa+ifeval+math+musr,,1.0,0.15,95,0.0273212622851133,0.9462025316455696,4.929216712217597
bbh+gpqa+ifeval+math+musr,,1.0,0.15,96,0.0272642560303211,0.9520795660036168,4.9450278692813585
bbh+gpqa+ifeval+math+musr,,1.0,0.15,97,0.0271872896701097,0.9475587703435804,4.979369945099514
bbh+gpqa+ifeval+math+musr,,1.0,0.15,98,0.0272602029144763,0.9602169981916816,4.9499335128883875
bbh+gpqa+ifeval+math+musr,,1.0,0.15,99,0.027256041765213,0.9511754068716094,4.9570286572084425
bbh+gpqa+ifeval+math+musr,,1.0,0.175,0,0.0245170425623655,0.9507233273056056,5.096457041973739
bbh+gpqa+ifeval+math+musr,,1.0,0.175,1,0.0245043318718671,0.9511754068716094,5.103097925089898
bbh+gpqa+ifeval+math+musr,,1.0,0.175,2,0.0244302805513143,0.9529837251356238,5.133580813460714
bbh+gpqa+ifeval+math+musr,,1.0,0.175,3,0.0245024822652339,0.9412296564195298,5.1082095033309765
bbh+gpqa+ifeval+math+musr,,1.0,0.175,4,0.0244957972317934,0.9452983725135624,5.113895371770751
bbh+gpqa+ifeval+math+musr,,1.0,0.175,5,0.0244854595512151,0.9543399638336348,5.1133981307537155
bbh+gpqa+ifeval+math+musr,,1.0,0.175,6,0.0245051626116037,0.9484629294755876,5.102075452242323
bbh+gpqa+ifeval+math+musr,,1.0,0.175,7,0.0244811549782753,0.943490054249548,5.117962525059375
bbh+gpqa+ifeval+math+musr,,1.0,0.175,8,0.0244893971830606,0.9588607594936708,5.1050007105466655
bbh+gpqa+ifeval+math+musr,,1.0,0.175,9,0.0244512781500816,0.948010849909584,5.119005956305818
bbh+gpqa+ifeval+math+musr,,1.0,0.175,10,0.0245458297431468,0.9380650994575044,5.0829843643180075
bbh+gpqa+ifeval+math+musr,,1.0,0.175,11,0.0245107449591159,0.955244122965642,5.100174572167521
bbh+gpqa+ifeval+math+musr,,1.0,0.175,12,0.0245162360370159,0.9448462929475588,5.098110445247556
bbh+gpqa+ifeval+math+musr,,1.0,0.175,13,0.0244844444096088,0.950271247739602,5.117014210364245
bbh+gpqa+ifeval+math+musr,,1.0,0.175,14,0.0245199669152498,0.9529837251356238,5.089958075662989
bbh+gpqa+ifeval+math+musr,,1.0,0.175,15,0.0244474243372678,0.9475587703435804,5.121600676187225
bbh+gpqa+ifeval+math+musr,,1.0,0.175,16,0.0245166085660457,0.950271247739602,5.098092062688913
bbh+gpqa+ifeval+math+musr,,1.0,0.175,17,0.0245097894221544,0.9593128390596743,5.102062817151437
bbh+gpqa+ifeval+math+musr,,1.0,0.175,18,0.0245200470089912,0.9421338155515372,5.092394390813398
bbh+gpqa+ifeval+math+musr,,1.0,0.175,19,0.0245064608752727,0.9511754068716094,5.1055493729202475
bbh+gpqa+ifeval+math+musr,,1.0,0.175,20,0.0244885515421628,0.9430379746835442,5.115214677684761
bbh+gpqa+ifeval+math+musr,,1.0,0.175,21,0.0244904737919569,0.9466546112115732,5.1107116234943835
bbh+gpqa+ifeval+math+musr,,1.0,0.175,22,0.024498539045453,0.9439421338155516,5.106487366692116
bbh+gpqa+ifeval+math+musr,,1.0,0.175,23,0.0245122741907835,0.9353526220614828,5.10490447676628
bbh+gpqa+ifeval+math+musr,,1.0,0.175,24,0.0244693253189325,0.950271247739602,5.119967173497466
bbh+gpqa+ifeval+math+musr,,1.0,0.175,25,0.0244582071900367,0.9498191681735986,5.120532493402281
bbh+gpqa+ifeval+math+musr,,1.0,0.175,26,0.0245445948094129,0.9471066907775768,5.086333820711578
bbh+gpqa+ifeval+math+musr,,1.0,0.175,27,0.0245135724544525,0.9525316455696202,5.095199336749317
bbh+gpqa+ifeval+math+musr,,1.0,0.175,28,0.0245159156620502,0.950271247739602,5.093857741879997
bbh+gpqa+ifeval+math+musr,,1.0,0.175,29,0.0245687644928693,0.9452983725135624,5.073205228557039
bbh+gpqa+ifeval+math+musr,,1.0,0.175,30,0.0245049074292182,0.9452983725135624,5.098046787904845
bbh+gpqa+ifeval+math+musr,,1.0,0.175,31,0.0245134271681308,0.945750452079566,5.098055171201773
bbh+gpqa+ifeval+math+musr,,1.0,0.175,32,0.0245160423219203,0.9412296564195298,5.0983275654655
bbh+gpqa+ifeval+math+musr,,1.0,0.175,33,0.0244633201509714,0.9430379746835442,5.11518050253765
bbh+gpqa+ifeval+math+musr,,1.0,0.175,34,0.0245618391782045,0.9475587703435804,5.08071072818531
bbh+gpqa+ifeval+math+musr,,1.0,0.175,35,0.024448512122035,0.9511754068716094,5.124236360926453
bbh+gpqa+ifeval+math+musr,,1.0,0.175,36,0.0245235227048397,0.9493670886075948,5.0977143323381
bbh+gpqa+ifeval+math+musr,,1.0,0.175,37,0.0244753044098615,0.9489150090415912,5.119925370909778
bbh+gpqa+ifeval+math+musr,,1.0,0.175,38,0.02452820725739,0.9507233273056056,5.091821936979482
bbh+gpqa+ifeval+math+musr,,1.0,0.175,39,0.0245109293609857,0.945750452079566,5.093481752489587
bbh+gpqa+ifeval+math+musr,,1.0,0.175,40,0.0245417617261409,0.955244122965642,5.084818156478379
bbh+gpqa+ifeval+math+musr,,1.0,0.175,41,0.0244584940373897,0.9353526220614828,5.1221447634088415
bbh+gpqa+ifeval+math+musr,,1.0,0.175,42,0.0244927816092968,0.9430379746835442,5.115188436141042
bbh+gpqa+ifeval+math+musr,,1.0,0.175,43,0.0245044510811567,0.9462025316455696,5.101821639154434
bbh+gpqa+ifeval+math+musr,,1.0,0.175,44,0.0244657341390848,0.9462025316455696,5.118294430242093
bbh+gpqa+ifeval+math+musr,,1.0,0.175,45,0.0245439279824495,0.9448462929475588,5.082989118447785
bbh+gpqa+ifeval+math+musr,,1.0,0.175,46,0.0244982801377773,0.9547920433996384,5.101356298960056
bbh+gpqa+ifeval+math+musr,,1.0,0.175,47,0.0244721341878175,0.948010849909584,5.111694774256521
bbh+gpqa+ifeval+math+musr,,1.0,0.175,48,0.0245024543255567,0.9471066907775768,5.0984682230356535
bbh+gpqa+ifeval+math+musr,,1.0,0.175,49,0.0244382638484239,0.950271247739602,5.131672075648512
bbh+gpqa+ifeval+math+musr,,1.0,0.175,50,0.0244649853557348,0.9507233273056056,5.118556064335241
bbh+gpqa+ifeval+math+musr,,1.0,0.175,51,0.0245330296456813,0.9498191681735986,5.089333913714091
bbh+gpqa+ifeval+math+musr,,1.0,0.175,52,0.0244850292801857,0.9376130198915008,5.113401693757827
bbh+gpqa+ifeval+math+musr,,1.0,0.175,53,0.0244994182139635,0.950271247739602,5.100056810423632
bbh+gpqa+ifeval+math+musr,,1.0,0.175,54,0.024565203115344,0.955244122965642,5.068729773182075
bbh+gpqa+ifeval+math+musr,,1.0,0.175,55,0.0244248285889625,0.948010849909584,5.133517858333263
bbh+gpqa+ifeval+math+musr,,1.0,0.175,56,0.0244893115013837,0.950271247739602,5.106469773663277
bbh+gpqa+ifeval+math+musr,,1.0,0.175,57,0.0244664773344993,0.9452983725135624,5.115064265631892
bbh+gpqa+ifeval+math+musr,,1.0,0.175,58,0.0244737081229686,0.9475587703435804,5.122951627683757
bbh+gpqa+ifeval+math+musr,,1.0,0.175,59,0.0244798026978969,0.9529837251356238,5.1132616940452404
bbh+gpqa+ifeval+math+musr,,1.0,0.175,60,0.0244482103735208,0.9466546112115732,5.125138977493353
bbh+gpqa+ifeval+math+musr,,1.0,0.175,61,0.0244640447199344,0.9421338155515372,5.125104084152035
bbh+gpqa+ifeval+math+musr,,1.0,0.175,62,0.0245129354298114,0.9371609403254972,5.091568550652698
bbh+gpqa+ifeval+math+musr,,1.0,0.175,63,0.0244928579777479,0.9489150090415912,5.106453769615244
bbh+gpqa+ifeval+math+musr,,1.0,0.175,64,0.0244552418589591,0.9525316455696202,5.124455443901799
bbh+gpqa+ifeval+math+musr,,1.0,0.175,65,0.0244320761412382,0.9507233273056056,5.127083834464021
bbh+gpqa+ifeval+math+musr,,1.0,0.175,66,0.0244710315018892,0.9421338155515372,5.11880548424707
bbh+gpqa+ifeval+math+musr,,1.0,0.175,67,0.0244989693164825,0.9443942133815552,5.101587889318208
bbh+gpqa+ifeval+math+musr,,1.0,0.175,68,0.0244906116276979,0.9443942133815552,5.101184771341853
bbh+gpqa+ifeval+math+musr,,1.0,0.175,69,0.0244654640555381,0.951627486437613,5.113301331552644
bbh+gpqa+ifeval+math+musr,,1.0,0.175,70,0.0245156921446323,0.9543399638336348,5.1014168538568745
bbh+gpqa+ifeval+math+musr,,1.0,0.175,71,0.0245195217430591,0.9498191681735986,5.097315660292181
bbh+gpqa+ifeval+math+musr,,1.0,0.175,72,0.0244804173707962,0.943490054249548,5.116065768214168
bbh+gpqa+ifeval+math+musr,,1.0,0.175,73,0.0244870074093341,0.945750452079566,5.104161636405046
bbh+gpqa+ifeval+math+musr,,1.0,0.175,74,0.0244800336658954,0.9452983725135624,5.113039953678452
bbh+gpqa+ifeval+math+musr,,1.0,0.175,75,0.0245622005313634,0.9421338155515372,5.080418340299286
bbh+gpqa+ifeval+math+musr,,1.0,0.175,76,0.0244585331529378,0.9475587703435804,5.125422966554206
bbh+gpqa+ifeval+math+musr,,1.0,0.175,77,0.0245047602802515,0.9421338155515372,5.09775172449328
bbh+gpqa+ifeval+math+musr,,1.0,0.175,78,0.0245318748056888,0.945750452079566,5.088573655417274
bbh+gpqa+ifeval+math+musr,,1.0,0.175,79,0.0244742687791585,0.943490054249548,5.112933403273279
bbh+gpqa+ifeval+math+musr,,1.0,0.175,80,0.0244560129940509,0.9498191681735986,5.120546849285321
bbh+gpqa+ifeval+math+musr,,1.0,0.175,81,0.0244954973459243,0.9511754068716094,5.1007539607142425
bbh+gpqa+ifeval+math+musr,,1.0,0.175,82,0.0244805086404085,0.9462025316455696,5.111827911566951
bbh+gpqa+ifeval+math+musr,,1.0,0.175,83,0.0244534350931644,0.9525316455696202,5.123719472849178
bbh+gpqa+ifeval+math+musr,,1.0,0.175,84,0.0245060864835977,0.9525316455696202,5.096122383512942
bbh+gpqa+ifeval+math+musr,,1.0,0.175,85,0.0244983173906803,0.9471066907775768,5.10805473076028
bbh+gpqa+ifeval+math+musr,,1.0,0.175,86,0.0245209913700819,0.9416817359855334,5.100603031666804
bbh+gpqa+ifeval+math+musr,,1.0,0.175,87,0.0244492292404174,0.9493670886075948,5.126293105372205
bbh+gpqa+ifeval+math+musr,,1.0,0.175,88,0.0245105344802141,0.9493670886075948,5.097681980069019
bbh+gpqa+ifeval+math+musr,,1.0,0.175,89,0.0245077069848775,0.9493670886075948,5.0986001933460185
bbh+gpqa+ifeval+math+musr,,1.0,0.175,90,0.0244852732867002,0.950271247739602,5.109163909335207
bbh+gpqa+ifeval+math+musr,,1.0,0.175,91,0.024482998996973,0.9466546112115732,5.113800412748475
bbh+gpqa+ifeval+math+musr,,1.0,0.175,92,0.0245185047388076,0.9484629294755876,5.095512394101047
bbh+gpqa+ifeval+math+musr,,1.0,0.175,93,0.0245004147291183,0.951627486437613,5.104713339230676
bbh+gpqa+ifeval+math+musr,,1.0,0.175,94,0.0244370438158512,0.9507233273056056,5.130968232043225
bbh+gpqa+ifeval+math+musr,,1.0,0.175,95,0.024541376158595,0.9412296564195298,5.085842616313915
bbh+gpqa+ifeval+math+musr,,1.0,0.175,96,0.0244883522391319,0.9511754068716094,5.101531682041538
bbh+gpqa+ifeval+math+musr,,1.0,0.175,97,0.0244313515722751,0.9475587703435804,5.129656634914813
bbh+gpqa+ifeval+math+musr,,1.0,0.175,98,0.024488016963005,0.9484629294755876,5.106053314851139
bbh+gpqa+ifeval+math+musr,,1.0,0.175,99,0.0244897920638322,0.9493670886075948,5.112499101961652
bbh+gpqa+ifeval+math+musr,,1.0,0.2,0,0.0223069693893194,0.9493670886075948,5.225413700943264
bbh+gpqa+ifeval+math+musr,,1.0,0.2,1,0.0223021861165761,0.9475587703435804,5.2280105743778735
bbh+gpqa+ifeval+math+musr,,1.0,0.2,2,0.0222343429923057,0.9525316455696202,5.258779998703376
bbh+gpqa+ifeval+math+musr,,1.0,0.2,3,0.0222962535917758,0.940777576853526,5.237282881101722
bbh+gpqa+ifeval+math+musr,,1.0,0.2,4,0.0222886428236961,0.9452983725135624,5.240096478899299
bbh+gpqa+ifeval+math+musr,,1.0,0.2,5,0.0222824085503816,0.9498191681735986,5.238711819166548
bbh+gpqa+ifeval+math+musr,,1.0,0.2,6,0.0222996231168508,0.9493670886075948,5.228417077154354
bbh+gpqa+ifeval+math+musr,,1.0,0.2,7,0.0222868807613849,0.9462025316455696,5.238367706999796
bbh+gpqa+ifeval+math+musr,,1.0,0.2,8,0.0222846698015928,0.9566003616636528,5.233875628852767
bbh+gpqa+ifeval+math+musr,,1.0,0.2,9,0.0222555547952651,0.9511754068716094,5.241980322303057
bbh+gpqa+ifeval+math+musr,,1.0,0.2,10,0.0223353262990713,0.9394213381555152,5.210611709729918
bbh+gpqa+ifeval+math+musr,,1.0,0.2,11,0.0223066844046115,0.955244122965642,5.223441640243615
bbh+gpqa+ifeval+math+musr,,1.0,0.2,12,0.0223179589956998,0.9475587703435804,5.219879871436701
bbh+gpqa+ifeval+math+musr,,1.0,0.2,13,0.0222848542034626,0.9507233273056056,5.241799512553244
bbh+gpqa+ifeval+math+musr,,1.0,0.2,14,0.0223053507506847,0.9520795660036168,5.221151045076234
bbh+gpqa+ifeval+math+musr,,1.0,0.2,15,0.0222537070512771,0.9493670886075948,5.246357886878053
bbh+gpqa+ifeval+math+musr,,1.0,0.2,16,0.0223101712763309,0.9520795660036168,5.22535511449662
bbh+gpqa+ifeval+math+musr,,1.0,0.2,17,0.0223072376102209,0.9543399638336348,5.227460376788834
bbh+gpqa+ifeval+math+musr,,1.0,0.2,18,0.0223176795989274,0.9430379746835442,5.216075569639531
bbh+gpqa+ifeval+math+musr,,1.0,0.2,19,0.0222988128662109,0.9543399638336348,5.231303356098521
bbh+gpqa+ifeval+math+musr,,1.0,0.2,20,0.0222858097404241,0.9394213381555152,5.2395851796494
bbh+gpqa+ifeval+math+musr,,1.0,0.2,21,0.0222872830927371,0.9534358047016276,5.235398546017079
bbh+gpqa+ifeval+math+musr,,1.0,0.2,22,0.0222921539098024,0.948010849909584,5.2334741132411695
bbh+gpqa+ifeval+math+musr,,1.0,0.2,23,0.022309461608529,0.9452983725135624,5.22938095192479
bbh+gpqa+ifeval+math+musr,,1.0,0.2,24,0.0222661662846803,0.9511754068716094,5.246520713842295
bbh+gpqa+ifeval+math+musr,,1.0,0.2,25,0.0222624260932207,0.9430379746835442,5.245143802525659
bbh+gpqa+ifeval+math+musr,,1.0,0.2,26,0.0223380252718925,0.9520795660036168,5.209194307968733
bbh+gpqa+ifeval+math+musr,,1.0,0.2,27,0.0223087333142757,0.9543399638336348,5.220856660278668
bbh+gpqa+ifeval+math+musr,,1.0,0.2,28,0.0223065204918384,0.9525316455696202,5.223706962471946
bbh+gpqa+ifeval+math+musr,,1.0,0.2,29,0.0223526079207658,0.9489150090415912,5.203391848413245
bbh+gpqa+ifeval+math+musr,,1.0,0.2,30,0.0223063733428716,0.9471066907775768,5.223367469190955
bbh+gpqa+ifeval+math+musr,,1.0,0.2,31,0.0223161168396472,0.9475587703435804,5.222259867156008
bbh+gpqa+ifeval+math+musr,,1.0,0.2,32,0.0223093535751104,0.9421338155515372,5.224033539247882
bbh+gpqa+ifeval+math+musr,,1.0,0.2,33,0.0222681369632482,0.950271247739602,5.237016066195336
bbh+gpqa+ifeval+math+musr,,1.0,0.2,34,0.022350613027811,0.9484629294755876,5.207334164734003
bbh+gpqa+ifeval+math+musr,,1.0,0.2,35,0.0222547072917222,0.950271247739602,5.248004394849053
bbh+gpqa+ifeval+math+musr,,1.0,0.2,36,0.0223128553479909,0.950271247739602,5.225052095403991
bbh+gpqa+ifeval+math+musr,,1.0,0.2,37,0.0222734734416008,0.9484629294755876,5.247493155479482
bbh+gpqa+ifeval+math+musr,,1.0,0.2,38,0.022317262366414,0.9471066907775768,5.218565164623394
bbh+gpqa+ifeval+math+musr,,1.0,0.2,39,0.02230572886765,0.945750452079566,5.218574746800288
bbh+gpqa+ifeval+math+musr,,1.0,0.2,40,0.0223354939371347,0.955244122965642,5.211218050978003
bbh+gpqa+ifeval+math+musr,,1.0,0.2,41,0.0222643911838531,0.938517179023508,5.245587487087068
bbh+gpqa+ifeval+math+musr,,1.0,0.2,42,0.0222862046211957,0.9430379746835442,5.2436481846935346
bbh+gpqa+ifeval+math+musr,,1.0,0.2,43,0.0223006755113601,0.950271247739602,5.22848510061614
bbh+gpqa+ifeval+math+musr,,1.0,0.2,44,0.0222625918686389,0.945750452079566,5.245867436757209
bbh+gpqa+ifeval+math+musr,,1.0,0.2,45,0.0223341416567564,0.9439421338155516,5.210232410816573
bbh+gpqa+ifeval+math+musr,,1.0,0.2,46,0.0222978312522172,0.9543399638336348,5.226569685568247
bbh+gpqa+ifeval+math+musr,,1.0,0.2,47,0.0222754795104265,0.9547920433996384,5.2357956295696
bbh+gpqa+ifeval+math+musr,,1.0,0.2,48,0.0222952924668788,0.9452983725135624,5.22773026307821
bbh+gpqa+ifeval+math+musr,,1.0,0.2,49,0.0222378205507993,0.9430379746835442,5.258615806817505
bbh+gpqa+ifeval+math+musr,,1.0,0.2,50,0.0222638491541147,0.950271247739602,5.2463970809844716
bbh+gpqa+ifeval+math+musr,,1.0,0.2,51,0.0223326105624437,0.9534358047016276,5.212076315837629
bbh+gpqa+ifeval+math+musr,,1.0,0.2,52,0.022283362224698,0.9412296564195298,5.241206217811457
bbh+gpqa+ifeval+math+musr,,1.0,0.2,53,0.0222943648695945,0.9466546112115732,5.227165086537727
bbh+gpqa+ifeval+math+musr,,1.0,0.2,54,0.0223551094532012,0.951627486437613,5.194471283405934
bbh+gpqa+ifeval+math+musr,,1.0,0.2,55,0.022239651530981,0.9462025316455696,5.256563194981959
bbh+gpqa+ifeval+math+musr,,1.0,0.2,56,0.022287668660283,0.9507233273056056,5.232004642732908
bbh+gpqa+ifeval+math+musr,,1.0,0.2,57,0.0222618319094181,0.9416817359855334,5.245643790876152
bbh+gpqa+ifeval+math+musr,,1.0,0.2,58,0.0222710948437452,0.9507233273056056,5.247612428577957
bbh+gpqa+ifeval+math+musr,,1.0,0.2,59,0.0222805924713611,0.9534358047016276,5.2379677466947285
bbh+gpqa+ifeval+math+musr,,1.0,0.2,60,0.0222485028207302,0.945750452079566,5.254475406536116
bbh+gpqa+ifeval+math+musr,,1.0,0.2,61,0.0222696550190448,0.938517179023508,5.248398313906059
bbh+gpqa+ifeval+math+musr,,1.0,0.2,62,0.0223082359880208,0.9439421338155516,5.217685621805821
bbh+gpqa+ifeval+math+musr,,1.0,0.2,63,0.0222866907715797,0.9493670886075948,5.235070250900518
bbh+gpqa+ifeval+math+musr,,1.0,0.2,64,0.0222639180719852,0.9547920433996384,5.247331214108079
bbh+gpqa+ifeval+math+musr,,1.0,0.2,65,0.022242147475481,0.9507233273056056,5.2486295278621125
bbh+gpqa+ifeval+math+musr,,1.0,0.2,66,0.0222756005823612,0.9376130198915008,5.2425676984158285
bbh+gpqa+ifeval+math+musr,,1.0,0.2,67,0.0222960617393255,0.948010849909584,5.229148313641212
bbh+gpqa+ifeval+math+musr,,1.0,0.2,68,0.0222845561802387,0.9439421338155516,5.229440048157412
bbh+gpqa+ifeval+math+musr,,1.0,0.2,69,0.0222726035863161,0.9520795660036168,5.238774742748399
bbh+gpqa+ifeval+math+musr,,1.0,0.2,70,0.0223022513091564,0.9507233273056056,5.231461456180907
bbh+gpqa+ifeval+math+musr,,1.0,0.2,71,0.0223101135343313,0.9534358047016276,5.224776047236845
bbh+gpqa+ifeval+math+musr,,1.0,0.2,72,0.0222756285220384,0.9471066907775768,5.243181779674381
bbh+gpqa+ifeval+math+musr,,1.0,0.2,73,0.0222821086645126,0.9452983725135624,5.231371287437997
bbh+gpqa+ifeval+math+musr,,1.0,0.2,74,0.02228051610291,0.945750452079566,5.235761482054094
bbh+gpqa+ifeval+math+musr,,1.0,0.2,75,0.0223510544747114,0.940777576853526,5.205498501431708
bbh+gpqa+ifeval+math+musr,,1.0,0.2,76,0.0222619380801916,0.9529837251356238,5.248566748761837
bbh+gpqa+ifeval+math+musr,,1.0,0.2,77,0.0223021432757377,0.9439421338155516,5.224638153385346
bbh+gpqa+ifeval+math+musr,,1.0,0.2,78,0.022325349971652,0.9484629294755876,5.214582929787378
bbh+gpqa+ifeval+math+musr,,1.0,0.2,79,0.0222761295735836,0.9380650994575044,5.238064821417349
bbh+gpqa+ifeval+math+musr,,1.0,0.2,80,0.0222595166414976,0.9475587703435804,5.246237503604236
bbh+gpqa+ifeval+math+musr,,1.0,0.2,81,0.0222973003983497,0.9493670886075948,5.224236010788919
bbh+gpqa+ifeval+math+musr,,1.0,0.2,82,0.0222819056361913,0.9475587703435804,5.237410828261959
bbh+gpqa+ifeval+math+musr,,1.0,0.2,83,0.0222607422620058,0.9507233273056056,5.246594317898333
bbh+gpqa+ifeval+math+musr,,1.0,0.2,84,0.0223041363060474,0.9471066907775768,5.222082223942876
bbh+gpqa+ifeval+math+musr,,1.0,0.2,85,0.0223021283745765,0.943490054249548,5.228945149675139
bbh+gpqa+ifeval+math+musr,,1.0,0.2,86,0.0223189163953065,0.9439421338155516,5.223945664024394
bbh+gpqa+ifeval+math+musr,,1.0,0.2,87,0.0222495049238204,0.9493670886075948,5.252728788585422
bbh+gpqa+ifeval+math+musr,,1.0,0.2,88,0.0223054811358451,0.9547920433996384,5.2258147443874385
bbh+gpqa+ifeval+math+musr,,1.0,0.2,89,0.0223048571497201,0.9493670886075948,5.222016437445023
bbh+gpqa+ifeval+math+musr,,1.0,0.2,90,0.0222872011363506,0.955244122965642,5.234915393704955
bbh+gpqa+ifeval+math+musr,,1.0,0.2,91,0.0222824122756719,0.948010849909584,5.241325474407266
bbh+gpqa+ifeval+math+musr,,1.0,0.2,92,0.0223084222525358,0.951627486437613,5.223288843384571
bbh+gpqa+ifeval+math+musr,,1.0,0.2,93,0.0223037358373403,0.9543399638336348,5.2274895389068625
bbh+gpqa+ifeval+math+musr,,1.0,0.2,94,0.0222421027719974,0.9547920433996384,5.255453783211598
bbh+gpqa+ifeval+math+musr,,1.0,0.2,95,0.0223300755023956,0.945750452079566,5.211739313104611
bbh+gpqa+ifeval+math+musr,,1.0,0.2,96,0.0222884975373744,0.9525316455696202,5.2232122453724665
bbh+gpqa+ifeval+math+musr,,1.0,0.2,97,0.0222391933202743,0.9448462929475588,5.251764390117296
bbh+gpqa+ifeval+math+musr,,1.0,0.2,98,0.0222810078412294,0.9511754068716094,5.231355893972124
bbh+gpqa+ifeval+math+musr,,1.0,0.2,99,0.0222829300910234,0.951627486437613,5.240362361923073
bbh+gpqa+ifeval+math+musr,,1.0,0.225,0,0.0204915907233953,0.9498191681735986,5.327984178735628
bbh+gpqa+ifeval+math+musr,,1.0,0.225,1,0.0204897504299879,0.9493670886075948,5.333192908626848
bbh+gpqa+ifeval+math+musr,,1.0,0.225,2,0.020432885736227,0.9520795660036168,5.360084392432053
bbh+gpqa+ifeval+math+musr,,1.0,0.225,3,0.0204802919179201,0.9448462929475588,5.340592410636595
bbh+gpqa+ifeval+math+musr,,1.0,0.225,4,0.0204746387898921,0.9507233273056056,5.343995339924482
bbh+gpqa+ifeval+math+musr,,1.0,0.225,5,0.0204726867377758,0.9520795660036168,5.340431649265179
bbh+gpqa+ifeval+math+musr,,1.0,0.225,6,0.0204870793968439,0.950271247739602,5.333347290646752
bbh+gpqa+ifeval+math+musr,,1.0,0.225,7,0.0204738527536392,0.9475587703435804,5.343415543299655
bbh+gpqa+ifeval+math+musr,,1.0,0.225,8,0.0204713456332683,0.9570524412296564,5.3367727300121555
bbh+gpqa+ifeval+math+musr,,1.0,0.225,9,0.0204441659152507,0.950271247739602,5.348996370537722
bbh+gpqa+ifeval+math+musr,,1.0,0.225,10,0.0205162558704614,0.9416817359855334,5.316917594301522
bbh+gpqa+ifeval+math+musr,,1.0,0.225,11,0.0204933881759643,0.9543399638336348,5.327085678301402
bbh+gpqa+ifeval+math+musr,,1.0,0.225,12,0.0205024145543575,0.943490054249548,5.323668843418145
bbh+gpqa+ifeval+math+musr,,1.0,0.225,13,0.0204749405384063,0.9452983725135624,5.343143868082325
bbh+gpqa+ifeval+math+musr,,1.0,0.225,14,0.0204916521906852,0.9448462929475588,5.325534599065851
bbh+gpqa+ifeval+math+musr,,1.0,0.225,15,0.0204460565000772,0.9507233273056056,5.351412283059603
bbh+gpqa+ifeval+math+musr,,1.0,0.225,16,0.0204970128834247,0.95750452079566,5.330417120098322
bbh+gpqa+ifeval+math+musr,,1.0,0.225,17,0.0204955451190471,0.9525316455696202,5.331992291485636
bbh+gpqa+ifeval+math+musr,,1.0,0.225,18,0.0205022394657135,0.9421338155515372,5.322230475363565
bbh+gpqa+ifeval+math+musr,,1.0,0.225,19,0.0204888954758644,0.948010849909584,5.333548141706187
bbh+gpqa+ifeval+math+musr,,1.0,0.225,20,0.02047860622406,0.9371609403254972,5.338976306368338
bbh+gpqa+ifeval+math+musr,,1.0,0.225,21,0.0204750951379537,0.955244122965642,5.3392922518306225
bbh+gpqa+ifeval+math+musr,,1.0,0.225,22,0.0204806998372077,0.9475587703435804,5.337965509070516
bbh+gpqa+ifeval+math+musr,,1.0,0.225,23,0.0204924270510673,0.9448462929475588,5.334615107095198
bbh+gpqa+ifeval+math+musr,,1.0,0.225,24,0.0204598326236009,0.9520795660036168,5.35013979456767
bbh+gpqa+ifeval+math+musr,,1.0,0.225,25,0.0204552859067916,0.9462025316455696,5.350904858881927
bbh+gpqa+ifeval+math+musr,,1.0,0.225,26,0.0205213446170091,0.9498191681735986,5.312070822550546
bbh+gpqa+ifeval+math+musr,,1.0,0.225,27,0.0204957947134971,0.9529837251356238,5.324534537252081
bbh+gpqa+ifeval+math+musr,,1.0,0.225,28,0.02049395814538,0.950271247739602,5.3270587172078105
bbh+gpqa+ifeval+math+musr,,1.0,0.225,29,0.0205319914966821,0.9498191681735986,5.307254424210738
bbh+gpqa+ifeval+math+musr,,1.0,0.225,30,0.0204900652170181,0.9484629294755876,5.330553840121914
bbh+gpqa+ifeval+math+musr,,1.0,0.225,31,0.02050107344985,0.9452983725135624,5.325753325443897
bbh+gpqa+ifeval+math+musr,,1.0,0.225,32,0.0204941425472497,0.939873417721519,5.3297590151729075
bbh+gpqa+ifeval+math+musr,,1.0,0.225,33,0.0204600673168897,0.9498191681735986,5.341344163020712
bbh+gpqa+ifeval+math+musr,,1.0,0.225,34,0.0205338466912508,0.9466546112115732,5.309718723114315
bbh+gpqa+ifeval+math+musr,,1.0,0.225,35,0.0204487964510917,0.9489150090415912,5.350566554038033
bbh+gpqa+ifeval+math+musr,,1.0,0.225,36,0.0204991735517978,0.9511754068716094,5.325841361109513
bbh+gpqa+ifeval+math+musr,,1.0,0.225,37,0.0204601697623729,0.951627486437613,5.350925405417467
bbh+gpqa+ifeval+math+musr,,1.0,0.225,38,0.0205064415931701,0.9471066907775768,5.320876627296576
bbh+gpqa+ifeval+math+musr,,1.0,0.225,39,0.0204918086528778,0.9443942133815552,5.324393606606624
bbh+gpqa+ifeval+math+musr,,1.0,0.225,40,0.0205167923122644,0.9556962025316456,5.316266115758852
bbh+gpqa+ifeval+math+musr,,1.0,0.225,41,0.0204587969928979,0.9389692585895116,5.346863575150805
bbh+gpqa+ifeval+math+musr,,1.0,0.225,42,0.0204747095704078,0.9471066907775768,5.3457747163942635
bbh+gpqa+ifeval+math+musr,,1.0,0.225,43,0.0204879287630319,0.9493670886075948,5.333667653986785
bbh+gpqa+ifeval+math+musr,,1.0,0.225,44,0.020458148792386,0.943490054249548,5.348529706488451
bbh+gpqa+ifeval+math+musr,,1.0,0.225,45,0.0205185078084468,0.9471066907775768,5.314048697224113
bbh+gpqa+ifeval+math+musr,,1.0,0.225,46,0.020486606284976,0.9534358047016276,5.330178281256222
bbh+gpqa+ifeval+math+musr,,1.0,0.225,47,0.0204658918082714,0.9520795660036168,5.3403468049758205
bbh+gpqa+ifeval+math+musr,,1.0,0.225,48,0.020478818565607,0.9452983725135624,5.333296965514038
bbh+gpqa+ifeval+math+musr,,1.0,0.225,49,0.0204357244074344,0.9452983725135624,5.358220671322936
bbh+gpqa+ifeval+math+musr,,1.0,0.225,50,0.0204589124768972,0.9520795660036168,5.348020091189307
bbh+gpqa+ifeval+math+musr,,1.0,0.225,51,0.0205124709755182,0.9547920433996384,5.317532979451974
bbh+gpqa+ifeval+math+musr,,1.0,0.225,52,0.0204752013087272,0.9430379746835442,5.343431699193276
bbh+gpqa+ifeval+math+musr,,1.0,0.225,53,0.0204831343144178,0.9475587703435804,5.332315499969533
bbh+gpqa+ifeval+math+musr,,1.0,0.225,54,0.0205395389348268,0.9593128390596743,5.298118317053286
bbh+gpqa+ifeval+math+musr,,1.0,0.225,55,0.0204336605966091,0.9439421338155516,5.360237560851695
bbh+gpqa+ifeval+math+musr,,1.0,0.225,56,0.0204713027924299,0.9430379746835442,5.3377233337271175
bbh+gpqa+ifeval+math+musr,,1.0,0.225,57,0.0204473230987787,0.9466546112115732,5.353578370674765
bbh+gpqa+ifeval+math+musr,,1.0,0.225,58,0.0204589907079935,0.950271247739602,5.3529247260102295
bbh+gpqa+ifeval+math+musr,,1.0,0.225,59,0.0204728506505489,0.9561482820976492,5.340745617832064
bbh+gpqa+ifeval+math+musr,,1.0,0.225,60,0.0204395148903131,0.9507233273056056,5.36011741303
bbh+gpqa+ifeval+math+musr,,1.0,0.225,61,0.0204577837139368,0.9344484629294756,5.352238541637121
bbh+gpqa+ifeval+math+musr,,1.0,0.225,62,0.0204889234155416,0.9489150090415912,5.325112837201278
bbh+gpqa+ifeval+math+musr,,1.0,0.225,63,0.0204769857227802,0.9529837251356238,5.338899061650059
bbh+gpqa+ifeval+math+musr,,1.0,0.225,64,0.0204564183950424,0.9507233273056056,5.351642741623585
bbh+gpqa+ifeval+math+musr,,1.0,0.225,65,0.0204307530075311,0.9475587703435804,5.356732616332259
bbh+gpqa+ifeval+math+musr,,1.0,0.225,66,0.020462168380618,0.9416817359855334,5.344834106770664
bbh+gpqa+ifeval+math+musr,,1.0,0.225,67,0.0204859152436256,0.9421338155515372,5.330730179222245
bbh+gpqa+ifeval+math+musr,,1.0,0.225,68,0.0204738024622201,0.9452983725135624,5.334701039574278
bbh+gpqa+ifeval+math+musr,,1.0,0.225,69,0.0204620044678449,0.9471066907775768,5.341988967557328
bbh+gpqa+ifeval+math+musr,,1.0,0.225,70,0.0204897876828908,0.9547920433996384,5.334293789595139
bbh+gpqa+ifeval+math+musr,,1.0,0.225,71,0.0204957593232393,0.9529837251356238,5.330547126129265
bbh+gpqa+ifeval+math+musr,,1.0,0.225,72,0.0204616580158472,0.9525316455696202,5.350045138113123
bbh+gpqa+ifeval+math+musr,,1.0,0.225,73,0.0204723477363586,0.9416817359855334,5.335840869716237
bbh+gpqa+ifeval+math+musr,,1.0,0.225,74,0.0204714350402355,0.9443942133815552,5.33950859830569
bbh+gpqa+ifeval+math+musr,,1.0,0.225,75,0.0205353889614343,0.9443942133815552,5.307418234610352
bbh+gpqa+ifeval+math+musr,,1.0,0.225,76,0.020448412746191,0.9489150090415912,5.352384865321112
bbh+gpqa+ifeval+math+musr,,1.0,0.225,77,0.0204862281680107,0.9448462929475588,5.332994285164923
bbh+gpqa+ifeval+math+musr,,1.0,0.225,78,0.0205064136534929,0.9529837251356238,5.317514982626787
bbh+gpqa+ifeval+math+musr,,1.0,0.225,79,0.0204649120569229,0.9425858951175408,5.344591110615805
bbh+gpqa+ifeval+math+musr,,1.0,0.225,80,0.020451745018363,0.950271247739602,5.3484433594053
bbh+gpqa+ifeval+math+musr,,1.0,0.225,81,0.0204816441982984,0.9471066907775768,5.330681535080097
bbh+gpqa+ifeval+math+musr,,1.0,0.225,82,0.0204728078097105,0.9525316455696202,5.341002621261102
bbh+gpqa+ifeval+math+musr,,1.0,0.225,83,0.0204520337283611,0.9475587703435804,5.350476297506205
bbh+gpqa+ifeval+math+musr,,1.0,0.225,84,0.0204883702099323,0.9462025316455696,5.32433637119016
bbh+gpqa+ifeval+math+musr,,1.0,0.225,85,0.0204859022051095,0.9462025316455696,5.33438024343896
bbh+gpqa+ifeval+math+musr,,1.0,0.225,86,0.0204989928752183,0.9439421338155516,5.329853973963236
bbh+gpqa+ifeval+math+musr,,1.0,0.225,87,0.0204433798789978,0.9484629294755876,5.355259226916238
bbh+gpqa+ifeval+math+musr,,1.0,0.225,88,0.0204879287630319,0.9547920433996384,5.3323709945188
bbh+gpqa+ifeval+math+musr,,1.0,0.225,89,0.0204924624413251,0.9462025316455696,5.325235969464079
bbh+gpqa+ifeval+math+musr,,1.0,0.225,90,0.0204699393361806,0.9566003616636528,5.342313682949454
bbh+gpqa+ifeval+math+musr,,1.0,0.225,91,0.0204708259552717,0.948010849909584,5.344822468245585
bbh+gpqa+ifeval+math+musr,,1.0,0.225,92,0.0204954035580158,0.9511754068716094,5.327742111806036
bbh+gpqa+ifeval+math+musr,,1.0,0.225,93,0.0204891730099916,0.9493670886075948,5.332587413141239
bbh+gpqa+ifeval+math+musr,,1.0,0.225,94,0.0204366780817508,0.9529837251356238,5.358745939604556
bbh+gpqa+ifeval+math+musr,,1.0,0.225,95,0.0205110907554626,0.9394213381555152,5.317039927509035
bbh+gpqa+ifeval+math+musr,,1.0,0.225,96,0.0204764753580093,0.9529837251356238,5.328547495481645
bbh+gpqa+ifeval+math+musr,,1.0,0.225,97,0.0204387493431568,0.951627486437613,5.353117154103314
bbh+gpqa+ifeval+math+musr,,1.0,0.225,98,0.0204678233712911,0.9489150090415912,5.334547234866223
bbh+gpqa+ifeval+math+musr,,1.0,0.225,99,0.0204699840396642,0.9493670886075948,5.346828291645688
bbh+gpqa+ifeval+math+musr,,1.0,0.25,0,0.0189742986112833,0.9484629294755876,5.414631618171036
bbh+gpqa+ifeval+math+musr,,1.0,0.25,1,0.0189737770706415,0.9466546112115732,5.416519352251047
bbh+gpqa+ifeval+math+musr,,1.0,0.25,2,0.0189240407198667,0.9525316455696202,5.442458950037433
bbh+gpqa+ifeval+math+musr,,1.0,0.25,3,0.018966706469655,0.9448462929475588,5.424816746189196
bbh+gpqa+ifeval+math+musr,,1.0,0.25,4,0.0189633853733539,0.9471066907775768,5.4271398877371135
bbh+gpqa+ifeval+math+musr,,1.0,0.25,5,0.0189557131379842,0.953887884267631,5.427186455738318
bbh+gpqa+ifeval+math+musr,,1.0,0.25,6,0.0189691204577684,0.9543399638336348,5.4199644648469985
bbh+gpqa+ifeval+math+musr,,1.0,0.25,7,0.0189579557627439,0.9489150090415912,5.426841809724831
bbh+gpqa+ifeval+math+musr,,1.0,0.25,8,0.0189551655203104,0.9584086799276672,5.4235805575581715
bbh+gpqa+ifeval+math+musr,,1.0,0.25,9,0.0189305767416954,0.9462025316455696,5.4362372824108816
bbh+gpqa+ifeval+math+musr,,1.0,0.25,10,0.0189967695623636,0.9443942133815552,5.402306197174367
bbh+gpqa+ifeval+math+musr,,1.0,0.25,11,0.0189762655645608,0.9579566003616636,5.410540649020204
bbh+gpqa+ifeval+math+musr,,1.0,0.25,12,0.0189893916249275,0.948010849909584,5.406408219237319
bbh+gpqa+ifeval+math+musr,,1.0,0.25,13,0.018960541114211,0.9484629294755876,5.428266534695122
bbh+gpqa+ifeval+math+musr,,1.0,0.25,14,0.0189699735492467,0.9403254972875226,5.415177765269938
bbh+gpqa+ifeval+math+musr,,1.0,0.25,15,0.0189357884228229,0.9507233273056056,5.435731927437403
bbh+gpqa+ifeval+math+musr,,1.0,0.25,16,0.0189764108508825,0.9584086799276672,5.417492165953232
bbh+gpqa+ifeval+math+musr,,1.0,0.25,17,0.0189801827073097,0.9520795660036168,5.414921730745059
bbh+gpqa+ifeval+math+musr,,1.0,0.25,18,0.0189823992550373,0.9425858951175408,5.406162124014484
bbh+gpqa+ifeval+math+musr,,1.0,0.25,19,0.0189747642725706,0.9466546112115732,5.416779120674745
bbh+gpqa+ifeval+math+musr,,1.0,0.25,20,0.0189690757542848,0.9371609403254972,5.419693744494694
bbh+gpqa+ifeval+math+musr,,1.0,0.25,21,0.0189651064574718,0.95750452079566,5.4208146298729964
bbh+gpqa+ifeval+math+musr,,1.0,0.25,22,0.0189699232578277,0.950271247739602,5.421285170826818
bbh+gpqa+ifeval+math+musr,,1.0,0.25,23,0.0189758595079183,0.9466546112115732,5.420221783169902
bbh+gpqa+ifeval+math+musr,,1.0,0.25,24,0.0189466122537851,0.953887884267631,5.436672565747171
bbh+gpqa+ifeval+math+musr,,1.0,0.25,25,0.0189484562724828,0.9443942133815552,5.432729888203617
bbh+gpqa+ifeval+math+musr,,1.0,0.25,26,0.0189979169517755,0.9525316455696202,5.399450842162865
bbh+gpqa+ifeval+math+musr,,1.0,0.25,27,0.0189779046922922,0.9529837251356238,5.41232109557413
bbh+gpqa+ifeval+math+musr,,1.0,0.25,28,0.0189771372824907,0.9543399638336348,5.412204408840538
bbh+gpqa+ifeval+math+musr,,1.0,0.25,29,0.0190086308866739,0.9448462929475588,5.39381377666319
bbh+gpqa+ifeval+math+musr,,1.0,0.25,30,0.0189783032983541,0.945750452079566,5.413660175082233
bbh+gpqa+ifeval+math+musr,,1.0,0.25,31,0.0189817808568477,0.9421338155515372,5.411297806288319
bbh+gpqa+ifeval+math+musr,,1.0,0.25,32,0.0189792197197675,0.9389692585895116,5.411575672510663
bbh+gpqa+ifeval+math+musr,,1.0,0.25,33,0.0189493373036384,0.9471066907775768,5.425272389174726
bbh+gpqa+ifeval+math+musr,,1.0,0.25,34,0.0190161280333995,0.9484629294755876,5.393719190057987
bbh+gpqa+ifeval+math+musr,,1.0,0.25,35,0.0189372822642326,0.9507233273056056,5.435124781134108
bbh+gpqa+ifeval+math+musr,,1.0,0.25,36,0.0189833305776119,0.9475587703435804,5.409780782017725
bbh+gpqa+ifeval+math+musr,,1.0,0.25,37,0.0189473628997802,0.9448462929475588,5.435615620579504
bbh+gpqa+ifeval+math+musr,,1.0,0.25,38,0.0189883541315794,0.943490054249548,5.407776415379122
bbh+gpqa+ifeval+math+musr,,1.0,0.25,39,0.0189734678715467,0.9439421338155516,5.410361503070665
bbh+gpqa+ifeval+math+musr,,1.0,0.25,40,0.0189964305609464,0.9534358047016276,5.402902869665425
bbh+gpqa+ifeval+math+musr,,1.0,0.25,41,0.018942629918456,0.939873417721519,5.433412355614358
bbh+gpqa+ifeval+math+musr,,1.0,0.25,42,0.0189611073583364,0.945750452079566,5.428949389488238
bbh+gpqa+ifeval+math+musr,,1.0,0.25,43,0.0189712774008512,0.9462025316455696,5.420104391831296
bbh+gpqa+ifeval+math+musr,,1.0,0.25,44,0.018943628296256,0.9462025316455696,5.432102637025192
bbh+gpqa+ifeval+math+musr,,1.0,0.25,45,0.0189996939152479,0.9425858951175408,5.397903362365925
bbh+gpqa+ifeval+math+musr,,1.0,0.25,46,0.0189713686704635,0.9547920433996384,5.417425747984504
bbh+gpqa+ifeval+math+musr,,1.0,0.25,47,0.018951466307044,0.9543399638336348,5.427812729308637
bbh+gpqa+ifeval+math+musr,,1.0,0.25,48,0.0189639292657375,0.9439421338155516,5.41998109509933
bbh+gpqa+ifeval+math+musr,,1.0,0.25,49,0.0189303774386644,0.943490054249548,5.437739350185941
bbh+gpqa+ifeval+math+musr,,1.0,0.25,50,0.0189447738230228,0.9489150090415912,5.431815112772769
bbh+gpqa+ifeval+math+musr,,1.0,0.25,51,0.0189950596541166,0.9520795660036168,5.402930571996528
bbh+gpqa+ifeval+math+musr,,1.0,0.25,52,0.0189612228423357,0.9489150090415912,5.426094871633974
bbh+gpqa+ifeval+math+musr,,1.0,0.25,53,0.0189664475619792,0.9520795660036168,5.419396915402883
bbh+gpqa+ifeval+math+musr,,1.0,0.25,54,0.0190155636519193,0.9543399638336348,5.385794343856042
bbh+gpqa+ifeval+math+musr,,1.0,0.25,55,0.0189245790243148,0.9471066907775768,5.443031989169912
bbh+gpqa+ifeval+math+musr,,1.0,0.25,56,0.0189570393413305,0.9475587703435804,5.423489562938263
bbh+gpqa+ifeval+math+musr,,1.0,0.25,57,0.0189370121806859,0.9448462929475588,5.437608973332157
bbh+gpqa+ifeval+math+musr,,1.0,0.25,58,0.0189464557915925,0.9493670886075948,5.435540171455304
bbh+gpqa+ifeval+math+musr,,1.0,0.25,59,0.0189613252878189,0.9529837251356238,5.422943885798395
bbh+gpqa+ifeval+math+musr,,1.0,0.25,60,0.0189339816570281,0.9489150090415912,5.43948192758916
bbh+gpqa+ifeval+math+musr,,1.0,0.25,61,0.0189444366842508,0.9371609403254972,5.439628216104391
bbh+gpqa+ifeval+math+musr,,1.0,0.25,62,0.0189740881323814,0.9443942133815552,5.4102580361775985
bbh+gpqa+ifeval+math+musr,,1.0,0.25,63,0.0189584214240312,0.948010849909584,5.425032740955918
bbh+gpqa+ifeval+math+musr,,1.0,0.25,64,0.0189492814242839,0.950271247739602,5.432072563124923
bbh+gpqa+ifeval+math+musr,,1.0,0.25,65,0.0189257692545652,0.9421338155515372,5.437270768858247
bbh+gpqa+ifeval+math+musr,,1.0,0.25,66,0.0189511682838201,0.9371609403254972,5.426305547616906
bbh+gpqa+ifeval+math+musr,,1.0,0.25,67,0.0189684350043535,0.9493670886075948,5.417617678327427
bbh+gpqa+ifeval+math+musr,,1.0,0.25,68,0.0189612098038196,0.9403254972875226,5.418468592033617
bbh+gpqa+ifeval+math+musr,,1.0,0.25,69,0.018952764570713,0.9493670886075948,5.4234660734851285
bbh+gpqa+ifeval+math+musr,,1.0,0.25,70,0.0189749188721179,0.9511754068716094,5.4187472223325885
bbh+gpqa+ifeval+math+musr,,1.0,0.25,71,0.0189807433634996,0.9556962025316456,5.41389672137417
bbh+gpqa+ifeval+math+musr,,1.0,0.25,72,0.0189472008496522,0.950271247739602,5.435888293267661
bbh+gpqa+ifeval+math+musr,,1.0,0.25,73,0.0189612749963998,0.9394213381555152,5.419012156820249
bbh+gpqa+ifeval+math+musr,,1.0,0.25,74,0.0189564768224954,0.9466546112115732,5.425262362204989
bbh+gpqa+ifeval+math+musr,,1.0,0.25,75,0.019015597179532,0.9439421338155516,5.390352800064317
bbh+gpqa+ifeval+math+musr,,1.0,0.25,76,0.0189422760158777,0.9529837251356238,5.433880360102579
bbh+gpqa+ifeval+math+musr,,1.0,0.25,77,0.0189729463309049,0.950271247739602,5.416451718682906
bbh+gpqa+ifeval+math+musr,,1.0,0.25,78,0.0189909674227237,0.9520795660036168,5.401278638301739
bbh+gpqa+ifeval+math+musr,,1.0,0.25,79,0.0189557448029518,0.9430379746835442,5.42640834975951
bbh+gpqa+ifeval+math+musr,,1.0,0.25,80,0.0189395640045404,0.9493670886075948,5.43405919536505
bbh+gpqa+ifeval+math+musr,,1.0,0.25,81,0.0189648326486349,0.9443942133815552,5.417261762621531
bbh+gpqa+ifeval+math+musr,,1.0,0.25,82,0.0189574044197797,0.955244122965642,5.42691118584604
bbh+gpqa+ifeval+math+musr,,1.0,0.25,83,0.0189423337578773,0.953887884267631,5.433177016622918
bbh+gpqa+ifeval+math+musr,,1.0,0.25,84,0.0189673900604248,0.9511754068716094,5.413615526112595
bbh+gpqa+ifeval+math+musr,,1.0,0.25,85,0.0189762096852064,0.950271247739602,5.417800769751076
bbh+gpqa+ifeval+math+musr,,1.0,0.25,86,0.0189846009016037,0.9443942133815552,5.413226141805448
bbh+gpqa+ifeval+math+musr,,1.0,0.25,87,0.018932357430458,0.9462025316455696,5.43933679107104
bbh+gpqa+ifeval+math+musr,,1.0,0.25,88,0.018971174955368,0.9511754068716094,5.4168425988278335
bbh+gpqa+ifeval+math+musr,,1.0,0.25,89,0.0189768429845571,0.9489150090415912,5.410061628073039
bbh+gpqa+ifeval+math+musr,,1.0,0.25,90,0.0189571790397167,0.9529837251356238,5.425686163228785
bbh+gpqa+ifeval+math+musr,,1.0,0.25,91,0.0189614407718181,0.9425858951175408,5.4256552906065565
bbh+gpqa+ifeval+math+musr,,1.0,0.25,92,0.0189786702394485,0.951627486437613,5.411263463270206
bbh+gpqa+ifeval+math+musr,,1.0,0.25,93,0.0189699456095695,0.948010849909584,5.420216221335188
bbh+gpqa+ifeval+math+musr,,1.0,0.25,94,0.0189273133873939,0.951627486437613,5.441352915035684
bbh+gpqa+ifeval+math+musr,,1.0,0.25,95,0.0189929753541946,0.9389692585895116,5.403287569726153
bbh+gpqa+ifeval+math+musr,,1.0,0.25,96,0.0189592000097036,0.9493670886075948,5.416825644521865
bbh+gpqa+ifeval+math+musr,,1.0,0.25,97,0.018929123878479,0.9498191681735986,5.437027753566179
bbh+gpqa+ifeval+math+musr,,1.0,0.25,98,0.0189552716910839,0.9493670886075948,5.419717985570654
bbh+gpqa+ifeval+math+musr,,1.0,0.25,99,0.01895547285676,0.9507233273056056,5.432963413772122
mmlu-pro,,1.0,0.025,0,0.0664867535233497,0.9412562132851332,3.6288668562348545
mmlu-pro,,1.0,0.025,1,0.0665178522467613,0.9430637144148216,3.639204272808993
mmlu-pro,,1.0,0.025,2,0.0660419985651969,0.9403524627202892,3.6776155972243205
mmlu-pro,,1.0,0.025,3,0.0663077533245086,0.9371893357433349,3.662510908502967
mmlu-pro,,1.0,0.025,4,0.0664487183094024,0.945774966109354,3.6358191699051727
mmlu-pro,,1.0,0.025,5,0.0661299079656601,0.9376412110257568,3.674215991875299
mmlu-pro,,1.0,0.025,6,0.0664610639214515,0.9439674649796655,3.648032668296673
mmlu-pro,,1.0,0.025,7,0.0665140077471733,0.9498418436511524,3.627840832607588
mmlu-pro,,1.0,0.025,8,0.0664256140589714,0.9448712155445096,3.6394314948426194
mmlu-pro,,1.0,0.025,9,0.0663859322667121,0.938996836873023,3.633962075929494
mmlu-pro,,1.0,0.025,10,0.0661773458123207,0.9376412110257568,3.672768327349834
mmlu-pro,,1.0,0.025,11,0.0666381269693374,0.945774966109354,3.6119299096155837
mmlu-pro,,1.0,0.025,12,0.0664735659956932,0.938996836873023,3.6284935476785027
mmlu-pro,,1.0,0.025,13,0.0661999359726905,0.9394487121554452,3.6600671541030905
mmlu-pro,,1.0,0.025,14,0.0660768300294876,0.9344780840488026,3.6869562152818873
mmlu-pro,,1.0,0.025,15,0.0663817822933197,0.9412562132851332,3.6451263987483404
mmlu-pro,,1.0,0.025,16,0.0663459450006485,0.9484862178038862,3.646170771191894
mmlu-pro,,1.0,0.025,17,0.066415324807167,0.9421599638499776,3.6371823916932366
mmlu-pro,,1.0,0.025,18,0.0665941685438156,0.9439674649796655,3.6143470593969464
mmlu-pro,,1.0,0.025,19,0.0663873702287674,0.9371893357433349,3.6503204693052353
mmlu-pro,,1.0,0.025,20,0.0664028599858284,0.9403524627202892,3.648024431397397
mmlu-pro,,1.0,0.025,21,0.0662563070654869,0.9385449615906012,3.6548366652071387
mmlu-pro,,1.0,0.025,22,0.0662446916103363,0.94713059195662,3.6675114712190315
mmlu-pro,,1.0,0.025,23,0.0660309791564941,0.938093086308179,3.678057161745646
mmlu-pro,,1.0,0.025,24,0.0664608180522918,0.9371893357433349,3.6439488754406733
mmlu-pro,,1.0,0.025,25,0.0667164251208305,0.9511974694984184,3.6041404798342302
mmlu-pro,,1.0,0.025,26,0.0658976584672927,0.9304112065070042,3.682686562020809
mmlu-pro,,1.0,0.025,27,0.0665168613195419,0.9453230908269318,3.6297946975587316
mmlu-pro,,1.0,0.025,28,0.0661453157663345,0.9399005874378672,3.659378104014051
mmlu-pro,,1.0,0.025,29,0.0665889531373977,0.9417080885675554,3.6231950419798187
mmlu-pro,,1.0,0.025,30,0.0661554187536239,0.9376412110257568,3.6723954187176746
mmlu-pro,,1.0,0.025,31,0.0662638917565345,0.9367374604609128,3.651752209848636
mmlu-pro,,1.0,0.025,32,0.0662704035639762,0.9371893357433349,3.653044744155243
mmlu-pro,,1.0,0.025,33,0.0668239817023277,0.938093086308179,3.5996781165916563
mmlu-pro,,1.0,0.025,34,0.0666219964623451,0.9421599638499776,3.6341100030922555
mmlu-pro,,1.0,0.025,35,0.0666208490729332,0.947582467239042,3.621880121787706
mmlu-pro,,1.0,0.025,36,0.0663433074951171,0.9349299593312246,3.6642672511312924
mmlu-pro,,1.0,0.025,37,0.0662479251623153,0.9412562132851332,3.668180407865987
mmlu-pro,,1.0,0.025,38,0.0663915947079658,0.9362855851784908,3.6380129495454976
mmlu-pro,,1.0,0.025,39,0.0663855224847793,0.946226841391776,3.6407323155633775
mmlu-pro,,1.0,0.025,40,0.0660613551735878,0.9439674649796655,3.671830868029723
mmlu-pro,,1.0,0.025,41,0.0664115101099014,0.938996836873023,3.6396366752402733
mmlu-pro,,1.0,0.025,42,0.0662825629115104,0.9317668323542704,3.653437815201908
mmlu-pro,,1.0,0.025,43,0.0661661326885223,0.9417080885675554,3.673241484801726
mmlu-pro,,1.0,0.025,44,0.0668091103434562,0.9403524627202892,3.597124719627803
mmlu-pro,,1.0,0.025,45,0.0665448382496833,0.9430637144148216,3.6321406489551977
mmlu-pro,,1.0,0.025,46,0.066364549100399,0.9394487121554452,3.646907394309824
mmlu-pro,,1.0,0.025,47,0.0662725120782852,0.945774966109354,3.6624954718897564
mmlu-pro,,1.0,0.025,48,0.0663412660360336,0.9362855851784908,3.643267345272085
mmlu-pro,,1.0,0.025,49,0.0660902708768844,0.9493899683687302,3.6871441342307887
mmlu-pro,,1.0,0.025,50,0.0664120689034462,0.9511974694984184,3.62617257986482
mmlu-pro,,1.0,0.025,51,0.0663531720638275,0.9371893357433349,3.653998303802813
mmlu-pro,,1.0,0.025,52,0.0662717521190643,0.9403524627202892,3.6504563932887275
mmlu-pro,,1.0,0.025,53,0.06660857796669,0.9430637144148216,3.6309894670395133
mmlu-pro,,1.0,0.025,54,0.0661980137228965,0.9498418436511524,3.650227325381754
mmlu-pro,,1.0,0.025,55,0.0662702471017837,0.9408043380027112,3.664444981550251
mmlu-pro,,1.0,0.025,56,0.0666268542408943,0.9408043380027112,3.6180249256184096
mmlu-pro,,1.0,0.025,57,0.0663795173168182,0.9421599638499776,3.6444202890179143
mmlu-pro,,1.0,0.025,58,0.0664494633674621,0.9399005874378672,3.637743299287467
mmlu-pro,,1.0,0.025,59,0.0666499957442283,0.946678716674198,3.6090676901266927
mmlu-pro,,1.0,0.025,60,0.0661156624555587,0.9444193402620876,3.671273254386245
mmlu-pro,,1.0,0.025,61,0.0663121864199638,0.945774966109354,3.644006744263753
mmlu-pro,,1.0,0.025,62,0.0663443133234977,0.9344780840488026,3.646284073095693
mmlu-pro,,1.0,0.025,63,0.0663942545652389,0.9421599638499776,3.6349729864575293
mmlu-pro,,1.0,0.025,64,0.066244751214981,0.9439674649796655,3.6686689272092736
mmlu-pro,,1.0,0.025,65,0.0667003393173217,0.948034342521464,3.606205737973013
mmlu-pro,,1.0,0.025,66,0.0663433372974395,0.9331224582015364,3.642881243008608
mmlu-pro,,1.0,0.025,67,0.0663473382592201,0.948034342521464,3.6456874300711677
mmlu-pro,,1.0,0.025,68,0.0665143504738807,0.9367374604609128,3.6116264003918643
mmlu-pro,,1.0,0.025,69,0.0664558485150337,0.938996836873023,3.634144734476709
mmlu-pro,,1.0,0.025,70,0.0662389174103736,0.9421599638499776,3.6566810686209266
mmlu-pro,,1.0,0.025,71,0.0661374479532241,0.9317668323542704,3.659571226599562
mmlu-pro,,1.0,0.025,72,0.0665569305419921,0.9394487121554452,3.6207787387730064
mmlu-pro,,1.0,0.025,73,0.0662645548582077,0.9304112065070042,3.657745845113025
mmlu-pro,,1.0,0.025,74,0.0667688325047493,0.946226841391776,3.597788899290917
mmlu-pro,,1.0,0.025,75,0.0663167089223861,0.9552643470402168,3.649177736913369
mmlu-pro,,1.0,0.025,76,0.066408634185791,0.938093086308179,3.630297012764514
mmlu-pro,,1.0,0.025,77,0.0665204748511314,0.9385449615906012,3.619349475236061
mmlu-pro,,1.0,0.025,78,0.0661077499389648,0.9326705829191144,3.6825442998826086
mmlu-pro,,1.0,0.025,79,0.0662661269307136,0.9349299593312246,3.6422002198804595
mmlu-pro,,1.0,0.025,80,0.0663538873195648,0.9426118391323997,3.64230064175344
mmlu-pro,,1.0,0.025,81,0.0664970278739929,0.9403524627202892,3.63069116013071
mmlu-pro,,1.0,0.025,82,0.0664329603314399,0.938093086308179,3.636643325079791
mmlu-pro,,1.0,0.025,83,0.0661269649863243,0.9435155896972436,3.676697107443248
mmlu-pro,,1.0,0.025,84,0.0664002373814582,0.9408043380027112,3.6431595595591686
mmlu-pro,,1.0,0.025,85,0.0664555951952934,0.9371893357433349,3.637996611421758
mmlu-pro,,1.0,0.025,86,0.0666543319821357,0.9439674649796655,3.6095214368725026
mmlu-pro,,1.0,0.025,87,0.0662771612405777,0.945774966109354,3.665440775323478
mmlu-pro,,1.0,0.025,88,0.0663575828075409,0.9276999548124718,3.6447187508604997
mmlu-pro,,1.0,0.025,89,0.0663899779319763,0.9417080885675554,3.6372303724930353
mmlu-pro,,1.0,0.025,90,0.0663262456655502,0.94713059195662,3.6470617234543994
mmlu-pro,,1.0,0.025,91,0.0661075115203857,0.9430637144148216,3.6792841513369656
mmlu-pro,,1.0,0.025,92,0.0667628496885299,0.9417080885675554,3.5900580159006705
mmlu-pro,,1.0,0.025,93,0.0661827102303505,0.9412562132851332,3.657886685419644
mmlu-pro,,1.0,0.025,94,0.0662509500980377,0.9417080885675554,3.6519685505082893
mmlu-pro,,1.0,0.025,95,0.0662762597203254,0.9511974694984184,3.659133771171748
mmlu-pro,,1.0,0.025,96,0.0660007074475288,0.930863081789426,3.6800310633540123
mmlu-pro,,1.0,0.025,97,0.0668604522943496,0.9421599638499776,3.59139543786801
mmlu-pro,,1.0,0.025,98,0.0664802491664886,0.9421599638499776,3.6313553387179534
mmlu-pro,,1.0,0.025,99,0.066732533276081,0.9439674649796655,3.595435695820097
mmlu-pro,,1.0,0.05,0,0.0420359075069427,0.9408043380027112,4.423825497615551
mmlu-pro,,1.0,0.05,1,0.0420894287526607,0.9426118391323997,4.421475743788826
mmlu-pro,,1.0,0.05,2,0.0418911166489124,0.9385449615906012,4.454390712018251
mmlu-pro,,1.0,0.05,3,0.042007315903902,0.9453230908269318,4.430515552977061
mmlu-pro,,1.0,0.05,4,0.0420572645962238,0.9439674649796655,4.415869442287469
mmlu-pro,,1.0,0.05,5,0.0419249199330806,0.9453230908269318,4.447929455577907
mmlu-pro,,1.0,0.05,6,0.0419929660856723,0.9507455942159964,4.4361229145522945
mmlu-pro,,1.0,0.05,7,0.0420785211026668,0.9426118391323997,4.414095324603182
mmlu-pro,,1.0,0.05,8,0.0420111753046512,0.94713059195662,4.429835190853677
mmlu-pro,,1.0,0.05,9,0.0420614331960678,0.9448712155445096,4.410778226802212
mmlu-pro,,1.0,0.05,10,0.0419833660125732,0.9385449615906012,4.437141035959709
mmlu-pro,,1.0,0.05,11,0.0421331897377967,0.9448712155445096,4.406192910417629
mmlu-pro,,1.0,0.05,12,0.0420764461159706,0.9435155896972436,4.411225338119028
mmlu-pro,,1.0,0.05,13,0.0419620350003242,0.9399005874378672,4.438160480430741
mmlu-pro,,1.0,0.05,14,0.0419174246490001,0.9385449615906012,4.451285625901918
mmlu-pro,,1.0,0.05,15,0.0420334860682487,0.9521012200632626,4.429381121398814
mmlu-pro,,1.0,0.05,16,0.0420082360506057,0.9489380930863082,4.421902775280303
mmlu-pro,,1.0,0.05,17,0.0420176275074481,0.946226841391776,4.428120322176567
mmlu-pro,,1.0,0.05,18,0.042152002453804,0.9444193402620876,4.392750382916154
mmlu-pro,,1.0,0.05,19,0.0420650765299797,0.9511974694984184,4.422467057143668
mmlu-pro,,1.0,0.05,20,0.0420520901679992,0.9453230908269318,4.423132883887908
mmlu-pro,,1.0,0.05,21,0.04195262119174,0.9426118391323997,4.449657569476044
mmlu-pro,,1.0,0.05,22,0.041953545063734,0.9493899683687302,4.453497022472161
mmlu-pro,,1.0,0.05,23,0.0418596975505352,0.9435155896972436,4.462007091168753
mmlu-pro,,1.0,0.05,24,0.0420731827616691,0.9444193402620876,4.426659835749958
mmlu-pro,,1.0,0.05,25,0.042100466787815,0.9498418436511524,4.4084861427370035
mmlu-pro,,1.0,0.05,26,0.0418629311025142,0.9448712155445096,4.458585315637464
mmlu-pro,,1.0,0.05,27,0.0420484021306037,0.9394487121554452,4.4100907184977
mmlu-pro,,1.0,0.05,28,0.0418879576027393,0.9435155896972436,4.447264607446063
mmlu-pro,,1.0,0.05,29,0.0420721098780632,0.9376412110257568,4.409444933661473
mmlu-pro,,1.0,0.05,30,0.0420492179691791,0.9502937189335744,4.4309080327158386
mmlu-pro,,1.0,0.05,31,0.0419013798236846,0.9408043380027112,4.44690305876162
mmlu-pro,,1.0,0.05,32,0.0419777259230613,0.9489380930863082,4.429868907767733
mmlu-pro,,1.0,0.05,33,0.0422894544899463,0.947582467239042,4.369792119163664
mmlu-pro,,1.0,0.05,34,0.0421436578035354,0.9507455942159964,4.4091531242516675
mmlu-pro,,1.0,0.05,35,0.0420959144830703,0.9502937189335744,4.414806539679659
mmlu-pro,,1.0,0.05,36,0.0420316755771636,0.947582467239042,4.438234965510397
mmlu-pro,,1.0,0.05,37,0.041975762695074,0.9371893357433349,4.436396006271941
mmlu-pro,,1.0,0.05,38,0.0421043448150157,0.9362855851784908,4.400154268596997
mmlu-pro,,1.0,0.05,39,0.0419731326401233,0.9430637144148216,4.43790475743977
mmlu-pro,,1.0,0.05,40,0.0419087186455726,0.9498418436511524,4.442674348831589
mmlu-pro,,1.0,0.05,41,0.0420055910944938,0.946226841391776,4.438435702007708
mmlu-pro,,1.0,0.05,42,0.0420152284204959,0.9399005874378672,4.432009177371816
mmlu-pro,,1.0,0.05,43,0.0419292598962783,0.9421599638499776,4.458098346107428
mmlu-pro,,1.0,0.05,44,0.0422605983912944,0.9399005874378672,4.379426005839594
mmlu-pro,,1.0,0.05,45,0.0420675538480281,0.9498418436511524,4.421770415554577
mmlu-pro,,1.0,0.05,46,0.0421075075864791,0.9534568459105288,4.408878351964369
mmlu-pro,,1.0,0.05,47,0.041934784501791,0.9525530953456848,4.456701729454415
mmlu-pro,,1.0,0.05,48,0.0420940183103084,0.9444193402620876,4.404684588931535
mmlu-pro,,1.0,0.05,49,0.0419003702700138,0.94713059195662,4.4571342798244205
mmlu-pro,,1.0,0.05,50,0.0420002117753028,0.9570718481699052,4.419744503348699
mmlu-pro,,1.0,0.05,51,0.0420540012419223,0.9507455942159964,4.431211311711876
mmlu-pro,,1.0,0.05,52,0.0420435220003128,0.9521012200632626,4.422604111995598
mmlu-pro,,1.0,0.05,53,0.0420784279704093,0.9426118391323997,4.420083146439883
mmlu-pro,,1.0,0.05,54,0.0419114381074905,0.9484862178038862,4.437077894133624
mmlu-pro,,1.0,0.05,55,0.0419535338878631,0.9426118391323997,4.445030479726611
mmlu-pro,,1.0,0.05,56,0.0421290807425975,0.9530049706281066,4.410585363459604
mmlu-pro,,1.0,0.05,57,0.042055282741785,0.946226841391776,4.415814322868588
mmlu-pro,,1.0,0.05,58,0.0420215092599391,0.94713059195662,4.43191831581522
mmlu-pro,,1.0,0.05,59,0.0421121269464492,0.947582467239042,4.3953436141328135
mmlu-pro,,1.0,0.05,60,0.0418910831212997,0.9525530953456848,4.445059707475887
mmlu-pro,,1.0,0.05,61,0.0419812500476837,0.9444193402620876,4.425305098063896
mmlu-pro,,1.0,0.05,62,0.0420133396983146,0.9448712155445096,4.428141242671811
mmlu-pro,,1.0,0.05,63,0.0420622006058692,0.9394487121554452,4.404662762347589
mmlu-pro,,1.0,0.05,64,0.0419433787465095,0.9489380930863082,4.453944285109218
mmlu-pro,,1.0,0.05,65,0.0421316027641296,0.9516493447808404,4.399863990531926
mmlu-pro,,1.0,0.05,66,0.0420974418520927,0.9417080885675554,4.403729016558832
mmlu-pro,,1.0,0.05,67,0.0419689565896987,0.9439674649796655,4.437425899675137
mmlu-pro,,1.0,0.05,68,0.0420682094991207,0.9453230908269318,4.408560061112642
mmlu-pro,,1.0,0.05,69,0.0420378521084785,0.9344780840488026,4.421838107223849
mmlu-pro,,1.0,0.05,70,0.0419274568557739,0.947582467239042,4.4447585866108845
mmlu-pro,,1.0,0.05,71,0.041900660842657,0.9353818346136468,4.439021279087546
mmlu-pro,,1.0,0.05,72,0.0421234294772148,0.9412562132851332,4.4083664950993455
mmlu-pro,,1.0,0.05,73,0.0419588088989257,0.9412562132851332,4.432519748042637
mmlu-pro,,1.0,0.05,74,0.0421730652451515,0.9534568459105288,4.391777298998029
mmlu-pro,,1.0,0.05,75,0.0420220158994197,0.9521012200632626,4.43406693384998
mmlu-pro,,1.0,0.05,76,0.0420431196689605,0.9403524627202892,4.4107799056517685
mmlu-pro,,1.0,0.05,77,0.0421291701495647,0.9435155896972436,4.395741265020349
mmlu-pro,,1.0,0.05,78,0.0418754369020462,0.946226841391776,4.464101233740872
mmlu-pro,,1.0,0.05,79,0.0420446023344993,0.9421599638499776,4.4167746169511775
mmlu-pro,,1.0,0.05,80,0.0420009978115558,0.947582467239042,4.425508326442044
mmlu-pro,,1.0,0.05,81,0.0420989990234375,0.9399005874378672,4.405654069085331
mmlu-pro,,1.0,0.05,82,0.0420146994292736,0.9498418436511524,4.437272012349977
mmlu-pro,,1.0,0.05,83,0.0419291034340858,0.947582467239042,4.450252365268522
mmlu-pro,,1.0,0.05,84,0.041996631771326,0.9403524627202892,4.431741513031816
mmlu-pro,,1.0,0.05,85,0.0420452766120433,0.946678716674198,4.420450957860049
mmlu-pro,,1.0,0.05,86,0.0421974472701549,0.9435155896972436,4.387486839131191
mmlu-pro,,1.0,0.05,87,0.0419244356453418,0.948034342521464,4.448856078519842
mmlu-pro,,1.0,0.05,88,0.0419643856585025,0.938093086308179,4.433719820232208
mmlu-pro,,1.0,0.05,89,0.0420223921537399,0.9362855851784908,4.42475661264145
mmlu-pro,,1.0,0.05,90,0.041956003755331,0.94713059195662,4.443072662290887
mmlu-pro,,1.0,0.05,91,0.041913915425539,0.9421599638499776,4.451766226166591
mmlu-pro,,1.0,0.05,92,0.0421519465744495,0.9507455942159964,4.384291474015174
mmlu-pro,,1.0,0.05,93,0.0419700965285301,0.9435155896972436,4.4413268520769265
mmlu-pro,,1.0,0.05,94,0.0420045405626297,0.9498418436511524,4.426654469322984
mmlu-pro,,1.0,0.05,95,0.041922740638256,0.9543605964753727,4.447726971085301
mmlu-pro,,1.0,0.05,96,0.0418909564614295,0.9362855851784908,4.448808683545025
mmlu-pro,,1.0,0.05,97,0.0422115325927734,0.9435155896972436,4.388738114833429
mmlu-pro,,1.0,0.05,98,0.0420397408306598,0.9489380930863082,4.4216234006854105
mmlu-pro,,1.0,0.05,99,0.0421384200453758,0.9435155896972436,4.400857785148996
mmlu-pro,,1.0,0.075,0,0.0321057364344596,0.9430637144148216,4.911078371633754
mmlu-pro,,1.0,0.075,1,0.0321151092648506,0.947582467239042,4.9217586020193105
mmlu-pro,,1.0,0.075,2,0.031999185681343,0.9399005874378672,4.956780393241937
mmlu-pro,,1.0,0.075,3,0.0320981629192829,0.9421599638499776,4.925568969692951
mmlu-pro,,1.0,0.075,4,0.0321124419569969,0.9493899683687302,4.92399300160975
mmlu-pro,,1.0,0.075,5,0.0320317149162292,0.9412562132851332,4.949417767357537
mmlu-pro,,1.0,0.075,6,0.0320656448602676,0.9444193402620876,4.936679219225553
mmlu-pro,,1.0,0.075,7,0.0321145951747894,0.9444193402620876,4.919747468321897
mmlu-pro,,1.0,0.075,8,0.0320721864700317,0.9367374604609128,4.935614145608949
mmlu-pro,,1.0,0.075,9,0.0321184657514095,0.9521012200632626,4.906557432833879
mmlu-pro,,1.0,0.075,10,0.0320195294916629,0.948034342521464,4.949272348741726
mmlu-pro,,1.0,0.075,11,0.0321585834026336,0.946226841391776,4.903847042591161
mmlu-pro,,1.0,0.075,12,0.0320919975638389,0.94713059195662,4.9206047390481995
mmlu-pro,,1.0,0.075,13,0.0320646427571773,0.94713059195662,4.931240046936724
mmlu-pro,,1.0,0.075,14,0.0320028066635131,0.9340262087663804,4.9497688820720285
mmlu-pro,,1.0,0.075,15,0.0320944413542747,0.948034342521464,4.927281251561314
mmlu-pro,,1.0,0.075,16,0.0320456139743328,0.956168097605061,4.929765110613426
mmlu-pro,,1.0,0.075,17,0.0320942737162113,0.9498418436511524,4.928207760148667
mmlu-pro,,1.0,0.075,18,0.0321330428123474,0.9412562132851332,4.90818487018264
mmlu-pro,,1.0,0.075,19,0.0321266129612922,0.9507455942159964,4.923816436432147
mmlu-pro,,1.0,0.075,20,0.0320968925952911,0.9489380930863082,4.9330432938010125
mmlu-pro,,1.0,0.075,21,0.0320344865322113,0.9498418436511524,4.953874234704677
mmlu-pro,,1.0,0.075,22,0.0320491380989551,0.9502937189335744,4.94694742605166
mmlu-pro,,1.0,0.075,23,0.0319937281310558,0.94713059195662,4.96160835933251
mmlu-pro,,1.0,0.075,24,0.0321456603705883,0.9484862178038862,4.9142521876729806
mmlu-pro,,1.0,0.075,25,0.0321246609091758,0.9493899683687302,4.916402635756154
mmlu-pro,,1.0,0.075,26,0.0320055335760116,0.946678716674198,4.949641186493696
mmlu-pro,,1.0,0.075,27,0.032088316977024,0.9403524627202892,4.914643062132297
mmlu-pro,,1.0,0.075,28,0.0319853089749813,0.9453230908269318,4.951432535667247
mmlu-pro,,1.0,0.075,29,0.0320935994386673,0.9403524627202892,4.922819434039966
mmlu-pro,,1.0,0.075,30,0.0320885516703128,0.946226841391776,4.934382617866404
mmlu-pro,,1.0,0.075,31,0.032022088766098,0.9435155896972436,4.948613768346288
mmlu-pro,,1.0,0.075,32,0.0320800207555294,0.9498418436511524,4.926381498760167
mmlu-pro,,1.0,0.075,33,0.0322554521262645,0.9507455942159964,4.873056146744625
mmlu-pro,,1.0,0.075,34,0.0321540720760822,0.9521012200632626,4.9136945856977805
mmlu-pro,,1.0,0.075,35,0.0320972166955471,0.9516493447808404,4.930445604025491
mmlu-pro,,1.0,0.075,36,0.0320715904235839,0.9453230908269318,4.944745965135912
mmlu-pro,,1.0,0.075,37,0.0320443920791149,0.948034342521464,4.940981241241954
mmlu-pro,,1.0,0.075,38,0.0321323536336422,0.94713059195662,4.908654328010844
mmlu-pro,,1.0,0.075,39,0.0320359766483306,0.946678716674198,4.947218483869174
mmlu-pro,,1.0,0.075,40,0.032035905867815,0.9511974694984184,4.931017981453214
mmlu-pro,,1.0,0.075,41,0.0320851579308509,0.9521012200632626,4.934393784008879
mmlu-pro,,1.0,0.075,42,0.0320862382650375,0.9408043380027112,4.933929468871937
mmlu-pro,,1.0,0.075,43,0.0320143848657608,0.9426118391323997,4.9587600606380215
mmlu-pro,,1.0,0.075,44,0.0322087779641151,0.9421599638499776,4.896894306182131
mmlu-pro,,1.0,0.075,45,0.0320919901132583,0.94713059195662,4.931703169441505
mmlu-pro,,1.0,0.075,46,0.0321318991482257,0.955716222322639,4.913469311041587
mmlu-pro,,1.0,0.075,47,0.0320500992238521,0.9502937189335744,4.951555465068751
mmlu-pro,,1.0,0.075,48,0.0321056954562664,0.9521012200632626,4.911380964636009
mmlu-pro,,1.0,0.075,49,0.0320092551410198,0.946678716674198,4.956886155968781
mmlu-pro,,1.0,0.075,50,0.032061792910099,0.9521012200632626,4.927974484263422
mmlu-pro,,1.0,0.075,51,0.03212271630764,0.9439674649796655,4.925663780545404
mmlu-pro,,1.0,0.075,52,0.0321081690490245,0.9534568459105288,4.920003857890491
mmlu-pro,,1.0,0.075,53,0.0321280993521213,0.9417080885675554,4.919214371869293
mmlu-pro,,1.0,0.075,54,0.0320226214826107,0.94713059195662,4.933956446999098
mmlu-pro,,1.0,0.075,55,0.032041773200035,0.9435155896972436,4.944533103203293
mmlu-pro,,1.0,0.075,56,0.032143048942089,0.9525530953456848,4.912021319946266
mmlu-pro,,1.0,0.075,57,0.032146006822586,0.9493899683687302,4.902339235202043
mmlu-pro,,1.0,0.075,58,0.0320742167532444,0.9525530953456848,4.934446469760935
mmlu-pro,,1.0,0.075,59,0.0321050062775611,0.9507455942159964,4.915497275416531
mmlu-pro,,1.0,0.075,60,0.0320066399872303,0.9534568459105288,4.945795694925514
mmlu-pro,,1.0,0.075,61,0.032060720026493,0.945774966109354,4.927330339142396
mmlu-pro,,1.0,0.075,62,0.0320571437478065,0.9484862178038862,4.938174966426857
mmlu-pro,,1.0,0.075,63,0.0321079976856708,0.9417080885675554,4.912421055057265
mmlu-pro,,1.0,0.075,64,0.0320473462343215,0.946678716674198,4.950501421904079
mmlu-pro,,1.0,0.075,65,0.032166626304388,0.9511974694984184,4.896979843348704
mmlu-pro,,1.0,0.075,66,0.03214842826128,0.9511974694984184,4.900771639386196
mmlu-pro,,1.0,0.075,67,0.0320491306483745,0.946678716674198,4.939198902900005
mmlu-pro,,1.0,0.075,68,0.0320893228054046,0.948034342521464,4.924115190051357
mmlu-pro,,1.0,0.075,69,0.0320858918130397,0.9426118391323997,4.931811130140135
mmlu-pro,,1.0,0.075,70,0.0320196598768234,0.947582467239042,4.950142124907557
mmlu-pro,,1.0,0.075,71,0.0320250652730464,0.94713059195662,4.943290042810539
mmlu-pro,,1.0,0.075,72,0.032113429158926,0.9484862178038862,4.92057100090262
mmlu-pro,,1.0,0.075,73,0.0320383124053478,0.9367374604609128,4.941167160824172
mmlu-pro,,1.0,0.075,74,0.0321522466838359,0.9484862178038862,4.89977693948586
mmlu-pro,,1.0,0.075,75,0.0320993885397911,0.9489380930863082,4.931791623549945
mmlu-pro,,1.0,0.075,76,0.032090775668621,0.9444193402620876,4.923017146536949
mmlu-pro,,1.0,0.075,77,0.0321307554841041,0.9399005874378672,4.908453182312679
mmlu-pro,,1.0,0.075,78,0.0320090912282466,0.9453230908269318,4.956794928432218
mmlu-pro,,1.0,0.075,79,0.032120868563652,0.9367374604609128,4.914130260942054
mmlu-pro,,1.0,0.075,80,0.0320660918951034,0.946226841391776,4.928502792880878
mmlu-pro,,1.0,0.075,81,0.0321364291012287,0.9435155896972436,4.913202375814155
mmlu-pro,,1.0,0.075,82,0.0320678651332855,0.9521012200632626,4.934461654237176
mmlu-pro,,1.0,0.075,83,0.0320214331150054,0.9525530953456848,4.953062741908325
mmlu-pro,,1.0,0.075,84,0.0320842675864696,0.9430637144148216,4.925007337350591
mmlu-pro,,1.0,0.075,85,0.0320709310472011,0.94713059195662,4.929575701354723
mmlu-pro,,1.0,0.075,86,0.032156478613615,0.9484862178038862,4.903288396029871
mmlu-pro,,1.0,0.075,87,0.0320507511496543,0.9521012200632626,4.9434978135491185
mmlu-pro,,1.0,0.075,88,0.0320592671632766,0.938093086308179,4.932563555041216
mmlu-pro,,1.0,0.075,89,0.0320786200463771,0.9444193402620876,4.9280893042718
mmlu-pro,,1.0,0.075,90,0.0320233106613159,0.9502937189335744,4.949269208744059
mmlu-pro,,1.0,0.075,91,0.0319998301565647,0.9426118391323997,4.954690967216037
mmlu-pro,,1.0,0.075,92,0.0321628078818321,0.9435155896972436,4.8911306024880075
mmlu-pro,,1.0,0.075,93,0.0320767164230346,0.9430637144148216,4.93646382003105
mmlu-pro,,1.0,0.075,94,0.0320645272731781,0.947582467239042,4.930062023886455
mmlu-pro,,1.0,0.075,95,0.0320078618824481,0.948034342521464,4.945721438821289
mmlu-pro,,1.0,0.075,96,0.0320110619068145,0.9430637144148216,4.950004922882284
mmlu-pro,,1.0,0.075,97,0.0321777649223804,0.9421599638499776,4.904422222192538
mmlu-pro,,1.0,0.075,98,0.0320866033434867,0.9484862178038862,4.926514501235301
mmlu-pro,,1.0,0.075,99,0.0321746207773685,0.9426118391323997,4.898906331529433
mmlu-pro,,1.0,0.1,0,0.0264690648764371,0.9453230908269318,5.281718565413426
mmlu-pro,,1.0,0.1,1,0.0264799166470766,0.9493899683687302,5.2838981838081995
mmlu-pro,,1.0,0.1,2,0.0264109224081039,0.9507455942159964,5.307724518466842
mmlu-pro,,1.0,0.1,3,0.0264720134437084,0.946226841391776,5.286931351827744
mmlu-pro,,1.0,0.1,4,0.026487173512578,0.9507455942159964,5.279415770965982
mmlu-pro,,1.0,0.1,5,0.0264327004551887,0.9439674649796655,5.307063914515988
mmlu-pro,,1.0,0.1,6,0.0264424122869968,0.945774966109354,5.300298637572739
mmlu-pro,,1.0,0.1,7,0.0264748949557542,0.9412562132851332,5.281524098340316
mmlu-pro,,1.0,0.1,8,0.0264589842408895,0.946226841391776,5.289449603368566
mmlu-pro,,1.0,0.1,9,0.0264736507087945,0.947582467239042,5.272988504471653
mmlu-pro,,1.0,0.1,10,0.0264047030359506,0.945774966109354,5.309801239344156
mmlu-pro,,1.0,0.1,11,0.0265197362750768,0.9448712155445096,5.257793992978033
mmlu-pro,,1.0,0.1,12,0.0264765452593565,0.947582467239042,5.274603300772827
mmlu-pro,,1.0,0.1,13,0.0264379046857357,0.947582467239042,5.299208513910248
mmlu-pro,,1.0,0.1,14,0.0264002662152051,0.9353818346136468,5.3104453409712224
mmlu-pro,,1.0,0.1,15,0.0264502689242362,0.9502937189335744,5.299581796972792
mmlu-pro,,1.0,0.1,16,0.0264298040419816,0.9511974694984184,5.293366264954322
mmlu-pro,,1.0,0.1,17,0.0264607761055231,0.9448712155445096,5.2903910681724575
mmlu-pro,,1.0,0.1,18,0.0264761429280042,0.9444193402620876,5.272392584506763
mmlu-pro,,1.0,0.1,19,0.0264816265553236,0.9507455942159964,5.287680228966477
mmlu-pro,,1.0,0.1,20,0.0264785084873437,0.9548124717577948,5.279745148470732
mmlu-pro,,1.0,0.1,21,0.026416964828968,0.9435155896972436,5.310156346954737
mmlu-pro,,1.0,0.1,22,0.0264269653707742,0.9426118391323997,5.307791075844818
mmlu-pro,,1.0,0.1,23,0.0263941530138254,0.9448712155445096,5.316696272003764
mmlu-pro,,1.0,0.1,24,0.0264975894242525,0.9516493447808404,5.278027232307413
mmlu-pro,,1.0,0.1,25,0.0264790207147598,0.9566199728874832,5.2835960263428685
mmlu-pro,,1.0,0.1,26,0.0264003593474626,0.9521012200632626,5.306176267882874
mmlu-pro,,1.0,0.1,27,0.0264603197574615,0.9421599638499776,5.276112154318732
mmlu-pro,,1.0,0.1,28,0.026389505714178,0.9439674649796655,5.306868454052907
mmlu-pro,,1.0,0.1,29,0.0264539085328578,0.9371893357433349,5.287737478681159
mmlu-pro,,1.0,0.1,30,0.0264476891607046,0.9525530953456848,5.2994197926833895
mmlu-pro,,1.0,0.1,31,0.026430670171976,0.9448712155445096,5.291789792949564
mmlu-pro,,1.0,0.1,32,0.0264576431363821,0.9570718481699052,5.290752739027997
mmlu-pro,,1.0,0.1,33,0.0265662334859371,0.947582467239042,5.2427472076819
mmlu-pro,,1.0,0.1,34,0.0265200696885585,0.9516493447808404,5.274581417669304
mmlu-pro,,1.0,0.1,35,0.0264816842973232,0.9507455942159964,5.286998587099616
mmlu-pro,,1.0,0.1,36,0.0264396574348211,0.945774966109354,5.3087959417177615
mmlu-pro,,1.0,0.1,37,0.0264334008097648,0.945774966109354,5.299017182982416
mmlu-pro,,1.0,0.1,38,0.0264799892902374,0.9507455942159964,5.280880255346352
mmlu-pro,,1.0,0.1,39,0.0264211017638444,0.9570718481699052,5.306536161632031
mmlu-pro,,1.0,0.1,40,0.0264206957072019,0.9521012200632626,5.290205963397961
mmlu-pro,,1.0,0.1,41,0.0264522023499012,0.9516493447808404,5.299618250212337
mmlu-pro,,1.0,0.1,42,0.026456881314516,0.946226841391776,5.293247134810627
mmlu-pro,,1.0,0.1,43,0.0264024809002876,0.9426118391323997,5.31946877820294
mmlu-pro,,1.0,0.1,44,0.0265483930706977,0.9453230908269318,5.255188232365869
mmlu-pro,,1.0,0.1,45,0.0264552198350429,0.9453230908269318,5.2864465939013705
mmlu-pro,,1.0,0.1,46,0.026486175134778,0.9624943515589698,5.274371474012704
mmlu-pro,,1.0,0.1,47,0.0264376625418663,0.948034342521464,5.305948907642088
mmlu-pro,,1.0,0.1,48,0.0264723040163517,0.9511974694984184,5.275727259053878
mmlu-pro,,1.0,0.1,49,0.0264067128300666,0.9444193402620876,5.312520412431131
mmlu-pro,,1.0,0.1,50,0.0264220796525478,0.956168097605061,5.298447052330569
mmlu-pro,,1.0,0.1,51,0.0264801066368818,0.9417080885675554,5.287092249737959
mmlu-pro,,1.0,0.1,52,0.0264657232910394,0.946678716674198,5.286008610909502
mmlu-pro,,1.0,0.1,53,0.0264906138181686,0.9408043380027112,5.277205278739684
mmlu-pro,,1.0,0.1,54,0.026425639167428,0.9498418436511524,5.2880083677081196
mmlu-pro,,1.0,0.1,55,0.0264279730618,0.938996836873023,5.302062553484666
mmlu-pro,,1.0,0.1,56,0.026487847790122,0.9498418436511524,5.278617045698918
mmlu-pro,,1.0,0.1,57,0.0264978148043155,0.9484862178038862,5.269571580765173
mmlu-pro,,1.0,0.1,58,0.0264475736767053,0.94713059195662,5.2949170649823145
mmlu-pro,,1.0,0.1,59,0.0264700036495924,0.9507455942159964,5.278545354202315
mmlu-pro,,1.0,0.1,60,0.0264006163924932,0.9575237234523272,5.306370030934593
mmlu-pro,,1.0,0.1,61,0.0264518056064844,0.9507455942159964,5.279729235360609
mmlu-pro,,1.0,0.1,62,0.0264272503554821,0.9489380930863082,5.297449045353306
mmlu-pro,,1.0,0.1,63,0.0264479592442512,0.9412562132851332,5.283856201421491
mmlu-pro,,1.0,0.1,64,0.0264310613274574,0.9412562132851332,5.306322751694464
mmlu-pro,,1.0,0.1,65,0.0265245083719491,0.9507455942159964,5.2602300076536235
mmlu-pro,,1.0,0.1,66,0.02649562433362,0.947582467239042,5.265951393809291
mmlu-pro,,1.0,0.1,67,0.0264505073428154,0.9426118391323997,5.296097380169301
mmlu-pro,,1.0,0.1,68,0.0264506954699754,0.9439674649796655,5.286385982347507
mmlu-pro,,1.0,0.1,69,0.0264781173318624,0.9408043380027112,5.276834903927014
mmlu-pro,,1.0,0.1,70,0.026405245065689,0.9534568459105288,5.3111899527299995
mmlu-pro,,1.0,0.1,71,0.0264216493815183,0.9448712155445096,5.297932247404173
mmlu-pro,,1.0,0.1,72,0.0264775175601243,0.9417080885675554,5.280931815080676
mmlu-pro,,1.0,0.1,73,0.0264196824282407,0.9421599638499776,5.3031005935443485
mmlu-pro,,1.0,0.1,74,0.026502514258027,0.9525530953456848,5.265028155932311
mmlu-pro,,1.0,0.1,75,0.0264515783637762,0.9435155896972436,5.296517668546776
mmlu-pro,,1.0,0.1,76,0.0264660194516181,0.9394487121554452,5.286902629041111
mmlu-pro,,1.0,0.1,77,0.0265028979629278,0.9502937189335744,5.2605025547748125
mmlu-pro,,1.0,0.1,78,0.0264038015156984,0.9444193402620876,5.307465009053753
mmlu-pro,,1.0,0.1,79,0.0264745783060789,0.9430637144148216,5.27987457375948
mmlu-pro,,1.0,0.1,80,0.0264416746795177,0.9435155896972436,5.288853024392668
mmlu-pro,,1.0,0.1,81,0.0265012066811323,0.9421599638499776,5.270370519054266
mmlu-pro,,1.0,0.1,82,0.0264689829200506,0.9484862178038862,5.279319829783118
mmlu-pro,,1.0,0.1,83,0.0264007654041051,0.9444193402620876,5.314672210785371
mmlu-pro,,1.0,0.1,84,0.0264363195747137,0.9453230908269318,5.295669061005127
mmlu-pro,,1.0,0.1,85,0.0264373682439327,0.945774966109354,5.294293742835114
mmlu-pro,,1.0,0.1,86,0.0265102181583642,0.946226841391776,5.26574453576253
mmlu-pro,,1.0,0.1,87,0.026435999199748,0.9552643470402168,5.300201506596094
mmlu-pro,,1.0,0.1,88,0.0264368299394845,0.9344780840488026,5.295451625814875
mmlu-pro,,1.0,0.1,89,0.0264442320913076,0.9412562132851332,5.288835025189271
mmlu-pro,,1.0,0.1,90,0.0264074355363845,0.9444193402620876,5.309973393361551
mmlu-pro,,1.0,0.1,91,0.0264058802276849,0.9439674649796655,5.308197931623984
mmlu-pro,,1.0,0.1,92,0.026527039706707,0.9417080885675554,5.251724900802044
mmlu-pro,,1.0,0.1,93,0.0264475103467702,0.9444193402620876,5.295951132666473
mmlu-pro,,1.0,0.1,94,0.0264259204268455,0.9435155896972436,5.298285980489551
mmlu-pro,,1.0,0.1,95,0.026415005326271,0.9484862178038862,5.300129520035364
mmlu-pro,,1.0,0.1,96,0.0264115277677774,0.948034342521464,5.307071138579694
mmlu-pro,,1.0,0.1,97,0.0265266560018062,0.9435155896972436,5.262482822775268
mmlu-pro,,1.0,0.1,98,0.0264474786818027,0.955716222322639,5.288373605417674
mmlu-pro,,1.0,0.1,99,0.0265394281595945,0.9448712155445096,5.25504002550158
mmlu-pro,,1.0,0.125,0,0.0227665994316339,0.945774966109354,5.551704408355942
mmlu-pro,,1.0,0.125,1,0.0227719936519861,0.9534568459105288,5.550413378777053
mmlu-pro,,1.0,0.125,2,0.0227257590740919,0.9484862178038862,5.574536791483964
mmlu-pro,,1.0,0.125,3,0.0227553080767393,0.94713059195662,5.560673820832453
mmlu-pro,,1.0,0.125,4,0.0227761715650558,0.9539087211929508,5.557434010786022
mmlu-pro,,1.0,0.125,5,0.0227227509021759,0.9394487121554452,5.588378577145871
mmlu-pro,,1.0,0.125,6,0.022742548957467,0.94713059195662,5.573090276611565
mmlu-pro,,1.0,0.125,7,0.0227621980011463,0.9412562132851332,5.553033222544661
mmlu-pro,,1.0,0.125,8,0.0227543674409389,0.94713059195662,5.559315285359575
mmlu-pro,,1.0,0.125,9,0.0227619390934705,0.9484862178038862,5.5466142694526335
mmlu-pro,,1.0,0.125,10,0.022716486826539,0.9430637144148216,5.58396003504627
mmlu-pro,,1.0,0.125,11,0.0228008292615413,0.9448712155445096,5.533707990166046
mmlu-pro,,1.0,0.125,12,0.0227714646607637,0.9534568459105288,5.547671502088596
mmlu-pro,,1.0,0.125,13,0.0227460786700248,0.945774966109354,5.5685507094311815
mmlu-pro,,1.0,0.125,14,0.022716162726283,0.9403524627202892,5.576586830925202
mmlu-pro,,1.0,0.125,15,0.0227502528578043,0.9525530953456848,5.570761075603439
mmlu-pro,,1.0,0.125,16,0.0227262414991855,0.9521012200632626,5.568873175796314
mmlu-pro,,1.0,0.125,17,0.0227401684969663,0.9489380930863082,5.568517299286862
mmlu-pro,,1.0,0.125,18,0.0227700769901275,0.945774966109354,5.5441117585495014
mmlu-pro,,1.0,0.125,19,0.0227562058717012,0.946678716674198,5.567742543804074
mmlu-pro,,1.0,0.125,20,0.0227622184902429,0.9530049706281066,5.560171126270547
mmlu-pro,,1.0,0.125,21,0.0227184649556875,0.9426118391323997,5.5816665479447725
mmlu-pro,,1.0,0.125,22,0.0227254759520292,0.9516493447808404,5.576251833686778
mmlu-pro,,1.0,0.125,23,0.0226941388100385,0.9539087211929508,5.590507250815664
mmlu-pro,,1.0,0.125,24,0.0227855686098337,0.9489380930863082,5.550728448728543
mmlu-pro,,1.0,0.125,25,0.0227540582418441,0.9502937189335744,5.559423139668817
mmlu-pro,,1.0,0.125,26,0.0227105692028999,0.9453230908269318,5.579448839579543
mmlu-pro,,1.0,0.125,27,0.0227476246654987,0.9444193402620876,5.548581899749329
mmlu-pro,,1.0,0.125,28,0.0226901639252901,0.946226841391776,5.583996692940882
mmlu-pro,,1.0,0.125,29,0.0227483306080102,0.9408043380027112,5.565682548452694
mmlu-pro,,1.0,0.125,30,0.0227479506283998,0.9584274740171712,5.564847789385736
mmlu-pro,,1.0,0.125,31,0.0227302741259336,0.9448712155445096,5.566878818510686
mmlu-pro,,1.0,0.125,32,0.0227472335100173,0.948034342521464,5.5644314156916
mmlu-pro,,1.0,0.125,33,0.0228427648544311,0.9489380930863082,5.515871961710335
mmlu-pro,,1.0,0.125,34,0.0228023529052734,0.9430637144148216,5.548073717827837
mmlu-pro,,1.0,0.125,35,0.0227632373571395,0.9552643470402168,5.564753493059982
mmlu-pro,,1.0,0.125,36,0.0227370988577604,0.9426118391323997,5.579224691588512
mmlu-pro,,1.0,0.125,37,0.0227283239364624,0.9453230908269318,5.5717000841123445
mmlu-pro,,1.0,0.125,38,0.0227576289325952,0.947582467239042,5.5605116202212335
mmlu-pro,,1.0,0.125,39,0.0227257348597049,0.9530049706281066,5.5730602446062845
mmlu-pro,,1.0,0.125,40,0.0227207224816083,0.9489380930863082,5.56655662385694
mmlu-pro,,1.0,0.125,41,0.022742161527276,0.9507455942159964,5.575858259513374
mmlu-pro,,1.0,0.125,42,0.0227544531226158,0.946226841391776,5.565251288822826
mmlu-pro,,1.0,0.125,43,0.0227065384387969,0.9430637144148216,5.5911201787303355
mmlu-pro,,1.0,0.125,44,0.0228158645331859,0.945774966109354,5.534363095787491
mmlu-pro,,1.0,0.125,45,0.0227409899234771,0.9507455942159964,5.563210023496534
mmlu-pro,,1.0,0.125,46,0.022778857499361,0.9552643470402168,5.54626085094394
mmlu-pro,,1.0,0.125,47,0.0227357260882854,0.9412562132851332,5.577793111779116
mmlu-pro,,1.0,0.125,48,0.0227568186819553,0.9521012200632626,5.558628698968153
mmlu-pro,,1.0,0.125,49,0.0227128230035305,0.9489380930863082,5.585143802774681
mmlu-pro,,1.0,0.125,50,0.0227182600647211,0.9543605964753727,5.572937772687518
mmlu-pro,,1.0,0.125,51,0.0227689892053604,0.9525530953456848,5.562591373667875
mmlu-pro,,1.0,0.125,52,0.022758662700653,0.948034342521464,5.560803918795229
mmlu-pro,,1.0,0.125,53,0.0227695778012275,0.9403524627202892,5.552730036140838
mmlu-pro,,1.0,0.125,54,0.0227223727852106,0.9484862178038862,5.56852551984749
mmlu-pro,,1.0,0.125,55,0.0227272305637598,0.9394487121554452,5.577399756825651
mmlu-pro,,1.0,0.125,56,0.0227827262133359,0.948034342521464,5.550282064230356
mmlu-pro,,1.0,0.125,57,0.0227773934602737,0.9511974694984184,5.544230814665155
mmlu-pro,,1.0,0.125,58,0.0227417387068271,0.9493899683687302,5.570657724273475
mmlu-pro,,1.0,0.125,59,0.0227431803941726,0.955716222322639,5.56432437876679
mmlu-pro,,1.0,0.125,60,0.0227077398449182,0.9507455942159964,5.57764629620767
mmlu-pro,,1.0,0.125,61,0.0227515771985054,0.9493899683687302,5.554183369347454
mmlu-pro,,1.0,0.125,62,0.0227295029908418,0.9426118391323997,5.569186429722018
mmlu-pro,,1.0,0.125,63,0.0227491669356822,0.9444193402620876,5.554881768180382
mmlu-pro,,1.0,0.125,64,0.0227295663207769,0.946226841391776,5.58005475941169
mmlu-pro,,1.0,0.125,65,0.0227991081774234,0.9484862178038862,5.538429686187394
mmlu-pro,,1.0,0.125,66,0.0227726586163043,0.9516493447808404,5.547414208173185
mmlu-pro,,1.0,0.125,67,0.0227355305105447,0.946678716674198,5.571735449604326
mmlu-pro,,1.0,0.125,68,0.02274133823812,0.9444193402620876,5.559968413745357
mmlu-pro,,1.0,0.125,69,0.0227547250688076,0.9403524627202892,5.556478970886448
mmlu-pro,,1.0,0.125,70,0.0227035507559776,0.9444193402620876,5.588940976794328
mmlu-pro,,1.0,0.125,71,0.022708186879754,0.946678716674198,5.57698890588728
mmlu-pro,,1.0,0.125,72,0.0227679051458835,0.9489380930863082,5.554890942608113
mmlu-pro,,1.0,0.125,73,0.0227216742932796,0.9426118391323997,5.576072051567685
mmlu-pro,,1.0,0.125,74,0.0227877777069807,0.9534568459105288,5.541122961326359
mmlu-pro,,1.0,0.125,75,0.0227496437728405,0.9453230908269318,5.565250184245137
mmlu-pro,,1.0,0.125,76,0.0227543264627456,0.946226841391776,5.56032896364638
mmlu-pro,,1.0,0.125,77,0.0227765161544084,0.9516493447808404,5.54060861414521
mmlu-pro,,1.0,0.125,78,0.0227047819644212,0.945774966109354,5.585176501132829
mmlu-pro,,1.0,0.125,79,0.0227705482393503,0.9412562132851332,5.549767489452073
mmlu-pro,,1.0,0.125,80,0.0227368958294391,0.946226841391776,5.564681834169143
mmlu-pro,,1.0,0.125,81,0.0227809343487024,0.9403524627202892,5.544273889205243
mmlu-pro,,1.0,0.125,82,0.0227566380053758,0.9435155896972436,5.553169055290406
mmlu-pro,,1.0,0.125,83,0.022693021222949,0.9453230908269318,5.5954683153806934
mmlu-pro,,1.0,0.125,84,0.0227414388209581,0.9439674649796655,5.565978937465778
mmlu-pro,,1.0,0.125,85,0.0227342117577791,0.9493899683687302,5.569635067468738
mmlu-pro,,1.0,0.125,86,0.0227872356772422,0.946226841391776,5.545127057420976
mmlu-pro,,1.0,0.125,87,0.0227258186787366,0.9552643470402168,5.578187257553865
mmlu-pro,,1.0,0.125,88,0.0227318368852138,0.9367374604609128,5.569475341350514
mmlu-pro,,1.0,0.125,89,0.0227385386824607,0.946226841391776,5.563380041321514
mmlu-pro,,1.0,0.125,90,0.0227157045155763,0.94713059195662,5.583490543686879
mmlu-pro,,1.0,0.125,91,0.0227014701813459,0.947582467239042,5.586756549210411
mmlu-pro,,1.0,0.125,92,0.0228087101131677,0.9412562132851332,5.523162281550669
mmlu-pro,,1.0,0.125,93,0.0227464828640222,0.948034342521464,5.564989534126491
mmlu-pro,,1.0,0.125,94,0.0227371286600828,0.9453230908269318,5.56475725143839
mmlu-pro,,1.0,0.125,95,0.0227235835045576,0.9543605964753727,5.572733857187252
mmlu-pro,,1.0,0.125,96,0.0227179694920778,0.9453230908269318,5.574108554907591
mmlu-pro,,1.0,0.125,97,0.0228077415376901,0.9521012200632626,5.530660083612
mmlu-pro,,1.0,0.125,98,0.022751597687602,0.9552643470402168,5.556710463532541
mmlu-pro,,1.0,0.125,99,0.0228174459189176,0.9484862178038862,5.531061500798135
mmlu-pro,,1.0,0.15,0,0.0201065745204687,0.9484862178038862,5.76627593648286
mmlu-pro,,1.0,0.15,1,0.02010503038764,0.9516493447808404,5.764208337060992
mmlu-pro,,1.0,0.15,2,0.020058698952198,0.947582467239042,5.80097749156586
mmlu-pro,,1.0,0.15,3,0.0200881958007812,0.9430637144148216,5.780967168562181
mmlu-pro,,1.0,0.15,4,0.0200998652726411,0.9530049706281066,5.781389919902691
mmlu-pro,,1.0,0.15,5,0.0200638249516487,0.9453230908269318,5.804304092328187
mmlu-pro,,1.0,0.15,6,0.0200792122632265,0.9498418436511524,5.793095438357212
mmlu-pro,,1.0,0.15,7,0.0201045777648687,0.9426118391323997,5.772557784341665
mmlu-pro,,1.0,0.15,8,0.0200895499438047,0.9498418436511524,5.7773492167269165
mmlu-pro,,1.0,0.15,9,0.0201016347855329,0.9489380930863082,5.759785086914508
mmlu-pro,,1.0,0.15,10,0.0200617555528879,0.946678716674198,5.800667832908925
mmlu-pro,,1.0,0.15,11,0.0201206412166357,0.9439674649796655,5.7584125197699185
mmlu-pro,,1.0,0.15,12,0.020102821290493,0.9489380930863082,5.766175651112781
mmlu-pro,,1.0,0.15,13,0.0200819782912731,0.946226841391776,5.785426335768412
mmlu-pro,,1.0,0.15,14,0.0200583077967166,0.9408043380027112,5.794328579009729
mmlu-pro,,1.0,0.15,15,0.0200789347290992,0.9521012200632626,5.790623853956474
mmlu-pro,,1.0,0.15,16,0.0200732089579105,0.9548124717577948,5.784703262107202
mmlu-pro,,1.0,0.15,17,0.0200757905840873,0.9448712155445096,5.789469166231079
mmlu-pro,,1.0,0.15,18,0.0200960058718919,0.948034342521464,5.767447170648987
mmlu-pro,,1.0,0.15,19,0.0200940947979688,0.9539087211929508,5.782450444667977
mmlu-pro,,1.0,0.15,20,0.0200906489044427,0.9543605964753727,5.78120856518641
mmlu-pro,,1.0,0.15,21,0.0200533345341682,0.9430637144148216,5.80264139474093
mmlu-pro,,1.0,0.15,22,0.0200585629791021,0.9489380930863082,5.7981918851202945
mmlu-pro,,1.0,0.15,23,0.0200413167476654,0.9521012200632626,5.804111941746582
mmlu-pro,,1.0,0.15,24,0.0201109256595373,0.9439674649796655,5.771155011513344
mmlu-pro,,1.0,0.15,25,0.0200847052037715,0.9489380930863082,5.781720765010536
mmlu-pro,,1.0,0.15,26,0.0200550127774477,0.94713059195662,5.796872266472554
mmlu-pro,,1.0,0.15,27,0.0200732182711362,0.9421599638499776,5.773642426949276
mmlu-pro,,1.0,0.15,28,0.0200379379093647,0.946678716674198,5.7979211216878594
mmlu-pro,,1.0,0.15,29,0.0200860947370529,0.9430637144148216,5.782054447217733
mmlu-pro,,1.0,0.15,30,0.020082551985979,0.9602349751468596,5.780874945207446
mmlu-pro,,1.0,0.15,31,0.0200648438185453,0.946226841391776,5.785859641995607
mmlu-pro,,1.0,0.15,32,0.0200838837772607,0.9502937189335744,5.7802857814361115
mmlu-pro,,1.0,0.15,33,0.0201530624181032,0.9548124717577948,5.741840550070227
mmlu-pro,,1.0,0.15,34,0.0201273150742054,0.9448712155445096,5.764663341447208
mmlu-pro,,1.0,0.15,35,0.0200873222202062,0.9548124717577948,5.787611058348823
mmlu-pro,,1.0,0.15,36,0.020070532336831,0.9439674649796655,5.797486886087154
mmlu-pro,,1.0,0.15,37,0.020061956718564,0.9489380930863082,5.796102516097946
mmlu-pro,,1.0,0.15,38,0.0200877711176872,0.945774966109354,5.7776092929192355
mmlu-pro,,1.0,0.15,39,0.0200638454407453,0.946226841391776,5.789450635829359
mmlu-pro,,1.0,0.15,40,0.0200705435127019,0.9426118391323997,5.7804593914635625
mmlu-pro,,1.0,0.15,41,0.0200743693858385,0.9498418436511524,5.791030239088215
mmlu-pro,,1.0,0.15,42,0.0200935173779726,0.9435155896972436,5.776955428758787
mmlu-pro,,1.0,0.15,43,0.0200564991682767,0.94713059195662,5.802296586773283
mmlu-pro,,1.0,0.15,44,0.020136009901762,0.9399005874378672,5.753954453809641
mmlu-pro,,1.0,0.15,45,0.0200648549944162,0.9516493447808404,5.784063407327735
mmlu-pro,,1.0,0.15,46,0.020105242729187,0.9521012200632626,5.770724800238671
mmlu-pro,,1.0,0.15,47,0.0200657732784748,0.9412562132851332,5.79765046044094
mmlu-pro,,1.0,0.15,48,0.0200882814824581,0.9498418436511524,5.778007530920145
mmlu-pro,,1.0,0.15,49,0.0200557671487331,0.9498418436511524,5.804331055566492
mmlu-pro,,1.0,0.15,50,0.02005535364151,0.946226841391776,5.793341241045242
mmlu-pro,,1.0,0.15,51,0.0200977083295583,0.9444193402620876,5.785065795319457
mmlu-pro,,1.0,0.15,52,0.0200932584702968,0.9484862178038862,5.7767674213839015
mmlu-pro,,1.0,0.15,53,0.0200971905142068,0.9417080885675554,5.77323330932405
mmlu-pro,,1.0,0.15,54,0.0200589764863252,0.9511974694984184,5.79036030472396
mmlu-pro,,1.0,0.15,55,0.0200659856200218,0.9417080885675554,5.793480306358554
mmlu-pro,,1.0,0.15,56,0.0201070755720138,0.9502937189335744,5.774510369436049
mmlu-pro,,1.0,0.15,57,0.0201061628758907,0.955716222322639,5.764007391344584
mmlu-pro,,1.0,0.15,58,0.0200752317905426,0.9439674649796655,5.789328895225048
mmlu-pro,,1.0,0.15,59,0.0200730971992015,0.9539087211929508,5.782102300106755
mmlu-pro,,1.0,0.15,60,0.0200445465743541,0.9484862178038862,5.8003597624823575
mmlu-pro,,1.0,0.15,61,0.0200854782015085,0.9516493447808404,5.778784029030591
mmlu-pro,,1.0,0.15,62,0.0200649686157703,0.9439674649796655,5.788648839009899
mmlu-pro,,1.0,0.15,63,0.0200815387070179,0.9448712155445096,5.77469555653866
mmlu-pro,,1.0,0.15,64,0.0200632270425558,0.9435155896972436,5.79942081152506
mmlu-pro,,1.0,0.15,65,0.0201181750744581,0.9566199728874832,5.7614012176907
mmlu-pro,,1.0,0.15,66,0.020099813118577,0.948034342521464,5.770920929682926
mmlu-pro,,1.0,0.15,67,0.0200683828443288,0.9511974694984184,5.79231699140688
mmlu-pro,,1.0,0.15,68,0.0200746841728687,0.9489380930863082,5.7770321856055435
mmlu-pro,,1.0,0.15,69,0.0200880467891693,0.9362855851784908,5.779990877760556
mmlu-pro,,1.0,0.15,70,0.0200464110821485,0.9516493447808404,5.8055844961571506
mmlu-pro,,1.0,0.15,71,0.0200556386262178,0.948034342521464,5.793879424719422
mmlu-pro,,1.0,0.15,72,0.0200947280973196,0.9516493447808404,5.776574776964865
mmlu-pro,,1.0,0.15,73,0.0200612246990203,0.9453230908269318,5.79421075887131
mmlu-pro,,1.0,0.15,74,0.0201114453375339,0.9507455942159964,5.763256400289171
mmlu-pro,,1.0,0.15,75,0.020080404356122,0.9489380930863082,5.784878592846391
mmlu-pro,,1.0,0.15,76,0.0200949739664793,0.94713059195662,5.773971539350144
mmlu-pro,,1.0,0.15,77,0.0201064813882112,0.9489380930863082,5.757992057064206
mmlu-pro,,1.0,0.15,78,0.0200537126511335,0.948034342521464,5.7988003743363
mmlu-pro,,1.0,0.15,79,0.0201075803488492,0.9421599638499776,5.765075384518569
mmlu-pro,,1.0,0.15,80,0.0200625453144311,0.9484862178038862,5.789492399535273
mmlu-pro,,1.0,0.15,81,0.0201121512800455,0.9421599638499776,5.762609935161606
mmlu-pro,,1.0,0.15,82,0.020091462880373,0.94713059195662,5.773950814409331
mmlu-pro,,1.0,0.15,83,0.0200395546853542,0.94713059195662,5.811939133443573
mmlu-pro,,1.0,0.15,84,0.0200682375580072,0.9408043380027112,5.788745996651526
mmlu-pro,,1.0,0.15,85,0.0200647339224815,0.9521012200632626,5.792079618982625
mmlu-pro,,1.0,0.15,86,0.0201180893927812,0.946678716674198,5.760034308566848
mmlu-pro,,1.0,0.15,87,0.0200662110000848,0.9593312245820154,5.79111792783296
mmlu-pro,,1.0,0.15,88,0.0200648382306098,0.9358337098960688,5.7937996940451
mmlu-pro,,1.0,0.15,89,0.020073028281331,0.9507455942159964,5.779936779109997
mmlu-pro,,1.0,0.15,90,0.0200533010065555,0.9444193402620876,5.799416020504166
mmlu-pro,,1.0,0.15,91,0.0200508777052164,0.9507455942159964,5.8005467441502665
mmlu-pro,,1.0,0.15,92,0.0201268382370471,0.9444193402620876,5.747340718980477
mmlu-pro,,1.0,0.15,93,0.0200849026441574,0.948034342521464,5.78161512123362
mmlu-pro,,1.0,0.15,94,0.020076036453247,0.9430637144148216,5.782356429362141
mmlu-pro,,1.0,0.15,95,0.0200623385608196,0.9539087211929508,5.792406288844187
mmlu-pro,,1.0,0.15,96,0.0200561713427305,0.946678716674198,5.789569180549441
mmlu-pro,,1.0,0.15,97,0.0201326794922351,0.9507455942159964,5.752009175613213
mmlu-pro,,1.0,0.15,98,0.0200808923691511,0.955716222322639,5.777708615274833
mmlu-pro,,1.0,0.15,99,0.0201304610818624,0.9489380930863082,5.7577921366172955
mmlu-pro,,1.0,0.175,0,0.0180522259324789,0.9448712155445096,5.950752113273266
mmlu-pro,,1.0,0.175,1,0.0180520769208669,0.9534568459105288,5.951666915334916
mmlu-pro,,1.0,0.175,2,0.018011899664998,0.946678716674198,5.983909110533241
mmlu-pro,,1.0,0.175,3,0.0180386938154697,0.9444193402620876,5.9627493079744225
mmlu-pro,,1.0,0.175,4,0.0180460028350353,0.946226841391776,5.964127594854699
mmlu-pro,,1.0,0.175,5,0.0180183984339237,0.9394487121554452,5.983574914041279
mmlu-pro,,1.0,0.175,6,0.0180353764444589,0.9493899683687302,5.971626162163112
mmlu-pro,,1.0,0.175,7,0.0180575978010892,0.9453230908269318,5.950204950942429
mmlu-pro,,1.0,0.175,8,0.0180403795093297,0.9484862178038862,5.956880437260221
mmlu-pro,,1.0,0.175,9,0.0180530846118927,0.948034342521464,5.942567694559078
mmlu-pro,,1.0,0.175,10,0.0180251561105251,0.9484862178038862,5.973089122240155
mmlu-pro,,1.0,0.175,11,0.018072472885251,0.9412562132851332,5.936181516513216
mmlu-pro,,1.0,0.175,12,0.0180546566843986,0.9453230908269318,5.947787117727918
mmlu-pro,,1.0,0.175,13,0.0180431604385375,0.946678716674198,5.961471014180283
mmlu-pro,,1.0,0.175,14,0.0180130451917648,0.9417080885675554,5.977864911605484
mmlu-pro,,1.0,0.175,15,0.018032344058156,0.94713059195662,5.970379437194158
mmlu-pro,,1.0,0.175,16,0.0180297121405601,0.9530049706281066,5.965245380042712
mmlu-pro,,1.0,0.175,17,0.0180265698581933,0.9543605964753727,5.971026119141677
mmlu-pro,,1.0,0.175,18,0.0180470887571573,0.9493899683687302,5.952699942255698
mmlu-pro,,1.0,0.175,19,0.0180490016937255,0.9566199728874832,5.961926137936273
mmlu-pro,,1.0,0.175,20,0.0180476624518632,0.9530049706281066,5.9587138520390655
mmlu-pro,,1.0,0.175,21,0.0180149860680103,0.9421599638499776,5.980695718433857
mmlu-pro,,1.0,0.175,22,0.0180241558700799,0.9507455942159964,5.975743593005691
mmlu-pro,,1.0,0.175,23,0.0180038306862115,0.945774966109354,5.983931863143899
mmlu-pro,,1.0,0.175,24,0.0180674586445093,0.9498418436511524,5.946282712314527
mmlu-pro,,1.0,0.175,25,0.0180352199822664,0.9570718481699052,5.964335247141255
mmlu-pro,,1.0,0.175,26,0.0180148966610431,0.9435155896972436,5.977962846732921
mmlu-pro,,1.0,0.175,27,0.0180262885987758,0.9489380930863082,5.956731989567649
mmlu-pro,,1.0,0.175,28,0.0180041976273059,0.9444193402620876,5.975622795204393
mmlu-pro,,1.0,0.175,29,0.0180476307868957,0.9444193402620876,5.95760111192051
mmlu-pro,,1.0,0.175,30,0.0180375669151544,0.9521012200632626,5.961873506177529
mmlu-pro,,1.0,0.175,31,0.0180215872824192,0.946226841391776,5.9687192451744755
mmlu-pro,,1.0,0.175,32,0.0180387608706951,0.9489380930863082,5.960049714360722
mmlu-pro,,1.0,0.175,33,0.0180912390351295,0.9543605964753727,5.9277153081643625
mmlu-pro,,1.0,0.175,34,0.018075892701745,0.946678716674198,5.941847225854197
mmlu-pro,,1.0,0.175,35,0.0180406533181667,0.9502937189335744,5.965876540629266
mmlu-pro,,1.0,0.175,36,0.018030447885394,0.9439674649796655,5.974402393420042
mmlu-pro,,1.0,0.175,37,0.0180247500538826,0.947582467239042,5.974583745243011
mmlu-pro,,1.0,0.175,38,0.0180437099188566,0.9502937189335744,5.958799479623773
mmlu-pro,,1.0,0.175,39,0.0180219765752553,0.9421599638499776,5.971438211338681
mmlu-pro,,1.0,0.175,40,0.0180280152708292,0.9489380930863082,5.960751951422828
mmlu-pro,,1.0,0.175,41,0.0180402975529432,0.9530049706281066,5.965349238427033
mmlu-pro,,1.0,0.175,42,0.018046848475933,0.946226841391776,5.956450968607763
mmlu-pro,,1.0,0.175,43,0.0180151611566543,0.9493899683687302,5.980343812474279
mmlu-pro,,1.0,0.175,44,0.0180743336677551,0.9399005874378672,5.939216024102921
mmlu-pro,,1.0,0.175,45,0.0180198531597852,0.945774966109354,5.967074112486309
mmlu-pro,,1.0,0.175,46,0.0180613007396459,0.9493899683687302,5.947558128224629
mmlu-pro,,1.0,0.175,47,0.0180284101516008,0.9412562132851332,5.973344837463279
mmlu-pro,,1.0,0.175,48,0.0180418342351913,0.9543605964753727,5.958987058271427
mmlu-pro,,1.0,0.175,49,0.0180189684033393,0.9489380930863082,5.9821910811897645
mmlu-pro,,1.0,0.175,50,0.0180131290107965,0.9525530953456848,5.977189379730215
mmlu-pro,,1.0,0.175,51,0.0180496871471405,0.9448712155445096,5.963924678027498
mmlu-pro,,1.0,0.175,52,0.018047334626317,0.9548124717577948,5.9596539316978765
mmlu-pro,,1.0,0.175,53,0.0180524121969938,0.9453230908269318,5.947201708417831
mmlu-pro,,1.0,0.175,54,0.0180160924792289,0.9484862178038862,5.971898789571286
mmlu-pro,,1.0,0.175,55,0.0180251151323318,0.9412562132851332,5.968777197881184
mmlu-pro,,1.0,0.175,56,0.0180616993457078,0.9489380930863082,5.953493088190078
mmlu-pro,,1.0,0.175,57,0.0180599130690097,0.9502937189335744,5.9408145404015675
mmlu-pro,,1.0,0.175,58,0.0180326849222183,0.947582467239042,5.969419817068143
mmlu-pro,,1.0,0.175,59,0.0180255379527807,0.9484862178038862,5.963584520683199
mmlu-pro,,1.0,0.175,60,0.0180070865899324,0.9516493447808404,5.976786289560562
mmlu-pro,,1.0,0.175,61,0.0180438142269849,0.9516493447808404,5.9577539235188635
mmlu-pro,,1.0,0.175,62,0.0180319659411907,0.9498418436511524,5.961468033252053
mmlu-pro,,1.0,0.175,63,0.0180397070944309,0.946226841391776,5.955941543273254
mmlu-pro,,1.0,0.175,64,0.0180215146392583,0.9484862178038862,5.974817051664288
mmlu-pro,,1.0,0.175,65,0.0180606339126825,0.9525530953456848,5.94488283515201
mmlu-pro,,1.0,0.175,66,0.018053688108921,0.9489380930863082,5.950176814103592
mmlu-pro,,1.0,0.175,67,0.0180197712033987,0.9484862178038862,5.979004883474836
mmlu-pro,,1.0,0.175,68,0.0180297996848821,0.9511974694984184,5.956344400061568
mmlu-pro,,1.0,0.175,69,0.0180410649627447,0.9426118391323997,5.959983215521261
mmlu-pro,,1.0,0.175,70,0.0180157087743282,0.9534568459105288,5.97517441435446
mmlu-pro,,1.0,0.175,71,0.0180169399827718,0.9525530953456848,5.969637401833704
mmlu-pro,,1.0,0.175,72,0.0180428456515073,0.9525530953456848,5.959621365163231
mmlu-pro,,1.0,0.175,73,0.0180248841643333,0.9448712155445096,5.968999846083941
mmlu-pro,,1.0,0.175,74,0.0180630274116992,0.956168097605061,5.942478884833087
mmlu-pro,,1.0,0.175,75,0.0180421341210603,0.946226841391776,5.963307893839155
mmlu-pro,,1.0,0.175,76,0.0180478990077972,0.945774966109354,5.948963111435381
mmlu-pro,,1.0,0.175,77,0.01805274002254,0.946678716674198,5.942067169252063
mmlu-pro,,1.0,0.175,78,0.018016031011939,0.9371893357433349,5.975514644115687
mmlu-pro,,1.0,0.175,79,0.0180539079010486,0.9426118391323997,5.948360009184947
mmlu-pro,,1.0,0.175,80,0.0180131141096353,0.9444193402620876,5.974498577187653
mmlu-pro,,1.0,0.175,81,0.0180629063397645,0.938093086308179,5.94417351680128
mmlu-pro,,1.0,0.175,82,0.0180454235523939,0.9435155896972436,5.9564091741362075
mmlu-pro,,1.0,0.175,83,0.0180038921535015,0.946226841391776,5.990696704815587
mmlu-pro,,1.0,0.175,84,0.0180246233940124,0.9394487121554452,5.96694592452543
mmlu-pro,,1.0,0.175,85,0.0180237218737602,0.9498418436511524,5.970541383625972
mmlu-pro,,1.0,0.175,86,0.0180618967860937,0.947582467239042,5.946615344586852
mmlu-pro,,1.0,0.175,87,0.018026877194643,0.9534568459105288,5.968471662503478
mmlu-pro,,1.0,0.175,88,0.0180225819349288,0.9412562132851332,5.972555463702395
mmlu-pro,,1.0,0.175,89,0.0180253032594919,0.9489380930863082,5.964728067661005
mmlu-pro,,1.0,0.175,90,0.0180119834840297,0.9453230908269318,5.9786353989683265
mmlu-pro,,1.0,0.175,91,0.0180102176964283,0.9493899683687302,5.980272130763228
mmlu-pro,,1.0,0.175,92,0.0180704444646835,0.9426118391323997,5.9317197435027795
mmlu-pro,,1.0,0.175,93,0.0180389583110809,0.947582467239042,5.960801560555621
mmlu-pro,,1.0,0.175,94,0.0180262941867113,0.9489380930863082,5.965522877680911
mmlu-pro,,1.0,0.175,95,0.0180184543132781,0.9525530953456848,5.975006088364898
mmlu-pro,,1.0,0.175,96,0.0180179364979267,0.948034342521464,5.968948809148963
mmlu-pro,,1.0,0.175,97,0.0180860608816146,0.9498418436511524,5.930385746121927
mmlu-pro,,1.0,0.175,98,0.0180362910032272,0.9584274740171712,5.957730025857151
mmlu-pro,,1.0,0.175,99,0.018081784248352,0.9453230908269318,5.936807128663959
mmlu-pro,,1.0,0.2,0,0.0164227411150932,0.9426118391323997,6.102370710515962
mmlu-pro,,1.0,0.2,1,0.0164255015552043,0.956168097605061,6.102938279146526
mmlu-pro,,1.0,0.2,2,0.0163887422531843,0.9453230908269318,6.131487700785209
mmlu-pro,,1.0,0.2,3,0.0164098311215639,0.946678716674198,6.111471136222288
mmlu-pro,,1.0,0.2,4,0.0164193399250507,0.946678716674198,6.109278103893788
mmlu-pro,,1.0,0.2,5,0.0163904093205928,0.9439674649796655,6.1318241551643595
mmlu-pro,,1.0,0.2,6,0.0164066907018423,0.946678716674198,6.1213173324028025
mmlu-pro,,1.0,0.2,7,0.0164234563708305,0.945774966109354,6.1009214469147075
mmlu-pro,,1.0,0.2,8,0.0164139345288276,0.9507455942159964,6.1065548024188745
mmlu-pro,,1.0,0.2,9,0.0164232645183801,0.9516493447808404,6.092440998424461
mmlu-pro,,1.0,0.2,10,0.0163950230926275,0.948034342521464,6.126830094823261
mmlu-pro,,1.0,0.2,11,0.0164399649947881,0.946678716674198,6.085938672824283
mmlu-pro,,1.0,0.2,12,0.0164210051298141,0.9498418436511524,6.099738343134836
mmlu-pro,,1.0,0.2,13,0.0164135340601205,0.9448712155445096,6.109051621164848
mmlu-pro,,1.0,0.2,14,0.016386704519391,0.946678716674198,6.128758344918053
mmlu-pro,,1.0,0.2,15,0.0164075642824172,0.955716222322639,6.120010579530578
mmlu-pro,,1.0,0.2,16,0.0163986813277006,0.9525530953456848,6.118403322431117
mmlu-pro,,1.0,0.2,17,0.0163993220776319,0.9493899683687302,6.121903909037541
mmlu-pro,,1.0,0.2,18,0.0164207499474287,0.94713059195662,6.1002304993229455
mmlu-pro,,1.0,0.2,19,0.0164169259369373,0.9543605964753727,6.112499790407917
mmlu-pro,,1.0,0.2,20,0.0164171364158391,0.955716222322639,6.109361120842329
mmlu-pro,,1.0,0.2,21,0.0163878910243511,0.9448712155445096,6.129335199885682
mmlu-pro,,1.0,0.2,22,0.0163989048451185,0.9521012200632626,6.125704205586061
mmlu-pro,,1.0,0.2,23,0.0163775440305471,0.9543605964753727,6.136047882364673
mmlu-pro,,1.0,0.2,24,0.0164377782493829,0.9502937189335744,6.093900587520469
mmlu-pro,,1.0,0.2,25,0.0164004750549793,0.9534568459105288,6.120184515187827
mmlu-pro,,1.0,0.2,26,0.0163828171789646,0.9439674649796655,6.133715785029358
mmlu-pro,,1.0,0.2,27,0.0164003930985927,0.9511974694984184,6.105828049060757
mmlu-pro,,1.0,0.2,28,0.0163809154182672,0.94713059195662,6.1283159854790785
mmlu-pro,,1.0,0.2,29,0.0164214000105857,0.94713059195662,6.103923465516784
mmlu-pro,,1.0,0.2,30,0.0164063014090061,0.9534568459105288,6.114300988231467
mmlu-pro,,1.0,0.2,31,0.0163987707346677,0.948034342521464,6.119018782684383
mmlu-pro,,1.0,0.2,32,0.0164123158901929,0.9498418436511524,6.106962824408137
mmlu-pro,,1.0,0.2,33,0.0164563003927469,0.9489380930863082,6.076025966523851
mmlu-pro,,1.0,0.2,34,0.01643917709589,0.94713059195662,6.093955462309176
mmlu-pro,,1.0,0.2,35,0.0164093654602766,0.9502937189335744,6.1160101074981785
mmlu-pro,,1.0,0.2,36,0.016399260610342,0.9417080885675554,6.124941436381778
mmlu-pro,,1.0,0.2,37,0.0163973923772573,0.9417080885675554,6.126400183773153
mmlu-pro,,1.0,0.2,38,0.0164166428148746,0.9498418436511524,6.10856300993097
mmlu-pro,,1.0,0.2,39,0.016398487612605,0.946678716674198,6.119003046474504
mmlu-pro,,1.0,0.2,40,0.0163974538445472,0.9435155896972436,6.114262438917844
mmlu-pro,,1.0,0.2,41,0.016414875164628,0.9534568459105288,6.113478399603334
mmlu-pro,,1.0,0.2,42,0.0164151303470134,0.945774966109354,6.108097976273101
mmlu-pro,,1.0,0.2,43,0.0163880325853824,0.9511974694984184,6.133417084013104
mmlu-pro,,1.0,0.2,44,0.0164442230015993,0.9435155896972436,6.087442408851907
mmlu-pro,,1.0,0.2,45,0.0163959022611379,0.947582467239042,6.116065878880782
mmlu-pro,,1.0,0.2,46,0.0164281018078327,0.946678716674198,6.098195047258541
mmlu-pro,,1.0,0.2,47,0.0164039451628923,0.9412562132851332,6.120616628420709
mmlu-pro,,1.0,0.2,48,0.0164107922464609,0.9507455942159964,6.1091224667238
mmlu-pro,,1.0,0.2,49,0.0163934510201215,0.9484862178038862,6.131145703551552
mmlu-pro,,1.0,0.2,50,0.0163905136287212,0.9566199728874832,6.125401538501645
mmlu-pro,,1.0,0.2,51,0.0164169911295175,0.9444193402620876,6.115642712748674
mmlu-pro,,1.0,0.2,52,0.0164200793951749,0.9548124717577948,6.1072296586773325
mmlu-pro,,1.0,0.2,53,0.0164216738194227,0.946226841391776,6.096831640789362
mmlu-pro,,1.0,0.2,54,0.0163884125649929,0.9435155896972436,6.123981507369255
mmlu-pro,,1.0,0.2,55,0.0163989290595054,0.9430637144148216,6.120734903324682
mmlu-pro,,1.0,0.2,56,0.016429878771305,0.946678716674198,6.102254106475429
mmlu-pro,,1.0,0.2,57,0.0164337437599897,0.9511974694984184,6.087082723151813
mmlu-pro,,1.0,0.2,58,0.0164069775491952,0.9507455942159964,6.118591385789238
mmlu-pro,,1.0,0.2,59,0.0163952279835939,0.9530049706281066,6.116494776404274
mmlu-pro,,1.0,0.2,60,0.0163827147334814,0.9493899683687302,6.128825225339542
mmlu-pro,,1.0,0.2,61,0.01641346514225,0.9516493447808404,6.105745349398562
mmlu-pro,,1.0,0.2,62,0.0164030138403177,0.9435155896972436,6.113576762747898
mmlu-pro,,1.0,0.2,63,0.0164102967828512,0.9448712155445096,6.108527423498697
mmlu-pro,,1.0,0.2,64,0.0163958892226219,0.947582467239042,6.121899433787046
mmlu-pro,,1.0,0.2,65,0.0164290498942136,0.9534568459105288,6.095636936753325
mmlu-pro,,1.0,0.2,66,0.0164198782294988,0.9511974694984184,6.102024830254035
mmlu-pro,,1.0,0.2,67,0.0163906998932361,0.9502937189335744,6.132601809265957
mmlu-pro,,1.0,0.2,68,0.0164005681872367,0.9525530953456848,6.109742834849139
mmlu-pro,,1.0,0.2,69,0.0164143946021795,0.9412562132851332,6.1069292354400035
mmlu-pro,,1.0,0.2,70,0.0163929890841245,0.9548124717577948,6.121158610649586
mmlu-pro,,1.0,0.2,71,0.0163937918841838,0.9511974694984184,6.116670570854916
mmlu-pro,,1.0,0.2,72,0.0164172425866127,0.9570718481699052,6.108087527422747
mmlu-pro,,1.0,0.2,73,0.01640035957098,0.9498418436511524,6.116989401000309
mmlu-pro,,1.0,0.2,74,0.0164301395416259,0.9570718481699052,6.092861610113535
mmlu-pro,,1.0,0.2,75,0.0164139941334724,0.9444193402620876,6.111849736407933
mmlu-pro,,1.0,0.2,76,0.0164202190935611,0.9521012200632626,6.096011793144673
mmlu-pro,,1.0,0.2,77,0.0164201036095619,0.9521012200632626,6.0985512778600395
mmlu-pro,,1.0,0.2,78,0.0163919273763895,0.9399005874378672,6.121579330248029
mmlu-pro,,1.0,0.2,79,0.0164197422564029,0.946226841391776,6.102250313123552
mmlu-pro,,1.0,0.2,80,0.0163832530379295,0.947582467239042,6.1286634076855195
mmlu-pro,,1.0,0.2,81,0.0164308752864599,0.9430637144148216,6.095469255871992
mmlu-pro,,1.0,0.2,82,0.0164181478321552,0.946226841391776,6.106589718268136
mmlu-pro,,1.0,0.2,83,0.0163861215114593,0.9453230908269318,6.134520098727246
mmlu-pro,,1.0,0.2,84,0.0163998212665319,0.9408043380027112,6.1148439059154525
mmlu-pro,,1.0,0.2,85,0.0163968447595834,0.9539087211929508,6.119522220705897
mmlu-pro,,1.0,0.2,86,0.0163893140852451,0.9417080885675554,6.128250586351624
mmlu-pro,,1.0,0.2,87,0.0163688920438289,0.947582467239042,6.142656875909971
mmlu-pro,,1.0,0.2,88,0.0164213776588439,0.9403524627202892,6.104642937017341
mmlu-pro,,1.0,0.2,89,0.0163831505924463,0.947582467239042,6.127643531019
mmlu-pro,,1.0,0.2,90,0.0163908768445253,0.9444193402620876,6.122983790542527
mmlu-pro,,1.0,0.2,91,0.0163812115788459,0.9489380930863082,6.134868665141563
mmlu-pro,,1.0,0.2,92,0.0163840111345052,0.94713059195662,6.121307770236426
mmlu-pro,,1.0,0.2,93,0.0164199955761432,0.9421599638499776,6.103969899932076
mmlu-pro,,1.0,0.2,94,0.0164040010422468,0.9525530953456848,6.114111074654532
mmlu-pro,,1.0,0.2,95,0.0164192467927932,0.9453230908269318,6.103135378341347
mmlu-pro,,1.0,0.2,96,0.0164547078311443,0.9516493447808404,6.0710265344121925
mmlu-pro,,1.0,0.2,97,0.016427781432867,0.9543605964753727,6.099181090768247
mmlu-pro,,1.0,0.2,98,0.0164278019219636,0.947582467239042,6.092037583326719
mmlu-pro,,1.0,0.2,99,0.0164206065237522,0.9498418436511524,6.108867222857133
mmlu-pro,,1.0,0.225,0,0.0150887770578265,0.9493899683687302,6.224284521522637
mmlu-pro,,1.0,0.225,1,0.0150876650586724,0.9525530953456848,6.226945585374147
mmlu-pro,,1.0,0.225,2,0.0150551237165927,0.9439674649796655,6.255284650833127
mmlu-pro,,1.0,0.225,3,0.0150708751752972,0.9453230908269318,6.2363034358251275
mmlu-pro,,1.0,0.225,4,0.0150787001475691,0.9484862178038862,6.236357120549342
mmlu-pro,,1.0,0.225,5,0.0150576112791895,0.94713059195662,6.255549386410089
mmlu-pro,,1.0,0.225,6,0.0150732770562171,0.9493899683687302,6.241846864207869
mmlu-pro,,1.0,0.225,7,0.0150801548734307,0.948034342521464,6.227966079319139
mmlu-pro,,1.0,0.225,8,0.0150789534673094,0.9493899683687302,6.2291558478414935
mmlu-pro,,1.0,0.225,9,0.0150807611644268,0.9521012200632626,6.224756970771726
mmlu-pro,,1.0,0.225,10,0.0150634031742811,0.9511974694984184,6.248720559091142
mmlu-pro,,1.0,0.225,11,0.0150979300960898,0.9448712155445096,6.211349391884184
mmlu-pro,,1.0,0.225,12,0.0150831369683146,0.9502937189335744,6.224632309395751
mmlu-pro,,1.0,0.225,13,0.015077207237482,0.9394487121554452,6.233906256766842
mmlu-pro,,1.0,0.225,14,0.015054021961987,0.9453230908269318,6.25316899096841
mmlu-pro,,1.0,0.225,15,0.0150716016069054,0.9507455942159964,6.24702856352812
mmlu-pro,,1.0,0.225,16,0.01506616640836,0.9534568459105288,6.240822379371025
mmlu-pro,,1.0,0.225,17,0.01506451331079,0.9534568459105288,6.247572165735811
mmlu-pro,,1.0,0.225,18,0.0150848496705293,0.9498418436511524,6.2243278929771995
mmlu-pro,,1.0,0.225,19,0.0150817884132266,0.9570718481699052,6.233413613763379
mmlu-pro,,1.0,0.225,20,0.0150756230577826,0.9543605964753727,6.238411893377998
mmlu-pro,,1.0,0.225,21,0.0150554217398166,0.9421599638499776,6.255740033688078
mmlu-pro,,1.0,0.225,22,0.0150641230866312,0.9516493447808404,6.250556581892426
mmlu-pro,,1.0,0.225,23,0.0150449480861425,0.9507455942159964,6.261513314703856
mmlu-pro,,1.0,0.225,24,0.0150966886430978,0.9502937189335744,6.2223670394388
mmlu-pro,,1.0,0.225,25,0.0150652648881077,0.9548124717577948,6.2432423620914195
mmlu-pro,,1.0,0.225,26,0.0150507455691695,0.945774966109354,6.257589421010437
mmlu-pro,,1.0,0.225,27,0.0150660527870059,0.955716222322639,6.231872804688989
mmlu-pro,,1.0,0.225,28,0.0150513369590044,0.9489380930863082,6.250607331637852
mmlu-pro,,1.0,0.225,29,0.0150804491713643,0.9498418436511524,6.230069499650473
mmlu-pro,,1.0,0.225,30,0.0150743452832102,0.956168097605061,6.235112165103208
mmlu-pro,,1.0,0.225,31,0.0150619000196456,0.947582467239042,6.246211447608913
mmlu-pro,,1.0,0.225,32,0.0150744644924998,0.9502937189335744,6.234260743605596
mmlu-pro,,1.0,0.225,33,0.0151096479967236,0.9498418436511524,6.206738797284252
mmlu-pro,,1.0,0.225,34,0.0150943202897906,0.947582467239042,6.221502540435441
mmlu-pro,,1.0,0.225,35,0.0150717766955494,0.9507455942159964,6.2448782979999615
mmlu-pro,,1.0,0.225,36,0.0150600196793675,0.9430637144148216,6.250297921255437
mmlu-pro,,1.0,0.225,37,0.0150576494634151,0.945774966109354,6.254025257455904
mmlu-pro,,1.0,0.225,38,0.0150791034102439,0.9439674649796655,6.232522341430624
mmlu-pro,,1.0,0.225,39,0.0150629552081227,0.946678716674198,6.247594941355322
mmlu-pro,,1.0,0.225,40,0.0150637654587626,0.9448712155445096,6.242247188371856
mmlu-pro,,1.0,0.225,41,0.0150777865201234,0.9588793492995934,6.235356942104133
mmlu-pro,,1.0,0.225,42,0.0150744523853063,0.9489380930863082,6.235992410694282
mmlu-pro,,1.0,0.225,43,0.0150540256872773,0.9534568459105288,6.259182177401007
mmlu-pro,,1.0,0.225,44,0.0151032218709588,0.9408043380027112,6.215985000726654
mmlu-pro,,1.0,0.225,45,0.0150589421391487,0.948034342521464,6.244761576774913
mmlu-pro,,1.0,0.225,46,0.0150867393240332,0.946678716674198,6.22607693962811
mmlu-pro,,1.0,0.225,47,0.0150699606165289,0.9412562132851332,6.245881867469148
mmlu-pro,,1.0,0.225,48,0.0150786442682147,0.9502937189335744,6.231118253343579
mmlu-pro,,1.0,0.225,49,0.0150571595877408,0.9507455942159964,6.256984166601723
mmlu-pro,,1.0,0.225,50,0.0150550119578838,0.9493899683687302,6.25352473493263
mmlu-pro,,1.0,0.225,51,0.0150817055255174,0.9484862178038862,6.238110717688654
mmlu-pro,,1.0,0.225,52,0.0150831276550889,0.9570718481699052,6.2325804911126745
mmlu-pro,,1.0,0.225,53,0.0150829190388321,0.9484862178038862,6.226553754905329
mmlu-pro,,1.0,0.225,54,0.0150562152266502,0.94713059195662,6.249099403935256
mmlu-pro,,1.0,0.225,55,0.015062054619193,0.9439674649796655,6.246309461476508
mmlu-pro,,1.0,0.225,56,0.0150926653295755,0.948034342521464,6.2265299250496
mmlu-pro,,1.0,0.225,57,0.0150940362364053,0.9548124717577948,6.218281113055953
mmlu-pro,,1.0,0.225,58,0.0150736039504408,0.9534568459105288,6.241389675584943
mmlu-pro,,1.0,0.225,59,0.0150600122287869,0.9575237234523272,6.243917432232951
mmlu-pro,,1.0,0.225,60,0.0150474514812231,0.9521012200632626,6.256550238518369
mmlu-pro,,1.0,0.225,61,0.0150786843150854,0.9489380930863082,6.228265892350482
mmlu-pro,,1.0,0.225,62,0.015068557113409,0.9444193402620876,6.239033686536273
mmlu-pro,,1.0,0.225,63,0.0150736905634403,0.9426118391323997,6.2358229127736005
mmlu-pro,,1.0,0.225,64,0.0150612797588109,0.947582467239042,6.2473799930434035
mmlu-pro,,1.0,0.225,65,0.0150884427130222,0.9511974694984184,6.224233904721939
mmlu-pro,,1.0,0.225,66,0.0150778191164135,0.9498418436511524,6.228404769940199
mmlu-pro,,1.0,0.225,67,0.0150641351938247,0.9417080885675554,6.249144387439807
mmlu-pro,,1.0,0.225,68,0.0150745315477252,0.9444193402620876,6.228238786995554
mmlu-pro,,1.0,0.225,69,0.0150792999193072,0.9385449615906012,6.231603795959186
mmlu-pro,,1.0,0.225,70,0.015085563994944,0.9444193402620876,6.224502384131097
mmlu-pro,,1.0,0.225,71,0.0150405010208487,0.9453230908269318,6.259785639490045
mmlu-pro,,1.0,0.225,72,0.0150909451767802,0.9489380930863082,6.2215737565804465
mmlu-pro,,1.0,0.225,73,0.0150870187208056,0.9552643470402168,6.2253263569521655
mmlu-pro,,1.0,0.225,74,0.0150739764794707,0.9566199728874832,6.232808385569922
mmlu-pro,,1.0,0.225,75,0.0150437643751502,0.9444193402620876,6.262037677496932
mmlu-pro,,1.0,0.225,76,0.0150561910122632,0.9530049706281066,6.241606734096092
mmlu-pro,,1.0,0.225,77,0.0150756938382983,0.9430637144148216,6.234178116433389
mmlu-pro,,1.0,0.225,78,0.0150587800890207,0.9489380930863082,6.246860791327008
mmlu-pro,,1.0,0.225,79,0.0150817697867751,0.9430637144148216,6.229154805079451
mmlu-pro,,1.0,0.225,80,0.0150872431695461,0.947582467239042,6.219877375765747
mmlu-pro,,1.0,0.225,81,0.0150639750063419,0.946678716674198,6.245152045707652
mmlu-pro,,1.0,0.225,82,0.0150647163391113,0.946226841391776,6.243587052457781
mmlu-pro,,1.0,0.225,83,0.0150781460106372,0.9484862178038862,6.2384568736370545
mmlu-pro,,1.0,0.225,84,0.0150980781763792,0.9358337098960688,6.2126210663331
mmlu-pro,,1.0,0.225,85,0.0150665612891316,0.947582467239042,6.242358278632878
mmlu-pro,,1.0,0.225,86,0.0150562012568116,0.948034342521464,6.250200880309148
mmlu-pro,,1.0,0.225,87,0.0150400288403034,0.9484862178038862,6.263474871979304
mmlu-pro,,1.0,0.225,88,0.0150826089084148,0.946678716674198,6.231170533019277
mmlu-pro,,1.0,0.225,89,0.0150519609451293,0.947582467239042,6.251425654489654
mmlu-pro,,1.0,0.225,90,0.0150516657158732,0.947582467239042,6.253362897167256
mmlu-pro,,1.0,0.225,91,0.0150502854958176,0.9493899683687302,6.255715836465826
mmlu-pro,,1.0,0.225,92,0.0150485765188932,0.9525530953456848,6.2518620316908775
mmlu-pro,,1.0,0.225,93,0.0150819094851613,0.9448712155445096,6.229067766512074
mmlu-pro,,1.0,0.225,94,0.0150675466284155,0.9539087211929508,6.238348872714011
mmlu-pro,,1.0,0.225,95,0.015082823112607,0.94713059195662,6.225360943255077
mmlu-pro,,1.0,0.225,96,0.0151104656979441,0.9525530953456848,6.199294585294165
mmlu-pro,,1.0,0.225,97,0.0150876007974147,0.9525530953456848,6.223476039690577
mmlu-pro,,1.0,0.225,98,0.0150886187329888,0.946678716674198,6.220830712899709
mmlu-pro,,1.0,0.225,99,0.0150815304368734,0.9498418436511524,6.239031701566461
mmlu-pro,,1.0,0.25,0,0.0139642003923654,0.9453230908269318,6.329090797436793
mmlu-pro,,1.0,0.25,1,0.0139648439362645,0.9534568459105288,6.328315554489712
mmlu-pro,,1.0,0.25,2,0.0139350201934576,0.9502937189335744,6.3597449119583835
mmlu-pro,,1.0,0.25,3,0.0139498161152005,0.948034342521464,6.3375923714660445
mmlu-pro,,1.0,0.25,4,0.01395761128515,0.945774966109354,6.335972123684144
mmlu-pro,,1.0,0.25,5,0.0139366602525115,0.9453230908269318,6.356563248844186
mmlu-pro,,1.0,0.25,6,0.0139519469812512,0.9507455942159964,6.346539611898523
mmlu-pro,,1.0,0.25,7,0.0139579586684703,0.9521012200632626,6.3316159016307125
mmlu-pro,,1.0,0.25,8,0.0139560038223862,0.9507455942159964,6.335121718384654
mmlu-pro,,1.0,0.25,9,0.0139582697302103,0.9511974694984184,6.328191255173132
mmlu-pro,,1.0,0.25,10,0.0139427641406655,0.9525530953456848,6.35193217079624
mmlu-pro,,1.0,0.25,11,0.0139748277142643,0.947582467239042,6.31237915206546
mmlu-pro,,1.0,0.25,12,0.0139613840728998,0.9516493447808404,6.3277441795774
mmlu-pro,,1.0,0.25,13,0.0139519926160573,0.9453230908269318,6.3430814785519605
mmlu-pro,,1.0,0.25,14,0.0139304297044873,0.94713059195662,6.35793705556588
mmlu-pro,,1.0,0.25,15,0.0139490943402051,0.9543605964753727,6.351374028939098
mmlu-pro,,1.0,0.25,16,0.0139450747519731,0.955716222322639,6.346437798267661
mmlu-pro,,1.0,0.25,17,0.0139443846419453,0.9552643470402168,6.349926770865493
mmlu-pro,,1.0,0.25,18,0.0139586925506591,0.9507455942159964,6.331985650578412
mmlu-pro,,1.0,0.25,19,0.013958835043013,0.9489380930863082,6.336936977867729
mmlu-pro,,1.0,0.25,20,0.0139553854241967,0.9570718481699052,6.338807975949519
mmlu-pro,,1.0,0.25,21,0.0139367245137691,0.9408043380027112,6.35612589203465
mmlu-pro,,1.0,0.25,22,0.0139412162825465,0.9534568459105288,6.355624870887846
mmlu-pro,,1.0,0.25,23,0.0139252934604883,0.9502937189335744,6.365521943376712
mmlu-pro,,1.0,0.25,24,0.0139695890247821,0.9511974694984184,6.326721379264151
mmlu-pro,,1.0,0.25,25,0.0139455180615186,0.9548124717577948,6.345253727986401
mmlu-pro,,1.0,0.25,26,0.0139304343611001,0.94713059195662,6.360173028248072
mmlu-pro,,1.0,0.25,27,0.0139440903440117,0.9511974694984184,6.339189580250927
mmlu-pro,,1.0,0.25,28,0.0139326024800539,0.9516493447808404,6.351159606398792
mmlu-pro,,1.0,0.25,29,0.013956774957478,0.9489380930863082,6.331646185441839
mmlu-pro,,1.0,0.25,30,0.0139502212405204,0.9521012200632626,6.338890215902998
mmlu-pro,,1.0,0.25,31,0.0139388255774974,0.947582467239042,6.353658787545238
mmlu-pro,,1.0,0.25,32,0.0139515716582536,0.94713059195662,6.339458065625499
mmlu-pro,,1.0,0.25,33,0.0139832179993391,0.9489380930863082,6.313267197046132
mmlu-pro,,1.0,0.25,34,0.0139704151079058,0.9516493447808404,6.324780781561383
mmlu-pro,,1.0,0.25,35,0.0139481769874691,0.9516493447808404,6.351355986753112
mmlu-pro,,1.0,0.25,36,0.0139405652880668,0.9439674649796655,6.354733681679505
mmlu-pro,,1.0,0.25,37,0.0139368260279297,0.9484862178038862,6.356765163995704
mmlu-pro,,1.0,0.25,38,0.0139562310650944,0.9448712155445096,6.336302159025865
mmlu-pro,,1.0,0.25,39,0.0139400912448763,0.946226841391776,6.351209264493542
mmlu-pro,,1.0,0.25,40,0.013941335491836,0.9498418436511524,6.3486791748980265
mmlu-pro,,1.0,0.25,41,0.0139554161578416,0.9548124717577948,6.338851296949889
mmlu-pro,,1.0,0.25,42,0.0139517178758978,0.947582467239042,6.338627374495481
mmlu-pro,,1.0,0.25,43,0.0139323249459266,0.9534568459105288,6.36605198311263
mmlu-pro,,1.0,0.25,44,0.013980021700263,0.938093086308179,6.31567487953933
mmlu-pro,,1.0,0.25,45,0.0139351719990372,0.9498418436511524,6.351942114746302
mmlu-pro,,1.0,0.25,46,0.0139619195833802,0.9493899683687302,6.329598649061891
mmlu-pro,,1.0,0.25,47,0.013947332277894,0.938996836873023,6.351659511020922
mmlu-pro,,1.0,0.25,48,0.0139571782201528,0.9539087211929508,6.336287380182546
mmlu-pro,,1.0,0.25,49,0.0139402747154235,0.946226841391776,6.3576383109313515
mmlu-pro,,1.0,0.25,50,0.0139288716018199,0.9539087211929508,6.360465699171009
mmlu-pro,,1.0,0.25,51,0.0139591628685593,0.9493899683687302,6.341735181146707
mmlu-pro,,1.0,0.25,52,0.0139556070789694,0.955716222322639,6.338695333192976
mmlu-pro,,1.0,0.25,53,0.013959877192974,0.948034342521464,6.333516506819836
mmlu-pro,,1.0,0.25,54,0.0139357140287756,0.946678716674198,6.354449025845145
mmlu-pro,,1.0,0.25,55,0.0139413913711905,0.947582467239042,6.349651704621343
mmlu-pro,,1.0,0.25,56,0.0139690339565277,0.946226841391776,6.331036305413551
mmlu-pro,,1.0,0.25,57,0.0139683997258543,0.9543605964753727,6.324397900862788
mmlu-pro,,1.0,0.25,58,0.0139488028362393,0.9511974694984184,6.3460743508355435
mmlu-pro,,1.0,0.25,59,0.0139358751475811,0.9525530953456848,6.350890202176106
mmlu-pro,,1.0,0.25,60,0.0139276180416345,0.9552643470402168,6.362655075532974
mmlu-pro,,1.0,0.25,61,0.0139534091576933,0.9493899683687302,6.334666213683423
mmlu-pro,,1.0,0.25,62,0.0139456484466791,0.9484862178038862,6.34318923966475
mmlu-pro,,1.0,0.25,63,0.0139533607289195,0.9417080885675554,6.3373311085807655
mmlu-pro,,1.0,0.25,64,0.0139400018379092,0.9421599638499776,6.35129746909321
mmlu-pro,,1.0,0.25,65,0.0139633500948548,0.9516493447808404,6.329975748873407
mmlu-pro,,1.0,0.25,66,0.0139498133212327,0.945774966109354,6.336187221771165
mmlu-pro,,1.0,0.25,67,0.0139416977763175,0.9439674649796655,6.355638553785286
mmlu-pro,,1.0,0.25,68,0.0139527758583426,0.9435155896972436,6.331422096057639
mmlu-pro,,1.0,0.25,69,0.0139550827443599,0.938996836873023,6.338486130645078
mmlu-pro,,1.0,0.25,70,0.0139604220166802,0.9448712155445096,6.3322767897408205
mmlu-pro,,1.0,0.25,71,0.0139225563034415,0.9444193402620876,6.364203940440658
mmlu-pro,,1.0,0.25,72,0.0139659270644187,0.9502937189335744,6.327478936469426
mmlu-pro,,1.0,0.25,73,0.0139610366895794,0.9521012200632626,6.332171764885535
mmlu-pro,,1.0,0.25,74,0.0139497714117169,0.9539087211929508,6.3389117503180765
mmlu-pro,,1.0,0.25,75,0.0139248874038457,0.9426118391323997,6.364846999007468
mmlu-pro,,1.0,0.25,76,0.0139363603666424,0.94713059195662,6.3468190459551685
mmlu-pro,,1.0,0.25,77,0.0139512401074171,0.9430637144148216,6.341057050197024
mmlu-pro,,1.0,0.25,78,0.0139368725940585,0.9511974694984184,6.353764499853083
mmlu-pro,,1.0,0.25,79,0.0139601062983274,0.9435155896972436,6.331124889946452
mmlu-pro,,1.0,0.25,80,0.0139636658132076,0.947582467239042,6.32498124814821
mmlu-pro,,1.0,0.25,81,0.0139416949823498,0.9421599638499776,6.348172691483913
mmlu-pro,,1.0,0.25,82,0.0139399897307157,0.9439674649796655,6.349197968424531
mmlu-pro,,1.0,0.25,83,0.0139565533027052,0.947582467239042,6.34108056842481
mmlu-pro,,1.0,0.25,84,0.0139730656519532,0.9376412110257568,6.316200961570048
mmlu-pro,,1.0,0.25,85,0.0139445541426539,0.9484862178038862,6.349569100539126
mmlu-pro,,1.0,0.25,86,0.0139337508007884,0.9444193402620876,6.355979620824405
mmlu-pro,,1.0,0.25,87,0.0139224296435713,0.9498418436511524,6.364735561542782
mmlu-pro,,1.0,0.25,88,0.0139608448371291,0.947582467239042,6.334007143263284
mmlu-pro,,1.0,0.25,89,0.0139329927042126,0.948034342521464,6.3542285606664315
mmlu-pro,,1.0,0.25,90,0.0139306001365184,0.9444193402620876,6.357830034454074
mmlu-pro,,1.0,0.25,91,0.0139306047931313,0.94713059195662,6.360180610410662
mmlu-pro,,1.0,0.25,92,0.0139286937192082,0.9521012200632626,6.354413230903517
mmlu-pro,,1.0,0.25,93,0.013959152624011,0.9376412110257568,6.333115540015473
mmlu-pro,,1.0,0.25,94,0.0139473201707005,0.9498418436511524,6.339454664441663
mmlu-pro,,1.0,0.25,95,0.0139589663594961,0.945774966109354,6.330798475475522
mmlu-pro,,1.0,0.25,96,0.0139817455783486,0.9511974694984184,6.308179126100344
mmlu-pro,,1.0,0.25,97,0.0139617808163166,0.9493899683687302,6.328850477797923
mmlu-pro,,1.0,0.25,98,0.0139634348452091,0.9502937189335744,6.325746069197447
mmlu-pro,,1.0,0.25,99,0.0139565439894795,0.9484862178038862,6.343959422999952
