dataset,n_full_obs,mcar_obs_prob,prop_budget,seed,mean_width,coverage,ess_multiplier
bbh+gpqa+ifeval+math+musr,,1.0,0.025,0,0.0919147282838821,0.9462025316455696,2.996000019663993
bbh+gpqa+ifeval+math+musr,,1.0,0.025,1,0.091770127415657,0.945750452079566,3.013366485818512
bbh+gpqa+ifeval+math+musr,,1.0,0.025,2,0.0913764461874961,0.9462025316455696,3.027138113164338
bbh+gpqa+ifeval+math+musr,,1.0,0.025,3,0.0917201191186904,0.945750452079566,3.013684443285936
bbh+gpqa+ifeval+math+musr,,1.0,0.025,4,0.0919545888900756,0.9443942133815552,2.9998741973161853
bbh+gpqa+ifeval+math+musr,,1.0,0.025,5,0.0915912538766861,0.9466546112115732,3.0134940297156927
bbh+gpqa+ifeval+math+musr,,1.0,0.025,6,0.0919609889388084,0.951627486437613,2.9970526814741567
bbh+gpqa+ifeval+math+musr,,1.0,0.025,7,0.0914744734764099,0.9547920433996384,3.0312856166452407
bbh+gpqa+ifeval+math+musr,,1.0,0.025,8,0.0916144028306007,0.948010849909584,3.011247608963407
bbh+gpqa+ifeval+math+musr,,1.0,0.025,9,0.0912409946322441,0.9547920433996384,3.031148439009705
bbh+gpqa+ifeval+math+musr,,1.0,0.025,10,0.0921520143747329,0.9498191681735986,2.988881752866595
bbh+gpqa+ifeval+math+musr,,1.0,0.025,11,0.0917947217822074,0.9547920433996384,3.0068785626974304
bbh+gpqa+ifeval+math+musr,,1.0,0.025,12,0.0920779407024383,0.9484629294755876,2.9875378647752058
bbh+gpqa+ifeval+math+musr,,1.0,0.025,13,0.091535784304142,0.9466546112115732,3.0199876239473724
bbh+gpqa+ifeval+math+musr,,1.0,0.025,14,0.0922726988792419,0.9511754068716094,2.972007406467817
bbh+gpqa+ifeval+math+musr,,1.0,0.025,15,0.0915510505437851,0.9498191681735986,3.008647781944522
bbh+gpqa+ifeval+math+musr,,1.0,0.025,16,0.0919021293520927,0.948010849909584,2.992049471029793
bbh+gpqa+ifeval+math+musr,,1.0,0.025,17,0.0920318812131881,0.951627486437613,2.9863304743081827
bbh+gpqa+ifeval+math+musr,,1.0,0.025,18,0.0916804522275924,0.9462025316455696,3.011712607951489
bbh+gpqa+ifeval+math+musr,,1.0,0.025,19,0.0920833349227905,0.9525316455696202,2.9706428050398177
bbh+gpqa+ifeval+math+musr,,1.0,0.025,20,0.0916437655687332,0.940777576853526,3.021795723759671
bbh+gpqa+ifeval+math+musr,,1.0,0.025,21,0.0913563221693039,0.940777576853526,3.0323999925935006
bbh+gpqa+ifeval+math+musr,,1.0,0.025,22,0.0919490605592727,0.9556962025316456,2.992704417160521
bbh+gpqa+ifeval+math+musr,,1.0,0.025,23,0.0916802212595939,0.9466546112115732,3.016201897813321
bbh+gpqa+ifeval+math+musr,,1.0,0.025,24,0.0914528518915176,0.9498191681735986,3.041316079082872
bbh+gpqa+ifeval+math+musr,,1.0,0.025,25,0.0913665443658828,0.9371609403254972,3.0273249096781143
bbh+gpqa+ifeval+math+musr,,1.0,0.025,26,0.091998815536499,0.9443942133815552,2.9899813248709006
bbh+gpqa+ifeval+math+musr,,1.0,0.025,27,0.0918519422411918,0.9520795660036168,2.9992920142232973
bbh+gpqa+ifeval+math+musr,,1.0,0.025,28,0.0921216160058975,0.948010849909584,2.9852422985640534
bbh+gpqa+ifeval+math+musr,,1.0,0.025,29,0.0922289416193962,0.950271247739602,2.9799991044635723
bbh+gpqa+ifeval+math+musr,,1.0,0.025,30,0.0916458591818809,0.9520795660036168,3.0212744175009556
bbh+gpqa+ifeval+math+musr,,1.0,0.025,31,0.092186763882637,0.9403254972875226,2.981438097204243
bbh+gpqa+ifeval+math+musr,,1.0,0.025,32,0.0920256450772285,0.9511754068716094,2.9998875968405745
bbh+gpqa+ifeval+math+musr,,1.0,0.025,33,0.091600701212883,0.950271247739602,3.0276905442544586
bbh+gpqa+ifeval+math+musr,,1.0,0.025,34,0.0920975804328918,0.9525316455696202,2.9949981678659605
bbh+gpqa+ifeval+math+musr,,1.0,0.025,35,0.0916803553700447,0.9507233273056056,3.0224492842792157
bbh+gpqa+ifeval+math+musr,,1.0,0.025,36,0.0917469039559364,0.945750452079566,3.004190968289852
bbh+gpqa+ifeval+math+musr,,1.0,0.025,37,0.091801181435585,0.9475587703435804,3.0211971488478295
bbh+gpqa+ifeval+math+musr,,1.0,0.025,38,0.0919674038887023,0.9489150090415912,2.994677156676544
bbh+gpqa+ifeval+math+musr,,1.0,0.025,39,0.0918318629264831,0.9448462929475588,3.0004396172761014
bbh+gpqa+ifeval+math+musr,,1.0,0.025,40,0.0924363657832145,0.9462025316455696,2.9596555422454225
bbh+gpqa+ifeval+math+musr,,1.0,0.025,41,0.0913022607564926,0.9498191681735986,3.0368538255147413
bbh+gpqa+ifeval+math+musr,,1.0,0.025,42,0.0915745645761489,0.9511754068716094,3.026474300832237
bbh+gpqa+ifeval+math+musr,,1.0,0.025,43,0.0915233343839645,0.945750452079566,3.024123291665058
bbh+gpqa+ifeval+math+musr,,1.0,0.025,44,0.0914672166109085,0.9493670886075948,3.033888800323982
bbh+gpqa+ifeval+math+musr,,1.0,0.025,45,0.0921754464507103,0.9425858951175408,2.988268258874376
bbh+gpqa+ifeval+math+musr,,1.0,0.025,46,0.0917245298624038,0.9520795660036168,3.0092172557758934
bbh+gpqa+ifeval+math+musr,,1.0,0.025,47,0.0917510688304901,0.9547920433996384,3.0107903595374212
bbh+gpqa+ifeval+math+musr,,1.0,0.025,48,0.0917394459247589,0.9511754068716094,3.0074528365582607
bbh+gpqa+ifeval+math+musr,,1.0,0.025,49,0.0913884416222572,0.9493670886075948,3.0344301745313045
bbh+gpqa+ifeval+math+musr,,1.0,0.025,50,0.0917703136801719,0.9489150090415912,3.004734756903222
bbh+gpqa+ifeval+math+musr,,1.0,0.025,51,0.0923109874129295,0.9439421338155516,2.973147547265369
bbh+gpqa+ifeval+math+musr,,1.0,0.025,52,0.09185241907835,0.9448462929475588,2.991232067182085
bbh+gpqa+ifeval+math+musr,,1.0,0.025,53,0.0917886942625045,0.9511754068716094,3.0078799191186922
bbh+gpqa+ifeval+math+musr,,1.0,0.025,54,0.092274509370327,0.945750452079566,2.969236640569052
bbh+gpqa+ifeval+math+musr,,1.0,0.025,55,0.0910831093788147,0.9493670886075948,3.0569975105616156
bbh+gpqa+ifeval+math+musr,,1.0,0.025,56,0.0919061154127121,0.943490054249548,2.9963774660509626
bbh+gpqa+ifeval+math+musr,,1.0,0.025,57,0.0916697233915329,0.955244122965642,3.0102145733992165
bbh+gpqa+ifeval+math+musr,,1.0,0.025,58,0.0914165452122688,0.9493670886075948,3.035975405840902
bbh+gpqa+ifeval+math+musr,,1.0,0.025,59,0.0920885726809501,0.9520795660036168,2.985138499740734
bbh+gpqa+ifeval+math+musr,,1.0,0.025,60,0.0916444659233093,0.9566003616636528,3.005578432691746
bbh+gpqa+ifeval+math+musr,,1.0,0.025,61,0.0916638299822807,0.9448462929475588,3.029202573665509
bbh+gpqa+ifeval+math+musr,,1.0,0.025,62,0.0918695256114006,0.948010849909584,3.001924899460507
bbh+gpqa+ifeval+math+musr,,1.0,0.025,63,0.0916935056447982,0.9443942133815552,3.0020433912441433
bbh+gpqa+ifeval+math+musr,,1.0,0.025,64,0.0919169411063194,0.9507233273056056,2.9981520640362476
bbh+gpqa+ifeval+math+musr,,1.0,0.025,65,0.0915476605296135,0.9489150090415912,3.0146534765861603
bbh+gpqa+ifeval+math+musr,,1.0,0.025,66,0.0914229378104209,0.943490054249548,3.0351873694166587
bbh+gpqa+ifeval+math+musr,,1.0,0.025,67,0.0915743559598922,0.9466546112115732,3.0268730969564253
bbh+gpqa+ifeval+math+musr,,1.0,0.025,68,0.0914949476718902,0.9566003616636528,3.019854870298997
bbh+gpqa+ifeval+math+musr,,1.0,0.025,69,0.091940239071846,0.95750452079566,2.991416562860821
bbh+gpqa+ifeval+math+musr,,1.0,0.025,70,0.0913988128304481,0.9525316455696202,3.0362421338879417
bbh+gpqa+ifeval+math+musr,,1.0,0.025,71,0.0915154069662094,0.9353526220614828,3.0198367824883623
bbh+gpqa+ifeval+math+musr,,1.0,0.025,72,0.0914860442280769,0.951627486437613,3.0316486509940805
bbh+gpqa+ifeval+math+musr,,1.0,0.025,73,0.0916565731167793,0.9471066907775768,3.012467108903087
bbh+gpqa+ifeval+math+musr,,1.0,0.025,74,0.0914539098739624,0.9425858951175408,3.0284991763381184
bbh+gpqa+ifeval+math+musr,,1.0,0.025,75,0.0920220240950584,0.9452983725135624,2.9952554536277125
bbh+gpqa+ifeval+math+musr,,1.0,0.025,76,0.0920968651771545,0.951627486437613,2.9886979381430683
bbh+gpqa+ifeval+math+musr,,1.0,0.025,77,0.0920784994959831,0.9534358047016276,2.9946778042698154
bbh+gpqa+ifeval+math+musr,,1.0,0.025,78,0.0914652571082115,0.9507233273056056,3.018254662104205
bbh+gpqa+ifeval+math+musr,,1.0,0.025,79,0.0913692265748977,0.9543399638336348,3.0277601062315798
bbh+gpqa+ifeval+math+musr,,1.0,0.025,80,0.090947113931179,0.9520795660036168,3.058242073395438
bbh+gpqa+ifeval+math+musr,,1.0,0.025,81,0.0916078761219978,0.943490054249548,3.015646407194683
bbh+gpqa+ifeval+math+musr,,1.0,0.025,82,0.0920590758323669,0.9439421338155516,2.986584026799585
bbh+gpqa+ifeval+math+musr,,1.0,0.025,83,0.0915798172354698,0.9443942133815552,3.0174612491884325
bbh+gpqa+ifeval+math+musr,,1.0,0.025,84,0.0913058742880821,0.943490054249548,3.0296657766802038
bbh+gpqa+ifeval+math+musr,,1.0,0.025,85,0.0918512120842933,0.950271247739602,3.007888159338654
bbh+gpqa+ifeval+math+musr,,1.0,0.025,86,0.0915872380137443,0.939873417721519,3.015775323378369
bbh+gpqa+ifeval+math+musr,,1.0,0.025,87,0.0917086526751518,0.9543399638336348,3.013955152742485
bbh+gpqa+ifeval+math+musr,,1.0,0.025,88,0.0917836800217628,0.945750452079566,3.00331100164757
bbh+gpqa+ifeval+math+musr,,1.0,0.025,89,0.0917204022407531,0.943490054249548,2.999694865605227
bbh+gpqa+ifeval+math+musr,,1.0,0.025,90,0.0917537361383438,0.943490054249548,3.008230723511267
bbh+gpqa+ifeval+math+musr,,1.0,0.025,91,0.0916769057512283,0.9452983725135624,3.011793300439085
bbh+gpqa+ifeval+math+musr,,1.0,0.025,92,0.0915681049227714,0.9443942133815552,3.017619749487019
bbh+gpqa+ifeval+math+musr,,1.0,0.025,93,0.0924981012940406,0.955244122965642,2.957487291271098
bbh+gpqa+ifeval+math+musr,,1.0,0.025,94,0.091344378888607,0.9462025316455696,3.042084247973863
bbh+gpqa+ifeval+math+musr,,1.0,0.025,95,0.0918968319892883,0.9498191681735986,2.998776906164672
bbh+gpqa+ifeval+math+musr,,1.0,0.025,96,0.0921463668346405,0.9466546112115732,2.964214759857062
bbh+gpqa+ifeval+math+musr,,1.0,0.025,97,0.0921312496066093,0.9498191681735986,2.981210083239672
bbh+gpqa+ifeval+math+musr,,1.0,0.025,98,0.0916384682059288,0.959764918625678,3.0156818960831835
bbh+gpqa+ifeval+math+musr,,1.0,0.025,99,0.0917405486106872,0.9556962025316456,3.0016201687033988
bbh+gpqa+ifeval+math+musr,,1.0,0.05,0,0.0580579340457916,0.9493670886075948,3.6684029059618357
bbh+gpqa+ifeval+math+musr,,1.0,0.05,1,0.0580655708909034,0.9507233273056056,3.6706818463705675
bbh+gpqa+ifeval+math+musr,,1.0,0.05,2,0.0576805099844932,0.9525316455696202,3.709560724365351
bbh+gpqa+ifeval+math+musr,,1.0,0.05,3,0.0581385940313339,0.948010849909584,3.6603672727558156
bbh+gpqa+ifeval+math+musr,,1.0,0.05,4,0.0580348186194896,0.945750452079566,3.672977995220003
bbh+gpqa+ifeval+math+musr,,1.0,0.05,5,0.0579372011125087,0.9475587703435804,3.677724325713005
bbh+gpqa+ifeval+math+musr,,1.0,0.05,6,0.0580341294407844,0.948010849909584,3.6631374895396895
bbh+gpqa+ifeval+math+musr,,1.0,0.05,7,0.0579850077629089,0.9443942133815552,3.679814613365072
bbh+gpqa+ifeval+math+musr,,1.0,0.05,8,0.0578561462461948,0.9439421338155516,3.6898789998045114
bbh+gpqa+ifeval+math+musr,,1.0,0.05,9,0.0578133016824722,0.9475587703435804,3.686277074625505
bbh+gpqa+ifeval+math+musr,,1.0,0.05,10,0.0582094751298427,0.9471066907775768,3.6490206995075565
bbh+gpqa+ifeval+math+musr,,1.0,0.05,11,0.0581119284033775,0.9556962025316456,3.65905819306756
bbh+gpqa+ifeval+math+musr,,1.0,0.05,12,0.058083526790142,0.9439421338155516,3.6639426137072997
bbh+gpqa+ifeval+math+musr,,1.0,0.05,13,0.0580669492483139,0.945750452079566,3.6690249234436454
bbh+gpqa+ifeval+math+musr,,1.0,0.05,14,0.0581585504114627,0.9547920433996384,3.6443683927119195
bbh+gpqa+ifeval+math+musr,,1.0,0.05,15,0.0578572936356067,0.9556962025316456,3.6881170719858325
bbh+gpqa+ifeval+math+musr,,1.0,0.05,16,0.0580901429057121,0.9529837251356238,3.6588217957022318
bbh+gpqa+ifeval+math+musr,,1.0,0.05,17,0.058220911771059,0.9529837251356238,3.6421145809481184
bbh+gpqa+ifeval+math+musr,,1.0,0.05,18,0.0581388436257839,0.9412296564195298,3.650149357495281
bbh+gpqa+ifeval+math+musr,,1.0,0.05,19,0.0580703169107437,0.9529837251356238,3.658594528981287
bbh+gpqa+ifeval+math+musr,,1.0,0.05,20,0.05807626247406,0.9439421338155516,3.6673141509362317
bbh+gpqa+ifeval+math+musr,,1.0,0.05,21,0.0580414421856403,0.9511754068716094,3.670308350021653
bbh+gpqa+ifeval+math+musr,,1.0,0.05,22,0.0579470731317997,0.951627486437613,3.6795225645747696
bbh+gpqa+ifeval+math+musr,,1.0,0.05,23,0.0580595359206199,0.9493670886075948,3.6639610559244584
bbh+gpqa+ifeval+math+musr,,1.0,0.05,24,0.0578533262014389,0.9489150090415912,3.7000370796207
bbh+gpqa+ifeval+math+musr,,1.0,0.05,25,0.0578857846558094,0.9412296564195298,3.6827883297054442
bbh+gpqa+ifeval+math+musr,,1.0,0.05,26,0.0582676045596599,0.9489150090415912,3.636305055903417
bbh+gpqa+ifeval+math+musr,,1.0,0.05,27,0.0581185966730117,0.9507233273056056,3.6509228091571106
bbh+gpqa+ifeval+math+musr,,1.0,0.05,28,0.0581500604748725,0.9475587703435804,3.653899874351421
bbh+gpqa+ifeval+math+musr,,1.0,0.05,29,0.0583086498081684,0.9475587703435804,3.62976024503194
bbh+gpqa+ifeval+math+musr,,1.0,0.05,30,0.0580290369689464,0.9493670886075948,3.6763657474166545
bbh+gpqa+ifeval+math+musr,,1.0,0.05,31,0.0582094825804233,0.9466546112115732,3.640475963680733
bbh+gpqa+ifeval+math+musr,,1.0,0.05,32,0.0581254698336124,0.9443942133815552,3.6594722698566597
bbh+gpqa+ifeval+math+musr,,1.0,0.05,33,0.0579128935933113,0.9443942133815552,3.681182981487059
bbh+gpqa+ifeval+math+musr,,1.0,0.05,34,0.0582693219184875,0.9471066907775768,3.6451947555903277
bbh+gpqa+ifeval+math+musr,,1.0,0.05,35,0.057899635285139,0.945750452079566,3.6895387208042836
bbh+gpqa+ifeval+math+musr,,1.0,0.05,36,0.0581293366849422,0.9493670886075948,3.6521673562572095
bbh+gpqa+ifeval+math+musr,,1.0,0.05,37,0.0578372478485107,0.948010849909584,3.6975259044876587
bbh+gpqa+ifeval+math+musr,,1.0,0.05,38,0.0580984055995941,0.943490054249548,3.6561841738310887
bbh+gpqa+ifeval+math+musr,,1.0,0.05,39,0.0580568239092826,0.9489150090415912,3.6557098639483687
bbh+gpqa+ifeval+math+musr,,1.0,0.05,40,0.0582924373447895,0.9471066907775768,3.630097611630768
bbh+gpqa+ifeval+math+musr,,1.0,0.05,41,0.057881686836481,0.9425858951175408,3.686418723657329
bbh+gpqa+ifeval+math+musr,,1.0,0.05,42,0.058079469949007,0.9443942133815552,3.66953262717863
bbh+gpqa+ifeval+math+musr,,1.0,0.05,43,0.0580747723579406,0.9493670886075948,3.663809573322669
bbh+gpqa+ifeval+math+musr,,1.0,0.05,44,0.0578700900077819,0.948010849909584,3.6904893988965934
bbh+gpqa+ifeval+math+musr,,1.0,0.05,45,0.0582187660038471,0.9525316455696202,3.645247602417808
bbh+gpqa+ifeval+math+musr,,1.0,0.05,46,0.0579750128090381,0.9570524412296564,3.675342210931167
bbh+gpqa+ifeval+math+musr,,1.0,0.05,47,0.0579944513738155,0.9452983725135624,3.677306533478196
bbh+gpqa+ifeval+math+musr,,1.0,0.05,48,0.0580856949090957,0.9489150090415912,3.657945419617598
bbh+gpqa+ifeval+math+musr,,1.0,0.05,49,0.0577681884169578,0.9484629294755876,3.703066042259029
bbh+gpqa+ifeval+math+musr,,1.0,0.05,50,0.0578988157212734,0.9511754068716094,3.687189087971927
bbh+gpqa+ifeval+math+musr,,1.0,0.05,51,0.0581750534474849,0.9448462929475588,3.6441872334634624
bbh+gpqa+ifeval+math+musr,,1.0,0.05,52,0.0579974725842475,0.943490054249548,3.6705717546114
bbh+gpqa+ifeval+math+musr,,1.0,0.05,53,0.0581256821751594,0.9556962025316456,3.6542313861243287
bbh+gpqa+ifeval+math+musr,,1.0,0.05,54,0.0583731122314929,0.9511754068716094,3.6218960328412537
bbh+gpqa+ifeval+math+musr,,1.0,0.05,55,0.0576775223016738,0.9448462929475588,3.7142258036629743
bbh+gpqa+ifeval+math+musr,,1.0,0.05,56,0.0580223612487316,0.9421338155515372,3.6628868404695125
bbh+gpqa+ifeval+math+musr,,1.0,0.05,57,0.057901781052351,0.951627486437613,3.6834539938212556
bbh+gpqa+ifeval+math+musr,,1.0,0.05,58,0.0579420514404773,0.9471066907775768,3.68909997177762
bbh+gpqa+ifeval+math+musr,,1.0,0.05,59,0.0580142401158809,0.9466546112115732,3.6667370066675953
bbh+gpqa+ifeval+math+musr,,1.0,0.05,60,0.0577934980392456,0.950271247739602,3.691103887144433
bbh+gpqa+ifeval+math+musr,,1.0,0.05,61,0.0579557605087757,0.940777576853526,3.685550091226772
bbh+gpqa+ifeval+math+musr,,1.0,0.05,62,0.0580953583121299,0.950271247739602,3.6585637497334558
bbh+gpqa+ifeval+math+musr,,1.0,0.05,63,0.058054119348526,0.9466546112115732,3.6603122524638647
bbh+gpqa+ifeval+math+musr,,1.0,0.05,64,0.05795444175601,0.9452983725135624,3.6748286798530265
bbh+gpqa+ifeval+math+musr,,1.0,0.05,65,0.0578618571162223,0.9520795660036168,3.6827265820802393
bbh+gpqa+ifeval+math+musr,,1.0,0.05,66,0.0580354109406471,0.9466546112115732,3.6663687065352013
bbh+gpqa+ifeval+math+musr,,1.0,0.05,67,0.0580339431762695,0.950271247739602,3.670430472469128
bbh+gpqa+ifeval+math+musr,,1.0,0.05,68,0.0579354912042617,0.9534358047016276,3.683106204850754
bbh+gpqa+ifeval+math+musr,,1.0,0.05,69,0.0580327212810516,0.9471066907775768,3.665795568077596
bbh+gpqa+ifeval+math+musr,,1.0,0.05,70,0.0579550825059413,0.9489150090415912,3.6843170203907567
bbh+gpqa+ifeval+math+musr,,1.0,0.05,71,0.0578070469200611,0.9471066907775768,3.6944768854497796
bbh+gpqa+ifeval+math+musr,,1.0,0.05,72,0.0578525848686695,0.9466546112115732,3.694490802767481
bbh+gpqa+ifeval+math+musr,,1.0,0.05,73,0.0580778792500495,0.9448462929475588,3.659941075869353
bbh+gpqa+ifeval+math+musr,,1.0,0.05,74,0.0579585544764995,0.9452983725135624,3.6793484972884363
bbh+gpqa+ifeval+math+musr,,1.0,0.05,75,0.0580676533281803,0.9489150090415912,3.6614816535127077
bbh+gpqa+ifeval+math+musr,,1.0,0.05,76,0.0579995699226856,0.9452983725135624,3.674838444481816
bbh+gpqa+ifeval+math+musr,,1.0,0.05,77,0.0580741539597511,0.9466546112115732,3.6687392472309233
bbh+gpqa+ifeval+math+musr,,1.0,0.05,78,0.0577745623886585,0.9507233273056056,3.695960985905824
bbh+gpqa+ifeval+math+musr,,1.0,0.05,79,0.0577841289341449,0.948010849909584,3.700067810434628
bbh+gpqa+ifeval+math+musr,,1.0,0.05,80,0.0577298589050769,0.948010849909584,3.705036613430551
bbh+gpqa+ifeval+math+musr,,1.0,0.05,81,0.0580077357590198,0.9566003616636528,3.666623223812617
bbh+gpqa+ifeval+math+musr,,1.0,0.05,82,0.0581226199865341,0.9443942133815552,3.656879642389712
bbh+gpqa+ifeval+math+musr,,1.0,0.05,83,0.0579988397657871,0.9525316455696202,3.6627639513953287
bbh+gpqa+ifeval+math+musr,,1.0,0.05,84,0.0578358136117458,0.9448462929475588,3.686724180928789
bbh+gpqa+ifeval+math+musr,,1.0,0.05,85,0.0580409243702888,0.948010849909584,3.6738585065982
bbh+gpqa+ifeval+math+musr,,1.0,0.05,86,0.0579772889614105,0.9507233273056056,3.676225891059193
bbh+gpqa+ifeval+math+musr,,1.0,0.05,87,0.0580061450600624,0.951627486437613,3.6728586832590717
bbh+gpqa+ifeval+math+musr,,1.0,0.05,88,0.0581380762159824,0.9466546112115732,3.653979085485294
bbh+gpqa+ifeval+math+musr,,1.0,0.05,89,0.0579619966447353,0.9466546112115732,3.669188053770544
bbh+gpqa+ifeval+math+musr,,1.0,0.05,90,0.0579551309347152,0.9443942133815552,3.6818007451828225
bbh+gpqa+ifeval+math+musr,,1.0,0.05,91,0.0579992122948169,0.9543399638336348,3.675822065064726
bbh+gpqa+ifeval+math+musr,,1.0,0.05,92,0.0579374432563781,0.9448462929475588,3.675704167936409
bbh+gpqa+ifeval+math+musr,,1.0,0.05,93,0.0582894310355186,0.9489150090415912,3.6344980344125264
bbh+gpqa+ifeval+math+musr,,1.0,0.05,94,0.0579583719372749,0.9511754068716094,3.6778829640177237
bbh+gpqa+ifeval+math+musr,,1.0,0.05,95,0.0582398623228073,0.9421338155515372,3.6438716072718504
bbh+gpqa+ifeval+math+musr,,1.0,0.05,96,0.0581690929830074,0.9439421338155516,3.6350175823813227
bbh+gpqa+ifeval+math+musr,,1.0,0.05,97,0.0581540316343307,0.9475587703435804,3.644577180371389
bbh+gpqa+ifeval+math+musr,,1.0,0.05,98,0.0578550323843956,0.9498191681735986,3.6810842307209337
bbh+gpqa+ifeval+math+musr,,1.0,0.05,99,0.0580901131033897,0.9448462929475588,3.6600076673365893
bbh+gpqa+ifeval+math+musr,,1.0,0.075,0,0.0441687889397144,0.9507233273056056,4.10504708732366
bbh+gpqa+ifeval+math+musr,,1.0,0.075,1,0.044139489531517,0.9520795660036168,4.111851264261373
bbh+gpqa+ifeval+math+musr,,1.0,0.075,2,0.0439301393926143,0.9507233273056056,4.147240080826006
bbh+gpqa+ifeval+math+musr,,1.0,0.075,3,0.0441378951072692,0.9471066907775768,4.121397816821765
bbh+gpqa+ifeval+math+musr,,1.0,0.075,4,0.0440867058932781,0.9412296564195298,4.132010814250137
bbh+gpqa+ifeval+math+musr,,1.0,0.075,5,0.0441026352345943,0.9547920433996384,4.118739287923887
bbh+gpqa+ifeval+math+musr,,1.0,0.075,6,0.0441260114312171,0.9471066907775768,4.105627862036817
bbh+gpqa+ifeval+math+musr,,1.0,0.075,7,0.0440599471330642,0.9452983725135624,4.133263190830688
bbh+gpqa+ifeval+math+musr,,1.0,0.075,8,0.0439994186162948,0.9529837251356238,4.137054692954228
bbh+gpqa+ifeval+math+musr,,1.0,0.075,9,0.0439710579812526,0.9507233273056056,4.1337228959088295
bbh+gpqa+ifeval+math+musr,,1.0,0.075,10,0.044220358133316,0.9471066907775768,4.0976218050944295
bbh+gpqa+ifeval+math+musr,,1.0,0.075,11,0.0441497154533863,0.953887884267631,4.1079948042473635
bbh+gpqa+ifeval+math+musr,,1.0,0.075,12,0.0441533774137496,0.9484629294755876,4.109505827302794
bbh+gpqa+ifeval+math+musr,,1.0,0.075,13,0.04409134760499,0.939873417721519,4.128649121530835
bbh+gpqa+ifeval+math+musr,,1.0,0.075,14,0.0441677644848823,0.9547920433996384,4.09848251450476
bbh+gpqa+ifeval+math+musr,,1.0,0.075,15,0.0439918003976345,0.953887884267631,4.133806704854336
bbh+gpqa+ifeval+math+musr,,1.0,0.075,16,0.0441347174346447,0.9543399638336348,4.1105346724620055
bbh+gpqa+ifeval+math+musr,,1.0,0.075,17,0.044194933027029,0.9507233273056056,4.103468134209914
bbh+gpqa+ifeval+math+musr,,1.0,0.075,18,0.0441999472677707,0.9439421338155516,4.096118839222458
bbh+gpqa+ifeval+math+musr,,1.0,0.075,19,0.0441458858549594,0.955244122965642,4.112293546952761
bbh+gpqa+ifeval+math+musr,,1.0,0.075,20,0.0441613085567951,0.9448462929475588,4.115068882126797
bbh+gpqa+ifeval+math+musr,,1.0,0.075,21,0.0441157966852188,0.950271247739602,4.1266523588155
bbh+gpqa+ifeval+math+musr,,1.0,0.075,22,0.0440576784312725,0.9525316455696202,4.12454201026568
bbh+gpqa+ifeval+math+musr,,1.0,0.075,23,0.0441320613026618,0.955244122965642,4.115886145401645
bbh+gpqa+ifeval+math+musr,,1.0,0.075,24,0.0440364181995391,0.948010849909584,4.135030954615682
bbh+gpqa+ifeval+math+musr,,1.0,0.075,25,0.0440251864492893,0.9380650994575044,4.12879446990673
bbh+gpqa+ifeval+math+musr,,1.0,0.075,26,0.0442617870867252,0.9529837251356238,4.08543303620536
bbh+gpqa+ifeval+math+musr,,1.0,0.075,27,0.0441417731344699,0.9529837251356238,4.109196072118879
bbh+gpqa+ifeval+math+musr,,1.0,0.075,28,0.0442145355045795,0.9484629294755876,4.095623813542081
bbh+gpqa+ifeval+math+musr,,1.0,0.075,29,0.0443002581596374,0.9511754068716094,4.079977657299502
bbh+gpqa+ifeval+math+musr,,1.0,0.075,30,0.0441299937665462,0.9507233273056056,4.116255379742017
bbh+gpqa+ifeval+math+musr,,1.0,0.075,31,0.0442110262811183,0.9520795660036168,4.098555463557875
bbh+gpqa+ifeval+math+musr,,1.0,0.075,32,0.0441679954528808,0.948010849909584,4.110430987884122
bbh+gpqa+ifeval+math+musr,,1.0,0.075,33,0.0440194122493267,0.9462025316455696,4.130463170941256
bbh+gpqa+ifeval+math+musr,,1.0,0.075,34,0.0442503653466701,0.9543399638336348,4.094916938690083
bbh+gpqa+ifeval+math+musr,,1.0,0.075,35,0.0440410748124122,0.9588607594936708,4.132262187073282
bbh+gpqa+ifeval+math+musr,,1.0,0.075,36,0.0442104525864124,0.9525316455696202,4.093115408483895
bbh+gpqa+ifeval+math+musr,,1.0,0.075,37,0.0440143980085849,0.9443942133815552,4.141373169335974
bbh+gpqa+ifeval+math+musr,,1.0,0.075,38,0.0441541969776153,0.9520795660036168,4.104857071330813
bbh+gpqa+ifeval+math+musr,,1.0,0.075,39,0.0441344119608402,0.9471066907775768,4.102435980046782
bbh+gpqa+ifeval+math+musr,,1.0,0.075,40,0.0442548990249633,0.9493670886075948,4.086714420682548
bbh+gpqa+ifeval+math+musr,,1.0,0.075,41,0.0440120138227939,0.9376130198915008,4.133076367737225
bbh+gpqa+ifeval+math+musr,,1.0,0.075,42,0.0441072285175323,0.9489150090415912,4.123134575304254
bbh+gpqa+ifeval+math+musr,,1.0,0.075,43,0.0441659986972808,0.9471066907775768,4.10845393065148
bbh+gpqa+ifeval+math+musr,,1.0,0.075,44,0.0440437160432338,0.951627486437613,4.126714858716611
bbh+gpqa+ifeval+math+musr,,1.0,0.075,45,0.0442642457783222,0.9507233273056056,4.089960530245193
bbh+gpqa+ifeval+math+musr,,1.0,0.075,46,0.0441108793020248,0.9584086799276672,4.1163431277123
bbh+gpqa+ifeval+math+musr,,1.0,0.075,47,0.0440660081803798,0.950271247739602,4.131726200583193
bbh+gpqa+ifeval+math+musr,,1.0,0.075,48,0.0441453903913497,0.955244122965642,4.10517151779518
bbh+gpqa+ifeval+math+musr,,1.0,0.075,49,0.0439706295728683,0.9507233273056056,4.147837600276367
bbh+gpqa+ifeval+math+musr,,1.0,0.075,50,0.0440356582403183,0.9543399638336348,4.134885362904534
bbh+gpqa+ifeval+math+musr,,1.0,0.075,51,0.0442207865417003,0.9466546112115732,4.092640177904299
bbh+gpqa+ifeval+math+musr,,1.0,0.075,52,0.0440834388136863,0.9425858951175408,4.120453738493272
bbh+gpqa+ifeval+math+musr,,1.0,0.075,53,0.0441169627010822,0.9561482820976492,4.110215152618857
bbh+gpqa+ifeval+math+musr,,1.0,0.075,54,0.0443277582526207,0.9547920433996384,4.070997031254787
bbh+gpqa+ifeval+math+musr,,1.0,0.075,55,0.0439064987003803,0.9498191681735986,4.153977180465686
bbh+gpqa+ifeval+math+musr,,1.0,0.075,56,0.0441065020859241,0.9452983725135624,4.104255239308557
bbh+gpqa+ifeval+math+musr,,1.0,0.075,57,0.0440557748079299,0.948010849909584,4.122413452195605
bbh+gpqa+ifeval+math+musr,,1.0,0.075,58,0.0440431982278823,0.9443942133815552,4.135896856783327
bbh+gpqa+ifeval+math+musr,,1.0,0.075,59,0.0440980195999145,0.9529837251356238,4.121622289777813
bbh+gpqa+ifeval+math+musr,,1.0,0.075,60,0.0439167991280555,0.9520795660036168,4.147424792141934
bbh+gpqa+ifeval+math+musr,,1.0,0.075,61,0.0440603978931903,0.9421338155515372,4.1333491384109236
bbh+gpqa+ifeval+math+musr,,1.0,0.075,62,0.0441623330116272,0.9475587703435804,4.104802080277558
bbh+gpqa+ifeval+math+musr,,1.0,0.075,63,0.0441252253949642,0.9484629294755876,4.10922839908384
bbh+gpqa+ifeval+math+musr,,1.0,0.075,64,0.0440526083111763,0.9498191681735986,4.128701978818
bbh+gpqa+ifeval+math+musr,,1.0,0.075,65,0.0439534522593021,0.9543399638336348,4.137019945600445
bbh+gpqa+ifeval+math+musr,,1.0,0.075,66,0.0441015362739563,0.940777576853526,4.117240671976223
bbh+gpqa+ifeval+math+musr,,1.0,0.075,67,0.0440977923572063,0.945750452079566,4.120126845255032
bbh+gpqa+ifeval+math+musr,,1.0,0.075,68,0.0440609529614448,0.9520795660036168,4.122482043638625
bbh+gpqa+ifeval+math+musr,,1.0,0.075,69,0.044147677719593,0.9430379746835442,4.110716197278784
bbh+gpqa+ifeval+math+musr,,1.0,0.075,70,0.0440459847450256,0.9462025316455696,4.135547626995621
bbh+gpqa+ifeval+math+musr,,1.0,0.075,71,0.0439576506614685,0.9547920433996384,4.14574928505335
bbh+gpqa+ifeval+math+musr,,1.0,0.075,72,0.0440580993890762,0.9394213381555152,4.1292534804611165
bbh+gpqa+ifeval+math+musr,,1.0,0.075,73,0.0441143400967121,0.9462025316455696,4.115873410602064
bbh+gpqa+ifeval+math+musr,,1.0,0.075,74,0.0440506972372531,0.9484629294755876,4.1302707756312955
bbh+gpqa+ifeval+math+musr,,1.0,0.075,75,0.0441218949854373,0.9484629294755876,4.114187957826664
bbh+gpqa+ifeval+math+musr,,1.0,0.075,76,0.0441508330404758,0.9416817359855334,4.114188576475884
bbh+gpqa+ifeval+math+musr,,1.0,0.075,77,0.0441120602190494,0.9566003616636528,4.116754643679796
bbh+gpqa+ifeval+math+musr,,1.0,0.075,78,0.0439869835972785,0.9543399638336348,4.137176449469571
bbh+gpqa+ifeval+math+musr,,1.0,0.075,79,0.0439703799784183,0.9525316455696202,4.139209999820035
bbh+gpqa+ifeval+math+musr,,1.0,0.075,80,0.0439591668546199,0.9534358047016276,4.142545085672483
bbh+gpqa+ifeval+math+musr,,1.0,0.075,81,0.0441120117902755,0.9525316455696202,4.109833141887244
bbh+gpqa+ifeval+math+musr,,1.0,0.075,82,0.0441481955349445,0.9525316455696202,4.112246563909162
bbh+gpqa+ifeval+math+musr,,1.0,0.075,83,0.0440782159566879,0.948010849909584,4.114950621429672
bbh+gpqa+ifeval+math+musr,,1.0,0.075,84,0.0439785197377204,0.9525316455696202,4.136026724936241
bbh+gpqa+ifeval+math+musr,,1.0,0.075,85,0.0441130362451076,0.9507233273056056,4.125817731949006
bbh+gpqa+ifeval+math+musr,,1.0,0.075,86,0.0440504252910614,0.9493670886075948,4.131859814990455
bbh+gpqa+ifeval+math+musr,,1.0,0.075,87,0.0440727695822715,0.9556962025316456,4.123305727292021
bbh+gpqa+ifeval+math+musr,,1.0,0.075,88,0.0441681034862995,0.9484629294755876,4.104912702739344
bbh+gpqa+ifeval+math+musr,,1.0,0.075,89,0.0440747290849685,0.9452983725135624,4.116022877177012
bbh+gpqa+ifeval+math+musr,,1.0,0.075,90,0.0440678335726261,0.9471066907775768,4.128023016939668
bbh+gpqa+ifeval+math+musr,,1.0,0.075,91,0.0441123358905315,0.9534358047016276,4.114721294201128
bbh+gpqa+ifeval+math+musr,,1.0,0.075,92,0.0440579541027545,0.9493670886075948,4.128185951245736
bbh+gpqa+ifeval+math+musr,,1.0,0.075,93,0.0442580059170722,0.9489150090415912,4.091107074724345
bbh+gpqa+ifeval+math+musr,,1.0,0.075,94,0.0440813191235065,0.9520795660036168,4.126694507720086
bbh+gpqa+ifeval+math+musr,,1.0,0.075,95,0.0442473925650119,0.9376130198915008,4.0883898534322665
bbh+gpqa+ifeval+math+musr,,1.0,0.075,96,0.0441719479858875,0.9344484629294756,4.093704842724712
bbh+gpqa+ifeval+math+musr,,1.0,0.075,97,0.0441814251244068,0.9561482820976492,4.099892703181973
bbh+gpqa+ifeval+math+musr,,1.0,0.075,98,0.0440164059400558,0.9466546112115732,4.127912401859412
bbh+gpqa+ifeval+math+musr,,1.0,0.075,99,0.0441458635032177,0.953887884267631,4.10834157848088
bbh+gpqa+ifeval+math+musr,,1.0,0.1,0,0.0363322682678699,0.9570524412296564,4.428603136950332
bbh+gpqa+ifeval+math+musr,,1.0,0.1,1,0.0363137274980545,0.9570524412296564,4.434236817776486
bbh+gpqa+ifeval+math+musr,,1.0,0.1,2,0.0361639335751533,0.9507233273056056,4.468486552575515
bbh+gpqa+ifeval+math+musr,,1.0,0.1,3,0.0363192521035671,0.9462025316455696,4.441624640320323
bbh+gpqa+ifeval+math+musr,,1.0,0.1,4,0.0362979806959629,0.9443942133815552,4.450216574027546
bbh+gpqa+ifeval+math+musr,,1.0,0.1,5,0.0362903885543346,0.9556962025316456,4.445044804472361
bbh+gpqa+ifeval+math+musr,,1.0,0.1,6,0.0363180078566074,0.9443942133815552,4.42967806997924
bbh+gpqa+ifeval+math+musr,,1.0,0.1,7,0.0362816303968429,0.9534358047016276,4.451189966621858
bbh+gpqa+ifeval+math+musr,,1.0,0.1,8,0.0362492278218269,0.9511754068716094,4.450924107676323
bbh+gpqa+ifeval+math+musr,,1.0,0.1,9,0.0362160615622997,0.9498191681735986,4.450378490399144
bbh+gpqa+ifeval+math+musr,,1.0,0.1,10,0.0363584794104099,0.9466546112115732,4.420205412660292
bbh+gpqa+ifeval+math+musr,,1.0,0.1,11,0.0363116264343261,0.9588607594936708,4.43410359015713
bbh+gpqa+ifeval+math+musr,,1.0,0.1,12,0.0363366603851318,0.9452983725135624,4.431258489890728
bbh+gpqa+ifeval+math+musr,,1.0,0.1,13,0.0362637788057327,0.9498191681735986,4.456302036228358
bbh+gpqa+ifeval+math+musr,,1.0,0.1,14,0.0363349802792072,0.9534358047016276,4.422985687398856
bbh+gpqa+ifeval+math+musr,,1.0,0.1,15,0.0362248197197914,0.9507233273056056,4.455988037890324
bbh+gpqa+ifeval+math+musr,,1.0,0.1,16,0.0363139659166336,0.95750452079566,4.42999916740823
bbh+gpqa+ifeval+math+musr,,1.0,0.1,17,0.0363506451249122,0.9584086799276672,4.429467944514819
bbh+gpqa+ifeval+math+musr,,1.0,0.1,18,0.0363503247499465,0.9466546112115732,4.421426835327202
bbh+gpqa+ifeval+math+musr,,1.0,0.1,19,0.03633863478899,0.950271247739602,4.4319897949232026
bbh+gpqa+ifeval+math+musr,,1.0,0.1,20,0.0363301374018192,0.9498191681735986,4.438905526140773
bbh+gpqa+ifeval+math+musr,,1.0,0.1,21,0.0362919606268405,0.9489150090415912,4.447315846464573
bbh+gpqa+ifeval+math+musr,,1.0,0.1,22,0.0362969003617763,0.9534358047016276,4.438824871809958
bbh+gpqa+ifeval+math+musr,,1.0,0.1,23,0.0363150276243686,0.9493670886075948,4.437180760081854
bbh+gpqa+ifeval+math+musr,,1.0,0.1,24,0.0362422652542591,0.951627486437613,4.457495105741663
bbh+gpqa+ifeval+math+musr,,1.0,0.1,25,0.0362199321389198,0.9462025316455696,4.453206624108405
bbh+gpqa+ifeval+math+musr,,1.0,0.1,26,0.0363961197435855,0.9498191681735986,4.416794442948269
bbh+gpqa+ifeval+math+musr,,1.0,0.1,27,0.0363340899348259,0.9448462929475588,4.428110749457121
bbh+gpqa+ifeval+math+musr,,1.0,0.1,28,0.0363681837916374,0.950271247739602,4.422633759939638
bbh+gpqa+ifeval+math+musr,,1.0,0.1,29,0.0364324003458023,0.9484629294755876,4.404410732324169
bbh+gpqa+ifeval+math+musr,,1.0,0.1,30,0.0362918637692928,0.9439421338155516,4.440165147219616
bbh+gpqa+ifeval+math+musr,,1.0,0.1,31,0.0363570638000965,0.9507233273056056,4.422404262338663
bbh+gpqa+ifeval+math+musr,,1.0,0.1,32,0.0363373830914497,0.9443942133815552,4.433952033938422
bbh+gpqa+ifeval+math+musr,,1.0,0.1,33,0.0362346805632114,0.9507233273056056,4.448359177190988
bbh+gpqa+ifeval+math+musr,,1.0,0.1,34,0.0364036634564399,0.9471066907775768,4.418722587987538
bbh+gpqa+ifeval+math+musr,,1.0,0.1,35,0.036235149949789,0.9566003616636528,4.458286334563423
bbh+gpqa+ifeval+math+musr,,1.0,0.1,36,0.036369502544403,0.9403254972875226,4.420371196420527
bbh+gpqa+ifeval+math+musr,,1.0,0.1,37,0.0362150892615318,0.9507233273056056,4.464555219797458
bbh+gpqa+ifeval+math+musr,,1.0,0.1,38,0.0363478437066078,0.953887884267631,4.426902601025148
bbh+gpqa+ifeval+math+musr,,1.0,0.1,39,0.0363010875880718,0.9466546112115732,4.432171534026541
bbh+gpqa+ifeval+math+musr,,1.0,0.1,40,0.0363882333040237,0.95750452079566,4.413991462845587
bbh+gpqa+ifeval+math+musr,,1.0,0.1,41,0.0362285673618316,0.9403254972875226,4.457496481911973
bbh+gpqa+ifeval+math+musr,,1.0,0.1,42,0.0362768806517124,0.9462025316455696,4.448848659039176
bbh+gpqa+ifeval+math+musr,,1.0,0.1,43,0.0363333374261856,0.951627486437613,4.430482262070022
bbh+gpqa+ifeval+math+musr,,1.0,0.1,44,0.0362570583820343,0.9471066907775768,4.446893751172089
bbh+gpqa+ifeval+math+musr,,1.0,0.1,45,0.0363970212638378,0.945750452079566,4.4167735386199
bbh+gpqa+ifeval+math+musr,,1.0,0.1,46,0.0363091602921485,0.9566003616636528,4.433564352397749
bbh+gpqa+ifeval+math+musr,,1.0,0.1,47,0.0362514294683933,0.9498191681735986,4.451936690203803
bbh+gpqa+ifeval+math+musr,,1.0,0.1,48,0.0363256819546222,0.955244122965642,4.428130353973716
bbh+gpqa+ifeval+math+musr,,1.0,0.1,49,0.0361893847584724,0.9493670886075948,4.466677162325619
bbh+gpqa+ifeval+math+musr,,1.0,0.1,50,0.0362702943384647,0.955244122965642,4.446096544591999
bbh+gpqa+ifeval+math+musr,,1.0,0.1,51,0.0363889299333095,0.9511754068716094,4.415581984237604
bbh+gpqa+ifeval+math+musr,,1.0,0.1,52,0.0362746082246303,0.9443942133815552,4.444521223590214
bbh+gpqa+ifeval+math+musr,,1.0,0.1,53,0.0363116115331649,0.955244122965642,4.43172515066382
bbh+gpqa+ifeval+math+musr,,1.0,0.1,54,0.0364267490804195,0.9529837251356238,4.400803889481546
bbh+gpqa+ifeval+math+musr,,1.0,0.1,55,0.0361448861658573,0.951627486437613,4.477337359946774
bbh+gpqa+ifeval+math+musr,,1.0,0.1,56,0.0362979210913181,0.945750452079566,4.428244962419604
bbh+gpqa+ifeval+math+musr,,1.0,0.1,57,0.036239605396986,0.9430379746835442,4.449823949443432
bbh+gpqa+ifeval+math+musr,,1.0,0.1,58,0.0362539887428283,0.9466546112115732,4.455554009371385
bbh+gpqa+ifeval+math+musr,,1.0,0.1,59,0.0362785458564758,0.950271247739602,4.447464845949919
bbh+gpqa+ifeval+math+musr,,1.0,0.1,60,0.0361724235117435,0.950271247739602,4.4654115896531215
bbh+gpqa+ifeval+math+musr,,1.0,0.1,61,0.0362534709274768,0.9452983725135624,4.454482324643493
bbh+gpqa+ifeval+math+musr,,1.0,0.1,62,0.0363514386117458,0.945750452079566,4.42130499460779
bbh+gpqa+ifeval+math+musr,,1.0,0.1,63,0.0363120697438716,0.9543399638336348,4.429295837311225
bbh+gpqa+ifeval+math+musr,,1.0,0.1,64,0.036243051290512,0.9525316455696202,4.45514758681139
bbh+gpqa+ifeval+math+musr,,1.0,0.1,65,0.036198902875185,0.9547920433996384,4.456651803594549
bbh+gpqa+ifeval+math+musr,,1.0,0.1,66,0.0362650342285633,0.9466546112115732,4.4466906203135474
bbh+gpqa+ifeval+math+musr,,1.0,0.1,67,0.0362871252000331,0.9421338155515372,4.441948849812572
bbh+gpqa+ifeval+math+musr,,1.0,0.1,68,0.0362807773053646,0.9525316455696202,4.440123145943143
bbh+gpqa+ifeval+math+musr,,1.0,0.1,69,0.0363273434340953,0.9511754068716094,4.428759401878992
bbh+gpqa+ifeval+math+musr,,1.0,0.1,70,0.0362616963684558,0.945750452079566,4.450795262766169
bbh+gpqa+ifeval+math+musr,,1.0,0.1,71,0.0362075120210647,0.9529837251356238,4.463862945949155
bbh+gpqa+ifeval+math+musr,,1.0,0.1,72,0.0362599231302738,0.9376130198915008,4.452789645996253
bbh+gpqa+ifeval+math+musr,,1.0,0.1,73,0.0363127514719963,0.9466546112115732,4.430588295220428
bbh+gpqa+ifeval+math+musr,,1.0,0.1,74,0.0362314954400062,0.943490054249548,4.452594664616228
bbh+gpqa+ifeval+math+musr,,1.0,0.1,75,0.0363149121403694,0.9525316455696202,4.43172205071101
bbh+gpqa+ifeval+math+musr,,1.0,0.1,76,0.0363238677382469,0.9475587703435804,4.439913301734463
bbh+gpqa+ifeval+math+musr,,1.0,0.1,77,0.0362964458763599,0.9547920433996384,4.437226174877825
bbh+gpqa+ifeval+math+musr,,1.0,0.1,78,0.0362142175436019,0.953887884267631,4.457581029355506
bbh+gpqa+ifeval+math+musr,,1.0,0.1,79,0.0361878760159015,0.9520795660036168,4.464678374789336
bbh+gpqa+ifeval+math+musr,,1.0,0.1,80,0.0361757837235927,0.9520795660036168,4.466315112255325
bbh+gpqa+ifeval+math+musr,,1.0,0.1,81,0.0363062508404254,0.9543399638336348,4.427787522967045
bbh+gpqa+ifeval+math+musr,,1.0,0.1,82,0.0363310873508453,0.9430379746835442,4.433272638100507
bbh+gpqa+ifeval+math+musr,,1.0,0.1,83,0.0362683422863483,0.9520795660036168,4.44023296634949
bbh+gpqa+ifeval+math+musr,,1.0,0.1,84,0.0362322852015495,0.9489150090415912,4.450660782297218
bbh+gpqa+ifeval+math+musr,,1.0,0.1,85,0.0362971276044845,0.9543399638336348,4.443801994792638
bbh+gpqa+ifeval+math+musr,,1.0,0.1,86,0.0362388528883457,0.9484629294755876,4.458594212046258
bbh+gpqa+ifeval+math+musr,,1.0,0.1,87,0.0363006517291069,0.9579566003616636,4.434406772390923
bbh+gpqa+ifeval+math+musr,,1.0,0.1,88,0.0363385453820228,0.9466546112115732,4.426693652234878
bbh+gpqa+ifeval+math+musr,,1.0,0.1,89,0.0362544432282447,0.9430379746835442,4.442743203989918
bbh+gpqa+ifeval+math+musr,,1.0,0.1,90,0.0362586975097656,0.9493670886075948,4.451745692708268
bbh+gpqa+ifeval+math+musr,,1.0,0.1,91,0.0362742617726326,0.95750452079566,4.442602330715518
bbh+gpqa+ifeval+math+musr,,1.0,0.1,92,0.0362404510378837,0.9507233273056056,4.456154068846946
bbh+gpqa+ifeval+math+musr,,1.0,0.1,93,0.036389198154211,0.9489150090415912,4.415504844263237
bbh+gpqa+ifeval+math+musr,,1.0,0.1,94,0.0362897403538227,0.9511754068716094,4.446564629509616
bbh+gpqa+ifeval+math+musr,,1.0,0.1,95,0.0363807119429111,0.9421338155515372,4.412274799609917
bbh+gpqa+ifeval+math+musr,,1.0,0.1,96,0.0363382585346698,0.9416817359855334,4.421874663180168
bbh+gpqa+ifeval+math+musr,,1.0,0.1,97,0.0363697372376918,0.9556962025316456,4.416182100643862
bbh+gpqa+ifeval+math+musr,,1.0,0.1,98,0.0362298376858234,0.9425858951175408,4.451500768434292
bbh+gpqa+ifeval+math+musr,,1.0,0.1,99,0.0363212302327156,0.9566003616636528,4.430290052386796
bbh+gpqa+ifeval+math+musr,,1.0,0.125,0,0.0311945937573909,0.9556962025316456,4.672298975945849
bbh+gpqa+ifeval+math+musr,,1.0,0.125,1,0.0311884898692369,0.9498191681735986,4.676238522141792
bbh+gpqa+ifeval+math+musr,,1.0,0.125,2,0.0310773663222789,0.9498191681735986,4.709342533681988
bbh+gpqa+ifeval+math+musr,,1.0,0.125,3,0.0311835743486881,0.9471066907775768,4.684286193902708
bbh+gpqa+ifeval+math+musr,,1.0,0.125,4,0.0311647802591323,0.9498191681735986,4.697039568297322
bbh+gpqa+ifeval+math+musr,,1.0,0.125,5,0.0311626344919204,0.9534358047016276,4.690843502209727
bbh+gpqa+ifeval+math+musr,,1.0,0.125,6,0.0311827156692743,0.945750452079566,4.675146221581161
bbh+gpqa+ifeval+math+musr,,1.0,0.125,7,0.0311571862548589,0.9529837251356238,4.691339435479909
bbh+gpqa+ifeval+math+musr,,1.0,0.125,8,0.0311441887170076,0.9498191681735986,4.6895576619190535
bbh+gpqa+ifeval+math+musr,,1.0,0.125,9,0.0311058461666107,0.9498191681735986,4.695563405142411
bbh+gpqa+ifeval+math+musr,,1.0,0.125,10,0.0312203355133533,0.945750452079566,4.66624271443167
bbh+gpqa+ifeval+math+musr,,1.0,0.125,11,0.0311781018972396,0.9570524412296564,4.682589600714841
bbh+gpqa+ifeval+math+musr,,1.0,0.125,12,0.031190475448966,0.9430379746835442,4.674232132625126
bbh+gpqa+ifeval+math+musr,,1.0,0.125,13,0.0311415959149599,0.950271247739602,4.700773606294833
bbh+gpqa+ifeval+math+musr,,1.0,0.125,14,0.0311838407069444,0.9507233273056056,4.674314015617514
bbh+gpqa+ifeval+math+musr,,1.0,0.125,15,0.0311079248785972,0.9489150090415912,4.700885052074521
bbh+gpqa+ifeval+math+musr,,1.0,0.125,16,0.0311912838369607,0.9534358047016276,4.678020839601618
bbh+gpqa+ifeval+math+musr,,1.0,0.125,17,0.0311910416930913,0.9543399638336348,4.679707620495265
bbh+gpqa+ifeval+math+musr,,1.0,0.125,18,0.031206389889121,0.945750452079566,4.667335380883643
bbh+gpqa+ifeval+math+musr,,1.0,0.125,19,0.0311958529055118,0.951627486437613,4.680728666331377
bbh+gpqa+ifeval+math+musr,,1.0,0.125,20,0.0311722625046968,0.9466546112115732,4.688634582003183
bbh+gpqa+ifeval+math+musr,,1.0,0.125,21,0.0311656016856431,0.9498191681735986,4.689780527258308
bbh+gpqa+ifeval+math+musr,,1.0,0.125,22,0.0311638973653316,0.950271247739602,4.683832898645634
bbh+gpqa+ifeval+math+musr,,1.0,0.125,23,0.0311730820685625,0.9493670886075948,4.687690466760862
bbh+gpqa+ifeval+math+musr,,1.0,0.125,24,0.0311212055385112,0.9525316455696202,4.702995056059682
bbh+gpqa+ifeval+math+musr,,1.0,0.125,25,0.0311140920966863,0.9439421338155516,4.695626456831945
bbh+gpqa+ifeval+math+musr,,1.0,0.125,26,0.0312515683472156,0.9525316455696202,4.659953317490819
bbh+gpqa+ifeval+math+musr,,1.0,0.125,27,0.0311947911977767,0.951627486437613,4.673122682222777
bbh+gpqa+ifeval+math+musr,,1.0,0.125,28,0.0312201585620641,0.951627486437613,4.666226531015726
bbh+gpqa+ifeval+math+musr,,1.0,0.125,29,0.0312715247273445,0.9448462929475588,4.652402014751493
bbh+gpqa+ifeval+math+musr,,1.0,0.125,30,0.031163677573204,0.948010849909584,4.679463638793925
bbh+gpqa+ifeval+math+musr,,1.0,0.125,31,0.0311932358890771,0.9511754068716094,4.677071701108452
bbh+gpqa+ifeval+math+musr,,1.0,0.125,32,0.0311916209757328,0.943490054249548,4.680776073645427
bbh+gpqa+ifeval+math+musr,,1.0,0.125,33,0.0311312545090913,0.9489150090415912,4.691728833552086
bbh+gpqa+ifeval+math+musr,,1.0,0.125,34,0.031241612508893,0.9529837251356238,4.665027180880965
bbh+gpqa+ifeval+math+musr,,1.0,0.125,35,0.0311118122190237,0.9556962025316456,4.701474666322347
bbh+gpqa+ifeval+math+musr,,1.0,0.125,36,0.0312117990106344,0.9498191681735986,4.671726705145577
bbh+gpqa+ifeval+math+musr,,1.0,0.125,37,0.0311161689460277,0.9498191681735986,4.704532213805422
bbh+gpqa+ifeval+math+musr,,1.0,0.125,38,0.0312007069587707,0.9570524412296564,4.672154912649926
bbh+gpqa+ifeval+math+musr,,1.0,0.125,39,0.0311823338270187,0.9529837251356238,4.671798869564184
bbh+gpqa+ifeval+math+musr,,1.0,0.125,40,0.0312389433383941,0.9579566003616636,4.661856315798532
bbh+gpqa+ifeval+math+musr,,1.0,0.125,41,0.0311184115707874,0.939873417721519,4.699801542920929
bbh+gpqa+ifeval+math+musr,,1.0,0.125,42,0.0311549715697765,0.9448462929475588,4.694333647520525
bbh+gpqa+ifeval+math+musr,,1.0,0.125,43,0.0311980471014976,0.948010849909584,4.676374966774865
bbh+gpqa+ifeval+math+musr,,1.0,0.125,44,0.0311303026974201,0.9561482820976492,4.695417226657774
bbh+gpqa+ifeval+math+musr,,1.0,0.125,45,0.0312405303120613,0.9452983725135624,4.665046467329285
bbh+gpqa+ifeval+math+musr,,1.0,0.125,46,0.0311721786856651,0.9566003616636528,4.681431459207418
bbh+gpqa+ifeval+math+musr,,1.0,0.125,47,0.0311271995306015,0.943490054249548,4.693789288069365
bbh+gpqa+ifeval+math+musr,,1.0,0.125,48,0.0311982221901416,0.9566003616636528,4.671659234294237
bbh+gpqa+ifeval+math+musr,,1.0,0.125,49,0.0310764499008655,0.9498191681735986,4.713772135164496
bbh+gpqa+ifeval+math+musr,,1.0,0.125,50,0.031135719269514,0.9471066907775768,4.695325624915566
bbh+gpqa+ifeval+math+musr,,1.0,0.125,51,0.0312320999801158,0.9543399638336348,4.664415716035439
bbh+gpqa+ifeval+math+musr,,1.0,0.125,52,0.0311406441032886,0.9443942133815552,4.695450775153135
bbh+gpqa+ifeval+math+musr,,1.0,0.125,53,0.0311668943613767,0.9529837251356238,4.680576592317573
bbh+gpqa+ifeval+math+musr,,1.0,0.125,54,0.0312622413039207,0.955244122965642,4.650028982849778
bbh+gpqa+ifeval+math+musr,,1.0,0.125,55,0.03104436583817,0.9484629294755876,4.720512321054634
bbh+gpqa+ifeval+math+musr,,1.0,0.125,56,0.0311535634100437,0.9475587703435804,4.681921923693385
bbh+gpqa+ifeval+math+musr,,1.0,0.125,57,0.0311303175985813,0.948010849909584,4.693444282705707
bbh+gpqa+ifeval+math+musr,,1.0,0.125,58,0.0311210732907056,0.9511754068716094,4.7077857576079225
bbh+gpqa+ifeval+math+musr,,1.0,0.125,59,0.0311365183442831,0.9543399638336348,4.698126594890756
bbh+gpqa+ifeval+math+musr,,1.0,0.125,60,0.0310700125992298,0.9484629294755876,4.709923192844815
bbh+gpqa+ifeval+math+musr,,1.0,0.125,61,0.0311109740287065,0.9511754068716094,4.707627885200573
bbh+gpqa+ifeval+math+musr,,1.0,0.125,62,0.0312016922980546,0.9484629294755876,4.668196041484787
bbh+gpqa+ifeval+math+musr,,1.0,0.125,63,0.0311838369816541,0.9525316455696202,4.672796573624094
bbh+gpqa+ifeval+math+musr,,1.0,0.125,64,0.0311196912080049,0.9484629294755876,4.702054063933567
bbh+gpqa+ifeval+math+musr,,1.0,0.125,65,0.0310802645981311,0.9534358047016276,4.707135850074886
bbh+gpqa+ifeval+math+musr,,1.0,0.125,66,0.0311428923159837,0.9448462929475588,4.689987475078645
bbh+gpqa+ifeval+math+musr,,1.0,0.125,67,0.0311648193746805,0.9452983725135624,4.680718854439341
bbh+gpqa+ifeval+math+musr,,1.0,0.125,68,0.0311556961387395,0.9525316455696202,4.684053648517966
bbh+gpqa+ifeval+math+musr,,1.0,0.125,69,0.0311860963702201,0.955244122965642,4.672075112869462
bbh+gpqa+ifeval+math+musr,,1.0,0.125,70,0.0311430096626281,0.951627486437613,4.694879521490979
bbh+gpqa+ifeval+math+musr,,1.0,0.125,71,0.0311021208763122,0.9466546112115732,4.707092709956685
bbh+gpqa+ifeval+math+musr,,1.0,0.125,72,0.0311383716762065,0.9425858951175408,4.6961070956780135
bbh+gpqa+ifeval+math+musr,,1.0,0.125,73,0.0311626903712749,0.948010849909584,4.683188820775395
bbh+gpqa+ifeval+math+musr,,1.0,0.125,74,0.0311161819845438,0.9489150090415912,4.6978922549455655
bbh+gpqa+ifeval+math+musr,,1.0,0.125,75,0.0311780143529176,0.9511754068716094,4.678868607975093
bbh+gpqa+ifeval+math+musr,,1.0,0.125,76,0.0311750657856464,0.9507233273056056,4.688303697855558
bbh+gpqa+ifeval+math+musr,,1.0,0.125,77,0.0311594549566507,0.9511754068716094,4.684229732026222
bbh+gpqa+ifeval+math+musr,,1.0,0.125,78,0.0310976468026638,0.955244122965642,4.705013555090233
bbh+gpqa+ifeval+math+musr,,1.0,0.125,79,0.0310696884989738,0.9547920433996384,4.713900519095249
bbh+gpqa+ifeval+math+musr,,1.0,0.125,80,0.0310907419770956,0.9520795660036168,4.702172962302844
bbh+gpqa+ifeval+math+musr,,1.0,0.125,81,0.0311773084104061,0.9462025316455696,4.671858670778924
bbh+gpqa+ifeval+math+musr,,1.0,0.125,82,0.0311725959181785,0.9448462929475588,4.680094065070696
bbh+gpqa+ifeval+math+musr,,1.0,0.125,83,0.0311440024524927,0.9579566003616636,4.690560826817735
bbh+gpqa+ifeval+math+musr,,1.0,0.125,84,0.0311015453189611,0.9466546112115732,4.701465214237795
bbh+gpqa+ifeval+math+musr,,1.0,0.125,85,0.0311612002551555,0.9543399638336348,4.692046976273042
bbh+gpqa+ifeval+math+musr,,1.0,0.125,86,0.031108571216464,0.9529837251356238,4.705006854286644
bbh+gpqa+ifeval+math+musr,,1.0,0.125,87,0.031169768422842,0.9556962025316456,4.683129991228731
bbh+gpqa+ifeval+math+musr,,1.0,0.125,88,0.0311901662498712,0.9511754068716094,4.674992090428137
bbh+gpqa+ifeval+math+musr,,1.0,0.125,89,0.0311295110732316,0.9462025316455696,4.690490769023029
bbh+gpqa+ifeval+math+musr,,1.0,0.125,90,0.0311259720474481,0.9507233273056056,4.70086656858149
bbh+gpqa+ifeval+math+musr,,1.0,0.125,91,0.0311302207410335,0.9629294755877034,4.697580967032199
bbh+gpqa+ifeval+math+musr,,1.0,0.125,92,0.0311328321695327,0.9525316455696202,4.696898736590808
bbh+gpqa+ifeval+math+musr,,1.0,0.125,93,0.0312243457883596,0.9439421338155516,4.668825749139979
bbh+gpqa+ifeval+math+musr,,1.0,0.125,94,0.0311681926250457,0.951627486437613,4.686567282531406
bbh+gpqa+ifeval+math+musr,,1.0,0.125,95,0.03120619058609,0.9367088607594936,4.667622987520051
bbh+gpqa+ifeval+math+musr,,1.0,0.125,96,0.0312172695994377,0.9416817359855334,4.662330335756612
bbh+gpqa+ifeval+math+musr,,1.0,0.125,97,0.0312315970659255,0.9534358047016276,4.659123600145901
bbh+gpqa+ifeval+math+musr,,1.0,0.125,98,0.0311203766614198,0.9421338155515372,4.693524746429085
bbh+gpqa+ifeval+math+musr,,1.0,0.125,99,0.031185358762741,0.959764918625678,4.67637468280699
bbh+gpqa+ifeval+math+musr,,1.0,0.15,0,0.0274884328246116,0.9561482820976492,4.870672480362317
bbh+gpqa+ifeval+math+musr,,1.0,0.15,1,0.0274745877832174,0.9507233273056056,4.875752050591826
bbh+gpqa+ifeval+math+musr,,1.0,0.15,2,0.0273922365158796,0.9566003616636528,4.906556236773957
bbh+gpqa+ifeval+math+musr,,1.0,0.15,3,0.0274814944714307,0.9484629294755876,4.879187189054505
bbh+gpqa+ifeval+math+musr,,1.0,0.15,4,0.0274587571620941,0.9498191681735986,4.893457393812588
bbh+gpqa+ifeval+math+musr,,1.0,0.15,5,0.0274579748511314,0.953887884267631,4.888073791940809
bbh+gpqa+ifeval+math+musr,,1.0,0.15,6,0.0274852570146322,0.948010849909584,4.871840000921937
bbh+gpqa+ifeval+math+musr,,1.0,0.15,7,0.0274506155401468,0.9498191681735986,4.891980851355628
bbh+gpqa+ifeval+math+musr,,1.0,0.15,8,0.0274492651224136,0.9525316455696202,4.8829004927465025
bbh+gpqa+ifeval+math+musr,,1.0,0.15,9,0.0274127721786499,0.9507233273056056,4.894226020475175
bbh+gpqa+ifeval+math+musr,,1.0,0.15,10,0.0275238063186407,0.945750452079566,4.857359720810626
bbh+gpqa+ifeval+math+musr,,1.0,0.15,11,0.0274859871715307,0.961121157323689,4.871771425416932
bbh+gpqa+ifeval+math+musr,,1.0,0.15,12,0.0274939686059951,0.9462025316455696,4.869050941262985
bbh+gpqa+ifeval+math+musr,,1.0,0.15,13,0.0274576470255851,0.9561482820976492,4.890859967810284
bbh+gpqa+ifeval+math+musr,,1.0,0.15,14,0.0274901501834392,0.9543399638336348,4.866058629931645
bbh+gpqa+ifeval+math+musr,,1.0,0.15,15,0.0274133142083883,0.9448462929475588,4.896346400467862
bbh+gpqa+ifeval+math+musr,,1.0,0.15,16,0.0274961367249488,0.9543399638336348,4.872283673060081
bbh+gpqa+ifeval+math+musr,,1.0,0.15,17,0.0274857841432094,0.9593128390596743,4.872450704892894
bbh+gpqa+ifeval+math+musr,,1.0,0.15,18,0.0275050085037946,0.945750452079566,4.8615647986544674
bbh+gpqa+ifeval+math+musr,,1.0,0.15,19,0.0274860449135303,0.9543399638336348,4.878782342802391
bbh+gpqa+ifeval+math+musr,,1.0,0.15,20,0.0274651497602462,0.9425858951175408,4.886359715347886
bbh+gpqa+ifeval+math+musr,,1.0,0.15,21,0.0274633932858705,0.955244122965642,4.8830974864983805
bbh+gpqa+ifeval+math+musr,,1.0,0.15,22,0.0274648908525705,0.9471066907775768,4.88213760170461
bbh+gpqa+ifeval+math+musr,,1.0,0.15,23,0.0274818446487188,0.9421338155515372,4.879528158885678
bbh+gpqa+ifeval+math+musr,,1.0,0.15,24,0.0274382624775171,0.9466546112115732,4.893382283225714
bbh+gpqa+ifeval+math+musr,,1.0,0.15,25,0.027420524507761,0.9484629294755876,4.894485239004725
bbh+gpqa+ifeval+math+musr,,1.0,0.15,26,0.027531499043107,0.9534358047016276,4.856993435462395
bbh+gpqa+ifeval+math+musr,,1.0,0.15,27,0.0274870302528142,0.9534358047016276,4.870974535653748
bbh+gpqa+ifeval+math+musr,,1.0,0.15,28,0.0275015160441398,0.9475587703435804,4.863433510947918
bbh+gpqa+ifeval+math+musr,,1.0,0.15,29,0.0275559350848197,0.9475587703435804,4.846634699678436
bbh+gpqa+ifeval+math+musr,,1.0,0.15,30,0.027476716786623,0.9462025316455696,4.871438445847409
bbh+gpqa+ifeval+math+musr,,1.0,0.15,31,0.0274868607521057,0.9525316455696202,4.870870694192893
bbh+gpqa+ifeval+math+musr,,1.0,0.15,32,0.027486989274621,0.943490054249548,4.875788680568652
bbh+gpqa+ifeval+math+musr,,1.0,0.15,33,0.0274318009614944,0.9484629294755876,4.889793607312866
bbh+gpqa+ifeval+math+musr,,1.0,0.15,34,0.0275310799479484,0.9475587703435804,4.861218145613931
bbh+gpqa+ifeval+math+musr,,1.0,0.15,35,0.0274180546402931,0.9547920433996384,4.897579289602793
bbh+gpqa+ifeval+math+musr,,1.0,0.15,36,0.027498597279191,0.9520795660036168,4.8729511695557415
bbh+gpqa+ifeval+math+musr,,1.0,0.15,37,0.0274288021028041,0.948010849909584,4.899534599906506
bbh+gpqa+ifeval+math+musr,,1.0,0.15,38,0.0274942070245742,0.9556962025316456,4.8678537691466355
bbh+gpqa+ifeval+math+musr,,1.0,0.15,39,0.0274807754904031,0.945750452079566,4.866911022553958
bbh+gpqa+ifeval+math+musr,,1.0,0.15,40,0.027517357841134,0.9547920433996384,4.859982751222559
bbh+gpqa+ifeval+math+musr,,1.0,0.15,41,0.0274173095822334,0.9330922242314648,4.896583203993726
bbh+gpqa+ifeval+math+musr,,1.0,0.15,42,0.0274667423218488,0.9462025316455696,4.887400713956001
bbh+gpqa+ifeval+math+musr,,1.0,0.15,43,0.0274856612086296,0.9489150090415912,4.874090236741992
bbh+gpqa+ifeval+math+musr,,1.0,0.15,44,0.0274360030889511,0.9529837251356238,4.888624900316298
bbh+gpqa+ifeval+math+musr,,1.0,0.15,45,0.0275337044149637,0.9452983725135624,4.855693047407079
bbh+gpqa+ifeval+math+musr,,1.0,0.15,46,0.027471525594592,0.951627486437613,4.874722099086091
bbh+gpqa+ifeval+math+musr,,1.0,0.15,47,0.0274279955774545,0.9443942133815552,4.8907588417244545
bbh+gpqa+ifeval+math+musr,,1.0,0.15,48,0.027481248602271,0.9556962025316456,4.871767577540955
bbh+gpqa+ifeval+math+musr,,1.0,0.15,49,0.0273900758475065,0.945750452079566,4.909654827518577
bbh+gpqa+ifeval+math+musr,,1.0,0.15,50,0.0274305269122123,0.9484629294755876,4.894192506840535
bbh+gpqa+ifeval+math+musr,,1.0,0.15,51,0.0275124069303274,0.9520795660036168,4.864503037505079
bbh+gpqa+ifeval+math+musr,,1.0,0.15,52,0.0274423100054264,0.939873417721519,4.890747006275545
bbh+gpqa+ifeval+math+musr,,1.0,0.15,53,0.0274729710072278,0.9529837251356238,4.874661230567715
bbh+gpqa+ifeval+math+musr,,1.0,0.15,54,0.0275544635951519,0.9507233273056056,4.843031328549309
bbh+gpqa+ifeval+math+musr,,1.0,0.15,55,0.0273774433881044,0.945750452079566,4.911524141675309
bbh+gpqa+ifeval+math+musr,,1.0,0.15,56,0.0274633094668388,0.950271247739602,4.878041894713288
bbh+gpqa+ifeval+math+musr,,1.0,0.15,57,0.0274389218538999,0.9430379746835442,4.886569259382882
bbh+gpqa+ifeval+math+musr,,1.0,0.15,58,0.0274355616420507,0.9471066907775768,4.899092568159038
bbh+gpqa+ifeval+math+musr,,1.0,0.15,59,0.0274381525814533,0.953887884267631,4.892533720048874
bbh+gpqa+ifeval+math+musr,,1.0,0.15,60,0.0274005029350519,0.950271247739602,4.901911569400821
bbh+gpqa+ifeval+math+musr,,1.0,0.15,61,0.0274247098714113,0.9439421338155516,4.901314460144003
bbh+gpqa+ifeval+math+musr,,1.0,0.15,62,0.0274933539330959,0.9439421338155516,4.862128283302296
bbh+gpqa+ifeval+math+musr,,1.0,0.15,63,0.0274725258350372,0.9543399638336348,4.874962323111411
bbh+gpqa+ifeval+math+musr,,1.0,0.15,64,0.0274219717830419,0.948010849909584,4.898462609064606
bbh+gpqa+ifeval+math+musr,,1.0,0.15,65,0.0273903515189886,0.9511754068716094,4.904227016612056
bbh+gpqa+ifeval+math+musr,,1.0,0.15,66,0.0274419281631708,0.9498191681735986,4.889323895706804
bbh+gpqa+ifeval+math+musr,,1.0,0.15,67,0.0274602603167295,0.940777576853526,4.879875630666367
bbh+gpqa+ifeval+math+musr,,1.0,0.15,68,0.0274605583399534,0.951627486437613,4.877375002647234
bbh+gpqa+ifeval+math+musr,,1.0,0.15,69,0.0274721067398786,0.951627486437613,4.872513762335915
bbh+gpqa+ifeval+math+musr,,1.0,0.15,70,0.0274497084319591,0.9498191681735986,4.887941762300018
bbh+gpqa+ifeval+math+musr,,1.0,0.15,71,0.0274144075810909,0.9466546112115732,4.900950157805794
bbh+gpqa+ifeval+math+musr,,1.0,0.15,72,0.0274395290762186,0.9448462929475588,4.894794433756209
bbh+gpqa+ifeval+math+musr,,1.0,0.15,73,0.0274541079998016,0.9547920433996384,4.880768464460066
bbh+gpqa+ifeval+math+musr,,1.0,0.15,74,0.0274256188422441,0.9525316455696202,4.895381165030088
bbh+gpqa+ifeval+math+musr,,1.0,0.15,75,0.0274752844125032,0.953887884267631,4.8773797257476055
bbh+gpqa+ifeval+math+musr,,1.0,0.15,76,0.0274694487452507,0.948010849909584,4.885147521570167
bbh+gpqa+ifeval+math+musr,,1.0,0.15,77,0.0274647716432809,0.9570524412296564,4.876698157501156
bbh+gpqa+ifeval+math+musr,,1.0,0.15,78,0.0274202656000852,0.953887884267631,4.89706370091501
bbh+gpqa+ifeval+math+musr,,1.0,0.15,79,0.0273882206529378,0.9520795660036168,4.905748120290997
bbh+gpqa+ifeval+math+musr,,1.0,0.15,80,0.027403051033616,0.951627486437613,4.899214883376127
bbh+gpqa+ifeval+math+musr,,1.0,0.15,81,0.0274785514920949,0.9493670886075948,4.86838923493762
bbh+gpqa+ifeval+math+musr,,1.0,0.15,82,0.0274699293076992,0.9493670886075948,4.876403220288408
bbh+gpqa+ifeval+math+musr,,1.0,0.15,83,0.0274468827992677,0.951627486437613,4.88518562661548
bbh+gpqa+ifeval+math+musr,,1.0,0.15,84,0.0274090860038995,0.953887884267631,4.898861868182464
bbh+gpqa+ifeval+math+musr,,1.0,0.15,85,0.0274659730494022,0.9507233273056056,4.883415631595319
bbh+gpqa+ifeval+math+musr,,1.0,0.15,86,0.0274198781698942,0.9475587703435804,4.899509587574568
bbh+gpqa+ifeval+math+musr,,1.0,0.15,87,0.0274681709706783,0.9511754068716094,4.880844027075191
bbh+gpqa+ifeval+math+musr,,1.0,0.15,88,0.0274838600307703,0.945750452079566,4.869416790709798
bbh+gpqa+ifeval+math+musr,,1.0,0.15,89,0.0274320114403963,0.9452983725135624,4.887165818225759
bbh+gpqa+ifeval+math+musr,,1.0,0.15,90,0.0274453666061162,0.9507233273056056,4.888361160254873
bbh+gpqa+ifeval+math+musr,,1.0,0.15,91,0.0274363085627555,0.9602169981916816,4.893217235541593
bbh+gpqa+ifeval+math+musr,,1.0,0.15,92,0.0274391379207372,0.9525316455696202,4.888825677591137
bbh+gpqa+ifeval+math+musr,,1.0,0.15,93,0.0275086872279644,0.9425858951175408,4.86562868897642
bbh+gpqa+ifeval+math+musr,,1.0,0.15,94,0.0274591445922851,0.9534358047016276,4.88603124486174
bbh+gpqa+ifeval+math+musr,,1.0,0.15,95,0.0275057721883058,0.938517179023508,4.863307720787742
bbh+gpqa+ifeval+math+musr,,1.0,0.15,96,0.0275068748742342,0.9452983725135624,4.858179338279142
bbh+gpqa+ifeval+math+musr,,1.0,0.15,97,0.027524396777153,0.9520795660036168,4.858146454719102
bbh+gpqa+ifeval+math+musr,,1.0,0.15,98,0.0274252984672784,0.9439421338155516,4.890517403113188
bbh+gpqa+ifeval+math+musr,,1.0,0.15,99,0.0274683721363544,0.9561482820976492,4.880689243104677
bbh+gpqa+ifeval+math+musr,,1.0,0.175,0,0.0246825497597455,0.9520795660036168,5.028338285031074
bbh+gpqa+ifeval+math+musr,,1.0,0.175,1,0.0246723182499408,0.9529837251356238,5.033843585297484
bbh+gpqa+ifeval+math+musr,,1.0,0.175,2,0.0245927758514881,0.953887884267631,5.065965278405975
bbh+gpqa+ifeval+math+musr,,1.0,0.175,3,0.024669736623764,0.9443942133815552,5.039179654073771
bbh+gpqa+ifeval+math+musr,,1.0,0.175,4,0.0246574822813272,0.9484629294755876,5.0470491689677965
bbh+gpqa+ifeval+math+musr,,1.0,0.175,5,0.0246532261371612,0.955244122965642,5.044041004140434
bbh+gpqa+ifeval+math+musr,,1.0,0.175,6,0.0246706828474998,0.9498191681735986,5.033843551716864
bbh+gpqa+ifeval+math+musr,,1.0,0.175,7,0.0246458705514669,0.9462025316455696,5.049781440201378
bbh+gpqa+ifeval+math+musr,,1.0,0.175,8,0.0246458798646926,0.961121157323689,5.040380727223453
bbh+gpqa+ifeval+math+musr,,1.0,0.175,9,0.0246175564825534,0.9493670886075948,5.050087244206348
bbh+gpqa+ifeval+math+musr,,1.0,0.175,10,0.0247128326445817,0.9394213381555152,5.014517514166407
bbh+gpqa+ifeval+math+musr,,1.0,0.175,11,0.0246743448078632,0.9584086799276672,5.032766772824089
bbh+gpqa+ifeval+math+musr,,1.0,0.175,12,0.0246817786246538,0.9471066907775768,5.029952945381702
bbh+gpqa+ifeval+math+musr,,1.0,0.175,13,0.0246553141623735,0.9525316455696202,5.046334664401009
bbh+gpqa+ifeval+math+musr,,1.0,0.175,14,0.0246845725923776,0.953887884267631,5.022301040450184
bbh+gpqa+ifeval+math+musr,,1.0,0.175,15,0.0246156249195337,0.9484629294755876,5.051847174643726
bbh+gpqa+ifeval+math+musr,,1.0,0.175,16,0.0246841609477996,0.9529837251356238,5.029116788449947
bbh+gpqa+ifeval+math+musr,,1.0,0.175,17,0.0246800128370523,0.961121157323689,5.031925457226161
bbh+gpqa+ifeval+math+musr,,1.0,0.175,18,0.0246906969696283,0.9439421338155516,5.022245395458902
bbh+gpqa+ifeval+math+musr,,1.0,0.175,19,0.0246784575283527,0.9520795660036168,5.034631057916007
bbh+gpqa+ifeval+math+musr,,1.0,0.175,20,0.0246520563960075,0.945750452079566,5.047586336548231
bbh+gpqa+ifeval+math+musr,,1.0,0.175,21,0.0246531534940004,0.948010849909584,5.04348566645046
bbh+gpqa+ifeval+math+musr,,1.0,0.175,22,0.0246626082807779,0.9466546112115732,5.038771036237306
bbh+gpqa+ifeval+math+musr,,1.0,0.175,23,0.0246764458715915,0.9367088607594936,5.037204866443965
bbh+gpqa+ifeval+math+musr,,1.0,0.175,24,0.0246347356587648,0.951627486437613,5.051441797391262
bbh+gpqa+ifeval+math+musr,,1.0,0.175,25,0.0246178358793258,0.951627486437613,5.054341961826114
bbh+gpqa+ifeval+math+musr,,1.0,0.175,26,0.0247133467346429,0.9493670886075948,5.017108220454964
bbh+gpqa+ifeval+math+musr,,1.0,0.175,27,0.0246818847954273,0.9543399638336348,5.025945235187868
bbh+gpqa+ifeval+math+musr,,1.0,0.175,28,0.0246841646730899,0.9511754068716094,5.024654207712443
bbh+gpqa+ifeval+math+musr,,1.0,0.175,29,0.0247437413781881,0.9484629294755876,5.001707960144578
bbh+gpqa+ifeval+math+musr,,1.0,0.175,30,0.0246740821748971,0.9462025316455696,5.028378211320155
bbh+gpqa+ifeval+math+musr,,1.0,0.175,31,0.0246809683740139,0.9471066907775768,5.0290760899311024
bbh+gpqa+ifeval+math+musr,,1.0,0.175,32,0.0246764998883008,0.9421338155515372,5.032239949665656
bbh+gpqa+ifeval+math+musr,,1.0,0.175,33,0.024624528363347,0.9448462929475588,5.04842512120939
bbh+gpqa+ifeval+math+musr,,1.0,0.175,34,0.0247244257479906,0.9489150090415912,5.014109441766166
bbh+gpqa+ifeval+math+musr,,1.0,0.175,35,0.0246100202202796,0.9529837251356238,5.057199438589024
bbh+gpqa+ifeval+math+musr,,1.0,0.175,36,0.0246884860098361,0.9507233273056056,5.029818202523683
bbh+gpqa+ifeval+math+musr,,1.0,0.175,37,0.0246393848210573,0.9507233273056056,5.051962448406805
bbh+gpqa+ifeval+math+musr,,1.0,0.175,38,0.0246876422315835,0.9529837251356238,5.026267429452352
bbh+gpqa+ifeval+math+musr,,1.0,0.175,39,0.0246762037277221,0.9466546112115732,5.025480788048358
bbh+gpqa+ifeval+math+musr,,1.0,0.175,40,0.0247052200138568,0.9561482820976492,5.017754915436411
bbh+gpqa+ifeval+math+musr,,1.0,0.175,41,0.0246226545423269,0.9389692585895116,5.054073235112135
bbh+gpqa+ifeval+math+musr,,1.0,0.175,42,0.0246608275920152,0.9443942133815552,5.045713222619855
bbh+gpqa+ifeval+math+musr,,1.0,0.175,43,0.0246734954416751,0.9475587703435804,5.032153374994848
bbh+gpqa+ifeval+math+musr,,1.0,0.175,44,0.0246371086686849,0.9475587703435804,5.047336866019041
bbh+gpqa+ifeval+math+musr,,1.0,0.175,45,0.0247128270566463,0.9471066907775768,5.013747471870881
bbh+gpqa+ifeval+math+musr,,1.0,0.175,46,0.0246671605855226,0.9561482820976492,5.031743893114787
bbh+gpqa+ifeval+math+musr,,1.0,0.175,47,0.0246336944401264,0.9489150090415912,5.044864478957676
bbh+gpqa+ifeval+math+musr,,1.0,0.175,48,0.0246677007526159,0.9484629294755876,5.030388774330673
bbh+gpqa+ifeval+math+musr,,1.0,0.175,49,0.024600738659501,0.9529837251356238,5.064111977804135
bbh+gpqa+ifeval+math+musr,,1.0,0.175,50,0.0246333852410316,0.9534358047016276,5.048811857779604
bbh+gpqa+ifeval+math+musr,,1.0,0.175,51,0.02470095269382,0.9525316455696202,5.020372078138189
bbh+gpqa+ifeval+math+musr,,1.0,0.175,52,0.0246450621634721,0.9394213381555152,5.047209484353155
bbh+gpqa+ifeval+math+musr,,1.0,0.175,53,0.024664657190442,0.9525316455696202,5.031950834773064
bbh+gpqa+ifeval+math+musr,,1.0,0.175,54,0.0247359927743673,0.9570524412296564,4.998977322095994
bbh+gpqa+ifeval+math+musr,,1.0,0.175,55,0.0245878305286169,0.9498191681735986,5.065679443299159
bbh+gpqa+ifeval+math+musr,,1.0,0.175,56,0.0246566105633974,0.9520795660036168,5.03740843256697
bbh+gpqa+ifeval+math+musr,,1.0,0.175,57,0.0246408209204673,0.9466546112115732,5.0429381132203615
bbh+gpqa+ifeval+math+musr,,1.0,0.175,58,0.0246372055262327,0.9484629294755876,5.05518338322042
bbh+gpqa+ifeval+math+musr,,1.0,0.175,59,0.0246430598199367,0.953887884267631,5.0457366990941885
bbh+gpqa+ifeval+math+musr,,1.0,0.175,60,0.0246106125414371,0.9498191681735986,5.057721927256251
bbh+gpqa+ifeval+math+musr,,1.0,0.175,61,0.0246333256363868,0.9448462929475588,5.054906393119269
bbh+gpqa+ifeval+math+musr,,1.0,0.175,62,0.024676389992237,0.9389692585895116,5.024339611441124
bbh+gpqa+ifeval+math+musr,,1.0,0.175,63,0.0246611721813678,0.9493670886075948,5.036987836821524
bbh+gpqa+ifeval+math+musr,,1.0,0.175,64,0.0246206410229206,0.9534358047016276,5.055835487042538
bbh+gpqa+ifeval+math+musr,,1.0,0.175,65,0.024597629904747,0.9520795660036168,5.058300656021407
bbh+gpqa+ifeval+math+musr,,1.0,0.175,66,0.0246400889009237,0.945750452079566,5.0488054728316145
bbh+gpqa+ifeval+math+musr,,1.0,0.175,67,0.0246558617800474,0.9425858951175408,5.036868666988607
bbh+gpqa+ifeval+math+musr,,1.0,0.175,68,0.0246550664305686,0.9507233273056056,5.033359647829476
bbh+gpqa+ifeval+math+musr,,1.0,0.175,69,0.0246660094708204,0.9511754068716094,5.030492601115012
bbh+gpqa+ifeval+math+musr,,1.0,0.175,70,0.0246499385684728,0.9543399638336348,5.046002347305593
bbh+gpqa+ifeval+math+musr,,1.0,0.175,71,0.0246147066354751,0.9443942133815552,5.057969318144631
bbh+gpqa+ifeval+math+musr,,1.0,0.175,72,0.024638207629323,0.938517179023508,5.050746052501134
bbh+gpqa+ifeval+math+musr,,1.0,0.175,73,0.02465096488595,0.9520795660036168,5.0364902569232255
bbh+gpqa+ifeval+math+musr,,1.0,0.175,74,0.0246316138654947,0.9484629294755876,5.050303433070241
bbh+gpqa+ifeval+math+musr,,1.0,0.175,75,0.0246628876775503,0.9543399638336348,5.039021026650635
bbh+gpqa+ifeval+math+musr,,1.0,0.175,76,0.0246626213192939,0.9471066907775768,5.040946132311446
bbh+gpqa+ifeval+math+musr,,1.0,0.175,77,0.0246613677591085,0.955244122965642,5.033212630121646
bbh+gpqa+ifeval+math+musr,,1.0,0.175,78,0.0246289204806089,0.9547920433996384,5.048551507124306
bbh+gpqa+ifeval+math+musr,,1.0,0.175,79,0.0246040038764476,0.955244122965642,5.0591553207390625
bbh+gpqa+ifeval+math+musr,,1.0,0.175,80,0.0246066264808177,0.9561482820976492,5.058054484146586
bbh+gpqa+ifeval+math+musr,,1.0,0.175,81,0.0246775764971971,0.9498191681735986,5.025761614819652
bbh+gpqa+ifeval+math+musr,,1.0,0.175,82,0.0246600992977619,0.9498191681735986,5.037643808860481
bbh+gpqa+ifeval+math+musr,,1.0,0.175,83,0.0246502365916967,0.951627486437613,5.042232998407646
bbh+gpqa+ifeval+math+musr,,1.0,0.175,84,0.0246037971228361,0.950271247739602,5.055725642145902
bbh+gpqa+ifeval+math+musr,,1.0,0.175,85,0.0246657989919185,0.9520795660036168,5.038922509957804
bbh+gpqa+ifeval+math+musr,,1.0,0.175,86,0.0246258787810802,0.9507233273056056,5.057246225668981
bbh+gpqa+ifeval+math+musr,,1.0,0.175,87,0.024659801274538,0.9561482820976492,5.03911923219765
bbh+gpqa+ifeval+math+musr,,1.0,0.175,88,0.0246725622564554,0.948010849909584,5.0309476088405765
bbh+gpqa+ifeval+math+musr,,1.0,0.175,89,0.0246308632194995,0.9475587703435804,5.047740866117842
bbh+gpqa+ifeval+math+musr,,1.0,0.175,90,0.0246445722877979,0.9547920433996384,5.043327563678106
bbh+gpqa+ifeval+math+musr,,1.0,0.175,91,0.0246307104825973,0.9593128390596743,5.052648943206223
bbh+gpqa+ifeval+math+musr,,1.0,0.175,92,0.0246373135596513,0.9493670886075948,5.046486584248865
bbh+gpqa+ifeval+math+musr,,1.0,0.175,93,0.0247002933174371,0.9484629294755876,5.022431353528756
bbh+gpqa+ifeval+math+musr,,1.0,0.175,94,0.0246566887944936,0.9511754068716094,5.039960739159742
bbh+gpqa+ifeval+math+musr,,1.0,0.175,95,0.0246980991214513,0.9403254972875226,5.021502490212624
bbh+gpqa+ifeval+math+musr,,1.0,0.175,96,0.0246875844895839,0.9489150090415912,5.019523785714784
bbh+gpqa+ifeval+math+musr,,1.0,0.175,97,0.0247139036655426,0.9525316455696202,5.01303322896843
bbh+gpqa+ifeval+math+musr,,1.0,0.175,98,0.0246235821396112,0.938517179023508,5.0499853103684
bbh+gpqa+ifeval+math+musr,,1.0,0.175,99,0.0246630981564521,0.9511754068716094,5.040901105029129
bbh+gpqa+ifeval+math+musr,,1.0,0.2,0,0.0224474444985389,0.950271247739602,5.160217525599895
bbh+gpqa+ifeval+math+musr,,1.0,0.2,1,0.022444674745202,0.9493670886075948,5.161841873954965
bbh+gpqa+ifeval+math+musr,,1.0,0.2,2,0.022372206673026,0.9543399638336348,5.194167600930714
bbh+gpqa+ifeval+math+musr,,1.0,0.2,3,0.0224382262676954,0.9425858951175408,5.171217165137919
bbh+gpqa+ifeval+math+musr,,1.0,0.2,4,0.022425789386034,0.945750452079566,5.176200069873894
bbh+gpqa+ifeval+math+musr,,1.0,0.2,5,0.0224247705191373,0.9525316455696202,5.1724078165223055
bbh+gpqa+ifeval+math+musr,,1.0,0.2,6,0.0224400926381349,0.9507233273056056,5.163164712203722
bbh+gpqa+ifeval+math+musr,,1.0,0.2,7,0.0224265940487384,0.9489150090415912,5.1733030013118375
bbh+gpqa+ifeval+math+musr,,1.0,0.2,8,0.0224174316972494,0.9588607594936708,5.17206643586982
bbh+gpqa+ifeval+math+musr,,1.0,0.2,9,0.0223965719342231,0.9529837251356238,5.1761772250962
bbh+gpqa+ifeval+math+musr,,1.0,0.2,10,0.0224769841879606,0.9412296564195298,5.145140444665058
bbh+gpqa+ifeval+math+musr,,1.0,0.2,11,0.0224454961717128,0.9561482820976492,5.159033788970964
bbh+gpqa+ifeval+math+musr,,1.0,0.2,12,0.0224583689123392,0.9498191681735986,5.154814435890497
bbh+gpqa+ifeval+math+musr,,1.0,0.2,13,0.0224299095571041,0.951627486437613,5.174220776604268
bbh+gpqa+ifeval+math+musr,,1.0,0.2,14,0.0224450305104255,0.9525316455696202,5.1563687878477396
bbh+gpqa+ifeval+math+musr,,1.0,0.2,15,0.0223963931202888,0.9511754068716094,5.179722371637609
bbh+gpqa+ifeval+math+musr,,1.0,0.2,16,0.0224522799253463,0.9543399638336348,5.159418099067889
bbh+gpqa+ifeval+math+musr,,1.0,0.2,17,0.0224516503512859,0.955244122965642,5.160428865893748
bbh+gpqa+ifeval+math+musr,,1.0,0.2,18,0.0224624425172805,0.9448462929475588,5.149060492696087
bbh+gpqa+ifeval+math+musr,,1.0,0.2,19,0.0224447213113307,0.955244122965642,5.163509211604155
bbh+gpqa+ifeval+math+musr,,1.0,0.2,20,0.0224245972931385,0.940777576853526,5.1749294910799675
bbh+gpqa+ifeval+math+musr,,1.0,0.2,21,0.0224253311753273,0.9543399638336348,5.171139768482135
bbh+gpqa+ifeval+math+musr,,1.0,0.2,22,0.0224314033985137,0.9493670886075948,5.168699155506724
bbh+gpqa+ifeval+math+musr,,1.0,0.2,23,0.0224487166851758,0.9475587703435804,5.16470383068282
bbh+gpqa+ifeval+math+musr,,1.0,0.2,24,0.0224064830690622,0.9520795660036168,5.181015580486207
bbh+gpqa+ifeval+math+musr,,1.0,0.2,25,0.0223977863788604,0.9439421338155516,5.181937665241994
bbh+gpqa+ifeval+math+musr,,1.0,0.2,26,0.0224811695516109,0.9529837251356238,5.143068528714096
bbh+gpqa+ifeval+math+musr,,1.0,0.2,27,0.0224515069276094,0.9561482820976492,5.154666849769605
bbh+gpqa+ifeval+math+musr,,1.0,0.2,28,0.0224493388086557,0.9547920433996384,5.15745396870195
bbh+gpqa+ifeval+math+musr,,1.0,0.2,29,0.0225010514259338,0.9493670886075948,5.134962880641679
bbh+gpqa+ifeval+math+musr,,1.0,0.2,30,0.0224498827010393,0.9489150090415912,5.156800865480749
bbh+gpqa+ifeval+math+musr,,1.0,0.2,31,0.0224582199007272,0.948010849909584,5.156381865962976
bbh+gpqa+ifeval+math+musr,,1.0,0.2,32,0.0224454440176486,0.9448462929475588,5.160877224849284
bbh+gpqa+ifeval+math+musr,,1.0,0.2,33,0.0224048551172018,0.9556962025316456,5.173296787116493
bbh+gpqa+ifeval+math+musr,,1.0,0.2,34,0.0224886070936918,0.9498191681735986,5.143623990051131
bbh+gpqa+ifeval+math+musr,,1.0,0.2,35,0.0223917532712221,0.9525316455696202,5.183961445505429
bbh+gpqa+ifeval+math+musr,,1.0,0.2,36,0.0224528182297945,0.9520795660036168,5.160112899998729
bbh+gpqa+ifeval+math+musr,,1.0,0.2,37,0.022412646561861,0.9493670886075948,5.182526036595426
bbh+gpqa+ifeval+math+musr,,1.0,0.2,38,0.0224525071680545,0.9475587703435804,5.155885471216805
bbh+gpqa+ifeval+math+musr,,1.0,0.2,39,0.0224459655582904,0.9475587703435804,5.153569791781892
bbh+gpqa+ifeval+math+musr,,1.0,0.2,40,0.0224741920828819,0.9570524412296564,5.1470950816868415
bbh+gpqa+ifeval+math+musr,,1.0,0.2,41,0.0224036090075969,0.9394213381555152,5.18059704139913
bbh+gpqa+ifeval+math+musr,,1.0,0.2,42,0.0224287770688533,0.9452983725135624,5.1771957312495465
bbh+gpqa+ifeval+math+musr,,1.0,0.2,43,0.0224440619349479,0.9520795660036168,5.161892963252518
bbh+gpqa+ifeval+math+musr,,1.0,0.2,44,0.0224080253392457,0.9484629294755876,5.177994528387055
bbh+gpqa+ifeval+math+musr,,1.0,0.2,45,0.0224774908274412,0.9448462929475588,5.143988282734095
bbh+gpqa+ifeval+math+musr,,1.0,0.2,46,0.0224410574883222,0.9566003616636528,5.160067199596371
bbh+gpqa+ifeval+math+musr,,1.0,0.2,47,0.0224124640226364,0.9561482820976492,5.171989072298813
bbh+gpqa+ifeval+math+musr,,1.0,0.2,48,0.0224354416131973,0.9471066907775768,5.162621355558091
bbh+gpqa+ifeval+math+musr,,1.0,0.2,49,0.0223756991326808,0.9448462929475588,5.194008518976139
bbh+gpqa+ifeval+math+musr,,1.0,0.2,50,0.0224067252129316,0.9525316455696202,5.1797032937383225
bbh+gpqa+ifeval+math+musr,,1.0,0.2,51,0.0224750749766826,0.9556962025316456,5.146209392755877
bbh+gpqa+ifeval+math+musr,,1.0,0.2,52,0.0224191527813673,0.9439421338155516,5.1779075775785985
bbh+gpqa+ifeval+math+musr,,1.0,0.2,53,0.0224345605820417,0.948010849909584,5.16203910553584
bbh+gpqa+ifeval+math+musr,,1.0,0.2,54,0.0225000269711017,0.9525316455696202,5.127773969932254
bbh+gpqa+ifeval+math+musr,,1.0,0.2,55,0.0223778169602155,0.9493670886075948,5.191853288573202
bbh+gpqa+ifeval+math+musr,,1.0,0.2,56,0.0224296115338802,0.9511754068716094,5.165994056321624
bbh+gpqa+ifeval+math+musr,,1.0,0.2,57,0.0224098116159439,0.943490054249548,5.176594936494782
bbh+gpqa+ifeval+math+musr,,1.0,0.2,58,0.0224098227918148,0.9525316455696202,5.182842867516497
bbh+gpqa+ifeval+math+musr,,1.0,0.2,59,0.0224190838634967,0.9556962025316456,5.173453704172183
bbh+gpqa+ifeval+math+musr,,1.0,0.2,60,0.0223862659186124,0.9466546112115732,5.1900032442029955
bbh+gpqa+ifeval+math+musr,,1.0,0.2,61,0.0224132873117923,0.9403254972875226,5.181346655015733
bbh+gpqa+ifeval+math+musr,,1.0,0.2,62,0.0224469080567359,0.9448462929475588,5.1534173226513404
bbh+gpqa+ifeval+math+musr,,1.0,0.2,63,0.0224294662475585,0.951627486437613,5.168634365776103
bbh+gpqa+ifeval+math+musr,,1.0,0.2,64,0.0224042143672704,0.9570524412296564,5.1818188853851215
bbh+gpqa+ifeval+math+musr,,1.0,0.2,65,0.0223825685679912,0.9525316455696202,5.1829796555995635
bbh+gpqa+ifeval+math+musr,,1.0,0.2,66,0.0224173422902822,0.9471066907775768,5.176481249681298
bbh+gpqa+ifeval+math+musr,,1.0,0.2,67,0.0224357210099697,0.9462025316455696,5.164249482547423
bbh+gpqa+ifeval+math+musr,,1.0,0.2,68,0.0224229283630847,0.9556962025316456,5.165097307329037
bbh+gpqa+ifeval+math+musr,,1.0,0.2,69,0.0224404875189065,0.950271247739602,5.160682305388131
bbh+gpqa+ifeval+math+musr,,1.0,0.2,70,0.0224225539714097,0.9570524412296564,5.175475826069627
bbh+gpqa+ifeval+math+musr,,1.0,0.2,71,0.0223952271044254,0.9489150090415912,5.185137753303122
bbh+gpqa+ifeval+math+musr,,1.0,0.2,72,0.0224143657833337,0.9421338155515372,5.178475650350637
bbh+gpqa+ifeval+math+musr,,1.0,0.2,73,0.0224207453429698,0.9529837251356238,5.166875871434302
bbh+gpqa+ifeval+math+musr,,1.0,0.2,74,0.0224072281271219,0.9520795660036168,5.176712849615366
bbh+gpqa+ifeval+math+musr,,1.0,0.2,75,0.0224353149533271,0.9511754068716094,5.166471268159256
bbh+gpqa+ifeval+math+musr,,1.0,0.2,76,0.0224323514848947,0.9475587703435804,5.169125344192611
bbh+gpqa+ifeval+math+musr,,1.0,0.2,77,0.0224391352385282,0.9606690777576852,5.16103956681017
bbh+gpqa+ifeval+math+musr,,1.0,0.2,78,0.0224058832973241,0.9579566003616636,5.177164811334677
bbh+gpqa+ifeval+math+musr,,1.0,0.2,79,0.0223797298967838,0.9529837251356238,5.189680935006957
bbh+gpqa+ifeval+math+musr,,1.0,0.2,80,0.0223847683519125,0.9547920433996384,5.1876921712327055
bbh+gpqa+ifeval+math+musr,,1.0,0.2,81,0.0224447641521692,0.9507233273056056,5.155814288627195
bbh+gpqa+ifeval+math+musr,,1.0,0.2,82,0.022442203015089,0.950271247739602,5.162859775061235
bbh+gpqa+ifeval+math+musr,,1.0,0.2,83,0.0224222987890243,0.9543399638336348,5.1712614597534845
bbh+gpqa+ifeval+math+musr,,1.0,0.2,84,0.0223846714943647,0.9507233273056056,5.184573982541417
bbh+gpqa+ifeval+math+musr,,1.0,0.2,85,0.0224412381649017,0.948010849909584,5.164319219014796
bbh+gpqa+ifeval+math+musr,,1.0,0.2,86,0.0224017612636089,0.9471066907775768,5.1853793343367975
bbh+gpqa+ifeval+math+musr,,1.0,0.2,87,0.0224337596446275,0.953887884267631,5.166798875674659
bbh+gpqa+ifeval+math+musr,,1.0,0.2,88,0.0224399715662002,0.9448462929475588,5.16336226353327
bbh+gpqa+ifeval+math+musr,,1.0,0.2,89,0.0224100705236196,0.955244122965642,5.173097696802576
bbh+gpqa+ifeval+math+musr,,1.0,0.2,90,0.0224202740937471,0.9525316455696202,5.172957337394937
bbh+gpqa+ifeval+math+musr,,1.0,0.2,91,0.0224081296473741,0.9579566003616636,5.182679146259789
bbh+gpqa+ifeval+math+musr,,1.0,0.2,92,0.0224163141101598,0.9498191681735986,5.173129470822241
bbh+gpqa+ifeval+math+musr,,1.0,0.2,93,0.0224706307053565,0.950271247739602,5.150126222221216
bbh+gpqa+ifeval+math+musr,,1.0,0.2,94,0.0224243830889463,0.948010849909584,5.170361383062587
bbh+gpqa+ifeval+math+musr,,1.0,0.2,95,0.0224666595458984,0.9412296564195298,5.148563330705826
bbh+gpqa+ifeval+math+musr,,1.0,0.2,96,0.0224562995135784,0.9489150090415912,5.1454442501708275
bbh+gpqa+ifeval+math+musr,,1.0,0.2,97,0.0224736146628856,0.9525316455696202,5.142773934649393
bbh+gpqa+ifeval+math+musr,,1.0,0.2,98,0.0224059037864208,0.9452983725135624,5.173196749004995
bbh+gpqa+ifeval+math+musr,,1.0,0.2,99,0.0224297866225242,0.948010849909584,5.171965628706206
bbh+gpqa+ifeval+math+musr,,1.0,0.225,0,0.0206131990998983,0.951627486437613,5.26530431366347
bbh+gpqa+ifeval+math+musr,,1.0,0.225,1,0.0206130351871252,0.9511754068716094,5.269588965059145
bbh+gpqa+ifeval+math+musr,,1.0,0.225,2,0.0205521490424871,0.9529837251356238,5.298056175245289
bbh+gpqa+ifeval+math+musr,,1.0,0.225,3,0.0206031762063503,0.945750452079566,5.277076206216583
bbh+gpqa+ifeval+math+musr,,1.0,0.225,4,0.0205933600664138,0.9525316455696202,5.282556395776031
bbh+gpqa+ifeval+math+musr,,1.0,0.225,5,0.0205958932638168,0.9556962025316456,5.2767288531666425
bbh+gpqa+ifeval+math+musr,,1.0,0.225,6,0.0206086169928312,0.951627486437613,5.270626842270597
bbh+gpqa+ifeval+math+musr,,1.0,0.225,7,0.0205947086215019,0.9493670886075948,5.280886054674923
bbh+gpqa+ifeval+math+musr,,1.0,0.225,8,0.0205862000584602,0.9579566003616636,5.2773890581085405
bbh+gpqa+ifeval+math+musr,,1.0,0.225,9,0.0205662511289119,0.9520795660036168,5.285679522464725
bbh+gpqa+ifeval+math+musr,,1.0,0.225,10,0.0206389036029577,0.9443942133815552,5.253913249961722
bbh+gpqa+ifeval+math+musr,,1.0,0.225,11,0.0206134859472513,0.9566003616636528,5.265193438445712
bbh+gpqa+ifeval+math+musr,,1.0,0.225,12,0.0206239446997642,0.9448462929475588,5.261112429590351
bbh+gpqa+ifeval+math+musr,,1.0,0.225,13,0.0206004902720451,0.9475587703435804,5.278214723944827
bbh+gpqa+ifeval+math+musr,,1.0,0.225,14,0.020612521097064,0.9462025316455696,5.263261354391207
bbh+gpqa+ifeval+math+musr,,1.0,0.225,15,0.0205695405602455,0.951627486437613,5.287353428775089
bbh+gpqa+ifeval+math+musr,,1.0,0.225,16,0.0206199269741773,0.9593128390596743,5.267057960681425
bbh+gpqa+ifeval+math+musr,,1.0,0.225,17,0.0206204950809478,0.9547920433996384,5.267569617558935
bbh+gpqa+ifeval+math+musr,,1.0,0.225,18,0.020627524703741,0.9452983725135624,5.2577756305041
bbh+gpqa+ifeval+math+musr,,1.0,0.225,19,0.0206151343882083,0.9493670886075948,5.268427072058927
bbh+gpqa+ifeval+math+musr,,1.0,0.225,20,0.0205987486988306,0.9389692585895116,5.276878628666776
bbh+gpqa+ifeval+math+musr,,1.0,0.225,21,0.0205945540219545,0.9570524412296564,5.277530677790576
bbh+gpqa+ifeval+math+musr,,1.0,0.225,22,0.0206012539565563,0.9489150090415912,5.275675040708788
bbh+gpqa+ifeval+math+musr,,1.0,0.225,23,0.0206129606813192,0.945750452079566,5.272409529523444
bbh+gpqa+ifeval+math+musr,,1.0,0.225,24,0.0205812435597181,0.9534358047016276,5.287203893620355
bbh+gpqa+ifeval+math+musr,,1.0,0.225,25,0.0205723457038402,0.9466546112115732,5.2901831737043254
bbh+gpqa+ifeval+math+musr,,1.0,0.225,26,0.0206452365964651,0.9529837251356238,5.248506690500834
bbh+gpqa+ifeval+math+musr,,1.0,0.225,27,0.020619323477149,0.9547920433996384,5.260927896132058
bbh+gpqa+ifeval+math+musr,,1.0,0.225,28,0.0206175372004508,0.9534358047016276,5.263390593143431
bbh+gpqa+ifeval+math+musr,,1.0,0.225,29,0.0206604581326246,0.9511754068716094,5.241458652692796
bbh+gpqa+ifeval+math+musr,,1.0,0.225,30,0.0206142589449882,0.9484629294755876,5.26651786082131
bbh+gpqa+ifeval+math+musr,,1.0,0.225,31,0.0206240508705377,0.945750452079566,5.2624297091631815
bbh+gpqa+ifeval+math+musr,,1.0,0.225,32,0.020611897110939,0.940777576853526,5.269035762662694
bbh+gpqa+ifeval+math+musr,,1.0,0.225,33,0.0205783564597368,0.951627486437613,5.2801140942694476
bbh+gpqa+ifeval+math+musr,,1.0,0.225,34,0.020653273910284,0.9466546112115732,5.248489541228665
bbh+gpqa+ifeval+math+musr,,1.0,0.225,35,0.0205673687160015,0.9511754068716094,5.289051632878496
bbh+gpqa+ifeval+math+musr,,1.0,0.225,36,0.020620284602046,0.9520795660036168,5.2634635588564045
bbh+gpqa+ifeval+math+musr,,1.0,0.225,37,0.0205806102603673,0.9534358047016276,5.288479991468148
bbh+gpqa+ifeval+math+musr,,1.0,0.225,38,0.020623467862606,0.9489150090415912,5.260662150796126
bbh+gpqa+ifeval+math+musr,,1.0,0.225,39,0.0206131767481565,0.9452983725135624,5.261879312219233
bbh+gpqa+ifeval+math+musr,,1.0,0.225,40,0.0206368472427129,0.9570524412296564,5.25459124284188
bbh+gpqa+ifeval+math+musr,,1.0,0.225,41,0.0205792412161827,0.940777576853526,5.284459499503939
bbh+gpqa+ifeval+math+musr,,1.0,0.225,42,0.0205980129539966,0.9475587703435804,5.281964754648348
bbh+gpqa+ifeval+math+musr,,1.0,0.225,43,0.0206120125949382,0.9507233273056056,5.269643838615043
bbh+gpqa+ifeval+math+musr,,1.0,0.225,44,0.0205839797854423,0.9462025316455696,5.28333786939539
bbh+gpqa+ifeval+math+musr,,1.0,0.225,45,0.020642576739192,0.9484629294755876,5.250362170678738
bbh+gpqa+ifeval+math+musr,,1.0,0.225,46,0.0206105131655931,0.9561482820976492,5.266282684365745
bbh+gpqa+ifeval+math+musr,,1.0,0.225,47,0.0205844193696975,0.9525316455696202,5.279023151381377
bbh+gpqa+ifeval+math+musr,,1.0,0.225,48,0.0206000581383705,0.9466546112115732,5.270704532816894
bbh+gpqa+ifeval+math+musr,,1.0,0.225,49,0.0205550137907266,0.9471066907775768,5.296209121809621
bbh+gpqa+ifeval+math+musr,,1.0,0.225,50,0.0205825082957744,0.9534358047016276,5.283984326816977
bbh+gpqa+ifeval+math+musr,,1.0,0.225,51,0.0206357613205909,0.9561482820976492,5.254182566380306
bbh+gpqa+ifeval+math+musr,,1.0,0.225,52,0.0205927025526762,0.9452983725135624,5.282626800300165
bbh+gpqa+ifeval+math+musr,,1.0,0.225,53,0.0206044539809227,0.9489150090415912,5.269706686196231
bbh+gpqa+ifeval+math+musr,,1.0,0.225,54,0.020664932206273,0.961121157323689,5.2340162166087145
bbh+gpqa+ifeval+math+musr,,1.0,0.225,55,0.0205532051622867,0.9471066907775768,5.298064897692655
bbh+gpqa+ifeval+math+musr,,1.0,0.225,56,0.0205941498279571,0.9462025316455696,5.274232706389102
bbh+gpqa+ifeval+math+musr,,1.0,0.225,57,0.0205753911286592,0.9475587703435804,5.287140900703623
bbh+gpqa+ifeval+math+musr,,1.0,0.225,58,0.0205790549516677,0.9511754068716094,5.290645867723986
bbh+gpqa+ifeval+math+musr,,1.0,0.225,59,0.0205926392227411,0.9570524412296564,5.278791487153605
bbh+gpqa+ifeval+math+musr,,1.0,0.225,60,0.0205587223172187,0.9529837251356238,5.298137557531075
bbh+gpqa+ifeval+math+musr,,1.0,0.225,61,0.0205820742994546,0.9367088607594936,5.287791755991991
bbh+gpqa+ifeval+math+musr,,1.0,0.225,62,0.020609013736248,0.950271247739602,5.263233959877048
bbh+gpqa+ifeval+math+musr,,1.0,0.225,63,0.0206005070358514,0.953887884267631,5.275066581604456
bbh+gpqa+ifeval+math+musr,,1.0,0.225,64,0.0205778051167726,0.9529837251356238,5.288691193306622
bbh+gpqa+ifeval+math+musr,,1.0,0.225,65,0.0205522608011961,0.9498191681735986,5.293580371661131
bbh+gpqa+ifeval+math+musr,,1.0,0.225,66,0.0205881763249635,0.948010849909584,5.279609239055154
bbh+gpqa+ifeval+math+musr,,1.0,0.225,67,0.0206016860902309,0.9448462929475588,5.270986609677309
bbh+gpqa+ifeval+math+musr,,1.0,0.225,68,0.0205848310142755,0.9561482820976492,5.277308605881691
bbh+gpqa+ifeval+math+musr,,1.0,0.225,69,0.020606717094779,0.9511754068716094,5.267223168321459
bbh+gpqa+ifeval+math+musr,,1.0,0.225,70,0.0205908268690109,0.9543399638336348,5.282071473615605
bbh+gpqa+ifeval+math+musr,,1.0,0.225,71,0.0205671470612287,0.9484629294755876,5.293607118026765
bbh+gpqa+ifeval+math+musr,,1.0,0.225,72,0.0205793846398592,0.9443942133815552,5.28900918187003
bbh+gpqa+ifeval+math+musr,,1.0,0.225,73,0.0205945521593093,0.9547920433996384,5.272704877710698
bbh+gpqa+ifeval+math+musr,,1.0,0.225,74,0.0205835923552513,0.9547920433996384,5.281478554860018
bbh+gpqa+ifeval+math+musr,,1.0,0.225,75,0.020603010430932,0.9511754068716094,5.272636283373681
bbh+gpqa+ifeval+math+musr,,1.0,0.225,76,0.0205984283238649,0.951627486437613,5.274707361097571
bbh+gpqa+ifeval+math+musr,,1.0,0.225,77,0.0206070784479379,0.9606690777576852,5.270626974275266
bbh+gpqa+ifeval+math+musr,,1.0,0.225,78,0.0205822754651308,0.9588607594936708,5.278388802926928
bbh+gpqa+ifeval+math+musr,,1.0,0.225,79,0.0205586422234773,0.9525316455696202,5.29596849683319
bbh+gpqa+ifeval+math+musr,,1.0,0.225,80,0.0205670166760683,0.9570524412296564,5.2886586827524225
bbh+gpqa+ifeval+math+musr,,1.0,0.225,81,0.0206111576408147,0.9466546112115732,5.263899666135506
bbh+gpqa+ifeval+math+musr,,1.0,0.225,82,0.020616590976715,0.9525316455696202,5.26676451011468
bbh+gpqa+ifeval+math+musr,,1.0,0.225,83,0.0205946750938892,0.9543399638336348,5.276616794132292
bbh+gpqa+ifeval+math+musr,,1.0,0.225,84,0.0205595046281814,0.9498191681735986,5.287556461916308
bbh+gpqa+ifeval+math+musr,,1.0,0.225,85,0.0206117443740367,0.9525316455696202,5.269442435820722
bbh+gpqa+ifeval+math+musr,,1.0,0.225,86,0.020580668002367,0.9489150090415912,5.2876344778517534
bbh+gpqa+ifeval+math+musr,,1.0,0.225,87,0.0206003002822399,0.9543399638336348,5.273983828636297
bbh+gpqa+ifeval+math+musr,,1.0,0.225,88,0.0206028781831264,0.9484629294755876,5.2730353010148185
bbh+gpqa+ifeval+math+musr,,1.0,0.225,89,0.0205810572952032,0.9566003616636528,5.279487780078218
bbh+gpqa+ifeval+math+musr,,1.0,0.225,90,0.0205883979797363,0.9489150090415912,5.281014824191128
bbh+gpqa+ifeval+math+musr,,1.0,0.225,91,0.0205813404172658,0.9566003616636528,5.287576992821896
bbh+gpqa+ifeval+math+musr,,1.0,0.225,92,0.0205865502357482,0.9452983725135624,5.280669534738504
bbh+gpqa+ifeval+math+musr,,1.0,0.225,93,0.0206327550113201,0.9484629294755876,5.2586273946081015
bbh+gpqa+ifeval+math+musr,,1.0,0.225,94,0.0205942392349243,0.953887884267631,5.277062872298442
bbh+gpqa+ifeval+math+musr,,1.0,0.225,95,0.0206262785941362,0.9439421338155516,5.257819531344765
bbh+gpqa+ifeval+math+musr,,1.0,0.225,96,0.0206216461956501,0.9511754068716094,5.253788486895915
bbh+gpqa+ifeval+math+musr,,1.0,0.225,97,0.0206370949745178,0.9484629294755876,5.250712720230546
bbh+gpqa+ifeval+math+musr,,1.0,0.225,98,0.0205792374908924,0.9439421338155516,5.276942085788337
bbh+gpqa+ifeval+math+musr,,1.0,0.225,99,0.0205966439098119,0.9493670886075948,5.281269430870117
bbh+gpqa+ifeval+math+musr,,1.0,0.25,0,0.019081337377429,0.9489150090415912,5.354054114474582
bbh+gpqa+ifeval+math+musr,,1.0,0.25,1,0.0190822780132293,0.9489150090415912,5.355098315967972
bbh+gpqa+ifeval+math+musr,,1.0,0.25,2,0.0190289635211229,0.9534358047016276,5.382606638079221
bbh+gpqa+ifeval+math+musr,,1.0,0.25,3,0.0190748628228902,0.9462025316455696,5.363472662330083
bbh+gpqa+ifeval+math+musr,,1.0,0.25,4,0.0190678611397743,0.9484629294755876,5.367830535517811
bbh+gpqa+ifeval+math+musr,,1.0,0.25,5,0.0190641600638628,0.9556962025316456,5.365616718411057
bbh+gpqa+ifeval+math+musr,,1.0,0.25,6,0.0190760940313339,0.9543399638336348,5.359347516176591
bbh+gpqa+ifeval+math+musr,,1.0,0.25,7,0.0190643295645713,0.950271247739602,5.366450147121872
bbh+gpqa+ifeval+math+musr,,1.0,0.25,8,0.0190562307834625,0.9588607594936708,5.366204880688114
bbh+gpqa+ifeval+math+musr,,1.0,0.25,9,0.019038014113903,0.9484629294755876,5.375053690083413
bbh+gpqa+ifeval+math+musr,,1.0,0.25,10,0.0191047266125679,0.9466546112115732,5.341423963078002
bbh+gpqa+ifeval+math+musr,,1.0,0.25,11,0.0190819427371025,0.9588607594936708,5.3507786643952615
bbh+gpqa+ifeval+math+musr,,1.0,0.25,12,0.0190963204950094,0.948010849909584,5.346031918116918
bbh+gpqa+ifeval+math+musr,,1.0,0.25,13,0.0190710593014955,0.9489150090415912,5.365534426158619
bbh+gpqa+ifeval+math+musr,,1.0,0.25,14,0.019076382741332,0.9416817359855334,5.354933892930482
bbh+gpqa+ifeval+math+musr,,1.0,0.25,15,0.0190444607287645,0.9511754068716094,5.373873715309438
bbh+gpqa+ifeval+math+musr,,1.0,0.25,16,0.0190845560282468,0.959764918625678,5.356268244463408
bbh+gpqa+ifeval+math+musr,,1.0,0.25,17,0.0190901011228561,0.9534358047016276,5.352744367656021
bbh+gpqa+ifeval+math+musr,,1.0,0.25,18,0.0190926808863878,0.9439421338155516,5.343889201818445
bbh+gpqa+ifeval+math+musr,,1.0,0.25,19,0.0190858356654644,0.948010849909584,5.353915901892783
bbh+gpqa+ifeval+math+musr,,1.0,0.25,20,0.0190747454762458,0.9380650994575044,5.359812345268016
bbh+gpqa+ifeval+math+musr,,1.0,0.25,21,0.0190701857209205,0.9584086799276672,5.361240392990751
bbh+gpqa+ifeval+math+musr,,1.0,0.25,22,0.0190760288387537,0.9520795660036168,5.361143845239393
bbh+gpqa+ifeval+math+musr,,1.0,0.25,23,0.0190819539129734,0.9484629294755876,5.3601171866005215
bbh+gpqa+ifeval+math+musr,,1.0,0.25,24,0.0190534479916095,0.955244122965642,5.375874906545048
bbh+gpqa+ifeval+math+musr,,1.0,0.25,25,0.0190514307469129,0.945750452079566,5.374159944126365
bbh+gpqa+ifeval+math+musr,,1.0,0.25,26,0.0191069617867469,0.9543399638336348,5.337996580532206
bbh+gpqa+ifeval+math+musr,,1.0,0.25,27,0.01908665522933,0.953887884267631,5.35082095337447
bbh+gpqa+ifeval+math+musr,,1.0,0.25,28,0.019085893407464,0.9543399638336348,5.350699993718074
bbh+gpqa+ifeval+math+musr,,1.0,0.25,29,0.0191216804087162,0.9466546112115732,5.330224641421031
bbh+gpqa+ifeval+math+musr,,1.0,0.25,30,0.0190875865519046,0.945750452079566,5.351847355412154
bbh+gpqa+ifeval+math+musr,,1.0,0.25,31,0.0190900191664695,0.9443942133815552,5.350108839693415
bbh+gpqa+ifeval+math+musr,,1.0,0.25,32,0.0190828312188386,0.9416817359855334,5.35297018798586
bbh+gpqa+ifeval+math+musr,,1.0,0.25,33,0.0190533809363842,0.9489150090415912,5.366183256386081
bbh+gpqa+ifeval+math+musr,,1.0,0.25,34,0.01912122964859,0.950271247739602,5.334587990734065
bbh+gpqa+ifeval+math+musr,,1.0,0.25,35,0.0190416201949119,0.951627486437613,5.375724793920101
bbh+gpqa+ifeval+math+musr,,1.0,0.25,36,0.0190899074077606,0.9484629294755876,5.349544988553042
bbh+gpqa+ifeval+math+musr,,1.0,0.25,37,0.0190533678978681,0.9466546112115732,5.375300871871943
bbh+gpqa+ifeval+math+musr,,1.0,0.25,38,0.0190913397818803,0.943490054249548,5.349590740275528
bbh+gpqa+ifeval+math+musr,,1.0,0.25,39,0.0190802793949842,0.9462025316455696,5.34995657612284
bbh+gpqa+ifeval+math+musr,,1.0,0.25,40,0.0191021040081977,0.953887884267631,5.343290155515462
bbh+gpqa+ifeval+math+musr,,1.0,0.25,41,0.0190486330538988,0.9412296564195298,5.373108167180262
bbh+gpqa+ifeval+math+musr,,1.0,0.25,42,0.0190695822238922,0.9471066907775768,5.367361296541684
bbh+gpqa+ifeval+math+musr,,1.0,0.25,43,0.0190804321318864,0.9484629294755876,5.358267453986434
bbh+gpqa+ifeval+math+musr,,1.0,0.25,44,0.0190544091165065,0.9475587703435804,5.369122625147584
bbh+gpqa+ifeval+math+musr,,1.0,0.25,45,0.0191089082509279,0.9443942133815552,5.336377739053868
bbh+gpqa+ifeval+math+musr,,1.0,0.25,46,0.019080389291048,0.955244122965642,5.355694951491692
bbh+gpqa+ifeval+math+musr,,1.0,0.25,47,0.0190557651221752,0.9547920433996384,5.368558727968764
bbh+gpqa+ifeval+math+musr,,1.0,0.25,48,0.0190706271678209,0.9462025316455696,5.359502449550757
bbh+gpqa+ifeval+math+musr,,1.0,0.25,49,0.0190353188663721,0.9448462929475588,5.377948268288779
bbh+gpqa+ifeval+math+musr,,1.0,0.25,50,0.019053541123867,0.9489150090415912,5.369976994574357
bbh+gpqa+ifeval+math+musr,,1.0,0.25,51,0.0191035289317369,0.9543399638336348,5.341749395964666
bbh+gpqa+ifeval+math+musr,,1.0,0.25,52,0.0190646052360534,0.950271247739602,5.367405830646834
bbh+gpqa+ifeval+math+musr,,1.0,0.25,53,0.0190732590854167,0.9525316455696202,5.358868903127963
bbh+gpqa+ifeval+math+musr,,1.0,0.25,54,0.0191259440034627,0.9570524412296564,5.323808340598968
bbh+gpqa+ifeval+math+musr,,1.0,0.25,55,0.0190297625958919,0.9484629294755876,5.3830275305380955
bbh+gpqa+ifeval+math+musr,,1.0,0.25,56,0.0190651714801788,0.9498191681735986,5.362143098819419
bbh+gpqa+ifeval+math+musr,,1.0,0.25,57,0.0190496910363435,0.9466546112115732,5.373472343948616
bbh+gpqa+ifeval+math+musr,,1.0,0.25,58,0.0190521031618118,0.9525316455696202,5.37542519535265
bbh+gpqa+ifeval+math+musr,,1.0,0.25,59,0.0190667510032653,0.9534358047016276,5.363139555159801
bbh+gpqa+ifeval+math+musr,,1.0,0.25,60,0.0190388243645429,0.9498191681735986,5.379738765962539
bbh+gpqa+ifeval+math+musr,,1.0,0.25,61,0.01905382797122,0.9380650994575044,5.377347839049496
bbh+gpqa+ifeval+math+musr,,1.0,0.25,62,0.0190797895193099,0.945750452079566,5.35047879151047
bbh+gpqa+ifeval+math+musr,,1.0,0.25,63,0.0190671384334564,0.9484629294755876,5.363344208524047
bbh+gpqa+ifeval+math+musr,,1.0,0.25,64,0.0190560594201087,0.9511754068716094,5.371367381487711
bbh+gpqa+ifeval+math+musr,,1.0,0.25,65,0.0190326776355505,0.943490054249548,5.3763589785599555
bbh+gpqa+ifeval+math+musr,,1.0,0.25,66,0.0190561115741729,0.939873417721519,5.366704054977018
bbh+gpqa+ifeval+math+musr,,1.0,0.25,67,0.0190691519528627,0.9471066907775768,5.360540681770196
bbh+gpqa+ifeval+math+musr,,1.0,0.25,68,0.0190576147288084,0.9543399638336348,5.3637874746373475
bbh+gpqa+ifeval+math+musr,,1.0,0.25,69,0.0190745927393436,0.953887884267631,5.354408670703561
bbh+gpqa+ifeval+math+musr,,1.0,0.25,70,0.0190660879015922,0.9507233273056056,5.367049067350619
bbh+gpqa+ifeval+math+musr,,1.0,0.25,71,0.0190401095896959,0.9511754068716094,5.380188768568113
bbh+gpqa+ifeval+math+musr,,1.0,0.25,72,0.0190501846373081,0.9452983725135624,5.377275189350248
bbh+gpqa+ifeval+math+musr,,1.0,0.25,73,0.0190699789673089,0.951627486437613,5.35740860518209
bbh+gpqa+ifeval+math+musr,,1.0,0.25,74,0.0190551057457923,0.9534358047016276,5.369245566540063
bbh+gpqa+ifeval+math+musr,,1.0,0.25,75,0.0190711393952369,0.9566003616636528,5.3590011160983915
bbh+gpqa+ifeval+math+musr,,1.0,0.25,76,0.0190691575407981,0.9507233273056056,5.361809501311417
bbh+gpqa+ifeval+math+musr,,1.0,0.25,77,0.0190753526985645,0.9606690777576852,5.358451192825024
bbh+gpqa+ifeval+math+musr,,1.0,0.25,78,0.0190532989799976,0.9547920433996384,5.3659966209886445
bbh+gpqa+ifeval+math+musr,,1.0,0.25,79,0.0190353710204362,0.9579566003616636,5.381105250367827
bbh+gpqa+ifeval+math+musr,,1.0,0.25,80,0.0190441813319921,0.9588607594936708,5.3745202474835825
bbh+gpqa+ifeval+math+musr,,1.0,0.25,81,0.0190794933587312,0.9529837251356238,5.3523459248121465
bbh+gpqa+ifeval+math+musr,,1.0,0.25,82,0.0190836619585752,0.9547920433996384,5.355339823167709
bbh+gpqa+ifeval+math+musr,,1.0,0.25,83,0.0190732218325138,0.9556962025316456,5.358863612399391
bbh+gpqa+ifeval+math+musr,,1.0,0.25,84,0.0190366636961698,0.9525316455696202,5.374287365116464
bbh+gpqa+ifeval+math+musr,,1.0,0.25,85,0.0190778635442256,0.953887884267631,5.360218527274724
bbh+gpqa+ifeval+math+musr,,1.0,0.25,86,0.0190560035407543,0.9484629294755876,5.372735543506534
bbh+gpqa+ifeval+math+musr,,1.0,0.25,87,0.0190726164728403,0.9547920433996384,5.35962974642711
bbh+gpqa+ifeval+math+musr,,1.0,0.25,88,0.0190754774957895,0.9525316455696202,5.357767192456974
bbh+gpqa+ifeval+math+musr,,1.0,0.25,89,0.0190532114356756,0.9520795660036168,5.366779683165987
bbh+gpqa+ifeval+math+musr,,1.0,0.25,90,0.0190610140562057,0.9507233273056056,5.3667342404713105
bbh+gpqa+ifeval+math+musr,,1.0,0.25,91,0.0190515369176864,0.9556962025316456,5.374459969803037
bbh+gpqa+ifeval+math+musr,,1.0,0.25,92,0.0190598666667938,0.948010849909584,5.365256911081951
bbh+gpqa+ifeval+math+musr,,1.0,0.25,93,0.019098725169897,0.9421338155515372,5.347367404246021
bbh+gpqa+ifeval+math+musr,,1.0,0.25,94,0.0190670751035213,0.9489150090415912,5.361875007695773
bbh+gpqa+ifeval+math+musr,,1.0,0.25,95,0.0190926883369684,0.9466546112115732,5.346996804693281
bbh+gpqa+ifeval+math+musr,,1.0,0.25,96,0.0190902799367904,0.9529837251356238,5.342693736275593
bbh+gpqa+ifeval+math+musr,,1.0,0.25,97,0.019104404374957,0.9511754068716094,5.337717347912706
bbh+gpqa+ifeval+math+musr,,1.0,0.25,98,0.0190535988658666,0.9430379746835442,5.363924797444459
bbh+gpqa+ifeval+math+musr,,1.0,0.25,99,0.0190704111009836,0.953887884267631,5.367671327294356
mmlu-pro,,1.0,0.025,0,0.0678343027830123,0.94713059195662,3.4861218081498464
mmlu-pro,,1.0,0.025,1,0.0678779333829879,0.946226841391776,3.4948267191937537
mmlu-pro,,1.0,0.025,2,0.0674529075622558,0.94713059195662,3.5253756304832997
mmlu-pro,,1.0,0.025,3,0.0676524490118026,0.9426118391323997,3.5183618904020912
mmlu-pro,,1.0,0.025,4,0.0678118765354156,0.9516493447808404,3.4911134875274445
mmlu-pro,,1.0,0.025,5,0.06747817248106,0.9403524627202892,3.528855665929514
mmlu-pro,,1.0,0.025,6,0.067818634212017,0.948034342521464,3.503444311685884
mmlu-pro,,1.0,0.025,7,0.0679227113723754,0.9552643470402168,3.4789199045398234
mmlu-pro,,1.0,0.025,8,0.0678164511919021,0.9489380930863082,3.491681208263341
mmlu-pro,,1.0,0.025,9,0.067814327776432,0.946226841391776,3.482487654551011
mmlu-pro,,1.0,0.025,10,0.0675516724586486,0.9453230908269318,3.5248449049536514
mmlu-pro,,1.0,0.025,11,0.068052552640438,0.9489380930863082,3.46334724312201
mmlu-pro,,1.0,0.025,12,0.0678594633936882,0.9435155896972436,3.481797166274538
mmlu-pro,,1.0,0.025,13,0.0675254985690116,0.9426118391323997,3.5177793379840687
mmlu-pro,,1.0,0.025,14,0.0674168244004249,0.9408043380027112,3.5418470002037643
mmlu-pro,,1.0,0.025,15,0.067857377231121,0.947582467239042,3.4883196196283106
mmlu-pro,,1.0,0.025,16,0.0677475854754448,0.9539087211929508,3.4968590790169682
mmlu-pro,,1.0,0.025,17,0.0677925571799278,0.9489380930863082,3.4909019399602697
mmlu-pro,,1.0,0.025,18,0.0679354518651962,0.9484862178038862,3.4730362589065495
mmlu-pro,,1.0,0.025,19,0.0676905810832977,0.9408043380027112,3.5111181205444204
mmlu-pro,,1.0,0.025,20,0.067735731601715,0.9453230908269318,3.505868774014957
mmlu-pro,,1.0,0.025,21,0.0676086470484733,0.9448712155445096,3.510087434336343
mmlu-pro,,1.0,0.025,22,0.0675893127918243,0.9525530953456848,3.5230400849338785
mmlu-pro,,1.0,0.025,23,0.0674376413226127,0.9435155896972436,3.5262183807100316
mmlu-pro,,1.0,0.025,24,0.0678257644176483,0.9435155896972436,3.498760753080011
mmlu-pro,,1.0,0.025,25,0.0681935027241706,0.9570718481699052,3.4496993618795027
mmlu-pro,,1.0,0.025,26,0.0672656595706939,0.938093086308179,3.5344180248792063
mmlu-pro,,1.0,0.025,27,0.0679042488336563,0.9521012200632626,3.482985446640306
mmlu-pro,,1.0,0.025,28,0.067495048046112,0.946226841391776,3.514484656069288
mmlu-pro,,1.0,0.025,29,0.067989744246006,0.945774966109354,3.475435820177679
mmlu-pro,,1.0,0.025,30,0.0675276592373848,0.9412562132851332,3.524657250598562
mmlu-pro,,1.0,0.025,31,0.0675679147243499,0.9426118391323997,3.5121588212794244
mmlu-pro,,1.0,0.025,32,0.0676492378115654,0.9439674649796655,3.505648806055283
mmlu-pro,,1.0,0.025,33,0.0682681798934936,0.9444193402620876,3.4489882782521177
mmlu-pro,,1.0,0.025,34,0.0680577829480171,0.9502937189335744,3.4823928335283654
mmlu-pro,,1.0,0.025,35,0.0680141448974609,0.9534568459105288,3.4750088423894683
mmlu-pro,,1.0,0.025,36,0.067773088812828,0.9399005874378672,3.5112909781439985
mmlu-pro,,1.0,0.025,37,0.0675765499472618,0.946226841391776,3.525357933033764
mmlu-pro,,1.0,0.025,38,0.0678106918931007,0.9412562132851332,3.487338385512329
mmlu-pro,,1.0,0.025,39,0.0678373500704765,0.9530049706281066,3.486564907006529
mmlu-pro,,1.0,0.025,40,0.0673724263906478,0.947582467239042,3.530313296062627
mmlu-pro,,1.0,0.025,41,0.067772626876831,0.946226841391776,3.4949108764542323
mmlu-pro,,1.0,0.025,42,0.0676178783178329,0.9371893357433349,3.510566675753061
mmlu-pro,,1.0,0.025,43,0.0674732625484466,0.94713059195662,3.5322998523147344
mmlu-pro,,1.0,0.025,44,0.0681683048605918,0.9435155896972436,3.455110043390642
mmlu-pro,,1.0,0.025,45,0.0679268240928649,0.94713059195662,3.485850727732622
mmlu-pro,,1.0,0.025,46,0.0676629170775413,0.94713059195662,3.5082909022749447
mmlu-pro,,1.0,0.025,47,0.0676824301481247,0.9543605964753727,3.511495166032934
mmlu-pro,,1.0,0.025,48,0.067643754184246,0.9412562132851332,3.5043150700924226
mmlu-pro,,1.0,0.025,49,0.0674100741744041,0.9530049706281066,3.5441783528545017
mmlu-pro,,1.0,0.025,50,0.0677769631147384,0.9552643470402168,3.4815952264126073
mmlu-pro,,1.0,0.025,51,0.0677189007401466,0.9453230908269318,3.508099646820584
mmlu-pro,,1.0,0.025,52,0.0676013082265853,0.945774966109354,3.508276944980085
mmlu-pro,,1.0,0.025,53,0.0679922103881836,0.9484862178038862,3.484712818127603
mmlu-pro,,1.0,0.025,54,0.0676282793283462,0.956168097605061,3.497463199411002
mmlu-pro,,1.0,0.025,55,0.0676052644848823,0.9448712155445096,3.52114859561051
mmlu-pro,,1.0,0.025,56,0.0680503100156784,0.94713059195662,3.4682464933829427
mmlu-pro,,1.0,0.025,57,0.0678398460149765,0.9498418436511524,3.4892085577360885
mmlu-pro,,1.0,0.025,58,0.0678702965378761,0.9453230908269318,3.4870286211832253
mmlu-pro,,1.0,0.025,59,0.0680141597986221,0.9493899683687302,3.465744994951306
mmlu-pro,,1.0,0.025,60,0.0675112903118133,0.9489380930863082,3.5210533132580735
mmlu-pro,,1.0,0.025,61,0.0676817148923873,0.9511974694984184,3.498027012443086
mmlu-pro,,1.0,0.025,62,0.0677012279629707,0.9412562132851332,3.5015861461011464
mmlu-pro,,1.0,0.025,63,0.0678172707557678,0.946678716674198,3.484027467379318
mmlu-pro,,1.0,0.025,64,0.0675637200474739,0.9493899683687302,3.526828654997553
mmlu-pro,,1.0,0.025,65,0.0680800974369049,0.9530049706281066,3.4615152502318267
mmlu-pro,,1.0,0.025,66,0.0677898824214935,0.9403524627202892,3.489071591737026
mmlu-pro,,1.0,0.025,67,0.0676910877227783,0.938996836873023,3.5023815309158586
mmlu-pro,,1.0,0.025,68,0.0676923468708992,0.9448712155445096,3.4870195761086165
mmlu-pro,,1.0,0.025,69,0.0679660066962242,0.9502937189335744,3.474442483866288
mmlu-pro,,1.0,0.025,70,0.0679067000746727,0.945774966109354,3.479271199856525
mmlu-pro,,1.0,0.025,71,0.0673882886767387,0.947582467239042,3.524976407315703
mmlu-pro,,1.0,0.025,72,0.0679087042808532,0.9493899683687302,3.4780647942558818
mmlu-pro,,1.0,0.025,73,0.0679672136902809,0.9493899683687302,3.4767796144729086
mmlu-pro,,1.0,0.025,74,0.0675973743200302,0.9530049706281066,3.5101331286782167
mmlu-pro,,1.0,0.025,75,0.0671507716178894,0.9444193402620876,3.559089692117566
mmlu-pro,,1.0,0.025,76,0.0674557313323021,0.94713059195662,3.5184675063559805
mmlu-pro,,1.0,0.025,77,0.0678492113947868,0.9448712155445096,3.478977279451831
mmlu-pro,,1.0,0.025,78,0.0674971416592598,0.9408043380027112,3.53249834846409
mmlu-pro,,1.0,0.025,79,0.0679483413696289,0.9394487121554452,3.4640908415382334
mmlu-pro,,1.0,0.025,80,0.0677844136953353,0.9408043380027112,3.4901881875349297
mmlu-pro,,1.0,0.025,81,0.0676940158009529,0.9521012200632626,3.5034281909350273
mmlu-pro,,1.0,0.025,82,0.0676283687353134,0.9489380930863082,3.5092159579868616
mmlu-pro,,1.0,0.025,83,0.0678658634424209,0.9489380930863082,3.490697994859333
mmlu-pro,,1.0,0.025,84,0.0680057629942894,0.9417080885675554,3.473169841649131
mmlu-pro,,1.0,0.025,85,0.0677951946854591,0.948034342521464,3.49564699902405
mmlu-pro,,1.0,0.025,86,0.0675126165151596,0.946226841391776,3.5183294717957705
mmlu-pro,,1.0,0.025,87,0.0673091039061546,0.946678716674198,3.553909680412133
mmlu-pro,,1.0,0.025,88,0.0679646432399749,0.9371893357433349,3.474393896234272
mmlu-pro,,1.0,0.025,89,0.0672427341341972,0.946678716674198,3.545562373653643
mmlu-pro,,1.0,0.025,90,0.0674101412296295,0.9539087211929508,3.530721561464439
mmlu-pro,,1.0,0.025,91,0.0673634707927703,0.9408043380027112,3.5433661961200915
mmlu-pro,,1.0,0.025,92,0.067445583641529,0.9511974694984184,3.517743457167223
mmlu-pro,,1.0,0.025,93,0.0680552348494529,0.94713059195662,3.4593640621431176
mmlu-pro,,1.0,0.025,94,0.0678482726216316,0.9453230908269318,3.4820392324436567
mmlu-pro,,1.0,0.025,95,0.0676260218024253,0.9417080885675554,3.514524609988603
mmlu-pro,,1.0,0.025,96,0.0680724307894706,0.9493899683687302,3.459442749649444
mmlu-pro,,1.0,0.025,97,0.0679857805371284,0.938093086308179,3.4734869451887134
mmlu-pro,,1.0,0.025,98,0.0677088946104049,0.9484862178038862,3.5007619303114508
mmlu-pro,,1.0,0.025,99,0.0677090585231781,0.948034342521464,3.492474139727806
mmlu-pro,,1.0,0.05,0,0.0424380712211132,0.9439674649796655,4.340378148312492
mmlu-pro,,1.0,0.05,1,0.0425962917506694,0.9430637144148216,4.316877489632973
mmlu-pro,,1.0,0.05,2,0.0424527153372764,0.945774966109354,4.337317704798857
mmlu-pro,,1.0,0.05,3,0.0426540933549404,0.9530049706281066,4.297171638871369
mmlu-pro,,1.0,0.05,4,0.042702343314886,0.9511974694984184,4.2834613700047175
mmlu-pro,,1.0,0.05,5,0.0428096614778041,0.9376412110257568,4.265979726727811
mmlu-pro,,1.0,0.05,6,0.0423865467309951,0.9448712155445096,4.354122084860664
mmlu-pro,,1.0,0.05,7,0.0427611581981182,0.9444193402620876,4.274287431392665
mmlu-pro,,1.0,0.05,8,0.0424966625869274,0.9502937189335744,4.329199329594433
mmlu-pro,,1.0,0.05,9,0.0426360554993152,0.948034342521464,4.292687934794898
mmlu-pro,,1.0,0.05,10,0.0424727164208889,0.9426118391323997,4.33548479539979
mmlu-pro,,1.0,0.05,11,0.042917750775814,0.945774966109354,4.246569914462163
mmlu-pro,,1.0,0.05,12,0.0426130332052707,0.9548124717577948,4.300831704560058
mmlu-pro,,1.0,0.05,13,0.0424007400870323,0.9394487121554452,4.34679552324457
mmlu-pro,,1.0,0.05,14,0.0425833687186241,0.947582467239042,4.313150548642708
mmlu-pro,,1.0,0.05,15,0.0426924191415309,0.9439674649796655,4.293706366711823
mmlu-pro,,1.0,0.05,16,0.0426953807473182,0.9385449615906012,4.28071484829551
mmlu-pro,,1.0,0.05,17,0.0425022132694721,0.9502937189335744,4.327722188273347
mmlu-pro,,1.0,0.05,18,0.042550902813673,0.9385449615906012,4.310775330706751
mmlu-pro,,1.0,0.05,19,0.0426583550870418,0.945774966109354,4.300309993028259
mmlu-pro,,1.0,0.05,20,0.0426173098385334,0.9484862178038862,4.306585729865833
mmlu-pro,,1.0,0.05,21,0.0424876622855663,0.948034342521464,4.338295385499853
mmlu-pro,,1.0,0.05,22,0.0426984690129756,0.9507455942159964,4.299459759881403
mmlu-pro,,1.0,0.05,23,0.0424835495650768,0.9453230908269318,4.33192408531035
mmlu-pro,,1.0,0.05,24,0.0426980033516883,0.9394487121554452,4.298052835448848
mmlu-pro,,1.0,0.05,25,0.0426475889980793,0.9552643470402168,4.29609952518458
mmlu-pro,,1.0,0.05,26,0.0424452945590019,0.948034342521464,4.337078107552805
mmlu-pro,,1.0,0.05,27,0.0426869764924049,0.9430637144148216,4.279132431453301
mmlu-pro,,1.0,0.05,28,0.0422745905816555,0.948034342521464,4.366289427559292
mmlu-pro,,1.0,0.05,29,0.0426103956997394,0.9484862178038862,4.298741923780222
mmlu-pro,,1.0,0.05,30,0.0428538024425506,0.9530049706281066,4.266088454831111
mmlu-pro,,1.0,0.05,31,0.0424734465777874,0.94713059195662,4.327920787289059
mmlu-pro,,1.0,0.05,32,0.0428504720330238,0.9444193402620876,4.251258066284244
mmlu-pro,,1.0,0.05,33,0.0429818592965602,0.9507455942159964,4.230138109595974
mmlu-pro,,1.0,0.05,34,0.0427602492272853,0.9516493447808404,4.28291228258403
mmlu-pro,,1.0,0.05,35,0.0427550636231899,0.9507455942159964,4.279730877288144
mmlu-pro,,1.0,0.05,36,0.0428415425121784,0.9444193402620876,4.272022179307749
mmlu-pro,,1.0,0.05,37,0.0426842868328094,0.946678716674198,4.290337311677767
mmlu-pro,,1.0,0.05,38,0.0430991053581237,0.9448712155445096,4.19938042903236
mmlu-pro,,1.0,0.05,39,0.0428883396089077,0.9367374604609128,4.250522100948213
mmlu-pro,,1.0,0.05,40,0.0422545336186885,0.9525530953456848,4.370253408767264
mmlu-pro,,1.0,0.05,41,0.0424731411039829,0.946678716674198,4.341255761319735
mmlu-pro,,1.0,0.05,42,0.0424528643488884,0.946226841391776,4.34110322685838
mmlu-pro,,1.0,0.05,43,0.0425927750766277,0.9439674649796655,4.320282682977238
mmlu-pro,,1.0,0.05,44,0.0427608080208301,0.9439674649796655,4.277565525594577
mmlu-pro,,1.0,0.05,45,0.0426779501140117,0.9376412110257568,4.29619124168974
mmlu-pro,,1.0,0.05,46,0.0426275730133056,0.9584274740171712,4.30195609127288
mmlu-pro,,1.0,0.05,47,0.0425174385309219,0.9521012200632626,4.335390438518788
mmlu-pro,,1.0,0.05,48,0.0425836518406868,0.9430637144148216,4.30397540864765
mmlu-pro,,1.0,0.05,49,0.0423070713877677,0.956168097605061,4.371852622686415
mmlu-pro,,1.0,0.05,50,0.042525615543127,0.946226841391776,4.311207316666696
mmlu-pro,,1.0,0.05,51,0.0426341146230697,0.9412562132851332,4.311442616616253
mmlu-pro,,1.0,0.05,52,0.0426866263151168,0.947582467239042,4.290348597005738
mmlu-pro,,1.0,0.05,53,0.0427946709096431,0.9539087211929508,4.273365797844798
mmlu-pro,,1.0,0.05,54,0.0425455793738365,0.9448712155445096,4.305794461103553
mmlu-pro,,1.0,0.05,55,0.0425775088369846,0.9353818346136468,4.315700970871486
mmlu-pro,,1.0,0.05,56,0.0426269955933094,0.9493899683687302,4.308149340956146
mmlu-pro,,1.0,0.05,57,0.0426428727805614,0.9566199728874832,4.294958863938617
mmlu-pro,,1.0,0.05,58,0.0425060354173183,0.946678716674198,4.331455342044542
mmlu-pro,,1.0,0.05,59,0.0426602363586425,0.9498418436511524,4.283124233227564
mmlu-pro,,1.0,0.05,60,0.0425243824720382,0.9489380930863082,4.313648431979799
mmlu-pro,,1.0,0.05,61,0.0425927937030792,0.9408043380027112,4.299141076102225
mmlu-pro,,1.0,0.05,62,0.0424824133515358,0.9453230908269318,4.330893612777654
mmlu-pro,,1.0,0.05,63,0.0426401793956756,0.9385449615906012,4.286063460845087
mmlu-pro,,1.0,0.05,64,0.0423331223428249,0.9521012200632626,4.37231055117263
mmlu-pro,,1.0,0.05,65,0.0426196008920669,0.9493899683687302,4.299683183585358
mmlu-pro,,1.0,0.05,66,0.0427520796656608,0.9493899683687302,4.269898060463769
mmlu-pro,,1.0,0.05,67,0.0424986071884632,0.9530049706281066,4.327509838873765
mmlu-pro,,1.0,0.05,68,0.0428798794746398,0.945774966109354,4.243241070690766
mmlu-pro,,1.0,0.05,69,0.0427271015942096,0.9376412110257568,4.2803275792390005
mmlu-pro,,1.0,0.05,70,0.0426437593996524,0.9498418436511524,4.29669226792598
mmlu-pro,,1.0,0.05,71,0.0424928367137908,0.9566199728874832,4.31615987577379
mmlu-pro,,1.0,0.05,72,0.042792834341526,0.9435155896972436,4.271525781753663
mmlu-pro,,1.0,0.05,73,0.0428648255765438,0.9489380930863082,4.247123207319313
mmlu-pro,,1.0,0.05,74,0.0429366827011108,0.9548124717577948,4.236953226811166
mmlu-pro,,1.0,0.05,75,0.0423341244459152,0.9430637144148216,4.368927580601812
mmlu-pro,,1.0,0.05,76,0.0425952672958374,0.9453230908269318,4.297170240583059
mmlu-pro,,1.0,0.05,77,0.0425314754247665,0.9484862178038862,4.312975920459362
mmlu-pro,,1.0,0.05,78,0.0423568040132522,0.938996836873023,4.363212554429479
mmlu-pro,,1.0,0.05,79,0.042652890086174,0.938093086308179,4.2916945988119775
mmlu-pro,,1.0,0.05,80,0.0426069311797618,0.9435155896972436,4.30052888286397
mmlu-pro,,1.0,0.05,81,0.0426731966435909,0.9493899683687302,4.287889442467296
mmlu-pro,,1.0,0.05,82,0.0426996909081935,0.9430637144148216,4.2960478691130275
mmlu-pro,,1.0,0.05,83,0.0427410118281841,0.946678716674198,4.282784214890001
mmlu-pro,,1.0,0.05,84,0.0427703447639942,0.9444193402620876,4.272851901770025
mmlu-pro,,1.0,0.05,85,0.0426971353590488,0.9502937189335744,4.286506910257095
mmlu-pro,,1.0,0.05,86,0.0427495911717414,0.946678716674198,4.274883202320624
mmlu-pro,,1.0,0.05,87,0.0425921790301799,0.9399005874378672,4.310454728906573
mmlu-pro,,1.0,0.05,88,0.0429091639816761,0.9362855851784908,4.240625088277016
mmlu-pro,,1.0,0.05,89,0.0424100346863269,0.946226841391776,4.34423864092097
mmlu-pro,,1.0,0.05,90,0.0425420701503753,0.9507455942159964,4.321498914164607
mmlu-pro,,1.0,0.05,91,0.0425459928810596,0.9453230908269318,4.320474931707377
mmlu-pro,,1.0,0.05,92,0.0424159541726112,0.9444193402620876,4.329883455100122
mmlu-pro,,1.0,0.05,93,0.0425282344222068,0.9484862178038862,4.325516423463047
mmlu-pro,,1.0,0.05,94,0.0424566231667995,0.9552643470402168,4.332885405011745
mmlu-pro,,1.0,0.05,95,0.042551439255476,0.94713059195662,4.317267353650704
mmlu-pro,,1.0,0.05,96,0.0429679080843925,0.9453230908269318,4.228592759251205
mmlu-pro,,1.0,0.05,97,0.0426847264170646,0.9421599638499776,4.291972227544287
mmlu-pro,,1.0,0.05,98,0.0428219810128212,0.94713059195662,4.261556991918863
mmlu-pro,,1.0,0.05,99,0.0429070591926574,0.9453230908269318,4.244595717008157
mmlu-pro,,1.0,0.075,0,0.0321639962494373,0.9521012200632626,4.893303255219568
mmlu-pro,,1.0,0.075,1,0.032243724912405,0.9453230908269318,4.88257251743783
mmlu-pro,,1.0,0.075,2,0.0321470871567726,0.9426118391323997,4.911275263552584
mmlu-pro,,1.0,0.075,3,0.0323001444339752,0.9493899683687302,4.864159753650848
mmlu-pro,,1.0,0.075,4,0.0322939381003379,0.945774966109354,4.868801564649446
mmlu-pro,,1.0,0.075,5,0.0323990434408187,0.938996836873023,4.8378245923335275
mmlu-pro,,1.0,0.075,6,0.0321028307080268,0.9399005874378672,4.925249181602788
mmlu-pro,,1.0,0.075,7,0.0323458276689052,0.9439674649796655,4.849658722657551
mmlu-pro,,1.0,0.075,8,0.0321547016501426,0.9417080885675554,4.910315168389345
mmlu-pro,,1.0,0.075,9,0.0322825014591217,0.9493899683687302,4.856821151074425
mmlu-pro,,1.0,0.075,10,0.0321147106587886,0.9489380930863082,4.919978643634233
mmlu-pro,,1.0,0.075,11,0.0324909463524818,0.945774966109354,4.8040333394411405
mmlu-pro,,1.0,0.075,12,0.0322114191949367,0.9543605964753727,4.884186762702496
mmlu-pro,,1.0,0.075,13,0.032146506011486,0.9421599638499776,4.906156552682049
mmlu-pro,,1.0,0.075,14,0.0322362408041954,0.9426118391323997,4.878342343395039
mmlu-pro,,1.0,0.075,15,0.0323229543864727,0.9426118391323997,4.857858888841412
mmlu-pro,,1.0,0.075,16,0.0322567634284496,0.945774966109354,4.8654368747163135
mmlu-pro,,1.0,0.075,17,0.0321930795907974,0.9548124717577948,4.898003216763847
mmlu-pro,,1.0,0.075,18,0.0321639850735664,0.946226841391776,4.898745909980035
mmlu-pro,,1.0,0.075,19,0.0322963818907737,0.9489380930863082,4.872187493834655
mmlu-pro,,1.0,0.075,20,0.0322145335376262,0.9430637144148216,4.897080131946431
mmlu-pro,,1.0,0.075,21,0.032186359167099,0.945774966109354,4.9072344197822755
mmlu-pro,,1.0,0.075,22,0.0323279872536659,0.9539087211929508,4.861974441015015
mmlu-pro,,1.0,0.075,23,0.0321805886924266,0.9489380930863082,4.9041552662345245
mmlu-pro,,1.0,0.075,24,0.032311774790287,0.9530049706281066,4.863853855212552
mmlu-pro,,1.0,0.075,25,0.032290194183588,0.9534568459105288,4.866124696445593
mmlu-pro,,1.0,0.075,26,0.032157115638256,0.9539087211929508,4.903087975618141
mmlu-pro,,1.0,0.075,27,0.0322847478091716,0.9489380930863082,4.855020446050356
mmlu-pro,,1.0,0.075,28,0.0320490300655365,0.9435155896972436,4.93176285922339
mmlu-pro,,1.0,0.075,29,0.0322201773524284,0.9543605964753727,4.88421652792039
mmlu-pro,,1.0,0.075,30,0.0323626324534416,0.9584274740171712,4.851157459994823
mmlu-pro,,1.0,0.075,31,0.0322241783142089,0.9534568459105288,4.88673928201294
mmlu-pro,,1.0,0.075,32,0.0324037447571754,0.9453230908269318,4.828440861469925
mmlu-pro,,1.0,0.075,33,0.032484333962202,0.9498418436511524,4.804627796373747
mmlu-pro,,1.0,0.075,34,0.0323063172399997,0.9444193402620876,4.867491638152573
mmlu-pro,,1.0,0.075,35,0.0323320962488651,0.9502937189335744,4.859070433591569
mmlu-pro,,1.0,0.075,36,0.0323779620230197,0.9502937189335744,4.851610867156182
mmlu-pro,,1.0,0.075,37,0.0322773084044456,0.9507455942159964,4.869929286832915
mmlu-pro,,1.0,0.075,38,0.0325610190629959,0.9444193402620876,4.780260328931379
mmlu-pro,,1.0,0.075,39,0.0323889888823032,0.94713059195662,4.839965283275396
mmlu-pro,,1.0,0.075,40,0.0320778116583824,0.9430637144148216,4.918142836784899
mmlu-pro,,1.0,0.075,41,0.0321605242788791,0.9453230908269318,4.911293943485
mmlu-pro,,1.0,0.075,42,0.0321752429008483,0.946678716674198,4.906670298917676
mmlu-pro,,1.0,0.075,43,0.0322399921715259,0.9484862178038862,4.889602587655753
mmlu-pro,,1.0,0.075,44,0.0323156304657459,0.9376412110257568,4.86456441895417
mmlu-pro,,1.0,0.075,45,0.0322749242186546,0.9408043380027112,4.875955869475402
mmlu-pro,,1.0,0.075,46,0.0322640500962734,0.9566199728874832,4.8733013937899905
mmlu-pro,,1.0,0.075,47,0.0322097465395927,0.9548124717577948,4.9025924297062575
mmlu-pro,,1.0,0.075,48,0.03218799456954,0.9408043380027112,4.886297975391749
mmlu-pro,,1.0,0.075,49,0.0320718996226787,0.9484862178038862,4.937540978152776
mmlu-pro,,1.0,0.075,50,0.0322225354611873,0.9525530953456848,4.878930584367317
mmlu-pro,,1.0,0.075,51,0.0322829037904739,0.9484862178038862,4.876902856915325
mmlu-pro,,1.0,0.075,52,0.0323028825223445,0.9525530953456848,4.860869582342501
mmlu-pro,,1.0,0.075,53,0.0323752798140049,0.9525530953456848,4.844386172650325
mmlu-pro,,1.0,0.075,54,0.0322061143815517,0.9498418436511524,4.877894614957854
mmlu-pro,,1.0,0.075,55,0.0322129838168621,0.9444193402620876,4.892112820652033
mmlu-pro,,1.0,0.075,56,0.0322804860770702,0.9493899683687302,4.870283596547818
mmlu-pro,,1.0,0.075,57,0.0323066301643848,0.9507455942159964,4.853713140868198
mmlu-pro,,1.0,0.075,58,0.0321552045643329,0.9521012200632626,4.909621452523396
mmlu-pro,,1.0,0.075,59,0.0322470813989639,0.9507455942159964,4.872279012375917
mmlu-pro,,1.0,0.075,60,0.032203160226345,0.946678716674198,4.885616303854684
mmlu-pro,,1.0,0.075,61,0.032252300530672,0.9511974694984184,4.868966950090976
mmlu-pro,,1.0,0.075,62,0.0321635045111179,0.945774966109354,4.905569090021953
mmlu-pro,,1.0,0.075,63,0.0322713963687419,0.9448712155445096,4.862801198352067
mmlu-pro,,1.0,0.075,64,0.032108124345541,0.947582467239042,4.931777353822207
mmlu-pro,,1.0,0.075,65,0.032288335263729,0.9507455942159964,4.860131674460429
mmlu-pro,,1.0,0.075,66,0.032334566116333,0.9484862178038862,4.844510270810319
mmlu-pro,,1.0,0.075,67,0.0322063229978084,0.9493899683687302,4.891102164492884
mmlu-pro,,1.0,0.075,68,0.0323853194713592,0.9430637144148216,4.8345152759778625
mmlu-pro,,1.0,0.075,69,0.0323224700987339,0.9444193402620876,4.859880397117687
mmlu-pro,,1.0,0.075,70,0.0322644934058189,0.9484862178038862,4.875300572434577
mmlu-pro,,1.0,0.075,71,0.0321124196052551,0.9498418436511524,4.916432491981071
mmlu-pro,,1.0,0.075,72,0.0323659107089042,0.9435155896972436,4.844101180589403
mmlu-pro,,1.0,0.075,73,0.0323855765163898,0.9489380930863082,4.835768978603623
mmlu-pro,,1.0,0.075,74,0.0324640981853008,0.9552643470402168,4.806094142140111
mmlu-pro,,1.0,0.075,75,0.0321168415248394,0.94713059195662,4.926432995863361
mmlu-pro,,1.0,0.075,76,0.0322275422513484,0.946678716674198,4.881321410060596
mmlu-pro,,1.0,0.075,77,0.0322352349758148,0.9516493447808404,4.876686600927535
mmlu-pro,,1.0,0.075,78,0.0320888832211494,0.9430637144148216,4.932174513713466
mmlu-pro,,1.0,0.075,79,0.0322720669209957,0.9426118391323997,4.8681915929947275
mmlu-pro,,1.0,0.075,80,0.0322588495910167,0.9543605964753727,4.869779772920357
mmlu-pro,,1.0,0.075,81,0.0322760604321956,0.9575237234523272,4.870783751871653
mmlu-pro,,1.0,0.075,82,0.0323355570435524,0.9539087211929508,4.853099343121326
mmlu-pro,,1.0,0.075,83,0.0323339439928531,0.946678716674198,4.857781711693373
mmlu-pro,,1.0,0.075,84,0.0323515087366104,0.9489380930863082,4.843976896622027
mmlu-pro,,1.0,0.075,85,0.0323021784424781,0.955716222322639,4.859247865412577
mmlu-pro,,1.0,0.075,86,0.0323376394808292,0.9444193402620876,4.848504198141003
mmlu-pro,,1.0,0.075,87,0.0322401411831378,0.9439674649796655,4.885588682133487
mmlu-pro,,1.0,0.075,88,0.0324337631464004,0.945774966109354,4.819313621651897
mmlu-pro,,1.0,0.075,89,0.032132938504219,0.94713059195662,4.9114422143217205
mmlu-pro,,1.0,0.075,90,0.0321946665644645,0.946678716674198,4.896724510008187
mmlu-pro,,1.0,0.075,91,0.0322199612855911,0.9453230908269318,4.8872200063091675
mmlu-pro,,1.0,0.075,92,0.0321294292807579,0.9507455942159964,4.901298470644551
mmlu-pro,,1.0,0.075,93,0.0322071574628353,0.9421599638499776,4.89655880693157
mmlu-pro,,1.0,0.075,94,0.0321413576602935,0.9575237234523272,4.906520649965857
mmlu-pro,,1.0,0.075,95,0.0322434194386005,0.9521012200632626,4.873722466275634
mmlu-pro,,1.0,0.075,96,0.0325043685734272,0.94713059195662,4.800896304154296
mmlu-pro,,1.0,0.075,97,0.0323389656841754,0.9426118391323997,4.855649719456607
mmlu-pro,,1.0,0.075,98,0.0323590040206909,0.9507455942159964,4.843920029945908
mmlu-pro,,1.0,0.075,99,0.0324497036635875,0.948034342521464,4.816200286399003
mmlu-pro,,1.0,0.1,0,0.0263716746121644,0.9552643470402168,5.3208012394294135
mmlu-pro,,1.0,0.1,1,0.0264290664345026,0.9417080885675554,5.304250459758642
mmlu-pro,,1.0,0.1,2,0.0263878442347049,0.945774966109354,5.317012594463902
mmlu-pro,,1.0,0.1,3,0.0264755077660083,0.94713059195662,5.285535871662514
mmlu-pro,,1.0,0.1,4,0.0264811646193265,0.9502937189335744,5.281811968072031
mmlu-pro,,1.0,0.1,5,0.0265565328299999,0.9430637144148216,5.257685924458933
mmlu-pro,,1.0,0.1,6,0.0263536404818296,0.9426118391323997,5.336066716205561
mmlu-pro,,1.0,0.1,7,0.0265043508261442,0.945774966109354,5.269791274386291
mmlu-pro,,1.0,0.1,8,0.0263943783938884,0.9521012200632626,5.315375396679391
mmlu-pro,,1.0,0.1,9,0.0264829900115728,0.9521012200632626,5.269270091045531
mmlu-pro,,1.0,0.1,10,0.0263628829270601,0.955716222322639,5.3266607454557775
mmlu-pro,,1.0,0.1,11,0.0266174785792827,0.9502937189335744,5.21925049732503
mmlu-pro,,1.0,0.1,12,0.0264239311218261,0.9566199728874832,5.295629316436806
mmlu-pro,,1.0,0.1,13,0.0263651311397552,0.947582467239042,5.328502843677097
mmlu-pro,,1.0,0.1,14,0.0264452435076236,0.9435155896972436,5.2923970035572045
mmlu-pro,,1.0,0.1,15,0.02648158185184,0.947582467239042,5.2870563132859765
mmlu-pro,,1.0,0.1,16,0.0264368951320648,0.9502937189335744,5.290526997877694
mmlu-pro,,1.0,0.1,17,0.0264078583568334,0.9498418436511524,5.311614756791656
mmlu-pro,,1.0,0.1,18,0.0263721588999032,0.9493899683687302,5.314052083869192
mmlu-pro,,1.0,0.1,19,0.0264658350497484,0.9502937189335744,5.293992166071361
mmlu-pro,,1.0,0.1,20,0.0264488961547613,0.9552643470402168,5.291574231322428
mmlu-pro,,1.0,0.1,21,0.0263848546892404,0.946678716674198,5.323089040259187
mmlu-pro,,1.0,0.1,22,0.0264936797320842,0.9484862178038862,5.281093383870016
mmlu-pro,,1.0,0.1,23,0.026408739387989,0.9552643470402168,5.3108247381159535
mmlu-pro,,1.0,0.1,24,0.0264868028461933,0.9511974694984184,5.2823269921262
mmlu-pro,,1.0,0.1,25,0.0264579970389604,0.9552643470402168,5.291996113650554
mmlu-pro,,1.0,0.1,26,0.0263916607946157,0.9498418436511524,5.309674619990157
mmlu-pro,,1.0,0.1,27,0.0264590885490179,0.9399005874378672,5.276603187481819
mmlu-pro,,1.0,0.1,28,0.0263065192848444,0.946226841391776,5.34040331269846
mmlu-pro,,1.0,0.1,29,0.0264018103480339,0.9489380930863082,5.308626449704569
mmlu-pro,,1.0,0.1,30,0.0265093725174665,0.9507455942159964,5.27478656577485
mmlu-pro,,1.0,0.1,31,0.0264387913048267,0.9525530953456848,5.288539362389195
mmlu-pro,,1.0,0.1,32,0.0265380199998617,0.94713059195662,5.25875260354416
mmlu-pro,,1.0,0.1,33,0.0266107898205518,0.9566199728874832,5.225205298107799
mmlu-pro,,1.0,0.1,34,0.02650305069983,0.9489380930863082,5.281357759387738
mmlu-pro,,1.0,0.1,35,0.0265416298061609,0.9453230908269318,5.2631436904568245
mmlu-pro,,1.0,0.1,36,0.0265405718237161,0.9439674649796655,5.26850175366274
mmlu-pro,,1.0,0.1,37,0.0264690183103084,0.956168097605061,5.284765746860908
mmlu-pro,,1.0,0.1,38,0.0266346223652362,0.9511974694984184,5.219739663911363
mmlu-pro,,1.0,0.1,39,0.026533855125308,0.9502937189335744,5.261532636034555
mmlu-pro,,1.0,0.1,40,0.0263055171817541,0.9421599638499776,5.3366336436109485
mmlu-pro,,1.0,0.1,41,0.0263632703572511,0.9516493447808404,5.335433271595906
mmlu-pro,,1.0,0.1,42,0.0264048110693693,0.9507455942159964,5.314144268819474
mmlu-pro,,1.0,0.1,43,0.0264290794730186,0.9484862178038862,5.308766999618865
mmlu-pro,,1.0,0.1,44,0.0264776423573493,0.9426118391323997,5.283310454452601
mmlu-pro,,1.0,0.1,45,0.0264505445957183,0.9417080885675554,5.2883155601290275
mmlu-pro,,1.0,0.1,46,0.0264456626027822,0.9611387257117036,5.290543639164091
mmlu-pro,,1.0,0.1,47,0.0264193881303071,0.9484862178038862,5.31329174453745
mmlu-pro,,1.0,0.1,48,0.0263906959444284,0.9453230908269318,5.308406019319932
mmlu-pro,,1.0,0.1,49,0.0263441838324069,0.9484862178038862,5.337769310462187
mmlu-pro,,1.0,0.1,50,0.0264050643891096,0.9493899683687302,5.305277826804554
mmlu-pro,,1.0,0.1,51,0.0264624115079641,0.9448712155445096,5.29416545686426
mmlu-pro,,1.0,0.1,52,0.0264757890254259,0.9516493447808404,5.281990038001513
mmlu-pro,,1.0,0.1,53,0.0265178587287664,0.9511974694984184,5.266367063783967
mmlu-pro,,1.0,0.1,54,0.0264224130660295,0.9502937189335744,5.289299748068809
mmlu-pro,,1.0,0.1,55,0.0264208931475877,0.9417080885675554,5.304904484474677
mmlu-pro,,1.0,0.1,56,0.0264810416847467,0.9502937189335744,5.281330793987036
mmlu-pro,,1.0,0.1,57,0.0265076123178005,0.945774966109354,5.265676914076356
mmlu-pro,,1.0,0.1,58,0.0263819620013237,0.9534568459105288,5.321286626139575
mmlu-pro,,1.0,0.1,59,0.0264262985438108,0.9525530953456848,5.296019625421983
mmlu-pro,,1.0,0.1,60,0.0264061912894248,0.94713059195662,5.304129696996098
mmlu-pro,,1.0,0.1,61,0.0264607463032007,0.9448712155445096,5.276161952529581
mmlu-pro,,1.0,0.1,62,0.0263731889426708,0.9489380930863082,5.3191893899055405
mmlu-pro,,1.0,0.1,63,0.0264205895364284,0.9426118391323997,5.294809212639629
mmlu-pro,,1.0,0.1,64,0.026364266872406,0.9498418436511524,5.333244184412313
mmlu-pro,,1.0,0.1,65,0.0264775175601243,0.9548124717577948,5.278917697742127
mmlu-pro,,1.0,0.1,66,0.0265091843903064,0.9516493447808404,5.260565461500024
mmlu-pro,,1.0,0.1,67,0.0264135673642158,0.9439674649796655,5.310921165468949
mmlu-pro,,1.0,0.1,68,0.0265441685914993,0.9435155896972436,5.249220382706992
mmlu-pro,,1.0,0.1,69,0.026482755318284,0.9439674649796655,5.274986777079572
mmlu-pro,,1.0,0.1,70,0.0264657139778137,0.9484862178038862,5.286947645632458
mmlu-pro,,1.0,0.1,71,0.0263430401682853,0.9484862178038862,5.329598119168728
mmlu-pro,,1.0,0.1,72,0.0265105031430721,0.9385449615906012,5.2677984359797705
mmlu-pro,,1.0,0.1,73,0.0265239216387271,0.9507455942159964,5.261500049696019
mmlu-pro,,1.0,0.1,74,0.0265993997454643,0.9570718481699052,5.226743395913078
mmlu-pro,,1.0,0.1,75,0.0263393260538578,0.9484862178038862,5.341759012481913
mmlu-pro,,1.0,0.1,76,0.0264197010546922,0.9408043380027112,5.305456625064238
mmlu-pro,,1.0,0.1,77,0.0264512132853269,0.938996836873023,5.281080288165805
mmlu-pro,,1.0,0.1,78,0.0263607129454612,0.9484862178038862,5.324830092137196
mmlu-pro,,1.0,0.1,79,0.0264796242117881,0.946678716674198,5.277862520216533
mmlu-pro,,1.0,0.1,80,0.0264473501592874,0.955716222322639,5.286583340856677
mmlu-pro,,1.0,0.1,81,0.0264805890619754,0.9548124717577948,5.27858066829889
mmlu-pro,,1.0,0.1,82,0.0264712162315845,0.9543605964753727,5.278429060851178
mmlu-pro,,1.0,0.1,83,0.0265037026256322,0.9439674649796655,5.273469273494298
mmlu-pro,,1.0,0.1,84,0.0265354830771684,0.9530049706281066,5.256163025424772
mmlu-pro,,1.0,0.1,85,0.0264788065105676,0.9539087211929508,5.27773599577333
mmlu-pro,,1.0,0.1,86,0.0265223495662212,0.9489380930863082,5.260928500530697
mmlu-pro,,1.0,0.1,87,0.026442140340805,0.9421599638499776,5.297739867341051
mmlu-pro,,1.0,0.1,88,0.026570064947009,0.9448712155445096,5.242476927984632
mmlu-pro,,1.0,0.1,89,0.0263675637543201,0.9435155896972436,5.319636179291164
mmlu-pro,,1.0,0.1,90,0.0264318063855171,0.9525530953456848,5.300186025864733
mmlu-pro,,1.0,0.1,91,0.0264234226197004,0.9502937189335744,5.30115209355235
mmlu-pro,,1.0,0.1,92,0.0263305902481079,0.956168097605061,5.330382249138933
mmlu-pro,,1.0,0.1,93,0.0264052171260118,0.9426118391323997,5.31292976275262
mmlu-pro,,1.0,0.1,94,0.0263544004410505,0.9606868504292816,5.327081741511993
mmlu-pro,,1.0,0.1,95,0.0264394860714674,0.9435155896972436,5.290319113689851
mmlu-pro,,1.0,0.1,96,0.0266341511160135,0.9448712155445096,5.218722896540476
mmlu-pro,,1.0,0.1,97,0.0265124477446079,0.9426118391323997,5.268124757108386
mmlu-pro,,1.0,0.1,98,0.0265344511717557,0.9484862178038862,5.253762809424743
mmlu-pro,,1.0,0.1,99,0.0265949144959449,0.9511974694984184,5.233135180030219
mmlu-pro,,1.0,0.125,0,0.0225948635488748,0.9507455942159964,5.636418369310543
mmlu-pro,,1.0,0.125,1,0.0226376689970493,0.9534568459105288,5.616477540320091
mmlu-pro,,1.0,0.125,2,0.0226066205650568,0.94713059195662,5.633448032811171
mmlu-pro,,1.0,0.125,3,0.0226558353751897,0.946678716674198,5.60961040038556
mmlu-pro,,1.0,0.125,4,0.0226746909320354,0.9566199728874832,5.6072899450444815
mmlu-pro,,1.0,0.125,5,0.0227250214666128,0.9484862178038862,5.587261910235072
mmlu-pro,,1.0,0.125,6,0.0225882474333047,0.9439674649796655,5.649490489774874
mmlu-pro,,1.0,0.125,7,0.0226725600659847,0.9439674649796655,5.597028819336728
mmlu-pro,,1.0,0.125,8,0.0226135421544313,0.9498418436511524,5.628771886496905
mmlu-pro,,1.0,0.125,9,0.0226728972047567,0.9511974694984184,5.590265577043449
mmlu-pro,,1.0,0.125,10,0.0225773267447948,0.9534568459105288,5.653007991266089
mmlu-pro,,1.0,0.125,11,0.0227816235274076,0.9453230908269318,5.54304215573128
mmlu-pro,,1.0,0.125,12,0.0226303841918706,0.9593312245820154,5.61705677743099
mmlu-pro,,1.0,0.125,13,0.0226006861776113,0.94713059195662,5.6404272587989865
mmlu-pro,,1.0,0.125,14,0.0226514004170894,0.9417080885675554,5.608520302341356
mmlu-pro,,1.0,0.125,15,0.0226726979017257,0.9489380930863082,5.608937304790422
mmlu-pro,,1.0,0.125,16,0.0226358100771904,0.948034342521464,5.613458024039102
mmlu-pro,,1.0,0.125,17,0.0225989148020744,0.946226841391776,5.638346481393817
mmlu-pro,,1.0,0.125,18,0.0225879587233066,0.948034342521464,5.6338723597051334
mmlu-pro,,1.0,0.125,19,0.0226477086544036,0.9521012200632626,5.621216523037532
mmlu-pro,,1.0,0.125,20,0.0226528532803058,0.9552643470402168,5.613988379697754
mmlu-pro,,1.0,0.125,21,0.0226019583642482,0.9439674649796655,5.63935862848601
mmlu-pro,,1.0,0.125,22,0.0226751323789358,0.9507455942159964,5.601040229647128
mmlu-pro,,1.0,0.125,23,0.0226152073591947,0.9543605964753727,5.629599255995412
mmlu-pro,,1.0,0.125,24,0.0226785726845264,0.9552643470402168,5.603227901560166
mmlu-pro,,1.0,0.125,25,0.0226535256952047,0.9566199728874832,5.60887620339178
mmlu-pro,,1.0,0.125,26,0.0226242113858461,0.9507455942159964,5.622124236958639
mmlu-pro,,1.0,0.125,27,0.0226578321307897,0.945774966109354,5.592646879162928
mmlu-pro,,1.0,0.125,28,0.0225153565406799,0.9417080885675554,5.671040673669927
mmlu-pro,,1.0,0.125,29,0.0226091016083955,0.9498418436511524,5.634441616762737
mmlu-pro,,1.0,0.125,30,0.0227059256285429,0.9552643470402168,5.585466120692228
mmlu-pro,,1.0,0.125,31,0.0226345099508762,0.9498418436511524,5.614084198190045
mmlu-pro,,1.0,0.125,32,0.0227039940655231,0.9484862178038862,5.585646364490919
mmlu-pro,,1.0,0.125,33,0.022784860804677,0.956168097605061,5.543942983782826
mmlu-pro,,1.0,0.125,34,0.0226878635585308,0.9394487121554452,5.604209283103509
mmlu-pro,,1.0,0.125,35,0.0227134730666875,0.948034342521464,5.58916450013829
mmlu-pro,,1.0,0.125,36,0.02271169424057,0.9448712155445096,5.591713177737871
mmlu-pro,,1.0,0.125,37,0.0226575974375009,0.956168097605061,5.606538895963747
mmlu-pro,,1.0,0.125,38,0.0227708872407674,0.9534568459105288,5.5540383095116965
mmlu-pro,,1.0,0.125,39,0.0227166637778282,0.9530049706281066,5.577511935195569
mmlu-pro,,1.0,0.125,40,0.0225452557206153,0.947582467239042,5.653541363737473
mmlu-pro,,1.0,0.125,41,0.0225757844746112,0.9448712155445096,5.658346049631641
mmlu-pro,,1.0,0.125,42,0.022627891972661,0.9511974694984184,5.62767993711024
mmlu-pro,,1.0,0.125,43,0.0226315930485725,0.9453230908269318,5.628211911290315
mmlu-pro,,1.0,0.125,44,0.022688515484333,0.947582467239042,5.59666544092738
mmlu-pro,,1.0,0.125,45,0.0226284395903348,0.945774966109354,5.618688732333139
mmlu-pro,,1.0,0.125,46,0.0226583927869796,0.9579755987347492,5.6053916814331695
mmlu-pro,,1.0,0.125,47,0.0226339921355247,0.947582467239042,5.628047279077303
mmlu-pro,,1.0,0.125,48,0.0225884951651096,0.9489380930863082,5.641780234789121
mmlu-pro,,1.0,0.125,49,0.0225627291947603,0.9516493447808404,5.659698949970334
mmlu-pro,,1.0,0.125,50,0.0225983522832393,0.9493899683687302,5.6322351450751125
mmlu-pro,,1.0,0.125,51,0.022676981985569,0.955716222322639,5.6078210983725745
mmlu-pro,,1.0,0.125,52,0.0226606205105781,0.947582467239042,5.609026146103364
mmlu-pro,,1.0,0.125,53,0.0226858761161565,0.9548124717577948,5.593780271105909
mmlu-pro,,1.0,0.125,54,0.0226208437234163,0.9484862178038862,5.618624087910266
mmlu-pro,,1.0,0.125,55,0.022622350603342,0.945774966109354,5.629234638432772
mmlu-pro,,1.0,0.125,56,0.0226849988102912,0.9507455942159964,5.598206511846921
mmlu-pro,,1.0,0.125,57,0.0226904321461915,0.9498418436511524,5.586808892075571
mmlu-pro,,1.0,0.125,58,0.0226008109748363,0.956168097605061,5.640346178150769
mmlu-pro,,1.0,0.125,59,0.0226200055330991,0.9493899683687302,5.625089260275111
mmlu-pro,,1.0,0.125,60,0.022630613297224,0.9444193402620876,5.615729015881528
mmlu-pro,,1.0,0.125,61,0.0226639751344919,0.9439674649796655,5.597203030252033
mmlu-pro,,1.0,0.125,62,0.022571450099349,0.9453230908269318,5.647454138179527
mmlu-pro,,1.0,0.125,63,0.0226297080516815,0.9444193402620876,5.613683361693776
mmlu-pro,,1.0,0.125,64,0.0225847270339727,0.94713059195662,5.651855737208246
mmlu-pro,,1.0,0.125,65,0.0226750764995813,0.9511974694984184,5.599185335191093
mmlu-pro,,1.0,0.125,66,0.0227015297859907,0.9530049706281066,5.582231177936529
mmlu-pro,,1.0,0.125,67,0.0226339139044284,0.9484862178038862,5.621877179757647
mmlu-pro,,1.0,0.125,68,0.0227269306778907,0.9507455942159964,5.567020045317004
mmlu-pro,,1.0,0.125,69,0.0226562712341547,0.948034342521464,5.604875751249591
mmlu-pro,,1.0,0.125,70,0.0226738359779119,0.9502937189335744,5.603599543047746
mmlu-pro,,1.0,0.125,71,0.0225681345909833,0.9489380930863082,5.646422524500202
mmlu-pro,,1.0,0.125,72,0.0226767212152481,0.9399005874378672,5.599653600040715
mmlu-pro,,1.0,0.125,73,0.022705415263772,0.9493899683687302,5.584060804884105
mmlu-pro,,1.0,0.125,74,0.0227412171661853,0.9593312245820154,5.5638360635330395
mmlu-pro,,1.0,0.125,75,0.0225672982633113,0.947582467239042,5.655548827280256
mmlu-pro,,1.0,0.125,76,0.0226182602345943,0.946678716674198,5.627429497962535
mmlu-pro,,1.0,0.125,77,0.0226492416113615,0.9394487121554452,5.603053067881223
mmlu-pro,,1.0,0.125,78,0.0225925575941801,0.945774966109354,5.640800982965743
mmlu-pro,,1.0,0.125,79,0.0226667001843452,0.9448712155445096,5.600736778836534
mmlu-pro,,1.0,0.125,80,0.0226487275213003,0.9579755987347492,5.608091209481031
mmlu-pro,,1.0,0.125,81,0.0226719435304403,0.9534568459105288,5.597707986048974
mmlu-pro,,1.0,0.125,82,0.0226892717182636,0.9525530953456848,5.586193627154554
mmlu-pro,,1.0,0.125,83,0.0226810686290264,0.945774966109354,5.60136733047247
mmlu-pro,,1.0,0.125,84,0.0227092187851667,0.948034342521464,5.581784259880335
mmlu-pro,,1.0,0.125,85,0.0226539932191371,0.9539087211929508,5.609149428320143
mmlu-pro,,1.0,0.125,86,0.0226913131773471,0.9444193402620876,5.592107740760661
mmlu-pro,,1.0,0.125,87,0.0226365085691213,0.9430637144148216,5.622290462843044
mmlu-pro,,1.0,0.125,88,0.0227365233004093,0.9403524627202892,5.5671796355743055
mmlu-pro,,1.0,0.125,89,0.0225946698337793,0.9426118391323997,5.634453909929519
mmlu-pro,,1.0,0.125,90,0.0226445812731981,0.9502937189335744,5.618619441621058
mmlu-pro,,1.0,0.125,91,0.0226080249994993,0.9502937189335744,5.633035194168541
mmlu-pro,,1.0,0.125,92,0.0225443746894598,0.9539087211929508,5.653441041235256
mmlu-pro,,1.0,0.125,93,0.0226234346628189,0.9403524627202892,5.625689791383079
mmlu-pro,,1.0,0.125,94,0.022566894069314,0.9575237234523272,5.649030012099058
mmlu-pro,,1.0,0.125,95,0.0226399060338735,0.94713059195662,5.614003818488419
mmlu-pro,,1.0,0.125,96,0.0227896030992269,0.94713059195662,5.5391219024940215
mmlu-pro,,1.0,0.125,97,0.0226944759488105,0.9439674649796655,5.586003657294296
mmlu-pro,,1.0,0.125,98,0.02270975895226,0.9534568459105288,5.577203846661792
mmlu-pro,,1.0,0.125,99,0.0227922163903713,0.9493899683687302,5.543313342034826
mmlu-pro,,1.0,0.15,0,0.0198893938213586,0.9530049706281066,5.89289228056634
mmlu-pro,,1.0,0.15,1,0.0199134703725576,0.9489380930863082,5.875640726100723
mmlu-pro,,1.0,0.15,2,0.0198902450501918,0.9493899683687302,5.899652527222672
mmlu-pro,,1.0,0.15,3,0.0199435912072658,0.9453230908269318,5.865102971154264
mmlu-pro,,1.0,0.15,4,0.0199490990489721,0.9493899683687302,5.869106367325759
mmlu-pro,,1.0,0.15,5,0.0199910514056682,0.9502937189335744,5.846639896926351
mmlu-pro,,1.0,0.15,6,0.0198758393526077,0.9430637144148216,5.912253801238106
mmlu-pro,,1.0,0.15,7,0.019966235384345,0.9453230908269318,5.8528289030391445
mmlu-pro,,1.0,0.15,8,0.0198955684900283,0.9507455942159964,5.890556536912456
mmlu-pro,,1.0,0.15,9,0.0199708230793476,0.9525530953456848,5.835487015125789
mmlu-pro,,1.0,0.15,10,0.0198825597763061,0.9570718481699052,5.9056985073904675
mmlu-pro,,1.0,0.15,11,0.0200282838195562,0.9507455942159964,5.811643063911793
mmlu-pro,,1.0,0.15,12,0.0199206937104463,0.9530049706281066,5.872093681468748
mmlu-pro,,1.0,0.15,13,0.0198901537805795,0.9430637144148216,5.8975559941996885
mmlu-pro,,1.0,0.15,14,0.0199333783239126,0.9430637144148216,5.86718635708547
mmlu-pro,,1.0,0.15,15,0.0199380349367856,0.9516493447808404,5.872756383910404
mmlu-pro,,1.0,0.15,16,0.0199322495609521,0.9511974694984184,5.866810556067176
mmlu-pro,,1.0,0.15,17,0.019893579185009,0.9435155896972436,5.896009912533782
mmlu-pro,,1.0,0.15,18,0.0198691394180059,0.948034342521464,5.899904864554341
mmlu-pro,,1.0,0.15,19,0.0199375934898853,0.9548124717577948,5.873586100673914
mmlu-pro,,1.0,0.15,20,0.0199337862432003,0.9620424762765476,5.872553366190778
mmlu-pro,,1.0,0.15,21,0.0198760442435741,0.9453230908269318,5.906619841972289
mmlu-pro,,1.0,0.15,22,0.019942408427596,0.9511974694984184,5.865931721159785
mmlu-pro,,1.0,0.15,23,0.0199023596942424,0.9548124717577948,5.885442783934357
mmlu-pro,,1.0,0.15,24,0.0199428815394639,0.9539087211929508,5.868823405020369
mmlu-pro,,1.0,0.15,25,0.0199238788336515,0.9534568459105288,5.875438065540865
mmlu-pro,,1.0,0.15,26,0.0199065692722797,0.9502937189335744,5.883649293228614
mmlu-pro,,1.0,0.15,27,0.0199154317378997,0.948034342521464,5.865491993125008
mmlu-pro,,1.0,0.15,28,0.019829886034131,0.948034342521464,5.92022100213355
mmlu-pro,,1.0,0.15,29,0.0198999438434839,0.9516493447808404,5.8907350356515265
mmlu-pro,,1.0,0.15,30,0.0199785772711038,0.9548124717577948,5.841202453007258
mmlu-pro,,1.0,0.15,31,0.0199144538491964,0.948034342521464,5.873576915536389
mmlu-pro,,1.0,0.15,32,0.0199825260788202,0.9489380930863082,5.839073377785867
mmlu-pro,,1.0,0.15,33,0.0200293287634849,0.955716222322639,5.813001535822925
mmlu-pro,,1.0,0.15,34,0.0199566036462783,0.9444193402620876,5.863708546013052
mmlu-pro,,1.0,0.15,35,0.0199726372957229,0.9430637144148216,5.854267994282056
mmlu-pro,,1.0,0.15,36,0.0199818760156631,0.938093086308179,5.849046017989006
mmlu-pro,,1.0,0.15,37,0.0199233889579772,0.9570718481699052,5.87700701721027
mmlu-pro,,1.0,0.15,38,0.0200216639786958,0.9502937189335744,5.815825073985428
mmlu-pro,,1.0,0.15,39,0.0199795085936784,0.947582467239042,5.838430272401297
mmlu-pro,,1.0,0.15,40,0.0198585279285907,0.9426118391323997,5.904546094611874
mmlu-pro,,1.0,0.15,41,0.0198534354567527,0.9484862178038862,5.92063541513365
mmlu-pro,,1.0,0.15,42,0.0199086926877498,0.9498418436511524,5.884715409289267
mmlu-pro,,1.0,0.15,43,0.019926706328988,0.947582467239042,5.878129410080106
mmlu-pro,,1.0,0.15,44,0.0199641026556491,0.948034342521464,5.853473591877667
mmlu-pro,,1.0,0.15,45,0.0199008118361234,0.94713059195662,5.879812935830586
mmlu-pro,,1.0,0.15,46,0.019931610673666,0.9566199728874832,5.8717048120844
mmlu-pro,,1.0,0.15,47,0.0199118237942457,0.948034342521464,5.887646805495143
mmlu-pro,,1.0,0.15,48,0.0198794547468423,0.947582467239042,5.900037026734523
mmlu-pro,,1.0,0.15,49,0.0198630057275295,0.9552643470402168,5.917534473915177
mmlu-pro,,1.0,0.15,50,0.0198793783783912,0.9507455942159964,5.896362275839259
mmlu-pro,,1.0,0.15,51,0.0199456438422203,0.9484862178038862,5.87361209396611
mmlu-pro,,1.0,0.15,52,0.0199387781322002,0.946226841391776,5.8666278938160605
mmlu-pro,,1.0,0.15,53,0.0199646390974521,0.9516493447808404,5.85014836070827
mmlu-pro,,1.0,0.15,54,0.0198980122804641,0.9534568459105288,5.884421016801185
mmlu-pro,,1.0,0.15,55,0.0199102498590946,0.9439674649796655,5.88446668051327
mmlu-pro,,1.0,0.15,56,0.0199519619345664,0.9489380930863082,5.864645572821428
mmlu-pro,,1.0,0.15,57,0.0199644733220338,0.9507455942159964,5.846113011226829
mmlu-pro,,1.0,0.15,58,0.0198848005384206,0.9507455942159964,5.900745468890356
mmlu-pro,,1.0,0.15,59,0.0198919624090194,0.9502937189335744,5.887884561951342
mmlu-pro,,1.0,0.15,60,0.0199094675481319,0.9498418436511524,5.879333734219589
mmlu-pro,,1.0,0.15,61,0.0199385862797498,0.9498418436511524,5.864244807027657
mmlu-pro,,1.0,0.15,62,0.0198626983910799,0.9439674649796655,5.90714563294891
mmlu-pro,,1.0,0.15,63,0.019911928102374,0.9435155896972436,5.873492729317843
mmlu-pro,,1.0,0.15,64,0.019878577440977,0.9493899683687302,5.9076613826318125
mmlu-pro,,1.0,0.15,65,0.0199399888515472,0.9543605964753727,5.864830487627712
mmlu-pro,,1.0,0.15,66,0.0199702307581901,0.9570718481699052,5.846056339906867
mmlu-pro,,1.0,0.15,67,0.0199142768979072,0.9484862178038862,5.882311149035545
mmlu-pro,,1.0,0.15,68,0.0199896059930324,0.946226841391776,5.826312328873717
mmlu-pro,,1.0,0.15,69,0.0199433993548154,0.9426118391323997,5.864138295963484
mmlu-pro,,1.0,0.15,70,0.0199414305388927,0.947582467239042,5.866871742570597
mmlu-pro,,1.0,0.15,71,0.0198721773922443,0.9525530953456848,5.901352186250217
mmlu-pro,,1.0,0.15,72,0.0199489239603281,0.938093086308179,5.861323853672307
mmlu-pro,,1.0,0.15,73,0.0199724268168211,0.9493899683687302,5.845847690031603
mmlu-pro,,1.0,0.15,74,0.0200037378817796,0.9624943515589698,5.825486454346042
mmlu-pro,,1.0,0.15,75,0.0198514219373464,0.9521012200632626,5.919103255176893
mmlu-pro,,1.0,0.15,76,0.019900718703866,0.9511974694984184,5.887243686417606
mmlu-pro,,1.0,0.15,77,0.0199189186096191,0.9403524627202892,5.866940715283995
mmlu-pro,,1.0,0.15,78,0.019883831962943,0.9484862178038862,5.8983096034924625
mmlu-pro,,1.0,0.15,79,0.01993646658957,0.9412562132851332,5.864462825007944
mmlu-pro,,1.0,0.15,80,0.0199311263859272,0.9521012200632626,5.8660919112407255
mmlu-pro,,1.0,0.15,81,0.0199301391839981,0.9534568459105288,5.868344680353359
mmlu-pro,,1.0,0.15,82,0.019961142912507,0.94713059195662,5.84958950681539
mmlu-pro,,1.0,0.15,83,0.0199559237807989,0.9453230908269318,5.8607543336842305
mmlu-pro,,1.0,0.15,84,0.0199832916259765,0.9484862178038862,5.838064754422055
mmlu-pro,,1.0,0.15,85,0.0199355203658342,0.9521012200632626,5.867406537825654
mmlu-pro,,1.0,0.15,86,0.0199452023953199,0.9448712155445096,5.860324194386542
mmlu-pro,,1.0,0.15,87,0.0199241954833269,0.9439674649796655,5.873967913494142
mmlu-pro,,1.0,0.15,88,0.019985768944025,0.9417080885675554,5.8397341605623225
mmlu-pro,,1.0,0.15,89,0.0198927521705627,0.946678716674198,5.885171686296099
mmlu-pro,,1.0,0.15,90,0.0199179630726575,0.9493899683687302,5.878495143320529
mmlu-pro,,1.0,0.15,91,0.0198870282620191,0.947582467239042,5.896522028849444
mmlu-pro,,1.0,0.15,92,0.0198456682264804,0.9507455942159964,5.911349034977997
mmlu-pro,,1.0,0.15,93,0.0199044402688741,0.9435155896972436,5.886927682766204
mmlu-pro,,1.0,0.15,94,0.0198574755340814,0.9615906009941256,5.910343706827707
mmlu-pro,,1.0,0.15,95,0.0199216082692146,0.947582467239042,5.874532818779095
mmlu-pro,,1.0,0.15,96,0.0200419835746288,0.9408043380027112,5.797768981588555
mmlu-pro,,1.0,0.15,97,0.0199749749153852,0.9511974694984184,5.84319317706894
mmlu-pro,,1.0,0.15,98,0.0199772100895643,0.9548124717577948,5.837837184787984
mmlu-pro,,1.0,0.15,99,0.0200455039739608,0.946678716674198,5.806701055233636
mmlu-pro,,1.0,0.175,0,0.0178160965442657,0.947582467239042,6.109536520541178
mmlu-pro,,1.0,0.175,1,0.0178426261991262,0.9489380930863082,6.0922177051868
mmlu-pro,,1.0,0.175,2,0.0178145244717597,0.9521012200632626,6.11724054498076
mmlu-pro,,1.0,0.175,3,0.0178512148559093,0.9502937189335744,6.088652251642776
mmlu-pro,,1.0,0.175,4,0.0178521573543548,0.9548124717577948,6.09435230071946
mmlu-pro,,1.0,0.175,5,0.0179072730243206,0.9511974694984184,6.058068707611707
mmlu-pro,,1.0,0.175,6,0.0178041346371173,0.9444193402620876,6.127753625615213
mmlu-pro,,1.0,0.175,7,0.0178870186209678,0.9511974694984184,6.0642340998642865
mmlu-pro,,1.0,0.175,8,0.0178141631186008,0.9453230908269318,6.109130082640098
mmlu-pro,,1.0,0.175,9,0.0178874898701906,0.946226841391776,6.053104495839859
mmlu-pro,,1.0,0.175,10,0.017812306061387,0.9543605964753727,6.116694167900866
mmlu-pro,,1.0,0.175,11,0.0179449450224638,0.9439674649796655,6.020853662029465
mmlu-pro,,1.0,0.175,12,0.0178575497120618,0.9530049706281066,6.0798119899239556
mmlu-pro,,1.0,0.175,13,0.0178345926105976,0.9493899683687302,6.101719959675263
mmlu-pro,,1.0,0.175,14,0.0178428534418344,0.946678716674198,6.092446963512513
mmlu-pro,,1.0,0.175,15,0.0178549159318208,0.9552643470402168,6.089626881702168
mmlu-pro,,1.0,0.175,16,0.0178597811609506,0.9548124717577948,6.079300801788332
mmlu-pro,,1.0,0.175,17,0.0178101509809494,0.94713059195662,6.117020846705586
mmlu-pro,,1.0,0.175,18,0.0177948977798223,0.946226841391776,6.122619986892902
mmlu-pro,,1.0,0.175,19,0.0178528800606727,0.9579755987347492,6.0936343122240375
mmlu-pro,,1.0,0.175,20,0.0178591683506965,0.9579755987347492,6.0851597971596565
mmlu-pro,,1.0,0.175,21,0.0178031176328659,0.947582467239042,6.123890909348289
mmlu-pro,,1.0,0.175,22,0.0178609509021043,0.956168097605061,6.085449602625696
mmlu-pro,,1.0,0.175,23,0.0178285241127014,0.9534568459105288,6.102189556891804
mmlu-pro,,1.0,0.175,24,0.0178682208061218,0.9534568459105288,6.07962890319103
mmlu-pro,,1.0,0.175,25,0.0178429782390594,0.9507455942159964,6.093548088245983
mmlu-pro,,1.0,0.175,26,0.0178355537354946,0.9489380930863082,6.098788425203475
mmlu-pro,,1.0,0.175,27,0.0178289897739887,0.9444193402620876,6.089297999759377
mmlu-pro,,1.0,0.175,28,0.0177666433155536,0.9498418436511524,6.13648887408468
mmlu-pro,,1.0,0.175,29,0.017839141190052,0.948034342521464,6.0976702064132615
mmlu-pro,,1.0,0.175,30,0.0178823117166757,0.9511974694984184,6.065845517777852
mmlu-pro,,1.0,0.175,31,0.0178391616791486,0.9453230908269318,6.091417225696976
mmlu-pro,,1.0,0.175,32,0.0178878530859947,0.9516493447808404,6.061035761895766
mmlu-pro,,1.0,0.175,33,0.0179290436208248,0.956168097605061,6.0354507947946745
mmlu-pro,,1.0,0.175,34,0.0178733672946691,0.947582467239042,6.077265785356631
mmlu-pro,,1.0,0.175,35,0.0178878474980592,0.9362855851784908,6.068238145491655
mmlu-pro,,1.0,0.175,36,0.0178979970514774,0.9408043380027112,6.063154510860596
mmlu-pro,,1.0,0.175,37,0.0178498513996601,0.9530049706281066,6.092239180776853
mmlu-pro,,1.0,0.175,38,0.0179293695837259,0.9498418436511524,6.0350435037936085
mmlu-pro,,1.0,0.175,39,0.017896831035614,0.9435155896972436,6.055242057976539
mmlu-pro,,1.0,0.175,40,0.0177899729460477,0.948034342521464,6.121337273338305
mmlu-pro,,1.0,0.175,41,0.0177998356521129,0.9534568459105288,6.1276123427495675
mmlu-pro,,1.0,0.175,42,0.0178313478827476,0.9511974694984184,6.101294230787401
mmlu-pro,,1.0,0.175,43,0.0178537312895059,0.9507455942159964,6.0889788754628
mmlu-pro,,1.0,0.175,44,0.0178677830845117,0.9489380930863082,6.07732371217124
mmlu-pro,,1.0,0.175,45,0.0178220141679048,0.9426118391323997,6.10028826953891
mmlu-pro,,1.0,0.175,46,0.0178541578352451,0.9570718481699052,6.086365149020048
mmlu-pro,,1.0,0.175,47,0.0178490933030843,0.9507455942159964,6.093967408197249
mmlu-pro,,1.0,0.175,48,0.0178068596869707,0.947582467239042,6.1172910732999455
mmlu-pro,,1.0,0.175,49,0.0177983809262514,0.9543605964753727,6.13139271621598
mmlu-pro,,1.0,0.175,50,0.0178135763853788,0.9516493447808404,6.111855731180856
mmlu-pro,,1.0,0.175,51,0.0178644619882106,0.946226841391776,6.088238043750716
mmlu-pro,,1.0,0.175,52,0.0178490448743104,0.947582467239042,6.092804184825548
mmlu-pro,,1.0,0.175,53,0.0178830102086067,0.956168097605061,6.0604085508932455
mmlu-pro,,1.0,0.175,54,0.017820930108428,0.955716222322639,6.103415128433171
mmlu-pro,,1.0,0.175,55,0.0178451016545295,0.9399005874378672,6.089805332371438
mmlu-pro,,1.0,0.175,56,0.0178690217435359,0.946678716674198,6.082575617096368
mmlu-pro,,1.0,0.175,57,0.0178826618939638,0.9448712155445096,6.059167732030255
mmlu-pro,,1.0,0.175,58,0.0178096331655979,0.9525530953456848,6.119880806091568
mmlu-pro,,1.0,0.175,59,0.0178264081478118,0.946678716674198,6.097561039929045
mmlu-pro,,1.0,0.175,60,0.0178315080702304,0.9448712155445096,6.0950670022669415
mmlu-pro,,1.0,0.175,61,0.0178629606962203,0.947582467239042,6.0790031752872995
mmlu-pro,,1.0,0.175,62,0.0178086142987012,0.9430637144148216,6.11194053655841
mmlu-pro,,1.0,0.175,63,0.0178397372364997,0.9426118391323997,6.09021302034173
mmlu-pro,,1.0,0.175,64,0.0178099852055311,0.9521012200632626,6.117585844859454
mmlu-pro,,1.0,0.175,65,0.0178535655140876,0.9521012200632626,6.083581854788388
mmlu-pro,,1.0,0.175,66,0.0178831499069929,0.9552643470402168,6.064202680006174
mmlu-pro,,1.0,0.175,67,0.0178263690322637,0.9507455942159964,6.109443705216178
mmlu-pro,,1.0,0.175,68,0.0178965870290994,0.9426118391323997,6.045346119034347
mmlu-pro,,1.0,0.175,69,0.0178604647517204,0.9453230908269318,6.081124097873017
mmlu-pro,,1.0,0.175,70,0.0178571995347738,0.9530049706281066,6.081722353473577
mmlu-pro,,1.0,0.175,71,0.0178012680262327,0.9484862178038862,6.11516441192051
mmlu-pro,,1.0,0.175,72,0.017865665256977,0.945774966109354,6.07841504718821
mmlu-pro,,1.0,0.175,73,0.0178862176835536,0.9493899683687302,6.06191033983205
mmlu-pro,,1.0,0.175,74,0.0179055705666542,0.96475372797108,6.047451586148211
mmlu-pro,,1.0,0.175,75,0.0177838876843452,0.9489380930863082,6.137756194453987
mmlu-pro,,1.0,0.175,76,0.0178204756230115,0.945774966109354,6.101772314201477
mmlu-pro,,1.0,0.175,77,0.0178367476910352,0.9362855851784908,6.086848248714048
mmlu-pro,,1.0,0.175,78,0.0178005918860435,0.946678716674198,6.121032283634592
mmlu-pro,,1.0,0.175,79,0.0178612042218446,0.946226841391776,6.077405551182982
mmlu-pro,,1.0,0.175,80,0.0178495310246944,0.9507455942159964,6.084507662811168
mmlu-pro,,1.0,0.175,81,0.0178404431790113,0.955716222322639,6.093340694093965
mmlu-pro,,1.0,0.175,82,0.0178954042494297,0.9493899683687302,6.056694344384985
mmlu-pro,,1.0,0.175,83,0.0178662035614252,0.945774966109354,6.0833889222468
mmlu-pro,,1.0,0.175,84,0.0179010070860385,0.9448712155445096,6.0496405605709365
mmlu-pro,,1.0,0.175,85,0.0178502034395933,0.945774966109354,6.087182560312069
mmlu-pro,,1.0,0.175,86,0.0178575087338686,0.948034342521464,6.083518276795208
mmlu-pro,,1.0,0.175,87,0.0178392641246318,0.948034342521464,6.094670981235248
mmlu-pro,,1.0,0.175,88,0.0179152600467205,0.9399005874378672,6.044327333111746
mmlu-pro,,1.0,0.175,89,0.0178140830248594,0.9439674649796655,6.107013287654448
mmlu-pro,,1.0,0.175,90,0.017835758626461,0.956168097605061,6.097361955318403
mmlu-pro,,1.0,0.175,91,0.017808873206377,0.9444193402620876,6.116260689693918
mmlu-pro,,1.0,0.175,92,0.0177830047905445,0.9539087211929508,6.125026924514138
mmlu-pro,,1.0,0.175,93,0.0178182795643806,0.9484862178038862,6.109364494612095
mmlu-pro,,1.0,0.175,94,0.0177983175963163,0.9570718481699052,6.119325010573027
mmlu-pro,,1.0,0.175,95,0.01784672960639,0.946678716674198,6.090544637783198
mmlu-pro,,1.0,0.175,96,0.017941540107131,0.9430637144148216,6.019889474989818
mmlu-pro,,1.0,0.175,97,0.0178880430757999,0.948034342521464,6.062409327155657
mmlu-pro,,1.0,0.175,98,0.0178928300738334,0.9548124717577948,6.053648658177838
mmlu-pro,,1.0,0.175,99,0.0179473478347063,0.9453230908269318,6.026080739091056
mmlu-pro,,1.0,0.2,0,0.0161691196262836,0.9444193402620876,6.2953101631975885
mmlu-pro,,1.0,0.2,1,0.0161966383457183,0.947582467239042,6.276629408030674
mmlu-pro,,1.0,0.2,2,0.0161746609956026,0.9498418436511524,6.294869593141183
mmlu-pro,,1.0,0.2,3,0.0162060670554637,0.9511974694984184,6.266120252591133
mmlu-pro,,1.0,0.2,4,0.0162127241492271,0.9516493447808404,6.265984214527996
mmlu-pro,,1.0,0.2,5,0.0162451565265655,0.9493899683687302,6.241967315503134
mmlu-pro,,1.0,0.2,6,0.0161670204252004,0.9403524627202892,6.304155280145899
mmlu-pro,,1.0,0.2,7,0.0162277482450008,0.947582467239042,6.248964139961926
mmlu-pro,,1.0,0.2,8,0.0161648765206336,0.946678716674198,6.296176145090009
mmlu-pro,,1.0,0.2,9,0.0162271559238433,0.9511974694984184,6.240587676902087
mmlu-pro,,1.0,0.2,10,0.0161590762436389,0.9575237234523272,6.307058252351915
mmlu-pro,,1.0,0.2,11,0.0162817575037479,0.948034342521464,6.204785668533495
mmlu-pro,,1.0,0.2,12,0.0162010341882705,0.9548124717577948,6.2665022839040745
mmlu-pro,,1.0,0.2,13,0.0161866210401058,0.945774966109354,6.2815323103391165
mmlu-pro,,1.0,0.2,14,0.0161947421729564,0.947582467239042,6.274912388408369
mmlu-pro,,1.0,0.2,15,0.0162059850990772,0.9570718481699052,6.273205741490902
mmlu-pro,,1.0,0.2,16,0.0161987822502851,0.946226841391776,6.270341868263286
mmlu-pro,,1.0,0.2,17,0.0161712616682052,0.94713059195662,6.295793722425752
mmlu-pro,,1.0,0.2,18,0.0161583088338375,0.9453230908269318,6.299998002401549
mmlu-pro,,1.0,0.2,19,0.0161999128758907,0.9579755987347492,6.27736204688605
mmlu-pro,,1.0,0.2,20,0.0162137523293495,0.956168097605061,6.263593159431402
mmlu-pro,,1.0,0.2,21,0.0161587968468666,0.9439674649796655,6.304366686460397
mmlu-pro,,1.0,0.2,22,0.0162084996700286,0.9543605964753727,6.270469803451344
mmlu-pro,,1.0,0.2,23,0.0161878690123558,0.9530049706281066,6.280683782304022
mmlu-pro,,1.0,0.2,24,0.0162171106785535,0.955716222322639,6.260869311743721
mmlu-pro,,1.0,0.2,25,0.0161862131208181,0.9484862178038862,6.283286502543504
mmlu-pro,,1.0,0.2,26,0.0161823071539402,0.947582467239042,6.28665948766161
mmlu-pro,,1.0,0.2,27,0.0161791611462831,0.9376412110257568,6.273950440201866
mmlu-pro,,1.0,0.2,28,0.0161298047751188,0.9489380930863082,6.320613928541596
mmlu-pro,,1.0,0.2,29,0.0161970611661672,0.9525530953456848,6.274180310882239
mmlu-pro,,1.0,0.2,30,0.0162230189889669,0.9435155896972436,6.253236191198381
mmlu-pro,,1.0,0.2,31,0.0161911882460117,0.946226841391776,6.27692486916899
mmlu-pro,,1.0,0.2,32,0.016241829842329,0.9552643470402168,6.235841935971277
mmlu-pro,,1.0,0.2,33,0.0162673331797122,0.956168097605061,6.218008485382448
mmlu-pro,,1.0,0.2,34,0.0162162967026233,0.94713059195662,6.262619994793765
mmlu-pro,,1.0,0.2,35,0.0162289924919605,0.9453230908269318,6.252715242856019
mmlu-pro,,1.0,0.2,36,0.016240332275629,0.94713059195662,6.245405687534707
mmlu-pro,,1.0,0.2,37,0.0161972176283597,0.9530049706281066,6.2787632165016705
mmlu-pro,,1.0,0.2,38,0.0162700694054365,0.9507455942159964,6.219120119624223
mmlu-pro,,1.0,0.2,39,0.0162439979612827,0.9502937189335744,6.235946908094315
mmlu-pro,,1.0,0.2,40,0.0161418467760086,0.9444193402620876,6.309434976420648
mmlu-pro,,1.0,0.2,41,0.0161662362515926,0.9525530953456848,6.302976793370295
mmlu-pro,,1.0,0.2,42,0.0161852482706308,0.9498418436511524,6.282839057530399
mmlu-pro,,1.0,0.2,43,0.0162026286125183,0.9502937189335744,6.27458751843153
mmlu-pro,,1.0,0.2,44,0.0162221435457468,0.9489380930863082,6.255256181536489
mmlu-pro,,1.0,0.2,45,0.0161788091063499,0.9376412110257568,6.281302292124991
mmlu-pro,,1.0,0.2,46,0.0162021573632955,0.9588793492995934,6.269463671741066
mmlu-pro,,1.0,0.2,47,0.0162082649767398,0.9521012200632626,6.269295483021055
mmlu-pro,,1.0,0.2,48,0.0161601547151803,0.9444193402620876,6.300092090360267
mmlu-pro,,1.0,0.2,49,0.0161523092538118,0.94713059195662,6.315578968213407
mmlu-pro,,1.0,0.2,50,0.016167776659131,0.947582467239042,6.295338503811245
mmlu-pro,,1.0,0.2,51,0.016204597428441,0.9484862178038862,6.2770088307373975
mmlu-pro,,1.0,0.2,52,0.0161980111151933,0.9530049706281066,6.275832903561394
mmlu-pro,,1.0,0.2,53,0.016231145709753,0.9511974694984184,6.240806146467565
mmlu-pro,,1.0,0.2,54,0.016167065128684,0.9566199728874832,6.292819454628877
mmlu-pro,,1.0,0.2,55,0.0161945801228284,0.9412562132851332,6.276176657455482
mmlu-pro,,1.0,0.2,56,0.0162165407091379,0.946226841391776,6.263867651840202
mmlu-pro,,1.0,0.2,57,0.0162346735596656,0.9493899683687302,6.237278053786015
mmlu-pro,,1.0,0.2,58,0.0161733534187078,0.956168097605061,6.296634215093098
mmlu-pro,,1.0,0.2,59,0.016181917861104,0.948034342521464,6.2788129403906545
mmlu-pro,,1.0,0.2,60,0.0161841474473476,0.945774966109354,6.280139952961267
mmlu-pro,,1.0,0.2,61,0.0162081364542245,0.9507455942159964,6.261423416355051
mmlu-pro,,1.0,0.2,62,0.0161668695509433,0.9417080885675554,6.293479243809431
mmlu-pro,,1.0,0.2,63,0.0161889474838972,0.9430637144148216,6.276711541663635
mmlu-pro,,1.0,0.2,64,0.0161693692207336,0.9521012200632626,6.294626787972168
mmlu-pro,,1.0,0.2,65,0.0162075906991958,0.9489380930863082,6.26335557848092
mmlu-pro,,1.0,0.2,66,0.0162191707640886,0.9548124717577948,6.253980776986993
mmlu-pro,,1.0,0.2,67,0.0161768365651369,0.946678716674198,6.295823848731461
mmlu-pro,,1.0,0.2,68,0.0162390135228633,0.9353818346136468,6.23191372259546
mmlu-pro,,1.0,0.2,69,0.0161977540701627,0.9412562132851332,6.271378680787457
mmlu-pro,,1.0,0.2,70,0.0162129625678062,0.9530049706281066,6.25785033773451
mmlu-pro,,1.0,0.2,71,0.0161519702523946,0.9421599638499776,6.301194915839907
mmlu-pro,,1.0,0.2,72,0.0162190310657024,0.9489380930863082,6.258292704083416
mmlu-pro,,1.0,0.2,73,0.0162335485219955,0.9484862178038862,6.24334797048824
mmlu-pro,,1.0,0.2,74,0.0162528343498706,0.9615906009941256,6.2265230438888715
mmlu-pro,,1.0,0.2,75,0.0161538142710924,0.9516493447808404,6.310315094389145
mmlu-pro,,1.0,0.2,76,0.0161763932555913,0.9430637144148216,6.281166432773948
mmlu-pro,,1.0,0.2,77,0.0161909833550453,0.9362855851784908,6.272374975764638
mmlu-pro,,1.0,0.2,78,0.016168912872672,0.9426118391323997,6.291611286738608
mmlu-pro,,1.0,0.2,79,0.0162036921828985,0.9439674649796655,6.266062477115364
mmlu-pro,,1.0,0.2,80,0.0161940902471542,0.9484862178038862,6.272677183365885
mmlu-pro,,1.0,0.2,81,0.016181418672204,0.955716222322639,6.284856326850966
mmlu-pro,,1.0,0.2,82,0.016242953017354,0.9498418436511524,6.239030224734649
mmlu-pro,,1.0,0.2,83,0.0162144564092159,0.9421599638499776,6.2651020404634306
mmlu-pro,,1.0,0.2,84,0.0162468217313289,0.9408043380027112,6.230555582547264
mmlu-pro,,1.0,0.2,85,0.0161969885230064,0.9430637144148216,6.271472713221851
mmlu-pro,,1.0,0.2,86,0.0162076838314533,0.94713059195662,6.266371803762372
mmlu-pro,,1.0,0.2,87,0.0161885507404804,0.9453230908269318,6.280278223149807
mmlu-pro,,1.0,0.2,88,0.0162533149123191,0.9421599638499776,6.23154226834191
mmlu-pro,,1.0,0.2,89,0.0161672662943601,0.9430637144148216,6.292383098099707
mmlu-pro,,1.0,0.2,90,0.0161953400820493,0.9521012200632626,6.271729802305588
mmlu-pro,,1.0,0.2,91,0.0161630250513553,0.946226841391776,6.301617188665573
mmlu-pro,,1.0,0.2,92,0.0161426234990358,0.9516493447808404,6.305745654790539
mmlu-pro,,1.0,0.2,93,0.0161742400377988,0.9435155896972436,6.290869653896124
mmlu-pro,,1.0,0.2,94,0.0161499101668596,0.9593312245820154,6.308014439910648
mmlu-pro,,1.0,0.2,95,0.0162008460611104,0.9521012200632626,6.268795087517573
mmlu-pro,,1.0,0.2,96,0.0162846744060516,0.9412562132851332,6.198467412485876
mmlu-pro,,1.0,0.2,97,0.0162352416664361,0.9516493447808404,6.244703820148396
mmlu-pro,,1.0,0.2,98,0.0162372812628746,0.9530049706281066,6.235838545016364
mmlu-pro,,1.0,0.2,99,0.0162870772182941,0.9448712155445096,6.209444703969379
mmlu-pro,,1.0,0.225,0,0.0148276118561625,0.945774966109354,6.445477582771054
mmlu-pro,,1.0,0.225,1,0.0148510383442044,0.9493899683687302,6.42695857127709
mmlu-pro,,1.0,0.225,2,0.0148296123370528,0.9511974694984184,6.446977259269534
mmlu-pro,,1.0,0.225,3,0.0148548325523734,0.9543605964753727,6.419019018919996
mmlu-pro,,1.0,0.225,4,0.0148593848571181,0.9525530953456848,6.4218051586535045
mmlu-pro,,1.0,0.225,5,0.0148846330121159,0.94713059195662,6.401789018458164
mmlu-pro,,1.0,0.225,6,0.0148211512714624,0.9417080885675554,6.456015931622463
mmlu-pro,,1.0,0.225,7,0.0148645341396331,0.9507455942159964,6.409958775805991
mmlu-pro,,1.0,0.225,8,0.0148188956081867,0.9430637144148216,6.4497060435923705
mmlu-pro,,1.0,0.225,9,0.0148712992668151,0.9511974694984184,6.40134298759605
mmlu-pro,,1.0,0.225,10,0.0148143740370869,0.9566199728874832,6.46056786274282
mmlu-pro,,1.0,0.225,11,0.0149151869118213,0.9448712155445096,6.3644866434908
mmlu-pro,,1.0,0.225,12,0.0148515589535236,0.955716222322639,6.420265164498022
mmlu-pro,,1.0,0.225,13,0.0148377995938062,0.9484862178038862,6.4366971199392005
mmlu-pro,,1.0,0.225,14,0.0148441605269908,0.9493899683687302,6.431228965799504
mmlu-pro,,1.0,0.225,15,0.0148576041683554,0.9543605964753727,6.428279263032271
mmlu-pro,,1.0,0.225,16,0.0148480525240302,0.9525530953456848,6.42552106792984
mmlu-pro,,1.0,0.225,17,0.0148284435272216,0.9489380930863082,6.44807911222516
mmlu-pro,,1.0,0.225,18,0.014819586649537,0.9493899683687302,6.4491466871396055
mmlu-pro,,1.0,0.225,19,0.0148502076044678,0.9588793492995934,6.429342802407811
mmlu-pro,,1.0,0.225,20,0.0148593662306666,0.9575237234523272,6.421315557744467
mmlu-pro,,1.0,0.225,21,0.0148115260526537,0.9453230908269318,6.463457990746461
mmlu-pro,,1.0,0.225,22,0.014852468855679,0.9498418436511524,6.4299722895208555
mmlu-pro,,1.0,0.225,23,0.0148340594023466,0.955716222322639,6.440812668460595
mmlu-pro,,1.0,0.225,24,0.014869250357151,0.9525530953456848,6.414176022351363
mmlu-pro,,1.0,0.225,25,0.0148383360356092,0.94713059195662,6.435663596176596
mmlu-pro,,1.0,0.225,26,0.0148399472236633,0.9502937189335744,6.436627549912842
mmlu-pro,,1.0,0.225,27,0.0148332901298999,0.9439674649796655,6.428987293619818
mmlu-pro,,1.0,0.225,28,0.0147899445146322,0.9484862178038862,6.473501972496146
mmlu-pro,,1.0,0.225,29,0.0148414159193634,0.9539087211929508,6.432366386715658
mmlu-pro,,1.0,0.225,30,0.0148715078830719,0.9521012200632626,6.406357593126177
mmlu-pro,,1.0,0.225,31,0.0148372547701001,0.947582467239042,6.436786358206832
mmlu-pro,,1.0,0.225,32,0.0148899815976619,0.9575237234523272,6.389699387649767
mmlu-pro,,1.0,0.225,33,0.0149068469181656,0.9611387257117036,6.376767453948635
mmlu-pro,,1.0,0.225,34,0.0148686738684773,0.9502937189335744,6.4117699787994065
mmlu-pro,,1.0,0.225,35,0.0148726096376776,0.9403524627202892,6.413255212213196
mmlu-pro,,1.0,0.225,36,0.0148785701021552,0.9453230908269318,6.403676824389015
mmlu-pro,,1.0,0.225,37,0.0148347867652773,0.9543605964753727,6.443344914921684
mmlu-pro,,1.0,0.225,38,0.0149091882631182,0.9493899683687302,6.37539188872179
mmlu-pro,,1.0,0.225,39,0.014884958975017,0.9484862178038862,6.3979073977517
mmlu-pro,,1.0,0.225,40,0.0147984633222222,0.946678716674198,6.468071495997585
mmlu-pro,,1.0,0.225,41,0.0148190036416053,0.9579755987347492,6.455033347100957
mmlu-pro,,1.0,0.225,42,0.0148260369896888,0.9489380930863082,6.446715548017269
mmlu-pro,,1.0,0.225,43,0.0148508483543992,0.9502937189335744,6.431619907694549
mmlu-pro,,1.0,0.225,44,0.0148667190223932,0.946226841391776,6.415328442980434
mmlu-pro,,1.0,0.225,45,0.014829060062766,0.9421599638499776,6.439876555577902
mmlu-pro,,1.0,0.225,46,0.0148491924628615,0.9498418436511524,6.426871011837852
mmlu-pro,,1.0,0.225,47,0.0148571785539388,0.948034342521464,6.4260679727020324
mmlu-pro,,1.0,0.225,48,0.0148194897919893,0.9530049706281066,6.4509560126690735
mmlu-pro,,1.0,0.225,49,0.0148100797086954,0.9439674649796655,6.467499011157906
mmlu-pro,,1.0,0.225,50,0.0148224271833896,0.9489380930863082,6.451317714545824
mmlu-pro,,1.0,0.225,51,0.0148530518636107,0.9484862178038862,6.431652879326029
mmlu-pro,,1.0,0.225,52,0.0148528516292572,0.9566199728874832,6.42733629359822
mmlu-pro,,1.0,0.225,53,0.0148747535422444,0.9530049706281066,6.402048857382527
mmlu-pro,,1.0,0.225,54,0.0148243047297,0.9534568459105288,6.446149804658818
mmlu-pro,,1.0,0.225,55,0.0148506248369812,0.9430637144148216,6.425434180631263
mmlu-pro,,1.0,0.225,56,0.0148737709969282,0.945774966109354,6.411147700953413
mmlu-pro,,1.0,0.225,57,0.014876470901072,0.9498418436511524,6.401493279238006
mmlu-pro,,1.0,0.225,58,0.0148250367492437,0.9534568459105288,6.452439505989917
mmlu-pro,,1.0,0.225,59,0.0148313045501708,0.946678716674198,6.437972164728641
mmlu-pro,,1.0,0.225,60,0.0148376207798719,0.9448712155445096,6.434759284124174
mmlu-pro,,1.0,0.225,61,0.0148630337789654,0.9435155896972436,6.410311193857506
mmlu-pro,,1.0,0.225,62,0.0148236751556396,0.9435155896972436,6.44686964504354
mmlu-pro,,1.0,0.225,63,0.0148413283750414,0.9435155896972436,6.432612885280472
mmlu-pro,,1.0,0.225,64,0.0148229235783219,0.9516493447808404,6.449914153284071
mmlu-pro,,1.0,0.225,65,0.0148542011156678,0.9552643470402168,6.4220863722255785
mmlu-pro,,1.0,0.225,66,0.0148706957697868,0.9548124717577948,6.403115105098158
mmlu-pro,,1.0,0.225,67,0.0148267364129424,0.9507455942159964,6.450863239986318
mmlu-pro,,1.0,0.225,68,0.0148818679153919,0.9399005874378672,6.390546710136802
mmlu-pro,,1.0,0.225,69,0.014852738007903,0.9408043380027112,6.4231660678712
mmlu-pro,,1.0,0.225,70,0.0148596810176968,0.9516493447808404,6.4151788255464846
mmlu-pro,,1.0,0.225,71,0.0148123260587453,0.9444193402620876,6.4541275138137415
mmlu-pro,,1.0,0.225,72,0.0148631008341908,0.9525530953456848,6.413783388819644
mmlu-pro,,1.0,0.225,73,0.0148819796741008,0.9511974694984184,6.398049094325909
mmlu-pro,,1.0,0.225,74,0.0148967280983924,0.9661093538183462,6.382012645845321
mmlu-pro,,1.0,0.225,75,0.0148092126473784,0.9516493447808404,6.461967702800871
mmlu-pro,,1.0,0.225,76,0.014824092388153,0.9489380930863082,6.4385846117328995
mmlu-pro,,1.0,0.225,77,0.0148453740403056,0.9448712155445096,6.429120053770141
mmlu-pro,,1.0,0.225,78,0.0148164229467511,0.9444193402620876,6.452896161741556
mmlu-pro,,1.0,0.225,79,0.0148521037772297,0.9453230908269318,6.42329381845935
mmlu-pro,,1.0,0.225,80,0.0148426434025168,0.9489380930863082,6.4265678328083835
mmlu-pro,,1.0,0.225,81,0.014828915707767,0.9511974694984184,6.444710243635552
mmlu-pro,,1.0,0.225,82,0.0148816192522645,0.9507455942159964,6.3981690500880175
mmlu-pro,,1.0,0.225,83,0.0148551873862743,0.9421599638499776,6.42712575187182
mmlu-pro,,1.0,0.225,84,0.0148924849927425,0.9426118391323997,6.385337577009387
mmlu-pro,,1.0,0.225,85,0.014844512566924,0.945774966109354,6.430505189165003
mmlu-pro,,1.0,0.225,86,0.0148541135713458,0.9502937189335744,6.421423575805598
mmlu-pro,,1.0,0.225,87,0.0148409409448504,0.9444193402620876,6.432648245464655
mmlu-pro,,1.0,0.225,88,0.0148918367922306,0.9417080885675554,6.391842148081599
mmlu-pro,,1.0,0.225,89,0.0148256095126271,0.9435155896972436,6.443771354947696
mmlu-pro,,1.0,0.225,90,0.0148345399647951,0.9502937189335744,6.4377572351445975
mmlu-pro,,1.0,0.225,91,0.0148202255368232,0.946226841391776,6.45144298894462
mmlu-pro,,1.0,0.225,92,0.0148020246997475,0.9521012200632626,6.461866449054053
mmlu-pro,,1.0,0.225,93,0.014825495891273,0.945774966109354,6.446400119083793
mmlu-pro,,1.0,0.225,94,0.0148029448464512,0.9579755987347492,6.463362359474097
mmlu-pro,,1.0,0.225,95,0.0148525927215814,0.9521012200632626,6.419855718187743
mmlu-pro,,1.0,0.225,96,0.0149223795160651,0.9426118391323997,6.35655502304645
mmlu-pro,,1.0,0.225,97,0.0148799531161785,0.948034342521464,6.3983834772491175
mmlu-pro,,1.0,0.225,98,0.0148773221299052,0.9493899683687302,6.398789436886097
mmlu-pro,,1.0,0.225,99,0.0149651551619172,0.946678716674198,6.3364436066652745
mmlu-pro,,1.0,0.25,0,0.0136996759101748,0.9489380930863082,6.575864937107482
mmlu-pro,,1.0,0.25,1,0.0137256421148777,0.9511974694984184,6.550809320043807
mmlu-pro,,1.0,0.25,2,0.0136989774182438,0.9534568459105288,6.580798630430942
mmlu-pro,,1.0,0.25,3,0.0137276938185095,0.9566199728874832,6.544343697978238
mmlu-pro,,1.0,0.25,4,0.0137252835556864,0.9521012200632626,6.552285391380393
mmlu-pro,,1.0,0.25,5,0.0137435384094715,0.9448712155445096,6.536461048622746
mmlu-pro,,1.0,0.25,6,0.0136953657492995,0.9453230908269318,6.586570723307499
mmlu-pro,,1.0,0.25,7,0.0137334736064076,0.9525530953456848,6.540298690912222
mmlu-pro,,1.0,0.25,8,0.0136880474165081,0.9426118391323997,6.585581383052569
mmlu-pro,,1.0,0.25,9,0.0137382391840219,0.9502937189335744,6.532518113408979
mmlu-pro,,1.0,0.25,10,0.0136861745268106,0.9534568459105288,6.59233799208543
mmlu-pro,,1.0,0.25,11,0.0137829920276999,0.9493899683687302,6.489317031809832
mmlu-pro,,1.0,0.25,12,0.0137284500524401,0.9521012200632626,6.544294671139498
mmlu-pro,,1.0,0.25,13,0.0137025071308016,0.946678716674198,6.576164858570113
mmlu-pro,,1.0,0.25,14,0.0137103889137506,0.946678716674198,6.563654335565932
mmlu-pro,,1.0,0.25,15,0.0137205086648464,0.9539087211929508,6.564766554448662
mmlu-pro,,1.0,0.25,16,0.0137180890887975,0.9539087211929508,6.55819737788981
mmlu-pro,,1.0,0.25,17,0.0136970020830631,0.9507455942159964,6.581371117990618
mmlu-pro,,1.0,0.25,18,0.0136875053867697,0.9525530953456848,6.585379376871736
mmlu-pro,,1.0,0.25,19,0.0137196639552712,0.9552643470402168,6.55980289312959
mmlu-pro,,1.0,0.25,20,0.0137318549677729,0.9579755987347492,6.546856939368374
mmlu-pro,,1.0,0.25,21,0.0136853903532028,0.948034342521464,6.591732007557799
mmlu-pro,,1.0,0.25,22,0.0137195102870464,0.9525530953456848,6.562697194978945
mmlu-pro,,1.0,0.25,23,0.0137006239965558,0.9516493447808404,6.5760035176344065
mmlu-pro,,1.0,0.25,24,0.0137399267405271,0.9579755987347492,6.539990751845874
mmlu-pro,,1.0,0.25,25,0.0137106236070394,0.9507455942159964,6.564533681791164
mmlu-pro,,1.0,0.25,26,0.0137062519788742,0.9521012200632626,6.5699312326666055
mmlu-pro,,1.0,0.25,27,0.0136999655514955,0.9426118391323997,6.567123227241544
mmlu-pro,,1.0,0.25,28,0.0136686749756336,0.9511974694984184,6.598795747369102
mmlu-pro,,1.0,0.25,29,0.0137118985876441,0.956168097605061,6.5598152021969405
mmlu-pro,,1.0,0.25,30,0.0137394946068525,0.948034342521464,6.534824142849519
mmlu-pro,,1.0,0.25,31,0.0137040894478559,0.9493899683687302,6.573185461321542
mmlu-pro,,1.0,0.25,32,0.013753212057054,0.9543605964753727,6.523642042234379
mmlu-pro,,1.0,0.25,33,0.013764931820333,0.9543605964753727,6.515088177055192
mmlu-pro,,1.0,0.25,34,0.0137382838875055,0.9516493447808404,6.5403219307898395
mmlu-pro,,1.0,0.25,35,0.0137387411668896,0.9421599638499776,6.546474353230441
mmlu-pro,,1.0,0.25,36,0.0137468259781599,0.9417080885675554,6.535115296765822
mmlu-pro,,1.0,0.25,37,0.0137088801711797,0.9484862178038862,6.569918236953565
mmlu-pro,,1.0,0.25,38,0.0137737216427922,0.94713059195662,6.505333678191508
mmlu-pro,,1.0,0.25,39,0.013749087229371,0.9525530953456848,6.528898556127613
mmlu-pro,,1.0,0.25,40,0.0136718060821294,0.946678716674198,6.601465502701238
mmlu-pro,,1.0,0.25,41,0.0136920977383852,0.9539087211929508,6.585005869274361
mmlu-pro,,1.0,0.25,42,0.0136938616633415,0.9484862178038862,6.579588313691099
mmlu-pro,,1.0,0.25,43,0.0137211075052618,0.9511974694984184,6.563553605602904
mmlu-pro,,1.0,0.25,44,0.0137377418577671,0.9539087211929508,6.540406679778176
mmlu-pro,,1.0,0.25,45,0.0136923622339963,0.9417080885675554,6.579220453434512
mmlu-pro,,1.0,0.25,46,0.0137155670672655,0.9516493447808404,6.559019184436394
mmlu-pro,,1.0,0.25,47,0.0137249222025275,0.9507455942159964,6.559182601540675
mmlu-pro,,1.0,0.25,48,0.013691559433937,0.9548124717577948,6.584522445804757
mmlu-pro,,1.0,0.25,49,0.0136891286820173,0.9516493447808404,6.593057595538535
mmlu-pro,,1.0,0.25,50,0.0136884544044733,0.9502937189335744,6.585851859057243
mmlu-pro,,1.0,0.25,51,0.0137202329933643,0.9521012200632626,6.564533645356035
mmlu-pro,,1.0,0.25,52,0.0137194702401757,0.9534568459105288,6.558773916633719
mmlu-pro,,1.0,0.25,53,0.013742147013545,0.9489380930863082,6.5358025227937055
mmlu-pro,,1.0,0.25,54,0.0136972088366746,0.9543605964753727,6.577671752152023
mmlu-pro,,1.0,0.25,55,0.0137163084000349,0.947582467239042,6.5597556067744724
mmlu-pro,,1.0,0.25,56,0.0137450657784938,0.9448712155445096,6.539038660137856
mmlu-pro,,1.0,0.25,57,0.013736798427999,0.9484862178038862,6.539453316808885
mmlu-pro,,1.0,0.25,58,0.0136958984658122,0.9489380930863082,6.5826076758343515
mmlu-pro,,1.0,0.25,59,0.0136996516957879,0.9511974694984184,6.571795592297602
mmlu-pro,,1.0,0.25,60,0.0137040130794048,0.9493899683687302,6.57198475631312
mmlu-pro,,1.0,0.25,61,0.0137264430522918,0.938093086308179,6.545884971010032
mmlu-pro,,1.0,0.25,62,0.0136935180053114,0.9507455942159964,6.578926275931587
mmlu-pro,,1.0,0.25,63,0.0137119181454181,0.9444193402620876,6.562474340622415
mmlu-pro,,1.0,0.25,64,0.0136970058083534,0.9484862178038862,6.578650825539295
mmlu-pro,,1.0,0.25,65,0.013725047931075,0.956168097605061,6.551693324808362
mmlu-pro,,1.0,0.25,66,0.0137159638106822,0.9502937189335744,6.554085941980042
mmlu-pro,,1.0,0.25,67,0.0137273520231246,0.955716222322639,6.555668389139823
mmlu-pro,,1.0,0.25,68,0.0137202916666865,0.9421599638499776,6.547806178488022
mmlu-pro,,1.0,0.25,69,0.0137176010757684,0.9439674649796655,6.55985195819344
mmlu-pro,,1.0,0.25,70,0.0136884041130542,0.9493899683687302,6.586449219496727
mmlu-pro,,1.0,0.25,71,0.0137315979227423,0.9489380930863082,6.542442242109685
mmlu-pro,,1.0,0.25,72,0.0137453777715563,0.9448712155445096,6.532161097207454
mmlu-pro,,1.0,0.25,73,0.0137103553861379,0.947582467239042,6.56584459280926
mmlu-pro,,1.0,0.25,74,0.0137177212163805,0.9530049706281066,6.555184848579924
mmlu-pro,,1.0,0.25,75,0.013705133460462,0.9489380930863082,6.570596750883484
mmlu-pro,,1.0,0.25,76,0.0137761319056153,0.9530049706281066,6.49531573747955
mmlu-pro,,1.0,0.25,77,0.0137527342885732,0.9543605964753727,6.525430709409135
mmlu-pro,,1.0,0.25,78,0.0137036284431815,0.9493899683687302,6.571895121534173
mmlu-pro,,1.0,0.25,79,0.013729098252952,0.9439674649796655,6.545974435565067
mmlu-pro,,1.0,0.25,80,0.0137065183371305,0.9502937189335744,6.564532946883667
mmlu-pro,,1.0,0.25,81,0.0137631176039576,0.94713059195662,6.5139773583617595
mmlu-pro,,1.0,0.25,82,0.0137605993077158,0.9435155896972436,6.515820001366509
mmlu-pro,,1.0,0.25,83,0.0137186022475361,0.948034342521464,6.562962147404713
mmlu-pro,,1.0,0.25,84,0.0137137770652771,0.9412562132851332,6.557301734766622
mmlu-pro,,1.0,0.25,85,0.0137033518403768,0.9548124717577948,6.575062757294216
mmlu-pro,,1.0,0.25,86,0.0137539710849523,0.9516493447808404,6.523225026264363
mmlu-pro,,1.0,0.25,87,0.0137031385675072,0.955716222322639,6.570075034940819
mmlu-pro,,1.0,0.25,88,0.0136834718286991,0.9507455942159964,6.5933987982861355
mmlu-pro,,1.0,0.25,89,0.0137209575623273,0.9502937189335744,6.5521345841929115
mmlu-pro,,1.0,0.25,90,0.0137151191011071,0.9439674649796655,6.559177744086833
mmlu-pro,,1.0,0.25,91,0.0137125868350267,0.9539087211929508,6.5640307997673135
mmlu-pro,,1.0,0.25,92,0.0137526672333478,0.9444193402620876,6.518120152411386
mmlu-pro,,1.0,0.25,93,0.0137363662943243,0.947582467239042,6.54021154936622
mmlu-pro,,1.0,0.25,94,0.0136948814615607,0.9426118391323997,6.575319895780591
mmlu-pro,,1.0,0.25,95,0.013723443262279,0.9539087211929508,6.549962719302366
mmlu-pro,,1.0,0.25,96,0.0136607838794589,0.9498418436511524,6.608084167931964
mmlu-pro,,1.0,0.25,97,0.0137231340631842,0.9548124717577948,6.55088318072686
mmlu-pro,,1.0,0.25,98,0.0137014864012599,0.955716222322639,6.5699325677629625
mmlu-pro,,1.0,0.25,99,0.0138142397627234,0.945774966109354,6.475334309577056
